,current_soil_moisture,temperature,humidity,rain,salinity,ph,irrigation_amount,next_smoist_0
0,22.9,26.67599868774414,89.0,0.0,5.6,7.3,14.632313747233178,33.142619623063226
1,33.7,26.67599868774414,89.0,0.0,4.3,7.3,29.607112846722963,54.42497899270607
2,22.6,26.67599868774414,89.0,0.0,5.8,8.0,29.935214239386756,43.554649967570725
3,27.3,26.67599868774414,89.0,0.0,6.1,6.1,28.133053583071703,46.99313750815019
4,16.4,26.67599868774414,89.0,0.0,6.6,6.9,6.496473181506569,20.947531227054597
5,15.8,26.67599868774414,89.0,0.0,4.1,6.9,28.87688138440427,36.01381696908299
6,21.3,26.67599868774414,89.0,0.0,2.5,6.7,23.545454441257466,37.78181810888023
7,25.1,26.67599868774414,89.0,0.0,2.5,6.3,24.025807690073727,41.91806538305161
8,16.3,26.67599868774414,89.0,0.0,6.2,6.6,18.40742293701468,29.185196055910275
9,32.4,26.67599868774414,89.0,0.0,5.4,7.9,16.565690143992164,43.99598310079451
10,33.6,26.67599868774414,89.0,0.0,6.3,6.5,20.451503915396536,47.91605274077757
11,39.4,26.67599868774414,89.0,0.0,3.1,6.2,14.149001270990755,49.30430088969353
12,26.2,26.67599868774414,89.0,0.0,7.0,7.4,16.99492339090893,38.09644637363625
13,33.9,26.67599868774414,89.0,0.0,5.1,8.1,27.739109336508093,53.31737653555567
14,30.4,26.67599868774414,89.0,0.0,3.9,8.1,10.031979126347569,37.422385388443296
15,20.6,26.67599868774414,89.0,0.0,3.7,7.9,13.46973280772429,30.028812965407006
16,19.5,26.67599868774414,89.0,0.0,7.0,7.0,20.09956740825825,33.569697185780775
17,30.6,26.67599868774414,89.0,0.0,6.3,7.7,20.17719966887313,44.72403976821119
18,37.5,26.67599868774414,89.0,0.0,6.1,8.2,24.073567353607768,54.351497147525436
19,39.3,26.67599868774414,89.0,0.0,4.3,6.7,15.831863019641979,50.382304113749385
20,33.5,26.67599868774414,89.0,0.0,2.2,6.1,27.608822997949336,52.82617609856453
21,19.3,26.67599868774414,89.0,0.0,6.5,7.1,5.926102978080229,23.44827208465616
22,23.2,26.67599868774414,89.0,0.0,5.2,7.4,5.863926277116509,27.304748393981555
23,26.2,26.67599868774414,89.0,0.0,2.7,8.3,15.449512497167895,37.014658748017524
24,26.7,26.67599868774414,89.0,0.0,3.4,7.3,25.529130085222246,44.57039105965557
25,31.4,26.67599868774414,89.0,0.0,2.8,6.4,11.321172644710224,39.324820851297154
26,19.1,26.67599868774414,89.0,0.0,2.5,7.1,29.227554375670913,39.55928806296964
27,16.8,26.67599868774414,89.0,0.0,2.8,7.3,12.43397901783211,25.503785312482478
28,27.6,26.67599868774414,89.0,0.0,7.9,8.4,13.37496099389487,36.96247269572641
29,34.7,26.67599868774414,89.0,0.0,6.7,6.1,7.70354452144439,40.09248116501107
30,21.9,26.67599868774414,89.0,0.0,5.9,6.7,12.788034865303313,30.851624405712315
31,31.8,26.67599868774414,89.0,0.0,5.6,8.3,6.720587954113265,36.50441156787929
32,18.1,26.67599868774414,89.0,0.0,2.9,6.8,17.188039784167145,30.131627848917002
33,39.1,26.67599868774414,89.0,0.0,3.7,7.6,27.14723434225184,58.10306403957629
34,26.7,26.67599868774414,89.0,0.0,3.6,7.2,23.628447320943625,43.23991312466053
35,16.9,26.67599868774414,89.0,0.0,5.0,8.0,19.816033962848913,30.771223773994237
36,33.8,26.67599868774414,89.0,0.0,6.3,7.0,7.697111594234472,39.18797811596413
37,20.7,26.67599868774414,89.0,0.0,3.4,6.7,6.285570396903765,25.099899277832634
38,21.2,26.67599868774414,89.0,0.0,6.4,7.9,21.389866068600035,36.17290624802003
39,38.9,26.67599868774414,89.0,0.0,5.5,6.5,7.691666704005039,44.284166692803524
40,30.3,26.67599868774414,89.0,0.0,2.2,7.2,20.892105483351937,44.92447383834636
41,24.2,26.67599868774414,89.0,0.0,7.7,8.5,27.41813495558892,43.39269446891224
42,38.9,26.67599868774414,89.0,0.0,4.2,8.4,10.148639015765404,46.004047311035784
43,15.4,26.67599868774414,89.0,0.0,7.4,6.8,6.0041357913602855,19.6028950539522
44,27.6,26.67599868774414,89.0,0.0,3.2,8.1,13.522642884519321,37.06585001916353
45,38.8,26.67599868774414,89.0,0.0,7.1,6.9,5.693664817035969,42.78556537192517
46,34.5,26.67599868774414,89.0,0.0,7.1,8.0,25.39242900313343,52.274700302193395
47,18.8,26.67599868774414,89.0,0.0,3.2,7.9,25.222991315473855,36.4560939208317
48,30.1,26.67599868774414,89.0,0.0,7.9,7.5,26.483490862547033,48.638443603782925
49,21.5,26.67599868774414,89.0,0.0,2.8,8.3,19.04862918811245,34.834040431678716
50,20.6,26.67599868774414,89.0,0.0,4.7,8.0,7.97119046200818,26.179833323405727
51,18.5,26.67599868774414,89.0,0.0,7.1,6.4,20.05468753616996,32.53828127531897
52,26.2,26.67599868774414,89.0,0.0,6.6,6.9,5.052201716741895,29.736541201719326
53,38.0,26.67599868774414,89.0,0.0,5.1,7.0,9.878482446298774,44.91493771240914
54,32.1,26.67599868774414,89.0,0.0,7.6,8.5,8.08260543415507,37.75782380390855
55,17.3,26.67599868774414,89.0,0.0,4.7,7.1,7.22041984832104,22.354293893824728
56,34.1,26.67599868774414,89.0,0.0,3.2,6.2,11.756440737534156,42.32950851627391
57,22.9,26.67599868774414,89.0,0.0,4.7,7.2,24.407201620363697,39.98504113425459
58,31.3,26.67599868774414,89.0,0.0,2.2,7.9,15.650549625919673,42.255384738143775
59,23.7,26.67599868774414,89.0,0.0,7.9,7.9,23.33005608188973,40.03103925732281
60,25.6,26.525999069213867,90.0,0.0,4.1,6.7,20.32612095653383,39.828284669573684
61,21.3,26.525999069213867,90.0,0.0,4.1,6.9,17.567794909526867,33.59745643666881
62,19.1,26.525999069213867,90.0,0.0,5.7,7.9,28.78597420508187,39.25018194355731
63,34.3,26.525999069213867,90.0,0.0,7.6,8.4,12.320172294903005,42.9241206064321
64,35.6,26.525999069213867,90.0,0.0,3.3,8.3,7.126557074534096,40.58858995217387
65,18.2,26.525999069213867,90.0,0.0,5.3,7.3,15.481721484847037,29.037205039392923
66,32.6,26.525999069213867,90.0,0.0,6.2,8.2,20.16864833393474,46.71805383375432
67,32.0,26.525999069213867,90.0,0.0,7.3,8.0,8.968678510704102,38.27807495749287
68,28.3,26.525999069213867,90.0,0.0,2.7,6.5,24.46170659214094,45.423194614498655
69,20.2,26.525999069213867,90.0,0.0,3.4,6.4,28.13433435026312,39.894034045184185
70,28.1,26.525999069213867,90.0,0.0,6.0,8.4,8.722923325066919,34.206046327546844
71,29.0,26.525999069213867,90.0,0.0,3.5,7.0,9.59854278317394,35.71897994822176
72,17.7,26.525999069213867,90.0,0.0,7.9,7.4,17.043321729572114,29.630325210700477
73,26.1,26.525999069213867,90.0,0.0,5.9,7.1,5.617801673145571,30.032461171201902
74,26.8,26.525999069213867,90.0,0.0,7.6,7.1,17.684833987452823,39.17938379121698
75,34.2,26.525999069213867,90.0,0.0,3.2,6.6,23.58313173665089,50.70819221565563
76,26.5,26.525999069213867,90.0,0.0,5.6,6.6,5.563940008328512,30.394758005829956
77,22.6,26.525999069213867,90.0,0.0,7.7,8.2,24.870537735978548,40.00937641518499
78,17.1,26.525999069213867,90.0,0.0,2.8,6.6,22.950189334232178,33.16513253396252
79,39.1,26.525999069213867,90.0,0.0,7.6,7.6,22.566955164134086,54.89686861489386
80,24.7,26.525999069213867,90.0,0.0,4.1,8.2,6.893917623720981,29.525742336604686
81,22.1,26.525999069213867,90.0,0.0,4.6,7.9,22.77251219860786,38.040758539025504
82,32.7,26.525999069213867,90.0,0.0,4.5,7.7,17.034434470547357,44.624104129383156
83,23.7,26.525999069213867,90.0,0.0,2.1,7.6,19.047968365540687,37.03357785587848
84,17.6,26.525999069213867,90.0,0.0,6.5,7.9,14.627994093233786,27.839595865263654
85,24.0,26.525999069213867,90.0,0.0,7.4,7.1,11.620680361836085,32.13447625328526
86,23.0,26.525999069213867,90.0,0.0,2.3,6.0,25.816642000194133,41.0716494001359
87,15.0,26.525999069213867,90.0,0.0,6.0,6.3,5.289413489081014,18.70258944235671
88,37.5,26.525999069213867,90.0,0.0,6.5,8.1,20.157343799920135,51.61014065994409
89,16.9,26.525999069213867,90.0,0.0,2.8,6.0,29.701449649200754,37.69101475444052
90,31.9,26.525999069213867,90.0,0.0,3.8,8.4,29.68505888614381,52.67954122030066
91,19.6,26.525999069213867,90.0,0.0,2.7,7.6,6.5472785633384225,24.183094994336898
92,18.2,26.525999069213867,90.0,0.0,6.0,8.2,29.470372969216182,38.829261078451324
93,21.3,26.525999069213867,90.0,0.0,3.5,7.0,12.849035745313493,30.294325021719445
94,26.4,26.525999069213867,90.0,0.0,2.9,8.3,10.636974146359218,33.84588190245145
95,39.6,26.525999069213867,90.0,0.0,5.3,7.3,27.159034394682216,58.611324076277555
96,35.2,26.525999069213867,90.0,0.0,2.7,7.5,21.792184223055255,50.45452895613868
97,23.7,26.525999069213867,90.0,0.0,2.5,6.3,12.23252591487347,32.262768140411424
98,32.7,26.525999069213867,90.0,0.0,5.6,6.6,6.231762747717386,37.062233923402175
99,33.2,26.525999069213867,90.0,0.0,6.3,6.8,19.54194495491683,46.879361468441786
100,25.0,26.525999069213867,90.0,0.0,2.9,7.5,23.853047004475158,41.69713290313261
101,39.6,26.525999069213867,90.0,0.0,6.1,7.0,6.185904631399168,43.93013324197942
102,32.3,26.525999069213867,90.0,0.0,4.7,6.6,24.69513390260788,49.58659373182551
103,26.4,26.525999069213867,90.0,0.0,5.7,6.5,16.144958220964106,37.70147075467487
104,28.9,26.525999069213867,90.0,0.0,2.8,8.4,23.251439865555223,45.17600790588865
105,39.6,26.525999069213867,90.0,0.0,5.1,8.3,22.605566063410325,55.42389624438723
106,16.6,26.525999069213867,90.0,0.0,7.6,8.4,9.400678465320826,23.18047492572458
107,26.1,26.525999069213867,90.0,0.0,5.5,7.8,19.998742190966393,40.09911953367647
108,32.9,26.525999069213867,90.0,0.0,5.0,6.0,18.4390753058926,45.80735271412482
109,22.2,26.525999069213867,90.0,0.0,4.2,7.6,17.714810350506497,34.60036724535455
110,26.2,26.525999069213867,90.0,0.0,4.5,7.6,22.810451675005968,42.16731617250417
111,30.8,26.525999069213867,90.0,0.0,2.7,8.0,22.096439020442762,46.26750731430993
112,23.3,26.525999069213867,90.0,0.0,2.8,8.3,15.801056557995144,34.3607395905966
113,36.8,26.525999069213867,90.0,0.0,7.4,6.6,19.20885862228925,50.24620103560247
114,28.1,26.525999069213867,90.0,0.0,2.7,7.3,27.455276722722544,47.31869370590578
115,20.6,26.525999069213867,90.0,0.0,7.7,6.7,15.04161190599955,31.129128334199685
116,31.0,26.525999069213867,90.0,0.0,4.3,6.6,11.373360591741847,38.96135241421929
117,22.4,26.525999069213867,90.0,0.0,6.1,6.5,9.807921940474122,29.265545358331885
118,26.4,26.525999069213867,90.0,0.0,3.6,6.4,16.105574160411486,37.67390191228804
119,32.3,26.525999069213867,90.0,0.0,4.2,8.2,17.505711291413917,44.55399790398974
120,18.5,26.47599983215332,90.0,0.0,2.6,6.9,6.93977493892131,23.357842457244917
121,31.6,26.47599983215332,90.0,0.0,3.9,6.7,17.8276018396574,44.07932128776018
122,33.1,26.47599983215332,90.0,0.0,5.9,7.8,24.276757174301057,50.09373002201074
123,26.1,26.47599983215332,90.0,0.0,3.2,8.0,27.68036830749171,45.476257815244196
124,39.0,26.47599983215332,90.0,0.0,6.5,8.1,16.568250426334256,50.59777529843398
125,19.0,26.47599983215332,90.0,0.0,7.3,7.3,13.740500380110012,28.61835026607701
126,27.7,26.47599983215332,90.0,0.0,7.3,7.1,14.250812429813788,37.67556870086965
127,23.4,26.47599983215332,90.0,0.0,5.0,7.6,12.436525974809275,32.10556818236649
128,25.2,26.47599983215332,90.0,0.0,2.7,7.7,10.810176306893862,32.767123414825704
129,27.8,26.47599983215332,90.0,0.0,2.0,7.3,10.229712906385679,34.96079903446997
130,38.4,26.47599983215332,90.0,0.0,7.8,8.2,16.366916832672548,49.85684178287078
131,16.8,26.47599983215332,90.0,0.0,2.4,6.4,21.749544544441687,32.02468118110918
132,23.1,26.47599983215332,90.0,0.0,2.1,7.4,9.768531097058363,29.937971767940855
133,19.0,26.47599983215332,90.0,0.0,5.4,6.8,29.7619961389759,39.83339729728313
134,19.0,26.47599983215332,90.0,0.0,5.2,6.7,27.964565748536806,38.575196023975764
135,17.6,26.47599983215332,90.0,0.0,3.7,6.5,17.929635100315345,30.15074457022074
136,31.9,26.47599983215332,90.0,0.0,7.1,7.8,11.440389583107336,39.90827270817513
137,28.7,26.47599983215332,90.0,0.0,4.9,6.5,18.251358993567198,41.47595129549704
138,40.0,26.47599983215332,90.0,0.0,5.1,7.6,24.513144120261984,57.15920088418339
139,37.4,26.47599983215332,90.0,0.0,6.4,7.9,6.119949040101534,41.68396432807107
140,17.8,26.47599983215332,90.0,0.0,6.9,7.0,29.134192179790016,38.19393452585301
141,29.1,26.47599983215332,90.0,0.0,6.9,7.6,26.191245059299824,47.43387154150987
142,39.7,26.47599983215332,90.0,0.0,6.3,6.8,25.342947053230866,57.44006293726161
143,38.3,26.47599983215332,90.0,0.0,3.2,6.7,26.973531950250795,57.18147236517555
144,33.6,26.47599983215332,90.0,0.0,6.9,7.3,27.344607971469465,52.741225580028626
145,36.4,26.47599983215332,90.0,0.0,2.3,6.9,16.058682235252224,47.64107756467656
146,16.8,26.47599983215332,90.0,0.0,4.1,7.9,5.646477469955589,20.752534228968912
147,36.9,26.47599983215332,90.0,0.0,3.1,6.7,22.64163216299518,52.749142514096626
148,27.2,26.47599983215332,90.0,0.0,7.7,6.6,25.345829685294145,44.942080779705904
149,17.6,26.47599983215332,90.0,0.0,6.0,7.2,11.89026960967031,25.92318872676922
150,31.2,26.47599983215332,90.0,0.0,5.8,6.2,27.2461087515758,50.27227612610306
151,19.2,26.47599983215332,90.0,0.0,6.5,7.6,6.892024315000112,24.024417020500078
152,20.0,26.47599983215332,90.0,0.0,2.0,7.2,10.71426627223301,27.499986390563105
153,28.9,26.47599983215332,90.0,0.0,4.0,8.2,28.38070119026647,48.76649083318652
154,31.5,26.47599983215332,90.0,0.0,7.1,6.2,19.9996214927799,45.49973504494593
155,29.6,26.47599983215332,90.0,0.0,7.3,8.2,11.583645740755145,37.7085520185286
156,24.8,26.47599983215332,90.0,0.0,5.4,6.5,13.028292932424346,33.91980505269704
157,35.2,26.47599983215332,90.0,0.0,2.9,8.4,29.858728785115133,56.10111014958059
158,38.2,26.47599983215332,90.0,0.0,3.3,7.9,27.946781663051112,57.76274716413578
159,36.1,26.47599983215332,90.0,0.0,3.8,7.7,19.202463638449842,49.54172454691489
160,24.4,26.47599983215332,90.0,0.0,6.1,7.7,9.249378229030329,30.874564760321228
161,35.9,26.47599983215332,90.0,0.0,6.7,8.4,5.074755658493755,39.45232896094563
162,18.0,26.47599983215332,90.0,0.0,6.6,7.9,16.910416880805105,29.83729181656357
163,22.1,26.47599983215332,90.0,0.0,5.5,7.6,19.568673884917793,35.798071719442454
164,34.9,26.47599983215332,90.0,0.0,5.7,8.3,29.950513230368404,55.86535926125788
165,30.9,26.47599983215332,90.0,0.0,7.1,6.9,18.31639398421035,43.721475788947245
166,16.9,26.47599983215332,90.0,0.0,3.8,6.9,23.540747683574455,33.378523378502116
167,24.4,26.47599983215332,90.0,0.0,2.2,6.3,29.921105346394086,45.34477374247586
168,18.0,26.47599983215332,90.0,0.0,2.7,7.2,20.255270282335665,32.17868919763497
169,26.9,26.47599983215332,90.0,0.0,5.2,6.6,24.15466056061813,43.80826239243269
170,20.6,26.47599983215332,90.0,0.0,6.6,8.4,18.409029813315968,33.486320869321176
171,27.0,26.47599983215332,90.0,0.0,2.3,8.0,13.407477813229299,36.38523446926051
172,30.2,26.47599983215332,90.0,0.0,3.1,8.4,15.982371496062118,41.38766004724348
173,26.4,26.47599983215332,90.0,0.0,4.6,8.3,6.089988797787858,30.662992158451498
174,17.9,26.47599983215332,90.0,0.0,6.2,8.1,16.82267438911085,29.675872072377594
175,31.7,26.47599983215332,90.0,0.0,6.0,7.8,7.792611844244003,37.1548282909708
176,23.7,26.47599983215332,90.0,0.0,3.0,7.5,18.116789125668497,36.38175238796795
177,21.3,26.47599983215332,90.0,0.0,5.5,8.4,13.750104576666931,30.92507320366685
178,25.8,26.47599983215332,90.0,0.0,6.5,6.8,28.51931595461099,45.76352116822769
179,15.2,26.47599983215332,90.0,0.0,4.5,8.1,28.678140315476984,35.27469822083388
180,35.9,26.525999069213867,90.0,0.0,7.7,6.1,12.5030933187299,44.65216532311093
181,34.8,26.525999069213867,90.0,0.0,4.2,6.6,19.016988897967636,48.11189222857734
182,31.8,26.525999069213867,90.0,0.0,7.2,7.7,8.24654369242688,37.57258058469881
183,28.3,26.525999069213867,90.0,0.0,4.8,6.7,5.18015348287701,31.926107438013908
184,35.4,26.525999069213867,90.0,0.0,4.3,6.2,13.265604890965772,44.68592342367604
185,16.5,26.525999069213867,90.0,0.0,2.0,6.2,8.810663472613673,22.66746443082957
186,16.6,26.525999069213867,90.0,0.0,3.0,6.7,7.435470641136211,21.80482944879535
187,18.8,26.525999069213867,90.0,0.0,3.6,7.6,29.34134971180618,39.33894479826432
188,29.7,26.525999069213867,90.0,0.0,3.2,6.9,19.676809024399706,43.47376631707979
189,34.6,26.525999069213867,90.0,0.0,2.3,8.4,20.50041496511343,48.9502904755794
190,35.0,26.525999069213867,90.0,0.0,5.1,6.6,22.518667369794734,50.763067158856316
191,16.6,26.525999069213867,90.0,0.0,6.8,8.2,15.346568065180067,27.34259764562605
192,21.2,26.525999069213867,90.0,0.0,7.8,6.3,11.357392014218968,29.150174409953276
193,22.9,26.525999069213867,90.0,0.0,2.9,7.7,17.07321056789594,34.85124739752716
194,15.5,26.525999069213867,90.0,0.0,5.8,7.9,25.116536541633938,33.08157557914376
195,27.8,26.525999069213867,90.0,0.0,3.6,8.4,16.637377612770816,39.446164328939574
196,25.7,26.525999069213867,90.0,0.0,6.7,8.1,18.859773480937335,38.901841436656134
197,23.5,26.525999069213867,90.0,0.0,2.5,7.7,22.3848209119077,39.169374638335384
198,34.4,26.525999069213867,90.0,0.0,7.3,8.2,17.81793728719245,46.87255610103471
199,33.6,26.525999069213867,90.0,0.0,4.4,7.4,28.64675678202114,53.652729747414796
200,33.5,26.525999069213867,90.0,0.0,6.5,6.1,20.4190089920667,47.79330629444669
201,29.4,26.525999069213867,90.0,0.0,6.9,6.0,17.435938268496432,41.6051567879475
202,24.3,26.525999069213867,90.0,0.0,2.0,6.0,14.962924844008448,34.77404739080591
203,24.2,26.525999069213867,90.0,0.0,2.8,7.3,25.97110823967085,42.379775767769594
204,35.0,26.525999069213867,90.0,0.0,4.3,6.9,28.524302520389966,54.967011764272975
205,36.3,26.525999069213867,90.0,0.0,5.0,6.7,12.154637313701652,44.80824611959115
206,33.6,26.525999069213867,90.0,0.0,4.4,7.7,9.757425861826972,40.43019810327888
207,21.9,26.525999069213867,90.0,0.0,3.1,6.8,10.298351114366199,29.10884578005634
208,26.2,26.525999069213867,90.0,0.0,6.0,7.5,18.894445861552345,39.42611210308664
209,19.5,26.525999069213867,90.0,0.0,4.9,6.2,6.150393967884083,23.805275777518858
210,39.0,26.525999069213867,90.0,0.0,4.3,7.5,17.755511440517616,51.428858008362326
211,38.6,26.525999069213867,90.0,0.0,7.9,6.5,27.812402982910317,58.06868208803722
212,15.0,26.525999069213867,90.0,0.0,4.5,6.7,6.174929138030331,19.32245039662123
213,38.2,26.525999069213867,90.0,0.0,7.7,6.5,10.733452618126751,45.71341683268873
214,37.9,26.525999069213867,90.0,0.0,4.4,6.2,9.117241022705064,44.282068715893544
215,26.5,26.525999069213867,90.0,0.0,2.7,6.4,18.348881154834196,39.34421680838393
216,18.8,26.525999069213867,90.0,0.0,4.1,7.0,27.488117377256362,38.041682164079454
217,25.7,26.525999069213867,90.0,0.0,5.9,6.6,12.55355300093639,34.48748710065547
218,26.6,26.525999069213867,90.0,0.0,6.3,6.4,14.01068127285419,36.407476890997934
219,34.5,26.525999069213867,90.0,0.0,6.9,7.5,14.360364364669907,44.55225505526894
220,31.7,26.525999069213867,90.0,0.0,6.0,8.0,5.965044633146409,35.87553124320249
221,33.0,26.525999069213867,90.0,0.0,6.9,6.4,26.32366235448274,51.426563648137915
222,32.3,26.525999069213867,90.0,0.0,7.0,7.9,29.501689743848253,52.951182820693774
223,18.4,26.525999069213867,90.0,0.0,6.7,6.4,7.9395864396202676,23.957710507734184
224,37.5,26.525999069213867,90.0,0.0,2.2,7.0,11.577271661646893,45.604090163152826
225,37.3,26.525999069213867,90.0,0.0,6.1,7.2,20.395355231668276,51.57674866216779
226,34.1,26.525999069213867,90.0,0.0,4.8,7.1,12.614588742347111,42.93021211964298
227,16.3,26.525999069213867,90.0,0.0,6.1,6.5,8.614081929638651,22.329857350747055
228,23.4,26.525999069213867,90.0,0.0,3.7,8.0,9.38455754783968,29.969190283487777
229,32.6,26.525999069213867,90.0,0.0,2.2,8.5,15.724351473241484,43.607046031269036
230,18.2,26.525999069213867,90.0,0.0,6.1,6.5,16.945474865736152,30.061832406015306
231,28.3,26.525999069213867,90.0,0.0,5.8,8.3,26.3610167093797,46.75271169656579
232,29.8,26.525999069213867,90.0,0.0,7.4,7.5,6.284444365005188,34.199111055503636
233,26.2,26.525999069213867,90.0,0.0,5.1,7.7,14.720424868598284,36.5042974080188
234,36.5,26.525999069213867,90.0,0.0,4.9,6.1,24.335016552442166,53.53451158670951
235,21.9,26.525999069213867,90.0,0.0,4.4,7.4,22.545873655127863,37.682111558589504
236,29.6,26.525999069213867,90.0,0.0,2.3,6.8,23.915376322429665,46.34076342570077
237,31.8,26.525999069213867,90.0,0.0,6.9,7.6,24.159898276230503,48.71192879336135
238,33.7,26.525999069213867,90.0,0.0,5.8,6.5,26.95891966856746,52.571243767997224
239,30.0,26.525999069213867,90.0,0.0,3.8,7.2,15.126827353421087,40.58877914739476
240,38.2,26.47599983215332,91.0,0.0,4.8,7.8,15.165618777908108,48.81593314453568
241,36.9,26.47599983215332,91.0,0.0,6.5,6.6,25.93357346868065,55.05350142807645
242,39.1,26.47599983215332,91.0,0.0,3.6,6.3,15.225281133117225,49.757696793182056
243,38.5,26.47599983215332,91.0,0.0,6.6,7.6,15.3381083056301,49.23667581394107
244,34.7,26.47599983215332,91.0,0.0,7.1,7.1,25.035015979816873,52.22451118587181
245,24.6,26.47599983215332,91.0,0.0,3.6,8.3,23.552110457585304,41.08647732030971
246,18.9,26.47599983215332,91.0,0.0,2.9,6.8,29.00453159222781,39.203172114559464
247,17.1,26.47599983215332,91.0,0.0,7.3,7.0,10.489555187979825,24.442688631585877
248,19.2,26.47599983215332,91.0,0.0,5.0,6.8,6.606071014944252,23.824249710460975
249,20.3,26.47599983215332,91.0,0.0,2.1,8.1,5.905577109864816,24.43390397690537
250,23.7,26.47599983215332,91.0,0.0,6.3,6.8,15.031057576092278,34.221740303264596
251,39.3,26.47599983215332,91.0,0.0,7.9,8.2,6.837593499146816,44.08631544940277
252,37.3,26.47599983215332,91.0,0.0,5.3,6.2,18.772518796667402,50.44076315766718
253,18.0,26.47599983215332,91.0,0.0,3.0,7.3,27.14867629284433,37.00407340499103
254,25.6,26.47599983215332,91.0,0.0,5.5,7.0,23.206775018508193,41.84474251295573
255,28.3,26.47599983215332,91.0,0.0,6.2,7.0,29.888155419624272,49.221708793736994
256,31.2,26.47599983215332,91.0,0.0,5.8,6.7,12.034674431111913,39.62427210177834
257,24.5,26.47599983215332,91.0,0.0,3.7,6.6,26.39835635369175,42.978849447584224
258,26.4,26.47599983215332,91.0,0.0,2.4,6.9,6.046272339533585,30.63239063767351
259,15.3,26.47599983215332,91.0,0.0,2.3,7.3,24.391229371603288,32.373860560122296
260,31.9,26.47599983215332,91.0,0.0,2.0,7.7,24.66465097549643,49.1652556828475
261,15.3,26.47599983215332,91.0,0.0,4.8,8.2,27.00458335242132,34.20320834669492
262,38.2,26.47599983215332,91.0,0.0,6.5,7.8,25.63408279765479,56.14385795835835
263,15.2,26.47599983215332,91.0,0.0,5.4,8.1,10.410379753841152,22.487265827688805
264,18.1,26.47599983215332,91.0,0.0,7.9,8.3,14.553426909240132,28.287398836468093
265,30.2,26.47599983215332,91.0,0.0,5.5,6.7,14.554469567250113,40.388128697075075
266,24.9,26.47599983215332,91.0,0.0,3.7,7.6,6.3705747591999105,29.359402331439934
267,17.2,26.47599983215332,91.0,0.0,5.7,7.1,6.649425973745997,21.854598181622197
268,28.9,26.47599983215332,91.0,0.0,6.8,6.8,20.154542453365774,43.00817971735604
269,19.8,26.47599983215332,91.0,0.0,4.3,8.0,17.13623247355514,31.7953627314886
270,18.5,26.47599983215332,91.0,0.0,7.8,6.4,29.477877234128336,39.13451406388984
271,30.5,26.47599983215332,91.0,0.0,7.6,6.5,6.902298068913389,35.331608648239374
272,21.9,26.47599983215332,91.0,0.0,2.0,7.4,25.959334346301098,40.07153404241076
273,22.0,26.47599983215332,91.0,0.0,4.2,6.1,17.357500052649428,34.1502500368546
274,21.8,26.47599983215332,91.0,0.0,6.8,7.7,15.124073615563312,32.38685153089432
275,32.2,26.47599983215332,91.0,0.0,2.8,6.3,28.484076390332447,52.138853473232714
276,26.8,26.47599983215332,91.0,0.0,7.2,7.6,12.393159057591813,35.47521134031427
277,19.0,26.47599983215332,91.0,0.0,3.9,8.1,11.064065315946987,26.74484572116289
278,27.4,26.47599983215332,91.0,0.0,5.0,7.9,13.843555556190738,37.090488889333514
279,36.1,26.47599983215332,91.0,0.0,6.2,7.3,20.314810389072637,50.32036727235085
280,25.6,26.47599983215332,91.0,0.0,3.1,6.5,8.39535984858528,31.476751894009695
281,37.6,26.47599983215332,91.0,0.0,4.5,7.9,27.368077620353212,56.75765433424725
282,29.1,26.47599983215332,91.0,0.0,2.1,6.3,5.005873534953088,32.60411147446716
283,38.3,26.47599983215332,91.0,0.0,3.0,7.9,7.283436504270487,43.39840555298934
284,26.3,26.47599983215332,91.0,0.0,5.7,7.1,25.107380589107184,43.87516641237502
285,19.4,26.47599983215332,91.0,0.0,6.8,7.4,11.957908573845126,27.770536001691585
286,25.7,26.47599983215332,91.0,0.0,2.8,7.7,14.399627216906802,35.77973905183476
287,21.7,26.47599983215332,91.0,0.0,6.1,7.4,21.7027785628759,36.89194499401313
288,16.6,26.47599983215332,91.0,0.0,6.4,6.9,20.714913963129412,31.10043977419059
289,21.2,26.47599983215332,91.0,0.0,4.5,8.1,18.26435142979735,33.98504600085815
290,27.5,26.47599983215332,91.0,0.0,5.8,8.1,14.387707825643373,37.57139547795036
291,24.6,26.47599983215332,91.0,0.0,4.9,8.4,15.453547477240985,35.41748323406869
292,31.3,26.47599983215332,91.0,0.0,6.3,6.1,18.945333982871794,44.56173378801026
293,29.1,26.47599983215332,91.0,0.0,5.0,7.2,23.526044328928666,45.56823103025007
294,19.2,26.47599983215332,91.0,0.0,3.6,7.1,21.643526297458592,34.35046840822101
295,39.3,26.47599983215332,91.0,0.0,4.8,8.0,7.1279045093986175,44.289533156579026
296,28.2,26.47599983215332,91.0,0.0,2.2,7.2,10.622038120165065,35.635426684115544
297,15.4,26.47599983215332,91.0,0.0,2.2,7.1,6.635444730664162,20.044811311464912
298,26.7,26.47599983215332,91.0,0.0,7.5,7.5,21.558053554244132,41.79063748797089
299,34.1,26.47599983215332,91.0,0.0,6.4,8.1,14.553053292628016,44.28713730483961
300,37.4,26.42599868774414,92.0,0.0,6.3,6.2,6.521735552753054,41.965214886927136
301,34.8,26.42599868774414,92.0,0.0,4.1,7.7,8.869947212790084,41.008963048953056
302,19.5,26.42599868774414,92.0,0.0,5.5,8.1,12.115431869639144,27.9808023087474
303,35.0,26.42599868774414,92.0,0.0,2.5,7.0,6.837077314390855,39.7859541200736
304,33.6,26.42599868774414,92.0,0.0,3.4,6.2,9.420556627787725,40.19438963945141
305,29.8,26.42599868774414,92.0,0.0,4.9,7.6,24.931614120533887,47.252129884373716
306,38.0,26.42599868774414,92.0,0.0,7.8,7.7,13.73597467152542,47.61518227006779
307,28.8,26.42599868774414,92.0,0.0,3.8,8.0,7.616968303011788,34.13187781210825
308,17.0,26.42599868774414,92.0,0.0,5.9,7.3,16.363160667701298,28.45421246739091
309,18.8,26.42599868774414,92.0,0.0,6.1,6.2,8.229450295329862,24.560615206730905
310,19.6,26.42599868774414,92.0,0.0,7.3,7.6,18.357484513299617,32.45023915930973
311,32.4,26.42599868774414,92.0,0.0,4.6,8.3,6.892376305887202,37.22466341412104
312,39.8,26.42599868774414,92.0,0.0,2.0,6.8,11.714733215869682,48.00031325110878
313,31.6,26.42599868774414,92.0,0.0,4.8,7.3,10.885688017548695,39.21998161228409
314,32.2,26.42599868774414,92.0,0.0,5.6,8.4,26.489689494612534,50.742782646228775
315,37.9,26.42599868774414,92.0,0.0,5.3,8.1,8.721913475781113,44.00533943304678
316,16.5,26.42599868774414,92.0,0.0,7.6,7.1,20.396715516225,30.777700861357502
317,22.2,26.42599868774414,92.0,0.0,6.1,7.2,10.280881292397735,29.396616904678414
318,39.1,26.42599868774414,92.0,0.0,2.9,6.6,25.83570305955662,57.184992141689634
319,28.1,26.42599868774414,92.0,0.0,2.2,7.9,25.995259488493314,46.29668164194532
320,16.0,26.42599868774414,92.0,0.0,6.8,7.1,28.440091858478095,35.90806430093467
321,36.9,26.42599868774414,92.0,0.0,3.3,7.6,12.028169119518399,45.319718383662874
322,34.3,26.42599868774414,92.0,0.0,6.9,6.5,9.627342538546694,41.03913977698268
323,25.9,26.42599868774414,92.0,0.0,7.2,6.9,10.177957374761258,33.02457016233288
324,20.8,26.42599868774414,92.0,0.0,7.4,6.9,24.858807968977523,38.20116557828426
325,28.4,26.42599868774414,92.0,0.0,3.2,7.0,11.565517151749614,36.495862006224726
326,19.9,26.42599868774414,92.0,0.0,2.8,6.8,17.974403903495066,32.48208273244654
327,27.2,26.42599868774414,92.0,0.0,7.9,7.9,10.135132419839412,34.29459269388759
328,27.5,26.42599868774414,92.0,0.0,5.2,8.1,27.982263137341366,47.087584196138955
329,20.7,26.42599868774414,92.0,0.0,2.3,7.8,23.151142310564065,36.90579961739485
330,29.1,26.42599868774414,92.0,0.0,4.1,6.2,16.315333912182016,40.52073373852741
331,15.3,26.42599868774414,92.0,0.0,2.6,6.7,20.564001886597623,29.694801320618335
332,34.3,26.42599868774414,92.0,0.0,6.6,6.0,6.598962084272603,38.919273458990816
333,23.8,26.42599868774414,92.0,0.0,7.3,8.1,12.853737048523488,32.79761593396644
334,36.8,26.42599868774414,92.0,0.0,5.5,8.1,19.420992977706867,50.394695084394804
335,36.4,26.42599868774414,92.0,0.0,3.0,7.8,8.720275111319918,42.50419257792394
336,30.9,26.42599868774414,92.0,0.0,7.3,7.0,16.845187311823324,42.69163111827633
337,37.7,26.42599868774414,92.0,0.0,2.2,7.1,17.095695102046367,49.66698657143246
338,28.6,26.42599868774414,92.0,0.0,5.5,8.5,10.97399304587125,36.28179513210988
339,37.6,26.42599868774414,92.0,0.0,7.8,6.1,25.306844380033215,55.31479106602325
340,28.3,26.42599868774414,92.0,0.0,6.5,7.8,18.57730664125969,41.30411464888178
341,27.6,26.42599868774414,92.0,0.0,5.0,6.7,27.666778009148057,46.96674460640364
342,21.9,26.42599868774414,92.0,0.0,2.6,8.4,27.14367173809962,40.900570216669735
343,15.2,26.42599868774414,92.0,0.0,6.3,8.4,29.859535209704724,36.101674646793306
344,23.3,26.42599868774414,92.0,0.0,2.8,7.7,21.773485392932468,38.54143977505272
345,38.2,26.42599868774414,92.0,0.0,2.8,8.3,13.634801437180602,47.74436100602642
346,31.3,26.42599868774414,92.0,0.0,2.5,6.8,13.284139363765055,40.59889755463554
347,27.1,26.42599868774414,92.0,0.0,5.7,7.8,19.36561278617434,40.655928950322036
348,25.2,26.42599868774414,92.0,0.0,3.9,6.2,6.305348022332359,29.61374361563265
349,16.9,26.42599868774414,92.0,0.0,7.6,8.0,29.65687712447302,37.659813987131116
350,27.0,26.42599868774414,92.0,0.0,7.8,8.4,12.866938608553864,36.006857025987706
351,23.4,26.42599868774414,92.0,0.0,6.9,6.3,6.962109894497152,28.273476926148003
352,39.6,26.42599868774414,92.0,0.0,7.8,8.1,28.08013726661429,59.25609608663
353,20.7,26.42599868774414,92.0,0.0,4.5,6.2,16.825497328206595,32.477848129744615
354,29.9,26.42599868774414,92.0,0.0,2.7,8.0,27.165892974087576,48.916125081861296
355,25.9,26.42599868774414,92.0,0.0,5.8,6.7,27.220895339877604,44.954626737914325
356,17.1,26.42599868774414,92.0,0.0,5.6,6.3,15.765666862249528,28.135966803574668
357,20.5,26.42599868774414,92.0,0.0,6.1,6.4,13.209915862778306,29.746941103944813
358,26.7,26.42599868774414,92.0,0.0,7.5,8.4,29.701235060440222,47.49086454230815
359,37.1,26.42599868774414,92.0,0.0,3.2,7.4,5.007008942047171,40.60490625943302
360,19.5,26.47599983215332,92.0,0.0,6.9,7.3,28.766177383042475,39.63632416812973
361,31.1,26.47599983215332,92.0,0.0,7.7,7.1,9.023431136099152,37.41640179526941
362,24.5,26.47599983215332,92.0,0.0,6.7,6.6,6.055059773847644,28.73854184169335
363,30.2,26.47599983215332,92.0,0.0,2.2,6.4,16.90510074914427,42.033570524400986
364,21.0,26.47599983215332,92.0,0.0,3.2,6.8,16.037549395409165,32.22628457678641
365,32.1,26.47599983215332,92.0,0.0,7.0,8.3,25.940127970634833,50.25808957944439
366,15.7,26.47599983215332,92.0,0.0,5.5,7.3,10.48102506395685,23.036717544769793
367,20.6,26.47599983215332,92.0,0.0,6.5,8.2,27.18201898954045,39.62741329267831
368,22.0,26.47599983215332,92.0,0.0,2.7,7.4,25.86537379724724,40.105761658073064
369,17.0,26.47599983215332,92.0,0.0,3.6,8.3,13.88198383476109,26.71738868433276
370,31.6,26.47599983215332,92.0,0.0,5.3,7.8,10.220769798310654,38.754538858817455
371,39.7,26.47599983215332,92.0,0.0,3.7,6.7,15.699660292888721,50.689762205022106
372,18.8,26.47599983215332,92.0,0.0,7.6,7.9,23.586975464475234,35.310882825132666
373,28.6,26.47599983215332,92.0,0.0,3.5,8.4,20.753508965662522,43.127456275963766
374,35.7,26.47599983215332,92.0,0.0,7.5,6.6,25.679905252335974,53.67593367663518
375,32.7,26.47599983215332,92.0,0.0,2.1,7.2,13.2206725844037,41.95447080908259
376,36.2,26.47599983215332,92.0,0.0,3.6,7.0,12.193084205855737,44.73515894409902
377,39.6,26.47599983215332,92.0,0.0,7.6,6.4,28.7501188008933,59.72508316062531
378,27.7,26.47599983215332,92.0,0.0,6.8,7.0,11.529391442538854,35.77057400977719
379,26.1,26.47599983215332,92.0,0.0,6.5,8.2,9.378543980040384,32.664980786028266
380,32.6,26.47599983215332,92.0,0.0,6.8,7.1,9.24626876038872,39.0723881322721
381,19.4,26.47599983215332,92.0,0.0,6.9,8.3,17.910393127618338,31.937275189332837
382,36.2,26.47599983215332,92.0,0.0,2.7,7.7,25.376764237486046,53.96373496624024
383,25.0,26.47599983215332,92.0,0.0,4.5,8.1,18.377092580077335,37.863964806054135
384,21.4,26.47599983215332,92.0,0.0,6.8,6.3,25.19541663694542,39.0367916458618
385,33.7,26.47599983215332,92.0,0.0,6.1,8.2,11.523423218813326,41.76639625316933
386,24.9,26.47599983215332,92.0,0.0,3.8,6.3,11.01738982716045,32.61217287901231
387,35.1,26.47599983215332,92.0,0.0,4.0,6.0,24.930815416525803,52.55157079156806
388,18.8,26.47599983215332,92.0,0.0,7.8,6.2,25.552566124011427,36.686796286808
389,15.1,26.47599983215332,92.0,0.0,7.3,6.9,14.045311083322563,24.931717758325792
390,31.4,26.47599983215332,92.0,0.0,3.5,6.6,8.00465606810845,37.00325924767591
391,18.8,26.47599983215332,92.0,0.0,6.4,7.4,20.990128715212506,33.49309010064876
392,34.8,26.47599983215332,92.0,0.0,5.1,7.5,5.628155253102267,38.739708677171585
393,27.2,26.47599983215332,92.0,0.0,7.1,6.2,11.145342568284596,35.00173979779922
394,25.6,26.47599983215332,92.0,0.0,5.9,7.1,17.715880087152534,38.001116061006776
395,26.3,26.47599983215332,92.0,0.0,3.7,7.9,16.44065032767316,37.80845522937121
396,29.2,26.47599983215332,92.0,0.0,5.1,6.2,12.544561782977329,37.981193248084125
397,37.5,26.47599983215332,92.0,0.0,4.8,6.8,27.204773867450736,56.54334170721552
398,21.8,26.47599983215332,92.0,0.0,3.2,7.8,18.19497548178407,34.53648283724885
399,15.7,26.47599983215332,92.0,0.0,2.4,7.4,11.662194871929543,23.86353641035068
400,31.6,26.47599983215332,92.0,0.0,3.3,7.9,23.802806884194307,48.261964818936015
401,20.1,26.47599983215332,92.0,0.0,6.3,6.3,16.53583566865269,31.675084968056886
402,27.6,26.47599983215332,92.0,0.0,7.8,7.7,19.154771955570553,41.00834036889939
403,27.0,26.47599983215332,92.0,0.0,3.3,7.8,18.500835590562048,39.950584913393435
404,40.0,26.47599983215332,92.0,0.0,6.3,6.2,14.118354894523947,49.88284842616676
405,16.3,26.47599983215332,92.0,0.0,2.1,7.3,22.620547471872648,32.13438323031085
406,21.4,26.47599983215332,92.0,0.0,4.1,6.0,24.82881157875535,38.78016810512874
407,38.5,26.47599983215332,92.0,0.0,2.7,7.2,25.060865590366586,56.04260591325661
408,36.2,26.47599983215332,92.0,0.0,3.1,6.7,24.086987397468306,53.06089117822782
409,39.1,26.47599983215332,92.0,0.0,4.0,6.3,29.303589758942753,59.61251283125993
410,24.3,26.47599983215332,92.0,0.0,2.7,8.4,10.166873669182099,31.41681156842747
411,36.2,26.47599983215332,92.0,0.0,5.9,7.8,23.478148516927003,52.6347039618489
412,16.8,26.47599983215332,92.0,0.0,7.7,7.4,23.13809079320005,32.99666355524003
413,20.7,26.47599983215332,92.0,0.0,7.0,7.3,7.305822354410034,25.814075648087023
414,15.0,26.47599983215332,92.0,0.0,7.5,6.0,24.833654400284548,32.38355808019918
415,18.4,26.47599983215332,92.0,0.0,2.5,7.7,28.869235049614883,38.608464534730416
416,31.7,26.47599983215332,92.0,0.0,2.8,6.1,9.996128383962356,38.69728986877365
417,36.0,26.47599983215332,92.0,0.0,6.7,6.4,22.347098933172447,51.64296925322071
418,31.5,26.47599983215332,92.0,0.0,6.6,8.0,29.608644843698546,52.22605139058898
419,20.4,26.47599983215332,92.0,0.0,2.7,6.1,6.723113943379009,25.106179760365304
420,15.4,27.47599983215332,89.0,0.0,5.8,7.6,20.618979532904547,29.83328567303318
421,39.7,27.47599983215332,89.0,0.0,5.5,7.8,16.895046470580034,51.526532529406026
422,31.7,27.47599983215332,89.0,0.0,6.4,7.7,28.653298258364362,51.757308780855055
423,31.9,27.47599983215332,89.0,0.0,3.3,7.9,18.03690102350658,44.52583071645461
424,30.1,27.47599983215332,89.0,0.0,6.2,7.9,10.392085379095352,37.37445976536675
425,16.1,27.47599983215332,89.0,0.0,2.1,8.2,7.048736933965628,21.03411585377594
426,22.1,27.47599983215332,89.0,0.0,6.3,8.4,24.266784941207206,39.08674945884505
427,15.1,27.47599983215332,89.0,0.0,7.3,8.4,25.202847474703557,32.74199323229249
428,18.0,27.47599983215332,89.0,0.0,2.5,8.3,28.74312356080165,38.12018649256115
429,15.1,27.47599983215332,89.0,0.0,3.8,7.7,12.801223318523808,24.060856322966664
430,27.5,27.47599983215332,89.0,0.0,6.3,6.1,18.537346940299024,40.476142858209315
431,21.5,27.47599983215332,89.0,0.0,3.4,6.4,12.313304291275646,30.11931300389295
432,18.9,27.47599983215332,89.0,0.0,5.0,6.6,9.034760454968556,25.224332318477988
433,25.3,27.47599983215332,89.0,0.0,5.5,8.4,26.341875692951117,43.73931298506578
434,38.5,27.47599983215332,89.0,0.0,7.9,7.7,29.107754271801017,58.87542799026071
435,22.6,27.47599983215332,89.0,0.0,6.5,8.0,14.743518151259389,32.920462705881576
436,26.0,27.47599983215332,89.0,0.0,5.1,8.1,10.380796369552794,33.266557458686954
437,38.8,27.47599983215332,89.0,0.0,2.6,7.9,5.243057695642398,42.47014038694967
438,27.8,27.47599983215332,89.0,0.0,7.5,7.5,27.553940042185037,47.087758029529525
439,37.6,27.47599983215332,89.0,0.0,7.2,6.9,17.946019604716767,50.16221372330174
440,21.8,27.47599983215332,89.0,0.0,3.6,7.3,7.550450483413458,27.08531533838942
441,26.8,27.47599983215332,89.0,0.0,7.4,8.0,27.289870315492045,45.902909220844435
442,18.6,27.47599983215332,89.0,0.0,3.6,7.9,19.594544930336518,32.316181451235565
443,20.9,27.47599983215332,89.0,0.0,5.5,6.6,8.227831004699222,26.659481703289455
444,37.1,27.47599983215332,89.0,0.0,5.5,7.6,5.610264430343219,41.027185101240256
445,28.7,27.47599983215332,89.0,0.0,5.0,7.7,20.62224698892868,43.135572892250075
446,26.1,27.47599983215332,89.0,0.0,3.9,8.1,11.471698848570778,34.13018919399954
447,24.9,27.47599983215332,89.0,0.0,6.9,7.3,16.772192296167525,36.640534607317264
448,37.4,27.47599983215332,89.0,0.0,3.4,8.3,5.848835068284795,41.49418454779936
449,27.4,27.47599983215332,89.0,0.0,7.7,8.2,27.235910810692243,46.46513756748457
450,36.8,27.47599983215332,89.0,0.0,5.9,8.4,9.598367436236874,43.518857205365805
451,39.8,27.47599983215332,89.0,0.0,3.9,7.8,24.511773230129947,56.95824126109096
452,28.6,27.47599983215332,89.0,0.0,7.0,7.5,26.706275451892004,47.294392816324404
453,17.6,27.47599983215332,89.0,0.0,4.5,6.2,5.569134715362324,21.498394300753628
454,28.1,27.47599983215332,89.0,0.0,2.7,8.1,28.9063876676677,48.33447136736739
455,21.8,27.47599983215332,89.0,0.0,4.3,7.0,10.117329954645506,28.882130968251854
456,25.8,27.47599983215332,89.0,0.0,6.1,8.3,23.76074760453151,42.432523323172056
457,26.7,27.47599983215332,89.0,0.0,5.6,6.8,15.90122389518009,37.83085672662606
458,36.8,27.47599983215332,89.0,0.0,2.8,8.0,7.22073101180964,41.85451170826674
459,26.4,27.47599983215332,89.0,0.0,6.5,8.5,6.9946325275143115,31.296242769260015
460,20.4,27.47599983215332,89.0,0.0,7.0,6.2,22.903952824680136,36.43276697727609
461,38.1,27.47599983215332,89.0,0.0,3.2,8.2,25.43301005816574,55.903107040716016
462,21.8,27.47599983215332,89.0,0.0,2.4,7.0,24.12807898103371,38.68965528672359
463,39.2,27.47599983215332,89.0,0.0,4.9,7.1,9.48502497624249,45.83951748336975
464,33.3,27.47599983215332,89.0,0.0,7.3,6.1,14.533894603151,43.4737262222057
465,27.0,27.47599983215332,89.0,0.0,3.0,7.3,15.279824893242873,37.69587742527001
466,16.4,27.47599983215332,89.0,0.0,3.5,8.1,15.647582283002066,27.353307598101445
467,32.7,27.47599983215332,89.0,0.0,2.7,7.1,10.711864478094627,40.19830513466624
468,39.9,27.47599983215332,89.0,0.0,5.7,6.7,17.33577190543282,52.035040333802975
469,32.9,27.47599983215332,89.0,0.0,7.6,6.0,18.094895398061745,45.56642677864322
470,39.5,27.47599983215332,89.0,0.0,2.1,8.4,24.320467594018126,56.524327315812684
471,23.8,27.47599983215332,89.0,0.0,5.3,8.1,25.122169418050014,41.38551859263501
472,38.2,27.47599983215332,89.0,0.0,6.8,8.1,29.491748491686483,58.84422394418054
473,22.5,27.47599983215332,89.0,0.0,3.2,6.2,24.679101905924554,39.77537133414719
474,26.4,27.47599983215332,89.0,0.0,7.6,8.0,25.81426076308191,44.46998253415734
475,38.9,27.47599983215332,89.0,0.0,2.9,6.1,9.555190732509125,45.58863351275639
476,25.6,27.47599983215332,89.0,0.0,7.6,7.8,8.030757370071385,31.22153015904997
477,27.2,27.47599983215332,89.0,0.0,2.8,6.6,12.316439157482913,35.82150741023804
478,38.3,27.47599983215332,89.0,0.0,4.3,6.6,19.546578937545537,51.98260525628187
479,39.7,27.47599983215332,89.0,0.0,5.4,7.6,7.35787278118687,44.85051094683081
480,20.7,29.025999069213867,81.0,0.0,5.4,6.7,13.444415520593187,30.11109086441523
481,16.6,29.025999069213867,81.0,0.0,5.9,8.3,13.233849021808085,25.86369431526566
482,37.3,29.025999069213867,81.0,0.0,3.4,6.0,19.98832084566918,51.29182459196842
483,16.1,29.025999069213867,81.0,0.0,7.0,7.8,20.527640088509703,30.469348061956794
484,37.7,29.025999069213867,81.0,0.0,3.3,6.3,20.06349509271149,51.74444656489805
485,20.8,29.025999069213867,81.0,0.0,6.5,8.3,14.993848415818029,31.29569389107262
486,35.5,29.025999069213867,81.0,0.0,2.7,8.1,16.743861387313814,47.22070297111967
487,25.1,29.025999069213867,81.0,0.0,5.4,6.5,10.465142124836511,32.42559948738556
488,31.2,29.025999069213867,81.0,0.0,4.1,6.8,15.621560526960616,42.13509236887243
489,35.1,29.025999069213867,81.0,0.0,3.0,7.2,25.035883913546606,52.62511873948262
490,32.4,29.025999069213867,81.0,0.0,2.9,8.0,29.79904707302062,53.25933295111443
491,30.7,29.025999069213867,81.0,0.0,3.8,7.0,9.873282439022686,37.61129770731588
492,34.0,29.025999069213867,81.0,0.0,6.8,7.1,25.36794565435166,51.75756195804616
493,39.0,29.025999069213867,81.0,0.0,4.8,6.2,24.319838684282452,56.02388707899772
494,19.5,29.025999069213867,81.0,0.0,5.8,7.7,10.223093290976022,26.656165303683217
495,37.8,29.025999069213867,81.0,0.0,4.6,6.5,17.204893451375,49.8434254159625
496,29.4,29.025999069213867,81.0,0.0,6.9,6.3,20.707576346304055,43.89530344241284
497,16.4,29.025999069213867,81.0,0.0,6.8,6.5,21.643738817469462,31.55061717222862
498,29.9,29.025999069213867,81.0,0.0,2.0,6.1,29.66004581527288,50.66203207069101
499,39.6,29.025999069213867,81.0,0.0,7.9,7.4,27.037458244937817,58.52622077145647
500,16.7,29.025999069213867,81.0,0.0,6.7,8.4,16.1504763953304,28.00533347673128
501,24.9,29.025999069213867,81.0,0.0,2.1,6.7,11.116443858126363,32.68151070068845
502,28.6,29.025999069213867,81.0,0.0,4.0,8.3,28.910372072009984,48.83726045040699
503,23.0,29.025999069213867,81.0,0.0,2.1,6.7,24.02170530959258,39.8151937167148
504,23.2,29.025999069213867,81.0,0.0,7.6,7.1,16.25743616909256,34.58020531836479
505,28.4,29.025999069213867,81.0,0.0,7.1,7.7,7.34270745317324,33.539895217221265
506,16.8,29.025999069213867,81.0,0.0,3.7,8.3,16.946262455143177,28.662383718600225
507,20.8,29.025999069213867,81.0,0.0,7.2,8.2,22.972818923127416,36.88097324618919
508,32.1,29.025999069213867,81.0,0.0,3.9,6.4,29.488841024790553,52.742188717353386
509,27.3,29.025999069213867,81.0,0.0,7.9,6.7,16.445443672551306,38.811810570785916
510,36.9,29.025999069213867,81.0,0.0,4.7,8.5,27.840971915406545,56.388680340784575
511,30.3,29.025999069213867,81.0,0.0,6.1,6.8,14.412487508845183,40.38874125619163
512,31.1,29.025999069213867,81.0,0.0,3.4,8.2,19.264426559649053,44.58509859175434
513,38.3,29.025999069213867,81.0,0.0,6.0,7.5,28.987783171006114,58.591448219704276
514,19.6,29.025999069213867,81.0,0.0,7.5,7.7,26.45382374406644,38.11767662084651
515,31.8,29.025999069213867,81.0,0.0,2.9,8.3,29.666582431185592,52.56660770182991
516,26.2,29.025999069213867,81.0,0.0,4.0,6.2,24.117686183530687,43.08238032847148
517,24.1,29.025999069213867,81.0,0.0,7.0,8.5,19.549078258515316,37.784354780960726
518,20.2,29.025999069213867,81.0,0.0,3.8,7.7,11.405608586941348,28.183926010858944
519,30.3,29.025999069213867,81.0,0.0,6.3,6.2,25.648560558697625,48.25399239108833
520,18.6,29.025999069213867,81.0,0.0,5.7,6.2,14.066926078825366,28.446848255177756
521,39.1,29.025999069213867,81.0,0.0,2.3,8.1,21.807068915535346,54.36494824087474
522,27.2,29.025999069213867,81.0,0.0,6.0,8.4,10.091415641830954,34.26399094928166
523,15.0,29.025999069213867,81.0,0.0,5.3,8.2,26.644146300632,33.6509024104424
524,26.8,29.025999069213867,81.0,0.0,5.7,7.3,8.466054153637984,32.72623790754659
525,26.0,29.025999069213867,81.0,0.0,5.6,8.5,8.357590123359977,31.85031308635198
526,23.1,29.025999069213867,81.0,0.0,2.7,7.8,12.594612890741745,31.91622902351922
527,15.4,29.025999069213867,81.0,0.0,6.2,6.8,24.286422669780407,32.400495868846285
528,24.3,29.025999069213867,81.0,0.0,7.1,6.3,23.64113913062129,40.8487973914349
529,27.4,29.025999069213867,81.0,0.0,5.7,6.1,9.59777872185441,34.118445105298086
530,26.1,29.025999069213867,81.0,0.0,2.7,8.2,21.448235936596316,41.11376515561742
531,19.3,29.025999069213867,81.0,0.0,3.5,6.2,15.421708137218683,30.09519569605308
532,37.4,29.025999069213867,81.0,0.0,3.0,8.3,27.437191093182935,56.60603376522805
533,21.6,29.025999069213867,81.0,0.0,7.3,6.9,29.607399727155205,42.325179809008645
534,18.7,29.025999069213867,81.0,0.0,3.1,7.0,11.97224978798716,27.08057485159101
535,35.7,29.025999069213867,81.0,0.0,2.3,6.8,14.366362116457116,45.75645348151998
536,24.9,29.025999069213867,81.0,0.0,4.2,7.3,17.07016886702436,36.84911820691705
537,18.7,29.025999069213867,81.0,0.0,7.9,6.7,29.813856583807347,39.56969960866514
538,37.5,29.025999069213867,81.0,0.0,7.7,6.6,13.929814168344638,47.25086991784124
539,35.3,29.025999069213867,81.0,0.0,3.0,6.9,14.871849155532573,45.7102944088728
540,22.7,30.525999069213867,71.0,0.0,4.0,7.8,8.41048044618513,28.58733631232959
541,26.8,30.525999069213867,71.0,0.0,3.3,8.4,16.41407523946682,38.289852667626775
542,22.6,30.525999069213867,71.0,0.0,5.5,6.2,9.235345924653448,29.064742147257412
543,15.6,30.525999069213867,71.0,0.0,7.4,6.4,12.827882117500396,24.579517482250274
544,26.5,30.525999069213867,71.0,0.0,4.6,7.4,8.374822242101597,32.36237556947112
545,16.5,30.525999069213867,71.0,0.0,2.0,8.4,8.013978112523352,22.109784678766346
546,31.6,30.525999069213867,71.0,0.0,5.0,7.1,19.42960938564375,45.200726569950625
547,23.8,30.525999069213867,71.0,0.0,6.2,6.2,24.220359332129725,40.754251532490805
548,18.1,30.525999069213867,71.0,0.0,3.5,6.2,28.77571457562377,38.24300020293664
549,22.7,30.525999069213867,71.0,0.0,7.0,6.6,20.38431043062976,36.96901730144083
550,20.9,30.525999069213867,71.0,0.0,7.7,6.1,28.249590215769473,40.67471315103863
551,32.9,30.525999069213867,71.0,0.0,6.7,7.0,15.668137618343865,43.8676963328407
552,16.9,30.525999069213867,71.0,0.0,6.2,6.1,5.415353723891895,20.690747606724326
553,25.7,30.525999069213867,71.0,0.0,7.9,6.2,23.178921668684662,41.92524516807926
554,15.2,30.525999069213867,71.0,0.0,5.9,7.2,12.341096055763696,23.83876723903459
555,30.6,30.525999069213867,71.0,0.0,6.9,6.2,6.998214911250784,35.49875043787555
556,22.1,30.525999069213867,71.0,0.0,7.2,7.6,21.10091451204965,36.87064015843475
557,29.3,30.525999069213867,71.0,0.0,4.3,7.7,22.848842061176686,45.29418944282368
558,22.8,30.525999069213867,71.0,0.0,4.0,7.2,10.753668908282291,30.327568235797603
559,39.2,30.525999069213867,71.0,0.0,4.1,6.2,6.809956493667411,43.96696954556719
560,38.0,30.525999069213867,71.0,0.0,6.0,8.2,10.744617310102782,45.521232117071946
561,32.9,30.525999069213867,71.0,0.0,5.4,6.9,10.057084002330352,39.93995880163124
562,23.5,30.525999069213867,71.0,0.0,4.4,6.4,9.017176964695416,29.81202387528679
563,19.1,30.525999069213867,71.0,0.0,6.9,6.8,29.941885749123742,40.05932002438662
564,26.4,30.525999069213867,71.0,0.0,6.3,7.3,14.25202671934919,36.37641870354443
565,38.8,30.525999069213867,71.0,0.0,4.1,6.7,11.19077837694656,46.63354486386259
566,32.9,30.525999069213867,71.0,0.0,6.6,6.3,21.66234006348463,48.06363804443924
567,32.8,30.525999069213867,71.0,0.0,2.1,7.1,27.24472513275258,51.871307592926804
568,23.8,30.525999069213867,71.0,0.0,4.4,8.5,16.514330089306426,35.360031062514494
569,38.8,30.525999069213867,71.0,0.0,3.0,6.9,9.622054014995669,45.535437810496965
570,28.6,30.525999069213867,71.0,0.0,2.7,6.6,18.28957520643352,41.402702644503464
571,15.4,30.525999069213867,71.0,0.0,3.4,6.9,9.803580774401098,22.262506542080768
572,29.8,30.525999069213867,71.0,0.0,7.6,8.3,22.806692184824424,45.76468452937709
573,26.2,30.525999069213867,71.0,0.0,7.8,6.2,25.080295355849646,43.75620674909475
574,21.9,30.525999069213867,71.0,0.0,7.6,6.8,20.175189782547818,36.02263284778347
575,32.7,30.525999069213867,71.0,0.0,8.0,7.5,18.718338061718747,45.80283664320312
576,26.3,30.525999069213867,71.0,0.0,4.1,7.2,25.650789953090946,44.255552967163666
577,29.4,30.525999069213867,71.0,0.0,4.4,8.4,5.340486303823684,33.13834041267658
578,31.5,30.525999069213867,71.0,0.0,7.1,6.7,29.403551126350873,52.08248578844561
579,31.6,30.525999069213867,71.0,0.0,2.1,7.1,14.18180217359977,41.52726152151984
580,31.2,30.525999069213867,71.0,0.0,5.3,7.5,16.62225415929106,42.83557791150374
581,25.8,30.525999069213867,71.0,0.0,6.0,7.1,27.349519905757774,44.944663934030444
582,30.0,30.525999069213867,71.0,0.0,5.8,6.7,23.447583027969326,46.41330811957853
583,29.3,30.525999069213867,71.0,0.0,7.9,7.5,23.773706913337264,45.941594839336084
584,23.6,30.525999069213867,71.0,0.0,6.0,6.3,9.495160077053162,30.246612053937213
585,19.8,30.525999069213867,71.0,0.0,5.0,7.1,12.497921605974078,28.548545124181857
586,29.9,30.525999069213867,71.0,0.0,7.5,6.7,24.68889279291214,47.18222495503849
587,15.2,30.525999069213867,71.0,0.0,4.2,6.8,28.809793077219048,35.36685515405333
588,27.6,30.525999069213867,71.0,0.0,7.9,7.5,23.83001738932728,44.2810121725291
589,16.8,30.525999069213867,71.0,0.0,2.8,7.3,22.857321213469074,32.80012484942835
590,15.3,30.525999069213867,71.0,0.0,3.3,6.1,13.260649677313786,24.58245477411965
591,33.7,30.525999069213867,71.0,0.0,3.1,6.0,5.45612536235613,37.519287753649294
592,30.8,30.525999069213867,71.0,0.0,6.3,8.1,21.560397216176383,45.892278051323466
593,21.6,30.525999069213867,71.0,0.0,3.7,7.3,10.474200381504275,28.931940267052994
594,17.1,30.525999069213867,71.0,0.0,2.3,7.1,12.292573638673186,25.70480154707123
595,27.4,30.525999069213867,71.0,0.0,7.0,7.6,7.620539013117895,32.73437730918253
596,29.0,30.525999069213867,71.0,0.0,5.3,7.1,11.590504264613557,37.11335298522949
597,24.1,30.525999069213867,71.0,0.0,6.8,6.2,27.263323637048032,43.18432654593362
598,22.1,30.525999069213867,71.0,0.0,5.1,6.8,26.272024821206195,40.49041737484434
599,32.7,30.525999069213867,71.0,0.0,6.3,6.3,23.007918173185093,48.80554272122957
600,34.8,31.92599868774414,63.0,0.0,5.5,8.1,5.173844568718906,38.42169119810323
601,15.5,31.92599868774414,63.0,0.0,6.6,8.0,17.679345449261227,27.875541814482858
602,33.4,31.92599868774414,63.0,0.0,6.9,8.1,24.07891082955065,50.25523758068545
603,16.6,31.92599868774414,63.0,0.0,3.1,6.9,8.872733770764183,22.81091363953493
604,31.2,31.92599868774414,63.0,0.0,6.6,8.1,22.395207735820684,46.87664541507448
605,24.6,31.92599868774414,63.0,0.0,6.0,8.3,27.6688662815069,43.96820639705483
606,28.8,31.92599868774414,63.0,0.0,3.0,8.0,9.712739785521356,35.59891784986495
607,33.5,31.92599868774414,63.0,0.0,4.5,7.4,15.916594173788093,44.64161592165166
608,23.3,31.92599868774414,63.0,0.0,5.7,7.2,24.36296835463076,40.35407784824153
609,21.7,31.92599868774414,63.0,0.0,6.3,7.2,28.13850873823073,41.39695611676151
610,26.0,31.92599868774414,63.0,0.0,3.7,8.5,12.074744785183787,34.45232134962865
611,15.9,31.92599868774414,63.0,0.0,5.9,6.1,8.0422363638551,21.52956545469857
612,30.1,31.92599868774414,63.0,0.0,6.7,6.8,13.788987727613684,39.75229140932958
613,20.1,31.92599868774414,63.0,0.0,7.1,6.2,12.346797941788974,28.74275855925228
614,38.0,31.92599868774414,63.0,0.0,3.2,7.3,7.1705726768952776,43.0194008738267
615,37.6,31.92599868774414,63.0,0.0,4.9,7.8,16.80701385849729,49.364909700948104
616,15.1,31.92599868774414,63.0,0.0,4.4,6.1,16.954111830382054,26.96787828126744
617,27.5,31.92599868774414,63.0,0.0,3.0,8.0,13.341705335713787,36.839193734999654
618,21.2,31.92599868774414,63.0,0.0,5.6,7.7,21.68253338928335,36.37777337249834
619,31.3,31.92599868774414,63.0,0.0,5.5,8.2,21.899498990150832,46.62964929310558
620,15.9,31.92599868774414,63.0,0.0,5.1,6.4,8.555537222354621,21.888876055648236
621,23.6,31.92599868774414,63.0,0.0,7.0,7.5,13.874373102020328,33.31206117141423
622,21.3,31.92599868774414,63.0,0.0,6.5,6.7,28.141133435277748,40.998793404694425
623,36.7,31.92599868774414,63.0,0.0,3.5,7.6,18.19689521898179,49.43782665328725
624,28.4,31.92599868774414,63.0,0.0,2.1,6.1,13.589025697712154,37.912317988398506
625,15.5,31.92599868774414,63.0,0.0,7.3,6.1,27.392029822899634,34.67442087602974
626,28.0,31.92599868774414,63.0,0.0,2.9,8.4,19.7236131581392,41.80652921069744
627,30.4,31.92599868774414,63.0,0.0,2.6,7.3,20.75967689346296,44.93177382542407
628,34.3,31.92599868774414,63.0,0.0,5.4,6.4,10.90036758625512,41.93025731037858
629,34.7,31.92599868774414,63.0,0.0,2.2,7.3,16.996643045040653,46.59765013152846
630,32.4,31.92599868774414,63.0,0.0,5.0,7.3,15.132504579098326,42.99275320536883
631,38.7,31.92599868774414,63.0,0.0,4.5,8.5,25.571947834591516,56.600363484214064
632,23.6,31.92599868774414,63.0,0.0,4.2,6.9,18.143637084492113,36.30054595914448
633,30.9,31.92599868774414,63.0,0.0,3.9,6.8,17.307411028283813,43.01518771979867
634,25.5,31.92599868774414,63.0,0.0,5.1,8.0,27.128092572659618,44.48966480086173
635,31.2,31.92599868774414,63.0,0.0,5.1,8.5,24.577324916479206,48.404127441535444
636,21.5,31.92599868774414,63.0,0.0,7.8,7.4,23.693786225540965,38.08565035787868
637,28.8,31.92599868774414,63.0,0.0,2.6,8.2,23.845503311586643,45.491852318110645
638,17.9,31.92599868774414,63.0,0.0,7.9,8.3,16.77740490778708,29.644183435450955
639,27.4,31.92599868774414,63.0,0.0,3.2,7.0,28.52611514895993,47.368280604271945
640,36.8,31.92599868774414,63.0,0.0,4.9,8.2,19.23202223639227,50.26241556547458
641,33.0,31.92599868774414,63.0,0.0,3.2,6.2,15.015393247071877,43.51077527295031
642,16.1,31.92599868774414,63.0,0.0,3.4,8.1,25.78565630994185,34.14995941695929
643,22.4,31.92599868774414,63.0,0.0,5.3,7.0,6.177291319033746,26.72410392332362
644,34.5,31.92599868774414,63.0,0.0,4.5,7.7,18.110561268074058,47.17739288765184
645,37.3,31.92599868774414,63.0,0.0,5.8,8.0,16.887759856753156,49.121431899727206
646,33.8,31.92599868774414,63.0,0.0,4.4,6.1,23.045617413598936,49.93193218951925
647,17.8,31.92599868774414,63.0,0.0,2.5,7.5,13.537251672145862,27.2760761705021
648,17.5,31.92599868774414,63.0,0.0,7.2,8.0,11.097146044340235,25.268002231038164
649,35.2,31.92599868774414,63.0,0.0,4.3,7.9,7.390883080364254,40.37361815625498
650,39.1,31.92599868774414,63.0,0.0,2.6,8.2,7.470067961723929,44.32904757320675
651,21.7,31.92599868774414,63.0,0.0,4.8,7.3,14.2433418549492,31.67033929846444
652,22.5,31.92599868774414,63.0,0.0,3.9,6.2,12.292069074139404,31.10444835189758
653,34.0,31.92599868774414,63.0,0.0,7.2,8.5,22.02719431363753,49.41903601954627
654,20.6,31.92599868774414,63.0,0.0,2.9,6.7,27.68410903925702,39.97887632747991
655,16.5,31.92599868774414,63.0,0.0,2.3,7.6,27.966742513055166,36.07671975913861
656,18.2,31.92599868774414,63.0,0.0,6.1,8.0,18.184316745150426,30.929021721605295
657,28.2,31.92599868774414,63.0,0.0,4.5,8.0,25.821101577238103,46.27477110406667
658,16.9,31.92599868774414,63.0,0.0,3.6,7.7,14.305353732412106,26.913747612688475
659,22.0,31.92599868774414,63.0,0.0,2.4,6.3,20.994112740934796,36.69587891865436
660,21.7,33.47600173950195,56.0,0.0,6.2,6.3,13.004491774988528,30.803144242491967
661,20.3,33.47600173950195,56.0,0.0,3.0,7.4,12.798438806157654,29.258907164310358
662,21.7,33.47600173950195,56.0,0.0,4.4,6.9,12.17203855101034,30.220426985707235
663,29.6,33.47600173950195,56.0,0.0,6.9,7.3,7.052355167771383,34.536648617439965
664,33.9,33.47600173950195,56.0,0.0,3.3,8.5,7.153794618948354,38.90765623326385
665,26.4,33.47600173950195,56.0,0.0,4.0,6.2,25.03876532291057,43.92713572603739
666,24.7,33.47600173950195,56.0,0.0,2.4,7.8,24.513594936983083,41.859516455888155
667,30.0,33.47600173950195,56.0,0.0,4.4,7.6,23.489941237613547,46.44295886632948
668,18.8,33.47600173950195,56.0,0.0,5.1,6.9,28.199273989755447,38.53949179282881
669,22.9,33.47600173950195,56.0,0.0,6.7,6.9,17.667793136829033,35.26745519578032
670,18.6,33.47600173950195,56.0,0.0,3.0,7.8,12.625052111981715,27.4375364783872
671,30.8,33.47600173950195,56.0,0.0,7.1,6.9,23.808698227239255,47.466088759067475
672,23.6,33.47600173950195,56.0,0.0,2.2,6.7,17.626124154845936,35.93828690839216
673,27.5,33.47600173950195,56.0,0.0,6.8,7.7,26.409002368543,45.9863016579801
674,37.2,33.47600173950195,56.0,0.0,7.7,7.5,11.177864190749773,45.024504933524845
675,24.3,33.47600173950195,56.0,0.0,3.5,7.5,9.738249760455936,31.116774832319155
676,34.2,33.47600173950195,56.0,0.0,7.7,7.2,29.544386207471113,54.88107034522978
677,21.6,33.47600173950195,56.0,0.0,7.0,8.0,17.300843647829957,33.71059055348097
678,17.2,33.47600173950195,56.0,0.0,3.5,6.0,10.093088250261264,24.265161775182882
679,34.6,33.47600173950195,56.0,0.0,4.6,8.0,10.522249380973374,41.96557456668136
680,18.6,33.47600173950195,56.0,0.0,3.7,7.2,13.656621487097427,28.159635040968197
681,25.5,33.47600173950195,56.0,0.0,7.0,8.2,20.974824986725615,40.18237749070793
682,38.7,33.47600173950195,56.0,0.0,3.5,6.4,20.733708069733844,53.213595648813694
683,27.4,33.47600173950195,56.0,0.0,7.3,7.1,23.818387519572884,44.07287126370102
684,15.9,33.47600173950195,56.0,0.0,3.2,6.4,9.98966291364108,22.892764039548755
685,27.0,33.47600173950195,56.0,0.0,7.7,8.1,9.68908179923032,33.78235725946122
686,20.4,33.47600173950195,56.0,0.0,4.8,7.2,22.309810247976205,36.01686717358334
687,20.1,33.47600173950195,56.0,0.0,7.9,7.4,12.32859105329371,28.730013737305597
688,30.7,33.47600173950195,56.0,0.0,2.3,6.2,13.011181513987168,39.807827059791016
689,17.2,33.47600173950195,56.0,0.0,4.7,7.9,6.5859642802295015,21.81017499616065
690,15.4,33.47600173950195,56.0,0.0,6.9,7.0,10.387705985644715,22.6713941899513
691,29.6,33.47600173950195,56.0,0.0,4.6,6.6,10.255090377462501,36.77856326422375
692,25.8,33.47600173950195,56.0,0.0,5.9,7.8,16.612284947602433,37.4285994633217
693,30.0,33.47600173950195,56.0,0.0,3.1,7.8,18.151785622817968,42.70624993597258
694,26.0,33.47600173950195,56.0,0.0,2.1,6.5,18.228441062714467,38.75990874390013
695,16.8,33.47600173950195,56.0,0.0,5.1,6.9,16.248809499801126,28.174166649860787
696,18.0,33.47600173950195,56.0,0.0,7.7,6.3,5.693784577075679,21.985649203952974
697,27.6,33.47600173950195,56.0,0.0,2.3,8.2,28.959288899411337,47.87150222958793
698,29.3,33.47600173950195,56.0,0.0,6.6,8.1,24.660081874374896,46.56205731206242
699,39.5,33.47600173950195,56.0,0.0,4.0,7.3,9.287730658806593,46.001411461164615
700,17.3,33.47600173950195,56.0,0.0,6.4,6.0,11.84544793302256,25.59181355311579
701,32.2,33.47600173950195,56.0,0.0,5.8,7.8,27.65579058313294,51.55905340819306
702,25.9,33.47600173950195,56.0,0.0,7.7,6.6,19.924128550049783,39.84688998503485
703,30.8,33.47600173950195,56.0,0.0,2.5,8.2,24.002706096440303,47.601894267508214
704,34.8,33.47600173950195,56.0,0.0,4.1,6.7,6.799282108545622,39.559497475981935
705,21.2,33.47600173950195,56.0,0.0,2.7,7.8,28.362752883715864,41.0539270186011
706,36.1,33.47600173950195,56.0,0.0,6.0,7.7,10.248927933017729,43.27424955311241
707,15.3,33.47600173950195,56.0,0.0,7.1,6.4,20.096538205762464,29.367576744033727
708,19.0,33.47600173950195,56.0,0.0,6.7,6.4,25.290580557420665,36.70340639019446
709,25.3,33.47600173950195,56.0,0.0,6.2,8.3,19.627484160263258,39.03923891218428
710,38.1,33.47600173950195,56.0,0.0,3.5,8.2,29.75840478115168,58.930883346806176
711,24.2,33.47600173950195,56.0,0.0,6.5,8.0,5.364359996350036,27.955051997445025
712,25.7,33.47600173950195,56.0,0.0,2.6,7.2,13.42677592422231,35.09874314695561
713,36.2,33.47600173950195,56.0,0.0,7.2,8.3,21.262222900856464,51.083556030599524
714,19.6,33.47600173950195,56.0,0.0,3.6,8.2,7.740125353220824,25.018087747254576
715,24.6,33.47600173950195,56.0,0.0,6.1,8.1,21.915634475443614,39.94094413281053
716,25.1,33.47600173950195,56.0,0.0,4.6,6.8,7.111163396388758,30.07781437747213
717,18.8,33.47600173950195,56.0,0.0,6.9,6.8,7.702962980300927,24.19207408621065
718,20.2,33.47600173950195,56.0,0.0,6.6,8.1,15.180752128909628,30.826526490236738
719,34.0,33.47600173950195,56.0,0.0,4.2,7.3,17.806850676220808,46.46479547335456
720,33.5,34.926002502441406,50.0,0.0,3.7,7.3,21.411849304361883,48.48829451305332
721,15.6,34.926002502441406,50.0,0.0,6.4,8.3,29.78305117444458,36.448135822111205
722,33.2,34.926002502441406,50.0,0.0,2.2,7.1,17.8920515930975,45.72443611516825
723,34.7,34.926002502441406,50.0,0.0,7.9,8.1,16.17558127787418,46.02290689451193
724,22.2,34.926002502441406,50.0,0.0,2.2,7.5,14.690676729134278,32.483473710393994
725,18.6,34.926002502441406,50.0,0.0,5.2,7.1,24.0424582718428,35.42972079028996
726,19.8,34.926002502441406,50.0,0.0,3.7,7.5,15.424918788330148,30.597443151831104
727,17.9,34.926002502441406,50.0,0.0,4.9,6.2,27.905618754342665,37.43393312803987
728,32.3,34.926002502441406,50.0,0.0,6.3,8.1,21.65828868826448,47.46080208178513
729,31.8,34.926002502441406,50.0,0.0,3.5,7.2,23.441412648979842,48.20898885428589
730,27.4,34.926002502441406,50.0,0.0,3.5,7.0,10.561130709361688,34.79279149655318
731,38.5,34.926002502441406,50.0,0.0,4.8,7.5,29.986728422662644,59.490709895863844
732,35.4,34.926002502441406,50.0,0.0,5.8,6.6,16.091452681838554,46.66401687728698
733,18.5,34.926002502441406,50.0,0.0,7.0,7.0,5.018468929053414,22.01292825033739
734,15.7,34.926002502441406,50.0,0.0,4.3,6.6,18.38777485625927,28.57144239938149
735,31.2,34.926002502441406,50.0,0.0,3.7,8.1,25.50126081855599,49.050882572989195
736,37.5,34.926002502441406,50.0,0.0,5.1,7.2,21.885390545882633,52.819773382117845
737,31.4,34.926002502441406,50.0,0.0,3.1,6.7,28.385516298055368,51.269861408638754
738,35.6,34.926002502441406,50.0,0.0,4.6,8.3,11.565791414842618,43.696053990389835
739,29.6,34.926002502441406,50.0,0.0,2.0,7.8,21.421142214996276,44.59479955049739
740,25.3,34.926002502441406,50.0,0.0,4.0,6.4,13.0650606707386,34.44554246951702
741,27.8,34.926002502441406,50.0,0.0,6.9,6.7,12.201178701475026,36.34082509103252
742,31.2,34.926002502441406,50.0,0.0,6.6,7.7,23.59074324858746,47.713520274011216
743,17.3,34.926002502441406,50.0,0.0,7.3,6.5,29.3637208280947,37.85460457966629
744,15.7,34.926002502441406,50.0,0.0,3.7,8.5,29.866368070683677,36.60645764947857
745,36.0,34.926002502441406,50.0,0.0,7.9,6.3,15.417865106360555,46.79250557445239
746,36.5,34.926002502441406,50.0,0.0,3.6,6.7,10.445419665079172,43.81179376555542
747,21.9,34.926002502441406,50.0,0.0,3.6,8.2,29.3289994013445,42.43029958094115
748,27.3,34.926002502441406,50.0,0.0,7.1,8.4,28.720369738245083,47.40425881677156
749,25.3,34.926002502441406,50.0,0.0,5.9,8.4,7.43611152762081,30.505278069334565
750,22.0,34.926002502441406,50.0,0.0,4.4,8.4,26.802916994114067,40.76204189587985
751,29.5,34.926002502441406,50.0,0.0,4.4,8.0,5.074876381639916,33.05241346714794
752,29.1,34.926002502441406,50.0,0.0,7.1,6.2,29.7074133164999,49.89518932154993
753,23.5,34.926002502441406,50.0,0.0,7.9,7.6,28.968431127943965,43.77790178956077
754,39.3,34.926002502441406,50.0,0.0,6.8,7.4,9.388509720667322,45.871956804467125
755,28.6,34.926002502441406,50.0,0.0,4.9,6.6,14.60926301390905,38.826484109736334
756,23.0,34.926002502441406,50.0,0.0,6.3,6.5,8.919045997194024,29.243332198035816
757,17.5,34.926002502441406,50.0,0.0,3.8,6.8,16.43938575363939,29.007570027547573
758,29.9,34.926002502441406,50.0,0.0,4.6,8.3,8.838138221453166,36.086696755017215
759,18.7,34.926002502441406,50.0,0.0,3.5,6.3,25.43985491484573,36.50789844039201
760,21.6,34.926002502441406,50.0,0.0,5.1,6.3,10.797799365332798,29.15845955573296
761,20.6,34.926002502441406,50.0,0.0,4.7,7.3,13.341941191875456,29.93935883431282
762,19.1,34.926002502441406,50.0,0.0,6.5,8.0,20.660219840589747,33.56215388841282
763,24.7,34.926002502441406,50.0,0.0,3.3,7.3,21.2077949915915,39.54545649411405
764,30.5,34.926002502441406,50.0,0.0,5.0,7.4,11.275657098197325,38.392959968738126
765,18.8,34.926002502441406,50.0,0.0,6.5,8.0,14.816302759873139,29.171411931911198
766,33.9,34.926002502441406,50.0,0.0,4.3,6.4,24.206813570743282,50.8447694995203
767,25.6,34.926002502441406,50.0,0.0,4.3,7.4,11.744526903244957,33.82116883227147
768,34.0,34.926002502441406,50.0,0.0,3.9,8.4,11.648214710257204,42.15375029718004
769,38.5,34.926002502441406,50.0,0.0,6.0,8.0,9.39285322688898,45.074997258822286
770,31.3,34.926002502441406,50.0,0.0,3.7,7.9,25.709702119869906,49.29679148390893
771,34.1,34.926002502441406,50.0,0.0,4.2,8.0,24.56683052778875,51.29678136945212
772,33.6,34.926002502441406,50.0,0.0,7.6,7.4,8.247897688091614,39.37352838166413
773,25.0,34.926002502441406,50.0,0.0,3.0,6.9,23.42651057092211,41.398557399645476
774,28.4,34.926002502441406,50.0,0.0,5.5,7.2,19.80693663158482,42.26485564210937
775,31.3,34.926002502441406,50.0,0.0,6.6,8.4,17.48561409194418,43.53992986436093
776,19.8,34.926002502441406,50.0,0.0,2.2,8.2,8.166057855347972,25.51624049874358
777,28.8,34.926002502441406,50.0,0.0,2.4,8.2,18.840149319600478,41.98810452372034
778,37.7,34.926002502441406,50.0,0.0,3.2,7.9,6.626219118897362,42.33835338322815
779,15.9,34.926002502441406,50.0,0.0,3.6,7.0,24.85657695737607,33.299603870163246
780,20.1,35.926002502441406,45.0,0.0,6.3,7.2,23.150076907167463,36.305053835017226
781,34.1,35.926002502441406,45.0,0.0,6.7,7.3,5.897911672756319,38.228538170929426
782,32.1,35.926002502441406,45.0,0.0,6.2,6.1,18.345871082337805,44.942109757636466
783,15.9,35.926002502441406,45.0,0.0,7.0,6.8,11.573264570725343,24.00128519950774
784,27.0,35.926002502441406,45.0,0.0,5.6,6.5,7.90066349687175,32.530464447810225
785,25.7,35.926002502441406,45.0,0.0,4.3,6.8,12.368900561522418,34.35823039306569
786,33.8,35.926002502441406,45.0,0.0,4.4,7.6,6.674195907717479,38.47193713540223
787,35.0,35.926002502441406,45.0,0.0,4.7,8.0,28.579136335862234,55.005395435103566
788,27.1,35.926002502441406,45.0,0.0,3.5,6.1,7.149339632673006,32.1045377428711
789,37.3,35.926002502441406,45.0,0.0,7.1,6.7,17.27427933717415,49.3919955360219
790,23.4,35.926002502441406,45.0,0.0,5.9,6.9,7.210936088559073,28.44765526199135
791,32.6,35.926002502441406,45.0,0.0,5.3,6.3,5.936168120285702,36.755317684199994
792,20.1,35.926002502441406,45.0,0.0,2.4,8.4,17.39306744075519,32.27514720852864
793,36.3,35.926002502441406,45.0,0.0,5.4,7.5,10.054687823770307,43.33828147663921
794,27.5,35.926002502441406,45.0,0.0,4.8,6.8,28.25373987070244,47.27761790949171
795,37.7,35.926002502441406,45.0,0.0,6.0,8.2,27.31288834669507,56.81902184268655
796,39.3,35.926002502441406,45.0,0.0,7.6,7.5,18.88763851076417,52.52134695753492
797,35.1,35.926002502441406,45.0,0.0,7.9,6.3,24.744712108077255,52.42129847565408
798,17.1,35.926002502441406,45.0,0.0,5.4,8.2,16.992730784393753,28.994911549075628
799,21.1,35.926002502441406,45.0,0.0,7.9,8.2,10.206448903959782,28.24451423277185
800,20.3,35.926002502441406,45.0,0.0,7.7,6.5,8.142452261228016,25.999716582859612
801,16.2,35.926002502441406,45.0,0.0,7.0,6.5,11.13791941458934,23.99654359021254
802,24.4,35.926002502441406,45.0,0.0,4.5,7.8,12.619617901221437,33.23373253085501
803,35.5,35.926002502441406,45.0,0.0,3.7,7.9,19.717626922935693,49.30233884605499
804,28.6,35.926002502441406,45.0,0.0,7.4,6.6,7.505756221662339,33.85402935516364
805,24.0,35.926002502441406,45.0,0.0,2.1,7.9,12.711690240795075,32.89818316855655
806,39.8,35.926002502441406,45.0,0.0,5.1,6.4,26.044611319685767,58.03122792378004
807,26.4,35.926002502441406,45.0,0.0,5.6,7.7,9.197577000455443,32.838303900318806
808,33.4,35.926002502441406,45.0,0.0,6.2,7.0,24.412866968049332,50.48900687763453
809,26.7,35.926002502441406,45.0,0.0,7.5,7.5,12.117083794484689,35.18195865613928
810,32.8,35.926002502441406,45.0,0.0,6.7,7.3,17.25034476507991,44.875241335555934
811,20.2,35.926002502441406,45.0,0.0,4.7,6.2,5.341522406051078,23.939065684235754
812,19.1,35.926002502441406,45.0,0.0,2.7,7.8,10.762519803366501,26.633763862356552
813,23.7,35.926002502441406,45.0,0.0,3.3,7.1,28.183946563954937,43.42876259476846
814,32.9,35.926002502441406,45.0,0.0,3.8,7.8,13.620705328175132,42.43449372972259
815,26.5,35.926002502441406,45.0,0.0,2.9,6.3,5.397592672611319,30.278314870827923
816,15.6,35.926002502441406,45.0,0.0,2.6,7.6,9.19379141842601,22.035653992898204
817,21.4,35.926002502441406,45.0,0.0,2.4,7.6,5.251305398296061,25.07591377880724
818,26.6,35.926002502441406,45.0,0.0,5.9,6.5,6.764610708936642,31.33522749625565
819,25.5,35.926002502441406,45.0,0.0,5.5,8.2,5.575205711865334,29.402643998305734
820,30.6,35.926002502441406,45.0,0.0,6.2,7.7,14.201728241273285,40.5412097688913
821,32.0,35.926002502441406,45.0,0.0,2.6,8.4,25.714350834181847,50.00004558392729
822,25.4,35.926002502441406,45.0,0.0,7.0,7.2,15.101563960342899,35.97109477224003
823,33.8,35.926002502441406,45.0,0.0,6.8,7.8,6.644135764817687,38.450895035372376
824,26.4,35.926002502441406,45.0,0.0,2.7,6.9,27.157735847494827,45.41041509324637
825,30.8,35.926002502441406,45.0,0.0,6.0,8.3,8.030924712652977,36.42164729885708
826,37.5,35.926002502441406,45.0,0.0,7.2,7.5,5.093544179348526,41.065480925543966
827,28.2,35.926002502441406,45.0,0.0,5.0,6.4,28.0132612233828,47.80928285636796
828,30.5,35.926002502441406,45.0,0.0,5.3,8.1,11.977685774027423,38.8843800418192
829,20.7,35.926002502441406,45.0,0.0,4.5,6.4,11.87857582596494,29.015003078175457
830,36.1,35.926002502441406,45.0,0.0,3.1,8.5,22.244630374529088,51.67124126217036
831,26.3,35.926002502441406,45.0,0.0,6.4,8.0,16.319374426886696,37.723562098820686
832,24.3,35.926002502441406,45.0,0.0,3.1,7.5,25.418260682018598,42.09278247741302
833,17.9,35.926002502441406,45.0,0.0,5.3,6.9,13.413530540365773,27.28947137825604
834,22.4,35.926002502441406,45.0,0.0,7.7,6.7,26.248559782939928,40.773991848057946
835,28.3,35.926002502441406,45.0,0.0,5.8,7.7,28.633014935999157,48.34311045519941
836,24.3,35.926002502441406,45.0,0.0,6.6,6.3,23.70158631845428,40.89111042291799
837,25.1,35.926002502441406,45.0,0.0,7.5,7.2,15.551174898673246,35.98582242907128
838,15.6,35.926002502441406,45.0,0.0,4.2,8.3,9.10615047263078,21.974305330841545
839,38.0,35.926002502441406,45.0,0.0,6.2,6.1,16.42457984560204,49.497205891921425
840,32.0,36.5260009765625,41.0,0.0,3.8,7.5,20.550543933079716,46.3853807531558
841,15.1,36.5260009765625,41.0,0.0,5.0,8.0,28.328529916532975,34.92997094157308
842,33.3,36.5260009765625,41.0,0.0,7.7,8.1,29.748118266267195,54.123682786387036
843,34.1,36.5260009765625,41.0,0.0,4.5,6.1,9.818354066357546,40.972847846450286
844,30.8,36.5260009765625,41.0,0.0,5.5,7.6,22.96095951301743,46.8726716591122
845,25.4,36.5260009765625,41.0,0.0,2.8,8.2,21.984323764264804,40.78902663498536
846,19.4,36.5260009765625,41.0,0.0,4.2,8.1,9.54400424804415,26.080802973630902
847,35.9,36.5260009765625,41.0,0.0,2.4,7.5,29.633176994749086,56.64322389632436
848,25.7,36.5260009765625,41.0,0.0,2.6,6.3,17.870230016429318,38.20916101150052
849,36.7,36.5260009765625,41.0,0.0,5.5,6.8,15.506407459020156,47.55448522131411
850,27.0,36.5260009765625,41.0,0.0,6.2,8.3,19.17867195475956,40.42507036833169
851,19.0,36.5260009765625,41.0,0.0,5.3,6.3,19.29951794599199,32.50966256219439
852,21.4,36.5260009765625,41.0,0.0,4.3,6.9,18.919263836603843,34.64348468562269
853,20.8,36.5260009765625,41.0,0.0,5.6,6.1,16.360902773294434,32.252631941306106
854,33.6,36.5260009765625,41.0,0.0,6.7,6.3,11.078372696951632,41.354860887866145
855,38.7,36.5260009765625,41.0,0.0,5.3,7.8,18.50689693533736,51.654827854736155
856,24.8,36.5260009765625,41.0,0.0,8.0,7.9,18.141015866750315,37.498711106725224
857,15.8,36.5260009765625,41.0,0.0,4.0,6.2,22.14870598704787,31.304094190933508
858,34.3,36.5260009765625,41.0,0.0,2.5,7.3,26.205572613299527,52.643900829309665
859,37.0,36.5260009765625,41.0,0.0,4.3,7.2,18.612702481469398,50.02889173702858
860,37.0,36.5260009765625,41.0,0.0,3.2,6.9,22.84550411220673,52.991852878544705
861,35.2,36.5260009765625,41.0,0.0,3.9,7.4,6.1941855566927835,39.53592988968495
862,20.5,36.5260009765625,41.0,0.0,7.0,7.4,16.833573207817423,32.283501245472195
863,39.7,36.5260009765625,41.0,0.0,7.0,6.9,19.85465967673951,53.59826177371766
864,24.3,36.5260009765625,41.0,0.0,6.3,6.2,22.442165149789854,40.00951560485289
865,21.3,36.5260009765625,41.0,0.0,6.3,6.5,26.68287741018215,39.978014187127506
866,39.4,36.5260009765625,41.0,0.0,7.7,7.8,7.037722135553826,44.32640549488768
867,39.5,36.5260009765625,41.0,0.0,7.7,8.1,17.508782028144417,51.756147419701094
868,18.1,36.5260009765625,41.0,0.0,3.0,6.7,18.586996073223062,31.110897251256144
869,33.3,36.5260009765625,41.0,0.0,4.8,6.0,29.9486162937831,54.26403140564817
870,31.5,36.5260009765625,41.0,0.0,3.7,7.1,12.849832065313631,40.49488244571954
871,16.8,36.5260009765625,41.0,0.0,2.4,7.8,7.285540779173154,21.89987854542121
872,38.4,36.5260009765625,41.0,0.0,7.1,7.3,21.693534859450885,53.58547440161561
873,25.0,36.5260009765625,41.0,0.0,5.9,6.2,10.389143936634692,32.272400755644284
874,24.0,36.5260009765625,41.0,0.0,5.9,6.3,11.061161164369995,31.742812815058997
875,35.1,36.5260009765625,41.0,0.0,6.1,7.9,19.043164755317875,48.43021532872251
876,20.4,36.5260009765625,41.0,0.0,5.5,6.2,23.66979042159874,36.96885329511912
877,21.5,36.5260009765625,41.0,0.0,2.5,8.3,11.435989451257502,29.50519261588025
878,26.5,36.5260009765625,41.0,0.0,4.6,6.0,19.735151627614645,40.31460613933025
879,15.2,36.5260009765625,41.0,0.0,3.6,6.6,15.64903983814219,26.154327886699534
880,30.8,36.5260009765625,41.0,0.0,5.2,7.1,24.27638796710657,47.793471576974596
881,39.1,36.5260009765625,41.0,0.0,3.4,7.2,21.689188967760302,54.282432277432214
882,34.7,36.5260009765625,41.0,0.0,7.4,7.6,7.783921430049544,40.14874500103468
883,36.9,36.5260009765625,41.0,0.0,3.4,6.3,8.926421785501743,43.148495249851216
884,36.9,36.5260009765625,41.0,0.0,4.6,6.5,28.585944408368725,56.91016108585811
885,18.8,36.5260009765625,41.0,0.0,7.4,6.8,27.581505138030046,38.10705359662103
886,33.0,36.5260009765625,41.0,0.0,4.0,7.7,22.115974201295383,48.481181940906765
887,27.9,36.5260009765625,41.0,0.0,5.5,7.3,13.735068468269317,37.51454792778852
888,38.3,36.5260009765625,41.0,0.0,2.4,7.9,21.689799168488488,53.48285941794194
889,38.2,36.5260009765625,41.0,0.0,6.7,6.3,5.921890523864685,42.34532336670528
890,15.7,36.5260009765625,41.0,0.0,2.2,8.2,9.883505021922204,22.618453515345543
891,31.4,36.5260009765625,41.0,0.0,2.2,7.1,24.42169162949785,48.49518414064849
892,22.2,36.5260009765625,41.0,0.0,4.0,7.2,24.655792789843908,39.45905495289073
893,29.4,36.5260009765625,41.0,0.0,7.9,6.5,19.137132834153398,42.795992983907375
894,26.2,36.5260009765625,41.0,0.0,3.1,6.5,29.261921462807866,46.6833450239655
895,36.7,36.5260009765625,41.0,0.0,3.5,7.1,27.767034245100394,56.136923971570276
896,32.6,36.5260009765625,41.0,0.0,6.6,7.2,16.378168637907883,44.06471804653552
897,30.2,36.5260009765625,41.0,0.0,5.2,8.1,5.353802069836517,33.94766144888556
898,34.9,36.5260009765625,41.0,0.0,5.4,7.1,5.405185133551897,38.68362959348632
899,20.3,36.5260009765625,41.0,0.0,6.4,7.8,16.147106978936577,31.602974885255605
900,28.0,36.7760009765625,38.0,0.0,5.9,6.8,16.11885579904968,39.28319905933478
901,22.8,36.7760009765625,38.0,0.0,6.6,6.8,26.610230357997022,41.42716125059792
902,29.6,36.7760009765625,38.0,0.0,3.4,6.6,16.762868934346518,41.334008254042566
903,31.2,36.7760009765625,38.0,0.0,3.4,6.1,7.370884633265701,36.35961924328599
904,25.4,36.7760009765625,38.0,0.0,6.0,8.4,13.430709281420562,34.80149649699439
905,29.3,36.7760009765625,38.0,0.0,5.5,7.9,19.262588153544286,42.783811707481
906,16.9,36.7760009765625,38.0,0.0,5.5,8.1,8.515548913731323,22.860884239611924
907,18.1,36.7760009765625,38.0,0.0,5.3,7.8,6.598767409660335,22.719137186762236
908,15.2,36.7760009765625,38.0,0.0,3.8,7.3,9.94166668684837,22.15916668079386
909,31.8,36.7760009765625,38.0,0.0,3.2,6.9,6.40189144136361,36.28132400895453
910,22.8,36.7760009765625,38.0,0.0,7.6,6.3,25.3625812505542,40.553806875387934
911,38.5,36.7760009765625,38.0,0.0,6.5,6.2,22.444717409694857,54.2113021867864
912,20.3,36.7760009765625,38.0,0.0,3.4,6.2,7.572358590821527,25.600651013575067
913,25.7,36.7760009765625,38.0,0.0,4.6,7.0,25.626830872370157,43.63878161065911
914,29.7,36.7760009765625,38.0,0.0,6.4,7.9,28.349099174141035,49.54436942189872
915,33.6,36.7760009765625,38.0,0.0,6.0,8.5,16.382568652077083,45.06779805645396
916,15.3,36.7760009765625,38.0,0.0,7.5,6.7,9.789822273111088,22.15287559117776
917,29.6,36.7760009765625,38.0,0.0,4.9,6.0,16.627298382747803,41.23910886792346
918,36.2,36.7760009765625,38.0,0.0,5.5,7.9,25.889304564990848,54.3225131954936
919,25.0,36.7760009765625,38.0,0.0,5.5,7.3,27.553783104223626,44.28764817295654
920,25.9,36.7760009765625,38.0,0.0,7.8,7.1,24.830726434893027,43.28150850442512
921,18.6,36.7760009765625,38.0,0.0,2.6,8.3,15.370282329527278,29.359197630669094
922,27.8,36.7760009765625,38.0,0.0,6.3,7.5,5.612617759219713,31.7288324314538
923,39.2,36.7760009765625,38.0,0.0,3.4,6.1,5.192047356794022,42.83443314975582
924,34.6,36.7760009765625,38.0,0.0,4.7,8.3,15.109821822632897,45.17687527584303
925,36.8,36.7760009765625,38.0,0.0,6.1,7.3,21.079079999558683,51.55535599969107
926,26.3,36.7760009765625,38.0,0.0,7.6,7.4,16.164904240596314,37.61543296841742
927,34.3,36.7760009765625,38.0,0.0,6.4,6.5,13.869341823154317,44.00853927620802
928,16.5,36.7760009765625,38.0,0.0,5.5,6.2,6.442952442653034,21.010066709857124
929,32.4,36.7760009765625,38.0,0.0,4.3,7.2,20.072837415601278,46.450986190920894
930,38.9,36.7760009765625,38.0,0.0,5.6,7.9,9.302215986483333,45.41155119053833
931,28.4,36.7760009765625,38.0,0.0,4.2,8.5,10.76506171720391,35.93554320204274
932,33.3,36.7760009765625,38.0,0.0,7.5,7.0,11.68796166189325,41.48157316332527
933,29.8,36.7760009765625,38.0,0.0,7.9,7.3,17.40483977356989,41.983387841498924
934,35.1,36.7760009765625,38.0,0.0,5.0,8.1,9.538319402165474,41.776823581515835
935,16.3,36.7760009765625,38.0,0.0,3.9,8.3,14.679959421866776,26.575971595306743
936,15.8,36.7760009765625,38.0,0.0,3.5,7.0,22.820416317860456,31.77429142250232
937,22.2,36.7760009765625,38.0,0.0,2.6,6.2,9.656489279201223,28.959542495440854
938,39.4,36.7760009765625,38.0,0.0,6.8,7.1,27.108165614113393,58.37571592987938
939,39.9,36.7760009765625,38.0,0.0,5.7,7.1,18.390365658385303,52.77325596086971
940,24.2,36.7760009765625,38.0,0.0,2.9,6.5,25.442805610960914,42.009963927672636
941,26.8,36.7760009765625,38.0,0.0,2.1,6.6,10.677304993822165,34.274113495675515
942,35.7,36.7760009765625,38.0,0.0,7.2,6.8,12.976001397104923,44.78320097797345
943,24.3,36.7760009765625,38.0,0.0,2.7,6.6,10.32453557116943,31.5271748998186
944,27.9,36.7760009765625,38.0,0.0,4.5,8.2,27.56915852994828,47.19841097096379
945,26.3,36.7760009765625,38.0,0.0,2.1,8.1,5.225810909332583,29.95806763653281
946,32.0,36.7760009765625,38.0,0.0,5.8,6.3,28.59441564358904,52.01609095051233
947,18.4,36.7760009765625,38.0,0.0,4.3,7.7,27.659437705628754,37.76160639394013
948,38.0,36.7760009765625,38.0,0.0,7.0,7.0,17.087980518973552,49.961586363281484
949,21.8,36.7760009765625,38.0,0.0,7.3,7.8,12.40551980579816,30.483863864058712
950,29.0,36.7760009765625,38.0,0.0,6.4,6.4,18.349818057624038,41.844872640336824
951,36.2,36.7760009765625,38.0,0.0,3.3,7.9,6.2408168875568535,40.5685718212898
952,25.4,36.7760009765625,38.0,0.0,5.1,7.4,23.439854178425275,41.80789792489769
953,39.0,36.7760009765625,38.0,0.0,2.5,6.7,7.731368946786663,44.411958262750666
954,23.7,36.7760009765625,38.0,0.0,4.8,6.3,9.75504218776792,30.528529531437542
955,24.4,36.7760009765625,38.0,0.0,3.3,8.1,11.314831133859379,32.320381793701564
956,22.3,36.7760009765625,38.0,0.0,7.2,7.4,24.463583377645207,39.424508364351645
957,34.4,36.7760009765625,38.0,0.0,6.1,7.3,29.40098709158831,54.980690964111815
958,24.9,36.7760009765625,38.0,0.0,2.8,7.2,8.92364954857726,31.14655468400408
959,33.6,36.7760009765625,38.0,0.0,7.9,7.4,16.026905368715774,44.81883375810104
960,30.1,36.32600021362305,38.0,0.0,3.7,7.9,19.566617259426764,43.79663208159874
961,25.3,36.32600021362305,38.0,0.0,4.4,7.8,17.91397646226917,37.839783523588416
962,34.4,36.32600021362305,38.0,0.0,7.5,8.3,29.096978332183426,54.767884832528395
963,33.0,36.32600021362305,38.0,0.0,3.8,7.5,14.088117675926066,42.86168237314824
964,37.2,36.32600021362305,38.0,0.0,4.3,7.2,12.582448994208544,46.00771429594598
965,29.5,36.32600021362305,38.0,0.0,3.6,6.7,23.08785742217194,45.66150019552036
966,37.7,36.32600021362305,38.0,0.0,7.9,7.1,7.189962974805882,42.73297408236412
967,22.7,36.32600021362305,38.0,0.0,5.8,8.0,14.83043709576352,33.08130596703446
968,20.7,36.32600021362305,38.0,0.0,7.4,6.2,15.346239345316762,31.442367541721733
969,22.4,36.32600021362305,38.0,0.0,2.3,7.6,7.74139242739356,27.81897469917549
970,21.9,36.32600021362305,38.0,0.0,3.9,7.8,17.673257163910353,34.27128001473724
971,24.4,36.32600021362305,38.0,0.0,7.6,6.8,26.067909168067438,42.6475364176472
972,15.1,36.32600021362305,38.0,0.0,3.9,8.4,16.93418246973168,26.953927728812175
973,15.5,36.32600021362305,38.0,0.0,3.7,7.6,22.81111606903733,31.46778124832613
974,17.0,36.32600021362305,38.0,0.0,3.0,8.1,26.635054585348563,35.64453820974399
975,21.2,36.32600021362305,38.0,0.0,3.7,7.8,27.889937251488856,40.722956076042195
976,24.9,36.32600021362305,38.0,0.0,4.2,8.0,5.372500625884372,28.66075043811906
977,38.3,36.32600021362305,38.0,0.0,5.0,8.2,12.1754468139358,46.82281276975506
978,20.0,36.32600021362305,38.0,0.0,6.9,8.3,10.272542626967617,27.190779838877333
979,37.5,36.32600021362305,38.0,0.0,2.8,8.0,14.830609121260439,47.8814263848823
980,37.2,36.32600021362305,38.0,0.0,6.4,7.0,12.495059228957704,45.946541460270396
981,39.4,36.32600021362305,38.0,0.0,2.6,7.6,25.542803947583614,57.27996276330853
982,33.2,36.32600021362305,38.0,0.0,6.4,8.5,17.16918587703027,45.21843011392119
983,19.3,36.32600021362305,38.0,0.0,5.5,6.3,18.049554735484044,31.93468831483883
984,18.0,36.32600021362305,38.0,0.0,5.1,7.5,18.907267989513556,31.23508759265949
985,29.0,36.32600021362305,38.0,0.0,2.7,6.9,18.81662123898736,42.17163486729115
986,25.7,36.32600021362305,38.0,0.0,4.7,8.1,14.78779707186981,36.051457950308865
987,39.5,36.32600021362305,38.0,0.0,5.2,7.5,24.528633417622174,56.67004339233552
988,36.7,36.32600021362305,38.0,0.0,7.0,8.2,10.226698169144846,43.858688718401396
989,25.8,36.32600021362305,38.0,0.0,3.5,6.5,15.59150132177303,36.714050925241125
990,34.7,36.32600021362305,38.0,0.0,5.4,7.6,24.941664168827494,52.15916491817924
991,17.9,36.32600021362305,38.0,0.0,2.6,7.5,5.1749200501274055,21.522444035089183
992,29.2,36.32600021362305,38.0,0.0,4.1,7.9,21.792875779208497,44.455013045445945
993,35.2,36.32600021362305,38.0,0.0,7.2,7.5,16.156865454508583,46.50980581815601
994,33.1,36.32600021362305,38.0,0.0,7.0,8.2,28.793929316472102,53.25575052153047
995,20.5,36.32600021362305,38.0,0.0,3.4,8.4,22.52192832493362,36.265349827453534
996,17.3,36.32600021362305,38.0,0.0,4.2,8.1,24.997737499054605,34.798416249338224
997,35.7,36.32600021362305,38.0,0.0,7.0,8.3,24.16465411414691,52.61525787990284
998,19.1,36.32600021362305,38.0,0.0,3.6,7.4,14.830700091559393,29.481490064091574
999,16.7,36.32600021362305,38.0,0.0,2.6,6.9,29.199897776247425,37.13992844337319
1000,29.0,36.32600021362305,38.0,0.0,3.3,7.6,29.037970928425516,49.32657964989786
1001,37.8,36.32600021362305,38.0,0.0,4.0,6.9,22.669932874556533,53.66895301218957
1002,35.1,36.32600021362305,38.0,0.0,6.7,7.5,24.837142509401193,52.48599975658084
1003,22.7,36.32600021362305,38.0,0.0,4.8,8.0,8.131758254026051,28.392230777818234
1004,19.4,36.32600021362305,38.0,0.0,4.3,6.8,28.349810160120338,39.244867112084236
1005,25.0,36.32600021362305,38.0,0.0,7.1,7.8,23.529953389984097,41.470967372988866
1006,36.7,36.32600021362305,38.0,0.0,4.3,6.8,7.96245128712849,42.27371590098994
1007,21.2,36.32600021362305,38.0,0.0,2.0,7.6,14.705416405885089,31.493791484119562
1008,39.0,36.32600021362305,38.0,0.0,5.4,7.7,27.75022978946022,58.425160852622156
1009,33.8,36.32600021362305,38.0,0.0,7.8,7.1,29.703283841436356,54.592298689005446
1010,39.7,36.32600021362305,38.0,0.0,6.5,7.2,29.54797294141499,60.383581058990494
1011,21.1,36.32600021362305,38.0,0.0,2.1,6.7,6.178063220268838,25.424644254188188
1012,27.2,36.32600021362305,38.0,0.0,4.3,6.2,6.302274827838701,31.61159237948709
1013,16.8,36.32600021362305,38.0,0.0,3.5,7.8,22.361274465118008,32.45289212558261
1014,15.2,36.32600021362305,38.0,0.0,3.1,6.2,29.474349986848434,35.832044990793904
1015,20.4,36.32600021362305,38.0,0.0,7.4,6.5,25.755221038207576,38.4286547267453
1016,17.4,36.32600021362305,38.0,0.0,5.7,7.1,13.827462866246098,27.079224006372264
1017,16.8,36.32600021362305,38.0,0.0,6.9,8.1,11.158913080660675,24.611239156462474
1018,37.4,36.32600021362305,38.0,0.0,5.4,7.7,22.142206451056303,52.89954451573941
1019,28.3,36.32600021362305,38.0,0.0,3.3,6.1,10.947122005178437,35.962985403624906
1020,21.4,33.375999450683594,51.0,0.0,4.9,6.9,10.718815165627387,28.903170615939167
1021,16.3,33.375999450683594,51.0,0.0,4.1,7.0,10.731606233147929,23.81212436320355
1022,38.9,33.375999450683594,51.0,0.0,4.4,6.7,20.917041782854042,53.54192924799783
1023,26.6,33.375999450683594,51.0,0.0,2.1,7.4,25.890742072857293,44.7235194510001
1024,19.2,33.375999450683594,51.0,0.0,4.6,6.4,29.969816506023,40.1788715542161
1025,30.7,33.375999450683594,51.0,0.0,6.7,7.7,13.755725326558686,40.32900772859108
1026,30.9,33.375999450683594,51.0,0.0,6.3,8.2,23.11596058370754,47.08117240859528
1027,34.4,33.375999450683594,51.0,0.0,5.2,7.6,16.662021716616003,46.0634152016312
1028,39.1,33.375999450683594,51.0,0.0,4.2,7.4,7.67377131074176,44.471639917519234
1029,26.7,33.375999450683594,51.0,0.0,2.7,7.5,9.566427089558575,33.396498962691
1030,21.9,33.375999450683594,51.0,0.0,4.9,7.3,18.419527976459406,34.793669583521584
1031,22.3,33.375999450683594,51.0,0.0,6.9,6.4,6.597764493368359,26.91843514535785
1032,30.3,33.375999450683594,51.0,0.0,7.8,8.3,10.983790851548413,37.98865359608389
1033,23.6,33.375999450683594,51.0,0.0,2.4,6.1,14.165157981900734,33.515610587330514
1034,29.4,33.375999450683594,51.0,0.0,4.8,6.7,9.52248610095147,36.065740270666026
1035,17.2,33.375999450683594,51.0,0.0,7.4,8.5,20.962256294587082,31.873579406210958
1036,37.7,33.375999450683594,51.0,0.0,6.8,8.0,18.263543501516402,50.484480451061486
1037,32.0,33.375999450683594,51.0,0.0,4.7,6.8,19.177636073800198,45.424345251660135
1038,19.9,33.375999450683594,51.0,0.0,5.6,6.7,10.288965750742978,27.102276025520084
1039,23.7,33.375999450683594,51.0,0.0,5.1,8.2,6.578184219234608,28.304728953464224
1040,22.0,33.375999450683594,51.0,0.0,3.4,6.2,14.31182100014915,32.018274700104406
1041,17.1,33.375999450683594,51.0,0.0,5.8,6.3,6.604915313714492,21.723440719600145
1042,35.3,33.375999450683594,51.0,0.0,6.5,7.4,22.59756444658108,51.11829511260675
1043,20.0,33.375999450683594,51.0,0.0,7.4,6.0,10.019900650272843,27.01393045519099
1044,23.9,33.375999450683594,51.0,0.0,7.8,7.7,12.086201680502626,32.36034117635184
1045,19.0,33.375999450683594,51.0,0.0,4.3,6.0,18.841077503841,32.188754252688696
1046,18.7,33.375999450683594,51.0,0.0,2.3,8.0,23.625220152078565,35.237654106455
1047,29.8,33.375999450683594,51.0,0.0,5.7,6.4,23.118089440174064,45.98266260812184
1048,15.6,33.375999450683594,51.0,0.0,3.4,6.9,28.516886738065658,35.56182071664596
1049,22.4,33.375999450683594,51.0,0.0,2.5,7.8,9.437106266201425,29.005974386340995
1050,40.0,33.375999450683594,51.0,0.0,3.7,6.5,7.348761205847913,45.14413284409354
1051,18.2,33.375999450683594,51.0,0.0,5.5,6.3,10.454490340253091,25.518143238177164
1052,21.9,33.375999450683594,51.0,0.0,6.1,7.9,24.64143009543878,39.149001066807145
1053,35.4,33.375999450683594,51.0,0.0,6.4,6.1,20.63446079968381,49.84412255977867
1054,33.4,33.375999450683594,51.0,0.0,3.7,8.4,26.549477076409584,51.98463395348671
1055,34.7,33.375999450683594,51.0,0.0,2.0,6.6,22.690417874398623,50.58329251207904
1056,39.7,33.375999450683594,51.0,0.0,3.1,8.4,19.270375041931135,53.189262529351794
1057,22.7,33.375999450683594,51.0,0.0,3.5,7.6,6.978648255421891,27.585053778795324
1058,38.9,33.375999450683594,51.0,0.0,7.0,8.1,29.528576876238485,59.57000381336694
1059,39.7,33.375999450683594,51.0,0.0,2.2,6.0,8.929157944036588,45.95041056082562
1060,39.8,33.375999450683594,51.0,0.0,2.4,6.4,17.892423255907396,52.324696279135175
1061,17.7,33.375999450683594,51.0,0.0,5.2,7.1,20.569016047196428,32.0983112330375
1062,19.0,33.375999450683594,51.0,0.0,2.2,7.4,26.101694255241853,37.271185978669294
1063,25.0,33.375999450683594,51.0,0.0,3.7,6.0,13.621632187832473,34.535142531482734
1064,31.5,33.375999450683594,51.0,0.0,3.5,7.5,14.379191820890167,41.565434274623115
1065,29.6,33.375999450683594,51.0,0.0,6.6,8.2,19.21911419266224,43.05337993486357
1066,22.7,33.375999450683594,51.0,0.0,5.4,6.6,24.14503992716621,39.601527949016344
1067,16.9,33.375999450683594,51.0,0.0,3.0,7.7,27.775517775341616,36.34286244273913
1068,37.4,33.375999450683594,51.0,0.0,3.3,7.4,8.705613574095834,43.49392950186708
1069,37.7,33.375999450683594,51.0,0.0,2.9,7.7,22.260519786212253,53.28236385034858
1070,30.3,33.375999450683594,51.0,0.0,4.9,8.1,18.804968754671563,43.4634781282701
1071,15.2,33.375999450683594,51.0,0.0,4.2,6.1,17.080555160182634,27.15638861212784
1072,22.3,33.375999450683594,51.0,0.0,7.8,6.4,20.476090508759945,36.63326335613196
1073,26.8,33.375999450683594,51.0,0.0,4.1,7.4,14.510813281628284,36.9575692971398
1074,34.9,33.375999450683594,51.0,0.0,5.0,6.2,12.05142437250549,43.33599706075384
1075,15.9,33.375999450683594,51.0,0.0,5.6,8.4,15.108479984508795,26.475935989156156
1076,28.0,33.375999450683594,51.0,0.0,3.8,8.3,21.600032579843482,43.120022805890436
1077,25.6,33.375999450683594,51.0,0.0,7.1,8.3,13.388612644968513,34.97202885147796
1078,19.3,33.375999450683594,51.0,0.0,7.0,6.8,22.352383919896845,34.94666874392779
1079,35.9,33.375999450683594,51.0,0.0,3.7,7.2,24.730854799910784,53.21159835993755
1080,17.7,31.42599868774414,60.0,0.0,6.1,8.4,22.048166092555384,33.13371626478877
1081,28.9,31.42599868774414,60.0,0.0,5.7,8.2,10.156585789002179,36.009610052301525
1082,21.5,31.42599868774414,60.0,0.0,6.0,8.3,19.691798901982686,35.28425923138788
1083,33.7,31.42599868774414,60.0,0.0,4.6,6.5,28.735965528785208,53.815175870149645
1084,36.9,31.42599868774414,60.0,0.0,6.7,6.5,17.07237611688109,48.850663281816765
1085,15.5,31.42599868774414,60.0,0.0,4.5,8.0,12.500271592631114,24.25019011484178
1086,39.3,31.42599868774414,60.0,0.0,2.7,8.2,10.502069376438815,46.65144856350717
1087,21.3,31.42599868774414,60.0,0.0,5.5,6.2,28.609936988088105,41.32695589166167
1088,17.9,31.42599868774414,60.0,0.0,7.5,6.2,24.53257623538506,35.07280336476954
1089,17.6,31.42599868774414,60.0,0.0,7.8,7.4,29.99819242517762,38.59873469762434
1090,38.2,31.42599868774414,60.0,0.0,6.8,6.0,29.464806613161585,58.82536462921311
1091,24.2,31.42599868774414,60.0,0.0,5.3,6.7,17.918695642502705,36.74308694975189
1092,26.4,31.42599868774414,60.0,0.0,5.6,7.0,29.625017624974564,47.13751233748219
1093,18.4,31.42599868774414,60.0,0.0,7.5,7.9,25.37130935477311,36.15991654834117
1094,35.4,31.42599868774414,60.0,0.0,6.6,7.0,5.499307317700068,39.249515122390044
1095,22.9,31.42599868774414,60.0,0.0,6.2,8.4,19.24889272305836,36.37422490614085
1096,20.4,31.42599868774414,60.0,0.0,6.9,8.4,16.499319236026743,31.949523465218718
1097,31.0,31.42599868774414,60.0,0.0,6.1,6.5,27.71457945807084,50.40020562064959
1098,38.9,31.42599868774414,60.0,0.0,5.4,8.3,8.733492617823527,45.013444832476466
1099,27.4,31.42599868774414,60.0,0.0,5.9,6.2,16.6225361595644,39.035775311695076
1100,17.5,31.42599868774414,60.0,0.0,4.3,8.5,19.153577747652022,30.907504423356414
1101,18.9,31.42599868774414,60.0,0.0,2.2,7.5,26.602903510213427,37.52203245714939
1102,39.3,31.42599868774414,60.0,0.0,4.4,6.0,10.200157897930001,46.440110528550996
1103,20.1,31.42599868774414,60.0,0.0,4.6,6.0,7.824854939705151,25.577398457793606
1104,24.2,31.42599868774414,60.0,0.0,3.2,6.1,7.197357243359354,29.238150070351548
1105,21.6,31.42599868774414,60.0,0.0,6.4,6.3,26.05728990422118,39.84010293295482
1106,19.7,31.42599868774414,60.0,0.0,7.0,8.1,12.657957291923248,28.560570104346272
1107,39.8,31.42599868774414,60.0,0.0,6.5,8.2,19.88854648046019,53.72198253632213
1108,35.3,31.42599868774414,60.0,0.0,3.4,7.6,17.482552174023887,47.53778652181671
1109,28.2,31.42599868774414,60.0,0.0,5.6,8.0,20.001830936207295,42.201281655345106
1110,29.2,31.42599868774414,60.0,0.0,4.7,6.0,11.083917212079015,36.958742048455306
1111,17.0,31.42599868774414,60.0,0.0,5.2,6.4,29.427921112560206,37.59954477879214
1112,36.4,31.42599868774414,60.0,0.0,4.5,6.8,28.342658021978437,56.2398606153849
1113,18.4,31.42599868774414,60.0,0.0,7.4,7.9,19.771140103260972,32.23979807228268
1114,27.9,31.42599868774414,60.0,0.0,5.1,7.0,21.420092359175772,42.89406465142304
1115,22.1,31.42599868774414,60.0,0.0,6.1,6.9,5.033342806786568,25.6233399647506
1116,32.4,31.42599868774414,60.0,0.0,3.0,8.4,10.51245340305218,39.758717382136524
1117,21.8,31.42599868774414,60.0,0.0,7.1,7.6,24.926914924602926,39.24884044722205
1118,20.2,31.42599868774414,60.0,0.0,3.7,8.2,11.86986630155989,28.50890641109192
1119,28.1,31.42599868774414,60.0,0.0,7.0,6.9,11.187455575833706,35.9312189030836
1120,29.8,31.42599868774414,60.0,0.0,7.1,6.7,24.802326278117114,47.16162839468198
1121,15.8,31.42599868774414,60.0,0.0,4.9,7.8,10.666342898074546,23.266440028652184
1122,29.8,31.42599868774414,60.0,0.0,7.5,6.3,22.82429737344526,45.77700816141168
1123,30.3,31.42599868774414,60.0,0.0,5.7,7.0,8.573295760961892,36.30130703267332
1124,23.4,31.42599868774414,60.0,0.0,5.9,8.4,19.783634246653037,37.248543972657124
1125,24.2,31.42599868774414,60.0,0.0,6.6,7.0,10.06471345620626,31.24529941934438
1126,22.1,31.42599868774414,60.0,0.0,2.9,6.7,25.949955792069908,40.26496905444894
1127,33.5,31.42599868774414,60.0,0.0,5.8,6.5,17.62651606838935,45.83856124787255
1128,21.4,31.42599868774414,60.0,0.0,7.8,8.2,11.274149553636244,29.29190468754537
1129,22.9,31.42599868774414,60.0,0.0,5.7,8.2,28.83769795976237,43.08638857183365
1130,37.7,31.42599868774414,60.0,0.0,3.5,8.2,25.818037414092494,55.77262618986475
1131,25.2,31.42599868774414,60.0,0.0,3.7,7.8,7.249742242060759,30.27481956944253
1132,18.9,31.42599868774414,60.0,0.0,4.2,6.5,11.575907330481392,27.003135131336975
1133,25.8,31.42599868774414,60.0,0.0,3.8,6.8,21.510651825829484,40.85745627808064
1134,26.7,31.42599868774414,60.0,0.0,4.3,8.0,15.471459384593027,37.530021569215116
1135,27.0,31.42599868774414,60.0,0.0,5.1,6.5,19.59455356225368,40.71618749357758
1136,30.7,31.42599868774414,60.0,0.0,5.1,8.4,22.090887506013296,46.1636212542093
1137,23.8,31.42599868774414,60.0,0.0,4.6,6.9,29.984905186328497,44.78943363042995
1138,38.8,31.42599868774414,60.0,0.0,7.8,6.7,15.817947024402692,49.87256291708188
1139,19.7,31.42599868774414,60.0,0.0,6.0,6.4,25.459305537448206,37.521513876213746
1140,18.0,30.025999069213867,70.0,0.0,6.5,6.6,13.647797699512047,27.55345838965843
1141,27.4,30.025999069213867,70.0,0.0,3.5,6.6,19.272387122882463,40.890670986017724
1142,19.4,30.025999069213867,70.0,0.0,6.1,7.5,21.430167231301034,34.401117061910725
1143,28.1,30.025999069213867,70.0,0.0,2.9,7.3,24.119008311352832,44.983305817946984
1144,28.5,30.025999069213867,70.0,0.0,7.2,7.1,19.57835671764439,42.20484970235107
1145,29.6,30.025999069213867,70.0,0.0,7.2,6.5,21.518742517264215,44.66311976208495
1146,34.5,30.025999069213867,70.0,0.0,3.5,7.3,5.844339887176984,38.59103792102389
1147,21.6,30.025999069213867,70.0,0.0,5.5,8.2,8.746026154106321,27.722218307874428
1148,21.8,30.025999069213867,70.0,0.0,3.8,7.6,5.531834145384547,25.672283901769184
1149,15.3,30.025999069213867,70.0,0.0,7.9,7.5,6.782542308724391,20.047779616107075
1150,22.4,30.025999069213867,70.0,0.0,2.6,6.6,17.005112634774722,34.303578844342304
1151,16.1,30.025999069213867,70.0,0.0,7.1,8.5,9.644268927881871,22.85098824951731
1152,38.1,30.025999069213867,70.0,0.0,3.1,6.3,13.356671024142848,47.44966971689999
1153,37.5,30.025999069213867,70.0,0.0,2.2,6.5,22.692001116863445,53.38440078180441
1154,27.6,30.025999069213867,70.0,0.0,5.1,6.7,28.230729993441642,47.36151099540915
1155,19.4,30.025999069213867,70.0,0.0,2.5,7.1,13.314563480720242,28.720194436504165
1156,27.2,30.025999069213867,70.0,0.0,3.9,7.2,14.650929392905946,37.45565057503416
1157,22.2,30.025999069213867,70.0,0.0,7.5,8.5,28.29604380008136,42.00723066005695
1158,23.9,30.025999069213867,70.0,0.0,3.3,8.4,11.537251944549368,31.976076361184553
1159,25.9,30.025999069213867,70.0,0.0,7.9,8.5,21.77195227063857,41.140366589447
1160,24.7,30.025999069213867,70.0,0.0,3.7,7.6,19.641838776485876,38.44928714354011
1161,32.3,30.025999069213867,70.0,0.0,3.0,8.3,11.029235860544263,40.02046510238098
1162,30.6,30.025999069213867,70.0,0.0,6.4,8.4,28.43391227039959,50.50373858927971
1163,23.1,30.025999069213867,70.0,0.0,6.1,7.8,5.770576130447681,27.13940329131338
1164,19.2,30.025999069213867,70.0,0.0,5.3,8.0,21.189507447015153,34.032655212910605
1165,31.5,30.025999069213867,70.0,0.0,2.2,8.5,12.586635644752356,40.31064495132665
1166,17.5,30.025999069213867,70.0,0.0,4.7,7.7,12.33289578012582,26.133027046088074
1167,28.9,30.025999069213867,70.0,0.0,6.9,8.4,14.161983814078978,38.813388669855286
1168,30.8,30.025999069213867,70.0,0.0,6.3,8.2,25.44562818989731,48.61193973292812
1169,17.2,30.025999069213867,70.0,0.0,2.3,6.3,16.57631116391449,28.803417814740143
1170,26.1,30.025999069213867,70.0,0.0,4.0,6.6,8.058995080272478,31.741296556190736
1171,17.2,30.025999069213867,70.0,0.0,5.0,8.2,22.736930745663383,33.115851521964366
1172,29.8,30.025999069213867,70.0,0.0,6.6,7.1,26.27430432311877,48.19201302618313
1173,25.7,30.025999069213867,70.0,0.0,7.1,6.2,12.139674648283837,34.19777225379868
1174,34.6,30.025999069213867,70.0,0.0,6.2,7.9,6.796932946183006,39.357853062328104
1175,20.0,30.025999069213867,70.0,0.0,3.3,6.5,5.634326693134307,23.944028685194013
1176,27.7,30.025999069213867,70.0,0.0,7.5,6.7,8.155932536195198,33.409152775336636
1177,16.1,30.025999069213867,70.0,0.0,2.5,6.3,10.399227382441872,23.37945916770931
1178,27.3,30.025999069213867,70.0,0.0,5.1,6.4,29.388645108764432,47.87205157613511
1179,31.2,30.025999069213867,70.0,0.0,4.6,7.6,26.09737435738514,49.468162050169596
1180,34.8,30.025999069213867,70.0,0.0,7.6,7.3,29.19234365682634,55.234640559778434
1181,15.6,30.025999069213867,70.0,0.0,2.8,6.8,17.2302787705413,27.66119513937891
1182,24.8,30.025999069213867,70.0,0.0,2.6,7.6,10.601256383079829,32.22087946815588
1183,36.4,30.025999069213867,70.0,0.0,6.3,6.9,22.6356429916007,52.24495009412049
1184,37.4,30.025999069213867,70.0,0.0,7.0,7.4,7.340592368304925,42.53841465781345
1185,18.7,30.025999069213867,70.0,0.0,2.6,8.4,6.6033886263604025,23.32237203845228
1186,30.1,30.025999069213867,70.0,0.0,2.8,6.6,28.88709278231711,50.320964947621974
1187,18.6,30.025999069213867,70.0,0.0,4.2,7.3,13.751248130927006,28.225873691648907
1188,21.4,30.025999069213867,70.0,0.0,6.1,7.4,21.164780447307304,36.21534631311511
1189,32.6,30.025999069213867,70.0,0.0,2.2,8.4,5.883731949588606,36.71861236471202
1190,39.1,30.025999069213867,70.0,0.0,6.6,8.3,12.972118227323836,48.18048275912669
1191,33.6,30.025999069213867,70.0,0.0,2.4,8.0,26.531208399226383,52.17184587945847
1192,16.2,30.025999069213867,70.0,0.0,4.2,7.4,19.846304111381695,30.092412877967185
1193,19.9,30.025999069213867,70.0,0.0,5.5,8.2,19.089707306942998,33.2627951148601
1194,16.7,30.025999069213867,70.0,0.0,5.6,6.7,6.395685665174939,21.176979965622458
1195,28.0,30.025999069213867,70.0,0.0,5.0,8.4,14.21746213929689,37.95222349750782
1196,22.5,30.025999069213867,70.0,0.0,5.7,7.8,26.03371275525123,40.723598928675855
1197,34.4,30.025999069213867,70.0,0.0,3.6,8.3,10.906069308869899,42.034248516208926
1198,23.9,30.025999069213867,70.0,0.0,7.6,6.8,16.668614113812758,35.56802987966893
1199,20.5,30.025999069213867,70.0,0.0,7.8,7.6,19.17750280409702,33.92425196286791
1200,29.2,29.17599868774414,75.0,0.0,2.4,6.8,14.794732728969855,39.5563129102789
1201,22.9,29.17599868774414,75.0,0.0,2.6,7.7,10.63844451438165,30.34691116006715
1202,38.7,29.17599868774414,75.0,0.0,6.5,8.3,10.787323407075355,46.25112638495275
1203,20.6,29.17599868774414,75.0,0.0,2.0,7.3,25.161657782201377,38.213160447540965
1204,17.5,29.17599868774414,75.0,0.0,7.6,7.7,5.764902121492184,21.535431485044526
1205,26.2,29.17599868774414,75.0,0.0,4.0,6.6,24.104143728455057,43.072900609918534
1206,35.2,29.17599868774414,75.0,0.0,4.8,6.7,20.270310967107683,49.38921767697538
1207,16.6,29.17599868774414,75.0,0.0,6.7,8.4,10.583239280501108,24.008267496350776
1208,22.5,29.17599868774414,75.0,0.0,5.0,8.0,8.91199187883677,28.738394315185737
1209,17.1,29.17599868774414,75.0,0.0,6.0,7.2,16.802613685909442,28.86182958013661
1210,16.9,29.17599868774414,75.0,0.0,7.5,8.3,11.725168176560262,25.10761772359218
1211,28.2,29.17599868774414,75.0,0.0,2.8,7.0,24.061720720473048,45.04320450433113
1212,22.3,29.17599868774414,75.0,0.0,4.1,7.3,7.740161593904666,27.718113115733267
1213,32.5,29.17599868774414,75.0,0.0,7.2,8.4,17.296858658258888,44.60780106078122
1214,31.0,29.17599868774414,75.0,0.0,6.8,7.5,7.971804097023012,36.580262867916105
1215,33.6,29.17599868774414,75.0,0.0,4.4,6.8,22.418994923219806,49.29329644625386
1216,35.7,29.17599868774414,75.0,0.0,4.7,8.1,21.15803275618445,50.51062292932912
1217,23.5,29.17599868774414,75.0,0.0,2.3,7.3,25.595252983639103,41.416677088547374
1218,32.3,29.17599868774414,75.0,0.0,2.8,8.0,16.762884700291654,44.03401929020416
1219,39.5,29.17599868774414,75.0,0.0,5.0,6.2,27.002858412693904,58.40200088888573
1220,30.8,29.17599868774414,75.0,0.0,7.4,6.1,9.271852262393821,37.290296583675676
1221,28.6,29.17599868774414,75.0,0.0,2.7,6.7,26.739511343505743,47.31765794045402
1222,31.1,29.17599868774414,75.0,0.0,3.3,7.0,9.620165568141188,37.83411589769883
1223,36.0,29.17599868774414,75.0,0.0,2.6,7.1,6.516079056421338,40.561255339494934
1224,25.3,29.17599868774414,75.0,0.0,6.4,6.7,9.408182595119754,31.885727816583827
1225,16.9,29.17599868774414,75.0,0.0,5.6,8.0,18.83894712171376,30.08726298519963
1226,20.6,29.17599868774414,75.0,0.0,5.7,6.5,16.010042329326907,31.807029630528838
1227,27.8,29.17599868774414,75.0,0.0,4.4,8.0,25.931192327523025,45.951834629266116
1228,33.3,29.17599868774414,75.0,0.0,6.4,7.0,14.079489936145396,43.15564295530177
1229,23.0,29.17599868774414,75.0,0.0,3.9,7.8,28.017454803945938,42.61221836276216
1230,28.5,29.17599868774414,75.0,0.0,5.7,6.5,29.595859688223676,49.21710178175657
1231,38.1,29.17599868774414,75.0,0.0,6.7,6.2,8.262138103261659,43.883496672283165
1232,32.4,29.17599868774414,75.0,0.0,2.8,6.5,24.584821107549867,49.609374775284905
1233,17.4,29.17599868774414,75.0,0.0,3.1,8.4,18.915865247364117,30.64110567315488
1234,23.6,29.17599868774414,75.0,0.0,7.0,7.6,8.882776923530704,29.817943846471493
1235,17.0,29.17599868774414,75.0,0.0,3.2,8.0,6.859193574901132,21.80143550243079
1236,38.1,29.17599868774414,75.0,0.0,5.7,6.6,9.365172086653907,44.65562046065774
1237,19.6,29.17599868774414,75.0,0.0,7.5,7.4,9.450093878314824,26.215065714820376
1238,38.9,29.17599868774414,75.0,0.0,5.0,6.6,7.79843803889987,44.358906627229906
1239,23.7,29.17599868774414,75.0,0.0,5.6,6.7,9.85684837697749,30.599793863884244
1240,35.0,29.17599868774414,75.0,0.0,4.7,7.6,7.587463145953614,40.31122420216753
1241,39.5,29.17599868774414,75.0,0.0,7.1,6.8,6.58576783719335,44.110037486035345
1242,21.1,29.17599868774414,75.0,0.0,2.9,7.1,6.915816507866591,25.941071555506614
1243,22.9,29.17599868774414,75.0,0.0,5.2,8.1,22.40864568456832,38.58605197919782
1244,32.5,29.17599868774414,75.0,0.0,2.5,6.8,17.255587792807777,44.57891145496544
1245,17.6,29.17599868774414,75.0,0.0,6.1,6.6,20.363438288127163,31.854406801689017
1246,32.7,29.17599868774414,75.0,0.0,6.1,8.4,28.945358861257997,52.9617512028806
1247,20.6,29.17599868774414,75.0,0.0,6.7,6.8,27.33544684806777,39.734812793647436
1248,29.3,29.17599868774414,75.0,0.0,4.1,6.2,19.692781153976927,43.08494680778385
1249,36.8,29.17599868774414,75.0,0.0,2.5,7.2,13.952766050361946,46.56693623525336
1250,29.5,29.17599868774414,75.0,0.0,4.5,8.2,13.286846888044819,38.800792821631376
1251,32.2,29.17599868774414,75.0,0.0,5.1,7.2,12.727855538716028,41.109498877101224
1252,29.0,29.17599868774414,75.0,0.0,6.5,7.5,20.30453172482146,43.213172207375024
1253,24.6,29.17599868774414,75.0,0.0,3.7,6.5,16.885598352286433,36.4199188466005
1254,20.9,29.17599868774414,75.0,0.0,6.4,8.1,16.995432020489055,32.79680241434234
1255,18.0,29.17599868774414,75.0,0.0,3.8,8.3,18.444851688495085,30.911396181946557
1256,17.4,29.17599868774414,75.0,0.0,5.3,6.8,12.257850141053254,25.980495098737276
1257,30.1,29.17599868774414,75.0,0.0,5.7,6.9,19.795268411639853,43.9566878881479
1258,31.1,29.17599868774414,75.0,0.0,7.1,6.5,29.296647569427936,51.60765329859956
1259,24.1,29.17599868774414,75.0,0.0,5.8,7.4,25.756118264977324,42.12928278548412
1260,16.2,28.575998306274418,80.0,0.0,5.8,6.5,8.433020185563667,22.103114129894564
1261,20.7,28.575998306274418,80.0,0.0,7.4,7.5,14.485731198464983,30.840011838925484
1262,20.5,28.575998306274418,80.0,0.0,5.0,7.0,18.93645596337169,33.75551917436018
1263,26.5,28.575998306274418,80.0,0.0,6.3,6.3,28.0348736631972,46.12441156423804
1264,26.8,28.575998306274418,80.0,0.0,3.3,8.3,20.406507295454304,41.084555106818016
1265,39.8,28.575998306274418,80.0,0.0,5.6,6.7,9.559384907514989,46.49156943526049
1266,20.0,28.575998306274418,80.0,0.0,3.8,6.1,16.45262245320525,31.516835717243673
1267,33.0,28.575998306274418,80.0,0.0,4.1,7.3,5.93576929534287,37.155038506740006
1268,16.4,28.575998306274418,80.0,0.0,2.8,8.0,9.782387300473335,23.247671110331332
1269,21.0,28.575998306274418,80.0,0.0,4.4,7.8,14.272059310400751,30.990441517280523
1270,21.1,28.575998306274418,80.0,0.0,6.3,7.4,9.7862711888718,27.95038983221026
1271,22.8,28.575998306274418,80.0,0.0,6.3,8.0,16.76043706767333,34.53230594737133
1272,40.0,28.575998306274418,80.0,0.0,4.9,7.6,6.085417078540579,44.259791954978404
1273,38.6,28.575998306274418,80.0,0.0,3.4,8.1,14.66046757133529,48.862327299934705
1274,16.8,28.575998306274418,80.0,0.0,3.3,6.6,25.25664019431252,34.47964813601877
1275,16.6,28.575998306274418,80.0,0.0,7.5,7.5,29.79362025609369,37.455534179265584
1276,18.2,28.575998306274418,80.0,0.0,2.6,6.5,24.591618952732944,35.414133266913055
1277,27.9,28.575998306274418,80.0,0.0,5.1,7.2,27.76555249584476,47.33588674709133
1278,36.3,28.575998306274418,80.0,0.0,7.0,6.5,16.134786795590113,47.59435075691307
1279,21.9,28.575998306274418,80.0,0.0,5.0,8.0,28.530176624887797,41.871123637421455
1280,31.3,28.575998306274418,80.0,0.0,3.1,8.2,6.645055783428728,35.95153904840011
1281,21.6,28.575998306274418,80.0,0.0,5.9,8.3,12.386795928923304,30.27075715024631
1282,35.5,28.575998306274418,80.0,0.0,4.4,7.5,18.30728352715197,48.31509846900638
1283,15.0,28.575998306274418,80.0,0.0,3.4,8.0,21.831479741479395,30.282035819035578
1284,15.9,28.575998306274418,80.0,0.0,7.3,7.7,26.554776396015395,34.488343477210776
1285,33.5,28.575998306274418,80.0,0.0,2.6,6.7,27.371857822317786,52.66030047562245
1286,32.0,28.575998306274418,80.0,0.0,5.4,7.8,20.95522664780603,46.66865865346422
1287,33.3,28.575998306274418,80.0,0.0,6.7,6.1,25.633587175028183,51.243511022519726
1288,37.4,28.575998306274418,80.0,0.0,6.6,7.2,20.239296415881665,51.56750749111716
1289,22.6,28.575998306274418,80.0,0.0,3.7,7.5,18.211781045941454,35.34824673215902
1290,31.4,28.575998306274418,80.0,0.0,2.1,8.2,10.091591543727533,38.46411408060927
1291,34.5,28.575998306274418,80.0,0.0,3.9,7.9,5.411518114051054,38.28806267983574
1292,38.4,28.575998306274418,80.0,0.0,3.5,7.3,24.926334959479895,55.848434471635926
1293,28.7,28.575998306274418,80.0,0.0,3.3,7.0,23.223274505220946,44.95629215365466
1294,37.1,28.575998306274418,80.0,0.0,6.5,8.3,7.3542267957746,42.24795875704222
1295,31.4,28.575998306274418,80.0,0.0,6.9,7.9,19.98394792414834,45.38876354690383
1296,16.9,28.575998306274418,80.0,0.0,3.8,6.7,13.198478834701529,26.138935184291068
1297,20.8,28.575998306274418,80.0,0.0,5.0,8.2,11.550965661643719,28.885675963150604
1298,32.6,28.575998306274418,80.0,0.0,2.6,7.1,23.79513634148702,49.256595439040915
1299,36.0,28.575998306274418,80.0,0.0,3.7,6.9,17.556863550639292,48.289804485447505
1300,23.7,28.575998306274418,80.0,0.0,2.2,6.1,20.17612217107554,37.82328551975288
1301,39.0,28.575998306274418,80.0,0.0,6.7,7.8,25.092796905475062,56.56495783383254
1302,25.0,28.575998306274418,80.0,0.0,3.6,7.6,25.232470993800607,42.662729695660424
1303,33.0,28.575998306274418,80.0,0.0,2.9,7.9,20.110057266686802,47.07704008668076
1304,17.7,28.575998306274418,80.0,0.0,3.8,7.1,14.798115906729674,28.05868113471077
1305,16.8,28.575998306274418,80.0,0.0,7.9,7.7,23.477668997587532,33.23436829831127
1306,37.7,28.575998306274418,80.0,0.0,3.9,7.6,28.048049974885625,57.33363498241994
1307,24.6,28.575998306274418,80.0,0.0,6.1,6.0,19.30529608596406,38.11370726017484
1308,37.6,28.575998306274418,80.0,0.0,2.1,8.2,23.217388168854665,53.852171718198264
1309,16.5,28.575998306274418,80.0,0.0,4.6,7.7,28.152256829635114,36.206579780744576
1310,16.4,28.575998306274418,80.0,0.0,5.7,6.6,28.68707380382908,36.480951662680354
1311,19.4,28.575998306274418,80.0,0.0,2.7,6.3,23.649521457170316,35.95466502001922
1312,34.7,28.575998306274418,80.0,0.0,3.9,8.2,21.82322949831957,49.9762606488237
1313,38.5,28.575998306274418,80.0,0.0,6.0,7.0,20.855517785082828,53.09886244955798
1314,22.8,28.575998306274418,80.0,0.0,7.6,6.5,28.972287762480676,43.080601433736476
1315,20.5,28.575998306274418,80.0,0.0,4.3,6.1,6.191015123912781,24.833710586738945
1316,30.5,28.575998306274418,80.0,0.0,7.5,8.2,5.465593273415321,34.32591529139072
1317,26.2,28.575998306274418,80.0,0.0,7.8,6.2,12.831133642863472,35.18179355000443
1318,31.7,28.575998306274418,80.0,0.0,5.0,7.3,15.646621584454335,42.65263510911804
1319,17.3,28.575998306274418,80.0,0.0,4.4,7.9,21.1010446049173,32.07073122344211
1320,32.5,28.125999450683594,82.0,0.0,2.6,6.6,16.429376371430024,44.00056346000102
1321,29.9,28.125999450683594,82.0,0.0,7.0,8.4,24.913665286179263,47.33956570032548
1322,38.6,28.125999450683594,82.0,0.0,2.5,7.6,8.19686875837785,44.337808130864495
1323,27.7,28.125999450683594,82.0,0.0,7.3,7.8,12.787497327596938,36.65124812931786
1324,17.8,28.125999450683594,82.0,0.0,4.7,7.4,7.616385796977433,23.131470057884204
1325,36.5,28.125999450683594,82.0,0.0,7.7,7.0,11.141954287079596,44.29936800095572
1326,17.7,28.125999450683594,82.0,0.0,7.4,8.3,7.36570571928221,22.855994003497546
1327,24.1,28.125999450683594,82.0,0.0,5.2,6.1,10.883550222185544,31.718485155529883
1328,20.8,28.125999450683594,82.0,0.0,6.6,8.4,11.58801105588289,28.911607739118022
1329,26.0,28.125999450683594,82.0,0.0,2.3,6.7,21.573992498392236,41.10179474887457
1330,35.3,28.125999450683594,82.0,0.0,6.3,7.4,11.262155804931519,43.18350906345206
1331,31.4,28.125999450683594,82.0,0.0,3.8,7.6,19.604835175678033,45.12338462297462
1332,26.7,28.125999450683594,82.0,0.0,2.4,8.1,26.876325190586748,45.51342763341072
1333,37.4,28.125999450683594,82.0,0.0,5.5,8.1,14.37455572050915,47.462189004356404
1334,16.8,28.125999450683594,82.0,0.0,7.6,6.9,21.067404046705914,31.54718283269414
1335,28.3,28.125999450683594,82.0,0.0,5.6,7.8,8.468611791409614,34.22802825398673
1336,20.4,28.125999450683594,82.0,0.0,7.7,6.8,12.108922221448946,28.876245555014258
1337,30.7,28.125999450683594,82.0,0.0,2.4,8.2,17.897286420058236,43.22810049404076
1338,21.7,28.125999450683594,82.0,0.0,6.0,7.3,5.366658768962242,25.456661138273567
1339,30.1,28.125999450683594,82.0,0.0,4.0,8.3,15.429618327995179,40.90073282959663
1340,30.3,28.125999450683594,82.0,0.0,2.6,8.1,20.074750490857888,44.35232534360052
1341,39.9,28.125999450683594,82.0,0.0,3.8,6.6,6.747563347994641,44.62329434359625
1342,23.5,28.125999450683594,82.0,0.0,7.2,7.9,28.09658204118068,43.16760742882647
1343,33.7,28.125999450683594,82.0,0.0,3.3,6.7,8.091481577536046,39.36403710427523
1344,16.1,28.125999450683594,82.0,0.0,5.6,6.2,20.536842911747172,30.47579003822302
1345,19.9,28.125999450683594,82.0,0.0,6.9,7.2,15.670973782736915,30.86968164791584
1346,25.9,28.125999450683594,82.0,0.0,7.2,8.4,7.848724742638719,31.3941073198471
1347,23.6,28.125999450683594,82.0,0.0,4.0,7.7,8.505920029935218,29.554144020954652
1348,32.0,28.125999450683594,82.0,0.0,5.2,6.5,5.215957381107737,35.651170166775415
1349,19.5,28.125999450683594,82.0,0.0,5.9,7.9,12.290238900589452,28.103167230412616
1350,22.5,28.125999450683594,82.0,0.0,6.1,6.2,21.033029870211006,37.2231209091477
1351,37.7,28.125999450683594,82.0,0.0,2.4,7.0,27.791143751365645,57.15380062595595
1352,25.9,28.125999450683594,82.0,0.0,6.3,6.1,27.342454747250613,45.03971832307543
1353,26.8,28.125999450683594,82.0,0.0,3.4,7.0,17.97045498736053,39.37931849115237
1354,32.7,28.125999450683594,82.0,0.0,6.7,7.5,10.791706056975155,40.25419423988261
1355,39.8,28.125999450683594,82.0,0.0,6.6,6.7,29.377090790979366,60.36396355368555
1356,28.8,28.125999450683594,82.0,0.0,3.2,6.5,18.323236086249544,41.62626526037468
1357,28.2,28.125999450683594,82.0,0.0,2.9,7.0,9.453513015326923,34.81745911072885
1358,24.6,28.125999450683594,82.0,0.0,3.2,7.2,11.657008474763215,32.75990593233425
1359,39.4,28.125999450683594,82.0,0.0,5.4,6.4,5.370619800680094,43.159433860476064
1360,38.9,28.125999450683594,82.0,0.0,4.3,7.5,18.93386568114191,52.15370597679934
1361,19.0,28.125999450683594,82.0,0.0,5.3,7.5,27.059641928614266,37.94174935002998
1362,23.6,28.125999450683594,82.0,0.0,5.4,6.6,8.859048572845953,29.80133400099217
1363,32.0,28.125999450683594,82.0,0.0,4.2,8.4,7.289782053315384,37.10284743732077
1364,36.1,28.125999450683594,82.0,0.0,4.7,7.8,6.105812400674635,40.37406868047225
1365,17.4,28.125999450683594,82.0,0.0,7.4,8.4,25.829035200829654,35.480324640580754
1366,38.2,28.125999450683594,82.0,0.0,8.0,6.0,10.715070172275047,45.700549120592534
1367,17.1,28.125999450683594,82.0,0.0,3.8,7.5,12.419230715770942,25.79346150103966
1368,37.3,28.125999450683594,82.0,0.0,4.9,8.2,21.82237179243514,52.575660254704594
1369,17.8,28.125999450683594,82.0,0.0,6.3,6.5,5.05700029101299,21.339900203709092
1370,25.7,28.125999450683594,82.0,0.0,8.0,7.5,22.52597476960685,41.468182338724795
1371,38.6,28.125999450683594,82.0,0.0,6.0,7.0,11.181944626612731,46.42736123862891
1372,39.0,28.125999450683594,82.0,0.0,5.8,6.5,5.389391685853132,42.772574180097195
1373,30.1,28.125999450683594,82.0,0.0,3.7,6.6,6.947575060380011,34.96330254226601
1374,35.6,28.125999450683594,82.0,0.0,4.1,8.4,18.79673009674764,48.75771106772335
1375,24.1,28.125999450683594,82.0,0.0,7.4,7.0,16.00041274913105,35.30028892439174
1376,24.6,28.125999450683594,82.0,0.0,5.6,7.3,26.475262493425024,43.132683745397514
1377,33.3,28.125999450683594,82.0,0.0,6.3,6.8,19.24754694344412,46.77328286041088
1378,25.0,28.125999450683594,82.0,0.0,6.4,6.3,20.995823208749446,39.69707624612461
1379,21.1,28.125999450683594,82.0,0.0,4.8,6.8,13.931532266738476,30.852072586716936
1380,38.1,27.875999450683594,84.0,0.0,6.3,6.2,9.845922920127293,44.992146044089104
1381,26.8,27.875999450683594,84.0,0.0,4.0,7.1,5.334080711274673,30.533856497892273
1382,25.3,27.875999450683594,84.0,0.0,2.9,6.2,18.102867960372187,37.97200757226053
1383,26.5,27.875999450683594,84.0,0.0,5.2,6.0,15.799467602753735,37.559627321927614
1384,28.6,27.875999450683594,84.0,0.0,5.0,7.3,29.02258060098307,48.91580642068815
1385,24.6,27.875999450683594,84.0,0.0,2.8,7.0,21.326204997546142,39.5283434982823
1386,35.6,27.875999450683594,84.0,0.0,5.4,6.6,15.707908313192613,46.595535819234826
1387,21.9,27.875999450683594,84.0,0.0,7.8,7.0,9.441669495278555,28.509168646694988
1388,15.8,27.875999450683594,84.0,0.0,2.0,7.4,21.086590515441117,30.56061336080878
1389,34.7,27.875999450683594,84.0,0.0,4.1,8.1,25.398412331203378,52.478888631842366
1390,38.8,27.875999450683594,84.0,0.0,3.6,7.6,28.867289335640322,59.00710253494822
1391,22.3,27.875999450683594,84.0,0.0,5.6,6.8,26.25158175016397,40.67610722511478
1392,39.0,27.875999450683594,84.0,0.0,6.0,7.6,13.821399755599419,48.67497982891959
1393,19.1,27.875999450683594,84.0,0.0,7.2,7.4,12.676864961380975,27.97380547296668
1394,22.1,27.875999450683594,84.0,0.0,6.2,7.5,21.238169531044242,36.96671867173097
1395,18.3,27.875999450683594,84.0,0.0,3.3,8.0,24.293084482849263,35.30515913799448
1396,30.6,27.875999450683594,84.0,0.0,7.7,7.4,24.731935972448444,47.91235518071391
1397,38.1,27.875999450683594,84.0,0.0,2.2,6.5,5.259585807810864,41.78171006546761
1398,30.4,27.875999450683594,84.0,0.0,5.6,7.7,7.0140414846641725,35.30982903926492
1399,17.7,27.875999450683594,84.0,0.0,7.3,8.2,23.42151767005418,34.09506236903792
1400,38.7,27.875999450683594,84.0,0.0,7.3,6.8,27.290431616702772,57.80330213169194
1401,39.9,27.875999450683594,84.0,0.0,6.5,6.5,10.449492205016846,47.21464454351179
1402,20.3,27.875999450683594,84.0,0.0,2.6,6.6,16.22947619005529,31.660633333038703
1403,39.9,27.875999450683594,84.0,0.0,5.8,7.0,13.218498029637306,49.152948620746116
1404,26.6,27.875999450683594,84.0,0.0,4.3,7.2,14.081544795603461,36.45708135692242
1405,15.8,27.875999450683594,84.0,0.0,4.9,7.0,18.521123384438987,28.76478636910729
1406,25.8,27.875999450683594,84.0,0.0,5.4,7.3,16.721121678077637,37.504785174654344
1407,36.6,27.875999450683594,84.0,0.0,3.1,6.2,13.691693123125049,46.184185186187534
1408,26.4,27.875999450683594,84.0,0.0,2.9,6.8,13.637606497259922,35.94632454808195
1409,32.8,27.875999450683594,84.0,0.0,4.4,7.5,19.465809855479357,46.42606689883554
1410,39.4,27.875999450683594,84.0,0.0,6.3,7.6,21.706477466101756,54.59453422627123
1411,26.6,27.875999450683594,84.0,0.0,3.7,6.2,23.298637747200793,42.90904642304056
1412,33.0,27.875999450683594,84.0,0.0,4.7,6.1,7.469527925417822,38.22866954779248
1413,16.6,27.875999450683594,84.0,0.0,5.5,6.5,29.1165035282135,36.981552469749445
1414,26.6,27.875999450683594,84.0,0.0,3.3,7.6,19.638119330939666,40.34668353165777
1415,18.4,27.875999450683594,84.0,0.0,7.4,6.5,5.646729704624133,22.35271079323689
1416,39.9,27.875999450683594,84.0,0.0,7.5,7.8,11.583059744706485,48.00814182129454
1417,22.3,27.875999450683594,84.0,0.0,7.3,8.0,10.63133047139317,29.74193132997522
1418,19.3,27.875999450683594,84.0,0.0,6.8,6.9,10.439878209905105,26.607914746933574
1419,38.6,27.875999450683594,84.0,0.0,7.5,7.7,6.6935328839973725,43.285473018798164
1420,26.7,27.875999450683594,84.0,0.0,7.7,6.5,17.164434316871425,38.71510402180999
1421,39.2,27.875999450683594,84.0,0.0,6.2,7.9,24.857924047825975,56.600546833478184
1422,19.0,27.875999450683594,84.0,0.0,5.8,7.5,5.01614118457505,22.511298829202534
1423,29.3,27.875999450683594,84.0,0.0,5.9,6.1,25.33410347379768,47.033872431658374
1424,37.3,27.875999450683594,84.0,0.0,7.8,8.0,25.55419261405156,55.18793482983609
1425,23.9,27.875999450683594,84.0,0.0,6.8,7.1,25.943922324680106,42.06074562727607
1426,25.3,27.875999450683594,84.0,0.0,4.2,8.1,13.898582805060865,35.029007963542604
1427,22.8,27.875999450683594,84.0,0.0,7.0,8.0,9.585248069291548,29.509673648504084
1428,37.3,27.875999450683594,84.0,0.0,3.2,7.5,26.358918409867737,55.75124288690741
1429,32.4,27.875999450683594,84.0,0.0,6.6,6.5,5.179214873884506,36.025450411719156
1430,39.0,27.875999450683594,84.0,0.0,6.7,8.3,26.53776395256206,57.57643476679344
1431,19.7,27.875999450683594,84.0,0.0,4.2,6.4,17.164046796098575,31.714832757269
1432,38.9,27.875999450683594,84.0,0.0,4.1,6.3,29.19828386557245,59.338798705900714
1433,24.4,27.875999450683594,84.0,0.0,4.4,7.5,5.726466642615431,28.4085266498308
1434,20.1,27.875999450683594,84.0,0.0,5.5,6.4,7.435183141942765,25.304628199359936
1435,23.0,27.875999450683594,84.0,0.0,4.3,6.5,25.692140460409785,40.98449832228685
1436,24.7,27.875999450683594,84.0,0.0,5.7,6.9,18.62673188153409,37.73871231707386
1437,23.9,27.875999450683594,84.0,0.0,3.7,7.1,8.043517117992808,29.530461982594964
1438,19.5,27.875999450683594,84.0,0.0,3.4,8.4,16.20329139756316,30.84230397829421
1439,34.4,27.875999450683594,84.0,0.0,4.5,7.1,9.30347376396827,40.91243163477779
1440,38.1,27.775999069213867,85.0,0.0,6.1,7.8,16.249760466265773,49.47483232638604
1441,22.7,27.775999069213867,85.0,0.0,7.7,7.6,27.309571698857873,41.81670018920051
1442,30.3,27.775999069213867,85.0,0.0,6.3,6.9,27.937195689876837,49.856036982913785
1443,37.2,27.775999069213867,85.0,0.0,7.7,6.5,28.65207291633493,57.25645104143445
1444,30.8,27.775999069213867,85.0,0.0,7.4,8.1,9.316250996650254,37.32137569765518
1445,34.3,27.775999069213867,85.0,0.0,2.2,8.0,28.26045380279495,54.08231766195646
1446,33.2,27.775999069213867,85.0,0.0,2.2,7.8,25.522552207075886,51.06578654495313
1447,36.4,27.775999069213867,85.0,0.0,6.9,7.1,6.136081857494531,40.69525730024617
1448,39.8,27.775999069213867,85.0,0.0,2.5,6.7,6.1209178526787245,44.084642496875105
1449,20.3,27.775999069213867,85.0,0.0,2.6,8.2,12.832227266913481,29.282559086839434
1450,31.3,27.775999069213867,85.0,0.0,3.2,6.0,18.172086411948886,44.02046048836422
1451,39.9,27.775999069213867,85.0,0.0,4.2,6.9,14.145253567731285,49.801677497411895
1452,29.2,27.775999069213867,85.0,0.0,7.6,6.8,21.225557696896775,44.05789038782774
1453,15.0,27.775999069213867,85.0,0.0,2.6,7.3,20.245055803160973,29.17153906221268
1454,29.0,27.775999069213867,85.0,0.0,2.2,7.7,7.80656731402715,34.464597119819004
1455,15.4,27.775999069213867,85.0,0.0,3.4,6.5,26.581735702678525,34.00721499187497
1456,32.7,27.775999069213867,85.0,0.0,2.1,7.5,17.915645936378645,45.24095215546505
1457,34.5,27.775999069213867,85.0,0.0,3.4,7.5,23.898547179168933,51.22898302541825
1458,35.8,27.775999069213867,85.0,0.0,2.5,6.4,24.00339060703276,52.60237342492293
1459,30.8,27.775999069213867,85.0,0.0,2.2,8.1,27.99772572386269,50.39840800670388
1460,39.0,27.775999069213867,85.0,0.0,3.1,8.4,19.89297454820224,52.925082183741566
1461,37.5,27.775999069213867,85.0,0.0,4.3,8.2,12.582077545130916,46.30745428159164
1462,15.0,27.775999069213867,85.0,0.0,7.6,6.7,9.04596043221618,21.332172302551328
1463,25.0,27.775999069213867,85.0,0.0,6.2,7.2,15.90982165307949,36.13687515715564
1464,27.9,27.775999069213867,85.0,0.0,7.9,6.6,18.22711239384183,40.658978675689276
1465,15.3,27.775999069213867,85.0,0.0,5.6,7.8,20.533990580396313,29.67379340627742
1466,28.7,27.775999069213867,85.0,0.0,4.3,7.8,29.923715289005326,49.64660070230373
1467,28.2,27.775999069213867,85.0,0.0,3.3,7.3,29.85730126342464,49.100110884397246
1468,20.6,27.775999069213867,85.0,0.0,2.2,7.9,13.80790619284573,30.26553433499201
1469,15.6,27.775999069213867,85.0,0.0,3.9,7.0,11.616697206303161,23.731688044412213
1470,34.4,27.775999069213867,85.0,0.0,7.8,8.1,9.697263605274298,41.188084523692005
1471,38.7,27.775999069213867,85.0,0.0,4.9,8.2,22.93776317719182,54.75643422403428
1472,34.0,27.775999069213867,85.0,0.0,7.4,6.9,20.77802876470522,48.544620135293655
1473,25.3,27.775999069213867,85.0,0.0,4.1,6.2,23.80851242168029,41.965958695176205
1474,24.4,27.775999069213867,85.0,0.0,4.3,8.4,27.33850400338511,43.536952802369576
1475,28.6,27.775999069213867,85.0,0.0,3.8,7.0,10.138773057802414,35.69714114046169
1476,16.1,27.775999069213867,85.0,0.0,5.4,7.4,7.941039318213895,21.65872752274973
1477,27.5,27.775999069213867,85.0,0.0,3.0,7.1,9.900815080338294,34.4305705562368
1478,39.0,27.775999069213867,85.0,0.0,4.8,6.0,29.15240925408862,59.40668647786204
1479,29.4,27.775999069213867,85.0,0.0,5.9,7.8,9.404104172667578,35.9828729208673
1480,22.7,27.775999069213867,85.0,0.0,4.2,7.5,26.72083838859154,41.40458687201408
1481,37.1,27.775999069213867,85.0,0.0,4.6,7.9,24.19421766984665,54.03595236889265
1482,18.0,27.775999069213867,85.0,0.0,5.5,7.7,17.73878645587267,30.41715051911087
1483,15.4,27.775999069213867,85.0,0.0,7.1,6.8,19.293977319825114,28.90578412387758
1484,29.2,27.775999069213867,85.0,0.0,6.2,8.0,23.07268002300391,45.35087601610274
1485,16.7,27.775999069213867,85.0,0.0,5.2,7.1,28.260961731323796,36.48267321192665
1486,23.0,27.775999069213867,85.0,0.0,2.4,7.1,9.159627628772586,29.411739340140812
1487,39.3,27.775999069213867,85.0,0.0,6.2,6.6,25.651702863087987,57.25619200416159
1488,31.4,27.775999069213867,85.0,0.0,6.7,7.0,16.729740457029255,43.110818319920476
1489,16.5,27.775999069213867,85.0,0.0,5.3,6.2,15.799425025671313,27.55959751796992
1490,19.5,27.775999069213867,85.0,0.0,3.4,6.3,22.234263940033486,35.06398475802344
1491,20.0,27.775999069213867,85.0,0.0,2.1,6.3,8.220872795874671,25.75461095711227
1492,35.9,27.775999069213867,85.0,0.0,2.7,7.9,6.9846836466972935,40.7892785526881
1493,29.4,27.775999069213867,85.0,0.0,6.7,8.1,19.82267899724923,43.27587529807446
1494,34.3,27.775999069213867,85.0,0.0,2.0,7.8,8.87356046859821,40.51149232801875
1495,20.6,27.775999069213867,85.0,0.0,4.0,8.2,18.96448941847254,33.87514259293078
1496,19.5,27.775999069213867,85.0,0.0,3.1,6.3,23.35310924566104,35.847176471962726
1497,28.2,27.775999069213867,85.0,0.0,7.6,7.9,15.98299134382901,39.38809394068031
1498,32.8,27.775999069213867,85.0,0.0,4.3,6.6,27.323099097076884,51.92616936795382
1499,16.4,27.775999069213867,85.0,0.0,6.8,7.3,22.80835060189582,32.36584542132707
1500,21.8,27.625999450683594,86.0,0.0,5.5,7.2,19.09038340776189,35.16326838543333
1501,33.6,27.625999450683594,86.0,0.0,4.0,7.9,24.368194389252064,50.657736072476446
1502,36.8,27.625999450683594,86.0,0.0,4.8,6.6,21.155563110040557,51.60889417702839
1503,34.9,27.625999450683594,86.0,0.0,2.7,6.3,17.1675888031004,46.917312162170276
1504,18.2,27.625999450683594,86.0,0.0,5.7,7.6,9.914493012489569,25.140145108742697
1505,37.6,27.625999450683594,86.0,0.0,2.3,7.4,7.949370269954138,43.1645591889679
1506,38.8,27.625999450683594,86.0,0.0,4.0,7.3,12.009296631128873,47.20650764179021
1507,16.1,27.625999450683594,86.0,0.0,3.4,6.4,7.26048745941759,21.182341221592313
1508,37.7,27.625999450683594,86.0,0.0,3.5,7.5,25.46164726758995,55.52315308731296
1509,39.8,27.625999450683594,86.0,0.0,7.1,6.2,9.156877489706313,46.209814242794415
1510,23.4,27.625999450683594,86.0,0.0,3.6,7.7,29.484036546878286,44.038825582814795
1511,20.3,27.625999450683594,86.0,0.0,7.2,7.8,16.45703988321286,31.819927918249
1512,17.2,27.625999450683594,86.0,0.0,5.6,7.2,15.019837372073978,27.713886160451786
1513,28.3,27.625999450683594,86.0,0.0,6.1,6.5,20.792300213222354,42.85461014925565
1514,31.9,27.625999450683594,86.0,0.0,2.3,8.0,26.712316426442175,50.598621498509516
1515,35.8,27.625999450683594,86.0,0.0,4.9,7.8,5.7853930895553525,39.84977516268874
1516,31.3,27.625999450683594,86.0,0.0,2.3,6.3,8.212062914420008,37.048444040094004
1517,16.9,27.625999450683594,86.0,0.0,5.2,6.4,24.13533655610408,33.794735589272854
1518,26.2,27.625999450683594,86.0,0.0,3.5,6.1,29.54489048082239,46.881423336575665
1519,15.2,27.625999450683594,86.0,0.0,4.1,7.8,15.334810569329452,25.934367398530615
1520,17.0,27.625999450683594,86.0,0.0,3.1,7.7,9.39314234389041,23.575199640723287
1521,37.1,27.625999450683594,86.0,0.0,6.0,6.0,20.943632840087986,51.76054298806159
1522,26.0,27.625999450683594,86.0,0.0,6.7,6.8,26.82054695259635,44.77438286681745
1523,25.2,27.625999450683594,86.0,0.0,7.7,6.5,16.148180885196474,36.50372661963753
1524,22.0,27.625999450683594,86.0,0.0,2.3,6.2,24.063448830900068,38.84441418163004
1525,37.5,27.625999450683594,86.0,0.0,7.7,6.6,14.04188720939667,47.32932104657767
1526,39.8,27.625999450683594,86.0,0.0,7.5,8.1,18.75735857923879,52.93015100546715
1527,34.7,27.625999450683594,86.0,0.0,3.1,8.0,27.56783491924702,53.99748444347291
1528,27.1,27.625999450683594,86.0,0.0,7.7,8.0,5.3264431106833605,30.828510177478353
1529,34.4,27.625999450683594,86.0,0.0,6.4,6.7,12.150609480925663,42.90542663664796
1530,33.6,27.625999450683594,86.0,0.0,7.9,7.6,26.24912242496046,51.97438569747232
1531,21.4,27.625999450683594,86.0,0.0,7.3,8.0,8.916983105727532,27.64188817400927
1532,38.9,27.625999450683594,86.0,0.0,7.9,8.4,13.496313298576752,48.347419309003726
1533,22.6,27.625999450683594,86.0,0.0,2.4,6.3,23.21586378697065,38.851104650879456
1534,19.1,27.625999450683594,86.0,0.0,7.3,8.0,14.2132696821598,29.049288777511862
1535,18.9,27.625999450683594,86.0,0.0,5.4,6.1,21.811859884741004,34.1683019193187
1536,15.6,27.625999450683594,86.0,0.0,4.0,7.7,13.935271405834921,25.354689984084445
1537,15.9,27.625999450683594,86.0,0.0,3.4,7.2,21.318496304787157,30.82294741335101
1538,23.1,27.625999450683594,86.0,0.0,3.6,7.3,17.558628075024334,35.39103965251704
1539,36.3,27.625999450683594,86.0,0.0,2.4,6.0,27.909460637333233,55.83662244613326
1540,31.4,27.625999450683594,86.0,0.0,6.9,7.5,5.683931189910189,35.378751832937134
1541,30.7,27.625999450683594,86.0,0.0,2.4,7.8,26.363783328065672,49.154648329645966
1542,25.2,27.625999450683594,86.0,0.0,5.2,6.8,9.654483248155048,31.95813827370853
1543,19.1,27.625999450683594,86.0,0.0,3.0,7.7,10.397730469428904,26.378411328600233
1544,15.5,27.625999450683594,86.0,0.0,7.3,7.2,28.695850008290268,35.587095005803185
1545,25.1,27.625999450683594,86.0,0.0,3.3,7.0,7.5684568055034305,30.397919763852403
1546,22.1,27.625999450683594,86.0,0.0,6.0,6.7,21.920431198599974,37.444301839019985
1547,34.5,27.625999450683594,86.0,0.0,6.8,6.5,10.342920222182379,41.74004415552766
1548,24.4,27.625999450683594,86.0,0.0,7.3,7.1,11.301241685907158,32.31086918013501
1549,35.7,27.625999450683594,86.0,0.0,6.5,7.1,24.146296292505642,52.60240740475395
1550,30.7,27.625999450683594,86.0,0.0,7.3,7.0,21.23948469251974,45.567639284763814
1551,18.3,27.625999450683594,86.0,0.0,5.9,7.4,17.89918520507988,30.82942964355592
1552,28.1,27.625999450683594,86.0,0.0,4.8,6.8,16.168568283941028,39.41799779875872
1553,33.6,27.625999450683594,86.0,0.0,6.0,7.8,8.37848881787769,39.464942172514384
1554,25.4,27.625999450683594,86.0,0.0,6.3,8.4,20.756077791789735,39.92925445425281
1555,27.8,27.625999450683594,86.0,0.0,3.2,7.9,20.92603513178919,42.44822459225243
1556,25.9,27.625999450683594,86.0,0.0,4.3,6.3,18.6394806246104,38.947636437227274
1557,25.3,27.625999450683594,86.0,0.0,2.4,7.6,10.71955113405227,32.80368579383659
1558,32.6,27.625999450683594,86.0,0.0,3.4,6.9,9.828670731591908,39.48006951211433
1559,38.1,27.625999450683594,86.0,0.0,2.1,6.7,28.774587473499928,58.24221123144995
1560,27.6,27.47599983215332,87.0,0.0,3.2,6.4,11.930423896628575,35.951296727640006
1561,17.8,27.47599983215332,87.0,0.0,2.0,7.2,13.286416826492356,27.10049177854465
1562,27.1,27.47599983215332,87.0,0.0,6.3,7.2,27.46150026136821,46.32305018295774
1563,35.6,27.47599983215332,87.0,0.0,4.1,6.7,25.797930670304222,53.65855146921295
1564,17.7,27.47599983215332,87.0,0.0,5.7,7.9,21.065508489183138,32.445855942428196
1565,38.8,27.47599983215332,87.0,0.0,7.2,7.7,18.50886534065077,51.756205738455535
1566,30.4,27.47599983215332,87.0,0.0,6.3,7.1,28.98055096705032,50.68638567693522
1567,19.9,27.47599983215332,87.0,0.0,4.1,8.0,28.473810660311464,39.83166746221802
1568,38.1,27.47599983215332,87.0,0.0,7.0,7.1,6.413936523286926,42.58975556630085
1569,33.3,27.47599983215332,87.0,0.0,4.1,7.8,26.568507715660058,51.89795540096203
1570,28.4,27.47599983215332,87.0,0.0,2.3,6.7,19.57742726934789,42.104199088543524
1571,38.2,27.47599983215332,87.0,0.0,5.8,6.8,17.97526223881472,50.78268356717031
1572,22.8,27.47599983215332,87.0,0.0,2.4,6.4,27.65682165390526,42.159775157733684
1573,20.0,27.47599983215332,87.0,0.0,5.8,6.4,19.671434426133658,33.77000409829356
1574,38.0,27.47599983215332,87.0,0.0,2.4,7.5,22.911349661529755,54.037944763070826
1575,18.5,27.47599983215332,87.0,0.0,4.7,7.9,17.35006816589749,30.645047716128243
1576,39.8,27.47599983215332,87.0,0.0,5.1,7.9,10.380713905556533,47.06649973388957
1577,36.3,27.47599983215332,87.0,0.0,3.1,6.9,21.570455635148242,51.39931894460376
1578,38.5,27.47599983215332,87.0,0.0,2.5,6.8,29.117344677400688,58.88214127418048
1579,37.7,27.47599983215332,87.0,0.0,7.5,7.6,12.611367203981656,46.527957042787165
1580,34.2,27.47599983215332,87.0,0.0,4.1,8.3,17.05875537484115,46.14112876238881
1581,39.7,27.47599983215332,87.0,0.0,7.3,7.2,25.67206927389454,57.67044849172618
1582,32.5,27.47599983215332,87.0,0.0,3.9,6.0,18.589021388752684,45.51231497212688
1583,19.8,27.47599983215332,87.0,0.0,3.8,8.2,26.500574312263517,38.35040201858446
1584,15.2,27.47599983215332,87.0,0.0,2.9,6.6,25.102582018720263,32.771807413104185
1585,25.5,27.47599983215332,87.0,0.0,6.6,7.7,22.818409860407215,41.47288690228505
1586,36.2,27.47599983215332,87.0,0.0,7.8,7.4,21.385187523836585,51.16963126668561
1587,19.6,27.47599983215332,87.0,0.0,2.6,7.7,29.747350810354817,40.42314556724837
1588,37.4,27.47599983215332,87.0,0.0,6.9,7.8,16.129283196191498,48.69049823733405
1589,18.3,27.47599983215332,87.0,0.0,4.0,6.4,19.734459872740647,32.114121910918456
1590,24.0,27.47599983215332,87.0,0.0,7.2,6.8,9.36743967161036,30.55720777012725
1591,32.1,27.47599983215332,87.0,0.0,2.1,7.1,9.373754554675166,38.661628188272616
1592,36.8,27.47599983215332,87.0,0.0,3.4,8.3,24.897176707195875,54.22802369503711
1593,29.4,27.47599983215332,87.0,0.0,4.5,6.8,25.470333720288313,47.229233604201816
1594,30.8,27.47599983215332,87.0,0.0,7.1,7.7,10.930829697303704,38.451580788112594
1595,33.3,27.47599983215332,87.0,0.0,2.5,6.7,12.125709028322017,41.78799631982541
1596,22.4,27.47599983215332,87.0,0.0,5.2,8.4,15.49204074290084,33.24442852003059
1597,34.0,27.47599983215332,87.0,0.0,2.3,7.5,23.251595450599332,50.27611681541953
1598,36.1,27.47599983215332,87.0,0.0,4.1,8.3,20.033149849399866,50.12320489457991
1599,27.8,27.47599983215332,87.0,0.0,5.1,7.9,12.025347459608252,36.217743221725776
1600,20.6,27.47599983215332,87.0,0.0,6.1,7.0,20.37409008856713,34.86186306199699
1601,38.7,27.47599983215332,87.0,0.0,4.3,6.7,28.49192557090464,58.644347899633246
1602,33.3,27.47599983215332,87.0,0.0,7.8,6.5,9.045551497419638,39.63188604819374
1603,34.7,27.47599983215332,87.0,0.0,2.2,8.3,25.281471389243915,52.39702997247075
1604,37.6,27.47599983215332,87.0,0.0,6.2,7.7,19.310345990603423,51.1172421934224
1605,19.5,27.47599983215332,87.0,0.0,5.5,8.5,12.264806126027715,28.0853642882194
1606,35.5,27.47599983215332,87.0,0.0,3.7,7.1,5.901242235554825,39.63086956488838
1607,39.7,27.47599983215332,87.0,0.0,2.4,6.6,11.30525298062248,47.613677086435736
1608,22.7,27.47599983215332,87.0,0.0,3.1,7.4,27.109676847530405,41.67677379327128
1609,21.6,27.47599983215332,87.0,0.0,2.3,7.6,11.869554175188703,29.908687922632094
1610,17.9,27.47599983215332,87.0,0.0,7.5,7.7,23.420319547107137,34.294223682974994
1611,19.6,27.47599983215332,87.0,0.0,7.4,7.7,23.92320385675676,36.34624269972973
1612,35.9,27.47599983215332,87.0,0.0,7.5,7.4,29.081525544592612,56.25706788121482
1613,38.6,27.47599983215332,87.0,0.0,4.6,6.8,26.60013962471195,57.22009773729836
1614,17.0,27.47599983215332,87.0,0.0,3.5,7.8,18.361109947505014,29.85277696325351
1615,32.7,27.47599983215332,87.0,0.0,7.1,7.9,29.109605679487853,53.0767239756415
1616,29.2,27.47599983215332,87.0,0.0,4.2,7.3,20.65881246219044,43.66116872353331
1617,30.8,27.47599983215332,87.0,0.0,7.9,7.4,12.117981274421368,39.282586892094955
1618,15.3,27.47599983215332,87.0,0.0,3.5,7.0,12.696325601397922,24.187427920978543
1619,26.4,27.47599983215332,87.0,0.0,2.4,7.1,22.266666680817675,41.98666667657237
1620,29.5,27.325998306274418,89.0,0.0,2.4,7.7,20.575973730514754,43.903181611360324
1621,32.0,27.325998306274418,89.0,0.0,2.2,8.0,17.09772657469427,43.96840860228599
1622,36.5,27.325998306274418,89.0,0.0,5.9,6.8,18.725305838205166,49.60771408674361
1623,16.1,27.325998306274418,89.0,0.0,6.9,7.5,7.730540545668084,21.51137838196766
1624,34.5,27.325998306274418,89.0,0.0,2.8,6.7,17.444805122867166,46.71136358600702
1625,20.5,27.325998306274418,89.0,0.0,4.8,8.0,12.154506639493968,29.008154647645778
1626,16.9,27.325998306274418,89.0,0.0,3.4,7.6,9.885369143900839,23.819758400730585
1627,26.6,27.325998306274418,89.0,0.0,3.9,6.1,17.455241317589625,38.81866892231274
1628,20.3,27.325998306274418,89.0,0.0,2.9,7.7,6.395813574059412,24.777069501841588
1629,27.6,27.325998306274418,89.0,0.0,3.9,6.7,24.442346277961096,44.70964239457277
1630,34.8,27.325998306274418,89.0,0.0,5.4,6.3,17.101980494464897,46.771386346125425
1631,24.2,27.325998306274418,89.0,0.0,3.3,7.1,15.442781660558275,35.00994716239079
1632,16.6,27.325998306274418,89.0,0.0,2.6,6.6,28.631391761938016,36.641974233356606
1633,37.2,27.325998306274418,89.0,0.0,2.6,7.0,7.867269760746827,42.70708883252278
1634,19.0,27.325998306274418,89.0,0.0,3.2,7.1,7.539472612113084,24.277630828479158
1635,25.0,27.325998306274418,89.0,0.0,2.5,6.7,7.308030804784009,30.115621563348807
1636,19.8,27.325998306274418,89.0,0.0,7.5,7.3,9.67980007009271,26.575860049064897
1637,20.5,27.325998306274418,89.0,0.0,3.0,6.3,6.457454676416778,25.020218273491743
1638,20.3,27.325998306274418,89.0,0.0,3.4,8.3,6.596856766078137,24.917799736254697
1639,15.1,27.325998306274418,89.0,0.0,4.9,7.9,11.407769435044905,23.085438604531433
1640,29.7,27.325998306274418,89.0,0.0,2.8,8.5,22.037651504236706,45.12635605296569
1641,37.4,27.325998306274418,89.0,0.0,2.4,8.2,24.985369961311658,54.88975897291816
1642,38.5,27.325998306274418,89.0,0.0,6.0,7.9,26.83532229806323,57.28472560864426
1643,30.5,27.325998306274418,89.0,0.0,3.1,7.2,17.73150140168959,42.912050981182716
1644,26.0,27.325998306274418,89.0,0.0,2.7,6.6,12.701675872344694,34.89117311064128
1645,37.2,27.325998306274418,89.0,0.0,3.9,8.0,17.461843168733516,49.423290218113465
1646,31.6,27.325998306274418,89.0,0.0,2.4,7.1,11.083334311282016,39.35833401789741
1647,28.5,27.325998306274418,89.0,0.0,5.1,7.6,7.458052208729624,33.72063654611074
1648,26.8,27.325998306274418,89.0,0.0,5.4,6.8,17.364391174697605,38.95507382228833
1649,17.6,27.325998306274418,89.0,0.0,4.2,7.0,26.922146955051296,36.44550286853591
1650,37.0,27.325998306274418,89.0,0.0,3.2,7.4,21.326899431366545,51.92882960195658
1651,22.8,27.325998306274418,89.0,0.0,6.0,8.0,16.15660899727419,34.10962629809193
1652,33.2,27.325998306274418,89.0,0.0,6.9,6.4,23.476337090271215,49.633435963189854
1653,16.9,27.325998306274418,89.0,0.0,7.4,7.9,23.12437771709764,33.08706440196835
1654,23.9,27.325998306274418,89.0,0.0,4.7,7.4,5.30810146050835,27.615671022355844
1655,26.6,27.325998306274418,89.0,0.0,5.5,8.4,22.443599679675994,42.310519775773194
1656,38.7,27.325998306274418,89.0,0.0,7.2,8.4,13.729360206565081,48.31055214459556
1657,32.0,27.325998306274418,89.0,0.0,2.7,6.1,18.47186124834734,44.93030287384314
1658,37.6,27.325998306274418,89.0,0.0,3.9,6.9,26.73832089276319,56.316824624934235
1659,24.1,27.325998306274418,89.0,0.0,5.3,7.3,29.013397131633713,44.409377992143604
1660,28.2,27.325998306274418,89.0,0.0,4.9,7.6,11.721630312499975,36.40514121874998
1661,28.3,27.325998306274418,89.0,0.0,5.6,6.3,28.537629386866072,48.276340570806255
1662,18.9,27.325998306274418,89.0,0.0,7.9,8.2,27.908365012985822,38.435855509090075
1663,28.0,27.325998306274418,89.0,0.0,2.3,6.8,10.804351955215145,35.5630463686506
1664,25.6,27.325998306274418,89.0,0.0,7.0,7.7,6.189380502272797,29.932566351590957
1665,35.2,27.325998306274418,89.0,0.0,2.4,7.2,11.236996479253591,43.06589753547752
1666,29.0,27.325998306274418,89.0,0.0,4.6,7.3,17.061409037721532,40.94298632640507
1667,35.3,27.325998306274418,89.0,0.0,2.8,7.4,29.22388909416908,55.75672236591835
1668,18.3,27.325998306274418,89.0,0.0,2.6,7.0,9.348455997272938,24.843919198091058
1669,34.1,27.325998306274418,89.0,0.0,7.1,6.6,17.28674849548324,46.200723946838266
1670,17.3,27.325998306274418,89.0,0.0,4.7,7.6,12.055579797521695,25.738905858265184
1671,28.2,27.325998306274418,89.0,0.0,3.3,7.9,5.869605694285577,32.308723985999904
1672,35.4,27.325998306274418,89.0,0.0,2.8,8.0,15.936514392233377,46.55556007456336
1673,36.3,27.325998306274418,89.0,0.0,2.9,7.3,8.348450214208187,42.14391514994573
1674,27.4,27.325998306274418,89.0,0.0,2.2,7.5,11.936770653796632,35.75573945765764
1675,26.1,27.325998306274418,89.0,0.0,6.8,7.5,13.79765972307544,35.758361806152806
1676,32.3,27.325998306274418,89.0,0.0,2.4,8.3,14.558411111660877,42.49088777816261
1677,15.0,27.325998306274418,89.0,0.0,5.7,6.4,21.68174179171999,30.17721925420399
1678,20.0,27.325998306274418,89.0,0.0,7.7,6.9,5.07350487563963,23.55145341294774
1679,34.4,27.325998306274418,89.0,0.0,2.3,6.4,12.432782392051866,43.10294767443631
1680,20.8,27.17599868774414,90.0,0.0,4.2,6.8,28.90633284619399,41.034432992335795
1681,15.4,27.17599868774414,90.0,0.0,5.3,6.1,20.593252440365752,29.815276708256025
1682,22.4,27.17599868774414,90.0,0.0,7.2,7.5,23.820534173582494,39.07437392150774
1683,29.5,27.17599868774414,90.0,0.0,6.5,6.7,27.739296271136734,48.917507389795716
1684,28.7,27.17599868774414,90.0,0.0,3.1,7.1,19.552766654034144,42.386936657823895
1685,29.3,27.17599868774414,90.0,0.0,2.6,8.5,6.335864202205963,33.73510494154417
1686,16.4,27.17599868774414,90.0,0.0,3.1,8.4,20.45081598474726,30.71557118932308
1687,31.3,27.17599868774414,90.0,0.0,2.7,7.6,29.434183111817635,51.903928178272345
1688,16.8,27.17599868774414,90.0,0.0,6.7,6.6,28.379392637219514,36.66557484605366
1689,16.7,27.17599868774414,90.0,0.0,2.4,7.9,28.389115928417624,36.57238114989234
1690,39.7,27.17599868774414,90.0,0.0,2.1,8.3,26.078670195318498,57.955069136722955
1691,29.9,27.17599868774414,90.0,0.0,4.1,8.5,25.879274245456177,48.01549197181932
1692,28.6,27.17599868774414,90.0,0.0,3.6,7.9,22.486909529307646,44.34083667051535
1693,29.5,27.17599868774414,90.0,0.0,6.0,7.1,12.975881432675113,38.58311700287258
1694,27.3,27.17599868774414,90.0,0.0,6.8,7.1,15.519517371033574,38.1636621597235
1695,24.4,27.17599868774414,90.0,0.0,4.1,7.6,27.789057337120077,43.85234013598405
1696,36.7,27.17599868774414,90.0,0.0,3.1,6.1,26.97913562248418,55.585394935738925
1697,25.5,27.17599868774414,90.0,0.0,2.4,6.1,14.108158091614483,35.37571066413014
1698,20.4,27.17599868774414,90.0,0.0,3.9,6.8,19.733365757652443,34.21335603035671
1699,37.4,27.17599868774414,90.0,0.0,6.2,7.2,15.991665183501315,48.59416562845092
1700,22.6,27.17599868774414,90.0,0.0,6.1,6.6,19.120387730426017,35.98427141129821
1701,37.3,27.17599868774414,90.0,0.0,6.7,7.9,24.06971141551801,54.148797990862604
1702,20.7,27.17599868774414,90.0,0.0,5.8,6.6,5.618824053606348,24.63317683752444
1703,31.9,27.17599868774414,90.0,0.0,5.2,8.5,10.594914958666049,39.31644047106623
1704,29.3,27.17599868774414,90.0,0.0,3.8,6.7,27.201892682334545,48.34132487763418
1705,18.1,27.17599868774414,90.0,0.0,2.7,7.9,10.713382513303255,25.59936775931228
1706,15.0,27.17599868774414,90.0,0.0,6.2,8.4,6.4812608982798485,19.536882628795894
1707,22.4,27.17599868774414,90.0,0.0,4.5,7.7,11.30090665589848,30.310634659128933
1708,29.0,27.17599868774414,90.0,0.0,2.7,7.8,20.143608554385636,43.10052598806995
1709,23.9,27.17599868774414,90.0,0.0,4.3,6.7,11.995023745431894,32.296516621802326
1710,37.4,27.17599868774414,90.0,0.0,5.3,6.2,23.92341758328311,54.146392308298175
1711,17.5,27.17599868774414,90.0,0.0,3.2,6.8,6.714621252977724,22.200234877084405
1712,23.7,27.17599868774414,90.0,0.0,2.1,7.8,23.19123993890023,39.93386795723016
1713,24.8,27.17599868774414,90.0,0.0,7.4,6.1,24.763976800289758,42.13478376020283
1714,36.8,27.17599868774414,90.0,0.0,2.3,6.8,23.009104294974904,52.906373006482426
1715,36.7,27.17599868774414,90.0,0.0,5.8,8.3,16.519941694577,48.263959186203905
1716,28.5,27.17599868774414,90.0,0.0,4.3,6.6,6.786183542258982,33.250328479581285
1717,32.5,27.17599868774414,90.0,0.0,5.3,7.8,5.645673756269427,36.451971629388595
1718,30.2,27.17599868774414,90.0,0.0,5.2,8.3,25.968076179425818,48.377653325598075
1719,39.9,27.17599868774414,90.0,0.0,5.6,6.5,24.446356855236367,57.01244979866546
1720,30.0,27.17599868774414,90.0,0.0,5.8,6.9,24.800942229588845,47.36065956071219
1721,38.1,27.17599868774414,90.0,0.0,5.2,6.2,22.613210112409163,53.929247078686416
1722,38.1,27.17599868774414,90.0,0.0,6.7,7.0,23.020531913730782,54.21437233961154
1723,15.1,27.17599868774414,90.0,0.0,3.0,8.0,11.969281353576045,23.47849694750323
1724,21.3,27.17599868774414,90.0,0.0,7.9,7.1,6.540928799138319,25.878650159396823
1725,35.8,27.17599868774414,90.0,0.0,3.1,8.3,13.605922361988164,45.32414565339171
1726,26.0,27.17599868774414,90.0,0.0,3.9,6.2,29.756243894377295,46.829370726064106
1727,34.1,27.17599868774414,90.0,0.0,2.9,7.8,22.826199864544375,50.07833990518106
1728,29.4,27.17599868774414,90.0,0.0,7.6,7.7,14.266335873884412,39.38643511171909
1729,26.3,27.17599868774414,90.0,0.0,3.9,7.0,25.66895433320643,44.268268033244496
1730,17.4,27.17599868774414,90.0,0.0,6.7,6.4,15.509590540967812,28.256713378677468
1731,27.4,27.17599868774414,90.0,0.0,7.6,6.4,19.973218217805357,41.38125275246375
1732,31.0,27.17599868774414,90.0,0.0,7.3,8.1,27.96769383508247,50.577385684557726
1733,15.3,27.17599868774414,90.0,0.0,2.5,6.3,25.811345901709497,33.36794213119665
1734,25.6,27.17599868774414,90.0,0.0,7.7,7.9,14.394453479917871,35.67611743594251
1735,25.1,27.17599868774414,90.0,0.0,2.6,7.7,5.072415394522713,28.6506907761659
1736,37.2,27.17599868774414,90.0,0.0,4.9,6.2,25.707815814333262,55.195471070033285
1737,34.1,27.17599868774414,90.0,0.0,7.9,6.2,7.545111588359649,39.38157811185175
1738,17.7,27.17599868774414,90.0,0.0,6.3,6.8,24.506497420325587,34.85454819422791
1739,33.3,27.17599868774414,90.0,0.0,2.6,7.9,20.588183505140243,47.71172845359817
1740,19.9,27.025999069213867,90.0,0.0,2.9,8.4,10.897859079670535,27.52850135576937
1741,19.0,27.025999069213867,90.0,0.0,5.2,8.0,14.75916711127315,29.331416977891205
1742,25.9,27.025999069213867,90.0,0.0,5.9,6.3,14.237621210156288,35.8663348471094
1743,35.5,27.025999069213867,90.0,0.0,4.1,6.9,6.824005298963555,40.27680370927449
1744,31.7,27.025999069213867,90.0,0.0,4.0,6.3,9.270233941767307,38.18916375923711
1745,35.8,27.025999069213867,90.0,0.0,2.9,7.0,7.142475093594371,40.79973256551605
1746,20.5,27.025999069213867,90.0,0.0,2.3,8.1,16.78104310154726,32.24673017108309
1747,25.5,27.025999069213867,90.0,0.0,6.0,7.3,5.947571752996515,29.663300227097558
1748,15.2,27.025999069213867,90.0,0.0,2.1,7.6,18.969776738413056,28.478843716889138
1749,18.5,27.025999069213867,90.0,0.0,7.2,6.6,13.109651293551984,27.676755905486388
1750,24.0,27.025999069213867,90.0,0.0,3.2,7.6,11.085352116296294,31.759746481407404
1751,19.6,27.025999069213867,90.0,0.0,2.2,6.7,18.88374059595136,32.81861841716595
1752,22.6,27.025999069213867,90.0,0.0,4.4,6.3,9.06726938992492,28.947088572947443
1753,24.2,27.025999069213867,90.0,0.0,4.6,7.0,8.922842885467858,30.445990019827498
1754,35.8,27.025999069213867,90.0,0.0,2.8,7.6,7.0995839246159305,40.76970874723115
1755,23.1,27.025999069213867,90.0,0.0,2.0,6.6,7.504654433501735,28.353258103451218
1756,18.1,27.025999069213867,90.0,0.0,3.5,7.4,8.89301066225966,24.325107463581762
1757,19.1,27.025999069213867,90.0,0.0,3.2,7.0,10.582286971641201,26.507600880148843
1758,29.3,27.025999069213867,90.0,0.0,7.7,7.3,27.847260050418814,48.79308203529317
1759,34.0,27.025999069213867,90.0,0.0,3.8,8.1,12.240159149485443,42.56811140463981
1760,35.3,27.025999069213867,90.0,0.0,3.4,6.9,11.041782707286188,43.029247895100326
1761,19.3,27.025999069213867,90.0,0.0,2.5,7.3,5.141237543035336,22.898866280124736
1762,16.9,27.025999069213867,90.0,0.0,5.2,7.3,29.859012366851317,37.80130865679592
1763,17.7,27.025999069213867,90.0,0.0,7.7,6.5,11.292411444607607,25.604688011225324
1764,17.1,27.025999069213867,90.0,0.0,6.9,6.4,7.45859982476947,22.321019877338628
1765,37.6,27.025999069213867,90.0,0.0,6.7,8.4,15.544448800064302,48.48111416004501
1766,33.7,27.025999069213867,90.0,0.0,7.5,7.6,11.220689336642224,41.554482535649555
1767,34.9,27.025999069213867,90.0,0.0,7.6,7.4,11.584816783986131,43.00937174879029
1768,21.8,27.025999069213867,90.0,0.0,5.6,7.9,8.16637387085984,27.516461709601888
1769,29.3,27.025999069213867,90.0,0.0,4.1,8.3,5.992567819738483,33.49479747381694
1770,39.7,27.025999069213867,90.0,0.0,3.8,7.0,23.81916932867357,56.373418530071504
1771,28.8,27.025999069213867,90.0,0.0,7.9,8.3,22.596399761535373,44.61747983307476
1772,24.0,27.025999069213867,90.0,0.0,5.0,7.2,15.247688200831226,34.67338174058186
1773,20.2,27.025999069213867,90.0,0.0,2.9,6.2,17.91773002191309,32.74241101533916
1774,38.2,27.025999069213867,90.0,0.0,2.6,7.9,7.949167376572959,43.764417163601074
1775,29.7,27.025999069213867,90.0,0.0,5.4,6.7,28.968445586420117,49.97791191049408
1776,21.5,27.025999069213867,90.0,0.0,2.2,6.5,20.709287618982923,35.996501333288045
1777,36.1,27.025999069213867,90.0,0.0,6.1,7.2,18.469857113015472,49.02889997911083
1778,19.6,27.025999069213867,90.0,0.0,2.5,6.1,12.6313028243211,28.441911977024773
1779,16.8,27.025999069213867,90.0,0.0,6.2,7.6,24.991409382090698,34.29398656746349
1780,26.2,27.025999069213867,90.0,0.0,2.4,7.8,19.479616790240215,39.83573175316815
1781,18.3,27.025999069213867,90.0,0.0,4.3,6.6,29.46788106381901,38.92751674467331
1782,20.2,27.025999069213867,90.0,0.0,4.5,6.7,25.792601936047177,38.25482135523302
1783,27.1,27.025999069213867,90.0,0.0,3.0,6.8,10.112379169807701,34.17866541886539
1784,18.4,27.025999069213867,90.0,0.0,4.3,7.8,28.306860280693613,38.21480219648552
1785,16.7,27.025999069213867,90.0,0.0,2.0,6.0,18.234556936315023,29.464189855420514
1786,18.4,27.025999069213867,90.0,0.0,6.5,6.1,17.579714507592,30.7058001553144
1787,23.4,27.025999069213867,90.0,0.0,7.9,6.1,7.618830497598698,28.733181348319086
1788,39.0,27.025999069213867,90.0,0.0,6.5,8.0,11.831441626818835,47.282009138773184
1789,26.9,27.025999069213867,90.0,0.0,2.2,7.2,10.73192521508531,34.41234765055972
1790,36.9,27.025999069213867,90.0,0.0,6.6,7.4,22.929247746963085,52.950473422874154
1791,33.2,27.025999069213867,90.0,0.0,3.5,8.1,19.939291247217565,47.1575038730523
1792,23.4,27.025999069213867,90.0,0.0,2.3,7.2,20.420543675547663,37.69438057288336
1793,26.3,27.025999069213867,90.0,0.0,7.3,6.6,16.77562326707322,38.04293628695125
1794,25.5,27.025999069213867,90.0,0.0,7.6,6.4,24.799315593595566,42.859520915516896
1795,25.7,27.025999069213867,90.0,0.0,2.2,8.2,26.859797173738695,44.50185802161708
1796,31.0,27.025999069213867,90.0,0.0,7.7,7.7,23.899732728791637,47.729812910154145
1797,29.5,27.025999069213867,90.0,0.0,4.8,8.1,22.68968487456014,45.38277941219209
1798,25.7,27.025999069213867,90.0,0.0,7.5,7.9,19.728043404405856,39.5096303830841
1799,16.4,27.025999069213867,90.0,0.0,4.7,7.7,19.104632283055167,29.773242598138616
1800,21.0,26.92599868774414,91.0,0.0,5.4,8.2,20.450660448804214,35.31546231416295
1801,18.2,26.92599868774414,91.0,0.0,2.0,6.6,25.629415337584053,36.14059073630884
1802,28.2,26.92599868774414,91.0,0.0,2.2,6.8,21.265095140397108,43.08556659827797
1803,30.0,26.92599868774414,91.0,0.0,3.5,6.2,13.87017202782732,39.70912041947912
1804,32.4,26.92599868774414,91.0,0.0,6.1,7.4,16.93740153222021,44.25618107255414
1805,38.4,26.92599868774414,91.0,0.0,5.9,7.8,22.148001487460082,53.90360104122205
1806,37.8,26.92599868774414,91.0,0.0,4.5,6.2,9.290304932805153,44.303213452963604
1807,38.4,26.92599868774414,91.0,0.0,3.9,7.2,29.473414958483815,59.03139047093867
1808,15.6,26.92599868774414,91.0,0.0,6.1,8.5,27.539249948469937,34.877474963928954
1809,36.8,26.92599868774414,91.0,0.0,2.9,8.5,6.7612641580824295,41.5328849106577
1810,19.6,26.92599868774414,91.0,0.0,2.3,6.2,14.664821129103268,29.86537479037229
1811,19.4,26.92599868774414,91.0,0.0,5.2,7.2,25.527813907721708,37.269469735405195
1812,20.7,26.92599868774414,91.0,0.0,7.6,8.1,17.41461254878851,32.89022878415196
1813,32.5,26.92599868774414,91.0,0.0,3.5,6.4,5.552824605073604,36.386977223551526
1814,38.9,26.92599868774414,91.0,0.0,2.6,6.8,16.04553568912042,50.13187498238429
1815,36.1,26.92599868774414,91.0,0.0,3.0,6.8,20.250001395573562,50.275000976901495
1816,35.8,26.92599868774414,91.0,0.0,5.1,8.0,21.990036308879453,51.19302541621561
1817,33.1,26.92599868774414,91.0,0.0,4.9,6.2,11.99675806763478,41.49773064734435
1818,28.4,26.92599868774414,91.0,0.0,8.0,7.5,15.831747684831052,39.482223379381736
1819,36.6,26.92599868774414,91.0,0.0,3.5,8.5,17.167087266624392,48.616961086637076
1820,17.6,26.92599868774414,91.0,0.0,3.1,8.2,5.49160492012951,21.444123444090657
1821,33.9,26.92599868774414,91.0,0.0,7.3,6.9,16.724550789470428,45.607185552629296
1822,24.4,26.92599868774414,91.0,0.0,2.9,6.4,8.834003918726623,30.583802743108635
1823,18.3,26.92599868774414,91.0,0.0,7.8,6.8,18.74774146473932,31.423419025317525
1824,33.8,26.92599868774414,91.0,0.0,3.6,6.5,10.290019711833423,41.00301379828339
1825,39.2,26.92599868774414,91.0,0.0,3.3,6.8,26.88121692436577,58.016851847056046
1826,33.7,26.92599868774414,91.0,0.0,6.7,7.9,21.75188414447621,48.92631890113335
1827,27.8,26.92599868774414,91.0,0.0,5.3,6.3,28.242300828447966,47.56961057991357
1828,24.0,26.92599868774414,91.0,0.0,3.6,7.6,27.352950043258605,43.14706503028103
1829,21.3,26.92599868774414,91.0,0.0,4.8,6.6,6.715806763051922,26.001064734136346
1830,39.1,26.92599868774414,91.0,0.0,3.0,7.9,17.638831198517536,51.44718183896228
1831,27.0,26.92599868774414,91.0,0.0,4.5,6.5,25.070222979436956,44.54915608560587
1832,40.0,26.92599868774414,91.0,0.0,4.0,6.2,8.49442346692976,45.94609642685083
1833,28.2,26.92599868774414,91.0,0.0,6.9,6.7,17.92066598440918,40.744466189086424
1834,17.1,26.92599868774414,91.0,0.0,4.6,6.8,29.50437256856795,37.75306079799756
1835,26.5,26.92599868774414,91.0,0.0,3.2,8.4,20.607812858929222,40.925469001250455
1836,17.7,26.92599868774414,91.0,0.0,2.5,7.9,12.841719618453963,26.689203732917775
1837,18.7,26.92599868774414,91.0,0.0,4.3,6.8,6.934602591527962,23.55422181406957
1838,35.3,26.92599868774414,91.0,0.0,7.0,7.8,17.75214591902364,47.726502143316544
1839,36.5,26.92599868774414,91.0,0.0,7.7,6.4,23.32203779550781,52.82542645685547
1840,24.5,26.92599868774414,91.0,0.0,5.6,7.0,13.596135469661565,34.0172948287631
1841,21.8,26.92599868774414,91.0,0.0,2.7,8.2,16.236957374081904,33.165870161857335
1842,19.1,26.92599868774414,91.0,0.0,4.2,7.1,11.626141196536125,27.238298837575286
1843,33.6,26.92599868774414,91.0,0.0,2.2,7.0,10.067663097958366,40.64736416857086
1844,33.3,26.92599868774414,91.0,0.0,7.9,8.1,25.16728447928843,50.9170991355019
1845,26.0,26.92599868774414,91.0,0.0,6.0,7.4,11.496425105689795,34.04749757398285
1846,38.5,26.92599868774414,91.0,0.0,4.2,8.4,25.1238879423537,56.086721559647586
1847,18.3,26.92599868774414,91.0,0.0,5.5,7.6,27.0429642190645,37.23007495334515
1848,30.0,26.92599868774414,91.0,0.0,3.0,8.3,29.02312184167105,50.31618528916974
1849,22.9,26.92599868774414,91.0,0.0,5.0,7.7,14.130189522171934,32.79113266552035
1850,31.0,26.92599868774414,91.0,0.0,3.6,7.0,29.75353902750103,51.82747731925072
1851,23.8,26.92599868774414,91.0,0.0,6.2,7.0,9.667675646967478,30.567372952877236
1852,31.1,26.92599868774414,91.0,0.0,6.4,8.5,21.375263653004616,46.06268455710323
1853,30.7,26.92599868774414,91.0,0.0,7.0,6.2,28.606392866488722,50.72447500654211
1854,33.7,26.92599868774414,91.0,0.0,3.1,7.7,27.097330501822547,52.66813135127579
1855,37.8,26.92599868774414,91.0,0.0,5.0,7.9,20.044195988795437,51.8309371921568
1856,19.3,26.92599868774414,91.0,0.0,4.0,6.7,16.555259189614397,30.888681432730078
1857,27.2,26.92599868774414,91.0,0.0,4.3,7.2,29.399837674306944,47.77988637201486
1858,15.2,26.92599868774414,91.0,0.0,7.5,6.9,6.572231605574681,19.800562123902274
1859,22.6,26.92599868774414,91.0,0.0,5.0,6.9,29.038342718151178,42.92683990270582
1860,20.2,27.875999450683594,88.0,0.0,2.8,6.6,27.891037616822526,39.723726331775765
1861,35.7,27.875999450683594,88.0,0.0,4.8,7.6,16.433867769907422,47.2037074389352
1862,34.6,27.875999450683594,88.0,0.0,2.6,7.4,20.153995381798936,48.707796767259254
1863,27.7,27.875999450683594,88.0,0.0,7.5,6.6,15.478580579297839,38.53500640550848
1864,23.8,27.875999450683594,88.0,0.0,3.9,7.1,12.958905418273352,32.871233792791344
1865,33.9,27.875999450683594,88.0,0.0,3.2,7.8,5.6297489687173945,37.840824278102176
1866,16.6,27.875999450683594,88.0,0.0,7.0,7.8,14.04423888465154,26.43096721925608
1867,35.4,27.875999450683594,88.0,0.0,7.4,7.6,9.006407114245377,41.70448497997176
1868,19.3,27.875999450683594,88.0,0.0,3.4,7.7,26.197381838209182,37.63816728674642
1869,27.7,27.875999450683594,88.0,0.0,4.5,6.1,15.515889313267076,38.561122519286954
1870,34.2,27.875999450683594,88.0,0.0,2.4,7.5,22.07471022127197,49.652297154890384
1871,35.0,27.875999450683594,88.0,0.0,3.9,7.2,9.835025883181451,41.884518118227014
1872,30.3,27.875999450683594,88.0,0.0,7.6,8.3,9.305355391880703,36.813748774316494
1873,38.1,27.875999450683594,88.0,0.0,6.7,8.0,16.228858979867113,49.460201285906976
1874,25.2,27.875999450683594,88.0,0.0,5.6,7.2,6.886606967823187,30.02062487747623
1875,36.3,27.875999450683594,88.0,0.0,7.5,6.0,11.401888014924513,44.28132161044716
1876,28.2,27.875999450683594,88.0,0.0,4.7,8.2,19.710998629056892,41.997699040339825
1877,15.8,27.875999450683594,88.0,0.0,7.9,8.1,10.124513928858939,22.887159750201256
1878,20.4,27.875999450683594,88.0,0.0,6.1,7.2,29.426425534069665,40.99849787384876
1879,34.6,27.875999450683594,88.0,0.0,3.6,7.9,23.85293949663895,51.297057647647264
1880,27.3,27.875999450683594,88.0,0.0,6.3,7.9,27.69013072873498,46.68309151011449
1881,18.1,27.875999450683594,88.0,0.0,5.7,7.2,23.349664415884114,34.44476509111888
1882,21.4,27.875999450683594,88.0,0.0,3.5,7.6,26.61917775042982,40.03342442530087
1883,34.5,27.875999450683594,88.0,0.0,7.8,6.6,9.172495318239061,40.92074672276734
1884,27.9,27.875999450683594,88.0,0.0,4.1,6.2,25.28064638650582,45.59645247055407
1885,39.0,27.875999450683594,88.0,0.0,7.6,6.2,19.749353893329612,52.82454772533073
1886,23.9,27.875999450683594,88.0,0.0,4.8,7.4,16.424608352464837,35.397225846725384
1887,26.1,27.875999450683594,88.0,0.0,4.3,7.7,6.609845608372732,30.72689192586091
1888,16.1,27.875999450683594,88.0,0.0,5.3,6.7,16.992311444806276,27.994618011364395
1889,35.5,27.875999450683594,88.0,0.0,2.5,6.8,16.732679652460405,47.21287575672228
1890,17.1,27.875999450683594,88.0,0.0,6.9,8.1,24.91318917951139,34.53923242565797
1891,30.7,27.875999450683594,88.0,0.0,7.6,7.3,24.64842204893984,47.95389543425789
1892,27.7,27.875999450683594,88.0,0.0,7.8,7.3,21.559813623826518,42.79186953667856
1893,36.3,27.875999450683594,88.0,0.0,7.3,7.2,19.903289252451554,50.232302476716086
1894,29.4,27.875999450683594,88.0,0.0,4.5,7.4,9.059907374584807,35.741935162209366
1895,23.1,27.875999450683594,88.0,0.0,2.7,8.3,25.132857789567723,40.693000452697405
1896,36.5,27.875999450683594,88.0,0.0,6.5,7.0,9.641704062463836,43.249192843724686
1897,38.0,27.875999450683594,88.0,0.0,7.4,6.9,10.181845729572181,45.12729201070053
1898,35.8,27.875999450683594,88.0,0.0,6.8,7.4,21.265055819316785,50.685539073521745
1899,32.9,27.875999450683594,88.0,0.0,4.6,6.5,26.2840409749225,51.298828682445745
1900,16.9,27.875999450683594,88.0,0.0,2.8,8.4,22.572133165488378,32.70049321584186
1901,18.2,27.875999450683594,88.0,0.0,6.7,6.2,11.08467379667993,25.95927165767595
1902,32.7,27.875999450683594,88.0,0.0,2.7,6.7,19.72807721657912,46.50965405160539
1903,21.1,27.875999450683594,88.0,0.0,6.8,8.5,17.313965660528993,33.21977596237029
1904,36.8,27.875999450683594,88.0,0.0,5.4,6.2,22.862407943177672,52.803685560224366
1905,26.3,27.875999450683594,88.0,0.0,6.5,7.3,17.188905528228435,38.332233869759904
1906,31.1,27.875999450683594,88.0,0.0,2.4,7.3,8.194774133796882,36.83634189365782
1907,27.4,27.875999450683594,88.0,0.0,3.7,8.2,19.79806831154343,41.2586478180804
1908,18.4,27.875999450683594,88.0,0.0,5.1,6.7,9.38218566039447,24.967529962276128
1909,39.5,27.875999450683594,88.0,0.0,7.5,6.6,28.156104824585466,59.209273377209826
1910,35.4,27.875999450683594,88.0,0.0,3.7,6.7,24.761586032033893,52.73311022242372
1911,39.7,27.875999450683594,88.0,0.0,3.8,6.3,20.563436438527756,54.09440550696943
1912,26.8,27.875999450683594,88.0,0.0,4.6,7.9,19.789347098667776,40.65254296906744
1913,22.9,27.875999450683594,88.0,0.0,7.8,8.3,25.919506052439484,41.04365423670764
1914,37.2,27.875999450683594,88.0,0.0,4.4,8.0,16.564628698912827,48.79524008923898
1915,19.9,27.875999450683594,88.0,0.0,3.3,7.0,9.458007525420888,26.52060526779462
1916,29.2,27.875999450683594,88.0,0.0,4.6,6.0,28.792343904570824,49.354640733199574
1917,34.5,27.875999450683594,88.0,0.0,6.1,6.8,29.464017926086687,55.12481254826068
1918,36.5,27.875999450683594,88.0,0.0,5.2,7.9,13.872334643482644,46.21063425043785
1919,34.7,27.875999450683594,88.0,0.0,2.7,7.2,13.879908968319992,44.415936277823995
1920,36.0,29.275999069213867,79.0,0.0,3.0,7.6,12.467609365226078,44.72732655565825
1921,27.8,29.275999069213867,79.0,0.0,6.2,6.3,9.57727743882304,34.50409420717613
1922,25.4,29.275999069213867,79.0,0.0,2.7,7.7,18.0024908577108,38.00174360039756
1923,31.8,29.275999069213867,79.0,0.0,7.0,8.3,8.921359368789698,38.04495155815279
1924,24.9,29.275999069213867,79.0,0.0,3.6,6.5,20.222359873895755,39.055651911727026
1925,30.1,29.275999069213867,79.0,0.0,4.6,7.6,28.65234686754672,50.15664280728271
1926,20.9,29.275999069213867,79.0,0.0,2.8,6.6,22.010511318595746,36.30735792301702
1927,27.4,29.275999069213867,79.0,0.0,2.0,6.7,21.535916193496234,42.47514133544736
1928,15.5,29.275999069213867,79.0,0.0,4.8,6.2,8.466684938770737,21.426679457139514
1929,25.2,29.275999069213867,79.0,0.0,7.4,6.8,14.260081152983895,35.18205680708873
1930,17.6,29.275999069213867,79.0,0.0,2.1,8.5,18.129997671970344,30.290998370379242
1931,20.8,29.275999069213867,79.0,0.0,2.6,6.0,7.559525010396199,26.09166750727734
1932,24.3,29.275999069213867,79.0,0.0,3.9,7.0,20.51109283189421,38.65776498232594
1933,30.2,29.275999069213867,79.0,0.0,2.9,7.1,22.12260363831339,45.68582254681937
1934,35.2,29.275999069213867,79.0,0.0,8.0,8.2,11.830166286167373,43.48111640031716
1935,18.2,29.275999069213867,79.0,0.0,6.9,8.0,15.730707004473267,29.211494903131285
1936,27.9,29.275999069213867,79.0,0.0,6.4,8.1,9.590175990362702,34.61312319325389
1937,28.1,29.275999069213867,79.0,0.0,5.4,8.2,28.533236564703845,48.073265595292696
1938,18.0,29.275999069213867,79.0,0.0,4.9,6.5,16.601104485616432,29.6207731399315
1939,19.1,29.275999069213867,79.0,0.0,6.2,7.7,5.694538349037491,23.086176844326246
1940,25.8,29.275999069213867,79.0,0.0,2.4,7.8,7.980182708023618,31.386127895616532
1941,37.6,29.275999069213867,79.0,0.0,6.6,7.4,23.292248409060065,53.90457388634205
1942,31.3,29.275999069213867,79.0,0.0,7.2,8.1,15.096253564380703,41.86737749506649
1943,39.9,29.275999069213867,79.0,0.0,5.1,6.8,7.278426924666851,44.994898847266796
1944,33.4,29.275999069213867,79.0,0.0,2.3,7.3,5.7863285755960545,37.45043000291724
1945,32.8,29.275999069213867,79.0,0.0,2.3,7.3,21.4548179841583,47.818372588910805
1946,30.1,29.275999069213867,79.0,0.0,4.7,7.6,22.897477967705157,46.12823457739361
1947,15.3,29.275999069213867,79.0,0.0,4.7,6.3,20.79105788362319,29.853740518536235
1948,25.9,29.275999069213867,79.0,0.0,3.1,6.7,29.198727329123646,46.33910913038655
1949,17.0,29.275999069213867,79.0,0.0,3.3,8.1,15.5771803749871,27.90402626249097
1950,25.3,29.275999069213867,79.0,0.0,3.2,7.9,20.36336036562941,39.554352255940586
1951,39.5,29.275999069213867,79.0,0.0,3.9,8.3,10.279902835039113,46.69593198452738
1952,38.5,29.275999069213867,79.0,0.0,4.0,6.9,6.041252255667171,42.72887657896702
1953,32.1,29.275999069213867,79.0,0.0,2.7,8.4,20.89107126248235,46.723749883737646
1954,21.2,29.275999069213867,79.0,0.0,5.3,7.5,6.023998609386151,25.416799026570303
1955,34.5,29.275999069213867,79.0,0.0,2.1,7.7,9.086170717933374,40.86031950255336
1956,27.5,29.275999069213867,79.0,0.0,7.0,7.6,22.590726490924784,43.313508543647345
1957,28.3,29.275999069213867,79.0,0.0,4.5,6.0,15.722031559059147,39.3054220913414
1958,27.0,29.275999069213867,79.0,0.0,2.6,7.6,27.28701611484186,46.1009112803893
1959,30.6,29.275999069213867,79.0,0.0,2.7,8.2,14.988166617797553,41.09171663245829
1960,38.3,29.275999069213867,79.0,0.0,4.0,7.0,5.731294377889072,42.31190606452235
1961,15.6,29.275999069213867,79.0,0.0,3.6,6.1,29.69695096668664,36.38786567668065
1962,17.3,29.275999069213867,79.0,0.0,2.4,8.4,10.686431309861948,24.780501916903365
1963,34.3,29.275999069213867,79.0,0.0,5.8,7.7,7.448012587178495,39.513608811024945
1964,23.0,29.275999069213867,79.0,0.0,3.7,8.4,8.30622556251855,28.814357893762985
1965,18.4,29.275999069213867,79.0,0.0,2.1,7.1,14.428084670346026,28.499659269242215
1966,20.9,29.275999069213867,79.0,0.0,3.6,6.7,19.080023220701193,34.25601625449083
1967,15.2,29.275999069213867,79.0,0.0,6.3,6.6,17.27211328254175,27.29047929777922
1968,22.6,29.275999069213867,79.0,0.0,5.1,6.2,15.818898188566608,33.67322873199663
1969,25.9,29.275999069213867,79.0,0.0,3.0,7.3,16.01528172027578,37.110697204193045
1970,24.8,29.275999069213867,79.0,0.0,4.2,8.0,22.05905626955655,40.24133938868958
1971,18.0,29.275999069213867,79.0,0.0,2.3,7.0,22.957729965782384,34.07041097604767
1972,30.8,29.275999069213867,79.0,0.0,2.7,6.1,11.518528026636481,38.862969618645536
1973,24.1,29.275999069213867,79.0,0.0,6.9,6.3,9.764425087382627,30.93509756116784
1974,35.9,29.275999069213867,79.0,0.0,4.1,7.9,25.687207598959766,53.881045319271834
1975,22.7,29.275999069213867,79.0,0.0,3.4,6.4,16.776759210009978,34.44373144700698
1976,24.5,29.275999069213867,79.0,0.0,6.8,6.5,27.897561905614854,44.02829333393039
1977,19.6,29.275999069213867,79.0,0.0,3.3,7.2,7.591555433148093,24.914088803203665
1978,22.4,29.275999069213867,79.0,0.0,7.6,6.2,21.706747927879405,37.59472354951558
1979,37.7,29.275999069213867,79.0,0.0,6.9,6.8,8.402542965010685,43.58178007550748
1980,16.9,30.875999450683594,70.0,0.0,4.8,8.0,9.970864928176649,23.879605449723652
1981,16.7,30.875999450683594,70.0,0.0,3.6,7.7,9.929856206169037,23.650899344318326
1982,21.5,30.875999450683594,70.0,0.0,6.5,7.2,6.419028608941206,25.993320026258843
1983,27.2,30.875999450683594,70.0,0.0,4.6,6.9,15.993536602753437,38.3954756219274
1984,23.1,30.875999450683594,70.0,0.0,5.4,6.9,22.481806236988344,38.83726436589184
1985,34.4,30.875999450683594,70.0,0.0,5.5,6.1,28.376709521478027,54.263696665034615
1986,23.3,30.875999450683594,70.0,0.0,7.0,7.3,10.754506335093643,30.82815443456555
1987,33.0,30.875999450683594,70.0,0.0,4.3,6.5,25.97299414456158,51.1810959011931
1988,21.2,30.875999450683594,70.0,0.0,4.8,6.7,29.55216441037313,41.88651508726119
1989,15.5,30.875999450683594,70.0,0.0,2.4,6.3,28.261474584610948,35.28303220922766
1990,26.2,30.875999450683594,70.0,0.0,3.0,8.5,9.596283560159044,32.91739849211133
1991,34.4,30.875999450683594,70.0,0.0,2.5,7.6,12.452553734963168,43.11678761447422
1992,31.4,30.875999450683594,70.0,0.0,6.4,8.4,14.129697598223178,41.29078831875622
1993,22.1,30.875999450683594,70.0,0.0,2.7,8.1,19.942398533516375,36.05967897346146
1994,17.1,30.875999450683594,70.0,0.0,5.6,6.1,29.45666385931372,37.719664701519605
1995,19.3,30.875999450683594,70.0,0.0,4.4,8.1,13.62972735386526,28.840809147705684
1996,26.2,30.875999450683594,70.0,0.0,7.0,7.0,18.73875346679923,39.31712742675946
1997,20.9,30.875999450683594,70.0,0.0,6.8,7.8,13.540412692863116,30.37828888500418
1998,32.6,30.875999450683594,70.0,0.0,2.8,7.7,7.256067736354261,37.67924741544798
1999,19.1,30.875999450683594,70.0,0.0,3.5,7.8,7.532070076777726,24.37244905374441
2000,25.5,30.875999450683594,70.0,0.0,5.2,6.9,15.988326815963637,36.69182877117454
2001,34.6,30.875999450683594,70.0,0.0,6.4,6.1,10.283662223930225,41.79856355675116
2002,20.0,30.875999450683594,70.0,0.0,6.8,7.0,10.539699233322887,27.37778946332602
2003,33.1,30.875999450683594,70.0,0.0,2.0,6.1,29.24255429079486,53.569788003556404
2004,37.1,30.875999450683594,70.0,0.0,2.0,8.2,21.20849279546328,51.94594495682429
2005,34.4,30.875999450683594,70.0,0.0,4.6,7.8,7.093915926047055,39.365741148232935
2006,32.7,30.875999450683594,70.0,0.0,6.3,8.3,5.389263009473279,36.4724841066313
2007,27.9,30.875999450683594,70.0,0.0,2.0,6.9,20.066369251973512,41.94645847638146
2008,30.1,30.875999450683594,70.0,0.0,2.7,7.7,10.528801369914031,37.47016095893982
2009,16.3,30.875999450683594,70.0,0.0,4.2,6.3,13.580064784092038,25.806045348864426
2010,28.2,30.875999450683594,70.0,0.0,3.0,7.2,5.816431435181331,32.27150200462693
2011,31.8,30.875999450683594,70.0,0.0,5.0,7.4,14.22507361255345,41.75755152878742
2012,29.4,30.875999450683594,70.0,0.0,5.4,7.1,5.77176339518385,33.440234376628695
2013,15.2,30.875999450683594,70.0,0.0,2.5,8.1,5.710485993665763,19.197340195566035
2014,26.3,30.875999450683594,70.0,0.0,6.8,6.1,20.713220468363875,40.79925432785471
2015,32.8,30.875999450683594,70.0,0.0,4.4,7.6,25.345838833682024,50.54208718357741
2016,37.1,30.875999450683594,70.0,0.0,6.3,6.9,10.09506592089187,44.166546144624306
2017,20.4,30.875999450683594,70.0,0.0,4.7,6.9,20.182080654666535,34.52745645826657
2018,23.4,30.875999450683594,70.0,0.0,7.0,8.4,7.704867785095155,28.793407449566608
2019,26.1,30.875999450683594,70.0,0.0,4.2,7.7,15.151078142305122,36.705754699613586
2020,29.6,30.875999450683594,70.0,0.0,4.8,8.3,6.047361564314533,33.83315309502017
2021,32.1,30.875999450683594,70.0,0.0,5.2,7.9,24.045373339550846,48.93176133768559
2022,24.1,30.875999450683594,70.0,0.0,5.8,6.5,28.567972825560897,44.09758097789263
2023,31.6,30.875999450683594,70.0,0.0,2.5,6.0,22.611708934058914,47.428196253841236
2024,25.0,30.875999450683594,70.0,0.0,6.9,7.9,21.591757862876083,40.11423050401326
2025,24.8,30.875999450683594,70.0,0.0,3.0,7.9,13.920401550261106,34.544281085182774
2026,22.0,30.875999450683594,70.0,0.0,5.3,8.2,24.437941261432666,39.10655888300286
2027,38.4,30.875999450683594,70.0,0.0,2.6,6.5,28.275779415571442,58.193045590900006
2028,16.7,30.875999450683594,70.0,0.0,7.6,7.6,10.900797837573602,24.33055848630152
2029,36.1,30.875999450683594,70.0,0.0,3.8,8.0,23.866980199918714,52.8068861399431
2030,39.1,30.875999450683594,70.0,0.0,5.8,6.9,18.543825799852854,52.080678059897
2031,35.4,30.875999450683594,70.0,0.0,6.1,8.0,19.61368137673709,49.12957696371596
2032,39.4,30.875999450683594,70.0,0.0,8.0,8.1,18.360667415281466,52.252467190697026
2033,25.7,30.875999450683594,70.0,0.0,7.8,6.1,13.857278219219324,35.40009475345353
2034,24.3,30.875999450683594,70.0,0.0,3.6,6.4,5.207089108053945,27.94496237563776
2035,32.2,30.875999450683594,70.0,0.0,5.3,7.4,10.62135140447328,39.634945983131296
2036,36.5,30.875999450683594,70.0,0.0,7.7,6.9,29.416952759479337,57.091866931635536
2037,39.6,30.875999450683594,70.0,0.0,6.5,7.4,8.805638611588687,45.763947028112085
2038,24.5,30.875999450683594,70.0,0.0,6.0,7.7,19.253593889490794,37.97751572264356
2039,18.7,30.875999450683594,70.0,0.0,4.2,6.2,21.283331624850625,33.59833213739544
2040,20.9,32.47600173950195,60.0,0.0,7.8,6.9,26.58785919050079,39.511501433350546
2041,30.3,32.47600173950195,60.0,0.0,4.4,7.8,16.56024331848297,41.89217032293808
2042,17.4,32.47600173950195,60.0,0.0,4.3,7.5,8.135137949771893,23.094596564840323
2043,25.3,32.47600173950195,60.0,0.0,4.3,6.3,19.387068328925775,38.87094783024804
2044,22.9,32.47600173950195,60.0,0.0,2.0,7.8,14.60955059069125,33.12668541348387
2045,17.0,32.47600173950195,60.0,0.0,7.2,7.2,29.020532319249067,37.31437262347434
2046,20.0,32.47600173950195,60.0,0.0,5.5,7.8,27.48795216509243,39.2415665155647
2047,22.5,32.47600173950195,60.0,0.0,2.2,6.6,13.169773796621552,31.718841657635085
2048,27.8,32.47600173950195,60.0,0.0,2.1,8.4,7.592915539121024,33.115040877384715
2049,23.4,32.47600173950195,60.0,0.0,2.2,7.3,23.404280928745916,39.78299665012214
2050,38.5,32.47600173950195,60.0,0.0,4.9,6.7,18.413188523370465,51.389231966359326
2051,28.8,32.47600173950195,60.0,0.0,4.7,7.0,13.747005421729298,38.42290379521051
2052,31.5,32.47600173950195,60.0,0.0,6.1,7.1,17.933710398101837,44.05359727867128
2053,29.4,32.47600173950195,60.0,0.0,3.0,6.8,23.90497006963625,46.13347904874537
2054,18.5,32.47600173950195,60.0,0.0,5.4,6.4,12.18582771024664,27.03007939717265
2055,23.2,32.47600173950195,60.0,0.0,4.7,6.5,15.345090077933886,33.94156305455372
2056,33.9,32.47600173950195,60.0,0.0,4.5,6.4,11.131243820952426,41.691870674666696
2057,30.9,32.47600173950195,60.0,0.0,7.9,6.8,26.024250687008497,49.11697548090595
2058,23.8,32.47600173950195,60.0,0.0,7.1,8.2,19.694398464276325,37.58607892499343
2059,25.3,32.47600173950195,60.0,0.0,7.7,7.4,21.139091378534065,40.097363964973844
2060,32.9,32.47600173950195,60.0,0.0,5.3,7.5,8.81086078762988,39.06760255134091
2061,20.8,32.47600173950195,60.0,0.0,6.6,8.2,24.781794962889172,38.14725647402242
2062,31.4,32.47600173950195,60.0,0.0,4.9,6.7,20.927571221091995,46.04929985476439
2063,27.4,32.47600173950195,60.0,0.0,2.3,6.5,19.839579808756056,41.28770586612924
2064,30.2,32.47600173950195,60.0,0.0,6.0,6.7,21.993440209898818,45.595408146929174
2065,37.9,32.47600173950195,60.0,0.0,3.8,6.3,17.26494447149988,49.98546113004991
2066,24.5,32.47600173950195,60.0,0.0,3.3,6.9,27.139570427529815,43.49769929927087
2067,31.9,32.47600173950195,60.0,0.0,7.4,7.6,7.718051377624963,37.30263596433747
2068,39.6,32.47600173950195,60.0,0.0,5.3,7.0,24.166887941867383,56.51682155930717
2069,30.9,32.47600173950195,60.0,0.0,5.9,6.2,6.226211346176854,35.258347942323795
2070,28.5,32.47600173950195,60.0,0.0,5.7,6.2,18.659184895547007,41.5614294268829
2071,39.0,32.47600173950195,60.0,0.0,5.3,6.2,24.24982769480108,55.974879386360755
2072,37.9,32.47600173950195,60.0,0.0,7.8,7.4,18.378678293760217,50.76507480563215
2073,32.6,32.47600173950195,60.0,0.0,4.3,7.8,16.88480532591896,44.419363728143274
2074,38.3,32.47600173950195,60.0,0.0,4.5,6.5,29.441331577862364,58.90893210450365
2075,36.0,32.47600173950195,60.0,0.0,4.6,7.4,6.624600227057297,40.63722015894011
2076,18.2,32.47600173950195,60.0,0.0,6.3,6.1,14.4659328324299,28.32615298270093
2077,36.4,32.47600173950195,60.0,0.0,3.6,7.8,19.763510515343704,50.23445736074059
2078,15.4,32.47600173950195,60.0,0.0,2.2,7.2,19.01849024862401,28.712943174036806
2079,38.2,32.47600173950195,60.0,0.0,4.2,7.7,24.20566186865714,55.143963308059995
2080,24.4,32.47600173950195,60.0,0.0,3.7,8.1,28.9468217980451,44.66277525863157
2081,29.1,32.47600173950195,60.0,0.0,4.5,7.7,25.28496922844085,46.7994784599086
2082,28.7,32.47600173950195,60.0,0.0,6.3,6.8,29.78891590114039,49.552241130798265
2083,18.6,32.47600173950195,60.0,0.0,4.2,7.9,5.45839023712573,22.420873165988013
2084,16.9,32.47600173950195,60.0,0.0,3.3,6.4,11.743307466187261,25.12031522633108
2085,22.3,32.47600173950195,60.0,0.0,6.7,6.8,28.77116227084482,42.439813589591374
2086,23.2,32.47600173950195,60.0,0.0,7.9,6.5,15.66149996890227,34.163049978231584
2087,16.5,32.47600173950195,60.0,0.0,4.7,6.7,10.124895937306015,23.58742715611421
2088,24.2,32.47600173950195,60.0,0.0,3.8,7.4,5.43845883770941,28.006921186396585
2089,26.1,32.47600173950195,60.0,0.0,6.7,6.5,27.451335781211064,45.31593504684774
2090,27.1,32.47600173950195,60.0,0.0,3.6,7.9,15.261283758437514,37.78289863090626
2091,20.7,32.47600173950195,60.0,0.0,5.2,7.3,6.39324442222146,25.175271095555022
2092,28.6,32.47600173950195,60.0,0.0,7.0,8.4,24.052754732833066,45.43692831298314
2093,36.3,32.47600173950195,60.0,0.0,7.3,7.5,7.382487807955547,41.46774146556888
2094,20.7,32.47600173950195,60.0,0.0,6.1,7.7,9.098877688251223,27.069214381775854
2095,34.8,32.47600173950195,60.0,0.0,5.1,8.1,26.38659090532847,53.27061363372992
2096,21.9,32.47600173950195,60.0,0.0,2.2,7.7,11.453341597740863,29.917339118418603
2097,21.4,32.47600173950195,60.0,0.0,5.1,7.8,16.41250743503531,32.88875520452471
2098,17.9,32.47600173950195,60.0,0.0,5.1,8.5,18.477673047537284,30.834371133276097
2099,34.8,32.47600173950195,60.0,0.0,2.6,6.4,10.673445166683084,42.27141161667816
2100,30.7,33.97600173950195,53.0,0.0,4.3,8.4,26.504961284659917,49.253472899261936
2101,16.5,33.97600173950195,53.0,0.0,3.5,6.7,24.575124983775392,33.70258748864278
2102,20.3,33.97600173950195,53.0,0.0,3.5,6.4,21.30577273766817,35.21404091636772
2103,38.5,33.97600173950195,53.0,0.0,5.1,8.1,20.995076462132737,53.196553523492916
2104,32.2,33.97600173950195,53.0,0.0,6.1,7.6,28.245109508248134,51.971576655773696
2105,27.8,33.97600173950195,53.0,0.0,2.8,8.2,5.144948095851372,31.40146366709596
2106,36.9,33.97600173950195,53.0,0.0,7.1,7.1,22.059985053107408,52.34198953717518
2107,24.2,33.97600173950195,53.0,0.0,4.0,6.7,14.789939341611811,34.552957539128265
2108,15.0,33.97600173950195,53.0,0.0,7.3,7.2,24.848369869697247,32.393858908788076
2109,24.8,33.97600173950195,53.0,0.0,6.6,8.4,23.776482167696525,41.44353751738757
2110,25.9,33.97600173950195,53.0,0.0,5.9,7.2,5.792459709228277,29.954721796459793
2111,35.5,33.97600173950195,53.0,0.0,3.8,8.0,11.124563035434207,43.287194124803946
2112,35.0,33.97600173950195,53.0,0.0,3.3,8.0,18.407335850479868,47.885135095335905
2113,31.5,33.97600173950195,53.0,0.0,6.5,8.0,10.179829323223235,38.62588052625627
2114,20.4,33.97600173950195,53.0,0.0,7.1,7.3,16.5514075262439,31.985985268370726
2115,25.4,33.97600173950195,53.0,0.0,6.3,8.3,29.309567678874657,45.91669737521226
2116,37.7,33.97600173950195,53.0,0.0,6.8,6.4,17.27203162324338,49.790422136270365
2117,36.8,33.97600173950195,53.0,0.0,5.0,7.3,27.957410280633557,56.37018719644348
2118,36.5,33.97600173950195,53.0,0.0,8.0,7.2,25.682603601054495,54.477822520738144
2119,23.1,33.97600173950195,53.0,0.0,7.4,6.9,16.71477895520247,34.80034526864173
2120,26.8,33.97600173950195,53.0,0.0,5.3,7.8,23.008086791417632,42.90566075399234
2121,22.2,33.97600173950195,53.0,0.0,5.6,7.6,20.97587155182851,36.883110086279956
2122,35.3,33.97600173950195,53.0,0.0,6.3,7.6,7.76862635585893,40.738038449101246
2123,30.5,33.97600173950195,53.0,0.0,4.2,7.6,29.78438139581897,51.34906697707328
2124,29.6,33.97600173950195,53.0,0.0,6.5,7.9,25.63310272870353,47.54317191009247
2125,26.9,33.97600173950195,53.0,0.0,3.2,7.1,9.783276088056812,33.748293261639766
2126,17.6,33.97600173950195,53.0,0.0,5.7,6.4,10.54755745798941,24.983290220592586
2127,17.5,33.97600173950195,53.0,0.0,3.9,7.4,20.31420054370536,31.71994038059375
2128,36.8,33.97600173950195,53.0,0.0,3.1,7.5,11.070098686490521,44.54906908054336
2129,30.1,33.97600173950195,53.0,0.0,2.3,6.1,16.177502262684982,41.42425158387949
2130,39.5,33.97600173950195,53.0,0.0,7.4,6.7,8.859308998752223,45.70151629912655
2131,26.7,33.97600173950195,53.0,0.0,3.9,8.2,12.173967818458973,35.22177747292128
2132,28.9,33.97600173950195,53.0,0.0,6.2,6.7,26.6083724604882,47.52586072234174
2133,24.9,33.97600173950195,53.0,0.0,6.0,6.2,18.40992013233069,37.78694409263148
2134,36.6,33.97600173950195,53.0,0.0,5.4,7.8,7.037521501759809,41.52626505123187
2135,18.4,33.97600173950195,53.0,0.0,2.1,8.3,19.154537017179877,31.80817591202591
2136,15.7,33.97600173950195,53.0,0.0,7.8,7.8,27.74769458166489,35.123386207165424
2137,30.8,33.97600173950195,53.0,0.0,2.4,8.1,13.047719171404466,39.93340341998312
2138,31.9,33.97600173950195,53.0,0.0,5.3,6.3,27.74892018713271,51.324244130992895
2139,17.6,33.97600173950195,53.0,0.0,2.9,8.2,12.864011631862553,26.60480814230379
2140,39.6,33.97600173950195,53.0,0.0,3.9,6.5,26.611880835319905,58.228316584723935
2141,23.6,33.97600173950195,53.0,0.0,5.5,7.6,9.290492170140283,30.1033445190982
2142,38.3,33.97600173950195,53.0,0.0,7.2,7.5,25.862907134598384,56.40403499421886
2143,22.1,33.97600173950195,53.0,0.0,3.9,7.3,13.34741690893781,31.443191836256467
2144,18.3,33.97600173950195,53.0,0.0,6.4,6.1,18.04054017703856,30.928378123926993
2145,24.3,33.97600173950195,53.0,0.0,6.8,8.3,18.508976492598205,37.25628354481874
2146,37.4,33.97600173950195,53.0,0.0,2.6,8.2,27.711578836209526,56.798105185346664
2147,33.3,33.97600173950195,53.0,0.0,4.6,7.0,8.552549171000496,39.286784419700346
2148,17.3,33.97600173950195,53.0,0.0,3.2,6.2,29.158973267159414,37.71128128701159
2149,30.5,33.97600173950195,53.0,0.0,7.3,6.8,20.77336290613434,45.04135403429404
2150,38.8,33.97600173950195,53.0,0.0,6.5,7.9,6.179069560459443,43.12534869232161
2151,23.1,33.97600173950195,53.0,0.0,7.4,7.4,13.504997948716944,32.55349856410186
2152,20.1,33.97600173950195,53.0,0.0,2.3,7.0,13.935917035894288,29.855141925126002
2153,18.6,33.97600173950195,53.0,0.0,4.9,6.5,7.399145711414888,23.779401997990423
2154,24.1,33.97600173950195,53.0,0.0,7.5,6.4,10.466569260438833,31.426598482307185
2155,35.3,33.97600173950195,53.0,0.0,2.9,7.2,25.483111617812337,53.13817813246863
2156,31.0,33.97600173950195,53.0,0.0,3.6,6.5,12.13313853399492,39.493196973796444
2157,34.8,33.97600173950195,53.0,0.0,2.5,7.5,9.770750429843554,41.63952530089048
2158,28.8,33.97600173950195,53.0,0.0,7.4,6.5,20.54109146006379,43.17876402204465
2159,38.5,33.97600173950195,53.0,0.0,3.4,6.3,18.030331139726243,51.12123179780837
2160,34.3,35.375999450683594,46.0,0.0,4.6,8.1,14.689121967193753,44.58238537703562
2161,32.4,35.375999450683594,46.0,0.0,3.3,7.4,25.252073775720735,50.07645164300451
2162,18.4,35.375999450683594,46.0,0.0,4.5,7.2,9.847739125898324,25.293417388128823
2163,19.2,35.375999450683594,46.0,0.0,4.6,6.9,13.744412675914315,28.82108887314002
2164,30.1,35.375999450683594,46.0,0.0,4.9,6.5,14.724897255461345,40.407428078822946
2165,33.1,35.375999450683594,46.0,0.0,3.1,7.6,11.552994115022887,41.187095880516026
2166,38.1,35.375999450683594,46.0,0.0,6.2,7.2,13.012024812256307,47.20841736857942
2167,33.0,35.375999450683594,46.0,0.0,5.5,7.0,14.599246052557774,43.21947223679044
2168,23.0,35.375999450683594,46.0,0.0,7.4,8.4,29.61843643451721,43.73290550416205
2169,29.3,35.375999450683594,46.0,0.0,8.0,6.2,15.48642105038065,40.14049473526646
2170,22.2,35.375999450683594,46.0,0.0,2.0,7.0,5.002701996729096,25.701891397710366
2171,27.7,35.375999450683594,46.0,0.0,6.6,6.9,24.860934763663845,45.10265433456469
2172,25.9,35.375999450683594,46.0,0.0,5.4,6.1,24.25504358528514,42.878530509699594
2173,21.9,35.375999450683594,46.0,0.0,4.1,6.7,27.23696086181988,40.965872603273915
2174,31.1,35.375999450683594,46.0,0.0,6.0,8.4,17.308950979407726,43.21626568558541
2175,24.6,35.375999450683594,46.0,0.0,5.3,6.4,5.869679339205157,28.70877553744361
2176,35.7,35.375999450683594,46.0,0.0,3.0,7.1,17.44928524236491,47.91449966965544
2177,20.0,35.375999450683594,46.0,0.0,7.3,7.6,5.670888362801506,23.969621853961055
2178,28.4,35.375999450683594,46.0,0.0,5.8,6.9,20.094969945673945,42.46647896197176
2179,26.7,35.375999450683594,46.0,0.0,5.7,6.8,29.344536943329988,47.24117586033099
2180,38.3,35.375999450683594,46.0,0.0,3.4,7.0,27.886922466875223,57.82084572681265
2181,15.3,35.375999450683594,46.0,0.0,5.4,6.5,15.210463603702403,25.947324522591682
2182,26.8,35.375999450683594,46.0,0.0,3.5,7.1,24.171496116584784,43.72004728160935
2183,24.3,35.375999450683594,46.0,0.0,3.2,6.8,7.973771901524641,29.88164033106725
2184,30.3,35.375999450683594,46.0,0.0,3.2,6.8,7.327880701229812,35.42951649086087
2185,20.0,35.375999450683594,46.0,0.0,3.4,7.7,5.298189758480732,23.708732830936512
2186,21.9,35.375999450683594,46.0,0.0,2.2,7.7,14.116117063883673,31.781281944718568
2187,35.4,35.375999450683594,46.0,0.0,3.3,7.7,18.003645708875105,48.002551996212574
2188,15.6,35.375999450683594,46.0,0.0,6.3,7.2,25.575974762969096,33.50318233407837
2189,17.5,35.375999450683594,46.0,0.0,2.0,7.4,27.65319634380865,36.857237440666054
2190,33.8,35.375999450683594,46.0,0.0,2.5,6.3,9.042178455631806,40.12952491894226
2191,25.3,35.375999450683594,46.0,0.0,5.3,8.5,21.52995400813827,40.370967805696786
2192,31.7,35.375999450683594,46.0,0.0,3.8,8.4,20.79960294969117,46.259722064783816
2193,22.6,35.375999450683594,46.0,0.0,2.5,8.2,29.889511354854548,43.522657948398184
2194,22.1,35.375999450683594,46.0,0.0,7.7,7.8,24.691609016032757,39.38412631122293
2195,19.2,35.375999450683594,46.0,0.0,7.9,6.8,13.024605019197065,28.317223513437945
2196,23.2,35.375999450683594,46.0,0.0,3.0,6.7,5.295818135995662,26.907072695196963
2197,17.6,35.375999450683594,46.0,0.0,3.5,6.6,21.84300816794487,32.89010571756141
2198,19.6,35.375999450683594,46.0,0.0,7.9,8.1,6.396668992944674,24.077668295061272
2199,38.8,35.375999450683594,46.0,0.0,7.5,7.8,12.06744202058059,47.24720941440641
2200,37.9,35.375999450683594,46.0,0.0,6.9,6.6,29.246523661614496,58.37256656313015
2201,25.5,35.375999450683594,46.0,0.0,2.1,7.0,22.521509237418314,41.26505646619282
2202,38.4,35.375999450683594,46.0,0.0,7.9,7.2,15.826077841569637,49.478254489098745
2203,27.2,35.375999450683594,46.0,0.0,7.6,7.4,9.742614059503408,34.01982984165238
2204,17.0,35.375999450683594,46.0,0.0,5.4,7.7,28.87174967699549,37.21022477389684
2205,22.5,35.375999450683594,46.0,0.0,6.5,6.8,18.76783359431328,35.637483516019294
2206,30.5,35.375999450683594,46.0,0.0,5.7,8.3,22.67335194171094,46.37134635919766
2207,22.4,35.375999450683594,46.0,0.0,5.5,7.4,14.349419312169168,32.44459351851842
2208,31.1,35.375999450683594,46.0,0.0,6.3,6.4,26.177389136734934,49.42417239571445
2209,17.3,35.375999450683594,46.0,0.0,4.3,6.3,23.064938487638432,33.445456941346905
2210,35.8,35.375999450683594,46.0,0.0,5.6,6.6,23.614742603163986,52.33031982221479
2211,29.2,35.375999450683594,46.0,0.0,7.2,6.1,15.05747706782055,39.74023394747438
2212,27.0,35.375999450683594,46.0,0.0,6.9,6.1,19.671820059205967,40.770274041444175
2213,29.1,35.375999450683594,46.0,0.0,3.1,7.8,29.087338201279675,49.46113674089577
2214,36.9,35.375999450683594,46.0,0.0,6.3,8.4,18.358734060291567,49.75111384220409
2215,37.9,35.375999450683594,46.0,0.0,4.5,6.4,23.43619048573881,54.305333340017164
2216,25.1,35.375999450683594,46.0,0.0,5.0,6.8,26.675487881030083,43.77284151672106
2217,23.5,35.375999450683594,46.0,0.0,4.3,8.4,24.442688852546596,40.609882196782614
2218,33.5,35.375999450683594,46.0,0.0,2.2,6.9,24.8335537728235,50.88348764097645
2219,37.2,35.375999450683594,46.0,0.0,4.5,6.9,18.625054732948506,50.23753831306396
2220,33.4,36.426002502441406,42.0,0.0,7.4,6.4,8.863096610337083,39.60416762723595
2221,28.4,36.426002502441406,42.0,0.0,5.2,8.5,12.049331059644913,36.834531741751434
2222,16.5,36.426002502441406,42.0,0.0,4.3,7.1,6.881399563645717,21.316979694552003
2223,37.2,36.426002502441406,42.0,0.0,2.7,6.6,5.715331660746996,41.2007321625229
2224,29.9,36.426002502441406,42.0,0.0,4.7,8.4,7.126521007593832,34.88856470531568
2225,15.3,36.426002502441406,42.0,0.0,5.0,6.6,6.836674207771849,20.085671945440296
2226,21.8,36.426002502441406,42.0,0.0,5.4,7.6,23.495147567299565,38.246603297109694
2227,36.5,36.426002502441406,42.0,0.0,4.9,8.4,6.500344995136496,41.05024149659555
2228,27.5,36.426002502441406,42.0,0.0,7.5,8.5,25.51637961070712,45.36146572749498
2229,20.1,36.426002502441406,42.0,0.0,7.0,7.0,16.786018332612283,31.850212832828596
2230,37.5,36.426002502441406,42.0,0.0,4.4,7.8,21.449009291015788,52.514306503711055
2231,20.2,36.426002502441406,42.0,0.0,4.7,6.5,21.610528323852062,35.32736982669644
2232,19.3,36.426002502441406,42.0,0.0,7.4,7.5,22.72296412564602,35.20607488795221
2233,32.1,36.426002502441406,42.0,0.0,3.6,7.1,12.759581380393712,41.0317069662756
2234,36.2,36.426002502441406,42.0,0.0,2.8,8.0,27.08004831320451,55.15603381924316
2235,15.7,36.426002502441406,42.0,0.0,7.0,7.8,22.206037871867935,31.244226510307552
2236,34.2,36.426002502441406,42.0,0.0,6.0,6.0,25.46520766081977,52.02564536257384
2237,25.5,36.426002502441406,42.0,0.0,2.9,8.4,8.555745053976144,31.4890215377833
2238,34.3,36.426002502441406,42.0,0.0,5.0,8.0,19.776990582775934,48.14389340794315
2239,32.6,36.426002502441406,42.0,0.0,2.3,6.3,11.133501800879728,40.39345126061581
2240,18.5,36.426002502441406,42.0,0.0,7.7,7.0,24.57674714809081,35.70372300366357
2241,37.0,36.426002502441406,42.0,0.0,3.3,7.0,27.31945462609961,56.12361823826973
2242,24.5,36.426002502441406,42.0,0.0,2.5,8.4,25.598164788256483,42.41871535177954
2243,35.4,36.426002502441406,42.0,0.0,3.7,7.3,21.747982213957005,50.6235875497699
2244,27.7,36.426002502441406,42.0,0.0,3.2,6.1,17.713770340918522,40.099639238642965
2245,37.5,36.426002502441406,42.0,0.0,6.9,8.0,19.602498049348938,51.221748634544255
2246,18.3,36.426002502441406,42.0,0.0,6.8,7.8,18.526316765613515,31.26842173592946
2247,28.8,36.426002502441406,42.0,0.0,6.9,8.5,15.973574211232501,39.98150194786275
2248,34.1,36.426002502441406,42.0,0.0,7.4,6.4,10.58698277117834,41.51088793982484
2249,26.5,36.426002502441406,42.0,0.0,3.1,7.4,5.261693518997938,30.183185463298557
2250,24.8,36.426002502441406,42.0,0.0,5.5,6.5,29.841196974751693,45.68883788232618
2251,35.7,36.426002502441406,42.0,0.0,5.1,6.8,5.919985936688164,39.843990155681716
2252,22.0,36.426002502441406,42.0,0.0,7.8,7.7,13.70218234383885,31.591527640687193
2253,32.9,36.426002502441406,42.0,0.0,7.0,6.9,17.666531080433646,45.26657175630355
2254,31.8,36.426002502441406,42.0,0.0,4.1,8.3,8.114679858492,37.4802759009444
2255,39.8,36.426002502441406,42.0,0.0,3.8,7.2,19.43371786879334,53.40360250815534
2256,28.3,36.426002502441406,42.0,0.0,3.3,6.3,16.891503284706243,40.12405229929437
2257,33.4,36.426002502441406,42.0,0.0,7.7,8.1,6.525010366361307,37.96750725645291
2258,20.7,36.426002502441406,42.0,0.0,2.5,8.3,28.2387324844091,40.46711273908637
2259,37.3,36.426002502441406,42.0,0.0,7.9,7.2,20.780163119953762,51.84611418396763
2260,30.5,36.426002502441406,42.0,0.0,7.7,6.5,29.66910028924663,51.26837020247264
2261,29.2,36.426002502441406,42.0,0.0,3.0,7.2,6.236631686680917,33.56564218067664
2262,29.6,36.426002502441406,42.0,0.0,2.4,7.3,14.214084538087066,39.549859176660945
2263,38.2,36.426002502441406,42.0,0.0,3.4,6.3,18.099609631085997,50.8697267417602
2264,31.1,36.426002502441406,42.0,0.0,6.7,6.0,8.387844253078828,36.971490977155185
2265,37.6,36.426002502441406,42.0,0.0,4.2,8.0,25.74739145458791,55.623174018211536
2266,28.1,36.426002502441406,42.0,0.0,2.3,6.3,28.676254126786784,48.17337788875075
2267,37.2,36.426002502441406,42.0,0.0,3.7,8.4,26.09837130049486,55.4688599103464
2268,20.1,36.426002502441406,42.0,0.0,6.8,7.0,5.667008133994851,24.066905693796397
2269,20.4,36.426002502441406,42.0,0.0,5.2,6.5,21.963375313772904,35.77436271964103
2270,34.8,36.426002502441406,42.0,0.0,2.9,7.2,22.391384879757226,50.473969415830055
2271,30.2,36.426002502441406,42.0,0.0,5.8,8.1,20.240303120619778,44.368212184433844
2272,18.8,36.426002502441406,42.0,0.0,4.7,6.5,28.925884323910424,39.0481190267373
2273,30.9,36.426002502441406,42.0,0.0,6.9,6.2,28.946541883732518,51.16257931861276
2274,27.7,36.426002502441406,42.0,0.0,7.9,6.9,10.555458378113743,35.08882086467962
2275,15.8,36.426002502441406,42.0,0.0,5.6,7.2,27.920189788100394,35.344132851670274
2276,35.7,36.426002502441406,42.0,0.0,5.8,7.2,19.26748990791817,49.18724293554272
2277,17.5,36.426002502441406,42.0,0.0,7.4,7.8,23.814845749359378,34.17039202455156
2278,33.7,36.426002502441406,42.0,0.0,6.3,7.0,18.469511116292914,46.62865778140504
2279,25.3,36.426002502441406,42.0,0.0,5.5,6.2,8.523666092711135,31.266566264897797
2280,21.1,36.82600021362305,39.0,0.0,5.4,6.6,5.669054901731653,25.068338431212158
2281,32.5,36.82600021362305,39.0,0.0,7.2,8.3,11.100890390640798,40.27062327344856
2282,26.3,36.82600021362305,39.0,0.0,3.6,6.2,18.39000421960833,39.17300295372583
2283,29.6,36.82600021362305,39.0,0.0,8.0,6.4,20.84380037534199,44.19066026273939
2284,26.3,36.82600021362305,39.0,0.0,2.1,7.9,18.403517054784572,39.1824619383492
2285,22.4,36.82600021362305,39.0,0.0,5.4,6.7,10.731451001995378,29.91201570139676
2286,32.9,36.82600021362305,39.0,0.0,3.5,6.5,22.393787150398634,48.57565100527904
2287,31.1,36.82600021362305,39.0,0.0,2.2,6.1,11.948958656801116,39.46427105976078
2288,17.2,36.82600021362305,39.0,0.0,2.7,6.7,26.172385849025336,35.52067009431774
2289,37.7,36.82600021362305,39.0,0.0,5.2,7.7,28.80938918255428,57.866572427788
2290,34.5,36.82600021362305,39.0,0.0,2.0,8.2,24.216951973438896,51.45186638140723
2291,23.1,36.82600021362305,39.0,0.0,5.2,8.0,22.667716563550524,38.967401594485366
2292,15.3,36.82600021362305,39.0,0.0,3.1,6.2,9.095361058184727,21.666752740729308
2293,24.8,36.82600021362305,39.0,0.0,3.9,6.3,12.549998255784281,33.584998779048995
2294,36.0,36.82600021362305,39.0,0.0,7.0,6.5,17.78294865444103,48.44806405810872
2295,30.8,36.82600021362305,39.0,0.0,3.4,6.2,27.8646642112995,50.30526494790965
2296,34.4,36.82600021362305,39.0,0.0,4.1,7.8,16.727534050844266,46.10927383559098
2297,38.0,36.82600021362305,39.0,0.0,4.9,6.1,11.645221972884311,46.15165538101902
2298,20.7,36.82600021362305,39.0,0.0,4.7,7.5,8.414268768245632,26.58998813777194
2299,38.3,36.82600021362305,39.0,0.0,7.4,6.5,6.8672853823793245,43.107099767665524
2300,17.0,36.82600021362305,39.0,0.0,6.8,6.1,9.830882863268648,23.881618004288054
2301,37.6,36.82600021362305,39.0,0.0,7.7,6.5,12.498536898362529,46.34897582885377
2302,18.8,36.82600021362305,39.0,0.0,2.0,8.1,7.770403289871595,24.239282302910116
2303,34.2,36.82600021362305,39.0,0.0,8.0,7.0,18.574692779148613,47.20228494540403
2304,15.9,36.82600021362305,39.0,0.0,6.1,7.9,14.191868760437814,25.834308132306468
2305,39.6,36.82600021362305,39.0,0.0,4.0,6.7,28.605650064328344,59.623955045029845
2306,19.9,36.82600021362305,39.0,0.0,4.2,7.0,23.891341067336224,36.623938747135355
2307,25.2,36.82600021362305,39.0,0.0,7.0,6.8,21.062343284772957,39.94364029934107
2308,25.2,36.82600021362305,39.0,0.0,5.0,7.3,10.302856283243003,32.4119993982701
2309,25.7,36.82600021362305,39.0,0.0,5.1,7.3,12.418173721548754,34.39272160508413
2310,18.3,36.82600021362305,39.0,0.0,3.2,6.1,21.57473479839777,33.40231435887844
2311,23.0,36.82600021362305,39.0,0.0,4.0,8.0,15.256702651007366,33.67969185570516
2312,28.5,36.82600021362305,39.0,0.0,2.9,7.2,15.104981299035545,39.073486909324885
2313,32.5,36.82600021362305,39.0,0.0,5.2,7.2,23.218143127079735,48.752700188955814
2314,27.1,36.82600021362305,39.0,0.0,3.9,6.3,11.11589435036303,34.88112604525412
2315,25.9,36.82600021362305,39.0,0.0,2.3,7.0,9.490678271611756,32.54347479012823
2316,36.7,36.82600021362305,39.0,0.0,2.3,8.0,16.00183243249608,47.90128270274726
2317,15.6,36.82600021362305,39.0,0.0,4.5,8.0,26.84266380397447,34.38986466278213
2318,27.1,36.82600021362305,39.0,0.0,4.2,8.5,9.148388444090056,33.50387191086304
2319,33.4,36.82600021362305,39.0,0.0,3.8,7.2,13.49977597720884,42.849843184046186
2320,35.2,36.82600021362305,39.0,0.0,7.4,7.9,23.483619033334268,51.63853332333399
2321,24.4,36.82600021362305,39.0,0.0,5.9,8.5,17.008193837453916,36.30573568621774
2322,19.0,36.82600021362305,39.0,0.0,7.9,8.2,26.826960392808864,37.778872274966204
2323,23.4,36.82600021362305,39.0,0.0,5.2,8.2,11.908700908525686,31.736090635967976
2324,18.9,36.82600021362305,39.0,0.0,6.2,7.4,18.81989089670634,32.073923627694434
2325,37.1,36.82600021362305,39.0,0.0,4.6,7.8,13.938319011563367,46.856823308094356
2326,21.5,36.82600021362305,39.0,0.0,3.2,7.9,16.058862730898312,32.741203911628816
2327,31.3,36.82600021362305,39.0,0.0,2.0,7.2,18.506637316926316,44.254646121848424
2328,15.1,36.82600021362305,39.0,0.0,4.0,7.2,23.567099435871157,31.596969605109805
2329,19.7,36.82600021362305,39.0,0.0,3.1,6.2,28.182420948165024,39.42769466371551
2330,29.6,36.82600021362305,39.0,0.0,2.7,8.2,10.251233723793899,36.77586360665573
2331,25.2,36.82600021362305,39.0,0.0,4.4,6.3,24.284533070548292,42.1991731493838
2332,32.0,36.82600021362305,39.0,0.0,2.9,7.4,10.259108934479128,39.18137625413539
2333,25.4,36.82600021362305,39.0,0.0,5.9,7.0,20.488953406770932,39.74226738473965
2334,40.0,36.82600021362305,39.0,0.0,3.8,6.1,10.454752067239113,47.31832644706738
2335,29.6,36.82600021362305,39.0,0.0,6.3,7.6,14.32645019619831,39.628515137338816
2336,35.7,36.82600021362305,39.0,0.0,4.6,8.2,5.925014300836391,39.847510010585474
2337,17.2,36.82600021362305,39.0,0.0,3.4,7.4,9.151277232321698,23.60589406262519
2338,30.3,36.82600021362305,39.0,0.0,7.2,7.0,26.66791964579403,48.96754375205582
2339,35.7,36.82600021362305,39.0,0.0,2.2,7.1,20.92973188417062,50.35081231891944
2340,15.8,36.926002502441406,38.0,0.0,5.7,6.2,22.373973571913936,31.461781500339754
2341,26.4,36.926002502441406,38.0,0.0,2.2,7.3,5.490844885900274,30.24359142013019
2342,19.4,36.926002502441406,38.0,0.0,7.8,6.3,27.397048404666794,38.57793388326675
2343,39.6,36.926002502441406,38.0,0.0,5.4,8.3,11.181189694362544,47.42683278605378
2344,39.9,36.926002502441406,38.0,0.0,6.2,8.1,26.231655153295176,58.26215860730662
2345,15.3,36.926002502441406,38.0,0.0,6.5,6.1,5.280741354428554,18.99651894809999
2346,23.4,36.926002502441406,38.0,0.0,2.9,6.9,10.584610111679922,30.809227078175944
2347,34.4,36.926002502441406,38.0,0.0,7.7,6.2,7.381606501250655,39.567124550875455
2348,22.2,36.926002502441406,38.0,0.0,6.4,6.6,12.718213984571712,31.102749789200196
2349,22.4,36.926002502441406,38.0,0.0,5.0,7.1,26.60758235834454,41.02530765084117
2350,37.5,36.926002502441406,38.0,0.0,7.6,8.2,5.223326779316027,41.15632874552122
2351,28.0,36.926002502441406,38.0,0.0,6.9,8.1,18.349501567804264,40.844651097462986
2352,17.2,36.926002502441406,38.0,0.0,5.8,7.0,24.5161559605948,34.361309172416355
2353,33.9,36.926002502441406,38.0,0.0,4.7,8.1,6.664187562543806,38.56493129378066
2354,17.5,36.926002502441406,38.0,0.0,4.1,7.7,8.784730656412712,23.6493114594889
2355,37.7,36.926002502441406,38.0,0.0,4.3,8.1,10.16763589430012,44.81734512601009
2356,29.5,36.926002502441406,38.0,0.0,2.5,7.6,29.659787686048936,50.261851380234255
2357,36.9,36.926002502441406,38.0,0.0,6.6,6.7,16.795913783512905,48.65713964845903
2358,31.1,36.926002502441406,38.0,0.0,2.1,8.0,27.28362823961726,50.198539767732086
2359,19.2,36.926002502441406,38.0,0.0,6.9,7.7,27.04466925774454,38.13126848042118
2360,25.8,36.926002502441406,38.0,0.0,6.1,6.5,20.318169099482333,40.02271836963763
2361,22.0,36.926002502441406,38.0,0.0,6.6,6.7,13.62328162375872,31.536297136631106
2362,38.9,36.926002502441406,38.0,0.0,5.6,6.3,13.334308039393342,48.23401562757534
2363,22.0,36.926002502441406,38.0,0.0,2.6,8.0,22.125172652821583,37.487620856975106
2364,22.5,36.926002502441406,38.0,0.0,4.9,6.3,23.77181479566271,39.140270356963896
2365,38.2,36.926002502441406,38.0,0.0,7.1,6.9,25.6194355782565,56.13360490477955
2366,31.8,36.926002502441406,38.0,0.0,5.9,7.2,28.819480902664907,51.97363663186543
2367,16.5,36.926002502441406,38.0,0.0,6.9,8.4,29.65654296412389,37.25958007488672
2368,25.9,36.926002502441406,38.0,0.0,7.4,7.0,13.481694190671682,35.337185933470174
2369,32.6,36.926002502441406,38.0,0.0,3.7,7.2,5.560926268837505,36.492648388186254
2370,21.5,36.926002502441406,38.0,0.0,2.7,8.2,10.467349386454881,28.827144570518417
2371,22.5,36.926002502441406,38.0,0.0,2.7,7.9,13.36407909407398,31.854855365851787
2372,32.0,36.926002502441406,38.0,0.0,5.8,6.6,22.29091648828129,47.603641541796904
2373,34.6,36.926002502441406,38.0,0.0,4.1,7.6,10.654866330943209,42.058406431660245
2374,34.0,36.926002502441406,38.0,0.0,5.2,6.1,21.429017351138718,49.0003121457971
2375,20.6,36.926002502441406,38.0,0.0,3.2,6.5,10.415518762137523,27.890863133496268
2376,37.4,36.926002502441406,38.0,0.0,2.2,6.9,26.866023148256545,56.206216203779576
2377,38.2,36.926002502441406,38.0,0.0,2.7,7.7,24.906458314596247,55.634520820217375
2378,31.8,36.926002502441406,38.0,0.0,7.2,6.1,26.411818225468,50.2882727578276
2379,27.7,36.926002502441406,38.0,0.0,7.0,7.5,5.158841279196528,31.311188895437567
2380,24.5,36.926002502441406,38.0,0.0,6.8,7.5,15.256611824261416,35.17962827698299
2381,16.6,36.926002502441406,38.0,0.0,6.8,8.0,21.784595272919937,31.849216691043956
2382,31.8,36.926002502441406,38.0,0.0,4.7,6.4,19.730264045485516,45.611184831839864
2383,24.3,36.926002502441406,38.0,0.0,3.5,6.2,22.19244496680575,39.83471147676403
2384,39.8,36.926002502441406,38.0,0.0,5.7,6.1,9.968242906165578,46.7777700343159
2385,31.6,36.926002502441406,38.0,0.0,2.7,6.2,20.460325711974733,45.92222799838231
2386,37.3,36.926002502441406,38.0,0.0,4.6,6.3,13.812746369516738,46.96892245866171
2387,39.9,36.926002502441406,38.0,0.0,4.4,6.3,23.617748245707837,56.43242377199549
2388,32.6,36.926002502441406,38.0,0.0,4.5,7.9,12.874439033894728,41.612107323726306
2389,26.8,36.926002502441406,38.0,0.0,5.6,7.0,12.18222258142892,35.327555807000245
2390,34.2,36.926002502441406,38.0,0.0,4.9,8.0,16.96394481326858,46.074761369288005
2391,31.7,36.926002502441406,38.0,0.0,5.1,7.5,5.004847601665647,35.203393321165954
2392,30.8,36.926002502441406,38.0,0.0,2.8,6.2,12.251439493726618,39.37600764560863
2393,27.7,36.926002502441406,38.0,0.0,3.9,8.1,10.577866039309527,35.104506227516666
2394,19.9,36.926002502441406,38.0,0.0,2.1,6.3,27.804552619923285,39.3631868339463
2395,25.8,36.926002502441406,38.0,0.0,4.9,7.2,16.96768615704501,37.67738030993151
2396,39.0,36.926002502441406,38.0,0.0,2.9,6.8,25.89545167108916,57.12681616976241
2397,37.2,36.926002502441406,38.0,0.0,2.3,7.2,9.234431728899418,43.66410221022959
2398,27.9,36.926002502441406,38.0,0.0,7.2,7.7,10.870313517655582,35.50921946235891
2399,33.3,36.926002502441406,38.0,0.0,2.5,6.0,16.846156939495245,45.09230985764667
2400,19.9,36.47600173950195,37.0,0.0,6.2,7.5,23.48368479523855,36.33857935666698
2401,32.9,36.47600173950195,37.0,0.0,5.3,6.4,10.522242641508532,40.26556984905597
2402,15.3,36.47600173950195,37.0,0.0,3.4,8.0,8.647459454789828,21.35322161835288
2403,22.0,36.47600173950195,37.0,0.0,7.2,8.3,11.632644136191352,30.142850895333947
2404,31.8,36.47600173950195,37.0,0.0,5.6,6.7,9.260252039870341,38.28217642790924
2405,33.5,36.47600173950195,37.0,0.0,6.4,6.5,14.927776915085559,43.949443840559894
2406,18.1,36.47600173950195,37.0,0.0,3.2,6.2,26.10358819481667,36.37251173637167
2407,38.6,36.47600173950195,37.0,0.0,2.4,8.4,27.496523672521086,57.847566570764755
2408,28.0,36.47600173950195,37.0,0.0,7.2,6.7,5.326882521061708,31.728817764743194
2409,18.3,36.47600173950195,37.0,0.0,4.7,6.4,7.217562183512026,23.352293528458418
2410,31.6,36.47600173950195,37.0,0.0,6.0,8.1,14.391601037994759,41.67412072659633
2411,20.8,36.47600173950195,37.0,0.0,5.2,7.1,10.677283257041013,28.274098279928708
2412,36.2,36.47600173950195,37.0,0.0,4.3,7.0,14.556102811068373,46.38927196774786
2413,38.8,36.47600173950195,37.0,0.0,4.1,6.6,17.67859350716612,51.17501545501628
2414,35.9,36.47600173950195,37.0,0.0,2.8,7.8,13.366868861244846,45.25680820287139
2415,19.2,36.47600173950195,37.0,0.0,4.4,6.3,5.011947004128906,22.708362902890233
2416,28.4,36.47600173950195,37.0,0.0,3.1,7.2,29.50861976107794,49.05603383275456
2417,22.4,36.47600173950195,37.0,0.0,4.8,7.8,21.48533190166112,37.43973233116278
2418,27.9,36.47600173950195,37.0,0.0,2.4,6.6,27.032268520541468,46.822587964379025
2419,28.1,36.47600173950195,37.0,0.0,7.7,7.3,13.010937864041573,37.2076565048291
2420,27.8,36.47600173950195,37.0,0.0,3.4,6.5,28.27254605363487,47.5907822375444
2421,38.9,36.47600173950195,37.0,0.0,2.9,6.9,18.38029266062116,51.766204862434805
2422,32.8,36.47600173950195,37.0,0.0,4.4,6.4,10.772902768071138,40.341031937649795
2423,29.5,36.47600173950195,37.0,0.0,4.1,8.4,29.24045323572013,49.96831726500409
2424,24.3,36.47600173950195,37.0,0.0,7.5,8.1,20.84941245711684,38.89458871998179
2425,34.6,36.47600173950195,37.0,0.0,7.9,7.6,9.425705439233212,41.19799380746325
2426,19.8,36.47600173950195,37.0,0.0,5.6,6.7,27.344555559445265,38.94118889161169
2427,33.7,36.47600173950195,37.0,0.0,7.0,7.2,26.4218210721598,52.195274750511864
2428,15.9,36.47600173950195,37.0,0.0,5.4,6.2,13.975306301557085,25.68271441108996
2429,29.1,36.47600173950195,37.0,0.0,5.7,8.4,28.206605182697228,48.844623627888055
2430,28.4,36.47600173950195,37.0,0.0,5.6,8.4,22.449564238140113,44.114694966698075
2431,38.9,36.47600173950195,37.0,0.0,4.2,7.7,11.324553231637895,46.82718726214652
2432,19.9,36.47600173950195,37.0,0.0,5.0,7.8,5.489114137558949,23.74237989629126
2433,16.6,36.47600173950195,37.0,0.0,5.2,8.3,15.592061120733767,27.514442784513637
2434,21.7,36.47600173950195,37.0,0.0,5.8,7.2,18.6820921629289,34.77746451405023
2435,32.4,36.47600173950195,37.0,0.0,6.3,6.6,19.019048220978455,45.71333375468492
2436,18.4,36.47600173950195,37.0,0.0,6.0,6.7,5.331606959665579,22.132124871765903
2437,17.3,36.47600173950195,37.0,0.0,3.8,6.4,27.481248597163663,36.536874018014565
2438,30.7,36.47600173950195,37.0,0.0,7.5,7.6,10.367942668400712,37.9575598678805
2439,37.6,36.47600173950195,37.0,0.0,6.1,6.6,28.0909807975181,57.26368655826267
2440,16.0,36.47600173950195,37.0,0.0,6.7,6.4,24.70048116505515,33.29033681553861
2441,19.1,36.47600173950195,37.0,0.0,2.9,7.3,6.069289068571605,23.348502348000125
2442,30.8,36.47600173950195,37.0,0.0,6.6,8.1,14.214017648120723,40.749812353684504
2443,22.2,36.47600173950195,37.0,0.0,4.4,7.5,24.507790591277708,39.355453413894395
2444,25.5,36.47600173950195,37.0,0.0,7.1,7.5,21.718796528232183,40.703157569762524
2445,22.0,36.47600173950195,37.0,0.0,4.4,6.3,17.259101692575648,34.081371184802954
2446,32.1,36.47600173950195,37.0,0.0,2.9,6.3,14.565942542614017,42.296159779829814
2447,24.0,36.47600173950195,37.0,0.0,6.8,7.2,21.862230416924305,39.30356129184701
2448,38.0,36.47600173950195,37.0,0.0,2.2,7.8,22.49544761302102,53.746813329114715
2449,22.2,36.47600173950195,37.0,0.0,3.1,6.1,16.457979729692116,33.72058581078448
2450,38.8,36.47600173950195,37.0,0.0,5.3,8.2,27.30695334164598,57.91486733915218
2451,20.7,36.47600173950195,37.0,0.0,4.6,7.4,16.902511357172116,32.53175795002048
2452,23.4,36.47600173950195,37.0,0.0,3.7,7.6,6.548224174039511,27.983756921827656
2453,25.5,36.47600173950195,37.0,0.0,2.8,6.7,20.527730605735414,39.869411424014785
2454,20.4,36.47600173950195,37.0,0.0,6.6,8.2,11.301580121783568,28.311106085248497
2455,34.9,36.47600173950195,37.0,0.0,3.3,8.0,25.937139417011064,53.05599759190774
2456,30.8,36.47600173950195,37.0,0.0,6.6,7.7,25.22660951488378,48.458626660418645
2457,34.8,36.47600173950195,37.0,0.0,7.8,8.1,9.383700842507299,41.36859058975511
2458,34.5,36.47600173950195,37.0,0.0,2.2,7.4,20.317236329637126,48.722065430745985
2459,36.6,36.47600173950195,37.0,0.0,3.7,6.6,28.01199145173996,56.20839401621797
2460,26.1,35.926002502441406,37.0,0.0,2.0,6.7,8.470707912113973,32.02949553847978
2461,26.1,35.926002502441406,37.0,0.0,6.3,7.5,10.06202186928418,33.14341530849893
2462,29.9,35.926002502441406,37.0,0.0,3.0,7.3,28.38412449323756,49.76888714526629
2463,21.2,35.926002502441406,37.0,0.0,3.8,8.0,9.706935652250671,27.99485495657547
2464,20.5,35.926002502441406,37.0,0.0,6.8,7.9,9.472445770599936,27.130712039419954
2465,30.8,35.926002502441406,37.0,0.0,5.5,6.1,28.559045799026844,50.79133205931879
2466,25.9,35.926002502441406,37.0,0.0,7.0,6.0,20.013640935042154,39.9095486545295
2467,21.5,35.926002502441406,37.0,0.0,6.8,7.9,18.92510974991437,34.747576824940055
2468,27.8,35.926002502441406,37.0,0.0,3.9,7.5,28.733492939287917,47.91344505750154
2469,32.3,35.926002502441406,37.0,0.0,5.5,6.4,10.867204857535091,39.90704340027456
2470,17.9,35.926002502441406,37.0,0.0,7.0,7.8,24.645607871456907,35.15192551001984
2471,18.6,35.926002502441406,37.0,0.0,2.9,6.1,7.1271739844369755,23.589021789105885
2472,36.4,35.926002502441406,37.0,0.0,6.3,6.3,23.44465028417084,52.81125519891958
2473,19.6,35.926002502441406,37.0,0.0,6.5,6.1,25.039852866562057,37.12789700659344
2474,23.1,35.926002502441406,37.0,0.0,3.9,7.7,5.443690104111455,26.91058307287802
2475,15.7,35.926002502441406,37.0,0.0,6.7,7.4,17.753941315507856,28.1277589208555
2476,35.0,35.926002502441406,37.0,0.0,5.7,7.0,14.143327226420316,44.90032905849422
2477,36.4,35.926002502441406,37.0,0.0,2.1,7.2,5.72734740165156,40.40914318115609
2478,19.4,35.926002502441406,37.0,0.0,5.5,7.4,5.896336898718175,23.52743582910272
2479,37.8,35.926002502441406,37.0,0.0,2.9,7.1,27.540599357516914,57.078419550261835
2480,18.2,35.926002502441406,37.0,0.0,5.6,6.5,25.546884041720002,36.082818829204
2481,27.2,35.926002502441406,37.0,0.0,6.2,8.0,20.58866258426602,41.612063808986214
2482,32.4,35.926002502441406,37.0,0.0,6.7,8.0,20.593317448841262,46.81532221418888
2483,22.1,35.926002502441406,37.0,0.0,3.3,6.3,5.836479114959399,26.18553538047158
2484,36.2,35.926002502441406,37.0,0.0,4.7,8.4,19.69196106356444,49.98437274449511
2485,39.8,35.926002502441406,37.0,0.0,4.4,7.6,16.767102374808946,51.536971662366255
2486,19.9,35.926002502441406,37.0,0.0,4.4,7.0,18.948321811970704,33.16382526837949
2487,32.9,35.926002502441406,37.0,0.0,8.0,8.2,10.93948881220878,40.557642168546145
2488,24.4,35.926002502441406,37.0,0.0,2.6,6.9,23.75764702754775,41.03035291928342
2489,38.3,35.926002502441406,37.0,0.0,7.4,7.0,7.8381475573552475,43.78670329014867
2490,34.0,35.926002502441406,37.0,0.0,4.2,7.9,11.475845939730574,42.0330921578114
2491,32.1,35.926002502441406,37.0,0.0,4.0,7.9,11.795494518550852,40.3568461629856
2492,28.0,35.926002502441406,37.0,0.0,3.3,8.4,10.672976410401787,35.47108348728125
2493,30.2,35.926002502441406,37.0,0.0,4.7,7.7,8.617012034085857,36.2319084238601
2494,32.3,35.926002502441406,37.0,0.0,7.9,6.7,5.207546507645856,35.945282555352094
2495,16.0,35.926002502441406,37.0,0.0,7.4,6.8,27.908473826186384,35.53593167833047
2496,34.4,35.926002502441406,37.0,0.0,2.1,8.3,13.359870240350093,43.751909168245064
2497,16.9,35.926002502441406,37.0,0.0,3.3,6.0,24.691772874500288,34.184241012150196
2498,32.8,35.926002502441406,37.0,0.0,2.6,7.8,5.755580199969808,36.82890613997886
2499,22.2,35.926002502441406,37.0,0.0,6.9,6.5,20.26893265240765,36.388252856685355
2500,15.4,35.926002502441406,37.0,0.0,8.0,8.4,11.959782569705888,23.77184779879412
2501,23.3,35.926002502441406,37.0,0.0,6.7,6.5,20.979381410968063,37.98556698767764
2502,27.1,35.926002502441406,37.0,0.0,3.0,8.2,10.385745905832746,34.37002213408292
2503,20.3,35.926002502441406,37.0,0.0,5.1,6.9,13.856698957245818,29.999689270072075
2504,17.4,35.926002502441406,37.0,0.0,2.6,7.5,14.833395581196259,27.78337690683738
2505,20.7,35.926002502441406,37.0,0.0,2.0,7.7,28.41349770074348,40.58944839052043
2506,30.7,35.926002502441406,37.0,0.0,4.2,6.8,11.24852642842658,38.573968499898605
2507,22.6,35.926002502441406,37.0,0.0,4.6,7.1,5.857700843615142,26.7003905905306
2508,35.6,35.926002502441406,37.0,0.0,2.7,7.1,25.741022172003728,53.61871552040261
2509,30.1,35.926002502441406,37.0,0.0,2.0,6.9,11.526887731530065,38.16882141207105
2510,16.2,35.926002502441406,37.0,0.0,3.1,7.1,13.59896345400336,25.719274417802353
2511,24.7,35.926002502441406,37.0,0.0,3.0,7.1,17.42302788777173,36.89611952144021
2512,25.9,35.926002502441406,37.0,0.0,2.2,7.1,9.864633197835674,32.80524323848497
2513,33.1,35.926002502441406,37.0,0.0,3.8,7.8,26.343924188135613,51.540746931694926
2514,29.7,35.926002502441406,37.0,0.0,2.2,6.3,7.71991450526588,35.10394015368612
2515,28.3,35.926002502441406,37.0,0.0,7.4,7.0,13.674984153486992,37.872488907440896
2516,23.8,35.926002502441406,37.0,0.0,3.2,7.0,5.611415055627912,27.72799053893954
2517,23.8,35.926002502441406,37.0,0.0,5.6,6.5,24.81751016005516,41.17225711203861
2518,20.6,35.926002502441406,37.0,0.0,3.2,6.4,14.392907154084092,30.675035007858867
2519,17.5,35.926002502441406,37.0,0.0,6.2,7.0,25.5699536656199,35.39896756593393
2520,39.0,34.07600021362305,44.0,0.0,4.3,7.6,16.799790889869946,50.75985362290896
2521,26.0,34.07600021362305,44.0,0.0,4.5,6.4,13.105433955015226,35.17380376851066
2522,32.4,34.07600021362305,44.0,0.0,5.3,6.6,7.291209699621078,37.50384678973475
2523,18.9,34.07600021362305,44.0,0.0,3.4,6.9,15.442870758183192,29.710009530728232
2524,23.5,34.07600021362305,44.0,0.0,3.7,7.1,23.604024338437377,40.02281703690616
2525,31.2,34.07600021362305,44.0,0.0,5.9,6.7,20.115948937706413,45.28116425639449
2526,30.4,34.07600021362305,44.0,0.0,2.1,6.3,22.554227411030514,46.18795918772136
2527,19.3,34.07600021362305,44.0,0.0,4.0,6.9,19.685880652567853,33.0801164567975
2528,30.8,34.07600021362305,44.0,0.0,5.3,8.2,18.185706305502606,43.529994413851824
2529,16.8,34.07600021362305,44.0,0.0,6.6,8.0,11.83089955818151,25.081629690727056
2530,17.0,34.07600021362305,44.0,0.0,6.2,6.8,8.143798094048117,22.700658665833682
2531,39.4,34.07600021362305,44.0,0.0,2.9,8.2,5.414797268853359,43.19035808819735
2532,31.8,34.07600021362305,44.0,0.0,3.9,7.9,12.925084338714015,40.84755903709981
2533,25.7,34.07600021362305,44.0,0.0,3.6,8.5,22.997359754062273,41.79815182784359
2534,25.7,34.07600021362305,44.0,0.0,3.9,6.3,28.266998806861775,45.48689916480324
2535,24.1,34.07600021362305,44.0,0.0,7.9,6.8,13.049143767938105,33.234400637556675
2536,16.3,34.07600021362305,44.0,0.0,2.4,7.4,13.12153757787243,25.485076304510702
2537,38.6,34.07600021362305,44.0,0.0,8.0,7.8,29.773698722010224,59.44158910540716
2538,20.7,34.07600021362305,44.0,0.0,2.4,6.5,18.152570843358028,33.406799590350616
2539,32.3,34.07600021362305,44.0,0.0,7.8,6.0,7.71611095048892,37.70127766534224
2540,22.9,34.07600021362305,44.0,0.0,5.3,6.3,7.949540537160547,28.46467837601238
2541,29.7,34.07600021362305,44.0,0.0,5.3,7.6,29.081455398719033,50.057018779103316
2542,22.2,34.07600021362305,44.0,0.0,5.4,6.5,19.544260265459183,35.88098218582142
2543,32.7,34.07600021362305,44.0,0.0,4.7,8.3,15.85063560479358,43.795444923355504
2544,28.7,34.07600021362305,44.0,0.0,7.2,6.4,20.692010014895665,43.184407010426966
2545,20.7,34.07600021362305,44.0,0.0,7.3,6.5,8.432697688511125,26.602888381957786
2546,36.2,34.07600021362305,44.0,0.0,7.4,6.6,6.136435507493491,40.49550485524544
2547,25.7,34.07600021362305,44.0,0.0,7.9,8.2,12.084431500732585,34.15910205051281
2548,25.0,34.07600021362305,44.0,0.0,7.9,7.4,10.591409164049368,32.413986414834554
2549,27.2,34.07600021362305,44.0,0.0,2.6,7.2,17.735197718571072,39.614638402999745
2550,30.4,34.07600021362305,44.0,0.0,5.0,8.3,18.619229534577165,43.433460674204014
2551,22.5,34.07600021362305,44.0,0.0,3.1,6.1,11.815174743079233,30.77062232015546
2552,29.6,34.07600021362305,44.0,0.0,3.6,7.0,15.782198796902026,40.64753915783142
2553,38.3,34.07600021362305,44.0,0.0,5.7,8.4,6.877246601065344,43.11407262074574
2554,32.4,34.07600021362305,44.0,0.0,5.0,7.8,18.831296395062473,45.58190747654373
2555,22.0,34.07600021362305,44.0,0.0,5.5,7.9,27.32097550212026,41.12468285148418
2556,23.5,34.07600021362305,44.0,0.0,5.3,6.9,24.97802285716233,40.98461600001363
2557,31.3,34.07600021362305,44.0,0.0,6.9,6.3,16.10019625812123,42.57013738068486
2558,36.2,34.07600021362305,44.0,0.0,2.6,7.2,26.456630024787206,54.719641017351044
2559,33.1,34.07600021362305,44.0,0.0,6.4,6.5,24.178934630996576,50.0252542416976
2560,27.6,34.07600021362305,44.0,0.0,5.3,8.4,22.017923429179145,43.0125464004254
2561,39.3,34.07600021362305,44.0,0.0,2.4,6.7,6.969591397038767,44.17871397792713
2562,24.2,34.07600021362305,44.0,0.0,4.9,6.3,26.168875018061307,42.51821251264291
2563,27.6,34.07600021362305,44.0,0.0,6.4,8.3,21.608227693976442,42.72575938578351
2564,37.0,34.07600021362305,44.0,0.0,3.1,7.2,23.525481249350957,53.46783687454567
2565,15.6,34.07600021362305,44.0,0.0,3.4,7.1,21.69398261956779,30.78578783369745
2566,17.9,34.07600021362305,44.0,0.0,2.9,6.5,23.88080497964591,34.61656348575214
2567,24.2,34.07600021362305,44.0,0.0,3.0,7.0,28.131945481430495,43.892361837001346
2568,15.4,34.07600021362305,44.0,0.0,4.8,7.7,22.345348840866954,31.041744188606867
2569,37.1,34.07600021362305,44.0,0.0,5.5,7.1,23.113721904497726,53.27960533314841
2570,27.7,34.07600021362305,44.0,0.0,6.4,6.3,10.524678265862867,35.06727478610401
2571,34.7,34.07600021362305,44.0,0.0,4.7,6.9,20.489365752227393,49.042556026559176
2572,36.3,34.07600021362305,44.0,0.0,7.6,6.8,24.485408077388517,53.439785654171956
2573,21.6,34.07600021362305,44.0,0.0,4.7,6.1,22.3940883129189,37.27586181904323
2574,17.2,34.07600021362305,44.0,0.0,5.5,6.6,12.612171911645607,26.02852033815192
2575,26.7,34.07600021362305,44.0,0.0,3.3,6.7,12.07298993456491,35.151092954195434
2576,37.4,34.07600021362305,44.0,0.0,6.3,8.4,27.438117825312347,56.606682477718635
2577,26.7,34.07600021362305,44.0,0.0,2.9,7.3,20.714970534212775,41.20047937394894
2578,36.9,34.07600021362305,44.0,0.0,3.4,6.7,26.68334866377912,55.57834406464538
2579,20.2,34.07600021362305,44.0,0.0,2.9,6.1,7.163522608234383,25.214465825764066
2580,22.4,30.525999069213867,65.0,0.0,3.2,7.5,5.518820650428828,26.263174455300177
2581,16.3,30.525999069213867,65.0,0.0,4.4,7.4,29.33455605739169,36.83418924017418
2582,31.1,30.525999069213867,65.0,0.0,2.1,7.2,29.108642912998402,51.47605003909888
2583,17.8,30.525999069213867,65.0,0.0,2.8,7.7,17.692999724768267,30.185099807337785
2584,39.0,30.525999069213867,65.0,0.0,2.7,8.4,24.869745632999734,56.40882194309981
2585,33.5,30.525999069213867,65.0,0.0,7.6,8.2,27.05680883409315,52.4397661838652
2586,22.3,30.525999069213867,65.0,0.0,3.3,6.6,9.81633862601816,29.171437038212712
2587,22.1,30.525999069213867,65.0,0.0,5.6,6.4,16.45773365888772,33.620413561221405
2588,20.2,30.525999069213867,65.0,0.0,5.9,8.2,7.520926563130302,25.46464859419121
2589,40.0,30.525999069213867,65.0,0.0,4.6,6.4,7.507916709728644,45.25554169681005
2590,28.4,30.525999069213867,65.0,0.0,7.2,7.8,8.754728842711906,34.528310189898335
2591,15.0,30.525999069213867,65.0,0.0,7.0,7.9,16.72782808354573,26.70947965848201
2592,35.8,30.525999069213867,65.0,0.0,6.7,7.7,26.197291346368573,54.138103942457995
2593,20.3,30.525999069213867,65.0,0.0,5.9,7.2,23.470298098177874,36.72920866872451
2594,33.0,30.525999069213867,65.0,0.0,3.6,8.4,8.474918212226832,38.932442748558785
2595,27.4,30.525999069213867,65.0,0.0,6.3,8.4,25.966845278389755,45.576791694872824
2596,37.4,30.525999069213867,65.0,0.0,7.1,7.9,26.532024857685865,55.9724174003801
2597,39.7,30.525999069213867,65.0,0.0,4.6,6.2,10.150632023374055,46.80544241636184
2598,32.1,30.525999069213867,65.0,0.0,6.7,6.8,15.636284637152386,43.04539924600667
2599,27.3,30.525999069213867,65.0,0.0,4.6,6.5,11.782362468061537,35.54765372764308
2600,25.3,30.525999069213867,65.0,0.0,7.5,6.5,20.88035548031259,39.91624883621881
2601,15.5,30.525999069213867,65.0,0.0,3.0,7.7,7.069280929329784,20.44849665053085
2602,33.4,30.525999069213867,65.0,0.0,4.6,7.8,11.102216554741695,41.17155158831918
2603,29.3,30.525999069213867,65.0,0.0,5.4,6.8,29.814048835912658,50.16983418513886
2604,26.2,30.525999069213867,65.0,0.0,5.9,7.5,8.028382583064015,31.81986780814481
2605,28.6,30.525999069213867,65.0,0.0,5.8,7.9,16.72384564783577,40.30669195348504
2606,18.3,30.525999069213867,65.0,0.0,4.2,6.4,17.799219054923313,30.75945333844632
2607,33.4,30.525999069213867,65.0,0.0,6.0,8.3,20.639335453208794,47.84753481724616
2608,30.5,30.525999069213867,65.0,0.0,6.7,7.9,19.229448708953104,43.96061409626717
2609,27.8,30.525999069213867,65.0,0.0,4.3,6.6,28.95268337779506,48.06687836445654
2610,19.2,30.525999069213867,65.0,0.0,2.1,6.2,26.87067400455616,38.009471803189314
2611,18.4,30.525999069213867,65.0,0.0,7.0,6.6,18.077179197184055,31.054025438028837
2612,29.8,30.525999069213867,65.0,0.0,3.5,8.4,14.80218079837514,40.1615265588626
2613,20.1,30.525999069213867,65.0,0.0,6.1,8.3,14.158282196506,30.0107975375542
2614,25.7,30.525999069213867,65.0,0.0,6.2,7.3,6.912015351858654,30.538410746301057
2615,37.6,30.525999069213867,65.0,0.0,4.6,8.0,28.200144125442794,57.34010088780995
2616,23.1,30.525999069213867,65.0,0.0,3.7,7.7,27.565983979438055,42.39618878560664
2617,28.9,30.525999069213867,65.0,0.0,7.1,8.3,26.91280259737097,47.73896181815968
2618,21.2,30.525999069213867,65.0,0.0,5.2,7.1,14.892418866350413,31.624693206445286
2619,18.9,30.525999069213867,65.0,0.0,3.9,8.3,7.382715634329441,24.067900944030605
2620,21.1,30.525999069213867,65.0,0.0,4.5,7.9,26.614043142697994,39.729830199888596
2621,31.1,30.525999069213867,65.0,0.0,5.8,6.7,14.613405347853494,41.329383743497445
2622,15.4,30.525999069213867,65.0,0.0,2.9,7.2,20.646002819592674,29.85220197371487
2623,32.5,30.525999069213867,65.0,0.0,5.4,6.0,5.910309474332974,36.63721663203308
2624,25.7,30.525999069213867,65.0,0.0,3.1,7.5,12.716824523504105,34.60177716645287
2625,37.8,30.525999069213867,65.0,0.0,2.9,8.1,23.337248294614824,54.13607380623037
2626,16.0,30.525999069213867,65.0,0.0,7.8,7.1,15.724138173026803,27.006896721118764
2627,35.6,30.525999069213867,65.0,0.0,7.5,6.9,5.419156914266678,39.393409839986674
2628,22.2,30.525999069213867,65.0,0.0,5.6,6.7,29.079358117210013,42.555550682047006
2629,15.9,30.525999069213867,65.0,0.0,7.6,6.1,24.84957648665405,33.294703540657835
2630,27.7,30.525999069213867,65.0,0.0,7.6,6.7,11.740142025363596,35.91809941775452
2631,19.3,30.525999069213867,65.0,0.0,7.6,7.1,19.550254331009057,32.98517803170634
2632,20.9,30.525999069213867,65.0,0.0,6.0,7.7,15.63910759261995,31.84737531483396
2633,24.4,30.525999069213867,65.0,0.0,4.1,6.9,8.914596604927596,30.640217623449317
2634,18.9,30.525999069213867,65.0,0.0,5.3,6.5,9.398459774790236,25.478921842353163
2635,25.6,30.525999069213867,65.0,0.0,6.8,6.2,20.765585015175155,40.13590951062261
2636,18.7,30.525999069213867,65.0,0.0,4.1,7.7,13.579402925054316,28.20558204753802
2637,22.6,30.525999069213867,65.0,0.0,3.5,7.1,5.89707302668123,26.727951118676863
2638,33.6,30.525999069213867,65.0,0.0,5.4,7.3,21.786407045071197,48.850484931549836
2639,30.7,30.525999069213867,65.0,0.0,7.1,8.3,22.250509720326722,46.27535680422871
2640,30.3,29.97599983215332,67.0,0.0,3.8,6.7,13.442777987527627,39.70994459126934
2641,25.7,29.97599983215332,67.0,0.0,4.0,8.5,20.24110857776086,39.8687760044326
2642,25.2,29.97599983215332,67.0,0.0,4.9,7.3,19.544284438166564,38.880999106716594
2643,17.5,29.97599983215332,67.0,0.0,4.1,7.9,21.424855671200582,32.497398969840404
2644,17.7,29.97599983215332,67.0,0.0,6.5,8.3,6.903976768325608,22.532783737827923
2645,25.5,29.97599983215332,67.0,0.0,2.3,8.4,20.522789358991375,39.86595255129396
2646,30.6,29.97599983215332,67.0,0.0,4.8,7.6,27.556823399811055,49.88977637986774
2647,16.2,29.97599983215332,67.0,0.0,7.1,8.0,7.471987865398368,21.430391505778857
2648,36.3,29.97599983215332,67.0,0.0,4.1,8.4,11.526208361649635,44.36834585315474
2649,24.2,29.97599983215332,67.0,0.0,3.1,6.7,28.4998267916356,44.14987875414492
2650,15.8,29.97599983215332,67.0,0.0,8.0,6.7,13.819413104653218,25.473589173257253
2651,15.8,29.97599983215332,67.0,0.0,4.7,7.7,11.192252023112701,23.63457641617889
2652,17.0,29.97599983215332,67.0,0.0,4.9,8.3,12.976265449107299,26.083385814375106
2653,39.8,29.97599983215332,67.0,0.0,4.0,6.1,13.921832689220016,49.54528288245401
2654,26.8,29.97599983215332,67.0,0.0,4.3,8.2,12.160613355649723,35.31242934895481
2655,21.4,29.97599983215332,67.0,0.0,3.7,7.0,20.880016888917794,36.016011822242454
2656,33.9,29.97599983215332,67.0,0.0,5.7,7.5,14.590298497054661,44.11320894793826
2657,34.6,29.97599983215332,67.0,0.0,7.5,6.8,29.62787902176297,55.33951531523408
2658,20.6,29.97599983215332,67.0,0.0,7.6,7.1,15.184057276690956,31.228840093683672
2659,35.1,29.97599983215332,67.0,0.0,6.4,6.3,8.042357937069475,40.72965055594864
2660,20.8,29.97599983215332,67.0,0.0,4.2,6.2,15.463955099555761,31.62476856968903
2661,33.7,29.97599983215332,67.0,0.0,3.5,7.9,16.4022478648818,45.18157350541726
2662,33.7,29.97599983215332,67.0,0.0,3.0,6.8,12.997833758940818,42.79848363125858
2663,28.7,29.97599983215332,67.0,0.0,3.8,7.2,15.761552254750315,39.73308657832522
2664,33.7,29.97599983215332,67.0,0.0,7.5,7.8,12.525922932934664,42.46814605305427
2665,30.5,29.97599983215332,67.0,0.0,6.6,7.5,5.713063115186255,34.49914418063038
2666,32.4,29.97599983215332,67.0,0.0,4.4,6.1,13.982583366019234,42.187808356213466
2667,17.1,29.97599983215332,67.0,0.0,2.7,6.5,13.952000689890452,26.866400482923318
2668,18.6,29.97599983215332,67.0,0.0,4.0,7.8,11.503620618265913,26.65253443278614
2669,36.2,29.97599983215332,67.0,0.0,2.2,6.3,24.975171127005826,53.68261978890408
2670,23.8,29.97599983215332,67.0,0.0,3.7,6.3,7.587157960512906,29.111010572359035
2671,29.8,29.97599983215332,67.0,0.0,3.4,6.8,9.622729506416107,36.535910654491275
2672,37.4,29.97599983215332,67.0,0.0,5.8,6.8,29.484605231625974,58.039223662138184
2673,37.2,29.97599983215332,67.0,0.0,3.9,7.8,23.11972000305545,53.38380400213882
2674,37.9,29.97599983215332,67.0,0.0,7.0,6.6,11.74810456510713,46.12367319557499
2675,30.7,29.97599983215332,67.0,0.0,6.2,6.4,29.617438166669253,51.432206716668475
2676,37.0,29.97599983215332,67.0,0.0,2.0,6.4,11.3297872811374,44.930851096796175
2677,31.4,29.97599983215332,67.0,0.0,4.8,6.0,28.443261822644605,51.31028327585122
2678,22.4,29.97599983215332,67.0,0.0,3.9,7.6,23.24735330592866,38.67314731415006
2679,23.7,29.97599983215332,67.0,0.0,5.7,7.1,10.224479746537906,30.85713582257653
2680,33.2,29.97599983215332,67.0,0.0,2.9,7.0,5.8445928801369105,37.29121501609584
2681,35.7,29.97599983215332,67.0,0.0,7.4,8.1,22.75180299997114,51.6262620999798
2682,33.2,29.97599983215332,67.0,0.0,4.4,8.3,13.96565861516391,42.97596103061474
2683,19.2,29.97599983215332,67.0,0.0,6.9,8.1,20.104097950460663,33.27286856532246
2684,24.9,29.97599983215332,67.0,0.0,4.4,8.4,29.05638414164303,45.23946889915012
2685,36.3,29.97599983215332,67.0,0.0,3.2,6.8,24.33230064904037,53.332610454328254
2686,24.4,29.97599983215332,67.0,0.0,3.6,6.8,8.758674906445956,30.53107243451217
2687,29.1,29.97599983215332,67.0,0.0,6.5,7.8,16.718771732600278,40.803140212820196
2688,32.8,29.97599983215332,67.0,0.0,2.2,7.4,12.507289793533115,41.55510285547318
2689,34.8,29.97599983215332,67.0,0.0,6.2,8.1,23.543692520403514,51.28058476428245
2690,20.9,29.97599983215332,67.0,0.0,2.7,7.4,6.526545757269074,25.46858203008835
2691,36.4,29.97599983215332,67.0,0.0,5.0,7.6,7.518586920963467,41.663010844674425
2692,39.4,29.97599983215332,67.0,0.0,2.4,6.3,20.51986663310705,53.763906643174934
2693,35.4,29.97599983215332,67.0,0.0,7.2,6.9,27.30420229389202,54.51294160572441
2694,24.2,29.97599983215332,67.0,0.0,6.9,6.9,26.888475232586895,43.021932662810826
2695,29.1,29.97599983215332,67.0,0.0,4.0,8.5,20.59596981109867,43.51717886776907
2696,17.1,29.97599983215332,67.0,0.0,4.8,7.1,22.846640464155687,33.09264832490898
2697,30.2,29.97599983215332,67.0,0.0,4.7,7.7,16.34076294503037,41.638534061521256
2698,20.9,29.97599983215332,67.0,0.0,6.0,7.9,18.232840550322006,33.662988385225404
2699,38.8,29.97599983215332,67.0,0.0,2.0,8.1,23.944880571279256,55.56141639989548
2700,32.3,29.42599868774414,71.0,0.0,5.0,7.5,14.502540816562918,42.45177857159404
2701,34.0,29.42599868774414,71.0,0.0,2.5,6.1,27.525597310305123,53.26791811721358
2702,15.7,29.42599868774414,71.0,0.0,5.4,8.2,9.58146798231514,22.407027587620597
2703,35.9,29.42599868774414,71.0,0.0,6.4,7.5,25.597662898778832,53.81836402914518
2704,33.6,29.42599868774414,71.0,0.0,2.1,7.0,19.08248254773769,46.957737783416384
2705,15.7,29.42599868774414,71.0,0.0,2.1,7.6,9.634597293729806,22.444218105610865
2706,16.3,29.42599868774414,71.0,0.0,7.8,6.8,28.56944138371162,36.29860896859813
2707,17.2,29.42599868774414,71.0,0.0,3.1,8.1,11.535955856034109,25.275169099223874
2708,24.8,29.42599868774414,71.0,0.0,5.2,7.1,23.61163518041133,41.32814462628793
2709,21.6,29.42599868774414,71.0,0.0,3.4,8.0,7.211708110542296,26.648195677379608
2710,27.0,29.42599868774414,71.0,0.0,3.3,6.4,7.98343530793779,32.58840471555645
2711,17.5,29.42599868774414,71.0,0.0,5.4,7.0,23.66812598275968,34.06768818793178
2712,36.4,29.42599868774414,71.0,0.0,2.9,7.7,20.40645712592356,50.68451998814649
2713,34.4,29.42599868774414,71.0,0.0,4.1,7.7,23.567917190491915,50.89754203334434
2714,32.8,29.42599868774414,71.0,0.0,7.8,6.3,26.188352215355717,51.131846550749
2715,38.1,29.42599868774414,71.0,0.0,7.8,7.6,17.309933590072795,50.21695351305095
2716,21.2,29.42599868774414,71.0,0.0,4.8,7.7,18.49870831297511,34.149095819082575
2717,32.0,29.42599868774414,71.0,0.0,4.2,8.1,23.404052382466933,48.38283666772685
2718,24.4,29.42599868774414,71.0,0.0,4.6,6.6,18.87070503282042,37.60949352297429
2719,33.3,29.42599868774414,71.0,0.0,5.9,8.0,11.644580503031086,41.45120635212176
2720,21.0,29.42599868774414,71.0,0.0,5.5,6.4,16.571254198454167,32.59987793891791
2721,18.4,29.42599868774414,71.0,0.0,2.5,6.9,13.085299374384302,27.55970956206901
2722,36.3,29.42599868774414,71.0,0.0,4.9,7.7,12.488608450227847,45.04202591515949
2723,18.2,29.42599868774414,71.0,0.0,2.8,8.1,6.3694994427279585,22.65864960990957
2724,26.5,29.42599868774414,71.0,0.0,4.7,7.2,13.004092257230063,35.602864580061045
2725,31.1,29.42599868774414,71.0,0.0,3.9,6.4,22.346941258944142,46.7428588812609
2726,37.7,29.42599868774414,71.0,0.0,5.4,8.1,24.224206104332136,54.656944273032494
2727,24.5,29.42599868774414,71.0,0.0,5.5,7.4,10.657779712757655,31.96044579893036
2728,22.6,29.42599868774414,71.0,0.0,5.5,7.5,25.09166555188103,40.164165886316724
2729,37.0,29.42599868774414,71.0,0.0,5.1,6.2,18.095524748221017,49.666867323754715
2730,20.7,29.42599868774414,71.0,0.0,6.8,7.9,12.955928468445709,29.769149927911997
2731,32.1,29.42599868774414,71.0,0.0,7.5,8.3,17.60798837406086,44.425591861842605
2732,18.1,29.42599868774414,71.0,0.0,5.2,6.6,19.463822845800106,31.724675992060074
2733,32.7,29.42599868774414,71.0,0.0,3.4,7.2,9.911225219766532,39.637857653836576
2734,18.5,29.42599868774414,71.0,0.0,8.0,6.0,26.871473017863043,37.31003111250413
2735,18.9,29.42599868774414,71.0,0.0,6.3,6.4,23.513735478788128,35.35961483515169
2736,38.8,29.42599868774414,71.0,0.0,2.9,7.3,10.474919635093418,46.13244374456539
2737,25.7,29.42599868774414,71.0,0.0,6.4,7.3,28.34642702666748,45.542498918667235
2738,16.5,29.42599868774414,71.0,0.0,6.3,8.4,25.77599134570699,34.54319394199489
2739,34.9,29.42599868774414,71.0,0.0,6.8,7.9,24.243986908300972,51.87079083581068
2740,29.9,29.42599868774414,71.0,0.0,2.8,6.2,21.05618591926639,44.63933014348647
2741,37.5,29.42599868774414,71.0,0.0,2.2,7.5,11.254123127709757,45.37788618939683
2742,15.5,29.42599868774414,71.0,0.0,5.3,6.4,21.344520660715983,30.441164462501185
2743,38.0,29.42599868774414,71.0,0.0,4.4,7.8,23.26768708557845,54.287380959904915
2744,17.2,29.42599868774414,71.0,0.0,6.4,7.2,15.762770649463011,28.233939454624107
2745,27.4,29.42599868774414,71.0,0.0,7.7,7.9,28.347933967658488,47.243553777360944
2746,31.0,29.42599868774414,71.0,0.0,3.8,7.4,11.85612352676588,39.29928646873611
2747,39.5,29.42599868774414,71.0,0.0,6.7,6.1,8.024753369890458,45.11732735892332
2748,34.0,29.42599868774414,71.0,0.0,4.8,7.3,26.309507412401672,52.41665518868117
2749,31.7,29.42599868774414,71.0,0.0,5.7,6.5,18.23512148952511,44.46458504266758
2750,23.9,29.42599868774414,71.0,0.0,2.1,7.2,14.764613281017976,34.23522929671258
2751,22.2,29.42599868774414,71.0,0.0,3.3,6.2,28.082256899832707,41.857579829882894
2752,15.8,29.42599868774414,71.0,0.0,6.5,7.5,9.466411194166504,22.426487835916554
2753,31.4,29.42599868774414,71.0,0.0,6.5,7.9,24.526916355892812,48.56884144912497
2754,21.5,29.42599868774414,71.0,0.0,2.1,6.6,6.721521664369694,26.205065165058784
2755,33.0,29.42599868774414,71.0,0.0,4.0,6.2,26.286230685363684,51.40036147975458
2756,24.1,29.42599868774414,71.0,0.0,3.4,8.4,23.474936461850962,40.532455523295674
2757,26.2,29.42599868774414,71.0,0.0,4.9,8.1,18.28570356723379,38.99999249706365
2758,16.5,29.42599868774414,71.0,0.0,7.3,8.2,22.927723637618715,32.5494065463331
2759,31.8,29.42599868774414,71.0,0.0,7.0,7.8,6.891258037372379,36.62388062616066
2760,26.2,28.92599868774414,73.0,0.0,3.4,8.0,25.268186929000052,43.88773085030003
2761,18.4,28.92599868774414,73.0,0.0,7.8,6.4,20.38780452889425,32.67146317022598
2762,17.5,28.92599868774414,73.0,0.0,7.5,6.7,26.825597594143332,36.27791831590033
2763,24.5,28.92599868774414,73.0,0.0,4.2,7.3,29.474041723700797,45.13182920659055
2764,36.1,28.92599868774414,73.0,0.0,7.6,6.3,28.596772636415302,56.117740845490715
2765,38.0,28.92599868774414,73.0,0.0,2.2,8.2,14.92808646589141,48.449660526123985
2766,30.5,28.92599868774414,73.0,0.0,7.6,7.5,29.324477052343063,51.02713393664014
2767,23.4,28.92599868774414,73.0,0.0,2.9,6.7,22.183807109120888,38.92866497638462
2768,33.2,28.92599868774414,73.0,0.0,6.3,6.7,19.21878220898082,46.653147546286576
2769,17.2,28.92599868774414,73.0,0.0,3.5,7.7,28.920708532961743,37.44449597307322
2770,36.1,28.92599868774414,73.0,0.0,6.0,6.9,29.96386172473415,57.0747032073139
2771,36.5,28.92599868774414,73.0,0.0,5.3,8.5,11.215869376888536,44.351108563821974
2772,18.2,28.92599868774414,73.0,0.0,7.7,6.8,11.019935486295982,25.913954840407186
2773,33.4,28.92599868774414,73.0,0.0,4.7,7.9,28.883349628669723,53.61834474006881
2774,30.4,28.92599868774414,73.0,0.0,3.4,7.7,14.906348946226808,40.834444262358765
2775,24.1,28.92599868774414,73.0,0.0,5.7,8.4,8.376265945711996,29.9633861619984
2776,15.7,28.92599868774414,73.0,0.0,5.2,6.4,18.23280443637764,28.462963105464347
2777,33.6,28.92599868774414,73.0,0.0,4.4,8.3,21.52917425467093,48.67042197826965
2778,15.6,28.92599868774414,73.0,0.0,3.0,6.1,26.359237153390758,34.05146600737353
2779,31.4,28.92599868774414,73.0,0.0,2.6,8.2,27.167513010120153,50.41725910708411
2780,30.5,28.92599868774414,73.0,0.0,4.1,7.2,8.541405816901735,36.47898407183121
2781,25.8,28.92599868774414,73.0,0.0,6.3,6.8,21.761935962796485,41.03335517395754
2782,28.4,28.92599868774414,73.0,0.0,6.4,7.8,16.701177079252247,40.09082395547657
2783,30.7,28.92599868774414,73.0,0.0,3.7,7.4,10.948964168189345,38.364274917732544
2784,25.4,28.92599868774414,73.0,0.0,2.8,8.1,28.432329072024498,45.30263035041715
2785,17.1,28.92599868774414,73.0,0.0,7.0,8.1,22.32093655220301,32.724655586542106
2786,36.0,28.92599868774414,73.0,0.0,4.0,7.9,12.59200057291519,44.81440040104063
2787,30.9,28.92599868774414,73.0,0.0,5.1,7.1,24.993781221615965,48.395646855131176
2788,23.3,28.92599868774414,73.0,0.0,2.5,6.3,21.47924933758926,38.33547453631248
2789,20.8,28.92599868774414,73.0,0.0,4.5,8.2,28.085649462519957,40.45995462376397
2790,21.1,28.92599868774414,73.0,0.0,5.0,7.2,21.749220201166164,36.324454140816314
2791,35.5,28.92599868774414,73.0,0.0,6.0,8.3,24.729148031596825,52.810403622117775
2792,27.6,28.92599868774414,73.0,0.0,6.0,8.1,17.322845625929403,39.725991938150585
2793,25.7,28.92599868774414,73.0,0.0,6.1,7.0,18.99046063282832,38.993322442979824
2794,36.8,28.92599868774414,73.0,0.0,4.7,7.2,29.40836505455557,57.38585553818889
2795,25.7,28.92599868774414,73.0,0.0,5.9,7.5,9.239671632147507,32.16777014250325
2796,33.1,28.92599868774414,73.0,0.0,6.6,8.0,18.466418292236668,46.02649280456567
2797,39.6,28.92599868774414,73.0,0.0,4.4,8.3,12.957026938778224,48.66991885714476
2798,39.3,28.92599868774414,73.0,0.0,5.5,6.9,19.665063235303087,53.06554426471216
2799,26.2,28.92599868774414,73.0,0.0,7.2,6.4,25.918781862043463,44.34314730343043
2800,33.4,28.92599868774414,73.0,0.0,7.8,6.1,8.877285222524327,39.61409965576703
2801,27.7,28.92599868774414,73.0,0.0,2.2,6.8,27.775651283504963,47.14295589845347
2802,25.6,28.92599868774414,73.0,0.0,6.3,7.0,19.048376499018648,38.93386354931305
2803,39.4,28.92599868774414,73.0,0.0,2.3,6.9,13.236015669436314,48.66521096860542
2804,38.0,28.92599868774414,73.0,0.0,5.1,7.1,9.592698442336161,44.71488890963531
2805,26.7,28.92599868774414,73.0,0.0,5.0,7.2,10.174660115220364,33.822262080654255
2806,39.2,28.92599868774414,73.0,0.0,7.7,7.3,17.513775157414447,51.459642610190116
2807,27.6,28.92599868774414,73.0,0.0,4.1,7.4,21.279374714181888,42.49556229992732
2808,19.3,28.92599868774414,73.0,0.0,7.1,7.7,19.930590557594666,33.251413390316266
2809,19.8,28.92599868774414,73.0,0.0,4.2,7.3,28.80231578693887,39.961621050857204
2810,36.6,28.92599868774414,73.0,0.0,4.4,6.8,21.331555062966476,51.53208854407653
2811,34.9,28.92599868774414,73.0,0.0,3.2,6.1,26.519269023672134,53.46348831657049
2812,16.4,28.92599868774414,73.0,0.0,4.8,6.6,23.11443608547667,32.580105259833665
2813,17.1,28.92599868774414,73.0,0.0,6.8,7.0,29.18460962035967,37.529226734251765
2814,20.8,28.92599868774414,73.0,0.0,4.4,7.5,12.199516762623162,29.339661733836213
2815,30.3,28.92599868774414,73.0,0.0,4.6,7.8,26.169139269740082,48.61839748881806
2816,27.9,28.92599868774414,73.0,0.0,2.1,7.1,24.299493086422366,44.90964516049566
2817,39.6,28.92599868774414,73.0,0.0,6.3,7.7,6.671801126322253,44.27026078842558
2818,39.8,28.92599868774414,73.0,0.0,2.1,6.6,9.211166833755442,46.24781678362881
2819,24.4,28.92599868774414,73.0,0.0,6.4,6.7,9.767255341685106,31.237078739179573
2820,27.1,28.325998306274418,77.0,0.0,6.1,6.6,25.57236543902642,45.000655807318495
2821,36.1,28.325998306274418,77.0,0.0,7.0,6.9,27.25055643994413,55.17538950796089
2822,38.0,28.325998306274418,77.0,0.0,3.2,6.7,17.491046446258125,50.24373251238069
2823,32.6,28.325998306274418,77.0,0.0,6.1,7.9,26.044477365958375,50.83113415617086
2824,31.4,28.325998306274418,77.0,0.0,5.4,6.0,10.117507001128562,38.48225490078999
2825,22.4,28.325998306274418,77.0,0.0,6.5,6.3,20.31657522005419,36.62160265403793
2826,30.1,28.325998306274418,77.0,0.0,6.7,7.6,14.954201204446015,40.56794084311221
2827,38.3,28.325998306274418,77.0,0.0,6.6,7.4,14.548031195059092,48.48362183654136
2828,32.1,28.325998306274418,77.0,0.0,3.8,6.8,8.246027178561114,37.87221902499278
2829,21.1,28.325998306274418,77.0,0.0,3.9,8.3,6.0053540658249425,25.30374784607746
2830,35.1,28.325998306274418,77.0,0.0,4.3,7.6,17.155157433677655,47.10861020357436
2831,36.8,28.325998306274418,77.0,0.0,3.8,7.5,19.980627634632803,50.78643934424296
2832,36.9,28.325998306274418,77.0,0.0,6.6,6.9,17.710539832915693,49.29737788304098
2833,25.9,28.325998306274418,77.0,0.0,3.8,7.4,26.67861943021081,44.57503360114757
2834,16.6,28.325998306274418,77.0,0.0,6.1,7.7,21.986025113871964,31.990217579710375
2835,27.2,28.325998306274418,77.0,0.0,4.4,6.0,12.52387006178979,35.96670904325285
2836,16.2,28.325998306274418,77.0,0.0,5.7,6.2,20.815980595503557,30.771186416852487
2837,30.6,28.325998306274418,77.0,0.0,5.5,7.6,19.734416926761313,44.41409184873292
2838,39.8,28.325998306274418,77.0,0.0,7.9,8.2,21.060942286853468,54.54265960079742
2839,34.8,28.325998306274418,77.0,0.0,3.2,7.5,6.976669860149796,39.683668902104856
2840,15.1,28.325998306274418,77.0,0.0,4.5,7.7,10.703072792045411,22.592150954431787
2841,28.9,28.325998306274418,77.0,0.0,3.4,6.1,10.859930521501145,36.5019513650508
2842,21.4,28.325998306274418,77.0,0.0,7.9,7.7,29.303094529135112,41.91216617039458
2843,34.9,28.325998306274418,77.0,0.0,4.0,7.9,29.18584069448486,55.3300884861394
2844,31.2,28.325998306274418,77.0,0.0,3.5,6.7,6.068685233423796,35.448079663396655
2845,30.6,28.325998306274418,77.0,0.0,3.8,6.1,15.199271493852132,41.23949004569649
2846,21.8,28.325998306274418,77.0,0.0,2.8,7.2,20.916641324215085,36.44164892695056
2847,22.5,28.325998306274418,77.0,0.0,7.1,6.4,24.218563963629627,39.45299477454074
2848,30.7,28.325998306274418,77.0,0.0,4.6,7.2,24.622096615446676,47.93546763081267
2849,21.5,28.325998306274418,77.0,0.0,4.3,7.1,28.76916853863767,41.638417977046366
2850,15.5,28.325998306274418,77.0,0.0,2.8,7.3,14.598674123728845,25.71907188661019
2851,17.0,28.325998306274418,77.0,0.0,2.5,7.3,26.863677298363683,35.80457410885458
2852,17.9,28.325998306274418,77.0,0.0,2.6,8.2,27.478247969204403,37.13477357844308
2853,20.1,28.325998306274418,77.0,0.0,5.1,7.7,29.770838029018684,40.93958662031308
2854,23.0,28.325998306274418,77.0,0.0,4.9,7.9,13.707221707995172,32.59505519559662
2855,31.9,28.325998306274418,77.0,0.0,4.6,8.3,13.548192450532262,41.38373471537258
2856,39.9,28.325998306274418,77.0,0.0,4.9,8.1,5.594375195098282,43.816062636568795
2857,36.8,28.325998306274418,77.0,0.0,2.3,7.9,11.121747025431183,44.58522291780182
2858,38.8,28.325998306274418,77.0,0.0,5.0,6.5,26.2346901469572,57.16428310287003
2859,19.9,28.325998306274418,77.0,0.0,6.1,8.0,13.366896190035716,29.256827333025
2860,37.8,28.325998306274418,77.0,0.0,4.1,6.1,14.689795177953176,48.08285662456722
2861,19.5,28.325998306274418,77.0,0.0,7.3,7.2,21.231097885698343,34.36176851998884
2862,20.3,28.325998306274418,77.0,0.0,4.7,8.2,16.07343238295596,31.551402668069173
2863,19.6,28.325998306274418,77.0,0.0,7.8,6.2,21.35590092054389,34.549130644380725
2864,20.0,28.325998306274418,77.0,0.0,7.1,8.0,18.984860270856228,33.28940218959936
2865,36.5,28.325998306274418,77.0,0.0,7.8,8.4,26.802869033596725,55.262008323517705
2866,37.5,28.325998306274418,77.0,0.0,7.0,7.5,8.05392625209642,43.13774837646749
2867,37.2,28.325998306274418,77.0,0.0,7.0,7.9,21.630505664860916,52.34135396540265
2868,18.0,28.325998306274418,77.0,0.0,7.8,7.4,24.143019425490632,34.90011359784344
2869,20.5,28.325998306274418,77.0,0.0,3.0,7.4,16.25775845551548,31.880430918860835
2870,27.7,28.325998306274418,77.0,0.0,7.4,7.0,27.554575853352354,46.98820309734664
2871,32.0,28.325998306274418,77.0,0.0,3.9,7.0,23.403415159821737,48.382390611875216
2872,24.1,28.325998306274418,77.0,0.0,6.4,7.2,17.651166364645995,36.4558164552522
2873,36.6,28.325998306274418,77.0,0.0,7.6,6.1,16.062539803239183,47.84377786226743
2874,20.9,28.325998306274418,77.0,0.0,3.9,6.9,29.2774734439497,41.39423141076479
2875,33.1,28.325998306274418,77.0,0.0,5.5,8.0,21.68734583138123,48.28114208196686
2876,23.1,28.325998306274418,77.0,0.0,7.9,7.2,7.741333899464458,28.51893372962512
2877,20.4,28.325998306274418,77.0,0.0,5.5,7.4,9.07960180805194,26.755721265636357
2878,35.2,28.325998306274418,77.0,0.0,7.9,8.5,6.0774747298898575,39.454232310922905
2879,20.2,28.325998306274418,77.0,0.0,2.6,8.3,9.642823367271198,26.949976357089838
2880,26.9,27.875999450683594,80.0,0.0,2.6,7.4,6.348927291811163,31.344249104267814
2881,28.6,27.875999450683594,80.0,0.0,5.6,7.7,8.734545934508827,34.71418215415618
2882,25.4,27.875999450683594,80.0,0.0,6.0,6.7,19.360705381513228,38.95249376705926
2883,30.0,27.875999450683594,80.0,0.0,3.1,8.2,18.18909986637204,42.73236990646043
2884,15.4,27.875999450683594,80.0,0.0,6.8,6.8,8.014020965679787,21.00981467597585
2885,34.6,27.875999450683594,80.0,0.0,7.6,7.8,17.800797314719755,47.06055812030383
2886,27.3,27.875999450683594,80.0,0.0,5.7,7.0,10.997610562345873,34.998327393642114
2887,36.4,27.875999450683594,80.0,0.0,6.8,8.4,8.03742118749959,42.02619483124971
2888,17.0,27.875999450683594,80.0,0.0,6.5,6.4,24.955301890515216,34.46871132336065
2889,30.1,27.875999450683594,80.0,0.0,4.1,6.5,22.155979098948833,45.60918536926418
2890,25.6,27.875999450683594,80.0,0.0,4.6,7.9,26.050048807242973,43.835034165070084
2891,18.8,27.875999450683594,80.0,0.0,2.5,7.0,5.308586369082834,22.516010458357982
2892,20.1,27.875999450683594,80.0,0.0,2.3,6.5,28.96173256227566,40.37321279359296
2893,34.3,27.875999450683594,80.0,0.0,2.9,6.0,6.467228059338666,38.82705964153706
2894,31.4,27.875999450683594,80.0,0.0,7.2,8.2,14.12123953512825,41.284867674589776
2895,30.7,27.875999450683594,80.0,0.0,5.5,8.3,17.54954494958929,42.9846814647125
2896,34.4,27.875999450683594,80.0,0.0,6.3,7.8,5.307871192574768,38.11550983480234
2897,26.3,27.875999450683594,80.0,0.0,2.1,7.6,21.25781979395157,41.180473855766095
2898,27.3,27.875999450683594,80.0,0.0,4.8,7.9,21.569301992724416,42.39851139490709
2899,19.6,27.875999450683594,80.0,0.0,3.4,6.5,29.01139114689539,39.907973802826774
2900,38.7,27.875999450683594,80.0,0.0,7.0,7.7,14.037333180391094,48.52613322627377
2901,16.3,27.875999450683594,80.0,0.0,2.3,7.1,27.830604891459082,35.781423424021355
2902,33.1,27.875999450683594,80.0,0.0,4.0,6.8,23.115473216034932,49.280831251224456
2903,35.3,27.875999450683594,80.0,0.0,7.9,6.8,20.904300509666136,49.93301035676629
2904,38.4,27.875999450683594,80.0,0.0,2.6,7.9,19.411763057604876,51.988234140323414
2905,27.2,27.875999450683594,80.0,0.0,3.4,8.1,11.87589228900016,35.51312460230011
2906,39.7,27.875999450683594,80.0,0.0,3.1,6.2,29.73998214484671,60.517987501392696
2907,35.3,27.875999450683594,80.0,0.0,2.2,6.0,21.826535370974504,50.57857475968215
2908,28.5,27.875999450683594,80.0,0.0,2.6,8.1,22.49132695098952,44.243928865692666
2909,22.2,27.875999450683594,80.0,0.0,2.7,8.3,11.426933513016952,30.198853459111866
2910,29.9,27.875999450683594,80.0,0.0,6.1,7.0,14.168931189138995,39.818251832397294
2911,33.7,27.875999450683594,80.0,0.0,5.0,8.1,23.79475004720339,50.356325033042374
2912,23.7,27.875999450683594,80.0,0.0,6.9,7.6,28.535272379769403,43.67469066583858
2913,32.9,27.875999450683594,80.0,0.0,6.5,6.1,7.665417569093909,38.26579229836573
2914,33.0,27.875999450683594,80.0,0.0,6.3,7.4,24.831303344972863,50.381912341481
2915,36.0,27.875999450683594,80.0,0.0,3.4,6.9,9.867858922456813,42.90750124571977
2916,35.3,27.875999450683594,80.0,0.0,3.4,6.0,17.186962313666413,47.33087361956649
2917,24.8,27.875999450683594,80.0,0.0,5.9,6.8,6.888797253277224,29.622158077294056
2918,31.5,27.875999450683594,80.0,0.0,4.4,6.7,19.06269024782023,44.84388317347416
2919,27.7,27.875999450683594,80.0,0.0,5.8,8.0,25.410687725306396,45.487481407714476
2920,34.5,27.875999450683594,80.0,0.0,5.5,8.3,10.017709707190177,41.512396795033126
2921,20.1,27.875999450683594,80.0,0.0,6.3,8.2,13.589440585986152,29.612608410190305
2922,26.1,27.875999450683594,80.0,0.0,4.6,7.4,11.376540485722826,34.063578340005975
2923,21.2,27.875999450683594,80.0,0.0,6.3,7.3,19.34863438565325,34.74404406995727
2924,27.9,27.875999450683594,80.0,0.0,2.4,7.0,9.305842278042345,34.41408959462964
2925,22.0,27.875999450683594,80.0,0.0,7.6,7.2,24.180774944040422,38.926542460828294
2926,22.3,27.875999450683594,80.0,0.0,4.6,8.0,16.473074167487937,33.831151917241556
2927,34.4,27.875999450683594,80.0,0.0,5.5,8.3,13.216090210412627,43.65126314728884
2928,28.3,27.875999450683594,80.0,0.0,2.2,7.0,29.833856650403394,49.183699655282375
2929,33.0,27.875999450683594,80.0,0.0,7.2,7.2,11.226417268378196,40.85849208786474
2930,16.1,27.875999450683594,80.0,0.0,6.5,8.0,29.817884450360573,36.972519115252396
2931,17.5,27.875999450683594,80.0,0.0,5.3,7.2,17.67623199084391,29.873362393590735
2932,25.3,27.875999450683594,80.0,0.0,5.7,7.6,9.728721551103302,32.11010508577231
2933,23.9,27.875999450683594,80.0,0.0,6.0,8.1,17.25566131605636,35.97896292123945
2934,16.1,27.875999450683594,80.0,0.0,7.5,6.0,6.755239144919532,20.828667401443674
2935,39.0,27.875999450683594,80.0,0.0,2.2,8.1,17.040539317621185,50.92837752233483
2936,22.2,27.875999450683594,80.0,0.0,5.5,6.5,24.53078150787551,39.371547055512856
2937,28.1,27.875999450683594,80.0,0.0,3.9,7.9,12.053346997401814,36.53734289818127
2938,29.3,27.875999450683594,80.0,0.0,5.6,7.8,25.284213904786984,46.998949733350884
2939,25.5,27.875999450683594,80.0,0.0,5.5,7.4,6.9082462561335305,30.33577237929347
2940,15.9,27.525999069213867,82.0,0.0,5.5,8.3,27.174439897639147,34.9221079283474
2941,27.8,27.525999069213867,82.0,0.0,6.2,6.5,24.308103082703365,44.81567215789235
2942,22.2,27.525999069213867,82.0,0.0,7.5,6.3,16.153477467892962,33.507434227525074
2943,18.9,27.525999069213867,82.0,0.0,6.1,6.5,10.767076105173611,26.436953273621526
2944,22.0,27.525999069213867,82.0,0.0,6.1,6.0,23.33791550982223,38.33654085687556
2945,26.8,27.525999069213867,82.0,0.0,4.6,7.7,29.541713088690926,47.479199162083646
2946,29.0,27.525999069213867,82.0,0.0,5.7,7.8,7.841077098821479,34.488753969175036
2947,16.8,27.525999069213867,82.0,0.0,2.0,6.1,9.347712601562996,23.343398821094098
2948,17.1,27.525999069213867,82.0,0.0,4.5,8.0,24.349999250911523,34.144999475638066
2949,30.1,27.525999069213867,82.0,0.0,2.7,7.2,18.184856684073623,42.82939967885154
2950,38.7,27.525999069213867,82.0,0.0,7.9,6.9,12.71587739034322,47.601114173240255
2951,20.5,27.525999069213867,82.0,0.0,4.1,8.2,12.3116436007112,29.11815052049784
2952,39.0,27.525999069213867,82.0,0.0,3.3,6.4,14.13267207415321,48.89287045190724
2953,25.9,27.525999069213867,82.0,0.0,8.0,7.4,5.174276077218252,29.521993254052774
2954,23.6,27.525999069213867,82.0,0.0,2.5,7.0,19.861727979581424,37.503209585707
2955,20.6,27.525999069213867,82.0,0.0,3.1,8.1,19.60652093829272,34.32456465680491
2956,26.7,27.525999069213867,82.0,0.0,7.2,6.6,11.931515242011443,35.05206066940801
2957,36.5,27.525999069213867,82.0,0.0,7.5,7.7,20.060722505956203,50.54250575416934
2958,15.1,27.525999069213867,82.0,0.0,5.1,6.4,24.42919272478264,32.20043490734785
2959,36.3,27.525999069213867,82.0,0.0,2.3,6.4,14.343052318866995,46.340136623206895
2960,24.7,27.525999069213867,82.0,0.0,5.8,7.3,9.310959212807909,31.217671448965536
2961,29.2,27.525999069213867,82.0,0.0,5.1,7.3,16.1462153715437,40.50235076008059
2962,26.1,27.525999069213867,82.0,0.0,6.1,6.6,22.38093741927612,41.76665619349328
2963,20.9,27.525999069213867,82.0,0.0,4.2,6.3,19.874034508715372,34.811824156100755
2964,29.5,27.525999069213867,82.0,0.0,7.5,6.1,6.549645499663008,34.0847518497641
2965,28.6,27.525999069213867,82.0,0.0,7.0,7.0,18.899697582022355,41.82978830741565
2966,39.2,27.525999069213867,82.0,0.0,6.2,8.0,24.81527103368419,56.57068972357894
2967,21.6,27.525999069213867,82.0,0.0,2.3,7.4,29.325179761483124,42.12762583303819
2968,27.6,27.525999069213867,82.0,0.0,7.8,8.2,10.953933204375414,35.26775324306279
2969,27.3,27.525999069213867,82.0,0.0,3.6,6.9,15.051114186921287,37.8357799308449
2970,35.9,27.525999069213867,82.0,0.0,6.2,7.8,14.192033511463022,45.83442345802411
2971,38.5,27.525999069213867,82.0,0.0,5.8,6.7,24.68734959554409,55.78114471688086
2972,37.8,27.525999069213867,82.0,0.0,4.3,7.0,17.64939151262344,50.1545740588364
2973,18.7,27.525999069213867,82.0,0.0,4.8,7.3,8.413471965999836,24.589430376199886
2974,39.1,27.525999069213867,82.0,0.0,5.6,7.3,6.859104612348708,43.9013732286441
2975,32.1,27.525999069213867,82.0,0.0,7.6,7.3,21.09212741847964,46.86448919293575
2976,22.6,27.525999069213867,82.0,0.0,5.5,8.2,27.119886299773583,41.58392040984151
2977,15.5,27.525999069213867,82.0,0.0,3.6,7.6,25.57186704249821,33.400306929748744
2978,15.7,27.525999069213867,82.0,0.0,7.4,7.1,17.383270705569977,27.868289493898985
2979,15.9,27.525999069213867,82.0,0.0,7.5,8.0,15.065260903055393,26.445682632138777
2980,23.6,27.525999069213867,82.0,0.0,3.4,7.7,20.874342928095487,38.21204004966684
2981,39.5,27.525999069213867,82.0,0.0,4.7,6.1,11.38162004947127,47.467134034629886
2982,29.9,27.525999069213867,82.0,0.0,3.4,6.9,6.769072358941637,34.638350651259145
2983,27.2,27.525999069213867,82.0,0.0,5.0,7.6,19.23054391741224,40.66138074218857
2984,30.0,27.525999069213867,82.0,0.0,6.4,6.9,13.41971058588189,39.39379741011732
2985,32.0,27.525999069213867,82.0,0.0,3.5,6.5,16.758513638594458,43.73095954701612
2986,26.1,27.525999069213867,82.0,0.0,2.8,8.2,6.931059089927626,30.95174136294934
2987,17.1,27.525999069213867,82.0,0.0,7.0,6.7,29.53757756608364,37.776304296258544
2988,20.7,27.525999069213867,82.0,0.0,5.3,6.0,29.730156510700567,41.5111095574904
2989,38.0,27.525999069213867,82.0,0.0,7.7,7.7,16.85302928254636,49.79712049778245
2990,33.5,27.525999069213867,82.0,0.0,3.4,6.5,21.887805118538473,48.82146358297693
2991,35.1,27.525999069213867,82.0,0.0,7.8,7.7,28.574741207203452,55.10231884504242
2992,27.7,27.525999069213867,82.0,0.0,3.5,7.2,18.85157983763613,40.89610588634529
2993,23.9,27.525999069213867,82.0,0.0,6.3,7.9,13.077832074203666,33.05448245194256
2994,21.5,27.525999069213867,82.0,0.0,4.8,8.2,6.639683214224538,26.147778249957177
2995,22.7,27.525999069213867,82.0,0.0,4.1,6.5,8.050919263147893,28.335643484203523
2996,35.1,27.525999069213867,82.0,0.0,2.2,7.7,8.226260301001712,40.8583822107012
2997,34.9,27.525999069213867,82.0,0.0,3.9,7.8,25.489303462293062,52.74251242360514
2998,36.5,27.525999069213867,82.0,0.0,4.9,6.5,22.61807760375573,52.33265432262901
2999,38.0,27.525999069213867,82.0,0.0,4.4,6.6,15.575947711060932,48.90316339774265
3000,15.5,27.375999450683594,83.0,0.0,7.4,6.3,8.004459165455462,21.103121415818823
3001,27.7,27.375999450683594,83.0,0.0,2.2,6.6,11.141396618251193,35.49897763277583
3002,22.3,27.375999450683594,83.0,0.0,5.8,6.5,11.194950274587942,30.13646519221156
3003,16.4,27.375999450683594,83.0,0.0,7.4,7.4,7.541428678028634,21.679000074620042
3004,16.6,27.375999450683594,83.0,0.0,5.6,8.2,18.654806257511314,29.65836438025792
3005,27.7,27.375999450683594,83.0,0.0,6.4,7.5,23.897155113157062,44.428008579209944
3006,16.8,27.375999450683594,83.0,0.0,2.7,7.7,16.697682892191196,28.488378024533837
3007,22.0,27.375999450683594,83.0,0.0,7.8,6.0,27.43644717808095,41.20551302465667
3008,16.1,27.375999450683594,83.0,0.0,4.6,6.3,15.186030799205295,26.730221559443706
3009,19.7,27.375999450683594,83.0,0.0,3.4,7.4,24.654199447697803,36.95793961338846
3010,22.7,27.375999450683594,83.0,0.0,4.7,7.4,25.719024866740515,40.703317406718355
3011,17.3,27.375999450683594,83.0,0.0,3.6,7.5,21.236284415103913,32.16539909057274
3012,20.2,27.375999450683594,83.0,0.0,5.7,7.4,8.003809890200198,25.802666923140137
3013,28.2,27.375999450683594,83.0,0.0,6.7,6.5,25.240103231523303,45.868072262066306
3014,21.0,27.375999450683594,83.0,0.0,7.7,7.9,13.107999806502054,30.175599864551437
3015,17.8,27.375999450683594,83.0,0.0,3.3,6.8,19.441871940839178,31.409310358587426
3016,30.6,27.375999450683594,83.0,0.0,4.5,6.7,19.39778437323399,44.17844906126379
3017,16.8,27.375999450683594,83.0,0.0,6.1,8.2,22.33930649445598,32.43751454611919
3018,18.6,27.375999450683594,83.0,0.0,7.2,7.7,17.214498470337528,30.65014892923627
3019,24.1,27.375999450683594,83.0,0.0,5.3,8.0,27.274831977144384,43.192382384001064
3020,16.5,27.375999450683594,83.0,0.0,4.3,6.4,12.037939134981453,24.926557394487016
3021,32.9,27.375999450683594,83.0,0.0,2.2,6.6,5.727000068158948,36.90890004771126
3022,28.9,27.375999450683594,83.0,0.0,3.0,7.5,10.479211530933096,36.23544807165317
3023,25.7,27.375999450683594,83.0,0.0,6.2,6.8,19.904257545652143,39.6329802819565
3024,24.0,27.375999450683594,83.0,0.0,5.6,6.1,10.119809117344225,31.083866382140958
3025,30.5,27.375999450683594,83.0,0.0,5.2,6.8,7.45478582856295,35.71835007999407
3026,34.3,27.375999450683594,83.0,0.0,4.3,6.3,6.222680289454594,38.65587620261822
3027,15.6,27.375999450683594,83.0,0.0,5.5,6.9,25.426569704679885,33.398598793275916
3028,28.4,27.375999450683594,83.0,0.0,5.1,7.3,16.33762223085764,39.83633556160035
3029,35.9,27.375999450683594,83.0,0.0,6.2,8.5,19.625951432826806,49.638166002978764
3030,16.8,27.375999450683594,83.0,0.0,6.8,6.7,7.089932102243069,21.76295247157015
3031,27.9,27.375999450683594,83.0,0.0,6.2,6.4,13.491435790029076,37.344005053020354
3032,33.0,27.375999450683594,83.0,0.0,7.8,7.4,18.344243569727375,45.84097049880916
3033,20.4,27.375999450683594,83.0,0.0,3.7,6.2,23.167069103436962,36.61694837240587
3034,34.8,27.375999450683594,83.0,0.0,6.8,7.5,21.746276370143278,50.02239345910029
3035,32.9,27.375999450683594,83.0,0.0,5.8,7.8,27.884008320184687,52.41880582412928
3036,21.0,27.375999450683594,83.0,0.0,3.6,7.1,13.039730097207476,30.127811068045233
3037,23.3,27.375999450683594,83.0,0.0,4.4,6.5,20.09245270880961,37.364716896166726
3038,25.8,27.375999450683594,83.0,0.0,7.4,6.4,15.407066426776595,36.58494649874362
3039,16.7,27.375999450683594,83.0,0.0,4.7,6.2,24.24442059540159,33.67109441678111
3040,18.2,27.375999450683594,83.0,0.0,7.9,6.8,13.01858611351524,27.313010279460666
3041,31.4,27.375999450683594,83.0,0.0,2.2,6.3,25.058040281236785,48.940628196865745
3042,21.6,27.375999450683594,83.0,0.0,7.6,7.6,24.86598237009546,39.006187659066825
3043,17.9,27.375999450683594,83.0,0.0,7.6,7.6,9.605288008644102,24.62370160605087
3044,33.4,27.375999450683594,83.0,0.0,6.1,8.4,23.47328234746473,49.83129764322531
3045,32.4,27.375999450683594,83.0,0.0,6.3,6.1,16.988573760283835,44.292001632198684
3046,39.7,27.375999450683594,83.0,0.0,3.7,7.1,21.720980689867705,54.904686482907394
3047,34.6,27.375999450683594,83.0,0.0,5.9,7.9,22.95487861308057,50.6684150291564
3048,19.1,27.375999450683594,83.0,0.0,4.1,7.6,28.56309994542343,39.0941699617964
3049,36.9,27.375999450683594,83.0,0.0,4.2,7.8,22.676101065630068,52.77327074594105
3050,38.1,27.375999450683594,83.0,0.0,3.1,7.6,15.893224169773541,49.22525691884148
3051,27.7,27.375999450683594,83.0,0.0,3.0,7.6,13.058998676975444,36.84129907388281
3052,33.8,27.375999450683594,83.0,0.0,4.2,6.8,11.872164136814042,42.110514895769825
3053,20.5,27.375999450683594,83.0,0.0,5.8,7.9,26.742348491194452,39.21964394383612
3054,39.2,27.375999450683594,83.0,0.0,6.7,8.2,15.92310936028397,50.346176552198784
3055,34.0,27.375999450683594,83.0,0.0,4.3,6.3,7.3570530486725945,39.14993713407082
3056,33.7,27.375999450683594,83.0,0.0,6.2,6.8,13.181841458086772,42.927289020660744
3057,39.2,27.375999450683594,83.0,0.0,6.7,6.8,9.527276959917916,45.869093871942546
3058,22.6,27.375999450683594,83.0,0.0,2.1,6.2,6.321585973457312,27.025110181420118
3059,19.1,27.375999450683594,83.0,0.0,2.1,6.5,29.583203742325193,39.808242619627634
3060,30.0,26.97599983215332,85.0,0.0,5.1,6.3,28.172261366960274,49.72058295687219
3061,23.5,26.97599983215332,85.0,0.0,6.8,7.8,26.493777253982593,42.04564407778781
3062,34.5,26.97599983215332,85.0,0.0,5.2,8.1,18.573473144863023,47.50143120140412
3063,24.0,26.97599983215332,85.0,0.0,7.1,6.4,11.229001268463675,31.860300887924573
3064,17.8,26.97599983215332,85.0,0.0,7.7,6.3,14.19021013423096,27.73314709396167
3065,36.6,26.97599983215332,85.0,0.0,6.9,6.9,16.74883320715009,48.32418324500506
3066,22.7,26.97599983215332,85.0,0.0,5.4,7.0,17.740382639398987,35.11826784757929
3067,38.9,26.97599983215332,85.0,0.0,6.7,7.0,8.30173648282355,44.711215537976486
3068,20.5,26.97599983215332,85.0,0.0,4.3,7.8,8.556723286451016,26.48970630051571
3069,30.4,26.97599983215332,85.0,0.0,7.8,7.7,14.954867603472644,40.86840732243085
3070,21.7,26.97599983215332,85.0,0.0,7.1,6.7,16.653057432517567,33.357140202762295
3071,22.3,26.97599983215332,85.0,0.0,3.3,8.5,19.229889119744215,35.760922383820954
3072,15.6,26.97599983215332,85.0,0.0,4.2,6.1,18.501406905948112,28.55098483416368
3073,18.9,26.97599983215332,85.0,0.0,3.6,6.9,22.072629818021472,34.350840872615024
3074,16.5,26.97599983215332,85.0,0.0,3.5,6.4,15.278836489345277,27.195185542541694
3075,15.0,26.97599983215332,85.0,0.0,4.5,7.4,26.85414211004642,33.797899477032495
3076,16.7,26.97599983215332,85.0,0.0,7.8,8.2,21.99942641513159,32.099598490592115
3077,26.2,26.97599983215332,85.0,0.0,5.8,7.9,18.937645129664226,39.45635159076495
3078,32.5,26.97599983215332,85.0,0.0,4.9,6.7,20.515161054437755,46.860612738106425
3079,17.6,26.97599983215332,85.0,0.0,7.5,7.3,8.483165352238485,23.53821574656694
3080,34.6,26.97599983215332,85.0,0.0,2.9,7.0,21.429376609189074,49.600563626432354
3081,24.3,26.97599983215332,85.0,0.0,3.8,8.4,27.324475672417492,43.42713297069224
3082,35.6,26.97599983215332,85.0,0.0,6.0,7.6,24.260161309581033,52.58211291670672
3083,34.8,26.97599983215332,85.0,0.0,3.9,7.5,21.19030711867789,49.63321498307452
3084,15.7,26.97599983215332,85.0,0.0,4.6,8.0,23.62634273244927,32.23843991271448
3085,32.9,26.97599983215332,85.0,0.0,5.8,7.7,28.027477334326065,52.51923413402824
3086,38.7,26.97599983215332,85.0,0.0,6.2,7.8,14.886907991552132,49.12083559408649
3087,24.4,26.97599983215332,85.0,0.0,5.5,6.2,12.008320362923403,32.80582425404638
3088,34.0,26.97599983215332,85.0,0.0,4.9,8.1,5.925671320831209,38.147969924581844
3089,28.2,26.97599983215332,85.0,0.0,4.2,6.0,27.182704160523638,47.22789291236654
3090,38.5,26.97599983215332,85.0,0.0,5.6,7.3,29.165512290587007,58.9158586034109
3091,25.8,26.97599983215332,85.0,0.0,7.1,7.1,26.99488025674391,44.69641617972074
3092,18.2,26.97599983215332,85.0,0.0,5.4,6.3,14.252611808796974,28.17682826615788
3093,17.3,26.97599983215332,85.0,0.0,2.2,6.4,19.910869868018853,31.237608907613197
3094,32.3,26.97599983215332,85.0,0.0,4.4,7.5,26.160168487596888,50.61211794131782
3095,20.4,26.97599983215332,85.0,0.0,7.6,7.9,23.59712449620354,36.91798714734247
3096,19.5,26.97599983215332,85.0,0.0,4.5,6.1,21.621640363388867,34.635148254372204
3097,38.7,26.97599983215332,85.0,0.0,3.4,7.7,18.775407441610383,51.84278520912727
3098,37.0,26.97599983215332,85.0,0.0,6.7,6.7,17.229311934936742,49.060518354455716
3099,34.6,26.97599983215332,85.0,0.0,6.5,6.1,25.508152388942122,52.45570667225948
3100,35.2,26.97599983215332,85.0,0.0,2.3,6.5,8.179737711872296,40.92581639831061
3101,35.4,26.97599983215332,85.0,0.0,2.3,8.3,22.884572239058638,51.41920056734104
3102,17.0,26.97599983215332,85.0,0.0,7.2,8.4,14.30021154795771,27.010148083570396
3103,38.2,26.97599983215332,85.0,0.0,3.8,6.4,15.203525157034573,48.8424676099242
3104,29.8,26.97599983215332,85.0,0.0,3.9,7.6,6.234742808058756,34.16431996564113
3105,20.2,26.97599983215332,85.0,0.0,4.9,6.1,25.1334976196545,37.79344833375815
3106,34.9,26.97599983215332,85.0,0.0,5.6,6.1,28.641167835342213,54.94881748473955
3107,30.5,26.97599983215332,85.0,0.0,7.4,8.4,14.239534367896088,40.46767405752726
3108,27.0,26.97599983215332,85.0,0.0,3.8,8.2,19.061066035707576,40.3427462249953
3109,35.0,26.97599983215332,85.0,0.0,5.5,7.1,17.747518250104868,47.42326277507341
3110,25.4,26.97599983215332,85.0,0.0,7.8,6.9,28.813122364706842,45.56918565529479
3111,32.8,26.97599983215332,85.0,0.0,5.1,6.4,16.10134737411723,44.070943161882056
3112,20.0,26.97599983215332,85.0,0.0,5.7,7.0,26.47782351942898,38.534476463600285
3113,32.5,26.97599983215332,85.0,0.0,6.0,7.5,16.79646274093622,44.25752391865535
3114,20.6,26.97599983215332,85.0,0.0,3.9,6.9,10.375022019970935,27.862515413979654
3115,26.9,26.97599983215332,85.0,0.0,2.1,6.5,26.052928446048412,45.137049912233884
3116,25.1,26.97599983215332,85.0,0.0,6.4,7.3,5.052765855109896,28.63693609857693
3117,34.2,26.97599983215332,85.0,0.0,6.2,6.0,23.934817851264178,50.954372495884925
3118,25.5,26.97599983215332,85.0,0.0,7.8,6.3,24.76814752541053,42.83770326778737
3119,36.4,26.97599983215332,85.0,0.0,5.8,6.8,6.983725017764026,41.288607512434815
3120,38.1,26.72599983215332,86.0,0.0,3.1,7.4,6.235064614884951,42.46454523041947
3121,30.7,26.72599983215332,86.0,0.0,7.1,6.1,6.189610200274349,35.032727140192044
3122,23.0,26.72599983215332,86.0,0.0,7.2,7.9,24.133687652624783,39.893581356837345
3123,35.9,26.72599983215332,86.0,0.0,6.6,6.1,10.99135817973124,43.593950725811865
3124,23.9,26.72599983215332,86.0,0.0,5.6,7.1,10.022128168575243,30.915489718002668
3125,33.1,26.72599983215332,86.0,0.0,6.3,6.9,22.371910616155265,48.760337431308685
3126,17.5,26.72599983215332,86.0,0.0,5.4,7.6,16.814161609973265,29.269913126981287
3127,36.4,26.72599983215332,86.0,0.0,5.6,8.2,19.702163149300826,50.191514204510575
3128,32.3,26.72599983215332,86.0,0.0,3.9,6.4,16.588720277470117,43.91210419422908
3129,26.7,26.72599983215332,86.0,0.0,2.7,6.3,24.26534121034353,43.68573884724047
3130,28.3,26.72599983215332,86.0,0.0,4.4,7.3,5.879896226645327,32.41592735865173
3131,31.7,26.72599983215332,86.0,0.0,4.3,8.4,20.63160502109826,46.142123514768784
3132,27.0,26.72599983215332,86.0,0.0,4.1,8.4,25.793502820735284,45.055451974514696
3133,19.0,26.72599983215332,86.0,0.0,4.6,7.0,9.098486382221274,25.368940467554893
3134,39.9,26.72599983215332,86.0,0.0,6.3,8.0,8.201463198194244,45.641024238735966
3135,17.4,26.72599983215332,86.0,0.0,6.5,7.4,20.572638387215854,31.800846871051093
3136,33.9,26.72599983215332,86.0,0.0,2.4,8.0,16.108844540859387,45.17619117860157
3137,28.9,26.72599983215332,86.0,0.0,5.5,8.5,22.636456196324314,44.74551933742702
3138,18.1,26.72599983215332,86.0,0.0,5.3,7.3,5.831551309188949,22.182085916432264
3139,34.9,26.72599983215332,86.0,0.0,3.6,6.4,7.260793651265603,39.982555555885924
3140,17.3,26.72599983215332,86.0,0.0,5.0,6.8,27.448376002697014,36.51386320188791
3141,19.6,26.72599983215332,86.0,0.0,7.0,6.5,22.40377591790623,35.28264314253436
3142,19.2,26.72599983215332,86.0,0.0,6.3,6.8,18.298064745956815,32.00864532216977
3143,35.8,26.72599983215332,86.0,0.0,3.3,8.5,10.76158188076052,43.33310731653236
3144,19.8,26.72599983215332,86.0,0.0,7.2,8.1,12.458562243381245,28.52099357036687
3145,21.3,26.72599983215332,86.0,0.0,2.1,7.8,28.041226162776056,40.92885831394324
3146,39.6,26.72599983215332,86.0,0.0,6.6,8.3,14.678269194538752,49.87478843617713
3147,24.2,26.72599983215332,86.0,0.0,7.7,7.5,10.752693768258606,31.726885637781024
3148,26.0,26.72599983215332,86.0,0.0,7.6,6.8,9.40868382693898,32.586078678857284
3149,20.5,26.72599983215332,86.0,0.0,4.6,8.2,16.507951456162118,32.05556601931348
3150,33.4,26.72599983215332,86.0,0.0,5.6,7.5,18.01674439164776,46.01172107415343
3151,21.7,26.72599983215332,86.0,0.0,4.0,6.7,5.696927970479902,25.687849579335932
3152,21.4,26.72599983215332,86.0,0.0,2.2,8.0,7.973502739578748,26.981451917705122
3153,19.9,26.72599983215332,86.0,0.0,2.3,6.8,9.871818631003833,26.810273041702683
3154,37.7,26.72599983215332,86.0,0.0,2.8,6.1,17.614946405552878,50.03046248388702
3155,38.8,26.72599983215332,86.0,0.0,2.8,6.8,12.66842141714843,47.667894992003895
3156,32.1,26.72599983215332,86.0,0.0,7.0,6.8,18.9344745776796,45.35413220437572
3157,16.8,26.72599983215332,86.0,0.0,3.5,8.5,29.692653584922102,37.58485750944547
3158,16.3,26.72599983215332,86.0,0.0,4.9,7.2,23.550395399579628,32.78527677970574
3159,26.4,26.72599983215332,86.0,0.0,4.3,6.9,6.105529284603666,30.673870499222566
3160,30.6,26.72599983215332,86.0,0.0,2.6,7.6,25.119155764024683,48.183409034817274
3161,19.2,26.72599983215332,86.0,0.0,7.9,7.2,13.841127395907739,28.888789177135415
3162,30.9,26.72599983215332,86.0,0.0,7.8,7.7,24.19725369578529,47.838077587049696
3163,34.6,26.72599983215332,86.0,0.0,6.3,7.4,12.848523258775774,43.59396628114304
3164,29.2,26.72599983215332,86.0,0.0,3.5,7.2,9.78018236104031,36.04612765272822
3165,26.3,26.72599983215332,86.0,0.0,7.3,7.2,9.2477768014408,32.77344376100856
3166,24.6,26.72599983215332,86.0,0.0,6.6,6.0,5.818485842897809,28.67294009002847
3167,33.2,26.72599983215332,86.0,0.0,2.7,6.2,6.341331130191617,37.638931791134134
3168,21.8,26.72599983215332,86.0,0.0,6.6,7.4,22.36112893998597,37.45279025799018
3169,37.8,26.72599983215332,86.0,0.0,6.0,7.0,7.539915051229641,43.07794053586075
3170,37.0,26.72599983215332,86.0,0.0,2.8,7.2,23.771137924679092,53.63979654727537
3171,23.3,26.72599983215332,86.0,0.0,5.3,7.6,29.327394411854034,43.82917608829783
3172,26.0,26.72599983215332,86.0,0.0,2.6,6.2,21.231642368771702,40.86214965814019
3173,22.5,26.72599983215332,86.0,0.0,6.8,8.2,22.53298002917207,38.27308602042045
3174,37.8,26.72599983215332,86.0,0.0,5.8,7.0,10.764074804253827,45.33485236297768
3175,26.0,26.72599983215332,86.0,0.0,6.0,7.7,28.120671141556862,45.6844697990898
3176,36.0,26.72599983215332,86.0,0.0,3.8,6.6,23.72456285609189,52.607193999264325
3177,25.3,26.72599983215332,86.0,0.0,3.8,7.7,26.30506002848249,43.71354201993775
3178,38.9,26.72599983215332,86.0,0.0,2.7,6.0,20.65646131143015,53.359522918001105
3179,31.3,26.72599983215332,86.0,0.0,4.0,6.8,6.765107787299735,36.035575451109814
3180,24.9,26.525999069213867,88.0,0.0,5.2,7.2,15.903293515818415,36.03230546107289
3181,33.8,26.525999069213867,88.0,0.0,5.6,6.6,10.59351268534045,41.215458879738314
3182,33.8,26.525999069213867,88.0,0.0,2.4,7.1,6.285346787665098,38.19974275136556
3183,30.2,26.525999069213867,88.0,0.0,4.8,7.4,22.571323990916078,45.99992679364125
3184,31.7,26.525999069213867,88.0,0.0,5.5,7.2,7.090352304970339,36.66324661347924
3185,21.8,26.525999069213867,88.0,0.0,2.8,6.3,20.742340908990926,36.31963863629365
3186,20.1,26.525999069213867,88.0,0.0,5.3,7.0,24.977437347160894,37.58420614301262
3187,25.3,26.525999069213867,88.0,0.0,7.5,6.1,11.413363703978092,33.28935459278466
3188,24.9,26.525999069213867,88.0,0.0,7.5,6.2,15.488851370347058,35.742195959242935
3189,16.7,26.525999069213867,88.0,0.0,3.6,6.9,5.253412189922944,20.37738853294606
3190,32.4,26.525999069213867,88.0,0.0,6.6,8.4,28.046394342027583,52.03247603941931
3191,30.3,26.525999069213867,88.0,0.0,7.5,8.5,22.831249501956076,46.28187465136925
3192,15.6,26.525999069213867,88.0,0.0,2.2,7.3,24.111336963015408,32.477935874110784
3193,18.9,26.525999069213867,88.0,0.0,6.2,7.4,13.230348252176164,28.161243776523314
3194,15.6,26.525999069213867,88.0,0.0,6.9,7.3,5.0162438629352115,19.111370704054647
3195,20.0,26.525999069213867,88.0,0.0,5.7,7.1,16.381448393069494,31.467013875148645
3196,38.1,26.525999069213867,88.0,0.0,3.2,8.4,7.58084419485837,43.40659093640086
3197,36.0,26.525999069213867,88.0,0.0,5.8,7.8,13.530981176680214,45.47168682367615
3198,18.3,26.525999069213867,88.0,0.0,6.0,6.6,15.07312771383631,28.851189399685417
3199,29.8,26.525999069213867,88.0,0.0,2.7,6.5,12.512152944530376,38.55850706117126
3200,33.0,26.525999069213867,88.0,0.0,7.8,7.1,18.213815186122446,45.74967063028571
3201,29.3,26.525999069213867,88.0,0.0,6.8,7.4,14.513536488271928,39.45947554179035
3202,34.3,26.525999069213867,88.0,0.0,6.1,6.3,14.57435136897741,44.502045958284185
3203,33.1,26.525999069213867,88.0,0.0,2.1,7.4,6.9933835326295055,37.99536847284065
3204,29.9,26.525999069213867,88.0,0.0,5.5,8.4,7.40904647581954,35.08633253307367
3205,39.9,26.525999069213867,88.0,0.0,4.4,7.8,29.94809047765108,60.86366333435575
3206,38.6,26.525999069213867,88.0,0.0,6.8,7.4,27.953854564061086,58.16769819484276
3207,37.0,26.525999069213867,88.0,0.0,7.8,6.7,20.197153690455444,51.13800758331881
3208,18.6,26.525999069213867,88.0,0.0,2.6,6.1,10.250228448688212,25.775159914081748
3209,24.6,26.525999069213867,88.0,0.0,4.3,7.6,11.077467896098952,32.354227527269266
3210,23.9,26.525999069213867,88.0,0.0,2.0,6.8,25.813354780405056,41.96934834628354
3211,31.9,26.525999069213867,88.0,0.0,7.5,8.2,17.913406003389674,44.43938420237277
3212,19.4,26.525999069213867,88.0,0.0,4.0,7.5,21.604756329695384,34.52332943078677
3213,26.5,26.525999069213867,88.0,0.0,7.9,7.9,14.434429791664863,36.6041008541654
3214,17.1,26.525999069213867,88.0,0.0,6.9,6.8,15.273953986290616,27.791767790403433
3215,24.6,26.525999069213867,88.0,0.0,3.8,7.3,8.285949713409089,30.400164799386364
3216,25.3,26.525999069213867,88.0,0.0,3.8,7.4,29.287626704274278,45.80133869299199
3217,27.6,26.525999069213867,88.0,0.0,2.2,6.5,5.403476973362293,31.382433881353606
3218,39.4,26.525999069213867,88.0,0.0,3.3,6.9,13.085605010903862,48.5599235076327
3219,37.9,26.525999069213867,88.0,0.0,2.1,8.0,11.26784824134785,45.78749376894349
3220,38.5,26.525999069213867,88.0,0.0,7.2,8.5,6.724091908974643,43.20686433628225
3221,30.1,26.525999069213867,88.0,0.0,5.6,6.7,26.415758785668192,48.59103114996773
3222,31.0,26.525999069213867,88.0,0.0,4.3,8.5,8.177353280549266,36.72414729638449
3223,38.6,26.525999069213867,88.0,0.0,7.8,7.5,25.036635714782435,56.1256450003477
3224,30.9,26.525999069213867,88.0,0.0,7.3,8.1,22.326038021506506,46.52822661505455
3225,27.3,26.525999069213867,88.0,0.0,7.3,7.0,5.64388012407417,31.25071608685192
3226,33.7,26.525999069213867,88.0,0.0,4.6,7.3,16.738534450804647,45.41697411556326
3227,39.1,26.525999069213867,88.0,0.0,7.3,8.4,16.96322978711592,50.974260850981146
3228,27.1,26.525999069213867,88.0,0.0,4.1,7.2,20.996819867040383,41.79777390692827
3229,15.7,26.525999069213867,88.0,0.0,4.2,7.9,12.015114914713756,24.11058044029963
3230,25.2,26.525999069213867,88.0,0.0,3.4,6.7,5.233690087643076,28.863583061350152
3231,38.4,26.525999069213867,88.0,0.0,3.2,7.3,14.068511586617442,48.24795811063221
3232,33.0,26.525999069213867,88.0,0.0,2.2,7.5,28.71652808340696,53.101569658384875
3233,35.2,26.525999069213867,88.0,0.0,6.1,6.4,5.0300055861658794,38.72100391031612
3234,31.7,26.525999069213867,88.0,0.0,3.1,7.9,12.426901768519457,40.39883123796362
3235,36.4,26.525999069213867,88.0,0.0,3.4,7.2,5.529748284108599,40.270823798876016
3236,28.6,26.525999069213867,88.0,0.0,2.2,8.1,9.913923323443068,35.539746326410146
3237,18.0,26.525999069213867,88.0,0.0,6.7,7.2,24.65062891146995,35.25544023802897
3238,17.6,26.525999069213867,88.0,0.0,3.4,6.9,8.294330790376456,23.40603155326352
3239,23.3,26.525999069213867,88.0,0.0,5.2,8.3,9.99831449117785,30.298820143824493
3240,28.3,26.47599983215332,89.0,0.0,4.4,7.1,19.831984449990145,42.1823891149931
3241,37.2,26.47599983215332,89.0,0.0,4.5,7.5,28.446083112853543,57.11225817899748
3242,31.2,26.47599983215332,89.0,0.0,5.5,8.1,9.412936624503203,37.789055637152245
3243,15.9,26.47599983215332,89.0,0.0,4.8,7.0,20.84522619969266,30.491658339784863
3244,20.5,26.47599983215332,89.0,0.0,2.4,7.5,9.277500628541445,26.994250439979012
3245,29.0,26.47599983215332,89.0,0.0,4.7,8.4,10.740859492735733,36.518601644915016
3246,16.6,26.47599983215332,89.0,0.0,2.0,7.5,9.399309775924115,23.17951684314688
3247,32.8,26.47599983215332,89.0,0.0,4.5,8.2,16.18701244492369,44.13090871144658
3248,21.8,26.47599983215332,89.0,0.0,6.4,7.8,16.762702646091753,33.533891852264226
3249,36.9,26.47599983215332,89.0,0.0,7.2,8.0,15.611187709577067,47.82783139670394
3250,27.7,26.47599983215332,89.0,0.0,4.0,6.1,8.699913530340723,33.789939471238505
3251,24.3,26.47599983215332,89.0,0.0,2.3,8.0,19.120603190637986,37.68442223344659
3252,18.5,26.47599983215332,89.0,0.0,4.6,7.2,10.83573658953598,26.085015612675186
3253,30.6,26.47599983215332,89.0,0.0,5.2,7.2,25.73802710357252,48.61661897250076
3254,35.6,26.47599983215332,89.0,0.0,4.5,7.1,22.69100350671993,51.48370245470395
3255,28.9,26.47599983215332,89.0,0.0,2.2,7.5,12.724122472779655,37.80688573094576
3256,30.2,26.47599983215332,89.0,0.0,4.0,7.1,27.17798211127847,49.22458747789493
3257,30.6,26.47599983215332,89.0,0.0,2.7,7.6,12.691728408948018,39.48420988626361
3258,39.1,26.47599983215332,89.0,0.0,8.0,7.9,28.55215747401786,59.086510231812504
3259,31.9,26.47599983215332,89.0,0.0,7.8,6.1,23.362099773858127,48.253469841700685
3260,35.2,26.47599983215332,89.0,0.0,3.2,6.9,19.01781587477415,48.512471112341906
3261,26.0,26.47599983215332,89.0,0.0,5.3,6.1,29.01757995340995,46.31230596738696
3262,25.8,26.47599983215332,89.0,0.0,6.3,8.3,13.646080465549888,35.35225632588492
3263,16.2,26.47599983215332,89.0,0.0,6.2,7.5,9.709807483204951,22.996865238243466
3264,23.7,26.47599983215332,89.0,0.0,2.3,8.0,26.04267834225326,41.92987483957728
3265,26.7,26.47599983215332,89.0,0.0,4.7,6.8,25.951024079514866,44.86571685566041
3266,15.7,26.47599983215332,89.0,0.0,8.0,7.1,26.11797292288994,33.98258104602296
3267,25.0,26.47599983215332,89.0,0.0,3.2,7.1,7.555626426951169,30.288938498865818
3268,17.6,26.47599983215332,89.0,0.0,6.0,7.2,12.802712601840103,26.561898821288075
3269,25.5,26.47599983215332,89.0,0.0,4.2,7.7,12.139816842772674,33.997871789940874
3270,28.0,26.47599983215332,89.0,0.0,7.9,6.5,19.086650133492334,41.360655093444635
3271,35.8,26.47599983215332,89.0,0.0,3.8,8.2,23.717099230153398,52.40196946110737
3272,25.0,26.47599983215332,89.0,0.0,2.2,6.2,7.728378125446751,30.409864687812725
3273,31.6,26.47599983215332,89.0,0.0,5.0,7.6,19.034257977485474,44.92398058423983
3274,32.6,26.47599983215332,89.0,0.0,3.9,7.7,7.696317269707643,37.98742208879535
3275,30.7,26.47599983215332,89.0,0.0,7.1,7.4,27.06299893406443,49.6440992538451
3276,27.0,26.47599983215332,89.0,0.0,4.7,7.5,7.199051728780368,32.03933621014626
3277,19.4,26.47599983215332,89.0,0.0,4.2,6.7,24.947546123905298,36.86328228673371
3278,15.8,26.47599983215332,89.0,0.0,2.4,8.4,23.121011264456328,31.98470788511943
3279,33.0,26.47599983215332,89.0,0.0,4.0,7.3,9.62308742611719,39.73616119828203
3280,36.7,26.47599983215332,89.0,0.0,3.7,8.3,8.651438762498778,42.75600713374915
3281,32.2,26.47599983215332,89.0,0.0,7.1,8.0,8.326565971454638,38.02859618001825
3282,15.5,26.47599983215332,89.0,0.0,6.3,7.9,11.085112949141669,23.25957906439917
3283,39.7,26.47599983215332,89.0,0.0,2.6,6.5,17.37097715069968,51.85968400548978
3284,21.0,26.47599983215332,89.0,0.0,6.6,7.4,19.56205227042971,34.693436589300795
3285,15.1,26.47599983215332,89.0,0.0,2.5,6.4,17.679003916369936,27.475302741458954
3286,36.7,26.47599983215332,89.0,0.0,7.6,6.3,20.8078357311728,51.265485011820964
3287,28.9,26.47599983215332,89.0,0.0,6.3,7.2,13.417663906445874,38.292364734512105
3288,26.0,26.47599983215332,89.0,0.0,5.8,8.4,8.297344838473842,31.808141386931688
3289,34.1,26.47599983215332,89.0,0.0,2.7,6.9,25.62113404405243,52.034793830836705
3290,23.5,26.47599983215332,89.0,0.0,7.9,7.0,18.467911953998065,36.42753836779865
3291,34.0,26.47599983215332,89.0,0.0,2.0,7.8,5.61326724883235,37.929287074182646
3292,39.0,26.47599983215332,89.0,0.0,7.3,7.1,17.66625831056659,51.36638081739661
3293,34.8,26.47599983215332,89.0,0.0,3.5,7.3,26.59657808982266,53.41760466287586
3294,36.6,26.47599983215332,89.0,0.0,4.9,7.8,16.70206153309231,48.291443073164615
3295,16.7,26.47599983215332,89.0,0.0,7.5,8.3,22.697320227966745,32.58812415957672
3296,36.5,26.47599983215332,89.0,0.0,2.6,6.4,28.832904352562153,56.683033046793504
3297,23.1,26.47599983215332,89.0,0.0,5.1,7.8,8.118483096016947,28.782938167211864
3298,38.6,26.47599983215332,89.0,0.0,3.8,7.5,21.803559103564115,53.86249137249488
3299,25.2,26.47599983215332,89.0,0.0,7.3,8.5,14.343369590843123,35.24035871359018
3300,32.7,27.67599868774414,85.0,0.0,3.6,7.3,5.167721410859789,36.317404987601854
3301,23.0,27.67599868774414,85.0,0.0,5.5,7.4,16.526138597475633,34.56829701823294
3302,30.7,27.67599868774414,85.0,0.0,3.4,6.2,25.63110784699181,48.64177549289427
3303,27.3,27.67599868774414,85.0,0.0,7.6,8.2,15.786768913308947,38.350738239316264
3304,16.7,27.67599868774414,85.0,0.0,6.3,7.5,26.684319638429667,35.379023746900764
3305,31.1,27.67599868774414,85.0,0.0,7.8,6.1,22.731949766849045,47.01236483679433
3306,21.1,27.67599868774414,85.0,0.0,5.5,8.4,21.732705218505988,36.31289365295419
3307,39.9,27.67599868774414,85.0,0.0,2.1,7.8,19.89310642975852,53.82517450083096
3308,22.7,27.67599868774414,85.0,0.0,7.4,6.1,25.737011879712338,40.715908315798636
3309,21.9,27.67599868774414,85.0,0.0,7.6,6.6,11.212409215370624,29.748686450759436
3310,34.0,27.67599868774414,85.0,0.0,2.2,7.2,19.391666057926756,47.57416624054873
3311,20.2,27.67599868774414,85.0,0.0,4.0,7.9,29.49855031460778,40.848985220225444
3312,30.7,27.67599868774414,85.0,0.0,4.7,6.8,8.467372866990537,36.627161006893374
3313,33.7,27.67599868774414,85.0,0.0,2.8,7.8,14.096374806786706,43.567462364750696
3314,37.7,27.67599868774414,85.0,0.0,7.3,8.3,13.11095409112436,46.87766786378705
3315,19.9,27.67599868774414,85.0,0.0,3.3,7.7,15.962708554716707,31.073895988301693
3316,36.3,27.67599868774414,85.0,0.0,4.5,6.5,9.129143077703954,42.69040015439276
3317,19.0,27.67599868774414,85.0,0.0,2.1,6.4,17.009445274520772,30.90661169216454
3318,21.9,27.67599868774414,85.0,0.0,4.1,8.4,10.654954752007516,29.35846832640526
3319,39.3,27.67599868774414,85.0,0.0,4.3,6.9,7.120988448063136,44.284691913644195
3320,29.6,27.67599868774414,85.0,0.0,3.7,6.7,14.333935101861629,39.63375457130314
3321,23.5,27.67599868774414,85.0,0.0,2.5,6.1,5.388682637570362,27.272077846299254
3322,30.5,27.67599868774414,85.0,0.0,3.7,7.5,21.14828358790635,45.303798511534445
3323,25.1,27.67599868774414,85.0,0.0,6.5,7.8,13.332956307326233,34.433069415128365
3324,17.8,27.67599868774414,85.0,0.0,5.4,6.7,10.445254150201357,25.11167790514095
3325,35.2,27.67599868774414,85.0,0.0,6.9,8.2,10.469483789153525,42.52863865240747
3326,34.2,27.67599868774414,85.0,0.0,3.7,7.1,14.524309931442703,44.36701695200989
3327,31.9,27.67599868774414,85.0,0.0,3.9,6.4,27.548872362661122,51.18421065386278
3328,39.8,27.67599868774414,85.0,0.0,2.8,6.5,6.3572259458112415,44.250058162067866
3329,15.7,27.67599868774414,85.0,0.0,3.9,7.8,19.89771563413873,29.628400943897113
3330,27.0,27.67599868774414,85.0,0.0,7.7,7.4,20.46264626094804,41.32385238266363
3331,23.4,27.67599868774414,85.0,0.0,4.7,8.0,5.392085626102001,27.174459938271397
3332,33.5,27.67599868774414,85.0,0.0,3.2,7.7,21.897383925276564,48.828168747693596
3333,23.7,27.67599868774414,85.0,0.0,2.5,8.3,19.251815199980435,37.1762706399863
3334,31.4,27.67599868774414,85.0,0.0,4.4,6.1,20.95079365458743,46.0655555582112
3335,33.1,27.67599868774414,85.0,0.0,2.1,8.2,24.26684874799293,50.086794123595055
3336,25.6,27.67599868774414,85.0,0.0,3.6,7.4,24.33037367385434,42.63126157169803
3337,34.6,27.67599868774414,85.0,0.0,7.5,6.5,10.236333840608362,41.76543368842585
3338,20.4,27.67599868774414,85.0,0.0,2.4,6.2,22.76908282782167,36.33835797947516
3339,19.1,27.67599868774414,85.0,0.0,2.0,7.6,22.746948512165016,35.022863958515515
3340,22.5,27.67599868774414,85.0,0.0,2.9,6.2,9.059648658232017,28.841754060762412
3341,19.0,27.67599868774414,85.0,0.0,6.1,7.3,11.160973837270681,26.812681686089476
3342,32.2,27.67599868774414,85.0,0.0,4.3,6.3,8.968437734494664,38.47790641414627
3343,23.1,27.67599868774414,85.0,0.0,4.2,7.3,23.605218818793773,39.623653173155645
3344,22.5,27.67599868774414,85.0,0.0,4.2,6.4,19.420106810169912,36.09407476711894
3345,25.3,27.67599868774414,85.0,0.0,3.0,6.6,25.61250246215522,43.22875172350865
3346,38.4,27.67599868774414,85.0,0.0,6.1,6.9,22.50250672783992,54.15175470948794
3347,19.6,27.67599868774414,85.0,0.0,6.9,6.9,24.70713415616554,36.89499390931588
3348,32.2,27.67599868774414,85.0,0.0,5.9,8.0,10.240964333711082,39.36867503359776
3349,33.8,27.67599868774414,85.0,0.0,6.3,6.0,18.196475913910206,46.53753313973714
3350,30.4,27.67599868774414,85.0,0.0,3.0,7.6,14.613436356009139,40.629405449206395
3351,16.4,27.67599868774414,85.0,0.0,7.5,6.6,6.485984103056223,20.940188872139355
3352,20.2,27.67599868774414,85.0,0.0,3.6,7.7,25.666756556479505,38.16672958953565
3353,15.7,27.67599868774414,85.0,0.0,4.4,8.3,5.637963001022373,19.64657410071566
3354,21.8,27.67599868774414,85.0,0.0,5.8,6.7,6.795754338820899,26.55702803717463
3355,32.6,27.67599868774414,85.0,0.0,2.4,8.5,19.494542156990864,46.24617950989361
3356,29.9,27.67599868774414,85.0,0.0,7.0,6.3,27.189305069123865,48.9325135483867
3357,23.9,27.67599868774414,85.0,0.0,5.8,7.9,17.294666248608518,36.00626637402596
3358,33.8,27.67599868774414,85.0,0.0,5.1,7.2,11.64274828824715,41.949923801773004
3359,23.0,27.67599868774414,85.0,0.0,6.7,6.8,13.706384060195834,32.59446884213708
3360,18.8,29.575998306274418,76.0,0.0,2.4,7.8,18.97020654916357,32.0791445844145
3361,19.6,29.575998306274418,76.0,0.0,2.2,7.8,12.33143076453069,28.232001535171484
3362,39.6,29.575998306274418,76.0,0.0,4.7,7.1,5.5040129985768385,43.45280909900379
3363,18.9,29.575998306274418,76.0,0.0,2.3,7.4,14.172208640528828,28.820546048370176
3364,36.8,29.575998306274418,76.0,0.0,4.5,7.6,12.028075440025628,45.21965280801793
3365,18.1,29.575998306274418,76.0,0.0,3.5,7.5,18.366490387271874,30.95654327109031
3366,28.5,29.575998306274418,76.0,0.0,4.5,8.4,24.8286318236671,45.88004227656697
3367,37.1,29.575998306274418,76.0,0.0,3.1,7.2,21.142800826912524,51.899960578838765
3368,18.7,29.575998306274418,76.0,0.0,4.8,6.6,23.99572878825437,35.497010151778056
3369,29.9,29.575998306274418,76.0,0.0,2.7,7.1,11.416638426737357,37.89164689871615
3370,28.5,29.575998306274418,76.0,0.0,7.9,7.9,5.650174196610437,32.455121937627304
3371,36.4,29.575998306274418,76.0,0.0,5.1,7.4,20.117988211128157,50.482591747789705
3372,22.3,29.575998306274418,76.0,0.0,2.5,6.0,20.785110739493348,36.84957751764534
3373,17.9,29.575998306274418,76.0,0.0,7.5,7.1,26.641121097646455,36.54878476835252
3374,26.6,29.575998306274418,76.0,0.0,7.6,8.3,25.754248580063834,44.62797400604468
3375,18.9,29.575998306274418,76.0,0.0,3.1,6.6,14.125530569272533,28.787871398490772
3376,24.0,29.575998306274418,76.0,0.0,4.9,8.0,16.396728125120074,35.47770968758405
3377,31.9,29.575998306274418,76.0,0.0,4.0,7.1,29.299036509508944,52.409325556656256
3378,36.9,29.575998306274418,76.0,0.0,5.2,8.0,10.47890256969815,44.2352317987887
3379,32.5,29.575998306274418,76.0,0.0,3.9,8.1,24.98314301589511,49.988200111126574
3380,17.8,29.575998306274418,76.0,0.0,6.9,6.2,10.141453953694747,24.899017767586322
3381,22.3,29.575998306274418,76.0,0.0,2.9,6.9,11.4436840379438,30.31057882656066
3382,26.0,29.575998306274418,76.0,0.0,4.3,7.2,23.783224660040755,42.64825726202852
3383,21.4,29.575998306274418,76.0,0.0,6.0,6.5,23.62224387751606,37.93557071426124
3384,22.1,29.575998306274418,76.0,0.0,5.7,7.9,18.877678534954246,35.314374974467974
3385,22.3,29.575998306274418,76.0,0.0,6.3,6.5,15.383910607797342,33.06873742545814
3386,33.4,29.575998306274418,76.0,0.0,4.2,6.1,23.89141011056717,50.12398707739702
3387,30.7,29.575998306274418,76.0,0.0,4.4,8.4,25.608048220059494,48.625633754041644
3388,19.5,29.575998306274418,76.0,0.0,6.9,6.0,12.60413795321568,28.322896567250975
3389,33.3,29.575998306274418,76.0,0.0,4.8,7.1,5.759041406863367,37.33132898480435
3390,25.8,29.575998306274418,76.0,0.0,2.2,7.6,13.918473299788765,35.542931309852136
3391,20.9,29.575998306274418,76.0,0.0,5.7,8.1,14.691850575023105,31.18429540251617
3392,34.8,29.575998306274418,76.0,0.0,2.6,8.5,15.378523702353684,45.564966591647575
3393,16.7,29.575998306274418,76.0,0.0,5.4,6.8,8.545233913215807,22.681663739251064
3394,36.0,29.575998306274418,76.0,0.0,2.9,8.5,28.958853401107625,56.271197380775334
3395,25.8,29.575998306274418,76.0,0.0,6.8,7.4,13.264158700035498,35.084911090024846
3396,36.1,29.575998306274418,76.0,0.0,7.4,6.9,27.10051134180838,55.07035793926587
3397,23.1,29.575998306274418,76.0,0.0,2.6,7.9,25.65728197530704,41.06009738271493
3398,19.1,29.575998306274418,76.0,0.0,4.8,7.1,23.119196843828476,35.28343779067993
3399,21.3,29.575998306274418,76.0,0.0,3.6,6.9,14.625622127132635,31.537935488992844
3400,39.2,29.575998306274418,76.0,0.0,4.9,6.7,27.40856721134341,58.38599704794039
3401,29.3,29.575998306274418,76.0,0.0,7.3,7.0,15.26939763624608,39.988578345372254
3402,33.9,29.575998306274418,76.0,0.0,7.9,7.4,22.545930668322363,49.68215146782565
3403,31.7,29.575998306274418,76.0,0.0,3.6,6.8,25.24370632726039,49.370594429082274
3404,16.1,29.575998306274418,76.0,0.0,4.6,8.4,5.099674650027956,19.66977225501957
3405,34.8,29.575998306274418,76.0,0.0,3.1,6.5,20.14560315831949,48.90192221082364
3406,30.0,29.575998306274418,76.0,0.0,7.4,6.9,11.26340806394941,37.884385644764585
3407,23.8,29.575998306274418,76.0,0.0,6.1,8.1,18.55762294812171,36.790336063685196
3408,38.5,29.575998306274418,76.0,0.0,4.1,6.4,19.30783092757482,52.01548164930237
3409,23.9,29.575998306274418,76.0,0.0,6.2,6.4,5.593185880486721,27.815230116340704
3410,37.3,29.575998306274418,76.0,0.0,5.0,7.8,28.080436084781798,56.95630525934725
3411,18.0,29.575998306274418,76.0,0.0,2.3,8.3,17.148535084029707,30.003974558820794
3412,33.0,29.575998306274418,76.0,0.0,6.2,7.0,13.625638026466401,42.537946618526476
3413,27.9,29.575998306274418,76.0,0.0,3.0,6.5,15.984924993854358,39.08944749569805
3414,36.0,29.575998306274418,76.0,0.0,3.2,6.2,17.05743207571382,47.94020245299967
3415,40.0,29.575998306274418,76.0,0.0,7.9,8.1,27.39289886919577,59.17502920843704
3416,18.3,29.575998306274418,76.0,0.0,3.5,6.3,14.317225341017107,28.322057738711976
3417,15.3,29.575998306274418,76.0,0.0,6.1,7.3,8.770396677318189,21.43927767412273
3418,25.1,29.575998306274418,76.0,0.0,4.9,7.7,9.059007084386964,31.441304959070877
3419,17.4,29.575998306274418,76.0,0.0,5.5,6.6,7.761183038197615,22.832828126738328
3420,39.8,31.375999450683594,67.0,0.0,7.0,6.8,16.92413009569244,51.64689106698471
3421,38.4,31.375999450683594,67.0,0.0,5.2,6.9,5.613283905153167,42.32929873360722
3422,27.1,31.375999450683594,67.0,0.0,6.7,6.5,15.667459766752579,38.0672218367268
3423,23.9,31.375999450683594,67.0,0.0,5.2,7.0,10.944567456120236,31.561197219284164
3424,35.7,31.375999450683594,67.0,0.0,7.2,6.2,11.5561281742865,43.789289722000554
3425,24.4,31.375999450683594,67.0,0.0,7.2,6.1,22.6319355756075,40.24235490292525
3426,17.7,31.375999450683594,67.0,0.0,3.1,6.7,21.725866726417415,32.90810670849219
3427,28.0,31.375999450683594,67.0,0.0,2.1,6.8,22.404170766310056,43.68291953641704
3428,20.8,31.375999450683594,67.0,0.0,4.1,8.4,18.061148720889882,33.442804104622915
3429,21.0,31.375999450683594,67.0,0.0,5.4,6.6,24.386937357409327,38.07085615018653
3430,27.7,31.375999450683594,67.0,0.0,2.7,8.1,23.534274936823223,44.17399245577626
3431,32.2,31.375999450683594,67.0,0.0,4.8,6.3,18.601941831950114,45.221359282365086
3432,29.9,31.375999450683594,67.0,0.0,6.0,6.4,11.293622001431412,37.80553540100199
3433,38.7,31.375999450683594,67.0,0.0,4.7,7.6,28.20361511804495,58.44253058263146
3434,34.3,31.375999450683594,67.0,0.0,7.8,6.9,8.577275069030241,40.304092548321165
3435,37.3,31.375999450683594,67.0,0.0,2.7,7.6,17.370630379194345,49.45944126543604
3436,35.7,31.375999450683594,67.0,0.0,5.9,6.9,13.552306009742633,45.18661420681985
3437,33.7,31.375999450683594,67.0,0.0,5.2,8.1,9.418684343554656,40.29307904048826
3438,34.2,31.375999450683594,67.0,0.0,7.5,8.1,26.01690095039404,52.41183066527583
3439,23.7,31.375999450683594,67.0,0.0,4.7,7.4,6.331108799993014,28.13177615999511
3440,20.7,31.375999450683594,67.0,0.0,7.4,6.0,21.082988139415885,35.458091697591115
3441,29.9,31.375999450683594,67.0,0.0,3.5,7.6,6.24836046458495,34.27385232520946
3442,15.8,31.375999450683594,67.0,0.0,6.4,6.8,27.361295024097455,34.95290651686822
3443,22.3,31.375999450683594,67.0,0.0,4.4,6.6,23.024643858342102,38.417250700839475
3444,29.3,31.375999450683594,67.0,0.0,4.1,6.1,16.54260148938822,40.87982104257175
3445,29.4,31.375999450683594,67.0,0.0,6.3,6.8,10.321032930317335,36.624723051222134
3446,23.8,31.375999450683594,67.0,0.0,6.5,8.4,19.492159682514767,37.44451177776034
3447,34.2,31.375999450683594,67.0,0.0,3.5,6.8,6.296633410780165,38.60764338754612
3448,20.3,31.375999450683594,67.0,0.0,4.8,8.4,25.481674838991648,38.13717238729416
3449,17.6,31.375999450683594,67.0,0.0,5.3,7.5,11.30633514625624,25.514434602379367
3450,16.8,31.375999450683594,67.0,0.0,4.7,7.0,28.636980101938644,36.84588607135705
3451,18.6,31.375999450683594,67.0,0.0,5.4,6.5,19.90894052027528,32.5362583641927
3452,22.3,31.375999450683594,67.0,0.0,4.4,6.2,5.763579382979662,26.334505568085763
3453,39.4,31.375999450683594,67.0,0.0,6.2,6.6,7.4915735473998755,44.64410148317991
3454,39.6,31.375999450683594,67.0,0.0,5.8,7.9,12.910092114555127,48.63706448018859
3455,33.8,31.375999450683594,67.0,0.0,6.0,8.1,7.20315637822463,38.84220946475724
3456,30.5,31.375999450683594,67.0,0.0,4.8,6.9,18.553621646367752,43.487535152457426
3457,21.5,31.375999450683594,67.0,0.0,5.2,6.9,12.655994098027616,30.35919586861933
3458,29.0,31.375999450683594,67.0,0.0,2.3,7.3,7.365246873023718,34.1556728111166
3459,21.3,31.375999450683594,67.0,0.0,7.3,8.0,21.224896772691327,36.15742774088393
3460,28.9,31.375999450683594,67.0,0.0,4.9,7.9,11.901895909104763,37.23132713637333
3461,32.8,31.375999450683594,67.0,0.0,5.9,6.6,16.712461583668443,44.49872310856791
3462,16.5,31.375999450683594,67.0,0.0,5.2,7.2,9.671304053323375,23.269912837326363
3463,29.3,31.375999450683594,67.0,0.0,4.2,6.3,9.997554960534558,36.29828847237419
3464,33.1,31.375999450683594,67.0,0.0,6.6,6.7,27.398250826930553,52.27877557885139
3465,17.9,31.375999450683594,67.0,0.0,7.2,7.7,7.323500464545544,23.02645032518188
3466,24.4,31.375999450683594,67.0,0.0,6.9,7.0,26.908200242543334,43.23574016978033
3467,35.6,31.375999450683594,67.0,0.0,7.9,7.3,12.796134934794457,44.557294454356125
3468,31.3,31.375999450683594,67.0,0.0,7.2,7.3,14.44159392493497,41.40911574745448
3469,32.0,31.375999450683594,67.0,0.0,6.8,6.4,16.31538542749013,43.42076979924309
3470,33.3,31.375999450683594,67.0,0.0,3.0,8.4,29.24985434769726,53.77489804338808
3471,34.1,31.375999450683594,67.0,0.0,2.8,8.0,24.32070465635549,51.12449325944884
3472,31.2,31.375999450683594,67.0,0.0,4.0,8.3,13.2432955078034,40.470306855462375
3473,30.3,31.375999450683594,67.0,0.0,3.3,6.6,23.848308172887876,46.99381572102151
3474,31.9,31.375999450683594,67.0,0.0,2.6,7.3,7.12833332629157,36.889833328404094
3475,19.3,31.375999450683594,67.0,0.0,5.6,6.2,9.262326456513762,25.783628519559635
3476,34.1,31.375999450683594,67.0,0.0,2.1,6.7,16.199315177938256,45.43952062455678
3477,18.0,31.375999450683594,67.0,0.0,7.6,8.3,15.46755844582378,28.827290912076645
3478,15.4,31.375999450683594,67.0,0.0,2.3,7.8,13.322371666233447,24.72566016636341
3479,23.2,31.375999450683594,67.0,0.0,3.2,6.8,14.480479542033915,33.33633567942374
3480,23.3,32.926002502441406,59.0,0.0,3.8,6.9,18.903432284650783,36.53240259925555
3481,33.6,32.926002502441406,59.0,0.0,7.3,6.1,15.05032763632153,44.135229345425074
3482,16.1,32.926002502441406,59.0,0.0,3.0,8.3,19.260740734463944,29.58251851412476
3483,36.0,32.926002502441406,59.0,0.0,2.8,6.1,17.3514621742059,48.14602352194413
3484,18.6,32.926002502441406,59.0,0.0,2.2,8.3,8.7409185118877,24.718642958321393
3485,32.7,32.926002502441406,59.0,0.0,7.6,6.5,5.870511903528826,36.80935833247018
3486,29.3,32.926002502441406,59.0,0.0,5.7,8.4,10.434353986512026,36.60404779055842
3487,35.1,32.926002502441406,59.0,0.0,4.6,7.1,17.04030057248607,47.02821040074025
3488,33.2,32.926002502441406,59.0,0.0,6.8,6.1,27.042943313899592,52.130060319729715
3489,36.3,32.926002502441406,59.0,0.0,7.7,7.1,16.49610652490866,47.84727456743606
3490,30.8,32.926002502441406,59.0,0.0,5.2,6.4,20.799016994990914,45.35931189649364
3491,39.9,32.926002502441406,59.0,0.0,4.4,6.8,11.283548770900913,47.79848413963064
3492,25.5,32.926002502441406,59.0,0.0,7.3,7.4,23.992095842605632,42.29446708982394
3493,22.4,32.926002502441406,59.0,0.0,6.4,6.2,14.809238427636776,32.766466899345744
3494,24.7,32.926002502441406,59.0,0.0,3.3,7.5,21.007071701716413,39.404950191201486
3495,18.7,32.926002502441406,59.0,0.0,8.0,8.4,7.577403085834387,24.00418216008407
3496,33.1,32.926002502441406,59.0,0.0,2.6,6.3,17.691736161326176,45.48421531292833
3497,26.1,32.926002502441406,59.0,0.0,3.0,8.1,14.387304282408667,36.171112997686066
3498,34.6,32.926002502441406,59.0,0.0,4.1,7.3,22.01516173888905,50.010613217222335
3499,28.9,32.926002502441406,59.0,0.0,2.6,7.1,6.070911299266417,33.149637909486486
3500,26.6,32.926002502441406,59.0,0.0,3.6,7.7,27.59192670237046,45.91434869165933
3501,18.3,32.926002502441406,59.0,0.0,6.9,7.1,6.749555091180142,23.0246885638261
3502,38.3,32.926002502441406,59.0,0.0,7.4,7.4,16.546916372862693,49.88284146100388
3503,17.4,32.926002502441406,59.0,0.0,5.2,8.2,29.750151673813612,38.22510617166952
3504,39.0,32.926002502441406,59.0,0.0,5.9,7.7,26.686910658542505,57.68083746097975
3505,32.9,32.926002502441406,59.0,0.0,2.9,7.3,29.45441157341672,53.5180881013917
3506,19.5,32.926002502441406,59.0,0.0,3.1,7.3,29.38413640584232,40.06889548408962
3507,33.7,32.926002502441406,59.0,0.0,5.2,8.3,9.87185276849344,40.61029693794541
3508,37.6,32.926002502441406,59.0,0.0,5.7,6.6,11.243748757850367,45.47062413049526
3509,24.3,32.926002502441406,59.0,0.0,7.4,7.4,6.277370633991562,28.694159443794092
3510,33.0,32.926002502441406,59.0,0.0,7.3,6.2,19.24310768576351,46.470175380034455
3511,36.6,32.926002502441406,59.0,0.0,5.5,6.4,9.361572121195515,43.15310048483686
3512,24.6,32.926002502441406,59.0,0.0,5.8,8.5,9.552103775450728,31.28647264281551
3513,16.8,32.926002502441406,59.0,0.0,2.6,6.2,10.199522702191139,23.9396658915338
3514,29.9,32.926002502441406,59.0,0.0,3.4,7.6,22.970725300234925,45.97950771016444
3515,35.8,32.926002502441406,59.0,0.0,3.1,7.6,25.290532750924882,53.50337292564741
3516,31.5,32.926002502441406,59.0,0.0,2.0,7.7,13.499607854878324,40.94972549841483
3517,36.8,32.926002502441406,59.0,0.0,4.2,7.3,21.94707008153644,52.16294905707551
3518,39.2,32.926002502441406,59.0,0.0,6.9,7.4,6.811327179342673,43.967929025539874
3519,20.2,32.926002502441406,59.0,0.0,4.3,7.7,20.433030851621616,34.50312159613513
3520,15.3,32.926002502441406,59.0,0.0,4.3,7.3,7.324630859918086,20.42724160194266
3521,15.9,32.926002502441406,59.0,0.0,2.6,6.9,25.911394660681612,34.03797626247713
3522,39.3,32.926002502441406,59.0,0.0,2.4,8.3,23.518021726565735,55.76261520859601
3523,27.7,32.926002502441406,59.0,0.0,5.6,7.8,15.520864585616504,38.56460520993155
3524,36.1,32.926002502441406,59.0,0.0,2.4,7.7,11.292406852839864,44.0046847969879
3525,20.0,32.926002502441406,59.0,0.0,3.1,8.3,18.145238785911644,32.70166715013815
3526,25.0,32.926002502441406,59.0,0.0,2.4,6.6,28.298631697400754,44.80904218818053
3527,15.2,32.926002502441406,59.0,0.0,5.6,7.1,28.36946148262273,35.05862303783591
3528,17.3,32.926002502441406,59.0,0.0,2.9,8.2,15.59549992502317,28.216849947516216
3529,15.1,32.926002502441406,59.0,0.0,3.0,6.8,27.386160514688363,34.27031236028185
3530,26.8,32.926002502441406,59.0,0.0,7.2,6.3,20.778088506530416,41.34466195457129
3531,36.8,32.926002502441406,59.0,0.0,6.2,6.9,7.13703366042462,41.79592356229723
3532,29.4,32.926002502441406,59.0,0.0,6.6,6.5,16.583864928316288,41.0087054498214
3533,27.4,32.926002502441406,59.0,0.0,5.4,6.3,16.738139266878104,39.11669748681467
3534,30.5,32.926002502441406,59.0,0.0,4.9,7.3,13.579845073866139,40.0058915517063
3535,25.3,32.926002502441406,59.0,0.0,5.6,6.3,15.908962602166774,36.43627382151674
3536,28.5,32.926002502441406,59.0,0.0,7.2,7.8,6.353251284413112,32.94727589908918
3537,22.6,32.926002502441406,59.0,0.0,4.3,7.8,14.543697108907423,32.780587976235196
3538,33.9,32.926002502441406,59.0,0.0,6.5,7.5,19.648275316826705,47.65379272177869
3539,31.6,32.926002502441406,59.0,0.0,2.1,8.0,28.099014666790776,51.26931026675354
3540,37.2,34.426002502441406,52.0,0.0,5.0,7.3,20.7942740813644,51.75599185695508
3541,27.9,34.426002502441406,52.0,0.0,7.0,6.0,28.890223235262685,48.12315626468388
3542,30.0,34.426002502441406,52.0,0.0,5.8,8.0,25.67991388467517,47.97593971927262
3543,25.6,34.426002502441406,52.0,0.0,2.4,8.0,19.19869917350282,39.039089421451976
3544,16.8,34.426002502441406,52.0,0.0,3.4,6.4,18.19877065418259,29.53913945792781
3545,27.3,34.426002502441406,52.0,0.0,6.7,7.0,21.444232244180753,42.31096257092653
3546,38.6,34.426002502441406,52.0,0.0,7.8,7.7,29.782904958799946,59.44803347115996
3547,29.6,34.426002502441406,52.0,0.0,5.0,7.4,27.8796225058389,49.115735754087225
3548,28.0,34.426002502441406,52.0,0.0,5.1,6.1,18.5922756989521,41.01459298926647
3549,19.0,34.426002502441406,52.0,0.0,4.7,6.5,22.73012006981174,34.91108404886822
3550,19.8,34.426002502441406,52.0,0.0,5.0,6.7,19.304969363903414,33.31347855473239
3551,39.3,34.426002502441406,52.0,0.0,3.1,7.2,18.404213685451985,52.18294957981639
3552,29.5,34.426002502441406,52.0,0.0,5.1,6.9,25.776868426647987,47.54380789865359
3553,21.6,34.426002502441406,52.0,0.0,4.8,7.2,13.08040520626688,30.75628364438682
3554,26.1,34.426002502441406,52.0,0.0,4.2,6.1,8.556750606947983,32.08972542486359
3555,16.1,34.426002502441406,52.0,0.0,7.8,6.9,27.489666481091742,35.342766536764216
3556,37.8,34.426002502441406,52.0,0.0,3.9,8.2,22.774646918147997,53.74225284270359
3557,35.2,34.426002502441406,52.0,0.0,3.4,6.0,27.994321831831343,54.796025282281946
3558,24.0,34.426002502441406,52.0,0.0,4.9,6.8,27.455226115661755,43.218658280963226
3559,22.3,34.426002502441406,52.0,0.0,6.9,8.3,16.19257426782124,33.634801987474866
3560,30.0,34.426002502441406,52.0,0.0,5.2,8.4,20.091404288113075,44.06398300167915
3561,37.0,34.426002502441406,52.0,0.0,4.7,7.2,19.4011021613544,50.58077151294808
3562,31.4,34.426002502441406,52.0,0.0,7.9,7.4,14.572726093248813,41.60090826527417
3563,21.2,34.426002502441406,52.0,0.0,4.6,8.1,6.575843516513833,25.803090461559684
3564,17.2,34.426002502441406,52.0,0.0,3.4,7.5,9.237256776358553,23.666079743450986
3565,29.7,34.426002502441406,52.0,0.0,4.5,8.1,8.787481400782614,35.85123698054783
3566,26.2,34.426002502441406,52.0,0.0,5.8,8.4,27.48681806002001,45.440772642014004
3567,16.4,34.426002502441406,52.0,0.0,5.0,7.3,28.83847995857508,36.58693597100255
3568,16.7,34.426002502441406,52.0,0.0,2.4,7.2,24.102697730648448,33.57188841145391
3569,32.9,34.426002502441406,52.0,0.0,4.4,7.4,10.802906332703824,40.46203443289267
3570,36.8,34.426002502441406,52.0,0.0,6.4,7.0,20.845937538385137,51.39215627686959
3571,30.1,34.426002502441406,52.0,0.0,7.9,6.6,10.6103462104872,37.527242347341044
3572,27.7,34.426002502441406,52.0,0.0,5.1,7.4,25.530287730401085,45.571201411280754
3573,39.9,34.426002502441406,52.0,0.0,6.7,6.7,13.226806190175049,49.158764333122534
3574,17.1,34.426002502441406,52.0,0.0,2.7,6.7,5.108965305572231,20.676275713900562
3575,37.1,34.426002502441406,52.0,0.0,3.7,6.4,5.9094891922583335,41.23664243458084
3576,20.5,34.426002502441406,52.0,0.0,6.8,8.5,14.660268018810536,30.762187613167374
3577,39.0,34.426002502441406,52.0,0.0,7.9,6.8,16.142102087185,50.2994714610295
3578,30.3,34.426002502441406,52.0,0.0,4.1,6.7,5.854356757966718,34.3980497305767
3579,25.9,34.426002502441406,52.0,0.0,7.2,6.9,11.25378256655386,33.7776477965877
3580,17.7,34.426002502441406,52.0,0.0,4.2,7.8,14.167101488166066,27.616971041716248
3581,38.8,34.426002502441406,52.0,0.0,3.4,8.4,25.015743500957726,56.311020450670405
3582,17.9,34.426002502441406,52.0,0.0,3.7,7.1,12.8917412326717,26.924218862870188
3583,15.2,34.426002502441406,52.0,0.0,4.7,7.3,16.012045551180492,26.408431885826342
3584,31.8,34.426002502441406,52.0,0.0,3.6,7.6,23.762305044086773,48.43361353086074
3585,39.9,34.426002502441406,52.0,0.0,2.2,7.3,28.320741711859387,59.724519198301564
3586,30.3,34.426002502441406,52.0,0.0,7.5,6.4,7.086658115269824,35.26066068068888
3587,27.3,34.426002502441406,52.0,0.0,4.5,7.8,17.099507927978507,39.269655549584954
3588,23.2,34.426002502441406,52.0,0.0,3.2,8.0,21.64546757618545,38.35182730332981
3589,28.3,34.426002502441406,52.0,0.0,6.3,7.1,19.90430212548914,42.2330114878424
3590,24.8,34.426002502441406,52.0,0.0,7.5,6.7,16.1331134632545,36.09317942427815
3591,37.8,34.426002502441406,52.0,0.0,7.1,6.6,7.7167368920782975,43.20171582445481
3592,37.6,34.426002502441406,52.0,0.0,2.8,7.8,29.756122858392853,58.429286000874995
3593,27.0,34.426002502441406,52.0,0.0,2.1,6.0,18.57536974258099,40.002758819806694
3594,17.8,34.426002502441406,52.0,0.0,3.6,8.1,29.097586381299205,38.168310466909446
3595,27.3,34.426002502441406,52.0,0.0,6.2,7.7,6.9582369385329175,32.17076585697304
3596,28.6,34.426002502441406,52.0,0.0,2.3,8.5,17.613736131134182,40.92961529179393
3597,32.3,34.426002502441406,52.0,0.0,3.2,7.7,21.36046000551177,47.25232200385823
3598,35.9,34.426002502441406,52.0,0.0,6.7,6.7,13.132130261717762,45.09249118320243
3599,31.4,34.426002502441406,52.0,0.0,4.7,7.0,10.261025667678862,38.5827179673752
3600,21.6,35.82600021362305,47.0,0.0,2.6,7.4,27.342438130597337,40.739706691418135
3601,17.7,35.82600021362305,47.0,0.0,2.6,6.6,22.270299736562844,33.28920981559399
3602,21.5,35.82600021362305,47.0,0.0,4.7,8.3,23.238352274534016,37.766846592173806
3603,35.2,35.82600021362305,47.0,0.0,4.0,8.4,8.240863244099234,40.96860427086946
3604,22.9,35.82600021362305,47.0,0.0,5.5,7.4,28.951906995573506,43.166334896901446
3605,30.8,35.82600021362305,47.0,0.0,6.3,7.2,14.621313476421436,41.034919433495006
3606,35.6,35.82600021362305,47.0,0.0,3.7,7.4,28.318762763301493,55.423133934311046
3607,34.2,35.82600021362305,47.0,0.0,3.7,6.9,5.9999196247518825,38.39994373732632
3608,31.7,35.82600021362305,47.0,0.0,7.0,6.1,26.90488191329875,50.533417339309125
3609,20.6,35.82600021362305,47.0,0.0,7.0,8.3,24.581631440758905,37.80714200853123
3610,27.0,35.82600021362305,47.0,0.0,3.0,7.6,12.521728457735483,35.76520992041484
3611,27.7,35.82600021362305,47.0,0.0,7.5,7.3,20.421724442405974,41.99520710968418
3612,20.8,35.82600021362305,47.0,0.0,6.9,8.2,21.825538795375227,36.07787715676266
3613,17.7,35.82600021362305,47.0,0.0,5.3,7.1,5.640211952703029,21.64814836689212
3614,35.1,35.82600021362305,47.0,0.0,3.2,6.8,27.467878566105497,54.32751499627385
3615,16.2,35.82600021362305,47.0,0.0,7.2,7.8,20.895331982020238,30.826732387414165
3616,32.7,35.82600021362305,47.0,0.0,6.4,7.0,24.638544407627137,49.946981085339
3617,27.0,35.82600021362305,47.0,0.0,4.2,6.1,28.537846154954654,46.97649230846825
3618,38.5,35.82600021362305,47.0,0.0,7.6,6.4,20.57706194622173,52.90394336235521
3619,15.9,35.82600021362305,47.0,0.0,2.4,7.5,9.270411349491898,22.38928794464433
3620,37.3,35.82600021362305,47.0,0.0,4.1,6.7,20.630311820680898,51.74121827447662
3621,38.2,35.82600021362305,47.0,0.0,6.1,7.3,25.902555320308835,56.33178872421618
3622,20.5,35.82600021362305,47.0,0.0,2.6,7.7,25.573365363796253,38.401355754657374
3623,27.2,35.82600021362305,47.0,0.0,6.0,7.1,20.582323456464103,41.60762641952487
3624,27.2,35.82600021362305,47.0,0.0,6.7,6.3,8.005465848149623,32.803826093704735
3625,37.1,35.82600021362305,47.0,0.0,5.1,8.4,29.51967939206726,57.76377557444708
3626,19.9,35.82600021362305,47.0,0.0,4.4,6.8,16.092732703117598,31.164912892182315
3627,31.1,35.82600021362305,47.0,0.0,5.6,7.6,24.284627983525805,48.099239588468066
3628,35.2,35.82600021362305,47.0,0.0,2.3,8.1,27.639107287650067,54.547375101355044
3629,25.2,35.82600021362305,47.0,0.0,7.4,6.5,27.381948786115288,44.3673641502807
3630,24.5,35.82600021362305,47.0,0.0,6.1,6.3,22.837284713838486,40.48609929968694
3631,37.6,35.82600021362305,47.0,0.0,7.8,7.0,22.659824608780205,53.46187722614614
3632,19.2,35.82600021362305,47.0,0.0,4.3,6.2,17.17868186470353,31.225077305292473
3633,38.9,35.82600021362305,47.0,0.0,6.6,6.6,9.786787244447368,45.75075107111316
3634,29.6,35.82600021362305,47.0,0.0,3.5,6.2,9.455692993055122,36.218985095138585
3635,29.9,35.82600021362305,47.0,0.0,6.0,7.1,17.250874548104967,41.975612183673476
3636,24.3,35.82600021362305,47.0,0.0,7.6,7.6,15.983285658409454,35.48829996088662
3637,25.3,35.82600021362305,47.0,0.0,7.4,8.3,13.404225320878203,34.68295772461474
3638,34.7,35.82600021362305,47.0,0.0,5.1,7.9,14.765062827066911,45.03554397894684
3639,15.7,35.82600021362305,47.0,0.0,5.8,6.8,15.798415274011495,26.758890691808045
3640,22.9,35.82600021362305,47.0,0.0,6.3,7.8,17.04621969044223,34.83235378330956
3641,27.9,35.82600021362305,47.0,0.0,6.3,6.8,28.81557172610721,48.07090020827504
3642,30.4,35.82600021362305,47.0,0.0,5.3,6.1,23.0084734102182,46.50593138715274
3643,29.4,35.82600021362305,47.0,0.0,3.8,8.4,9.64255512165013,36.149788585155086
3644,35.9,35.82600021362305,47.0,0.0,3.7,8.5,16.33656952741344,47.33559866918941
3645,26.3,35.82600021362305,47.0,0.0,7.1,6.8,19.316761879498316,39.82173331564882
3646,25.4,35.82600021362305,47.0,0.0,2.0,7.5,26.794925931680037,44.156448152176026
3647,34.7,35.82600021362305,47.0,0.0,5.5,7.0,9.423687484988545,41.296581239491985
3648,19.5,35.82600021362305,47.0,0.0,2.4,6.1,13.500363103726524,28.950254172608567
3649,22.8,35.82600021362305,47.0,0.0,4.5,8.4,13.760004877817781,32.43200341447245
3650,30.1,35.82600021362305,47.0,0.0,3.0,6.9,20.49061868803871,44.4434330816271
3651,20.0,35.82600021362305,47.0,0.0,7.9,8.4,10.29309519927904,27.205166639495328
3652,21.6,35.82600021362305,47.0,0.0,3.5,7.6,24.254590613783122,38.57821342964819
3653,38.0,35.82600021362305,47.0,0.0,4.0,6.5,29.95332390808114,58.9673267356568
3654,35.4,35.82600021362305,47.0,0.0,3.9,6.4,21.63040498835187,50.54128349184631
3655,38.4,35.82600021362305,47.0,0.0,2.4,6.8,21.479492684663548,53.43564487926448
3656,24.6,35.82600021362305,47.0,0.0,7.9,7.8,21.53026850753735,39.671187955276146
3657,28.6,35.82600021362305,47.0,0.0,4.1,6.2,7.235039270977799,33.66452748968446
3658,29.7,35.82600021362305,47.0,0.0,4.2,8.2,22.961094878948757,45.77276641526413
3659,37.2,35.82600021362305,47.0,0.0,7.6,7.2,17.320321018536283,49.3242247129754
3660,27.3,36.7760009765625,43.0,0.0,2.9,6.3,8.151289639596083,33.00590274771726
3661,22.4,36.7760009765625,43.0,0.0,5.6,6.1,19.52239616393271,36.0656773147529
3662,17.4,36.7760009765625,43.0,0.0,4.9,6.0,27.53331896513422,36.67332327559395
3663,39.6,36.7760009765625,43.0,0.0,3.6,8.0,7.194711904728977,44.636298333310286
3664,22.6,36.7760009765625,43.0,0.0,3.0,7.4,21.044078270597062,37.33085478941794
3665,36.6,36.7760009765625,43.0,0.0,5.0,6.9,19.622511750073624,50.335758225051535
3666,27.9,36.7760009765625,43.0,0.0,4.5,6.1,7.684557896172629,33.279190527320836
3667,28.0,36.7760009765625,43.0,0.0,5.2,8.3,22.863746974959344,44.00462288247154
3668,32.4,36.7760009765625,43.0,0.0,4.5,7.8,29.582834547911794,53.10798418353825
3669,20.8,36.7760009765625,43.0,0.0,2.9,8.4,5.1836315892526645,24.428542112476865
3670,26.3,36.7760009765625,43.0,0.0,4.0,7.8,21.984724963524382,41.68930747446707
3671,15.1,36.7760009765625,43.0,0.0,4.6,8.1,15.920105555579587,26.24407388890571
3672,25.1,36.7760009765625,43.0,0.0,2.7,8.4,7.252081701144965,30.176457190801475
3673,26.6,36.7760009765625,43.0,0.0,5.3,6.1,14.231707889579441,36.56219552270561
3674,35.3,36.7760009765625,43.0,0.0,5.8,8.0,11.795332906970241,43.556733034879166
3675,24.1,36.7760009765625,43.0,0.0,2.2,6.7,15.547971881407353,34.98358031698515
3676,18.9,36.7760009765625,43.0,0.0,2.9,8.0,10.100434286870435,25.970304000809303
3677,35.4,36.7760009765625,43.0,0.0,2.7,7.5,10.481254483524403,42.73687813846708
3678,28.4,36.7760009765625,43.0,0.0,6.8,6.3,21.81292558784976,43.66904791149483
3679,28.6,36.7760009765625,43.0,0.0,4.6,7.5,10.198475265832109,35.73893268608248
3680,18.2,36.7760009765625,43.0,0.0,4.3,8.3,6.95388219941931,23.067717539593517
3681,22.9,36.7760009765625,43.0,0.0,4.4,6.1,29.61107540625818,43.627752784380725
3682,29.2,36.7760009765625,43.0,0.0,4.4,8.2,21.12095415931489,43.98466791152042
3683,22.7,36.7760009765625,43.0,0.0,7.1,8.3,21.891457521513274,38.02402026505929
3684,25.0,36.7760009765625,43.0,0.0,6.0,8.3,24.123324056186995,41.88632683933089
3685,28.0,36.7760009765625,43.0,0.0,7.2,8.4,18.88926625165675,41.22248637615972
3686,38.8,36.7760009765625,43.0,0.0,3.8,7.3,23.58386057552336,55.308702402866345
3687,15.7,36.7760009765625,43.0,0.0,7.6,7.9,5.32285164907676,19.425996154353733
3688,38.4,36.7760009765625,43.0,0.0,5.9,7.5,10.209343434158459,45.54654040391092
3689,27.5,36.7760009765625,43.0,0.0,4.2,6.2,7.3342255182878855,32.63395786280152
3690,23.0,36.7760009765625,43.0,0.0,3.9,6.9,23.193047393456986,39.23513317541989
3691,33.9,36.7760009765625,43.0,0.0,7.3,8.0,7.174923271878859,38.9224462903152
3692,30.7,36.7760009765625,43.0,0.0,5.5,6.6,7.221353135309675,35.75494719471677
3693,25.3,36.7760009765625,43.0,0.0,7.1,8.4,24.144684067119645,42.201278846983755
3694,20.5,36.7760009765625,43.0,0.0,3.0,7.7,27.06021577715889,39.442151044011226
3695,26.1,36.7760009765625,43.0,0.0,5.6,8.5,6.68708705333259,30.780960937332814
3696,28.9,36.7760009765625,43.0,0.0,7.2,6.3,19.7992200459242,42.75945403214694
3697,33.9,36.7760009765625,43.0,0.0,2.8,7.0,6.00383261636785,38.10268283145749
3698,24.9,36.7760009765625,43.0,0.0,4.2,6.3,17.321625624728167,37.025137937309715
3699,33.5,36.7760009765625,43.0,0.0,5.4,8.3,22.928713664808825,49.55009956536618
3700,26.5,36.7760009765625,43.0,0.0,7.9,6.9,13.526221564947658,35.96835509546336
3701,29.2,36.7760009765625,43.0,0.0,3.8,7.0,19.372914840892257,42.76104038862458
3702,21.2,36.7760009765625,43.0,0.0,2.5,6.5,14.053906179673138,31.037734325771197
3703,36.5,36.7760009765625,43.0,0.0,6.6,7.8,6.419236254301884,40.99346537801132
3704,28.2,36.7760009765625,43.0,0.0,5.5,6.6,19.121404760265122,41.58498333218559
3705,24.6,36.7760009765625,43.0,0.0,5.4,6.9,12.006117476917353,33.00428223384215
3706,18.3,36.7760009765625,43.0,0.0,7.5,7.5,24.205860930321172,35.24410265122482
3707,15.2,36.7760009765625,43.0,0.0,4.4,7.2,16.43764076356573,26.70634853449601
3708,23.8,36.7760009765625,43.0,0.0,4.8,7.2,22.914655215551328,39.84025865088593
3709,28.5,36.7760009765625,43.0,0.0,2.2,8.0,10.124943126740526,35.58746018871837
3710,18.3,36.7760009765625,43.0,0.0,3.2,8.2,14.843707704169539,28.690595392918677
3711,36.6,36.7760009765625,43.0,0.0,5.1,6.7,7.757323302983555,42.03012631208849
3712,32.7,36.7760009765625,43.0,0.0,7.1,6.1,8.653457674542597,38.75742037217982
3713,25.1,36.7760009765625,43.0,0.0,5.9,7.6,25.37210268660116,42.86047188062081
3714,30.2,36.7760009765625,43.0,0.0,7.2,6.9,27.41471541635721,49.390300791450045
3715,34.6,36.7760009765625,43.0,0.0,6.8,6.7,6.514296832769535,39.16000778293868
3716,32.0,36.7760009765625,43.0,0.0,6.0,6.5,27.641580816716484,51.34910657170154
3717,26.6,36.7760009765625,43.0,0.0,7.6,7.1,12.651244543553723,35.455871180487605
3718,34.2,36.7760009765625,43.0,0.0,6.6,6.3,13.009031210510553,43.30632184735739
3719,39.0,36.7760009765625,43.0,0.0,5.9,6.8,15.252569782548795,49.676798847784156
3720,16.0,37.426002502441406,40.0,0.0,6.6,7.3,27.614438215958252,35.330106751170774
3721,16.5,37.426002502441406,40.0,0.0,7.5,6.4,19.074074613384,29.8518522293688
3722,22.0,37.426002502441406,40.0,0.0,2.8,7.8,7.289470482354519,27.102629337648164
3723,35.2,37.426002502441406,40.0,0.0,5.6,8.5,13.819727650533846,44.873809355373695
3724,30.6,37.426002502441406,40.0,0.0,5.7,6.6,14.45791790003844,40.72054253002691
3725,38.6,37.426002502441406,40.0,0.0,5.9,8.5,25.947464504782285,56.763225153347605
3726,21.0,37.426002502441406,40.0,0.0,2.8,8.4,28.762627188477246,41.13383903193407
3727,32.9,37.426002502441406,40.0,0.0,5.4,7.7,18.4545617997936,45.81819325985552
3728,31.5,37.426002502441406,40.0,0.0,2.4,7.6,16.210307547540758,42.84721528327853
3729,35.8,37.426002502441406,40.0,0.0,2.9,8.0,7.953514229369494,41.36745996055864
3730,22.6,37.426002502441406,40.0,0.0,2.4,7.1,16.876127208991527,34.41328904629407
3731,20.6,37.426002502441406,40.0,0.0,3.5,6.0,14.017573216009685,30.41230125120678
3732,28.8,37.426002502441406,40.0,0.0,2.8,6.7,8.045310030186322,34.431717021130424
3733,39.2,37.426002502441406,40.0,0.0,3.7,8.2,7.71321737661738,44.59925216363217
3734,28.0,37.426002502441406,40.0,0.0,6.6,6.2,29.164592960606356,48.415215072424445
3735,38.1,37.426002502441406,40.0,0.0,7.6,8.0,20.393752105298752,52.375626473709126
3736,38.3,37.426002502441406,40.0,0.0,6.1,8.0,23.758392724486107,54.93087490714027
3737,39.6,37.426002502441406,40.0,0.0,3.2,7.8,14.321985254734328,49.62538967831403
3738,22.3,37.426002502441406,40.0,0.0,6.9,8.1,16.19098541118066,33.63368978782646
3739,20.8,37.426002502441406,40.0,0.0,7.1,7.8,28.696593385572104,40.88761536990047
3740,37.0,37.426002502441406,40.0,0.0,7.0,7.0,25.020496933624145,54.514347853536904
3741,22.8,37.426002502441406,40.0,0.0,4.0,7.4,11.771579247620256,31.04010547333418
3742,18.8,37.426002502441406,40.0,0.0,2.6,7.9,16.915252502854795,30.640676751998356
3743,39.4,37.426002502441406,40.0,0.0,3.0,6.7,7.424545925377491,44.597182147764244
3744,33.1,37.426002502441406,40.0,0.0,4.1,7.7,17.258636748857043,45.18104572419993
3745,23.5,37.426002502441406,40.0,0.0,5.8,7.8,17.760373925007833,35.93226174750548
3746,20.9,37.426002502441406,40.0,0.0,3.8,8.5,21.05472315690405,35.638306209832834
3747,22.3,37.426002502441406,40.0,0.0,4.8,7.8,28.603859681330196,42.32270177693114
3748,18.5,37.426002502441406,40.0,0.0,7.4,6.4,23.327389975848682,34.829172983094075
3749,24.5,37.426002502441406,40.0,0.0,7.1,7.3,8.600702663955454,30.520491864768818
3750,32.3,37.426002502441406,40.0,0.0,6.2,8.3,23.813067514904933,48.969147260433445
3751,34.0,37.426002502441406,40.0,0.0,3.2,6.5,29.712198169579764,54.798538718705835
3752,27.3,37.426002502441406,40.0,0.0,7.2,7.5,8.844610612495991,33.491227428747194
3753,28.6,37.426002502441406,40.0,0.0,4.6,6.0,11.926903403134569,36.9488323821942
3754,27.2,37.426002502441406,40.0,0.0,4.8,6.7,9.43832079419065,33.80682455593345
3755,18.5,37.426002502441406,40.0,0.0,2.1,7.5,15.023611861800772,29.01652830326054
3756,37.4,37.426002502441406,40.0,0.0,5.6,6.8,29.298773723816883,57.90914160667182
3757,21.2,37.426002502441406,40.0,0.0,5.7,7.7,24.954505355269927,38.66815374868895
3758,21.1,37.426002502441406,40.0,0.0,5.5,7.8,21.299959336047348,36.00997153523314
3759,16.5,37.426002502441406,40.0,0.0,4.1,6.2,20.242415578159715,30.6696909047118
3760,39.1,37.426002502441406,40.0,0.0,6.8,7.8,12.155983054587448,47.609188138211216
3761,21.4,37.426002502441406,40.0,0.0,3.5,8.3,24.515245396688094,38.56067177768166
3762,20.1,37.426002502441406,40.0,0.0,2.2,8.2,9.17284084246731,26.520988589727118
3763,30.0,37.426002502441406,40.0,0.0,3.2,6.5,23.278533093292623,46.29497316530484
3764,18.2,37.426002502441406,40.0,0.0,7.7,8.2,12.061781712546438,26.643247198782504
3765,17.3,37.426002502441406,40.0,0.0,2.0,6.3,22.476972152561828,33.03388050679328
3766,27.5,37.426002502441406,40.0,0.0,6.0,6.3,14.238143361795728,37.46670035325701
3767,25.6,37.426002502441406,40.0,0.0,3.5,8.2,28.542477640322478,45.579734348225735
3768,22.3,37.426002502441406,40.0,0.0,3.2,8.2,25.04767632376348,39.83337342663444
3769,23.5,37.426002502441406,40.0,0.0,4.4,7.8,24.631382956919204,40.74196806984344
3770,38.1,37.426002502441406,40.0,0.0,3.6,7.6,8.559073709236463,44.09135159646553
3771,27.6,37.426002502441406,40.0,0.0,2.9,7.6,14.934019999143398,38.053813999400376
3772,23.9,37.426002502441406,40.0,0.0,4.2,7.0,9.69108590114031,30.683760130798216
3773,27.6,37.426002502441406,40.0,0.0,6.5,7.5,17.39238939669503,39.77467257768652
3774,28.0,37.426002502441406,40.0,0.0,7.5,8.0,5.365367525208482,31.755757267645937
3775,29.9,37.426002502441406,40.0,0.0,3.5,8.2,6.853472998500955,34.697431098950666
3776,33.9,37.426002502441406,40.0,0.0,6.9,8.4,16.952030605000246,45.76642142350017
3777,34.5,37.426002502441406,40.0,0.0,5.9,7.7,27.603747105665406,53.82262297396578
3778,26.9,37.426002502441406,40.0,0.0,6.8,7.6,26.044656227489487,45.131259359242634
3779,34.6,37.426002502441406,40.0,0.0,2.7,6.2,23.199092680944343,50.83936487666104
3780,36.4,37.375999450683594,38.0,0.0,3.9,6.1,5.95904249117515,40.5713297438226
3781,38.8,37.375999450683594,38.0,0.0,5.1,8.2,26.05293788812279,57.037056521685955
3782,37.2,37.375999450683594,38.0,0.0,4.0,6.2,5.197771194938312,40.83843983645682
3783,16.7,37.375999450683594,38.0,0.0,6.7,7.4,12.749948399885445,25.62496387991981
3784,24.9,37.375999450683594,38.0,0.0,7.1,8.1,11.146950168101537,32.702865117671074
3785,18.3,37.375999450683594,38.0,0.0,5.0,7.1,17.380279503478427,30.466195652434898
3786,35.7,37.375999450683594,38.0,0.0,5.2,7.5,20.719644272064205,50.203750990444945
3787,15.5,37.375999450683594,38.0,0.0,7.5,8.2,20.415408296680777,29.790785807676542
3788,29.5,37.375999450683594,38.0,0.0,5.7,8.4,21.462863384567434,44.5240043691972
3789,24.5,37.375999450683594,38.0,0.0,3.9,7.4,18.60512060914801,37.5235844264036
3790,30.4,37.375999450683594,38.0,0.0,3.7,8.3,22.620324017009054,46.23422681190634
3791,27.8,37.375999450683594,38.0,0.0,2.9,7.3,24.266035811564862,44.786225068095405
3792,26.1,37.375999450683594,38.0,0.0,5.3,7.0,16.526360245681964,37.66845217197738
3793,38.9,37.375999450683594,38.0,0.0,7.0,7.8,26.77288077591456,57.64101654314019
3794,35.0,37.375999450683594,38.0,0.0,6.0,6.4,14.68416233374663,45.278913633622636
3795,22.3,37.375999450683594,38.0,0.0,3.3,6.1,29.350783149107816,42.845548204375476
3796,32.4,37.375999450683594,38.0,0.0,4.5,7.2,14.680778867990794,42.676545207593556
3797,27.2,37.375999450683594,38.0,0.0,3.9,8.2,16.485401277637457,38.73978089434622
3798,36.9,37.375999450683594,38.0,0.0,6.9,8.3,16.655506253364184,48.558854377354926
3799,39.8,37.375999450683594,38.0,0.0,2.5,6.8,5.195830594195906,43.43708141593713
3800,32.8,37.375999450683594,38.0,0.0,3.5,8.0,29.235767163218565,53.265037014253
3801,28.8,37.375999450683594,38.0,0.0,5.0,7.6,19.673350820715548,42.57134557450088
3802,38.2,37.375999450683594,38.0,0.0,7.4,8.2,20.688718527365644,52.68210296915595
3803,17.9,37.375999450683594,38.0,0.0,6.0,6.2,19.241945446565172,31.36936181259562
3804,35.3,37.375999450683594,38.0,0.0,7.1,6.1,20.245807718298067,49.472065402808646
3805,24.1,37.375999450683594,38.0,0.0,3.6,8.5,10.955973268209755,31.76918128774683
3806,16.6,37.375999450683594,38.0,0.0,7.5,7.5,14.543025734306209,26.78011801401435
3807,37.3,37.375999450683594,38.0,0.0,7.8,7.0,22.383136374384662,52.96819546206926
3808,33.3,37.375999450683594,38.0,0.0,4.2,7.5,13.116666158898383,42.481666311228864
3809,21.5,37.375999450683594,38.0,0.0,7.0,6.3,11.388283155563037,29.471798208894125
3810,21.1,37.375999450683594,38.0,0.0,7.8,8.1,16.272596070642585,32.49081724944981
3811,22.7,37.375999450683594,38.0,0.0,5.9,7.3,29.476219276397305,43.333353493478114
3812,20.9,37.375999450683594,38.0,0.0,7.6,8.2,15.915019623351597,32.040513736346114
3813,29.9,37.375999450683594,38.0,0.0,7.7,8.2,13.751389908923986,39.52597293624679
3814,24.0,37.375999450683594,38.0,0.0,3.5,7.5,14.771653835491021,34.34015768484372
3815,34.7,37.375999450683594,38.0,0.0,7.9,8.3,25.39137613443231,52.47396329410262
3816,25.0,37.375999450683594,38.0,0.0,7.7,6.2,23.573557197703632,41.50149003839255
3817,38.5,37.375999450683594,38.0,0.0,7.9,7.6,22.559442102579737,54.29160947180581
3818,33.6,37.375999450683594,38.0,0.0,7.7,7.8,11.379863956212873,41.56590476934901
3819,21.7,37.375999450683594,38.0,0.0,5.9,7.8,23.618241915742175,38.23276934101952
3820,31.8,37.375999450683594,38.0,0.0,4.1,7.3,20.816994574931094,46.371896202451765
3821,30.7,37.375999450683594,38.0,0.0,4.8,6.4,12.67061327894741,39.569429295263184
3822,32.7,37.375999450683594,38.0,0.0,4.8,6.1,10.362168150817634,39.953517705572345
3823,20.7,37.375999450683594,38.0,0.0,6.3,6.4,26.77609720088234,39.44326804061764
3824,23.3,37.375999450683594,38.0,0.0,6.9,6.5,6.805335414472056,28.06373479013044
3825,21.4,37.375999450683594,38.0,0.0,5.3,8.2,25.55348915947733,39.28744241163413
3826,21.4,37.375999450683594,38.0,0.0,7.2,6.6,15.723245616672287,32.4062719316706
3827,38.7,37.375999450683594,38.0,0.0,6.6,7.9,9.859515783877736,45.60166104871442
3828,28.7,37.375999450683594,38.0,0.0,4.7,7.8,22.839035523627675,44.68732486653937
3829,23.0,37.375999450683594,38.0,0.0,2.7,6.7,14.598070112911778,33.218649079038244
3830,36.7,37.375999450683594,38.0,0.0,4.5,8.1,9.949085153327914,43.664359607329544
3831,25.9,37.375999450683594,38.0,0.0,6.0,7.1,23.445453983389353,42.311817788372544
3832,21.2,37.375999450683594,38.0,0.0,4.6,6.7,27.351054978543782,40.34573848498064
3833,27.9,37.375999450683594,38.0,0.0,3.0,8.2,10.596036280584185,35.31722539640893
3834,31.9,37.375999450683594,38.0,0.0,5.7,6.9,9.072983800626492,38.25108866043854
3835,21.9,37.375999450683594,38.0,0.0,4.4,6.4,26.078535951997956,40.15497516639857
3836,29.0,37.375999450683594,38.0,0.0,4.3,7.2,29.567568542358938,49.69729797965125
3837,19.8,37.375999450683594,38.0,0.0,5.3,7.4,20.405014778933733,34.083510345253615
3838,36.3,37.375999450683594,38.0,0.0,5.8,7.4,28.214860409951005,56.0504022869657
3839,39.3,37.375999450683594,38.0,0.0,5.6,6.2,28.399093025438482,59.17936511780694
3840,22.4,37.07600021362305,38.0,0.0,4.4,6.7,10.25138708189878,29.575970957329144
3841,28.2,37.07600021362305,38.0,0.0,7.1,7.0,19.052516541394986,41.53676157897649
3842,31.8,37.07600021362305,38.0,0.0,3.7,6.4,11.410575338888592,39.78740273722202
3843,33.1,37.07600021362305,38.0,0.0,3.5,6.7,21.9157555449718,48.44102888148026
3844,32.6,37.07600021362305,38.0,0.0,2.5,6.0,27.547183472128037,51.88302843048963
3845,31.3,37.07600021362305,38.0,0.0,4.5,8.1,23.840827876495048,47.98857951354653
3846,33.4,37.07600021362305,38.0,0.0,4.1,7.4,25.18887554041702,51.032212878291915
3847,19.7,37.07600021362305,38.0,0.0,5.5,7.0,18.527182747380472,32.669027923166325
3848,25.6,37.07600021362305,38.0,0.0,7.5,7.7,5.139628206377656,29.19773974446436
3849,39.8,37.07600021362305,38.0,0.0,6.7,7.3,12.351725848542312,48.446208093979614
3850,19.4,37.07600021362305,38.0,0.0,5.7,7.2,25.844108337090393,37.49087583596327
3851,36.8,37.07600021362305,38.0,0.0,2.0,7.3,10.28594382541559,44.00016067779091
3852,28.7,37.07600021362305,38.0,0.0,5.3,6.2,26.764820608793404,47.43537442615538
3853,18.9,37.07600021362305,38.0,0.0,4.7,6.4,25.563304325766886,36.79431302803682
3854,25.3,37.07600021362305,38.0,0.0,4.0,6.8,11.857761101131462,33.600432770792025
3855,24.4,37.07600021362305,38.0,0.0,6.3,6.8,7.612084751577884,29.728459326104517
3856,32.1,37.07600021362305,38.0,0.0,6.6,6.7,14.109572092377674,41.976700464664376
3857,37.4,37.07600021362305,38.0,0.0,3.5,6.7,14.247548941298039,47.373284258908626
3858,21.8,37.07600021362305,38.0,0.0,2.1,7.5,21.40513876570165,36.78359713599116
3859,28.1,37.07600021362305,38.0,0.0,6.0,7.6,15.105542250973395,38.673879575681376
3860,26.8,37.07600021362305,38.0,0.0,4.2,6.2,18.77811514137923,39.94468059896546
3861,30.3,37.07600021362305,38.0,0.0,7.3,8.2,11.779755197627269,38.54582863833909
3862,34.5,37.07600021362305,38.0,0.0,2.5,7.1,27.672548734490043,53.87078411414303
3863,26.3,37.07600021362305,38.0,0.0,6.5,7.0,7.143773121877349,31.300641185314145
3864,23.7,37.07600021362305,38.0,0.0,2.8,8.1,8.85172491330195,29.896207439311365
3865,26.9,37.07600021362305,38.0,0.0,6.9,6.3,27.512416876039683,46.158691813227776
3866,33.7,37.07600021362305,38.0,0.0,5.6,6.9,24.683269685648764,50.97828877995414
3867,15.9,37.07600021362305,38.0,0.0,4.2,7.3,23.279842572865153,32.195889801005606
3868,17.4,37.07600021362305,38.0,0.0,3.1,7.6,6.485507213267345,21.93985504928714
3869,23.9,37.07600021362305,38.0,0.0,7.0,7.5,8.642346824501361,29.949642777150952
3870,19.2,37.07600021362305,38.0,0.0,7.6,6.5,21.384063617680074,34.16884453237605
3871,16.3,37.07600021362305,38.0,0.0,5.7,7.5,16.947686510133487,28.16338055709344
3872,31.7,37.07600021362305,38.0,0.0,5.0,7.1,8.174537634152577,37.422176343906806
3873,38.6,37.07600021362305,38.0,0.0,5.9,7.2,5.384198397845525,42.36893887849187
3874,16.5,37.07600021362305,38.0,0.0,4.5,6.6,18.070615937282497,29.149431156097748
3875,34.1,37.07600021362305,38.0,0.0,5.4,7.1,27.43112933476018,53.30179053433213
3876,37.7,37.07600021362305,38.0,0.0,7.9,7.9,6.316647939451842,42.12165355761629
3877,32.0,37.07600021362305,38.0,0.0,6.7,8.5,23.35958771203622,48.35171139842535
3878,36.2,37.07600021362305,38.0,0.0,6.3,7.0,15.611631541659508,47.128142079161655
3879,34.8,37.07600021362305,38.0,0.0,5.1,8.3,27.95114142423866,54.36579899696706
3880,32.4,37.07600021362305,38.0,0.0,5.6,6.8,28.92278165847358,52.6459471609315
3881,19.6,37.07600021362305,38.0,0.0,2.5,6.5,18.38852635524713,32.471968448672996
3882,31.6,37.07600021362305,38.0,0.0,7.0,6.4,29.59424497266498,52.315971480865485
3883,27.6,37.07600021362305,38.0,0.0,3.9,7.8,17.490288897266993,39.843202228086895
3884,23.9,37.07600021362305,38.0,0.0,4.4,8.5,8.24686512568386,29.6728055879787
3885,32.7,37.07600021362305,38.0,0.0,3.7,6.2,28.623158150905454,52.73621070563382
3886,27.1,37.07600021362305,38.0,0.0,4.4,7.5,6.401793058816245,31.581255141171372
3887,25.0,37.07600021362305,38.0,0.0,3.4,6.9,17.760846058955572,37.4325922412689
3888,30.5,37.07600021362305,38.0,0.0,7.7,7.6,11.46365697816373,38.52455988471461
3889,25.0,37.07600021362305,38.0,0.0,3.1,6.6,9.869780442333706,31.908846309633596
3890,16.5,37.07600021362305,38.0,0.0,3.4,7.0,20.794650681946653,31.056255477362654
3891,37.9,37.07600021362305,38.0,0.0,7.7,7.6,15.82436881015969,48.97705816711178
3892,18.1,37.07600021362305,38.0,0.0,6.2,6.6,25.542022379213822,35.97941566544968
3893,39.7,37.07600021362305,38.0,0.0,4.4,6.6,7.103019138643248,44.672113397050275
3894,26.3,37.07600021362305,38.0,0.0,4.4,7.9,27.672191530243964,45.67053407117078
3895,36.7,37.07600021362305,38.0,0.0,2.4,7.2,5.81207468149885,40.7684522770492
3896,27.5,37.07600021362305,38.0,0.0,3.5,7.1,10.303317943333944,34.71232256033376
3897,24.4,37.07600021362305,38.0,0.0,3.6,8.0,6.80524757084162,29.16367329958913
3898,23.1,37.07600021362305,38.0,0.0,3.3,7.0,8.417427269135734,28.992199088395015
3899,24.3,37.07600021362305,38.0,0.0,2.3,6.7,14.634250629803063,34.54397544086214
3900,24.4,36.47600173950195,39.0,0.0,3.0,8.0,9.975624489831398,31.38293714288198
3901,27.7,36.47600173950195,39.0,0.0,3.4,6.4,28.200968449908405,47.44067791493588
3902,24.2,36.47600173950195,39.0,0.0,5.1,6.7,11.644909607164863,32.351436725015404
3903,37.2,36.47600173950195,39.0,0.0,2.8,8.4,15.753776226171471,48.22764335832003
3904,28.3,36.47600173950195,39.0,0.0,3.1,6.7,5.91042278393566,32.437295948754965
3905,38.9,36.47600173950195,39.0,0.0,3.2,8.2,24.12179313864549,55.78525519705184
3906,20.7,36.47600173950195,39.0,0.0,5.5,7.8,18.402811203953455,33.58196784276742
3907,24.1,36.47600173950195,39.0,0.0,3.0,6.4,9.848020718939184,30.99361450325743
3908,37.5,36.47600173950195,39.0,0.0,4.2,6.7,27.65633687056062,56.85943580939244
3909,32.2,36.47600173950195,39.0,0.0,6.6,7.6,11.316450954749069,40.12151566832435
3910,15.2,36.47600173950195,39.0,0.0,4.2,7.8,24.772219494020327,32.54055364581423
3911,22.9,36.47600173950195,39.0,0.0,5.4,8.0,22.15042322954399,38.40529626068079
3912,38.0,36.47600173950195,39.0,0.0,4.7,8.4,13.971259974423704,47.77988198209659
3913,29.7,36.47600173950195,39.0,0.0,4.8,6.5,18.38125816115322,42.566880712807254
3914,15.0,36.47600173950195,39.0,0.0,7.6,6.8,15.979818101701289,26.1858726711909
3915,33.8,36.47600173950195,39.0,0.0,7.2,6.3,16.543961912615494,45.38077333883084
3916,25.7,36.47600173950195,39.0,0.0,4.5,7.2,28.251972072493412,45.47638045074539
3917,39.2,36.47600173950195,39.0,0.0,7.6,7.9,18.471783760931373,52.13024863265196
3918,16.6,36.47600173950195,39.0,0.0,2.5,7.9,20.051576442583816,30.63610350980867
3919,31.5,36.47600173950195,39.0,0.0,4.8,6.8,17.905397442251044,44.03377820957573
3920,21.5,36.47600173950195,39.0,0.0,3.7,6.3,8.261347780252258,27.28294344617658
3921,22.3,36.47600173950195,39.0,0.0,3.3,6.1,12.645173629865399,31.15162154090578
3922,33.2,36.47600173950195,39.0,0.0,2.8,6.5,29.999702155225588,54.19979150865791
3923,32.7,36.47600173950195,39.0,0.0,8.0,6.7,16.59957850754215,44.319704955279505
3924,30.6,36.47600173950195,39.0,0.0,7.0,6.7,14.598696002264367,40.819087201585056
3925,36.8,36.47600173950195,39.0,0.0,3.6,8.2,25.727253455309175,54.80907741871641
3926,39.4,36.47600173950195,39.0,0.0,4.0,6.5,6.167990945616474,43.71759366193153
3927,24.6,36.47600173950195,39.0,0.0,7.1,7.2,22.702050399636228,40.49143527974536
3928,21.8,36.47600173950195,39.0,0.0,2.0,7.5,17.126679820017017,33.788675874011915
3929,36.2,36.47600173950195,39.0,0.0,3.7,8.0,16.94300772498721,48.06010540749105
3930,31.6,36.47600173950195,39.0,0.0,3.1,8.5,22.082318455449244,47.057622918814474
3931,28.5,36.47600173950195,39.0,0.0,6.0,8.1,23.62892491267184,45.04024743887029
3932,36.5,36.47600173950195,39.0,0.0,2.7,6.1,25.051834390787445,54.036284073551215
3933,19.0,36.47600173950195,39.0,0.0,2.1,6.2,19.493815975303114,32.64567118271218
3934,30.0,36.47600173950195,39.0,0.0,5.8,7.4,28.016711705459592,49.61169819382171
3935,26.0,36.47600173950195,39.0,0.0,3.0,8.2,13.861986281943226,35.70339039736026
3936,30.8,36.47600173950195,39.0,0.0,3.5,6.3,11.659715238060283,38.9618006666422
3937,31.8,36.47600173950195,39.0,0.0,3.5,6.3,9.01216380207343,38.1085146614514
3938,39.0,36.47600173950195,39.0,0.0,4.7,8.1,22.97304609242336,55.08113226469635
3939,21.9,36.47600173950195,39.0,0.0,3.0,7.5,10.67650356565537,29.373552495958755
3940,26.6,36.47600173950195,39.0,0.0,2.2,6.0,17.214677399993946,38.65027417999576
3941,37.8,36.47600173950195,39.0,0.0,6.4,6.6,21.764203860115614,53.034942702080926
3942,25.5,36.47600173950195,39.0,0.0,2.7,6.7,10.496868346983671,32.84780784288857
3943,37.1,36.47600173950195,39.0,0.0,3.3,7.2,14.59471674183149,47.316301719282045
3944,15.3,36.47600173950195,39.0,0.0,7.2,6.4,11.398924269008173,23.279246988305722
3945,27.6,36.47600173950195,39.0,0.0,6.3,6.9,12.606144466011239,36.424301126207865
3946,33.8,36.47600173950195,39.0,0.0,6.2,7.0,13.676323422857138,43.37342639599999
3947,29.4,36.47600173950195,39.0,0.0,4.5,7.5,28.336564746582592,49.23559532260781
3948,35.2,36.47600173950195,39.0,0.0,5.1,7.3,12.274093660575673,43.791865562402975
3949,17.4,36.47600173950195,39.0,0.0,3.1,7.2,14.7787427421483,27.745119919503807
3950,36.1,36.47600173950195,39.0,0.0,5.8,6.9,6.837963560108916,40.88657449207624
3951,18.8,36.47600173950195,39.0,0.0,3.0,6.8,15.709741968205064,29.796819377743546
3952,29.2,36.47600173950195,39.0,0.0,5.9,6.3,29.23738765554515,49.6661713588816
3953,37.4,36.47600173950195,39.0,0.0,7.1,7.9,11.468558312807833,45.42799081896548
3954,39.7,36.47600173950195,39.0,0.0,3.8,6.3,6.854249214936687,44.497974450455686
3955,22.7,36.47600173950195,39.0,0.0,7.3,7.9,13.48319096490105,32.13823367543073
3956,25.8,36.47600173950195,39.0,0.0,4.0,8.5,24.770354677100897,43.13924827397062
3957,32.9,36.47600173950195,39.0,0.0,5.9,7.1,5.822193707293434,36.9755355951054
3958,23.5,36.47600173950195,39.0,0.0,3.0,6.8,19.576625828893015,37.20363808022511
3959,18.6,36.47600173950195,39.0,0.0,6.9,8.5,20.60439070805004,33.02307349563503
3960,24.3,34.72600173950195,45.0,0.0,7.1,6.4,23.6998407809707,40.88988854667949
3961,34.9,34.72600173950195,45.0,0.0,3.0,6.6,23.02415139518294,51.01690597662805
3962,24.3,34.72600173950195,45.0,0.0,4.6,8.3,23.18407413344873,40.528851893414114
3963,36.2,34.72600173950195,45.0,0.0,3.9,6.4,14.670039471979653,46.46902763038576
3964,28.9,34.72600173950195,45.0,0.0,7.8,7.1,18.25391273764308,41.67773891635015
3965,35.4,34.72600173950195,45.0,0.0,5.9,7.8,7.52217915260572,40.665525406824
3966,19.8,34.72600173950195,45.0,0.0,7.8,6.5,21.29352463983865,34.70546724788706
3967,21.4,34.72600173950195,45.0,0.0,2.7,7.6,13.100958151632422,30.570670706142693
3968,32.7,34.72600173950195,45.0,0.0,3.4,6.6,17.443755030434566,44.9106285213042
3969,26.3,34.72600173950195,45.0,0.0,2.8,7.5,7.402776977659807,31.481943884361865
3970,29.3,34.72600173950195,45.0,0.0,4.9,8.1,10.095332366361998,36.3667326564534
3971,28.0,34.72600173950195,45.0,0.0,3.3,6.7,23.538320935383876,44.47682465476871
3972,28.4,34.72600173950195,45.0,0.0,6.2,6.5,24.29242682710452,45.40469877897316
3973,38.8,34.72600173950195,45.0,0.0,4.6,6.2,26.53326430746993,57.373285015228944
3974,31.9,34.72600173950195,45.0,0.0,2.5,7.6,20.965501964585926,46.57585137521015
3975,39.1,34.72600173950195,45.0,0.0,4.4,6.9,8.017488295914056,44.71224180713984
3976,30.3,34.72600173950195,45.0,0.0,3.8,7.3,25.893913421672885,48.42573939517102
3977,16.9,34.72600173950195,45.0,0.0,2.2,7.1,26.45634755449471,35.4194432881463
3978,39.2,34.72600173950195,45.0,0.0,3.1,7.4,5.681992171528933,43.17739452007026
3979,17.3,34.72600173950195,45.0,0.0,3.2,8.5,10.339737540751624,24.537816278526137
3980,34.1,34.72600173950195,45.0,0.0,3.0,7.5,6.776321165464589,38.843424815825216
3981,29.9,34.72600173950195,45.0,0.0,2.2,6.2,6.450417277657648,34.41529209436035
3982,27.5,34.72600173950195,45.0,0.0,6.6,8.3,27.315168520070127,46.62061796404909
3983,16.9,34.72600173950195,45.0,0.0,4.8,6.5,25.34971721972316,34.64480205380621
3984,18.5,34.72600173950195,45.0,0.0,6.4,7.5,17.869895857834063,31.008927100483845
3985,19.5,34.72600173950195,45.0,0.0,2.6,7.2,24.486252963057815,36.640377074140474
3986,27.9,34.72600173950195,45.0,0.0,2.2,6.7,9.330034265717138,34.431023986001996
3987,35.3,34.72600173950195,45.0,0.0,3.1,7.4,9.470387908417802,41.92927153589246
3988,19.5,34.72600173950195,45.0,0.0,6.3,6.1,7.468353853975714,24.727847697782998
3989,37.7,34.72600173950195,45.0,0.0,6.0,7.9,21.345322012573803,52.64172540880166
3990,27.1,34.72600173950195,45.0,0.0,2.6,6.8,6.374324664299961,31.562027265009974
3991,17.4,34.72600173950195,45.0,0.0,4.0,6.5,7.461054249049644,22.622737974334747
3992,26.2,34.72600173950195,45.0,0.0,4.1,6.3,25.819471586412416,44.27363011048869
3993,17.0,34.72600173950195,45.0,0.0,5.2,8.0,20.53691050135318,31.375837350947226
3994,22.8,34.72600173950195,45.0,0.0,7.5,7.3,8.907003594661695,29.034902516263188
3995,24.1,34.72600173950195,45.0,0.0,2.4,6.0,23.65031973033088,40.65522381123162
3996,36.1,34.72600173950195,45.0,0.0,6.1,7.9,11.831150822850399,44.38180557599528
3997,31.2,34.72600173950195,45.0,0.0,5.4,6.6,18.477631934851455,44.13434235439602
3998,18.3,34.72600173950195,45.0,0.0,2.3,7.4,12.716536365392157,27.20157545577451
3999,31.5,34.72600173950195,45.0,0.0,2.9,6.0,8.945167145366966,37.761617001756875
4000,23.3,34.72600173950195,45.0,0.0,2.9,6.3,6.578418983951188,27.904893288765834
4001,15.9,34.72600173950195,45.0,0.0,6.4,6.5,25.72937420479789,33.91056194335852
4002,26.1,34.72600173950195,45.0,0.0,7.6,7.4,19.18316160235303,39.52821312164713
4003,17.8,34.72600173950195,45.0,0.0,7.1,6.6,21.22740119886263,32.65918083920384
4004,39.3,34.72600173950195,45.0,0.0,3.6,6.0,10.013689988737365,46.309582992116155
4005,20.1,34.72600173950195,45.0,0.0,5.6,7.6,17.456692559929046,32.31968479195034
4006,27.1,34.72600173950195,45.0,0.0,2.6,6.9,24.18566424966007,44.02996497476205
4007,16.9,34.72600173950195,45.0,0.0,5.5,7.5,14.452582994947917,27.016808096463542
4008,22.3,34.72600173950195,45.0,0.0,3.5,7.7,17.057787370305512,34.24045115921386
4009,36.4,34.72600173950195,45.0,0.0,2.0,8.2,8.578859339077226,42.40520153735406
4010,22.5,34.72600173950195,45.0,0.0,2.6,6.3,28.150872488342486,42.205610741839735
4011,19.4,34.72600173950195,45.0,0.0,7.1,7.9,14.795635746216943,29.756945022351857
4012,35.4,34.72600173950195,45.0,0.0,2.7,8.3,18.89274205195332,48.62491943636732
4013,19.9,34.72600173950195,45.0,0.0,4.3,7.2,7.144871912320054,24.901410338624036
4014,35.6,34.72600173950195,45.0,0.0,2.7,8.5,9.966105740947746,42.576274018663426
4015,39.5,34.72600173950195,45.0,0.0,7.7,7.6,5.952964540223481,43.66707517815644
4016,39.8,34.72600173950195,45.0,0.0,4.3,8.2,6.610015852268662,44.42701109658806
4017,20.7,34.72600173950195,45.0,0.0,7.5,6.3,29.35489043184043,41.2484233022883
4018,39.3,34.72600173950195,45.0,0.0,6.6,6.7,19.38090339449206,52.86663237614444
4019,17.1,34.72600173950195,45.0,0.0,7.8,6.4,19.129638894915594,30.490747226440917
4020,34.7,30.825998306274418,67.0,0.0,6.9,7.4,15.237142388486347,45.36599967194044
4021,16.8,30.825998306274418,67.0,0.0,3.8,6.4,6.333991453111419,21.233794017177992
4022,25.6,30.825998306274418,67.0,0.0,4.1,6.8,12.146174029680921,34.102321820776645
4023,23.2,30.825998306274418,67.0,0.0,3.8,6.4,29.249103285899185,43.67437230012943
4024,19.1,30.825998306274418,67.0,0.0,7.5,6.6,20.123012786455433,33.1861089505188
4025,25.1,30.825998306274418,67.0,0.0,2.9,6.6,20.56077487808983,39.49254241466288
4026,27.3,30.825998306274418,67.0,0.0,6.7,7.5,29.99497846276861,48.296484923938024
4027,24.1,30.825998306274418,67.0,0.0,2.2,6.7,28.883552261174216,44.31848658282195
4028,23.9,30.825998306274418,67.0,0.0,4.3,7.2,8.631090596876717,29.9417634178137
4029,15.8,30.825998306274418,67.0,0.0,5.9,7.9,10.273694890694275,22.99158642348599
4030,26.2,30.825998306274418,67.0,0.0,3.3,6.5,15.21864049492915,36.85304834645041
4031,22.2,30.825998306274418,67.0,0.0,3.2,8.4,19.433531959856467,35.803472371899524
4032,27.1,30.825998306274418,67.0,0.0,3.7,8.4,16.913678495744673,38.93957494702127
4033,37.6,30.825998306274418,67.0,0.0,2.5,6.3,12.345041215305834,46.24152885071408
4034,38.9,30.825998306274418,67.0,0.0,5.4,7.5,7.9178684837686095,44.44250793863802
4035,37.9,30.825998306274418,67.0,0.0,2.5,6.2,14.034226443949633,47.72395851076474
4036,37.2,30.825998306274418,67.0,0.0,2.8,8.0,10.01426235680017,44.20998364976012
4037,15.5,30.825998306274418,67.0,0.0,2.4,8.3,24.089485641427668,32.362639948999366
4038,33.2,30.825998306274418,67.0,0.0,3.7,6.7,25.863545569394656,51.304481898576256
4039,37.0,30.825998306274418,67.0,0.0,5.7,7.7,20.96081573260184,51.67257101282129
4040,18.2,30.825998306274418,67.0,0.0,2.8,6.3,6.16524112638661,22.515668788470627
4041,38.1,30.825998306274418,67.0,0.0,2.3,6.2,23.743579825425268,54.72050587779769
4042,23.0,30.825998306274418,67.0,0.0,5.1,6.3,23.99453965385172,39.7961777576962
4043,37.9,30.825998306274418,67.0,0.0,2.6,7.6,28.862158557260532,58.10351099008237
4044,37.1,30.825998306274418,67.0,0.0,7.9,6.6,28.94081711513324,57.35857198059327
4045,17.2,30.825998306274418,67.0,0.0,4.5,7.9,5.73801406098615,21.216609842690303
4046,37.0,30.825998306274418,67.0,0.0,4.6,8.0,11.48248429814337,45.037739008700356
4047,15.1,30.825998306274418,67.0,0.0,4.8,6.7,18.4527646546979,28.01693525828853
4048,27.6,30.825998306274418,67.0,0.0,4.4,8.3,20.514355818009978,41.960049072606985
4049,17.4,30.825998306274418,67.0,0.0,5.2,6.6,11.031224614179978,25.121857229925983
4050,26.2,30.825998306274418,67.0,0.0,4.4,7.4,23.389818597336884,42.572873018135816
4051,35.3,30.825998306274418,67.0,0.0,7.4,7.8,23.045981085880133,51.43218676011609
4052,27.8,30.825998306274418,67.0,0.0,7.5,7.5,24.812335439723917,45.16863480780674
4053,38.0,30.825998306274418,67.0,0.0,2.6,7.3,14.844212605873876,48.39094882411171
4054,19.8,30.825998306274418,67.0,0.0,4.6,6.6,16.343027185821875,31.240119030075313
4055,27.2,30.825998306274418,67.0,0.0,4.6,7.4,24.651783164715958,44.45624821530117
4056,25.2,30.825998306274418,67.0,0.0,4.5,7.1,14.680065413963224,35.476045789774254
4057,35.0,30.825998306274418,67.0,0.0,4.4,6.7,20.9267350616202,49.64871454313414
4058,27.6,30.825998306274418,67.0,0.0,2.9,6.2,5.285201462580859,31.2996410238066
4059,19.1,30.825998306274418,67.0,0.0,4.3,8.2,9.731312396870335,25.911918677809236
4060,23.3,30.825998306274418,67.0,0.0,7.4,6.2,27.84634781262485,42.79244346883739
4061,19.7,30.825998306274418,67.0,0.0,7.0,6.1,23.05060245995499,35.83542172196849
4062,35.5,30.825998306274418,67.0,0.0,6.6,7.0,9.362921773310973,42.05404524131768
4063,24.2,30.825998306274418,67.0,0.0,4.8,7.7,15.662258629398963,35.163581040579274
4064,30.1,30.825998306274418,67.0,0.0,3.1,7.9,28.55308375317523,50.087158627222664
4065,22.9,30.825998306274418,67.0,0.0,2.4,6.9,23.91895116918402,39.643265818428816
4066,16.6,30.825998306274418,67.0,0.0,4.7,8.3,27.05521572856157,35.5386510099931
4067,17.8,30.825998306274418,67.0,0.0,6.4,6.1,29.59994992436623,38.51996494705636
4068,21.4,30.825998306274418,67.0,0.0,7.3,6.2,25.655402810356602,39.35878196724962
4069,16.0,30.825998306274418,67.0,0.0,4.5,6.5,11.12607955683185,23.788255689782297
4070,27.5,30.825998306274418,67.0,0.0,6.7,7.2,18.53622913741753,40.47536039619227
4071,35.7,30.825998306274418,67.0,0.0,2.2,6.1,12.650938828727508,44.55565718010926
4072,36.7,30.825998306274418,67.0,0.0,6.5,7.1,15.507151706240702,47.555006194368495
4073,33.1,30.825998306274418,67.0,0.0,3.9,7.9,13.75336465814453,42.727355260701174
4074,18.8,30.825998306274418,67.0,0.0,4.3,8.1,29.977423213798964,39.784196249659274
4075,36.7,30.825998306274418,67.0,0.0,3.0,6.6,23.06539270969796,52.84577489678857
4076,26.7,30.825998306274418,67.0,0.0,2.3,8.4,11.747521796869009,34.9232652578083
4077,37.0,30.825998306274418,67.0,0.0,2.5,6.3,13.668150788272374,46.56770555179066
4078,35.9,30.825998306274418,67.0,0.0,7.3,7.3,15.507815281958734,46.75547069737111
4079,27.6,30.825998306274418,67.0,0.0,4.1,6.3,28.478486183714917,47.53494032860044
4080,29.3,30.625999450683594,62.0,0.0,6.1,7.5,27.73132823098975,48.71192976169283
4081,30.9,30.625999450683594,62.0,0.0,4.7,6.4,8.363412197365761,36.75438853815603
4082,30.6,30.625999450683594,62.0,0.0,4.3,8.2,16.72164228678629,42.305149600750404
4083,22.9,30.625999450683594,62.0,0.0,2.4,8.0,24.569557256819206,40.09869007977344
4084,19.6,30.625999450683594,62.0,0.0,4.8,7.4,22.342742943126304,35.23992006018841
4085,31.4,30.625999450683594,62.0,0.0,7.6,7.0,28.502240971349025,51.351568679944315
4086,34.2,30.625999450683594,62.0,0.0,4.1,6.7,28.73242204403004,54.31269543082103
4087,36.9,30.625999450683594,62.0,0.0,6.2,6.2,26.585368662732545,55.509758063912784
4088,35.4,30.625999450683594,62.0,0.0,4.5,6.3,11.58439055976346,43.50907339183442
4089,21.4,30.625999450683594,62.0,0.0,6.5,7.0,11.14932868783819,29.20453008148673
4090,39.7,30.625999450683594,62.0,0.0,4.6,6.7,17.72876138555229,52.11013296988661
4091,17.0,30.625999450683594,62.0,0.0,6.1,6.2,17.328243076581145,29.1297701536068
4092,16.5,30.625999450683594,62.0,0.0,7.7,6.3,21.655178509263397,31.658624956484378
4093,31.2,30.625999450683594,62.0,0.0,3.0,8.1,28.95224778960388,51.46657345272271
4094,15.6,30.625999450683594,62.0,0.0,2.6,6.4,28.48242038188653,35.53769426732057
4095,39.8,30.625999450683594,62.0,0.0,6.3,8.2,27.429193794929837,59.00043565645088
4096,15.6,30.625999450683594,62.0,0.0,4.7,8.3,25.830793466006938,33.68155542620485
4097,30.3,30.625999450683594,62.0,0.0,5.9,8.4,25.81491851532038,48.37044296072426
4098,16.1,30.625999450683594,62.0,0.0,2.6,8.3,8.006531077424643,21.704571754197254
4099,30.5,30.625999450683594,62.0,0.0,2.5,7.0,13.334853029466643,39.83439712062665
4100,16.7,30.625999450683594,62.0,0.0,3.1,6.6,28.89663170505983,36.92764219354188
4101,29.6,30.625999450683594,62.0,0.0,7.0,7.5,13.718047443511475,39.20263321045803
4102,17.1,30.625999450683594,62.0,0.0,4.3,6.3,16.453274052291867,28.61729183660431
4103,36.8,30.625999450683594,62.0,0.0,7.7,7.5,15.627203038438084,47.739042126906654
4104,31.5,30.625999450683594,62.0,0.0,7.5,7.3,9.320006410386748,38.02400448727072
4105,25.4,30.625999450683594,62.0,0.0,4.2,6.7,11.408194458534242,33.38573612097397
4106,20.7,30.625999450683594,62.0,0.0,7.9,7.9,15.542131970795154,31.579492379556605
4107,25.5,30.625999450683594,62.0,0.0,5.6,6.5,27.342435051479644,44.63970453603575
4108,15.5,30.625999450683594,62.0,0.0,3.7,6.4,16.515515075664233,27.06086055296496
4109,19.6,30.625999450683594,62.0,0.0,7.3,8.0,16.94410350132226,31.460872450925585
4110,17.8,30.625999450683594,62.0,0.0,2.2,6.3,21.350776237072743,32.74554336595092
4111,21.7,30.625999450683594,62.0,0.0,3.9,6.2,8.38590485552226,27.57013339886558
4112,39.6,30.625999450683594,62.0,0.0,6.1,8.3,25.39590635849221,57.377134450944546
4113,25.1,30.625999450683594,62.0,0.0,4.0,6.7,26.08043864016566,43.356307048115966
4114,38.8,30.625999450683594,62.0,0.0,4.7,7.8,12.037928481999135,47.22654993739939
4115,23.4,30.625999450683594,62.0,0.0,6.1,6.8,16.770720192610078,35.13950413482705
4116,25.6,30.625999450683594,62.0,0.0,6.2,7.9,25.05279767620544,43.13695837334381
4117,26.5,30.625999450683594,62.0,0.0,2.4,7.2,16.39001234576469,37.97300864203528
4118,32.2,30.625999450683594,62.0,0.0,3.4,8.2,20.67750614654164,46.67425430257915
4119,18.6,30.625999450683594,62.0,0.0,6.5,7.5,8.106174230102194,24.274321961071536
4120,27.4,30.625999450683594,62.0,0.0,3.4,7.9,29.68463134211441,48.179241939480086
4121,19.8,30.625999450683594,62.0,0.0,7.8,7.7,23.910415200424175,36.53729064029692
4122,35.8,30.625999450683594,62.0,0.0,4.4,7.0,10.554043584463038,43.187830509124126
4123,28.3,30.625999450683594,62.0,0.0,5.1,7.6,7.253637654735568,33.3775463583149
4124,18.8,30.625999450683594,62.0,0.0,2.5,8.2,8.768257092522559,24.93777996476579
4125,19.1,30.625999450683594,62.0,0.0,6.0,8.4,22.617737464081298,34.93241622485691
4126,30.2,30.625999450683594,62.0,0.0,2.5,7.3,20.615831396362854,44.631081977453995
4127,24.5,30.625999450683594,62.0,0.0,7.6,7.3,14.824896103541523,34.87742727247907
4128,15.4,30.625999450683594,62.0,0.0,6.7,6.3,11.80748537838154,23.665239764867078
4129,26.6,30.625999450683594,62.0,0.0,5.3,7.8,6.743319203195901,31.320323442237132
4130,26.7,30.625999450683594,62.0,0.0,2.9,7.8,9.24918074885785,33.17442652420049
4131,20.0,30.625999450683594,62.0,0.0,6.9,6.4,17.02502998672893,31.91752099071025
4132,24.6,30.625999450683594,62.0,0.0,2.6,6.7,21.747702644716306,39.823391851301416
4133,18.2,30.625999450683594,62.0,0.0,7.7,6.1,18.964802848564723,31.475361993995307
4134,19.0,30.625999450683594,62.0,0.0,5.8,6.2,28.0504345475215,38.63530418326505
4135,31.2,30.625999450683594,62.0,0.0,2.7,6.1,11.547456093917297,39.283219265742105
4136,23.7,30.625999450683594,62.0,0.0,5.1,7.6,8.959444825321127,29.971611377724788
4137,29.7,30.625999450683594,62.0,0.0,3.9,7.9,20.38128870338565,43.96690209236995
4138,20.9,30.625999450683594,62.0,0.0,5.1,6.7,26.59129204352809,39.51390443046966
4139,39.1,30.625999450683594,62.0,0.0,5.5,7.1,5.813899699016119,43.16972978931128
4140,27.9,29.97599983215332,62.0,0.0,4.6,8.1,10.289700379064433,35.1027902653451
4141,15.3,29.97599983215332,62.0,0.0,7.7,6.5,15.096429005581287,25.8675003039069
4142,24.0,29.97599983215332,62.0,0.0,4.3,7.4,27.067668065924103,42.94736764614687
4143,30.6,29.97599983215332,62.0,0.0,3.0,8.3,6.105462367333743,34.87382365713362
4144,35.4,29.97599983215332,62.0,0.0,3.3,6.0,23.787005789691367,52.050904052783956
4145,23.7,29.97599983215332,62.0,0.0,2.9,6.6,10.942154531436167,31.359508172005317
4146,25.8,29.97599983215332,62.0,0.0,6.1,8.3,11.529031834159518,33.87032228391166
4147,34.2,29.97599983215332,62.0,0.0,5.7,6.5,22.70516474178163,50.09361531924714
4148,20.0,29.97599983215332,62.0,0.0,3.1,6.3,20.705549775917802,34.49388484314246
4149,16.2,29.97599983215332,62.0,0.0,7.7,7.1,9.882025544514203,23.11741788115994
4150,16.4,29.97599983215332,62.0,0.0,3.2,6.8,29.180715693343462,36.82650098534042
4151,26.5,29.97599983215332,62.0,0.0,4.9,8.1,24.322910387214133,43.52603727104989
4152,18.7,29.97599983215332,62.0,0.0,4.8,7.9,16.50305933734567,30.25214153614197
4153,32.9,29.97599983215332,62.0,0.0,4.7,7.0,18.783529129259463,46.048470390481626
4154,23.6,29.97599983215332,62.0,0.0,6.9,6.4,25.595872136815498,41.51711049577085
4155,23.1,29.97599983215332,62.0,0.0,4.1,6.9,9.157373624871337,29.510161537409935
4156,34.5,29.97599983215332,62.0,0.0,6.0,7.1,13.389781504775717,43.872847053343
4157,22.8,29.97599983215332,62.0,0.0,8.0,6.9,11.24238742798445,30.669671199589114
4158,22.7,29.97599983215332,62.0,0.0,4.3,8.0,26.222217991913674,41.055552594339574
4159,22.4,29.97599983215332,62.0,0.0,7.5,6.8,23.94851466617139,39.163960266319975
4160,31.5,29.97599983215332,62.0,0.0,5.1,6.3,16.263406431995804,42.88438450239706
4161,33.2,29.97599983215332,62.0,0.0,2.1,7.3,8.24037348755076,38.968261441285534
4162,15.9,29.97599983215332,62.0,0.0,5.6,6.6,16.105736883023212,27.174015818116246
4163,26.9,29.97599983215332,62.0,0.0,7.9,7.6,25.001925628398936,44.40134793987925
4164,15.6,29.97599983215332,62.0,0.0,5.4,7.8,19.04371208816044,28.930598461712307
4165,16.7,29.97599983215332,62.0,0.0,6.6,7.0,15.181586741585619,27.327110719109932
4166,17.7,29.97599983215332,62.0,0.0,3.3,7.8,25.29025851457688,35.40318096020381
4167,33.3,29.97599983215332,62.0,0.0,7.6,6.9,17.474119547262035,45.53188368308342
4168,39.2,29.97599983215332,62.0,0.0,3.3,6.8,26.074447860494107,57.45211350234588
4169,22.7,29.97599983215332,62.0,0.0,2.3,8.2,20.2540150384102,36.87781052688714
4170,26.0,29.97599983215332,62.0,0.0,4.7,7.1,23.787437706612405,42.65120639462869
4171,21.9,29.97599983215332,62.0,0.0,6.3,8.1,29.14973544920429,42.304814814443
4172,28.0,29.97599983215332,62.0,0.0,7.1,8.3,5.445296297437555,31.81170740820629
4173,25.9,29.97599983215332,62.0,0.0,3.1,8.1,25.803625069988733,43.96253754899211
4174,17.6,29.97599983215332,62.0,0.0,6.3,6.5,29.656925280125535,38.359847696087876
4175,37.2,29.97599983215332,62.0,0.0,3.0,7.2,27.78527681980918,56.64969377386643
4176,18.3,29.97599983215332,62.0,0.0,5.9,6.4,16.46678903782269,29.826752326475884
4177,25.9,29.97599983215332,62.0,0.0,3.7,6.6,5.0258423334408615,29.418089633408602
4178,24.2,29.97599983215332,62.0,0.0,2.5,6.7,24.09382834554423,41.065679841880964
4179,33.5,29.97599983215332,62.0,0.0,6.1,8.3,7.094735988784096,38.46631519214887
4180,19.3,29.97599983215332,62.0,0.0,4.7,6.4,11.43735978311056,27.306151848177393
4181,39.9,29.97599983215332,62.0,0.0,2.8,6.6,25.262480046299803,57.58373603240986
4182,16.7,29.97599983215332,62.0,0.0,2.2,7.3,25.73331021608708,34.71331715126095
4183,19.5,29.97599983215332,62.0,0.0,4.2,7.6,10.277208837771767,26.694046186440236
4184,18.0,29.97599983215332,62.0,0.0,3.6,7.0,26.766223838729328,36.73635668711053
4185,32.9,29.97599983215332,62.0,0.0,5.9,8.4,5.201692747024341,36.54118492291704
4186,38.3,29.97599983215332,62.0,0.0,5.5,7.4,8.342991115289651,44.140093780702756
4187,24.9,29.97599983215332,62.0,0.0,3.7,7.3,15.18308912156583,35.52816238509608
4188,39.9,29.97599983215332,62.0,0.0,2.7,7.3,23.36091626992051,56.252641388944355
4189,31.0,29.97599983215332,62.0,0.0,3.4,6.8,11.553333082899826,39.08733315802988
4190,29.7,29.97599983215332,62.0,0.0,3.3,8.4,29.258633412968663,50.18104338907806
4191,30.1,29.97599983215332,62.0,0.0,3.3,8.3,6.233242963045739,34.46327007413202
4192,34.2,29.97599983215332,62.0,0.0,4.7,6.4,16.066281469912855,45.446397028939
4193,26.2,29.97599983215332,62.0,0.0,5.3,6.1,13.639749243832243,35.74782447068257
4194,23.6,29.97599983215332,62.0,0.0,2.6,6.9,28.85683307925386,43.7997831554777
4195,32.9,29.97599983215332,62.0,0.0,4.5,6.6,11.893147376883064,41.22520316381814
4196,17.0,29.97599983215332,62.0,0.0,4.8,7.6,5.457449760118623,20.820214832083035
4197,25.8,29.97599983215332,62.0,0.0,5.9,7.9,22.52255143374722,41.56578600362305
4198,16.5,29.97599983215332,62.0,0.0,2.7,6.3,5.790174937968044,20.553122456577633
4199,30.0,29.97599983215332,62.0,0.0,4.3,7.3,5.3114675889036524,33.71802731223256
4200,30.1,29.325998306274418,69.0,0.0,6.8,6.7,19.454172365780686,43.71792065604648
4201,21.5,29.325998306274418,69.0,0.0,7.5,6.2,27.743389982088413,40.92037298746189
4202,15.6,29.325998306274418,69.0,0.0,5.3,6.4,5.411365352453869,19.387955746717708
4203,38.5,29.325998306274418,69.0,0.0,6.6,7.9,21.680604299381187,53.67642300956683
4204,16.2,29.325998306274418,69.0,0.0,6.9,8.0,11.900751878679579,24.530526315075704
4205,15.9,29.325998306274418,69.0,0.0,6.6,7.1,29.61197022158386,36.6283791551087
4206,22.8,29.325998306274418,69.0,0.0,4.5,7.6,16.928753033928437,34.650127123749904
4207,28.5,29.325998306274418,69.0,0.0,4.2,6.3,11.831270145362438,36.781889101753706
4208,27.1,29.325998306274418,69.0,0.0,5.4,6.2,13.090404997999437,36.263283498599606
4209,26.2,29.325998306274418,69.0,0.0,7.9,6.7,21.84204224917185,41.48942957442029
4210,18.0,29.325998306274418,69.0,0.0,6.8,6.5,27.313926498281475,37.119748548797034
4211,23.8,29.325998306274418,69.0,0.0,3.2,8.1,6.552114441510397,28.386480109057278
4212,21.9,29.325998306274418,69.0,0.0,6.0,8.4,20.810480122669823,36.46733608586887
4213,27.2,29.325998306274418,69.0,0.0,3.1,6.4,25.75191523702296,45.22634066591607
4214,31.6,29.325998306274418,69.0,0.0,5.0,8.5,26.49001995851686,50.1430139709618
4215,18.6,29.325998306274418,69.0,0.0,5.6,6.8,13.897336265925079,28.328135386147558
4216,31.1,29.325998306274418,69.0,0.0,7.8,6.3,19.770923881351198,44.93964671694584
4217,15.0,29.325998306274418,69.0,0.0,6.4,8.0,28.14684299387362,34.702790095711535
4218,26.4,29.325998306274418,69.0,0.0,3.8,6.4,5.063178230318154,29.944224761222706
4219,33.9,29.325998306274418,69.0,0.0,3.3,6.2,17.015057757677695,45.81054043037439
4220,32.4,29.325998306274418,69.0,0.0,5.6,7.0,27.61959053566236,51.73371337496365
4221,39.1,29.325998306274418,69.0,0.0,3.9,6.7,26.087807777412763,57.36146544418894
4222,32.7,29.325998306274418,69.0,0.0,6.4,6.6,25.320117229582422,50.4240820607077
4223,23.0,29.325998306274418,69.0,0.0,6.7,8.3,18.910896688633017,36.23762768204311
4224,33.2,29.325998306274418,69.0,0.0,7.5,8.4,29.969982942092837,54.178988059464984
4225,18.7,29.325998306274418,69.0,0.0,6.1,7.4,16.419151215538847,30.19340585087719
4226,38.5,29.325998306274418,69.0,0.0,7.9,6.8,11.015178887344224,46.21062522114096
4227,35.5,29.325998306274418,69.0,0.0,7.1,8.5,13.779862333576846,45.14590363350379
4228,36.4,29.325998306274418,69.0,0.0,4.9,7.8,24.260972213954126,53.38268054976788
4229,38.9,29.325998306274418,69.0,0.0,7.4,7.9,16.221634934118995,50.2551444538833
4230,35.2,29.325998306274418,69.0,0.0,7.5,7.4,13.991452234959116,44.99401656447138
4231,19.4,29.325998306274418,69.0,0.0,6.6,6.6,7.233992958972683,24.463795071280877
4232,36.2,29.325998306274418,69.0,0.0,6.5,6.0,18.254395978116968,48.97807718468188
4233,32.9,29.325998306274418,69.0,0.0,6.0,8.3,14.776977576654142,43.24388430365789
4234,17.8,29.325998306274418,69.0,0.0,5.1,8.5,21.672158929118236,32.97051125038276
4235,26.5,29.325998306274418,69.0,0.0,6.7,6.2,18.574952460427966,39.50246672229957
4236,26.8,29.325998306274418,69.0,0.0,4.0,7.6,21.02818994713589,41.51973296299512
4237,24.1,29.325998306274418,69.0,0.0,6.7,7.2,9.757497166926772,30.930248016848743
4238,26.9,29.325998306274418,69.0,0.0,6.2,7.7,24.226065293699193,43.85824570558943
4239,39.7,29.325998306274418,69.0,0.0,6.0,7.9,21.047918434476607,54.433542904133624
4240,22.8,29.325998306274418,69.0,0.0,6.5,6.4,26.164551722360557,41.11518620565239
4241,17.3,29.325998306274418,69.0,0.0,7.9,7.6,29.047331201010344,37.633131840707236
4242,22.0,29.325998306274418,69.0,0.0,6.1,8.0,23.259505296200818,38.28165370734057
4243,15.8,29.325998306274418,69.0,0.0,6.8,6.4,11.401886376807624,23.781320463765336
4244,24.2,29.325998306274418,69.0,0.0,4.0,7.0,28.29314576233898,44.00520203363729
4245,25.3,29.325998306274418,69.0,0.0,3.0,7.8,13.423518731677376,34.696463112174165
4246,20.9,29.325998306274418,69.0,0.0,7.8,7.0,21.343977402430298,35.84078418170121
4247,29.7,29.325998306274418,69.0,0.0,4.9,6.9,21.289633522360145,44.6027434656521
4248,36.5,29.325998306274418,69.0,0.0,7.9,6.9,15.716288650353514,47.50140205524746
4249,28.0,29.325998306274418,69.0,0.0,6.4,6.9,17.04622419868271,39.9323569390779
4250,18.6,29.325998306274418,69.0,0.0,3.2,6.7,26.30387007424264,37.01270905196985
4251,23.6,29.325998306274418,69.0,0.0,6.7,6.5,13.655247015922543,33.15867291114578
4252,34.3,29.325998306274418,69.0,0.0,4.1,6.4,14.642942484312886,44.55005973901902
4253,35.9,29.325998306274418,69.0,0.0,7.2,6.7,28.33242864370605,55.73270005059423
4254,36.7,29.325998306274418,69.0,0.0,2.8,7.3,21.792528182044673,51.95476972743127
4255,30.1,29.325998306274418,69.0,0.0,4.5,6.5,20.394947683039497,44.376463378127646
4256,25.1,29.325998306274418,69.0,0.0,7.9,8.1,18.685079005797448,38.17955530405821
4257,15.0,29.325998306274418,69.0,0.0,4.7,6.2,27.984937228110443,34.58945605967731
4258,15.8,29.325998306274418,69.0,0.0,2.9,8.1,24.86199918454557,33.2033994291819
4259,18.9,29.325998306274418,69.0,0.0,7.2,7.3,28.494656538091828,38.84625957666428
4260,26.7,28.92599868774414,75.0,0.0,5.1,7.9,10.60218373216783,34.12152861251748
4261,33.6,28.92599868774414,75.0,0.0,3.1,7.4,25.827873817779423,51.6795116724456
4262,37.6,28.92599868774414,75.0,0.0,2.2,7.3,7.103761311457772,42.57263291802044
4263,29.5,28.92599868774414,75.0,0.0,3.8,8.3,20.570222379658077,43.89915566576065
4264,26.5,28.92599868774414,75.0,0.0,4.4,8.3,6.378771954558388,30.965140368190873
4265,17.2,28.92599868774414,75.0,0.0,5.0,7.0,12.74084932404463,26.118594526831238
4266,28.6,28.92599868774414,75.0,0.0,2.0,8.1,18.003185079601288,41.202229555720905
4267,17.8,28.92599868774414,75.0,0.0,4.6,6.9,12.761129387840619,26.732790571488433
4268,15.0,28.92599868774414,75.0,0.0,5.5,7.1,19.168757191518196,28.418130034062735
4269,37.6,28.92599868774414,75.0,0.0,2.7,8.0,15.013385950642142,48.1093701654495
4270,33.4,28.92599868774414,75.0,0.0,5.6,7.0,11.01789957844405,41.112529704910834
4271,18.7,28.92599868774414,75.0,0.0,8.0,7.4,19.430875417422953,32.30161279219607
4272,38.4,28.92599868774414,75.0,0.0,4.3,6.3,12.23536033367059,46.96475223356941
4273,18.4,28.92599868774414,75.0,0.0,6.7,8.2,11.300830905113113,26.310581633579176
4274,27.9,28.92599868774414,75.0,0.0,7.8,6.6,28.400268495600006,47.78018794692
4275,19.7,28.92599868774414,75.0,0.0,2.8,7.1,23.8899346804314,36.42295427630198
4276,26.4,28.92599868774414,75.0,0.0,5.4,8.4,17.10462177803209,38.373235244622464
4277,36.3,28.92599868774414,75.0,0.0,5.9,8.0,24.317308071593807,53.32211565011566
4278,25.5,28.92599868774414,75.0,0.0,5.4,7.1,6.627731522931608,30.139412066052124
4279,39.7,28.92599868774414,75.0,0.0,6.0,8.1,23.502157516395865,56.15151026147711
4280,33.5,28.92599868774414,75.0,0.0,7.3,8.4,18.48807644884763,46.44165351419334
4281,33.6,28.92599868774414,75.0,0.0,3.4,7.1,23.680774907053742,50.176542434937616
4282,18.4,28.92599868774414,75.0,0.0,3.8,6.4,12.276809710039528,26.993766797027668
4283,15.2,28.92599868774414,75.0,0.0,5.3,8.1,20.777267064994952,29.744086945496463
4284,17.3,28.92599868774414,75.0,0.0,5.4,7.7,14.568971464151193,27.498280024905835
4285,36.5,28.92599868774414,75.0,0.0,7.5,7.0,21.136244788434855,51.29537135190439
4286,30.6,28.92599868774414,75.0,0.0,6.8,6.3,24.395993220380195,47.67719525426614
4287,20.5,28.92599868774414,75.0,0.0,3.7,7.5,11.371610409011838,28.460127286308285
4288,35.2,28.92599868774414,75.0,0.0,5.7,6.8,15.072206853919145,45.7505447977434
4289,21.1,28.92599868774414,75.0,0.0,6.0,7.4,18.347830510990697,33.943481357693486
4290,34.9,28.92599868774414,75.0,0.0,5.9,6.7,26.0350938789028,53.12456571523195
4291,35.8,28.92599868774414,75.0,0.0,5.1,6.9,26.982370265501725,54.6876591858512
4292,17.8,28.92599868774414,75.0,0.0,2.9,7.6,29.168104506019265,38.217673154213486
4293,23.6,28.92599868774414,75.0,0.0,4.1,8.0,10.744866373616336,31.121406461531436
4294,15.5,28.92599868774414,75.0,0.0,5.9,7.4,25.399871700067767,33.27991019004743
4295,29.3,28.92599868774414,75.0,0.0,4.9,7.6,26.84832421702153,48.09382695191508
4296,25.2,28.92599868774414,75.0,0.0,2.2,7.8,16.996238775910964,37.097367143137674
4297,26.5,28.92599868774414,75.0,0.0,7.5,7.2,17.40030108059284,38.680210756414986
4298,23.7,28.92599868774414,75.0,0.0,2.0,7.8,19.041507491993748,37.02905524439562
4299,33.4,28.92599868774414,75.0,0.0,2.2,6.6,10.381017646637856,40.6667123526465
4300,28.0,28.92599868774414,75.0,0.0,2.3,8.2,14.33660325402608,38.035622277818256
4301,27.5,28.92599868774414,75.0,0.0,5.4,7.4,22.602749459316108,43.321924621521276
4302,26.6,28.92599868774414,75.0,0.0,3.3,8.3,20.52042000789325,40.964294005525275
4303,26.8,28.92599868774414,75.0,0.0,6.6,6.8,17.46520188378001,39.02564131864601
4304,27.0,28.92599868774414,75.0,0.0,4.0,6.1,15.046791156889812,37.532753809822864
4305,29.1,28.92599868774414,75.0,0.0,7.3,8.4,23.20647503337827,45.34453252336479
4306,19.3,28.92599868774414,75.0,0.0,5.3,6.7,12.905645655719779,28.333951959003848
4307,27.7,28.92599868774414,75.0,0.0,2.2,6.4,21.31875731661697,42.623130121631874
4308,38.8,28.92599868774414,75.0,0.0,4.5,8.5,19.8709943928906,52.709696075023416
4309,27.1,28.92599868774414,75.0,0.0,4.6,8.1,17.410643095543584,39.28745016688051
4310,32.1,28.92599868774414,75.0,0.0,2.7,7.1,9.978687719967581,39.085081403977306
4311,32.1,28.92599868774414,75.0,0.0,2.7,8.3,24.42733183093149,49.19913228165204
4312,21.6,28.92599868774414,75.0,0.0,7.5,8.2,7.101251306564098,26.570875914594872
4313,32.7,28.92599868774414,75.0,0.0,3.0,6.3,20.936546332137286,47.35558243249611
4314,36.0,28.92599868774414,75.0,0.0,2.5,8.2,6.201367679816817,40.340957375871774
4315,37.9,28.92599868774414,75.0,0.0,5.6,6.4,20.050791139924588,51.93555379794721
4316,29.5,28.92599868774414,75.0,0.0,6.9,6.5,15.33807460394342,40.2366522227604
4317,15.0,28.92599868774414,75.0,0.0,6.7,7.7,19.75020093840053,28.82514065688037
4318,17.7,28.92599868774414,75.0,0.0,4.1,6.0,6.448291605242649,22.213804123669853
4319,31.2,28.92599868774414,75.0,0.0,5.4,7.8,11.614467521688757,39.33012726518213
4320,38.9,28.575998306274418,78.0,0.0,6.2,6.6,18.027560222809328,51.519292155966525
4321,26.2,28.575998306274418,78.0,0.0,3.8,8.0,20.47264862572913,40.53085403801039
4322,30.3,28.575998306274418,78.0,0.0,3.0,7.4,5.608587750866746,34.22601142560672
4323,26.2,28.575998306274418,78.0,0.0,6.6,6.2,11.196491138342076,34.03754379683945
4324,18.2,28.575998306274418,78.0,0.0,8.0,8.2,13.254842475180988,27.478389732626688
4325,21.5,28.575998306274418,78.0,0.0,5.4,6.4,22.51140346145149,37.257982423016045
4326,28.0,28.575998306274418,78.0,0.0,4.7,6.7,6.55071170004325,32.58549819003027
4327,30.3,28.575998306274418,78.0,0.0,6.5,7.2,11.98135426543178,38.68694798580225
4328,37.2,28.575998306274418,78.0,0.0,3.8,8.1,14.958476964198873,47.67093387493921
4329,31.9,28.575998306274418,78.0,0.0,5.6,6.3,19.53224414783743,45.5725709034862
4330,19.9,28.575998306274418,78.0,0.0,6.1,6.2,25.79494054002882,37.95645837802017
4331,23.1,28.575998306274418,78.0,0.0,7.1,6.5,9.546164422527106,29.782315095768976
4332,36.5,28.575998306274418,78.0,0.0,5.3,7.6,27.81432666341057,55.9700286643874
4333,38.4,28.575998306274418,78.0,0.0,3.9,8.1,9.493789306885368,45.04565251481976
4334,23.9,28.575998306274418,78.0,0.0,6.0,7.1,6.071161774288651,28.149813242002054
4335,26.9,28.575998306274418,78.0,0.0,3.9,7.9,17.71662147301862,39.30163503111303
4336,15.5,28.575998306274418,78.0,0.0,7.1,6.0,9.228248079031442,21.95977365532201
4337,33.3,28.575998306274418,78.0,0.0,4.9,7.0,5.6786437795132825,37.27505064565929
4338,32.3,28.575998306274418,78.0,0.0,6.2,8.2,26.010475485003848,50.507332839502695
4339,35.9,28.575998306274418,78.0,0.0,7.9,8.0,8.420527696139095,41.794369387297365
4340,20.6,28.575998306274418,78.0,0.0,4.3,7.7,14.10716486616854,30.47501540631798
4341,17.7,28.575998306274418,78.0,0.0,5.4,8.4,27.67645648489658,37.07351953942761
4342,20.0,28.575998306274418,78.0,0.0,7.5,6.3,16.638129528444363,31.646690669911052
4343,18.0,28.575998306274418,78.0,0.0,3.9,7.0,22.503795805546314,33.75265706388242
4344,30.7,28.575998306274418,78.0,0.0,6.3,7.1,15.3862308221228,41.47036157548596
4345,31.3,28.575998306274418,78.0,0.0,4.5,6.5,8.25141777144698,37.07599244001288
4346,22.3,28.575998306274418,78.0,0.0,4.8,6.7,23.785099911326416,38.94956993792849
4347,30.3,28.575998306274418,78.0,0.0,6.5,7.5,6.385848938436579,34.77009425690561
4348,30.7,28.575998306274418,78.0,0.0,7.8,8.0,19.876745116353767,44.613721581447635
4349,23.4,28.575998306274418,78.0,0.0,5.9,7.9,15.709872814229424,34.396910969960594
4350,36.5,28.575998306274418,78.0,0.0,7.1,7.1,7.0252241831245605,41.41765692818719
4351,30.1,28.575998306274418,78.0,0.0,4.1,6.1,12.286104735559704,38.700273314891795
4352,19.0,28.575998306274418,78.0,0.0,3.4,7.7,19.125062198670413,32.387543539069284
4353,33.9,28.575998306274418,78.0,0.0,5.8,7.1,14.706671419301511,44.194669993511056
4354,33.0,28.575998306274418,78.0,0.0,6.7,8.4,11.218336622612913,40.85283563582904
4355,23.2,28.575998306274418,78.0,0.0,7.4,8.3,21.518784491898312,38.26314914432882
4356,27.2,28.575998306274418,78.0,0.0,3.6,6.4,5.337217874556953,30.936052512189868
4357,31.8,28.575998306274418,78.0,0.0,4.3,6.3,20.301614092235944,46.01112986456516
4358,31.2,28.575998306274418,78.0,0.0,6.2,6.8,18.70992054483563,44.29694438138494
4359,28.3,28.575998306274418,78.0,0.0,3.3,6.6,22.989567183665205,44.39269702856564
4360,26.7,28.575998306274418,78.0,0.0,7.7,8.0,6.627850736176706,31.339495515323694
4361,34.7,28.575998306274418,78.0,0.0,3.1,8.2,10.720224527248174,42.204157169073724
4362,30.9,28.575998306274418,78.0,0.0,2.7,8.4,6.490144149853171,35.44310090489722
4363,15.8,28.575998306274418,78.0,0.0,7.8,8.2,26.794749050261288,34.5563243351829
4364,33.3,28.575998306274418,78.0,0.0,4.0,6.6,25.85930648681846,51.40151454077292
4365,37.9,28.575998306274418,78.0,0.0,6.7,6.3,7.739703716774347,43.31779260174204
4366,30.6,28.575998306274418,78.0,0.0,4.2,6.5,28.04117039390304,50.22881927573213
4367,24.8,28.575998306274418,78.0,0.0,6.3,7.3,18.93263129541577,38.05284190679104
4368,34.2,28.575998306274418,78.0,0.0,7.6,7.1,21.979590964796277,49.5857136753574
4369,21.3,28.575998306274418,78.0,0.0,4.2,8.4,28.572293423646908,41.30060539655284
4370,37.8,28.575998306274418,78.0,0.0,4.9,6.6,10.677206430496355,45.27404450134745
4371,25.7,28.575998306274418,78.0,0.0,4.1,7.2,29.297052565293995,46.20793679570579
4372,23.0,28.575998306274418,78.0,0.0,6.0,6.4,25.97081416476183,41.179569915333275
4373,29.9,28.575998306274418,78.0,0.0,3.5,6.6,20.816690559286965,44.471683391500875
4374,15.6,28.575998306274418,78.0,0.0,4.7,8.2,18.044705051241777,28.23129353586924
4375,28.5,28.575998306274418,78.0,0.0,7.9,6.8,13.437656251960835,37.906359376372585
4376,28.9,28.575998306274418,78.0,0.0,7.7,7.3,20.636556872466834,43.34558981072678
4377,29.9,28.575998306274418,78.0,0.0,4.5,8.2,10.797317734927063,37.458122414448944
4378,38.7,28.575998306274418,78.0,0.0,7.3,8.4,16.089758523483923,49.962830966438744
4379,30.0,28.575998306274418,78.0,0.0,3.1,6.6,19.574460797998146,43.7021225585987
4380,39.8,28.22599983215332,81.0,0.0,7.1,8.1,6.865551732093546,44.60588621246548
4381,29.4,28.22599983215332,81.0,0.0,7.7,8.0,23.45964880019762,45.82175416013833
4382,38.2,28.22599983215332,81.0,0.0,3.3,7.6,17.274841406261068,50.292388984382754
4383,35.8,28.22599983215332,81.0,0.0,2.1,7.9,13.472320441471275,45.23062430902989
4384,37.7,28.22599983215332,81.0,0.0,3.4,7.6,5.350900804175646,41.44563056292296
4385,25.3,28.22599983215332,81.0,0.0,5.9,8.1,8.388443239632613,31.17191026774283
4386,15.1,28.22599983215332,81.0,0.0,2.7,6.5,29.403535558498522,35.68247489094897
4387,36.2,28.22599983215332,81.0,0.0,2.7,8.2,26.95995548540111,55.07196883978078
4388,33.7,28.22599983215332,81.0,0.0,6.6,6.8,27.28619098381463,52.80033368867024
4389,17.6,28.22599983215332,81.0,0.0,2.9,7.7,13.658224669839132,27.160757268887394
4390,20.9,28.22599983215332,81.0,0.0,7.7,7.9,14.590782242167705,31.113547569517394
4391,29.7,28.22599983215332,81.0,0.0,2.5,8.5,12.108465643414036,38.175925950389825
4392,18.2,28.22599983215332,81.0,0.0,7.6,8.3,20.06453235191584,32.24517264634109
4393,34.4,28.22599983215332,81.0,0.0,7.8,6.4,16.07707962984231,45.653955740889614
4394,28.3,28.22599983215332,81.0,0.0,7.0,8.3,10.985808453283012,35.99006591729811
4395,27.0,28.22599983215332,81.0,0.0,6.0,8.1,14.482999156174854,37.13809940932239
4396,36.3,28.22599983215332,81.0,0.0,7.0,6.1,18.96956168557056,49.57869317989939
4397,27.9,28.22599983215332,81.0,0.0,4.8,7.7,7.247382267490197,32.97316758724314
4398,39.3,28.22599983215332,81.0,0.0,2.5,6.4,14.142241376993987,49.199568963895786
4399,38.7,28.22599983215332,81.0,0.0,7.9,6.2,9.431991204453645,45.30239384311756
4400,15.3,28.22599983215332,81.0,0.0,6.4,8.1,17.25893666546729,27.3812556658271
4401,21.5,28.22599983215332,81.0,0.0,5.1,6.1,20.837843993568413,36.08649079549789
4402,30.8,28.22599983215332,81.0,0.0,2.6,8.1,10.222494889032284,37.9557464223226
4403,28.9,28.22599983215332,81.0,0.0,6.3,7.8,17.550362335878834,41.18525363511518
4404,28.7,28.22599983215332,81.0,0.0,5.9,6.4,7.076584081186592,33.653608856830616
4405,30.1,28.22599983215332,81.0,0.0,6.0,6.2,27.897670334215338,49.628369233950735
4406,15.0,28.22599983215332,81.0,0.0,2.4,7.0,6.529964450667473,19.57097511546723
4407,37.5,28.22599983215332,81.0,0.0,4.2,7.4,17.87420417724794,50.01194292407356
4408,19.1,28.22599983215332,81.0,0.0,6.0,6.0,8.51371862995361,25.059603040967527
4409,27.1,28.22599983215332,81.0,0.0,3.3,6.1,24.861378629112174,44.50296504037853
4410,23.8,28.22599983215332,81.0,0.0,2.9,6.5,20.740965045614598,38.31867553193022
4411,19.0,28.22599983215332,81.0,0.0,3.0,8.2,25.297073364522102,36.70795135516547
4412,21.5,28.22599983215332,81.0,0.0,5.7,6.8,23.628928672105733,38.040250070474016
4413,31.3,28.22599983215332,81.0,0.0,7.4,6.6,22.864122736295247,47.30488591540667
4414,38.4,28.22599983215332,81.0,0.0,4.8,7.6,16.582838946571542,50.007987262600075
4415,18.3,28.22599983215332,81.0,0.0,2.2,6.5,26.5666363459675,36.896645442177245
4416,27.5,28.22599983215332,81.0,0.0,3.6,8.1,14.385168775157876,37.56961814261051
4417,18.0,28.22599983215332,81.0,0.0,4.8,6.3,19.950771541286294,31.965540078900403
4418,20.7,28.22599983215332,81.0,0.0,5.3,8.1,14.238754941395511,30.667128458976855
4419,27.5,28.22599983215332,81.0,0.0,4.9,6.1,29.799382418184216,48.359567692728945
4420,23.3,28.22599983215332,81.0,0.0,6.0,7.7,27.19980846961416,42.339865928729914
4421,35.5,28.22599983215332,81.0,0.0,4.1,7.7,21.391323959573842,50.473926771701684
4422,24.6,28.22599983215332,81.0,0.0,4.1,6.7,15.292307114482696,35.304614980137885
4423,37.4,28.22599983215332,81.0,0.0,6.7,7.1,22.09106859483637,52.86374801638546
4424,37.9,28.22599983215332,81.0,0.0,6.3,8.1,27.663987021960786,57.264790915372544
4425,29.2,28.22599983215332,81.0,0.0,5.4,8.4,24.018488040643895,46.012941628450726
4426,16.5,28.22599983215332,81.0,0.0,2.1,8.0,17.03689165257142,28.425824156799994
4427,26.7,28.22599983215332,81.0,0.0,2.4,7.9,22.619363773569,42.5335546414983
4428,39.8,28.22599983215332,81.0,0.0,2.1,6.2,6.809327311037828,44.566529117726475
4429,15.3,28.22599983215332,81.0,0.0,3.7,6.4,16.41961551249571,26.793730858746997
4430,35.7,28.22599983215332,81.0,0.0,4.7,8.3,25.295063915153648,53.40654474060756
4431,20.0,28.22599983215332,81.0,0.0,2.0,7.8,24.069308987874486,36.84851629151214
4432,37.7,28.22599983215332,81.0,0.0,5.1,8.1,15.829546392165529,48.78068247451587
4433,25.1,28.22599983215332,81.0,0.0,4.0,6.1,21.844998764143178,40.39149913490022
4434,16.8,28.22599983215332,81.0,0.0,6.5,7.1,17.060031375768013,28.742021963037608
4435,37.1,28.22599983215332,81.0,0.0,6.5,7.2,25.464184342167957,54.92492903951757
4436,29.2,28.22599983215332,81.0,0.0,2.7,7.4,10.278214977438505,36.39475048420695
4437,25.5,28.22599983215332,81.0,0.0,7.6,6.8,5.407040586269003,29.284928410388304
4438,22.2,28.22599983215332,81.0,0.0,7.4,7.1,13.817547656022997,31.872283359216098
4439,31.8,28.22599983215332,81.0,0.0,5.4,8.2,7.556247655007407,37.089373358505185
4440,33.3,27.825998306274418,84.0,0.0,7.5,6.9,13.459986721514914,42.721990705060435
4441,15.5,27.825998306274418,84.0,0.0,5.4,8.4,26.169006325391226,33.81830442777385
4442,35.6,27.825998306274418,84.0,0.0,2.7,7.2,17.342831268018955,47.73998188761327
4443,23.1,27.825998306274418,84.0,0.0,4.7,7.8,25.18349088875502,40.728443622128516
4444,18.7,27.825998306274418,84.0,0.0,4.7,7.6,14.098701977461369,28.569091384222958
4445,25.0,27.825998306274418,84.0,0.0,6.9,7.0,18.094076465272593,37.665853525690814
4446,20.4,27.825998306274418,84.0,0.0,6.8,6.5,13.226485936664316,29.65854015566502
4447,31.4,27.825998306274418,84.0,0.0,3.0,8.0,9.730385859666825,38.21127010176677
4448,36.0,27.825998306274418,84.0,0.0,6.3,7.5,7.540663797100553,41.27846465797039
4449,22.1,27.825998306274418,84.0,0.0,5.4,6.5,13.78802809489726,31.751619666428084
4450,37.3,27.825998306274418,84.0,0.0,3.1,6.6,28.69295832999706,57.38507083099794
4451,31.5,27.825998306274418,84.0,0.0,3.9,7.6,6.752966677338739,36.227076674137116
4452,16.9,27.825998306274418,84.0,0.0,5.8,6.8,29.56621673621137,37.59635171534796
4453,39.3,27.825998306274418,84.0,0.0,2.3,7.3,19.018527292464633,52.61296910472524
4454,22.4,27.825998306274418,84.0,0.0,4.9,7.4,23.99505451390163,39.19653815973113
4455,30.9,27.825998306274418,84.0,0.0,3.2,6.4,16.30552044398838,42.313864310791864
4456,36.1,27.825998306274418,84.0,0.0,3.6,6.6,24.220379893053256,53.05426592513728
4457,19.7,27.825998306274418,84.0,0.0,4.1,7.3,22.736497748132287,35.6155484236926
4458,34.8,27.825998306274418,84.0,0.0,7.2,6.0,14.536769042496406,44.97573832974748
4459,26.1,27.825998306274418,84.0,0.0,2.8,8.0,27.63434836087141,45.44404385260999
4460,23.0,27.825998306274418,84.0,0.0,3.8,6.0,7.93447788410062,28.554134518870434
4461,39.7,27.825998306274418,84.0,0.0,3.6,7.7,20.928856429680778,54.35019950077655
4462,37.8,27.825998306274418,84.0,0.0,5.0,7.5,8.484355267256884,43.739048687079816
4463,35.1,27.825998306274418,84.0,0.0,7.4,8.0,23.943750281655408,51.86062519715878
4464,24.9,27.825998306274418,84.0,0.0,7.6,6.7,29.344881745325846,45.44141722172809
4465,39.1,27.825998306274418,84.0,0.0,6.8,7.1,9.818495571266135,45.972946899886296
4466,33.9,27.825998306274418,84.0,0.0,3.6,6.9,26.24929766928653,52.27450836850057
4467,33.9,27.825998306274418,84.0,0.0,6.2,6.8,26.05679322997801,52.1397552609846
4468,22.2,27.825998306274418,84.0,0.0,3.5,6.5,8.462266726913967,28.123586708839774
4469,31.6,27.825998306274418,84.0,0.0,5.7,6.8,5.749462048555088,35.62462343398856
4470,38.5,27.825998306274418,84.0,0.0,6.5,8.1,29.705584644227987,59.29390925095959
4471,18.0,27.825998306274418,84.0,0.0,4.8,6.0,16.008832198192792,29.206182538734954
4472,29.0,27.825998306274418,84.0,0.0,5.5,6.0,13.688542755056208,38.58197992853935
4473,24.0,27.825998306274418,84.0,0.0,3.5,7.6,10.873428215825324,31.611399751077727
4474,31.8,27.825998306274418,84.0,0.0,7.4,7.5,15.451829420532027,42.61628059437242
4475,38.6,27.825998306274418,84.0,0.0,4.5,6.2,17.90365293154127,51.13255705207889
4476,39.4,27.825998306274418,84.0,0.0,5.3,8.5,18.326017883125303,52.22821251818771
4477,19.9,27.825998306274418,84.0,0.0,2.7,6.4,6.781136894199234,24.646795825939463
4478,39.5,27.825998306274418,84.0,0.0,2.6,6.2,29.475316113282048,60.13272127929743
4479,20.0,27.825998306274418,84.0,0.0,7.8,6.8,29.13305707076519,40.39313994953563
4480,29.4,27.825998306274418,84.0,0.0,7.0,8.1,15.586651751508732,40.31065622605611
4481,31.7,27.825998306274418,84.0,0.0,2.4,7.6,29.890823633506294,52.623576543454405
4482,26.1,27.825998306274418,84.0,0.0,7.2,7.1,21.15274575664516,40.90692202965161
4483,19.9,27.825998306274418,84.0,0.0,4.5,6.5,17.901863200368947,32.43130424025826
4484,21.8,27.825998306274418,84.0,0.0,5.1,7.9,26.688027103561076,40.481618972492754
4485,16.4,27.825998306274418,84.0,0.0,4.2,6.4,16.899577672324973,28.22970437062748
4486,31.2,27.825998306274418,84.0,0.0,5.1,6.6,25.993696856407098,49.39558779948497
4487,35.3,27.825998306274418,84.0,0.0,6.6,6.9,22.131496757449938,50.792047730214954
4488,37.3,27.825998306274418,84.0,0.0,6.6,8.0,11.673544180308173,45.47148092621572
4489,28.1,27.825998306274418,84.0,0.0,7.1,6.8,15.872948510528179,39.211063957369724
4490,16.7,27.825998306274418,84.0,0.0,3.4,6.4,24.177093596591142,33.6239655176138
4491,32.1,27.825998306274418,84.0,0.0,4.5,8.0,11.91376349086616,40.43963444360631
4492,28.2,27.825998306274418,84.0,0.0,6.8,7.9,11.865263461637046,36.50568442314593
4493,28.1,27.825998306274418,84.0,0.0,3.1,6.6,19.46263083892518,41.72384158724763
4494,35.6,27.825998306274418,84.0,0.0,5.7,8.1,5.133330111658409,39.19333107816089
4495,15.4,27.825998306274418,84.0,0.0,6.2,7.4,7.3645512582914865,20.55518588080404
4496,23.6,27.825998306274418,84.0,0.0,5.4,6.3,20.425059104014117,37.89754137280988
4497,29.5,27.825998306274418,84.0,0.0,6.9,6.5,10.749006482573632,37.02430453780154
4498,25.8,27.825998306274418,84.0,0.0,4.6,7.3,27.228727165651698,44.86010901595618
4499,29.3,27.825998306274418,84.0,0.0,2.1,6.6,15.61789822337602,40.232528756363216
4500,27.8,27.47599983215332,87.0,0.0,4.8,8.2,11.59911833147287,35.919382832031005
4501,17.3,27.47599983215332,87.0,0.0,3.8,6.3,22.211198590664537,32.847839013465176
4502,39.4,27.47599983215332,87.0,0.0,4.6,6.2,24.60813505071623,56.62569453550135
4503,33.0,27.47599983215332,87.0,0.0,7.9,6.0,5.290820561581745,36.70357439310722
4504,17.1,27.47599983215332,87.0,0.0,6.4,6.7,14.045140588305653,26.931598411813958
4505,22.1,27.47599983215332,87.0,0.0,2.6,6.3,13.646311197184062,31.652417838028846
4506,36.4,27.47599983215332,87.0,0.0,4.0,8.5,17.355530240203265,48.548871168142284
4507,32.6,27.47599983215332,87.0,0.0,3.2,8.1,29.869336424490616,53.50853549714343
4508,36.7,27.47599983215332,87.0,0.0,4.0,7.2,21.15092690140689,51.505648830984825
4509,27.0,27.47599983215332,87.0,0.0,3.3,8.4,10.766977418058019,34.53688419264061
4510,17.9,27.47599983215332,87.0,0.0,5.0,6.5,14.527354064080814,28.069147844856566
4511,32.5,27.47599983215332,87.0,0.0,5.1,6.6,15.282400608419936,43.19768042589396
4512,24.7,27.47599983215332,87.0,0.0,5.7,6.6,11.511686703152023,32.758180692206416
4513,34.1,27.47599983215332,87.0,0.0,6.9,7.0,11.714039268434945,42.299827487904466
4514,23.5,27.47599983215332,87.0,0.0,7.1,7.1,15.963480815304006,34.6744365707128
4515,35.4,27.47599983215332,87.0,0.0,4.3,6.6,21.21225937609019,50.24858156326313
4516,25.1,27.47599983215332,87.0,0.0,4.0,7.1,10.608214863325838,32.525750404328086
4517,29.4,27.47599983215332,87.0,0.0,4.9,7.1,10.995231604299729,37.09666212300981
4518,35.5,27.47599983215332,87.0,0.0,5.7,7.5,8.869487505471836,41.70864125383029
4519,22.2,27.47599983215332,87.0,0.0,7.9,6.8,24.761807424015068,39.53326519681055
4520,31.9,27.47599983215332,87.0,0.0,2.3,7.7,15.667065078626678,42.86694555503867
4521,17.0,27.47599983215332,87.0,0.0,6.1,8.3,12.104728325668916,25.47330982796824
4522,17.5,27.47599983215332,87.0,0.0,2.7,7.3,6.09215685649329,21.7645097995453
4523,22.7,27.47599983215332,87.0,0.0,4.0,6.5,6.067618534707132,26.94733297429499
4524,38.5,27.47599983215332,87.0,0.0,3.0,6.8,28.66579685978779,58.56605780185145
4525,17.5,27.47599983215332,87.0,0.0,7.9,7.6,23.35240951981335,33.84668666386935
4526,23.4,27.47599983215332,87.0,0.0,5.4,7.6,7.816778053578886,28.87174463750522
4527,33.6,27.47599983215332,87.0,0.0,3.3,8.5,16.791409782955558,45.35398684806889
4528,27.9,27.47599983215332,87.0,0.0,3.4,8.1,14.44122771642067,38.00885940149447
4529,31.0,27.47599983215332,87.0,0.0,4.3,7.2,25.4678177633195,48.82747243432365
4530,38.2,27.47599983215332,87.0,0.0,4.5,8.4,15.386242025006784,48.97036941750475
4531,38.2,27.47599983215332,87.0,0.0,2.3,8.2,19.969793472919022,52.17885543104332
4532,25.5,27.47599983215332,87.0,0.0,3.1,7.5,23.79375736661905,42.155630156633336
4533,35.9,27.47599983215332,87.0,0.0,2.5,6.5,22.498834591462,51.6491842140234
4534,38.8,27.47599983215332,87.0,0.0,3.4,6.4,15.323193410365802,49.52623538725606
4535,39.3,27.47599983215332,87.0,0.0,7.9,6.0,17.442204644253763,51.50954325097763
4536,19.1,27.47599983215332,87.0,0.0,3.7,6.4,14.066212605952284,28.9463488241666
4537,26.8,27.47599983215332,87.0,0.0,4.1,8.3,18.089567521468034,39.46269726502762
4538,25.0,27.47599983215332,87.0,0.0,5.0,6.5,21.517024613877616,40.06191722971433
4539,36.0,27.47599983215332,87.0,0.0,5.0,6.2,14.270651371088984,45.98945595976229
4540,25.7,27.47599983215332,87.0,0.0,7.2,8.5,22.23229697192658,41.262607880348604
4541,20.9,27.47599983215332,87.0,0.0,2.5,7.6,28.88776758614404,41.12143731030083
4542,23.3,27.47599983215332,87.0,0.0,3.2,7.7,8.848431044176206,29.493901730923344
4543,17.9,27.47599983215332,87.0,0.0,6.1,8.3,27.567766747809014,37.19743672346631
4544,25.8,27.47599983215332,87.0,0.0,6.1,7.1,24.170516415785645,42.71936149104995
4545,16.4,27.47599983215332,87.0,0.0,5.6,6.4,18.44076616917259,29.308536318420813
4546,18.5,27.47599983215332,87.0,0.0,2.3,6.8,20.05755384838753,32.54028769387127
4547,17.2,27.47599983215332,87.0,0.0,7.8,7.9,17.342203014701006,29.3395421102907
4548,29.7,27.47599983215332,87.0,0.0,7.6,7.6,18.123064833243426,42.386145383270396
4549,34.8,27.47599983215332,87.0,0.0,7.6,6.8,24.938341814940763,52.25683927045853
4550,31.3,27.47599983215332,87.0,0.0,5.6,8.0,6.890682687919465,36.12347788154363
4551,19.9,27.47599983215332,87.0,0.0,6.4,8.4,29.00928479669255,40.206499357684784
4552,29.3,27.47599983215332,87.0,0.0,6.2,7.4,25.37609006276877,47.063263043938136
4553,20.9,27.47599983215332,87.0,0.0,8.0,7.8,24.511663654027444,38.05816455781921
4554,19.7,27.47599983215332,87.0,0.0,7.4,8.4,23.56249219515257,36.1937445366068
4555,40.0,27.47599983215332,87.0,0.0,4.4,7.3,26.549934200706524,58.584953940494565
4556,24.1,27.47599983215332,87.0,0.0,4.0,8.0,12.149475583085227,32.60463290815966
4557,37.5,27.47599983215332,87.0,0.0,2.8,6.9,14.043024905778415,47.330117434044894
4558,22.5,27.47599983215332,87.0,0.0,5.1,7.8,24.01629517110675,39.31140661977473
4559,39.6,27.47599983215332,87.0,0.0,3.8,7.4,17.485316953467574,51.8397218674273
4560,36.3,27.325998306274418,88.0,0.0,4.5,7.7,21.742854730479458,51.51999831133561
4561,18.4,27.325998306274418,88.0,0.0,6.7,7.0,16.36384077655964,29.85468854359175
4562,32.6,27.325998306274418,88.0,0.0,6.4,8.4,29.84852578982556,53.49396805287789
4563,35.1,27.325998306274418,88.0,0.0,4.6,7.8,25.015873232048207,52.611111262433745
4564,27.1,27.325998306274418,88.0,0.0,4.6,6.5,16.801345169798232,38.86094161885876
4565,34.6,27.325998306274418,88.0,0.0,5.3,6.5,19.897853934821992,48.528497754375394
4566,30.4,27.325998306274418,88.0,0.0,4.2,6.9,13.335235076715206,39.73466455370064
4567,15.9,27.325998306274418,88.0,0.0,6.1,8.3,12.143740955424501,24.40061866879715
4568,31.8,27.325998306274418,88.0,0.0,3.2,6.4,19.960372078659862,45.772260455061904
4569,30.3,27.325998306274418,88.0,0.0,2.4,7.9,5.429111651131192,34.10037815579184
4570,39.8,27.325998306274418,88.0,0.0,4.8,7.2,20.047602365099316,53.83332165556952
4571,28.4,27.325998306274418,88.0,0.0,6.1,6.7,21.939315003038075,43.75752050212665
4572,28.0,27.325998306274418,88.0,0.0,6.3,8.5,26.23112525940828,46.361787681585795
4573,28.8,27.325998306274418,88.0,0.0,4.1,6.3,25.046533471575177,46.33257343010263
4574,15.8,27.325998306274418,88.0,0.0,5.7,6.2,16.915498366782312,27.640848856747617
4575,16.6,27.325998306274418,88.0,0.0,4.2,6.4,27.67403006517704,35.971821045623926
4576,16.1,27.325998306274418,88.0,0.0,4.1,6.9,20.90112592636978,30.730788148458846
4577,31.7,27.325998306274418,88.0,0.0,4.5,7.4,27.8888706109305,51.22220942765135
4578,21.1,27.325998306274418,88.0,0.0,7.8,7.9,24.54198389661622,38.27938872763136
4579,16.2,27.325998306274418,88.0,0.0,6.8,7.3,25.84195053868978,34.289365377082845
4580,19.6,27.325998306274418,88.0,0.0,4.0,7.3,29.493718747915576,40.2456031235409
4581,18.7,27.325998306274418,88.0,0.0,6.2,6.3,29.193654082085033,39.13555785745952
4582,18.6,27.325998306274418,88.0,0.0,2.9,6.5,15.477967991884576,29.434577594319205
4583,25.9,27.325998306274418,88.0,0.0,2.5,7.2,26.126162670101657,44.18831386907115
4584,27.4,27.325998306274418,88.0,0.0,7.3,7.9,12.77692417879469,36.343846925156285
4585,35.6,27.325998306274418,88.0,0.0,5.0,8.0,9.503942690174773,42.252759883122344
4586,39.4,27.325998306274418,88.0,0.0,5.0,7.0,16.39649794248911,50.87754855974237
4587,33.7,27.325998306274418,88.0,0.0,6.8,7.2,17.42135467286457,45.894948271005205
4588,26.3,27.325998306274418,88.0,0.0,3.6,7.5,18.877824722843528,39.51447730599047
4589,24.4,27.325998306274418,88.0,0.0,6.1,8.2,28.36164749878602,44.253153249150216
4590,36.5,27.325998306274418,88.0,0.0,4.7,8.5,22.166766549521594,52.01673658466511
4591,40.0,27.325998306274418,88.0,0.0,3.9,6.9,7.463690321919637,45.22458322534374
4592,34.1,27.325998306274418,88.0,0.0,4.9,6.2,16.86583801944313,45.90608661361019
4593,29.8,27.325998306274418,88.0,0.0,7.8,7.3,22.684577201158845,45.67920404081119
4594,33.9,27.325998306274418,88.0,0.0,7.9,7.7,10.57622281942405,41.30335597359684
4595,19.0,27.325998306274418,88.0,0.0,5.8,6.9,18.69343352223416,32.085403465563914
4596,31.3,27.325998306274418,88.0,0.0,5.8,6.3,13.522877779606205,40.766014445724345
4597,28.0,27.325998306274418,88.0,0.0,2.7,6.9,7.092089184816976,32.964462429371885
4598,32.1,27.325998306274418,88.0,0.0,6.9,7.0,23.729436988855124,48.710605892198586
4599,31.9,27.325998306274418,88.0,0.0,4.2,7.7,19.179789620003348,45.32585273400234
4600,18.5,27.325998306274418,88.0,0.0,5.2,8.4,13.039710616889975,27.627797431822984
4601,21.4,27.325998306274418,88.0,0.0,7.4,6.3,7.7844090812603834,26.849086356882268
4602,23.5,27.325998306274418,88.0,0.0,4.0,6.5,28.20996213764973,43.24697349635481
4603,36.8,27.325998306274418,88.0,0.0,2.0,7.3,9.979262898705553,43.78548402909389
4604,29.9,27.325998306274418,88.0,0.0,7.0,6.5,13.044951898640374,39.03146632904826
4605,35.6,27.325998306274418,88.0,0.0,2.0,6.7,16.724493222016747,47.307145255411726
4606,22.9,27.325998306274418,88.0,0.0,4.3,7.3,18.194529536399227,35.636170675479455
4607,35.9,27.325998306274418,88.0,0.0,4.0,6.9,20.225779202195746,50.05804544153702
4608,35.5,27.325998306274418,88.0,0.0,7.5,6.4,25.941263797251683,53.658884658076175
4609,15.9,27.325998306274418,88.0,0.0,5.3,7.0,25.155184227956678,33.50862895956968
4610,22.0,27.325998306274418,88.0,0.0,2.9,7.9,5.9447402608477455,26.161318182593423
4611,22.8,27.325998306274418,88.0,0.0,4.3,7.6,23.375873689176352,39.16311158242345
4612,37.7,27.325998306274418,88.0,0.0,7.8,6.6,7.766898912279708,43.136829238595794
4613,26.5,27.325998306274418,88.0,0.0,5.1,6.8,6.789470766811524,31.252629536768065
4614,18.3,27.325998306274418,88.0,0.0,3.9,7.5,24.706769602764876,35.594738721935414
4615,21.3,27.325998306274418,88.0,0.0,3.1,7.4,14.787352235798712,31.6511465650591
4616,40.0,27.325998306274418,88.0,0.0,6.5,7.5,20.683239894400433,54.478267926080306
4617,30.0,27.325998306274418,88.0,0.0,5.5,7.0,18.07465908215388,42.65226135750771
4618,20.6,27.325998306274418,88.0,0.0,4.6,8.4,9.450530623901749,27.215371436731225
4619,31.6,27.325998306274418,88.0,0.0,2.6,7.9,14.122544780588818,41.485781346412175
4620,39.1,27.42599868774414,89.0,0.0,3.3,7.4,9.039428970106604,45.427600279074625
4621,39.4,27.42599868774414,89.0,0.0,4.2,6.5,7.146593567534241,44.40261549727397
4622,29.4,27.42599868774414,89.0,0.0,7.7,8.3,15.506482698854914,40.25453788919844
4623,35.5,27.42599868774414,89.0,0.0,7.8,6.8,9.555516610448262,42.188861627313784
4624,33.2,27.42599868774414,89.0,0.0,7.9,7.7,10.434532091412647,40.50417246398885
4625,29.3,27.42599868774414,89.0,0.0,5.1,7.3,18.373264922852815,42.16128544599697
4626,38.2,27.42599868774414,89.0,0.0,5.2,7.4,9.269464870375433,44.688625409262805
4627,38.5,27.42599868774414,89.0,0.0,7.4,7.1,16.210272768990198,49.84719093829314
4628,20.0,27.42599868774414,89.0,0.0,6.0,6.7,23.519656541208867,36.46375957884621
4629,24.4,27.42599868774414,89.0,0.0,4.7,7.8,12.647508036141652,33.253255625299154
4630,33.7,27.42599868774414,89.0,0.0,6.6,7.7,9.275319796295989,40.192723857407195
4631,37.2,27.42599868774414,89.0,0.0,2.4,6.4,10.88497552538242,44.8194828677677
4632,20.7,27.42599868774414,89.0,0.0,6.5,7.2,16.070358013082334,31.94925060915763
4633,26.7,27.42599868774414,89.0,0.0,5.4,8.0,18.560063074382345,39.69204415206764
4634,15.8,27.42599868774414,89.0,0.0,5.6,7.6,15.962750326533266,26.973925228573286
4635,33.0,27.42599868774414,89.0,0.0,4.3,7.5,6.973335191558756,37.88133463409113
4636,38.0,27.42599868774414,89.0,0.0,5.4,8.2,11.109489610044788,45.77664272703135
4637,16.8,27.42599868774414,89.0,0.0,6.1,7.2,25.193927870974335,34.43574950968203
4638,34.2,27.42599868774414,89.0,0.0,3.9,6.4,21.49981323375306,49.24986926362715
4639,34.1,27.42599868774414,89.0,0.0,2.3,8.0,16.04710939523107,45.33297657666175
4640,35.9,27.42599868774414,89.0,0.0,3.5,6.8,24.80356619114022,53.262496333798154
4641,30.0,27.42599868774414,89.0,0.0,4.9,8.4,28.254552956778436,49.7781870697449
4642,16.1,27.42599868774414,89.0,0.0,6.2,7.6,6.965538834976516,20.97587718448356
4643,25.1,27.42599868774414,89.0,0.0,8.0,6.4,26.674478769720846,43.77213513880459
4644,27.3,27.42599868774414,89.0,0.0,6.8,7.1,11.887156486169275,35.6210095403185
4645,35.2,27.42599868774414,89.0,0.0,6.5,7.8,7.298592251536233,40.30901457607536
4646,27.0,27.42599868774414,89.0,0.0,5.5,7.3,5.642718419765711,30.949902893835997
4647,23.8,27.42599868774414,89.0,0.0,7.5,6.7,15.184416474248614,34.42909153197403
4648,35.6,27.42599868774414,89.0,0.0,6.9,8.1,6.359849683042327,40.05189477812963
4649,27.4,27.42599868774414,89.0,0.0,6.6,8.2,8.664244458234087,33.46497112076386
4650,34.0,27.42599868774414,89.0,0.0,7.7,6.2,5.591204251650454,37.913842976155316
4651,32.2,27.42599868774414,89.0,0.0,4.7,6.5,20.23885535539176,46.367198748774236
4652,33.5,27.42599868774414,89.0,0.0,7.1,6.4,18.525180511013463,46.46762635770942
4653,17.9,27.42599868774414,89.0,0.0,3.6,6.2,5.295942217426804,21.607159552198762
4654,28.0,27.42599868774414,89.0,0.0,6.9,7.4,8.177273067620737,33.72409114733452
4655,32.6,27.42599868774414,89.0,0.0,6.4,7.0,10.507535901402072,39.95527513098145
4656,33.3,27.42599868774414,89.0,0.0,4.6,6.2,8.240480044246096,39.06833603097226
4657,20.5,27.42599868774414,89.0,0.0,4.3,6.2,10.854179641001956,28.097925748701368
4658,26.8,27.42599868774414,89.0,0.0,5.8,7.1,22.89652336680872,42.8275663567661
4659,35.5,27.42599868774414,89.0,0.0,4.1,8.0,7.473022319746815,40.731115623822774
4660,15.8,27.42599868774414,89.0,0.0,6.4,7.9,13.600519960444759,25.32036397231133
4661,35.5,27.42599868774414,89.0,0.0,5.4,7.6,24.264569028802388,52.48519832016167
4662,20.6,27.42599868774414,89.0,0.0,2.3,6.1,29.989194280363204,41.59243599625424
4663,37.0,27.42599868774414,89.0,0.0,7.4,7.6,6.549578449068284,41.584704914347796
4664,28.3,27.42599868774414,89.0,0.0,3.7,7.6,21.08284563879864,43.05799194715905
4665,18.7,27.42599868774414,89.0,0.0,6.1,6.7,13.395182024199121,28.07662741693938
4666,25.4,27.42599868774414,89.0,0.0,3.8,6.3,23.611121509218297,41.927785056452805
4667,34.6,27.42599868774414,89.0,0.0,4.7,8.2,20.645277185251086,49.05169402967576
4668,36.9,27.42599868774414,89.0,0.0,3.0,8.0,12.473009548922748,45.63110668424592
4669,31.3,27.42599868774414,89.0,0.0,7.8,7.0,15.342201731333775,42.03954121193364
4670,23.5,27.42599868774414,89.0,0.0,4.5,6.2,13.986289947250473,33.29040296307533
4671,36.4,27.42599868774414,89.0,0.0,6.0,8.4,21.738862520627848,51.617203764439495
4672,26.4,27.42599868774414,89.0,0.0,4.1,6.2,10.67062018385891,33.869434128701236
4673,37.3,27.42599868774414,89.0,0.0,3.8,7.3,22.815017320293077,53.27051212420515
4674,36.3,27.42599868774414,89.0,0.0,4.8,8.2,19.628798527001518,50.04015896890106
4675,26.7,27.42599868774414,89.0,0.0,3.4,7.6,19.882254618419935,40.617578232893955
4676,29.3,27.42599868774414,89.0,0.0,7.4,7.8,11.992099571357173,37.69446969995002
4677,38.5,27.42599868774414,89.0,0.0,3.2,7.0,12.12424707469804,46.986972952288625
4678,37.4,27.42599868774414,89.0,0.0,3.3,7.4,6.040160556596898,41.628112389617826
4679,28.0,27.42599868774414,89.0,0.0,2.3,7.5,10.795317845330555,35.556722491731385
4680,15.2,27.775999069213867,88.0,0.0,3.2,7.1,28.39726044399616,35.07808231079731
4681,37.8,27.775999069213867,88.0,0.0,7.5,6.9,28.720456222634844,57.904319355844386
4682,34.5,27.775999069213867,88.0,0.0,6.7,7.9,11.355009001322983,42.448506300926084
4683,26.7,27.775999069213867,88.0,0.0,3.0,6.8,17.590348888859936,39.013244222201955
4684,35.3,27.775999069213867,88.0,0.0,5.3,7.6,9.548615914903698,41.984031140432585
4685,37.2,27.775999069213867,88.0,0.0,6.2,7.4,29.589881522482234,57.91291706573757
4686,20.9,27.775999069213867,88.0,0.0,7.5,7.9,8.031251393362211,26.521875975353545
4687,38.5,27.775999069213867,88.0,0.0,2.1,7.1,20.762755373693047,53.03392876158513
4688,16.1,27.775999069213867,88.0,0.0,7.6,7.9,27.313961184210445,35.21977282894731
4689,19.6,27.775999069213867,88.0,0.0,5.4,8.4,13.49552284646653,29.04686599252657
4690,25.4,27.775999069213867,88.0,0.0,5.8,7.0,27.599868549332,44.7199079845324
4691,21.7,27.775999069213867,88.0,0.0,2.2,8.2,17.090677225256925,33.66347405767985
4692,16.4,27.775999069213867,88.0,0.0,4.3,8.3,12.799148436396505,25.35940390547755
4693,18.8,27.775999069213867,88.0,0.0,2.0,7.1,17.881771835268673,31.31724028468807
4694,15.5,27.775999069213867,88.0,0.0,4.0,8.4,21.481530192585613,30.537071134809928
4695,23.0,27.775999069213867,88.0,0.0,4.2,6.6,19.41841570896293,36.59289099627405
4696,20.4,27.775999069213867,88.0,0.0,3.4,7.7,27.106972635205622,39.37488084464393
4697,26.1,27.775999069213867,88.0,0.0,7.1,8.1,11.709944814648036,34.29696137025363
4698,21.8,27.775999069213867,88.0,0.0,4.4,8.3,26.61837827515781,40.43286479261047
4699,23.0,27.775999069213867,88.0,0.0,3.2,8.2,6.989913131356477,27.892939191949534
4700,37.5,27.775999069213867,88.0,0.0,5.8,7.3,28.522459515977957,57.46572166118457
4701,26.8,27.775999069213867,88.0,0.0,7.4,6.4,22.6652282964065,42.66565980748455
4702,34.9,27.775999069213867,88.0,0.0,6.2,7.9,10.67924740237861,42.37547318166503
4703,32.0,27.775999069213867,88.0,0.0,3.0,6.3,14.419092781761382,42.09336494723297
4704,28.1,27.775999069213867,88.0,0.0,8.0,8.5,10.141079766660065,35.198755836662045
4705,29.2,27.775999069213867,88.0,0.0,5.0,8.1,11.570352751037214,37.29924692572605
4706,29.4,27.775999069213867,88.0,0.0,5.8,7.5,6.4573618919399784,33.92015332435798
4707,25.1,27.775999069213867,88.0,0.0,6.8,8.4,11.111716833726877,32.878201783608816
4708,38.0,27.775999069213867,88.0,0.0,6.0,6.7,9.258824521740863,44.481177165218604
4709,32.7,27.775999069213867,88.0,0.0,3.6,8.4,24.06353490590886,49.544474434136205
4710,30.3,27.775999069213867,88.0,0.0,5.8,6.0,16.375767707050528,41.76303739493537
4711,29.3,27.775999069213867,88.0,0.0,3.7,7.3,7.53757574271283,34.57630301989898
4712,26.5,27.775999069213867,88.0,0.0,5.9,8.5,23.010776091174066,42.607543263821846
4713,28.6,27.775999069213867,88.0,0.0,4.6,8.5,19.094395620392994,41.966076934275094
4714,32.9,27.775999069213867,88.0,0.0,2.5,7.2,14.09326539889799,42.76528577922859
4715,32.2,27.775999069213867,88.0,0.0,5.8,7.2,25.58221067972935,50.10754747581055
4716,18.0,27.775999069213867,88.0,0.0,4.0,7.1,8.257279314148128,23.78009551990369
4717,35.0,27.775999069213867,88.0,0.0,2.1,6.1,8.5822187749438,41.00755314246066
4718,30.0,27.775999069213867,88.0,0.0,2.1,7.7,21.134198913216935,44.793939239251856
4719,20.1,27.775999069213867,88.0,0.0,6.3,6.1,6.786054444833033,24.850238111383124
4720,24.2,27.775999069213867,88.0,0.0,6.8,8.0,29.857976813128218,45.100583769189754
4721,16.5,27.775999069213867,88.0,0.0,5.9,7.8,12.980197337520792,25.58613813626455
4722,33.8,27.775999069213867,88.0,0.0,4.1,7.9,8.884829092050946,40.01938036443566
4723,16.0,27.775999069213867,88.0,0.0,7.9,8.0,28.823152911698358,36.17620703818885
4724,36.3,27.775999069213867,88.0,0.0,4.1,8.0,21.370841531285652,51.25958907189995
4725,30.5,27.775999069213867,88.0,0.0,5.6,7.8,20.893668108502478,45.125567675951736
4726,18.0,27.775999069213867,88.0,0.0,5.7,8.1,24.127445646460036,34.889211952522025
4727,37.0,27.775999069213867,88.0,0.0,7.2,7.8,17.92892414288724,49.550246900021065
4728,19.0,27.775999069213867,88.0,0.0,6.1,8.4,24.814469210636148,36.3701284474453
4729,22.7,27.775999069213867,88.0,0.0,3.3,7.7,13.89673987498392,32.427717912488745
4730,25.8,27.775999069213867,88.0,0.0,2.8,7.8,7.276329686709513,30.89343078069666
4731,38.6,27.775999069213867,88.0,0.0,6.5,7.9,5.337448497895979,42.33621394852719
4732,33.9,27.775999069213867,88.0,0.0,7.6,8.0,16.172267575270936,45.22058730268965
4733,19.9,27.775999069213867,88.0,0.0,7.7,7.4,13.46133478506095,29.322934349542663
4734,33.8,27.775999069213867,88.0,0.0,3.9,7.6,17.437719435276684,46.00640360469367
4735,37.6,27.775999069213867,88.0,0.0,6.9,6.4,6.475704786048224,42.13299335023376
4736,32.0,27.775999069213867,88.0,0.0,3.9,6.9,11.684440527835687,40.17910836948498
4737,37.4,27.775999069213867,88.0,0.0,7.3,7.2,13.617430174510229,46.93220112215716
4738,26.9,27.775999069213867,88.0,0.0,6.0,7.0,6.983038327120595,31.788126828984414
4739,35.9,27.775999069213867,88.0,0.0,5.6,7.6,13.625494191098912,45.43784593376924
4740,18.8,28.375999450683594,86.0,0.0,2.9,7.7,17.429798474680858,31.0008589322766
4741,39.3,28.375999450683594,86.0,0.0,7.7,6.8,18.263158395859623,52.08421087710173
4742,29.8,28.375999450683594,86.0,0.0,6.9,8.5,16.476486221863183,41.33354035530423
4743,34.6,28.375999450683594,86.0,0.0,2.7,6.3,22.413229300624486,50.28926051043714
4744,20.4,28.375999450683594,86.0,0.0,3.4,8.1,11.430365012388688,28.40125550867208
4745,31.6,28.375999450683594,86.0,0.0,3.4,8.3,26.911862346246185,50.43830364237233
4746,17.9,28.375999450683594,86.0,0.0,3.0,6.6,21.559619241961155,32.991733469372804
4747,22.8,28.375999450683594,86.0,0.0,2.7,7.6,24.123722164721872,39.68660551530531
4748,39.1,28.375999450683594,86.0,0.0,5.1,7.1,26.503840155087904,57.652688108561534
4749,16.8,28.375999450683594,86.0,0.0,3.6,7.8,16.323157344398247,28.226210141078774
4750,22.6,28.375999450683594,86.0,0.0,5.2,6.5,24.919230050111555,40.04346103507809
4751,39.1,28.375999450683594,86.0,0.0,7.6,6.1,24.260555966237217,56.08238917636605
4752,39.8,28.375999450683594,86.0,0.0,5.0,7.1,20.337630379381686,54.036341265567174
4753,35.9,28.375999450683594,86.0,0.0,7.2,7.8,18.70099621099083,48.99069734769358
4754,28.6,28.375999450683594,86.0,0.0,6.5,7.6,25.712078697547078,46.598455088282954
4755,23.2,28.375999450683594,86.0,0.0,4.4,7.3,13.789364822404542,32.85255537568318
4756,26.3,28.375999450683594,86.0,0.0,2.7,6.8,25.527843748578807,44.169490624005164
4757,39.5,28.375999450683594,86.0,0.0,6.4,6.2,28.789503828842783,59.652652680189945
4758,29.2,28.375999450683594,86.0,0.0,3.5,7.3,26.327687477382756,47.62938123416792
4759,19.8,28.375999450683594,86.0,0.0,3.3,7.3,8.667779034458224,25.86744532412076
4760,20.6,28.375999450683594,86.0,0.0,4.5,6.5,21.701585976821583,35.79111018377511
4761,33.0,28.375999450683594,86.0,0.0,3.5,6.6,17.325651851220464,45.127956295854325
4762,36.1,28.375999450683594,86.0,0.0,3.5,7.4,22.058071006554172,51.54064970458792
4763,34.9,28.375999450683594,86.0,0.0,3.0,6.8,26.354884628594476,53.34841924001613
4764,15.6,28.375999450683594,86.0,0.0,5.0,6.0,24.014458512607632,32.41012095882534
4765,24.7,28.375999450683594,86.0,0.0,3.1,6.8,29.446581346492344,45.31260694254464
4766,39.1,28.375999450683594,86.0,0.0,7.7,8.5,17.378545814463727,51.26498207012461
4767,15.8,28.375999450683594,86.0,0.0,5.4,6.0,18.29573058763745,28.607011411346214
4768,24.5,28.375999450683594,86.0,0.0,5.5,8.3,25.88911970105471,42.6223837907383
4769,24.4,28.375999450683594,86.0,0.0,2.3,7.9,28.374868874571867,44.2624082122003
4770,30.2,28.375999450683594,86.0,0.0,2.7,6.3,13.858380525897777,39.90086636812844
4771,34.2,28.375999450683594,86.0,0.0,3.3,7.6,19.819273153038615,48.073491207127034
4772,27.8,28.375999450683594,86.0,0.0,7.3,7.6,29.194738307560808,48.23631681529257
4773,39.5,28.375999450683594,86.0,0.0,4.8,6.0,13.398173667927866,48.878721567549505
4774,25.5,28.375999450683594,86.0,0.0,4.1,8.3,16.603329403404345,37.12233058238304
4775,39.1,28.375999450683594,86.0,0.0,4.0,7.7,26.122136700107898,57.38549569007553
4776,28.4,28.375999450683594,86.0,0.0,2.6,6.1,24.678884538393397,45.67521917687537
4777,29.1,28.375999450683594,86.0,0.0,3.7,6.8,14.35645771062316,39.14952039743621
4778,36.4,28.375999450683594,86.0,0.0,2.2,8.1,27.3055618574295,55.51389330020065
4779,27.3,28.375999450683594,86.0,0.0,2.3,6.4,29.384090744185404,47.86886352092978
4780,29.8,28.375999450683594,86.0,0.0,7.5,8.0,29.231590374249205,50.26211326197444
4781,30.6,28.375999450683594,86.0,0.0,8.0,7.4,7.498409364995038,35.84888655549653
4782,39.1,28.375999450683594,86.0,0.0,6.4,6.5,29.177666463805153,59.524366524663606
4783,17.7,28.375999450683594,86.0,0.0,5.4,6.5,6.792894203683643,22.455025942578548
4784,22.7,28.375999450683594,86.0,0.0,7.6,7.7,19.827484616924714,36.579239231847296
4785,19.2,28.375999450683594,86.0,0.0,5.5,6.4,24.844092703309528,36.59086489231667
4786,16.0,28.375999450683594,86.0,0.0,5.1,7.1,29.63143573993231,36.74200501795262
4787,38.8,28.375999450683594,86.0,0.0,2.1,6.6,5.013528109142569,42.30946967639979
4788,38.8,28.375999450683594,86.0,0.0,6.0,8.5,16.160904566863493,50.11263319680444
4789,37.1,28.375999450683594,86.0,0.0,4.3,6.6,13.931338497300143,46.8519369481101
4790,17.2,28.375999450683594,86.0,0.0,3.1,7.6,8.194056241966145,22.9358393693763
4791,15.1,28.375999450683594,86.0,0.0,2.7,8.5,18.016973354519504,27.71188134816365
4792,31.3,28.375999450683594,86.0,0.0,6.7,6.4,25.528075544477623,49.16965288113434
4793,36.3,28.375999450683594,86.0,0.0,2.6,7.8,19.65766754659122,50.06036728261385
4794,37.9,28.375999450683594,86.0,0.0,3.1,6.9,24.77473073863403,55.24231151704382
4795,37.1,28.375999450683594,86.0,0.0,3.8,7.1,10.410239227049685,44.38716745893478
4796,23.4,28.375999450683594,86.0,0.0,7.1,8.3,20.637911307952947,37.84653791556706
4797,26.6,28.375999450683594,86.0,0.0,6.9,6.3,9.722643328563025,33.40585032999412
4798,16.0,28.375999450683594,86.0,0.0,2.6,8.0,23.155909079336503,32.20913635553555
4799,15.7,28.375999450683594,86.0,0.0,6.7,8.4,21.019572427529173,30.41370069927042
4800,15.3,29.42599868774414,80.0,0.0,2.8,8.4,10.174485005775539,22.422139504042878
4801,32.1,29.42599868774414,80.0,0.0,3.5,6.8,24.05496093375646,48.93847265362952
4802,32.8,29.42599868774414,80.0,0.0,2.1,7.5,9.759568361353626,39.63169785294753
4803,30.9,29.42599868774414,80.0,0.0,4.3,8.2,11.722976351926835,39.106083446348784
4804,35.8,29.42599868774414,80.0,0.0,2.9,6.6,23.19207506591548,52.03445254614083
4805,20.8,29.42599868774414,80.0,0.0,7.9,6.4,10.300545488571412,28.010381841999987
4806,34.3,29.42599868774414,80.0,0.0,6.2,6.1,29.65204672961648,55.05643271073153
4807,34.3,29.42599868774414,80.0,0.0,6.7,8.1,11.691120103224971,42.48378407225748
4808,30.7,29.42599868774414,80.0,0.0,2.7,7.7,15.81930555006261,41.773513885043826
4809,38.5,29.42599868774414,80.0,0.0,7.2,6.8,17.733351321553673,50.91334592508757
4810,26.4,29.42599868774414,80.0,0.0,7.2,7.0,14.555827549814305,36.58907928487001
4811,22.9,29.42599868774414,80.0,0.0,6.8,7.8,25.12643963188235,40.48850774231764
4812,31.4,29.42599868774414,80.0,0.0,6.3,6.4,11.174023312714949,39.221816318900466
4813,23.8,29.42599868774414,80.0,0.0,5.7,6.5,24.450435806335015,40.915305064434506
4814,18.4,29.42599868774414,80.0,0.0,4.1,6.3,21.346968165946993,33.34287771616289
4815,22.0,29.42599868774414,80.0,0.0,7.0,7.7,9.287492718806153,28.501244903164306
4816,33.8,29.42599868774414,80.0,0.0,2.7,6.1,10.696772879911787,41.287741015938245
4817,39.6,29.42599868774414,80.0,0.0,3.9,7.0,28.102146819748363,59.271502773823855
4818,22.0,29.42599868774414,80.0,0.0,5.5,7.2,13.844757084209393,31.691329958946575
4819,34.4,29.42599868774414,80.0,0.0,7.0,7.6,24.666351036937403,51.66644572585618
4820,38.2,29.42599868774414,80.0,0.0,2.4,6.6,5.802132294131875,42.261492605892315
4821,27.4,29.42599868774414,80.0,0.0,8.0,6.6,24.60049368195912,44.62034557737138
4822,25.8,29.42599868774414,80.0,0.0,5.9,7.0,18.1882728313932,38.53179098197524
4823,20.8,29.42599868774414,80.0,0.0,6.5,6.4,11.800084468742131,29.06005912811949
4824,38.6,29.42599868774414,80.0,0.0,4.1,7.7,17.0419619629471,50.52937337406297
4825,35.4,29.42599868774414,80.0,0.0,7.4,7.4,21.157165493022294,50.210015845115606
4826,15.8,29.42599868774414,80.0,0.0,5.3,7.2,6.512465904098864,20.358726132869204
4827,16.8,29.42599868774414,80.0,0.0,5.3,8.2,29.881197336333756,37.71683813543363
4828,16.8,29.42599868774414,80.0,0.0,5.9,6.9,26.870703666257533,35.60949256638027
4829,37.4,29.42599868774414,80.0,0.0,7.8,8.2,8.34521967471128,43.241653772297894
4830,18.9,29.42599868774414,80.0,0.0,5.8,8.4,20.791521429948034,33.454065000963624
4831,39.8,29.42599868774414,80.0,0.0,2.2,6.3,22.777279346770378,55.74409554273926
4832,28.2,29.42599868774414,80.0,0.0,5.7,7.2,10.64748694817025,35.653240863719176
4833,30.4,29.42599868774414,80.0,0.0,6.1,7.1,10.573259824609112,37.80128187722637
4834,30.8,29.42599868774414,80.0,0.0,3.9,6.7,9.435982827050399,37.40518797893528
4835,31.1,29.42599868774414,80.0,0.0,4.9,8.1,5.42843900236762,34.899907301657336
4836,30.7,29.42599868774414,80.0,0.0,2.2,6.1,24.34762339802353,47.74333637861647
4837,39.4,29.42599868774414,80.0,0.0,7.4,7.4,14.469218952288017,49.52845326660161
4838,37.1,29.42599868774414,80.0,0.0,4.1,6.2,14.94543650250315,47.5618055517522
4839,34.4,29.42599868774414,80.0,0.0,7.0,8.1,5.332016282482855,38.132411397738
4840,29.1,29.42599868774414,80.0,0.0,3.1,7.5,25.57115768424956,46.99981037897469
4841,15.6,29.42599868774414,80.0,0.0,4.9,7.2,27.72956487943899,35.01069541560729
4842,19.4,29.42599868774414,80.0,0.0,7.7,6.5,12.67252476409421,28.270767334865944
4843,31.9,29.42599868774414,80.0,0.0,4.0,6.9,13.65084435446779,41.45559104812745
4844,34.3,29.42599868774414,80.0,0.0,2.9,8.3,19.773520899961888,48.14146462997331
4845,26.2,29.42599868774414,80.0,0.0,2.9,8.4,9.945707877718043,33.161995514402626
4846,23.2,29.42599868774414,80.0,0.0,6.8,7.2,25.39422199648696,40.97595539754087
4847,28.0,29.42599868774414,80.0,0.0,7.9,7.9,10.816483512260376,35.57153845858226
4848,33.3,29.42599868774414,80.0,0.0,4.0,7.2,20.392571138267265,47.57479979678708
4849,29.5,29.42599868774414,80.0,0.0,4.2,8.5,16.893021685891796,41.32511518012426
4850,24.5,29.42599868774414,80.0,0.0,5.7,8.2,28.11395386372656,44.179767704608594
4851,17.3,29.42599868774414,80.0,0.0,5.5,8.2,6.762393657256722,22.033675560079708
4852,31.9,29.42599868774414,80.0,0.0,6.4,8.0,6.8777673682387,36.71443715776709
4853,34.3,29.42599868774414,80.0,0.0,7.9,7.4,12.761707652651982,43.233195356856385
4854,36.2,29.42599868774414,80.0,0.0,6.5,7.3,29.79207720561366,57.05445404392957
4855,25.1,29.42599868774414,80.0,0.0,5.9,7.8,15.91316113879383,36.23921279715568
4856,20.2,29.42599868774414,80.0,0.0,7.2,7.2,27.22154590456865,39.25508213319805
4857,18.1,29.42599868774414,80.0,0.0,3.3,7.5,20.514132963240215,32.45989307426815
4858,36.6,29.42599868774414,80.0,0.0,5.5,7.2,5.604677324523061,40.52327412716615
4859,17.9,29.42599868774414,80.0,0.0,6.2,6.9,14.14111144513376,27.79877801159363
4860,20.2,30.72599983215332,73.0,0.0,5.7,8.1,21.729128189195976,35.41038973243718
4861,30.3,30.72599983215332,73.0,0.0,3.8,7.5,14.766402093937494,40.63648146575625
4862,16.6,30.72599983215332,73.0,0.0,2.7,6.8,15.870406511921459,27.709284558345022
4863,21.3,30.72599983215332,73.0,0.0,6.7,6.9,18.566766624291716,34.2967366370042
4864,32.8,30.72599983215332,73.0,0.0,7.9,8.4,18.598265134452713,45.818785594116896
4865,19.4,30.72599983215332,73.0,0.0,5.2,7.5,19.990921957020127,33.39364536991408
4866,22.8,30.72599983215332,73.0,0.0,6.4,6.0,16.9790427666688,34.68532993666816
4867,35.9,30.72599983215332,73.0,0.0,6.9,6.8,25.29576890945762,53.60703823662033
4868,25.2,30.72599983215332,73.0,0.0,3.1,7.0,8.754007994209152,31.327805595946405
4869,20.5,30.72599983215332,73.0,0.0,2.2,7.0,27.237511285775454,39.566257900042814
4870,18.8,30.72599983215332,73.0,0.0,4.9,8.0,9.744962666858392,25.621473866800876
4871,29.6,30.72599983215332,73.0,0.0,5.7,8.1,13.756005738361969,39.22920401685338
4872,21.6,30.72599983215332,73.0,0.0,4.7,7.9,27.93849013478668,41.15694309435068
4873,24.4,30.72599983215332,73.0,0.0,2.6,6.8,23.054983520564083,40.53848846439486
4874,37.3,30.72599983215332,73.0,0.0,4.5,8.2,12.168961948150823,45.81827336370557
4875,31.2,30.72599983215332,73.0,0.0,3.1,7.4,18.001505580584045,43.80105390640883
4876,16.7,30.72599983215332,73.0,0.0,3.1,7.8,13.468497055746507,26.127947939022555
4877,25.2,30.72599983215332,73.0,0.0,2.6,7.2,10.545187590716434,32.581631313501504
4878,18.5,30.72599983215332,73.0,0.0,4.5,8.1,11.981616957077428,26.8871318699542
4879,24.8,30.72599983215332,73.0,0.0,2.6,6.9,24.068435673648786,41.64790497155415
4880,24.5,30.72599983215332,73.0,0.0,3.0,7.7,10.098998482439086,31.56929893770736
4881,22.5,30.72599983215332,73.0,0.0,2.9,8.0,25.91329768106215,40.6393083767435
4882,32.2,30.72599983215332,73.0,0.0,8.0,7.7,9.415745273463621,38.79102169142454
4883,37.0,30.72599983215332,73.0,0.0,3.3,8.0,12.05710830673802,45.43997581471661
4884,26.9,30.72599983215332,73.0,0.0,3.6,8.1,9.691593174182914,33.68411522192804
4885,38.5,30.72599983215332,73.0,0.0,7.9,7.8,10.610269772610792,45.927188840827554
4886,38.6,30.72599983215332,73.0,0.0,2.3,6.1,7.389302165230614,43.77251151566143
4887,28.6,30.72599983215332,73.0,0.0,2.2,6.3,27.44086109264858,47.808602764854
4888,19.3,30.72599983215332,73.0,0.0,3.3,6.6,21.324515982316136,34.22716118762129
4889,39.3,30.72599983215332,73.0,0.0,7.7,6.6,29.05448416032682,59.63813891222877
4890,17.2,30.72599983215332,73.0,0.0,5.6,6.7,16.23445808829301,28.564120661805106
4891,29.6,30.72599983215332,73.0,0.0,6.6,6.5,25.1686000841422,47.21802005889954
4892,23.6,30.72599983215332,73.0,0.0,5.7,8.0,20.83596464197104,38.185175249379725
4893,32.7,30.72599983215332,73.0,0.0,7.0,6.5,14.638742826733452,42.94711997871342
4894,33.8,30.72599983215332,73.0,0.0,4.0,8.1,19.326997467425965,47.328898227198174
4895,38.8,30.72599983215332,73.0,0.0,2.6,7.3,5.978027850837307,42.98461949558611
4896,40.0,30.72599983215332,73.0,0.0,6.2,6.8,18.344133319295942,52.84089332350716
4897,33.7,30.72599983215332,73.0,0.0,3.1,6.3,25.01387710571854,51.20971397400298
4898,24.6,30.72599983215332,73.0,0.0,2.5,6.1,16.40973007070854,36.08681104949598
4899,37.2,30.72599983215332,73.0,0.0,4.3,7.8,14.603123310110323,47.42218631707723
4900,17.8,30.72599983215332,73.0,0.0,4.0,7.0,28.916589177736935,38.04161242441585
4901,31.6,30.72599983215332,73.0,0.0,4.7,7.2,26.8891176323547,50.42238234264829
4902,24.9,30.72599983215332,73.0,0.0,5.4,6.1,12.940296378372874,33.95820746486101
4903,32.7,30.72599983215332,73.0,0.0,2.5,6.1,17.258443831546362,44.78091068208246
4904,33.3,30.72599983215332,73.0,0.0,4.6,6.8,20.808042167489052,47.86562951724233
4905,36.3,30.72599983215332,73.0,0.0,7.4,6.2,15.402789422180536,47.081952595526374
4906,27.5,30.72599983215332,73.0,0.0,4.5,7.3,19.548669064246678,41.18406834497267
4907,29.1,30.72599983215332,73.0,0.0,2.7,7.7,12.108271971188673,37.57579037983207
4908,27.1,30.72599983215332,73.0,0.0,7.4,8.3,29.463394286616634,47.72437600063164
4909,23.5,30.72599983215332,73.0,0.0,2.8,6.7,28.085188323229197,43.15963182626044
4910,22.6,30.72599983215332,73.0,0.0,6.5,7.3,12.477583956626113,31.33430876963828
4911,26.5,30.72599983215332,73.0,0.0,4.4,6.1,15.091320071684118,37.06392405017888
4912,15.4,30.72599983215332,73.0,0.0,7.5,7.1,13.447040958239718,24.812928670767803
4913,33.4,30.72599983215332,73.0,0.0,5.6,7.5,15.30661768509015,44.114632379563105
4914,38.5,30.72599983215332,73.0,0.0,3.4,7.2,12.217209211242107,47.05204644786947
4915,16.5,30.72599983215332,73.0,0.0,5.3,7.7,9.648921786479754,23.254245250535828
4916,18.6,30.72599983215332,73.0,0.0,6.8,6.5,5.886511335788303,22.720557935051815
4917,27.7,30.72599983215332,73.0,0.0,6.8,6.4,21.747354830989412,42.923148381692585
4918,35.0,30.72599983215332,73.0,0.0,3.3,7.6,27.642256933485356,54.34957985343975
4919,15.1,30.72599983215332,73.0,0.0,3.6,8.4,8.080913812281263,20.756639668596883
4920,27.3,31.92599868774414,66.0,0.0,2.2,7.1,17.332861557653885,39.433003090357715
4921,18.8,31.92599868774414,66.0,0.0,6.4,8.1,10.666362927853505,26.266454049497455
4922,15.5,31.92599868774414,66.0,0.0,7.0,6.4,17.713649104968255,27.899554373477777
4923,33.2,31.92599868774414,66.0,0.0,6.1,8.2,14.771250329461505,43.53987523062305
4924,15.0,31.92599868774414,66.0,0.0,2.2,8.3,21.719223914343083,30.203456740040156
4925,26.0,31.92599868774414,66.0,0.0,5.9,6.4,6.834589862379202,30.78421290366544
4926,33.5,31.92599868774414,66.0,0.0,2.9,8.3,8.85277593904344,39.69694315733041
4927,18.4,31.92599868774414,66.0,0.0,4.9,7.7,19.947665492042013,32.36336584442941
4928,19.8,31.92599868774414,66.0,0.0,3.1,6.2,10.330931746543126,27.03165222258019
4929,24.6,31.92599868774414,66.0,0.0,5.8,7.0,17.847985882056236,37.09359011743936
4930,25.3,31.92599868774414,66.0,0.0,6.1,7.1,24.793898136372494,42.655728695460745
4931,39.0,31.92599868774414,66.0,0.0,2.6,6.0,25.353780771845734,56.74764654029201
4932,32.4,31.92599868774414,66.0,0.0,4.6,8.2,6.9892334188257035,37.29246339317799
4933,16.0,31.92599868774414,66.0,0.0,7.7,6.5,27.4996975110971,35.24978825776797
4934,37.5,31.92599868774414,66.0,0.0,5.3,7.4,14.057522616119437,47.3402658312836
4935,25.2,31.92599868774414,66.0,0.0,7.7,6.5,24.930707785565403,42.651495449895776
4936,18.2,31.92599868774414,66.0,0.0,5.0,8.3,14.863817379333787,28.60467216553365
4937,27.8,31.92599868774414,66.0,0.0,3.3,7.1,6.150023504621256,32.10501645323488
4938,25.2,31.92599868774414,66.0,0.0,2.8,6.3,15.186856621145216,35.83079963480165
4939,32.8,31.92599868774414,66.0,0.0,6.9,6.7,25.672537132066086,50.77077599244626
4940,20.8,31.92599868774414,66.0,0.0,3.2,6.8,5.616669021989017,24.731668315392312
4941,31.4,31.92599868774414,66.0,0.0,7.3,6.2,25.91321135874917,49.539247951124416
4942,38.6,31.92599868774414,66.0,0.0,5.8,8.5,29.778380158888083,59.44486611122166
4943,38.2,31.92599868774414,66.0,0.0,2.0,7.2,9.215806006248702,44.651064204374094
4944,20.5,31.92599868774414,66.0,0.0,2.5,6.0,12.101818653895553,28.971273057726886
4945,19.0,31.92599868774414,66.0,0.0,6.7,6.7,18.084727062221333,31.659308943554933
4946,27.2,31.92599868774414,66.0,0.0,3.0,7.4,12.206021359200577,35.7442149514404
4947,15.4,31.92599868774414,66.0,0.0,7.3,6.5,22.09051911397444,30.863363379782108
4948,36.1,31.92599868774414,66.0,0.0,5.2,7.5,13.725015407626946,45.70751078533886
4949,34.3,31.92599868774414,66.0,0.0,2.4,6.8,25.828295683496002,52.37980697844719
4950,35.0,31.92599868774414,66.0,0.0,7.9,7.9,12.154493416137427,43.508145391296196
4951,37.1,31.92599868774414,66.0,0.0,6.4,7.7,10.318785119298227,44.32314958350876
4952,31.4,31.92599868774414,66.0,0.0,6.8,6.7,10.347150169475608,38.64300511863292
4953,23.9,31.92599868774414,66.0,0.0,2.6,7.4,15.682730956906934,34.87791166983485
4954,19.7,31.92599868774414,66.0,0.0,6.0,7.3,6.332493487198216,24.13274544103875
4955,23.9,31.92599868774414,66.0,0.0,3.0,6.2,6.833546953030032,28.683482867121022
4956,17.8,31.92599868774414,66.0,0.0,7.2,8.2,11.129502511084517,25.59065175775916
4957,18.7,31.92599868774414,66.0,0.0,7.1,6.6,9.464528400432036,25.325169880302425
4958,21.5,31.92599868774414,66.0,0.0,2.2,7.5,27.517600376858553,40.76232026380099
4959,34.6,31.92599868774414,66.0,0.0,3.3,8.1,7.255211995121828,39.67864839658528
4960,37.4,31.92599868774414,66.0,0.0,2.4,7.5,15.908178407063469,48.53572488494443
4961,27.0,31.92599868774414,66.0,0.0,7.5,8.0,19.34608516889831,40.54225961822881
4962,15.1,31.92599868774414,66.0,0.0,4.3,6.5,13.39570345966,24.476992421762
4963,22.4,31.92599868774414,66.0,0.0,2.6,7.5,12.119639334162773,30.88374753391394
4964,21.5,31.92599868774414,66.0,0.0,5.0,7.7,9.288638095788391,28.00204666705187
4965,36.5,31.92599868774414,66.0,0.0,7.0,6.0,22.892734288609212,52.52491400202645
4966,15.8,31.92599868774414,66.0,0.0,4.5,8.4,7.343708944752789,20.940596261326952
4967,19.3,31.92599868774414,66.0,0.0,6.1,8.2,25.14051830039353,36.89836281027547
4968,34.6,31.92599868774414,66.0,0.0,2.5,7.7,8.112577870367204,40.27880450925704
4969,36.6,31.92599868774414,66.0,0.0,7.1,7.7,11.114933519040322,44.38045346332822
4970,28.1,31.92599868774414,66.0,0.0,5.2,6.2,15.398833023522137,38.8791831164655
4971,27.4,31.92599868774414,66.0,0.0,5.8,6.3,21.18505445988332,42.229538121918324
4972,39.0,31.92599868774414,66.0,0.0,4.6,7.9,24.418105579499294,56.092673905649505
4973,28.6,31.92599868774414,66.0,0.0,3.7,8.2,18.199719264340818,41.33980348503857
4974,18.4,31.92599868774414,66.0,0.0,2.2,7.4,28.995079741597326,38.696555819118124
4975,21.9,31.92599868774414,66.0,0.0,6.1,6.5,7.7090799027919665,27.296355931954373
4976,36.4,31.92599868774414,66.0,0.0,5.2,8.4,26.27518436417734,54.792629054924134
4977,21.4,31.92599868774414,66.0,0.0,7.8,7.7,12.033559627386499,29.82349173917055
4978,35.7,31.92599868774414,66.0,0.0,2.2,8.1,29.401075430742708,56.280752801519895
4979,23.1,31.92599868774414,66.0,0.0,3.5,7.7,20.435054247141593,37.404537972999115
4980,20.6,32.875999450683594,62.0,0.0,6.7,7.6,27.53313372362817,39.873193606539715
4981,20.7,32.875999450683594,62.0,0.0,7.3,6.7,24.037473379267013,37.52623136548691
4982,15.8,32.875999450683594,62.0,0.0,4.1,6.7,26.199159723294418,34.13941180630609
4983,33.5,32.875999450683594,62.0,0.0,7.0,6.4,11.537417429557962,41.57619220069057
4984,16.0,32.875999450683594,62.0,0.0,5.8,8.2,18.053615067980452,28.637530547586316
4985,24.8,32.875999450683594,62.0,0.0,2.1,7.2,14.21878106428049,34.75314674499634
4986,34.2,32.875999450683594,62.0,0.0,6.3,7.9,11.728526584238962,42.409968608967276
4987,36.8,32.875999450683594,62.0,0.0,7.6,7.2,26.411862114567658,55.28830348019736
4988,26.9,32.875999450683594,62.0,0.0,6.3,8.5,21.30093230864692,41.81065261605284
4989,36.0,32.875999450683594,62.0,0.0,5.7,6.1,11.253370885540713,43.8773596198785
4990,23.4,32.875999450683594,62.0,0.0,3.0,7.7,7.282524422406443,28.49776709568451
4991,22.2,32.875999450683594,62.0,0.0,4.9,6.4,20.144243564109523,36.300970494876665
4992,25.7,32.875999450683594,62.0,0.0,5.0,6.2,15.501992741055233,36.551394918738666
4993,30.9,32.875999450683594,62.0,0.0,5.9,7.2,9.610002315831652,37.62700162108216
4994,26.1,32.875999450683594,62.0,0.0,2.1,7.2,9.883390784858712,33.0183735494011
4995,18.5,32.875999450683594,62.0,0.0,6.1,6.3,22.667574138175326,34.36730189672273
4996,29.6,32.875999450683594,62.0,0.0,3.7,8.0,8.876501494754649,35.81355104632826
4997,26.8,32.875999450683594,62.0,0.0,5.2,8.0,5.3451815760831005,30.541627103258172
4998,22.5,32.875999450683594,62.0,0.0,7.3,6.4,5.785555172931648,26.549888621052155
4999,35.8,32.875999450683594,62.0,0.0,7.3,6.2,26.79070965414406,54.55349675790084
5000,37.9,32.875999450683594,62.0,0.0,5.6,7.0,14.717084688612513,48.20195928202875
5001,30.2,32.875999450683594,62.0,0.0,5.8,7.3,24.720937888591585,47.50465652201411
5002,18.3,32.875999450683594,62.0,0.0,3.2,7.4,13.937939420107002,28.056557594074903
5003,31.3,32.875999450683594,62.0,0.0,7.3,7.2,9.618884361534683,38.033219053074276
5004,20.4,32.875999450683594,62.0,0.0,3.4,7.9,10.992071133219287,28.0944497932535
5005,21.1,32.875999450683594,62.0,0.0,2.1,8.0,10.838353874384126,28.68684771206889
5006,18.8,32.875999450683594,62.0,0.0,7.0,8.1,20.294398157984777,33.00607871058934
5007,34.2,32.875999450683594,62.0,0.0,6.0,6.8,25.820945115509854,52.2746615808569
5008,34.1,32.875999450683594,62.0,0.0,3.9,7.8,26.179373088012035,52.42556116160843
5009,18.3,32.875999450683594,62.0,0.0,6.7,6.5,5.016016004940428,21.8112112034583
5010,31.0,32.875999450683594,62.0,0.0,5.9,7.3,26.08629310334808,49.26040517234365
5011,15.5,32.875999450683594,62.0,0.0,5.0,6.6,6.146735475282057,19.80271483269744
5012,27.7,32.875999450683594,62.0,0.0,2.6,7.6,6.257214707739024,32.080050295417315
5013,30.9,32.875999450683594,62.0,0.0,5.1,6.6,6.482211401102173,35.43754798077152
5014,24.0,32.875999450683594,62.0,0.0,5.3,7.4,10.646207373490437,31.452345161443304
5015,34.4,32.875999450683594,62.0,0.0,2.2,6.7,22.912344901619708,50.43864143113379
5016,35.0,32.875999450683594,62.0,0.0,6.2,7.8,5.1920989441416445,38.63446926089915
5017,19.3,32.875999450683594,62.0,0.0,2.2,7.1,13.428619009307548,28.700033306515284
5018,37.7,32.875999450683594,62.0,0.0,4.2,6.6,9.508695971770413,44.35608718023929
5019,24.3,32.875999450683594,62.0,0.0,3.3,7.8,22.795691884561766,40.256984319193236
5020,36.8,32.875999450683594,62.0,0.0,2.4,7.9,17.86114432473754,49.30280102731628
5021,33.0,32.875999450683594,62.0,0.0,7.4,7.5,16.125312912012813,44.287719038408966
5022,31.2,32.875999450683594,62.0,0.0,5.8,7.9,18.80668441930624,44.36467909351437
5023,28.3,32.875999450683594,62.0,0.0,6.9,6.9,24.754224345119344,45.62795704158354
5024,18.3,32.875999450683594,62.0,0.0,3.2,7.0,28.287171464610516,38.101020025227356
5025,30.5,32.875999450683594,62.0,0.0,6.7,7.6,24.400680174598627,47.58047612221904
5026,26.0,32.875999450683594,62.0,0.0,6.1,6.5,5.937831646289158,30.15648215240241
5027,27.8,32.875999450683594,62.0,0.0,3.2,7.4,23.557367234269837,44.290157063988886
5028,33.1,32.875999450683594,62.0,0.0,2.5,8.3,22.249974033396658,48.674981823377664
5029,19.0,32.875999450683594,62.0,0.0,2.8,7.5,16.62951027620641,30.640657193344488
5030,21.7,32.875999450683594,62.0,0.0,5.7,6.2,26.265312894047277,40.08571902583309
5031,26.3,32.875999450683594,62.0,0.0,6.2,7.6,22.799941742412372,42.25995921968866
5032,24.6,32.875999450683594,62.0,0.0,8.0,6.1,7.473380837551023,29.831366586285718
5033,19.6,32.875999450683594,62.0,0.0,4.2,8.4,9.993470526117708,26.595429368282396
5034,25.2,32.875999450683594,62.0,0.0,6.4,8.2,19.211091269611927,38.64776388872835
5035,32.2,32.875999450683594,62.0,0.0,4.2,8.4,7.066329570991831,37.146430699694285
5036,35.7,32.875999450683594,62.0,0.0,3.4,8.5,20.841331065739233,50.28893174601747
5037,36.3,32.875999450683594,62.0,0.0,6.8,8.2,21.094413349491372,51.066089344643956
5038,34.2,32.875999450683594,62.0,0.0,4.8,7.5,22.358575161920715,49.851002613344505
5039,35.0,32.875999450683594,62.0,0.0,5.2,7.6,9.163901219637081,41.41473085374596
5040,16.2,33.676002502441406,59.0,0.0,7.9,7.5,16.971654862941058,28.08015840405874
5041,37.6,33.676002502441406,59.0,0.0,6.6,6.1,11.253725593329765,45.477607915330836
5042,22.9,33.676002502441406,59.0,0.0,2.3,7.8,26.591864980496318,41.514305486347425
5043,36.7,33.676002502441406,59.0,0.0,4.8,6.6,10.174431406346901,43.82210198444283
5044,16.0,33.676002502441406,59.0,0.0,2.6,7.4,7.409249051224843,21.18647433585739
5045,33.5,33.676002502441406,59.0,0.0,2.7,8.2,21.013952942840504,48.20976705998835
5046,36.2,33.676002502441406,59.0,0.0,2.1,6.9,23.003997841989978,52.302798489392984
5047,37.0,33.676002502441406,59.0,0.0,3.0,6.1,16.408386632311085,48.485870642617755
5048,26.8,33.676002502441406,59.0,0.0,6.2,7.5,20.883538416188763,41.41847689133213
5049,39.0,33.676002502441406,59.0,0.0,5.0,7.3,13.765523562010543,48.63586649340738
5050,19.1,33.676002502441406,59.0,0.0,2.1,6.2,18.116614779371012,31.78163034555971
5051,34.2,33.676002502441406,59.0,0.0,4.5,8.1,13.59110228726276,43.713771601083934
5052,25.9,33.676002502441406,59.0,0.0,7.0,8.0,26.76311510988867,44.63418057692206
5053,15.5,33.676002502441406,59.0,0.0,4.6,7.5,28.215255231343583,35.25067866194051
5054,32.3,33.676002502441406,59.0,0.0,6.1,8.2,16.731782645889027,44.012247852122314
5055,26.6,33.676002502441406,59.0,0.0,7.3,7.8,27.493829943123693,45.845680960186584
5056,36.4,33.676002502441406,59.0,0.0,5.4,6.0,16.879091841081795,48.21536428875726
5057,22.8,33.676002502441406,59.0,0.0,7.7,8.5,24.590533093634633,40.01337316554424
5058,16.7,33.676002502441406,59.0,0.0,7.9,7.3,23.911167650833388,33.43781735558337
5059,27.6,33.676002502441406,59.0,0.0,6.2,7.0,10.947850583973915,35.26349540878174
5060,21.2,33.676002502441406,59.0,0.0,5.0,7.5,10.314915540798173,28.420440878558722
5061,35.6,33.676002502441406,59.0,0.0,7.8,8.4,28.94662571702548,55.86263800191784
5062,28.5,33.676002502441406,59.0,0.0,5.1,7.7,17.194788918368893,40.53635224285823
5063,16.0,33.676002502441406,59.0,0.0,3.1,7.5,28.084612070748,35.659228449523596
5064,19.7,33.676002502441406,59.0,0.0,7.0,6.2,25.649276768701156,37.65449373809081
5065,20.0,33.676002502441406,59.0,0.0,6.4,6.6,15.136603708040287,30.5956225956282
5066,28.8,33.676002502441406,59.0,0.0,5.6,7.2,8.796765649902023,34.957735954931415
5067,23.2,33.676002502441406,59.0,0.0,4.6,7.0,27.625124284291118,42.53758699900378
5068,25.0,33.676002502441406,59.0,0.0,6.8,7.5,13.385774619396368,34.37004223357746
5069,33.5,33.676002502441406,59.0,0.0,3.5,6.3,29.780069028712806,54.34604832009896
5070,28.6,33.676002502441406,59.0,0.0,4.6,6.8,17.94910933588293,41.16437653511805
5071,38.1,33.676002502441406,59.0,0.0,4.0,6.1,9.20830445747917,44.54581312023542
5072,16.2,33.676002502441406,59.0,0.0,3.5,7.1,10.938768920634244,23.85713824444397
5073,20.7,33.676002502441406,59.0,0.0,6.1,7.3,25.57452038707012,38.60216427094908
5074,22.8,33.676002502441406,59.0,0.0,7.3,7.9,14.411466087786188,32.888026261450335
5075,21.6,33.676002502441406,59.0,0.0,2.1,7.0,20.359125444666773,35.85138781126674
5076,16.9,33.676002502441406,59.0,0.0,2.8,7.6,26.672663527705044,35.57086446939353
5077,33.7,33.676002502441406,59.0,0.0,7.2,7.4,22.612858788625918,49.52900115203815
5078,35.4,33.676002502441406,59.0,0.0,6.2,6.4,28.961969670376053,55.67337876926324
5079,35.2,33.676002502441406,59.0,0.0,6.5,8.2,13.805423199786974,44.863796239850885
5080,33.1,33.676002502441406,59.0,0.0,7.7,7.9,17.492696463338255,45.344887524336784
5081,24.4,33.676002502441406,59.0,0.0,6.5,8.1,23.93128780478912,41.15190146335239
5082,32.2,33.676002502441406,59.0,0.0,3.0,8.5,11.027036455082435,39.91892551855771
5083,27.3,33.676002502441406,59.0,0.0,4.9,8.4,20.607835251017985,41.72548467571259
5084,26.5,33.676002502441406,59.0,0.0,5.8,6.4,5.581948365794433,30.4073638560561
5085,22.1,33.676002502441406,59.0,0.0,2.0,7.5,17.1663820622404,34.11646744356828
5086,33.1,33.676002502441406,59.0,0.0,5.3,6.8,14.31007495596535,43.117052469175746
5087,29.1,33.676002502441406,59.0,0.0,6.5,8.1,18.985294696500127,42.38970628755009
5088,22.8,33.676002502441406,59.0,0.0,7.1,6.2,8.527103961256927,28.76897277287985
5089,37.7,33.676002502441406,59.0,0.0,3.9,8.2,26.325606290173063,56.12792440312114
5090,19.0,33.676002502441406,59.0,0.0,5.6,8.2,18.169539419717008,31.718677593801907
5091,15.6,33.676002502441406,59.0,0.0,3.0,7.8,5.69255072643655,19.584785508505583
5092,16.8,33.676002502441406,59.0,0.0,6.7,6.6,24.913631776235473,34.23954224336483
5093,20.5,33.676002502441406,59.0,0.0,4.3,8.0,23.319757826795115,36.82383047875658
5094,28.3,33.676002502441406,59.0,0.0,6.2,6.9,15.81799972976219,39.372599810833535
5095,27.4,33.676002502441406,59.0,0.0,2.9,6.1,22.16874163997586,42.9181191479831
5096,24.6,33.676002502441406,59.0,0.0,7.7,7.3,29.97060873364843,45.5794261135539
5097,21.6,33.676002502441406,59.0,0.0,6.5,6.3,19.15373779488507,35.00761645641955
5098,28.7,33.676002502441406,59.0,0.0,5.4,7.4,27.31250043754177,47.81875030627924
5099,31.5,33.676002502441406,59.0,0.0,2.4,7.2,16.29812328509382,42.90868629956567
5100,20.4,34.22600173950195,56.0,0.0,6.6,8.5,5.141870481365528,23.999309336955868
5101,21.2,34.22600173950195,56.0,0.0,2.7,7.5,15.288224541393094,31.901757178975163
5102,23.9,34.22600173950195,56.0,0.0,4.1,6.5,26.26585596675711,42.28609917672998
5103,22.4,34.22600173950195,56.0,0.0,5.6,8.0,19.261341202649064,35.88293884185434
5104,29.8,34.22600173950195,56.0,0.0,7.2,7.5,7.952801041430678,35.36696072900148
5105,15.2,34.22600173950195,56.0,0.0,5.4,7.5,5.887072935153626,19.320951054607537
5106,29.6,34.22600173950195,56.0,0.0,2.1,7.2,22.898185568890053,45.62872989822304
5107,20.8,34.22600173950195,56.0,0.0,6.8,7.7,26.291816340677375,39.204271438474166
5108,17.9,34.22600173950195,56.0,0.0,6.2,6.4,29.722168825094172,38.70551817756592
5109,20.2,34.22600173950195,56.0,0.0,7.7,7.4,14.463399476339058,30.32437963343734
5110,39.3,34.22600173950195,56.0,0.0,4.7,8.2,17.537651375228492,51.57635596265994
5111,25.1,34.22600173950195,56.0,0.0,7.5,8.2,16.76412400874274,36.83488680611992
5112,30.4,34.22600173950195,56.0,0.0,6.3,8.1,13.879705993001158,40.11579419510081
5113,31.7,34.22600173950195,56.0,0.0,6.6,6.1,14.49918270664922,41.849427894654454
5114,28.0,34.22600173950195,56.0,0.0,7.4,6.4,28.27291548643148,47.791040840502035
5115,19.1,34.22600173950195,56.0,0.0,7.9,8.2,9.888017530822268,26.021612271575588
5116,21.0,34.22600173950195,56.0,0.0,4.0,7.2,14.243565859075883,30.970496101353117
5117,18.9,34.22600173950195,56.0,0.0,7.1,7.6,25.58284724893275,36.80799307425292
5118,37.0,34.22600173950195,56.0,0.0,4.4,8.3,12.740063363719468,45.91804435460362
5119,31.2,34.22600173950195,56.0,0.0,5.9,8.4,8.493883854786532,37.14571869835057
5120,15.7,34.22600173950195,56.0,0.0,2.2,7.1,5.601212073958285,19.620848451770797
5121,37.9,34.22600173950195,56.0,0.0,7.3,7.8,16.487186345590388,49.44103044191327
5122,21.1,34.22600173950195,56.0,0.0,4.3,7.4,20.44103211132892,35.40872247793024
5123,21.1,34.22600173950195,56.0,0.0,5.4,7.9,15.280701885584076,31.796491319908853
5124,39.5,34.22600173950195,56.0,0.0,7.0,6.2,10.751140597486598,47.02579841824062
5125,38.2,34.22600173950195,56.0,0.0,4.1,7.6,20.260000307805853,52.3820002154641
5126,24.8,34.22600173950195,56.0,0.0,7.5,7.0,28.345364121279108,44.64175488489538
5127,38.2,34.22600173950195,56.0,0.0,5.1,7.4,21.721705737877855,53.4051940165145
5128,21.3,34.22600173950195,56.0,0.0,3.4,6.5,19.959961177740205,35.27197282441814
5129,17.2,34.22600173950195,56.0,0.0,3.1,6.8,27.031186475818217,36.12183053307275
5130,32.7,34.22600173950195,56.0,0.0,5.6,7.0,11.17165058910919,40.52015541237643
5131,32.4,34.22600173950195,56.0,0.0,2.6,6.8,27.208657930879497,51.446060551615645
5132,16.4,34.22600173950195,56.0,0.0,4.1,7.9,24.70168660437113,33.69118062305979
5133,25.7,34.22600173950195,56.0,0.0,6.3,6.8,25.075315540477874,43.252720878334515
5134,17.5,34.22600173950195,56.0,0.0,3.3,6.3,6.1301284484703,21.79108991392921
5135,23.0,34.22600173950195,56.0,0.0,3.4,7.1,16.119979840348563,34.28398588824399
5136,25.4,34.22600173950195,56.0,0.0,2.2,7.2,17.052391969451854,37.336674378616294
5137,34.7,34.22600173950195,56.0,0.0,2.4,7.7,18.41809355445846,47.59266548812092
5138,21.4,34.22600173950195,56.0,0.0,3.1,7.3,7.891082793893471,26.923757955725428
5139,37.3,34.22600173950195,56.0,0.0,5.5,7.1,16.504314826381503,48.85302037846705
5140,34.1,34.22600173950195,56.0,0.0,2.2,8.1,23.50113680660158,50.55079576462111
5141,35.8,34.22600173950195,56.0,0.0,4.3,6.0,25.49651210138446,53.647558470969116
5142,33.8,34.22600173950195,56.0,0.0,4.2,7.1,13.893427333653579,43.5253991335575
5143,23.1,34.22600173950195,56.0,0.0,7.8,7.2,24.281204167661016,40.09684291736271
5144,28.0,34.22600173950195,56.0,0.0,2.2,7.1,6.153925027506364,32.307747519254455
5145,32.2,34.22600173950195,56.0,0.0,7.6,7.2,10.036893479139227,39.22582543539746
5146,18.0,34.22600173950195,56.0,0.0,3.2,7.1,12.991232183800648,27.093862528660452
5147,32.7,34.22600173950195,56.0,0.0,3.6,8.2,12.689598100663867,41.58271867046471
5148,36.9,34.22600173950195,56.0,0.0,6.8,7.6,27.78530169838802,56.34971118887161
5149,34.6,34.22600173950195,56.0,0.0,7.5,7.4,7.2522762585643425,39.676593380995044
5150,34.3,34.22600173950195,56.0,0.0,4.8,6.4,27.247529670686358,53.37327076948044
5151,22.9,34.22600173950195,56.0,0.0,6.1,6.2,8.101596047735233,28.57111723341466
5152,19.1,34.22600173950195,56.0,0.0,7.8,6.6,21.82097629081989,34.374683403573925
5153,31.6,34.22600173950195,56.0,0.0,3.4,6.1,24.26269979828084,48.58388985879659
5154,16.8,34.22600173950195,56.0,0.0,2.4,8.0,9.44092020077634,23.408644140543437
5155,38.6,34.22600173950195,56.0,0.0,2.6,7.9,27.657671136546163,57.96036979558231
5156,20.1,34.22600173950195,56.0,0.0,3.4,7.4,9.270178810034665,26.589125167024267
5157,17.0,34.22600173950195,56.0,0.0,4.0,6.7,22.68403417418476,32.87882392192933
5158,37.5,34.22600173950195,56.0,0.0,6.0,6.2,18.008008456868755,50.10560591980813
5159,29.7,34.22600173950195,56.0,0.0,5.7,6.7,21.381025860809935,44.66671810256695
5160,32.2,34.676002502441406,53.0,0.0,7.9,7.2,19.52765631485547,45.86935942039883
5161,16.5,34.676002502441406,53.0,0.0,7.2,6.7,28.44576808024666,36.41203765617266
5162,33.4,34.676002502441406,53.0,0.0,4.6,6.1,6.770523434005222,38.139366403803656
5163,22.2,34.676002502441406,53.0,0.0,4.8,7.4,22.366431423207754,37.85650199624543
5164,27.4,34.676002502441406,53.0,0.0,7.8,7.1,11.766855398372554,35.636798778860786
5165,21.5,34.676002502441406,53.0,0.0,3.1,8.5,7.037392299852225,26.426174609896556
5166,27.6,34.676002502441406,53.0,0.0,2.1,7.8,15.218983180274735,38.25328822619232
5167,21.3,34.676002502441406,53.0,0.0,5.2,8.1,13.076898731492054,30.45382911204444
5168,36.4,34.676002502441406,53.0,0.0,7.6,6.4,6.520825194901692,40.96457763643118
5169,39.3,34.676002502441406,53.0,0.0,2.7,7.2,21.068762266231538,54.04813358636207
5170,36.0,34.676002502441406,53.0,0.0,6.7,7.2,11.210984319584181,43.847689023708924
5171,16.4,34.676002502441406,53.0,0.0,6.2,6.8,29.81388227176305,37.26971759023413
5172,36.8,34.676002502441406,53.0,0.0,3.6,8.2,21.765255244479775,52.03567867113584
5173,17.1,34.676002502441406,53.0,0.0,8.0,7.2,9.480543015042901,23.736380110530032
5174,34.1,34.676002502441406,53.0,0.0,7.5,6.1,25.62173406852218,52.03521384796552
5175,33.1,34.676002502441406,53.0,0.0,5.9,7.4,29.578867623288293,53.805207336301805
5176,17.9,34.676002502441406,53.0,0.0,4.4,6.5,7.322092726023092,23.02546490821616
5177,39.9,34.676002502441406,53.0,0.0,2.3,7.2,23.305575726755983,56.21390300872919
5178,36.3,34.676002502441406,53.0,0.0,6.6,6.6,9.26514341196301,42.78560038837411
5179,30.1,34.676002502441406,53.0,0.0,2.9,7.8,18.595653242057235,43.116957269440064
5180,36.8,34.676002502441406,53.0,0.0,6.2,7.5,7.797156766643413,42.258009736650386
5181,25.1,34.676002502441406,53.0,0.0,5.0,6.7,27.003727159450587,44.00260901161541
5182,37.7,34.676002502441406,53.0,0.0,7.9,6.1,11.77326862411396,45.941288036879776
5183,35.6,34.676002502441406,53.0,0.0,6.9,7.6,21.781214317568065,50.846850022297645
5184,28.2,34.676002502441406,53.0,0.0,7.5,6.6,8.265388887089715,33.9857722209628
5185,22.3,34.676002502441406,53.0,0.0,2.2,6.2,10.193432493872441,29.43540274571071
5186,32.1,34.676002502441406,53.0,0.0,6.6,7.9,21.121415315074564,46.884990720552196
5187,27.5,34.676002502441406,53.0,0.0,4.5,6.5,27.6622383471241,46.86356684298687
5188,39.9,34.676002502441406,53.0,0.0,2.5,7.3,8.713697147028538,45.99958800291998
5189,37.6,34.676002502441406,53.0,0.0,5.0,6.5,11.614881020463898,45.73041671432473
5190,29.3,34.676002502441406,53.0,0.0,5.9,6.1,20.187453540487112,43.431217478340976
5191,28.6,34.676002502441406,53.0,0.0,6.6,8.4,15.103556885470455,39.17248981982932
5192,35.3,34.676002502441406,53.0,0.0,3.0,6.1,17.208365062284066,47.345855543598844
5193,16.8,34.676002502441406,53.0,0.0,2.6,8.3,6.740029444091992,21.518020610864397
5194,26.9,34.676002502441406,53.0,0.0,2.1,6.3,18.09353489887809,39.56547442921466
5195,19.7,34.676002502441406,53.0,0.0,4.1,7.1,10.053894184484983,26.737725929139486
5196,23.0,34.676002502441406,53.0,0.0,2.4,8.4,12.104133432806398,31.47289340296448
5197,26.3,34.676002502441406,53.0,0.0,6.8,7.0,10.199827289801643,33.43987910286115
5198,31.1,34.676002502441406,53.0,0.0,2.0,8.2,8.966420010040022,37.376494007028015
5199,36.5,34.676002502441406,53.0,0.0,5.6,7.7,18.079095228420726,49.15536665989451
5200,23.1,34.676002502441406,53.0,0.0,4.4,6.2,17.1758531036271,35.12309717253897
5201,31.8,34.676002502441406,53.0,0.0,4.6,7.4,19.546273182524164,45.48239122776691
5202,19.6,34.676002502441406,53.0,0.0,2.4,6.1,19.962650853365233,33.57385559735566
5203,28.6,34.676002502441406,53.0,0.0,6.1,6.8,20.73272190168839,43.11290533118187
5204,27.8,34.676002502441406,53.0,0.0,7.1,7.5,17.030641846692905,39.72144929268504
5205,38.7,34.676002502441406,53.0,0.0,7.7,6.6,21.863344080486797,54.00434085634076
5206,36.7,34.676002502441406,53.0,0.0,4.3,7.0,6.491401175194754,41.24398082263633
5207,17.3,34.676002502441406,53.0,0.0,4.1,7.6,5.206099171354071,20.94426941994785
5208,33.6,34.676002502441406,53.0,0.0,3.2,6.2,28.25416776282437,53.37791743397706
5209,39.0,34.676002502441406,53.0,0.0,7.6,8.0,27.09256563090351,57.96479594163246
5210,34.1,34.676002502441406,53.0,0.0,3.5,6.3,10.352603133911682,41.34682219373818
5211,21.0,34.676002502441406,53.0,0.0,4.9,6.7,27.392260269034768,40.17458218832434
5212,31.1,34.676002502441406,53.0,0.0,3.1,6.7,11.235120203365854,38.9645841423561
5213,38.8,34.676002502441406,53.0,0.0,6.5,6.6,14.240846030043878,48.768592221030715
5214,16.4,34.676002502441406,53.0,0.0,6.2,7.0,15.255543300974493,27.078880310682145
5215,38.7,34.676002502441406,53.0,0.0,4.4,8.3,24.924097132566533,56.14686799279657
5216,18.0,34.676002502441406,53.0,0.0,2.5,8.0,12.52545890832759,26.76782123582931
5217,24.8,34.676002502441406,53.0,0.0,2.6,8.5,19.700624507642807,38.59043715534997
5218,27.0,34.676002502441406,53.0,0.0,6.8,8.5,29.788903064037,47.8522321448259
5219,33.9,34.676002502441406,53.0,0.0,4.1,7.2,19.08366304380674,47.258564130664716
5220,34.5,34.926002502441406,51.0,0.0,4.2,6.7,23.368772236738025,50.85814056571662
5221,28.2,34.926002502441406,51.0,0.0,7.6,6.1,21.36494513465508,43.155461594258554
5222,23.3,34.926002502441406,51.0,0.0,4.5,7.1,15.851008795035208,34.395706156524646
5223,38.5,34.926002502441406,51.0,0.0,7.1,6.9,8.2792658138697,44.29548606970879
5224,20.1,34.926002502441406,51.0,0.0,6.5,6.5,22.038326283171187,35.526828398219834
5225,37.0,34.926002502441406,51.0,0.0,6.5,7.2,14.235358443053704,46.964750910137596
5226,37.0,34.926002502441406,51.0,0.0,7.8,7.8,20.036760822097314,51.02573257546812
5227,23.6,34.926002502441406,51.0,0.0,2.5,8.4,6.415756850377312,28.09102979526412
5228,33.0,34.926002502441406,51.0,0.0,3.0,7.1,10.016891398142246,40.011823978699574
5229,23.7,34.926002502441406,51.0,0.0,4.9,8.1,7.358614737001952,28.851030315901365
5230,17.4,34.926002502441406,51.0,0.0,4.0,7.0,9.484826335766911,24.039378435036838
5231,17.1,34.926002502441406,51.0,0.0,4.6,7.3,26.471269132151637,35.629888392506146
5232,19.0,34.926002502441406,51.0,0.0,6.0,7.2,24.395728628184404,36.07701003972908
5233,27.7,34.926002502441406,51.0,0.0,5.0,7.7,20.048843892933878,41.734190725053715
5234,21.2,34.926002502441406,51.0,0.0,5.5,6.8,16.126229359819334,32.488360551873534
5235,30.6,34.926002502441406,51.0,0.0,3.6,6.5,17.644271115200645,42.950989780640455
5236,18.9,34.926002502441406,51.0,0.0,3.9,7.1,18.948967721102424,32.164277404771696
5237,25.1,34.926002502441406,51.0,0.0,7.4,7.9,25.97567286055268,43.28297100238687
5238,25.8,34.926002502441406,51.0,0.0,4.7,6.6,26.24369854656121,44.17058898259285
5239,38.0,34.926002502441406,51.0,0.0,5.2,8.2,16.746987887615873,49.72289152133111
5240,34.3,34.926002502441406,51.0,0.0,7.9,8.3,28.76657978696639,54.43660585087647
5241,16.4,34.926002502441406,51.0,0.0,5.2,7.9,24.939574247789462,33.85770197345262
5242,34.7,34.926002502441406,51.0,0.0,6.6,8.5,15.087599647324152,45.26131975312691
5243,37.9,34.926002502441406,51.0,0.0,5.6,6.1,9.490763841781806,44.54353468924727
5244,23.5,34.926002502441406,51.0,0.0,6.9,7.4,27.88444816660261,43.019113716621824
5245,35.1,34.926002502441406,51.0,0.0,4.0,7.7,23.639461048023453,51.647622733616416
5246,20.4,34.926002502441406,51.0,0.0,6.5,6.5,5.489511017776678,24.242657712443673
5247,34.5,34.926002502441406,51.0,0.0,3.1,6.2,18.64370378756861,47.550592651298025
5248,16.2,34.926002502441406,51.0,0.0,5.4,7.9,29.183714346694874,36.628600042686415
5249,20.5,34.926002502441406,51.0,0.0,2.4,6.4,19.724885688122143,34.3074199816855
5250,29.9,34.926002502441406,51.0,0.0,4.8,7.0,28.999068890053575,50.199348223037504
5251,29.6,34.926002502441406,51.0,0.0,2.3,6.5,22.744307227691692,45.52101505938418
5252,26.3,34.926002502441406,51.0,0.0,6.2,6.7,11.961664834790309,34.67316538435322
5253,35.8,34.926002502441406,51.0,0.0,7.9,7.4,8.006130233672238,41.40429116357056
5254,32.6,34.926002502441406,51.0,0.0,2.5,6.6,18.85290521293831,45.797033649056814
5255,32.4,34.926002502441406,51.0,0.0,2.5,7.5,24.249953962208764,49.37496777354613
5256,15.8,34.926002502441406,51.0,0.0,3.1,8.1,5.928002100976958,19.94960147068387
5257,39.0,34.926002502441406,51.0,0.0,3.1,6.2,5.7584760686867416,43.03093324808072
5258,36.8,34.926002502441406,51.0,0.0,2.0,7.4,13.636946771048523,46.34586273973396
5259,21.1,34.926002502441406,51.0,0.0,6.9,8.1,14.543958176508854,31.2807707235562
5260,35.2,34.926002502441406,51.0,0.0,7.6,6.9,19.949850886596167,49.164895620617315
5261,17.4,34.926002502441406,51.0,0.0,2.6,6.8,25.749778018499494,35.42484461294964
5262,33.0,34.926002502441406,51.0,0.0,2.1,6.3,13.430712155450507,42.40149850881535
5263,40.0,34.926002502441406,51.0,0.0,2.6,8.3,15.947916772541832,51.16354174077928
5264,15.9,34.926002502441406,51.0,0.0,6.9,7.2,18.119052079848025,28.583336455893615
5265,34.2,34.926002502441406,51.0,0.0,7.9,8.3,5.662119937946137,38.163483956562295
5266,22.6,34.926002502441406,51.0,0.0,5.3,7.7,15.26819458058608,33.28773620641026
5267,29.6,34.926002502441406,51.0,0.0,3.1,6.1,7.9015444970657915,35.131081147946055
5268,27.6,34.926002502441406,51.0,0.0,7.9,6.8,21.855662553306782,42.89896378731475
5269,34.3,34.926002502441406,51.0,0.0,7.5,6.7,18.449552776974585,47.21468694388221
5270,29.8,34.926002502441406,51.0,0.0,2.5,7.8,28.755728875066538,49.92901021254657
5271,18.7,34.926002502441406,51.0,0.0,4.2,7.6,20.593045237436492,33.11513166620554
5272,35.0,34.926002502441406,51.0,0.0,4.7,8.1,28.722249476525263,55.105574633567684
5273,28.4,34.926002502441406,51.0,0.0,2.8,8.2,6.968342586479316,33.27783981053552
5274,33.2,34.926002502441406,51.0,0.0,4.4,7.7,27.28552467500146,52.299867272501025
5275,33.3,34.926002502441406,51.0,0.0,7.0,6.6,18.910759959576044,46.53753197170323
5276,33.6,34.926002502441406,51.0,0.0,7.6,8.5,6.692550672802298,38.28478547096161
5277,32.3,34.926002502441406,51.0,0.0,6.7,6.9,18.210754479199476,45.04752813543963
5278,22.3,34.926002502441406,51.0,0.0,7.9,6.7,7.251867781341554,27.376307446939087
5279,32.3,34.926002502441406,51.0,0.0,5.6,7.3,26.043441333193336,50.530408933235336
5280,38.2,34.47600173950195,52.0,0.0,7.9,6.5,23.287238355993306,54.50106684919531
5281,22.9,34.47600173950195,52.0,0.0,2.3,8.2,19.701174209443128,36.690821946610185
5282,39.5,34.47600173950195,52.0,0.0,7.4,7.3,12.268111852869128,48.08767829700839
5283,28.5,34.47600173950195,52.0,0.0,3.3,6.3,10.377445913536274,35.76421213947539
5284,20.3,34.47600173950195,52.0,0.0,5.1,6.8,17.326903657833533,32.42883256048347
5285,29.2,34.47600173950195,52.0,0.0,3.2,7.7,9.772925595764871,36.04104791703541
5286,21.4,34.47600173950195,52.0,0.0,2.9,6.5,20.35962766508787,35.65173936556151
5287,16.6,34.47600173950195,52.0,0.0,5.9,6.8,22.807403955918293,32.56518276914281
5288,31.8,34.47600173950195,52.0,0.0,2.2,6.0,23.606744681732003,48.324721277212404
5289,31.8,34.47600173950195,52.0,0.0,5.1,7.6,15.293809783240345,42.50566684826824
5290,15.1,34.47600173950195,52.0,0.0,4.9,6.1,14.32493474826344,25.127454323784406
5291,20.0,34.47600173950195,52.0,0.0,7.2,7.0,17.164109657797688,32.01487676045838
5292,33.8,34.47600173950195,52.0,0.0,5.7,6.4,29.843997487209755,54.69079824104682
5293,20.8,34.47600173950195,52.0,0.0,3.7,6.6,7.06849420625371,25.747945944377598
5294,26.1,34.47600173950195,52.0,0.0,5.9,7.7,18.19393246333488,38.83575272433441
5295,19.4,34.47600173950195,52.0,0.0,7.8,6.7,8.858401830043078,25.600881281030155
5296,17.8,34.47600173950195,52.0,0.0,4.6,7.3,9.043181634426382,24.13022714409847
5297,34.5,34.47600173950195,52.0,0.0,3.4,6.9,7.096946383403031,39.46786246838212
5298,39.1,34.47600173950195,52.0,0.0,6.3,7.1,25.376492790540425,56.863544953378295
5299,39.4,34.47600173950195,52.0,0.0,2.3,8.3,6.4230339703630746,43.896123779254154
5300,19.2,34.47600173950195,52.0,0.0,2.6,7.6,29.58113690443089,39.90679583310162
5301,29.8,34.47600173950195,52.0,0.0,6.9,7.1,6.852702815246682,34.59689197067268
5302,27.5,34.47600173950195,52.0,0.0,6.7,6.1,27.786527933240126,46.95056955326809
5303,20.9,34.47600173950195,52.0,0.0,3.8,6.6,11.363494115026485,28.85444588051854
5304,30.6,34.47600173950195,52.0,0.0,7.0,7.6,14.765826887807075,40.93607882146495
5305,38.8,34.47600173950195,52.0,0.0,4.9,6.3,20.30985353719639,53.01689747603747
5306,25.1,34.47600173950195,52.0,0.0,4.9,6.1,12.439549850940981,33.80768489565869
5307,16.4,34.47600173950195,52.0,0.0,2.7,7.3,16.02415946020495,27.616911622143462
5308,16.8,34.47600173950195,52.0,0.0,4.2,8.4,7.656263967990535,22.159384777593374
5309,22.8,34.47600173950195,52.0,0.0,3.3,6.3,5.2107081978326875,26.447495738482882
5310,17.5,34.47600173950195,52.0,0.0,5.6,7.0,8.066605907399783,23.14662413517985
5311,38.7,34.47600173950195,52.0,0.0,2.4,6.1,28.042989511383162,58.330092657968216
5312,30.7,34.47600173950195,52.0,0.0,4.2,8.2,13.5723376469786,40.20063635288502
5313,16.0,34.47600173950195,52.0,0.0,7.8,8.4,7.446856894664684,21.21279982626528
5314,20.5,34.47600173950195,52.0,0.0,3.2,8.2,18.63560026243321,33.54492018370325
5315,32.2,34.47600173950195,52.0,0.0,4.5,6.1,23.421471667767637,48.59503016743734
5316,36.2,34.47600173950195,52.0,0.0,6.5,8.2,19.673324383898475,49.97132706872893
5317,37.3,34.47600173950195,52.0,0.0,4.9,6.2,15.167247768053603,47.91707343763752
5318,31.9,34.47600173950195,52.0,0.0,4.5,7.4,19.3129648227484,45.419075375923875
5319,36.9,34.47600173950195,52.0,0.0,3.8,7.4,24.698800759668682,54.189160531768074
5320,29.2,34.47600173950195,52.0,0.0,4.9,8.2,11.666925854109135,37.36684809787639
5321,32.3,34.47600173950195,52.0,0.0,2.4,6.9,24.344249789481463,49.34097485263702
5322,36.6,34.47600173950195,52.0,0.0,6.9,6.8,9.422521796454054,43.19576525751784
5323,40.0,34.47600173950195,52.0,0.0,6.2,7.6,7.8987550827566935,45.52912855792968
5324,26.4,34.47600173950195,52.0,0.0,6.8,6.1,13.34741894636898,35.743193262458284
5325,31.6,34.47600173950195,52.0,0.0,3.5,6.2,29.18644232428111,52.030509626996775
5326,36.1,34.47600173950195,52.0,0.0,7.0,7.3,12.816008114015066,45.07120567981055
5327,31.7,34.47600173950195,52.0,0.0,4.4,7.0,28.107666547377903,51.375366583164535
5328,36.9,34.47600173950195,52.0,0.0,5.3,7.8,29.750705147050137,57.72549360293509
5329,30.6,34.47600173950195,52.0,0.0,6.6,6.1,9.559252627101838,37.291476838971285
5330,21.8,34.47600173950195,52.0,0.0,6.1,7.4,12.401624934437763,30.481137454106435
5331,29.7,34.47600173950195,52.0,0.0,2.0,8.3,24.02501980707629,46.5175138649534
5332,26.6,34.47600173950195,52.0,0.0,3.4,7.1,27.44107951815465,45.80875566270825
5333,32.7,34.47600173950195,52.0,0.0,7.3,7.1,14.516544445537956,42.861581111876575
5334,24.1,34.47600173950195,52.0,0.0,3.4,8.1,23.952037023897645,40.86642591672835
5335,32.5,34.47600173950195,52.0,0.0,2.8,7.4,13.233195251806832,41.76323667626478
5336,24.8,34.47600173950195,52.0,0.0,6.0,8.3,25.087029330420783,42.360920531294546
5337,35.4,34.47600173950195,52.0,0.0,4.5,7.1,25.284445724928624,53.09911200745003
5338,32.3,34.47600173950195,52.0,0.0,5.4,7.5,23.286042369550508,48.60022965868535
5339,21.5,34.47600173950195,52.0,0.0,4.5,6.1,20.942964252228695,36.16007497656008
5340,25.1,32.875999450683594,59.0,0.0,3.6,7.0,10.632072027042845,32.542450418929995
5341,31.7,32.875999450683594,59.0,0.0,4.1,7.0,23.52102014217071,48.16471409951949
5342,17.9,32.875999450683594,59.0,0.0,3.7,7.8,20.229927954188632,32.06094956793204
5343,20.0,32.875999450683594,59.0,0.0,7.5,6.5,13.957582278716576,29.770307595101603
5344,25.5,32.875999450683594,59.0,0.0,7.8,6.6,7.879765544776541,31.015835881343577
5345,27.8,32.875999450683594,59.0,0.0,5.7,6.6,17.65937843134856,40.16156490194399
5346,25.0,32.875999450683594,59.0,0.0,3.4,6.0,21.54073063306703,40.07851144314692
5347,28.4,32.875999450683594,59.0,0.0,5.1,8.1,23.169305160783708,44.6185136125486
5348,37.2,32.875999450683594,59.0,0.0,7.6,6.3,13.491383832552696,46.64396868278689
5349,37.6,32.875999450683594,59.0,0.0,6.9,8.3,5.897710128846055,41.72839709019224
5350,28.1,32.875999450683594,59.0,0.0,5.1,6.3,24.801634024611488,45.46114381722804
5351,30.6,32.875999450683594,59.0,0.0,5.6,8.3,7.219503633912545,35.65365254373879
5352,19.8,32.875999450683594,59.0,0.0,6.0,8.4,15.969012735541064,30.978308914878745
5353,39.7,32.875999450683594,59.0,0.0,8.0,6.8,6.781676476198046,44.447173533338635
5354,36.9,32.875999450683594,59.0,0.0,7.3,8.1,10.796488837993348,44.45754218659534
5355,31.8,32.875999450683594,59.0,0.0,6.4,8.2,14.09520460779239,41.66664322545467
5356,27.0,32.875999450683594,59.0,0.0,4.8,7.0,9.229043093420279,33.4603301653942
5357,35.9,32.875999450683594,59.0,0.0,5.6,6.9,27.480146498608306,55.13610254902581
5358,19.9,32.875999450683594,59.0,0.0,6.6,8.4,9.074206759310982,26.251944731517685
5359,31.0,32.875999450683594,59.0,0.0,5.0,8.0,13.477542642767833,40.43427984993748
5360,25.6,32.875999450683594,59.0,0.0,6.3,6.9,9.099852447173475,31.969896713021434
5361,30.0,32.875999450683594,59.0,0.0,2.5,7.2,18.815208457524243,43.17064592026697
5362,24.9,32.875999450683594,59.0,0.0,6.7,8.5,10.898711045725548,32.529097732007884
5363,34.2,32.875999450683594,59.0,0.0,5.2,7.7,16.19582735189998,45.53707914632999
5364,39.5,32.875999450683594,59.0,0.0,3.1,6.7,22.563729922345807,55.29461094564206
5365,31.3,32.875999450683594,59.0,0.0,3.6,7.2,15.709165557691938,42.29641589038435
5366,24.4,32.875999450683594,59.0,0.0,2.8,7.8,6.246545272597552,28.772581690818285
5367,25.1,32.875999450683594,59.0,0.0,3.6,6.3,6.970307971840043,29.97921558028803
5368,24.8,32.875999450683594,59.0,0.0,7.7,6.6,28.0978182901482,44.46847280310374
5369,16.4,32.875999450683594,59.0,0.0,7.6,8.3,7.514653921000132,21.66025774470009
5370,26.9,32.875999450683594,59.0,0.0,2.5,7.2,5.1172087011322045,30.48204609079254
5371,21.3,32.875999450683594,59.0,0.0,2.1,8.0,8.77442720170106,27.442099041190744
5372,34.8,32.875999450683594,59.0,0.0,7.9,6.5,19.393300051836462,48.37531003628552
5373,39.3,32.875999450683594,59.0,0.0,7.2,6.6,20.189838084053783,53.432886658837646
5374,29.4,32.875999450683594,59.0,0.0,5.8,7.3,15.687572529066156,40.38130077034631
5375,20.4,32.875999450683594,59.0,0.0,8.0,6.7,25.078161275991636,37.95471289319414
5376,39.8,32.875999450683594,59.0,0.0,5.8,7.6,23.180023743995218,56.02601662079665
5377,34.1,32.875999450683594,59.0,0.0,7.3,7.7,26.044541456941403,52.33117901985898
5378,21.6,32.875999450683594,59.0,0.0,2.2,7.4,27.54123080554011,40.878861563878075
5379,29.2,32.875999450683594,59.0,0.0,5.0,7.3,28.538151911414555,49.17670633799018
5380,22.0,32.875999450683594,59.0,0.0,3.1,6.5,12.414159323922611,30.689911526745828
5381,23.2,32.875999450683594,59.0,0.0,5.9,7.2,9.93479269973398,30.154354889813785
5382,34.0,32.875999450683594,59.0,0.0,7.6,6.9,14.006682361157061,43.80467765280994
5383,35.8,32.875999450683594,59.0,0.0,3.9,7.9,10.788627896022996,43.35203952721609
5384,19.0,32.875999450683594,59.0,0.0,6.8,8.3,24.647414355396958,36.25319004877787
5385,31.4,32.875999450683594,59.0,0.0,6.2,6.6,12.235294381848469,39.964706067293925
5386,23.5,32.875999450683594,59.0,0.0,5.5,7.4,19.933055591393952,37.453138913975764
5387,16.0,32.875999450683594,59.0,0.0,5.9,6.5,9.149750489310977,22.404825342517682
5388,38.5,32.875999450683594,59.0,0.0,7.7,7.1,14.646171375804045,48.75231996306283
5389,26.2,32.875999450683594,59.0,0.0,2.7,8.2,19.719209029832967,40.00344632088307
5390,35.9,32.875999450683594,59.0,0.0,7.5,7.5,26.754507403813182,54.628155182669225
5391,37.1,32.875999450683594,59.0,0.0,7.5,6.9,14.877592516980954,47.514314761886666
5392,34.9,32.875999450683594,59.0,0.0,3.2,7.8,10.731238453957737,42.41186691777041
5393,38.4,32.875999450683594,59.0,0.0,6.6,7.3,10.509876688501583,45.756913681951104
5394,38.0,32.875999450683594,59.0,0.0,3.1,8.1,6.446437069531701,42.51250594867219
5395,19.1,32.875999450683594,59.0,0.0,5.2,8.2,13.466761174785404,28.526732822349786
5396,33.4,32.875999450683594,59.0,0.0,6.2,6.4,28.794473348935888,53.55613134425512
5397,37.4,32.875999450683594,59.0,0.0,4.0,7.5,18.68771947558456,50.48140363290919
5398,25.9,32.875999450683594,59.0,0.0,3.8,6.9,7.8508060048515,31.39556420339605
5399,18.1,32.875999450683594,59.0,0.0,3.1,8.5,6.571270819919032,22.699889573943324
5400,30.2,30.575998306274418,70.0,0.0,5.1,8.0,20.719334356350608,44.70353404944542
5401,19.0,30.575998306274418,70.0,0.0,4.9,6.3,21.859549018419234,34.301684312893464
5402,29.4,30.575998306274418,70.0,0.0,6.0,7.0,16.570529111974352,40.99937037838205
5403,21.3,30.575998306274418,70.0,0.0,7.8,7.6,19.436308409412597,34.90541588658882
5404,31.9,30.575998306274418,70.0,0.0,4.7,7.7,28.412981615353374,51.78908713074736
5405,16.4,30.575998306274418,70.0,0.0,3.6,7.1,12.153055404682405,24.90713878327768
5406,16.9,30.575998306274418,70.0,0.0,3.3,8.3,18.902036499240282,30.131425549468197
5407,19.5,30.575998306274418,70.0,0.0,5.4,7.1,10.728663847309276,27.010064693116494
5408,32.3,30.575998306274418,70.0,0.0,2.5,6.7,16.544339670283584,43.88103776919851
5409,21.9,30.575998306274418,70.0,0.0,3.6,7.1,7.015307458935089,26.81071522125456
5410,16.0,30.575998306274418,70.0,0.0,7.6,7.5,29.26659532400381,36.486616726802666
5411,16.9,30.575998306274418,70.0,0.0,4.0,8.1,22.52272162471908,32.665905137303355
5412,23.6,30.575998306274418,70.0,0.0,4.3,7.6,25.583943061962646,41.50876014337385
5413,39.3,30.575998306274418,70.0,0.0,4.4,7.9,26.024915012903193,57.51744050903223
5414,23.2,30.575998306274418,70.0,0.0,2.1,7.8,29.261344255532336,43.68294097887264
5415,35.3,30.575998306274418,70.0,0.0,7.7,6.5,14.573621681559672,45.50153517709177
5416,23.5,30.575998306274418,70.0,0.0,5.9,6.6,19.990979196633106,37.49368543764317
5417,38.1,30.575998306274418,70.0,0.0,8.0,6.8,26.707690925021218,56.79538364751485
5418,37.2,30.575998306274418,70.0,0.0,3.3,7.3,22.361010824414315,52.85270757709002
5419,36.2,30.575998306274418,70.0,0.0,7.7,6.7,5.815399820562085,40.27077987439346
5420,36.5,30.575998306274418,70.0,0.0,5.9,8.5,6.8315913363363885,41.282113935435476
5421,33.5,30.575998306274418,70.0,0.0,5.0,7.5,26.88044974696477,52.31631482287534
5422,38.5,30.575998306274418,70.0,0.0,2.7,7.8,17.974118295140755,51.08188280659853
5423,36.7,30.575998306274418,70.0,0.0,7.5,7.1,8.131864182223165,42.39230492755622
5424,30.3,30.575998306274418,70.0,0.0,2.8,8.4,25.599897262947888,48.219928084063525
5425,31.0,30.575998306274418,70.0,0.0,4.4,7.7,29.393070847129728,51.57514959299081
5426,32.4,30.575998306274418,70.0,0.0,5.9,7.1,20.698875211513098,46.889212648059164
5427,32.4,30.575998306274418,70.0,0.0,7.0,6.0,20.122956186152734,46.48606933030691
5428,28.0,30.575998306274418,70.0,0.0,3.0,6.7,25.423088537206365,45.79616197604446
5429,28.2,30.575998306274418,70.0,0.0,2.8,8.3,21.30440816328328,43.11308571429829
5430,20.5,30.575998306274418,70.0,0.0,6.7,6.4,17.715417665777434,32.9007923660442
5431,26.6,30.575998306274418,70.0,0.0,3.8,6.7,12.68169067530684,35.477183472714785
5432,21.7,30.575998306274418,70.0,0.0,4.7,8.3,16.299031748870938,33.109322224209656
5433,17.9,30.575998306274418,70.0,0.0,3.4,6.1,23.947787089624292,34.663450962737
5434,23.5,30.575998306274418,70.0,0.0,6.0,6.4,14.484803420400597,33.63936239428042
5435,20.4,30.575998306274418,70.0,0.0,6.9,8.0,27.53220230852555,39.67254161596789
5436,37.6,30.575998306274418,70.0,0.0,5.0,6.8,11.957485568569238,45.97023989799847
5437,26.1,30.575998306274418,70.0,0.0,3.4,8.1,26.05552519762978,44.338867638340844
5438,37.0,30.575998306274418,70.0,0.0,7.5,6.9,21.22186620469331,51.855306343285314
5439,19.4,30.575998306274418,70.0,0.0,6.0,6.2,26.733250390196694,38.11327527313769
5440,23.2,30.575998306274418,70.0,0.0,6.7,6.0,24.981977550480096,40.687384285336066
5441,24.2,30.575998306274418,70.0,0.0,7.7,6.6,20.557572330387515,38.59030063127126
5442,15.1,30.575998306274418,70.0,0.0,4.7,7.1,5.409189133098212,18.886432393168747
5443,21.5,30.575998306274418,70.0,0.0,2.9,6.9,24.32072183443957,38.5245052841077
5444,32.7,30.575998306274418,70.0,0.0,5.8,6.7,24.808656807618796,50.06605976533316
5445,22.4,30.575998306274418,70.0,0.0,4.1,7.7,20.596118021532835,36.81728261507298
5446,18.6,30.575998306274418,70.0,0.0,4.2,6.7,28.557280440096136,38.590096308067295
5447,15.7,30.575998306274418,70.0,0.0,3.9,7.3,14.217769586389323,25.652438710472524
5448,32.9,30.575998306274418,70.0,0.0,6.0,7.5,28.32581016823845,52.72806711776691
5449,34.1,30.575998306274418,70.0,0.0,6.0,6.5,13.700255844993782,43.69017909149565
5450,19.9,30.575998306274418,70.0,0.0,4.1,8.5,20.87149515186453,34.51004660630517
5451,29.9,30.575998306274418,70.0,0.0,2.4,6.3,19.952493688044555,43.866745581631186
5452,32.0,30.575998306274418,70.0,0.0,2.7,6.6,23.689386507471028,48.58257055522972
5453,35.1,30.575998306274418,70.0,0.0,7.9,8.3,21.026408606848,49.8184860247936
5454,24.3,30.575998306274418,70.0,0.0,7.7,7.3,26.425318959097485,42.79772327136824
5455,36.6,30.575998306274418,70.0,0.0,5.0,7.8,28.682953193166686,56.67806723521668
5456,30.8,30.575998306274418,70.0,0.0,2.2,7.5,12.70961209019645,39.69672846313752
5457,34.1,30.575998306274418,70.0,0.0,5.1,6.8,27.78771852795724,53.55140296957006
5458,17.0,30.575998306274418,70.0,0.0,5.9,6.8,28.37136655624148,36.859956589369034
5459,27.2,30.575998306274418,70.0,0.0,3.3,6.6,10.617140232282772,34.63199816259794
5460,22.4,28.875999450683594,79.0,0.0,5.2,6.9,7.421279184399882,27.594895429079916
5461,34.4,28.875999450683594,79.0,0.0,7.8,8.3,7.315408769984861,39.5207861389894
5462,26.3,28.875999450683594,79.0,0.0,6.3,6.3,20.515309598159767,40.66071671871184
5463,31.2,28.875999450683594,79.0,0.0,4.9,6.6,11.986916021270371,39.59084121488926
5464,27.6,28.875999450683594,79.0,0.0,5.9,7.5,16.782024492653477,39.34741714485743
5465,24.3,28.875999450683594,79.0,0.0,2.8,7.7,27.345166705112604,43.44161669357882
5466,17.9,28.875999450683594,79.0,0.0,4.8,6.7,29.260820855468495,38.382574598827944
5467,16.5,28.875999450683594,79.0,0.0,5.8,6.5,6.198178208676124,20.838724746073286
5468,22.7,28.875999450683594,79.0,0.0,5.4,7.3,10.302222418745671,29.91155569312197
5469,19.9,28.875999450683594,79.0,0.0,6.2,6.7,26.419776335911166,38.39384343513781
5470,16.5,28.875999450683594,79.0,0.0,5.1,6.7,25.77628698619951,34.543400890339655
5471,32.5,28.875999450683594,79.0,0.0,8.0,8.4,18.221567052511663,45.255096936758164
5472,36.7,28.875999450683594,79.0,0.0,6.8,7.2,12.89716737712731,45.72801716398912
5473,30.8,28.875999450683594,79.0,0.0,4.3,7.6,12.166813191798255,39.31676923425878
5474,35.5,28.875999450683594,79.0,0.0,7.3,6.3,26.212637265963604,53.84884608617452
5475,26.4,28.875999450683594,79.0,0.0,6.2,7.6,8.872434378000298,32.610704064600206
5476,21.3,28.875999450683594,79.0,0.0,4.4,8.5,11.82837566659199,29.579862966614392
5477,35.7,28.875999450683594,79.0,0.0,2.3,6.8,14.302248281117159,45.71157379678201
5478,36.4,28.875999450683594,79.0,0.0,7.8,6.5,25.214734328274325,54.05031402979202
5479,34.7,28.875999450683594,79.0,0.0,2.8,6.5,29.179805728798957,55.125864010159276
5480,20.6,28.875999450683594,79.0,0.0,6.1,7.5,11.396100294723581,28.57727020630651
5481,38.6,28.875999450683594,79.0,0.0,5.6,8.4,18.364057360221736,51.454840152155214
5482,30.6,28.875999450683594,79.0,0.0,6.6,6.6,20.669590524173195,45.06871336692124
5483,38.1,28.875999450683594,79.0,0.0,5.5,7.1,17.890833791613282,50.6235836541293
5484,36.1,28.875999450683594,79.0,0.0,7.2,6.8,20.69306401541967,50.585144810793764
5485,23.2,28.875999450683594,79.0,0.0,5.7,6.5,25.465516805398426,41.02586176377889
5486,26.1,28.875999450683594,79.0,0.0,4.9,7.1,11.120565190250147,33.8843956331751
5487,36.2,28.875999450683594,79.0,0.0,6.0,6.2,5.41935090425805,39.99354563298064
5488,28.4,28.875999450683594,79.0,0.0,3.0,6.4,5.6831569235952735,32.37820984651669
5489,28.9,28.875999450683594,79.0,0.0,5.3,6.1,9.475339728546205,35.53273780998234
5490,28.4,28.875999450683594,79.0,0.0,3.1,7.6,8.340639782115678,34.23844784748097
5491,34.6,28.875999450683594,79.0,0.0,4.8,6.0,12.613665337625056,43.42956573633754
5492,34.7,28.875999450683594,79.0,0.0,3.2,6.9,6.504763242485424,39.253334269739796
5493,34.7,28.875999450683594,79.0,0.0,5.6,6.8,12.245272475001194,43.271690732500836
5494,31.0,28.875999450683594,79.0,0.0,7.8,6.3,10.882714979233512,38.61790048546346
5495,21.2,28.875999450683594,79.0,0.0,3.6,6.1,27.81530345263728,40.670712416846094
5496,15.1,28.875999450683594,79.0,0.0,3.0,8.0,23.27628359421442,31.39339851595009
5497,31.5,28.875999450683594,79.0,0.0,4.7,8.2,7.940570842539081,37.05839958977736
5498,22.3,28.875999450683594,79.0,0.0,5.7,6.1,12.524959102959777,31.067471372071843
5499,16.0,28.875999450683594,79.0,0.0,5.7,6.2,20.972653488194954,30.680857441736467
5500,17.6,28.875999450683594,79.0,0.0,2.1,6.4,10.654135553810836,25.057894887667587
5501,37.4,28.875999450683594,79.0,0.0,4.8,7.4,15.489055294894149,48.242338706425905
5502,27.0,28.875999450683594,79.0,0.0,5.7,7.3,8.48136008815881,32.93695206171117
5503,27.6,28.875999450683594,79.0,0.0,2.9,7.2,17.773848753657084,40.041694127559964
5504,17.6,28.875999450683594,79.0,0.0,7.7,7.9,29.947878840724748,38.563515188507324
5505,29.5,28.875999450683594,79.0,0.0,2.2,8.3,8.660112843378482,35.56207899036494
5506,17.1,28.875999450683594,79.0,0.0,2.1,8.4,10.4268302092172,24.39878114645204
5507,16.1,28.875999450683594,79.0,0.0,5.4,6.3,22.278009739313653,31.694606817519556
5508,34.2,28.875999450683594,79.0,0.0,4.7,8.5,27.21651678330697,53.251561748314884
5509,32.7,28.875999450683594,79.0,0.0,7.7,7.0,11.70915609338563,40.89640926536994
5510,34.0,28.875999450683594,79.0,0.0,2.5,6.1,18.927950714083337,47.249565499858335
5511,22.4,28.875999450683594,79.0,0.0,5.7,7.1,15.994073603102168,33.595851522171515
5512,21.1,28.875999450683594,79.0,0.0,6.1,8.4,15.966670554656483,32.276669388259535
5513,25.6,28.875999450683594,79.0,0.0,2.5,6.3,17.157807684179183,37.610465378925426
5514,38.0,28.875999450683594,79.0,0.0,2.6,6.1,21.22291300049692,52.85603910034784
5515,28.2,28.875999450683594,79.0,0.0,6.8,7.8,29.630689860478885,48.94148290233522
5516,32.1,28.875999450683594,79.0,0.0,5.1,6.8,19.97438695417447,46.08207086792213
5517,27.9,28.875999450683594,79.0,0.0,6.0,7.2,25.24895990097617,45.57427193068332
5518,39.6,28.875999450683594,79.0,0.0,2.1,6.4,22.858405535601786,55.60088387492125
5519,25.4,28.875999450683594,79.0,0.0,5.3,7.1,20.007379489244773,39.40516564247134
5520,31.9,28.325998306274418,83.0,0.0,6.7,7.4,13.386508145261,41.270555701682696
5521,34.6,28.325998306274418,83.0,0.0,2.9,6.4,7.936860203496716,40.155802142447705
5522,27.6,28.325998306274418,83.0,0.0,4.3,6.4,15.415284262305802,38.39069898361406
5523,38.1,28.325998306274418,83.0,0.0,5.8,8.1,5.71030834760267,42.09721584332187
5524,37.3,28.325998306274418,83.0,0.0,5.7,7.5,19.761124943212806,51.13278746024896
5525,15.3,28.325998306274418,83.0,0.0,5.6,8.0,23.814123688345326,31.969886581841727
5526,24.1,28.325998306274418,83.0,0.0,6.5,6.1,5.510230161099318,27.957161112769523
5527,27.9,28.325998306274418,83.0,0.0,6.8,8.2,21.17090912729506,42.71963638910654
5528,31.2,28.325998306274418,83.0,0.0,7.8,8.4,22.791590656292044,47.15411345940443
5529,24.5,28.325998306274418,83.0,0.0,4.8,7.9,27.969454022905722,44.078617816034004
5530,29.0,28.325998306274418,83.0,0.0,3.8,7.8,6.264855491988384,33.38539884439187
5531,39.5,28.325998306274418,83.0,0.0,6.3,7.9,5.629562282819046,43.44069359797333
5532,39.1,28.325998306274418,83.0,0.0,3.6,6.2,14.608335090501996,49.3258345633514
5533,39.2,28.325998306274418,83.0,0.0,6.0,7.8,29.601058123010205,59.920740686107145
5534,22.6,28.325998306274418,83.0,0.0,7.4,6.2,22.695233063393644,38.486663144375555
5535,29.9,28.325998306274418,83.0,0.0,3.4,8.2,21.89056110933068,45.22339277653147
5536,27.1,28.325998306274418,83.0,0.0,3.7,6.4,12.214878150113279,35.6504147050793
5537,15.5,28.325998306274418,83.0,0.0,5.7,6.2,10.762546365738366,23.033782456016855
5538,34.7,28.325998306274418,83.0,0.0,4.1,6.0,22.4160637473223,50.391244623125615
5539,34.8,28.325998306274418,83.0,0.0,6.2,7.4,5.040338009537572,38.3282366066763
5540,29.5,28.325998306274418,83.0,0.0,5.3,7.1,6.245045426417901,33.87153179849253
5541,16.6,28.325998306274418,83.0,0.0,4.2,8.2,10.731504371539339,24.11205306007754
5542,30.1,28.325998306274418,83.0,0.0,6.2,6.7,9.47291579922356,36.731041059456494
5543,22.6,28.325998306274418,83.0,0.0,4.3,6.5,19.92969667607683,36.55078767325378
5544,28.4,28.325998306274418,83.0,0.0,5.2,8.5,10.405847759647632,35.68409343175334
5545,32.1,28.325998306274418,83.0,0.0,3.8,7.6,29.165569917365968,52.51589894215618
5546,35.4,28.325998306274418,83.0,0.0,4.8,7.8,23.79799891523111,52.05859924066178
5547,20.8,28.325998306274418,83.0,0.0,4.9,6.5,7.000978232860442,25.70068476300231
5548,33.4,28.325998306274418,83.0,0.0,5.4,6.5,28.169910814317824,53.118937570022474
5549,22.2,28.325998306274418,83.0,0.0,2.8,7.2,17.884006753375786,34.71880472736305
5550,35.7,28.325998306274418,83.0,0.0,4.4,6.8,28.958910814854313,55.97123757039802
5551,18.0,28.325998306274418,83.0,0.0,6.7,6.2,29.997755671610363,38.99842897012725
5552,19.6,28.325998306274418,83.0,0.0,5.7,8.2,21.30861964851127,34.51603375395789
5553,16.0,28.325998306274418,83.0,0.0,5.7,6.1,28.804939792095755,36.163457854467026
5554,24.1,28.325998306274418,83.0,0.0,6.1,8.1,29.99391879537326,45.09574315676129
5555,18.3,28.325998306274418,83.0,0.0,2.3,6.4,27.959059460297247,37.87134162220807
5556,29.8,28.325998306274418,83.0,0.0,5.8,8.1,11.521317488040937,37.864922241628655
5557,31.5,28.325998306274418,83.0,0.0,6.5,6.5,23.424877714098635,47.89741439986904
5558,28.5,28.325998306274418,83.0,0.0,5.5,6.4,17.9235872654313,41.04651108580191
5559,22.4,28.325998306274418,83.0,0.0,2.5,8.5,28.606457085745166,42.42451996002161
5560,24.9,28.325998306274418,83.0,0.0,7.1,8.1,23.594201544727103,41.41594108130897
5561,37.4,28.325998306274418,83.0,0.0,3.3,6.3,19.16061519707729,50.8124306379541
5562,29.2,28.325998306274418,83.0,0.0,4.4,7.1,23.651434599601224,45.75600421972085
5563,16.0,28.325998306274418,83.0,0.0,5.7,6.7,22.44710866802179,31.71297606761525
5564,21.5,28.325998306274418,83.0,0.0,3.3,6.7,8.084328643638454,27.159030050546917
5565,22.6,28.325998306274418,83.0,0.0,4.7,7.3,10.393004211073055,29.875102947751138
5566,15.6,28.325998306274418,83.0,0.0,2.3,6.3,14.024905326930973,25.41743372885168
5567,34.5,28.325998306274418,83.0,0.0,7.3,7.5,25.14624328887458,52.10237030221221
5568,30.2,28.325998306274418,83.0,0.0,4.7,8.4,17.94893107293029,42.764251751051205
5569,19.6,28.325998306274418,83.0,0.0,6.3,7.8,7.620871476526212,24.93461003356835
5570,35.8,28.325998306274418,83.0,0.0,7.8,6.5,13.017322735476426,44.912125914833496
5571,38.5,28.325998306274418,83.0,0.0,3.2,6.6,19.82364657211381,52.37655260047967
5572,36.2,28.325998306274418,83.0,0.0,6.1,8.3,5.46459616944419,40.025217318610935
5573,28.9,28.325998306274418,83.0,0.0,7.5,7.1,26.233559080524145,47.2634913563669
5574,29.7,28.325998306274418,83.0,0.0,5.1,7.9,15.858972387916088,40.801280671541264
5575,30.3,28.325998306274418,83.0,0.0,4.0,7.3,23.146559369048106,46.50259155833368
5576,37.4,28.325998306274418,83.0,0.0,5.7,6.7,5.108731578608889,40.97611210502622
5577,37.5,28.325998306274418,83.0,0.0,4.5,6.2,26.15882538007973,55.811177766055806
5578,28.4,28.325998306274418,83.0,0.0,5.8,7.0,5.116209355998567,31.981346549198996
5579,32.5,28.325998306274418,83.0,0.0,6.2,8.2,8.87240961354302,38.710686729480116
5580,33.4,28.375999450683594,85.0,0.0,2.0,8.1,11.372575510296311,41.36080285720742
5581,33.4,28.375999450683594,85.0,0.0,3.2,6.5,27.00370658860098,52.302594612020684
5582,20.8,28.375999450683594,85.0,0.0,5.8,7.0,15.102326637074022,31.371628645951816
5583,22.7,28.375999450683594,85.0,0.0,7.0,8.4,25.65935922360959,40.66155145652671
5584,17.9,28.375999450683594,85.0,0.0,8.0,7.5,29.46797597733566,38.527583184134954
5585,23.9,28.375999450683594,85.0,0.0,5.7,7.2,7.3331369639107,29.033195874737487
5586,21.9,28.375999450683594,85.0,0.0,6.7,8.3,8.471526078332113,27.830068254832476
5587,38.2,28.375999450683594,85.0,0.0,6.3,8.0,25.56756171336857,56.097293199358
5588,34.0,28.375999450683594,85.0,0.0,4.7,6.0,10.996981476121633,41.69788703328514
5589,28.6,28.375999450683594,85.0,0.0,2.4,6.6,12.755138893787342,37.52859722565114
5590,20.8,28.375999450683594,85.0,0.0,5.9,6.3,25.79174702293245,38.85422291605272
5591,34.0,28.375999450683594,85.0,0.0,4.9,8.3,12.942377550655323,43.05966428545872
5592,23.2,28.375999450683594,85.0,0.0,5.4,7.2,8.796877448371934,29.35781421386035
5593,31.4,28.375999450683594,85.0,0.0,7.7,6.6,16.184241494708658,42.72896904629606
5594,29.3,28.375999450683594,85.0,0.0,4.5,7.7,14.456960995982417,39.41987269718769
5595,27.8,28.375999450683594,85.0,0.0,2.7,8.3,5.485974223596922,31.640181956517846
5596,23.9,28.375999450683594,85.0,0.0,6.2,6.9,5.389508514728093,27.672655960309662
5597,22.1,28.375999450683594,85.0,0.0,5.4,7.9,27.00034251943796,41.00023976360657
5598,19.4,28.375999450683594,85.0,0.0,4.5,7.1,11.53318572815097,27.473230009705677
5599,37.1,28.375999450683594,85.0,0.0,4.4,6.6,21.24014486563632,51.968101405945426
5600,33.2,28.375999450683594,85.0,0.0,2.2,8.0,12.301050417953729,41.810735292567614
5601,24.6,28.375999450683594,85.0,0.0,2.5,6.5,18.97935572434583,37.88554900704208
5602,25.8,28.375999450683594,85.0,0.0,4.6,6.5,7.02927499678526,30.72049249774968
5603,18.6,28.375999450683594,85.0,0.0,3.8,8.1,12.503208753940537,27.352246127758377
5604,35.8,28.375999450683594,85.0,0.0,2.9,7.5,23.179855806771535,52.025899064740074
5605,21.8,28.375999450683594,85.0,0.0,6.8,8.1,27.467890935042963,41.02752365453007
5606,35.4,28.375999450683594,85.0,0.0,3.2,7.2,14.550456037517712,45.5853192262624
5607,35.5,28.375999450683594,85.0,0.0,7.7,6.7,26.181377810702585,53.826964467491806
5608,20.9,28.375999450683594,85.0,0.0,7.6,7.1,26.323472493463296,39.326430745424304
5609,25.3,28.375999450683594,85.0,0.0,2.5,8.2,14.031961735982355,35.12237321518765
5610,37.6,28.375999450683594,85.0,0.0,6.4,7.7,26.03140946619982,55.82198662633987
5611,28.6,28.375999450683594,85.0,0.0,5.3,8.2,24.787778043367002,45.9514446303569
5612,24.2,28.375999450683594,85.0,0.0,3.9,8.3,16.36658240601116,35.65660768420781
5613,23.1,28.375999450683594,85.0,0.0,3.4,6.2,26.818511859911254,41.87295830193788
5614,31.6,28.375999450683594,85.0,0.0,3.6,8.2,6.954160012606004,36.4679120088242
5615,30.7,28.375999450683594,85.0,0.0,4.9,6.7,27.361439489444916,49.85300764261144
5616,31.4,28.375999450683594,85.0,0.0,6.6,7.8,22.907954141961948,47.43556789937336
5617,27.1,28.375999450683594,85.0,0.0,3.0,6.1,19.165157916794694,40.51561054175629
5618,30.6,28.375999450683594,85.0,0.0,4.5,6.6,18.057296628609855,43.2401076400269
5619,17.9,28.375999450683594,85.0,0.0,5.8,8.1,26.25802585293106,36.28061809705174
5620,24.9,28.375999450683594,85.0,0.0,6.0,8.1,26.326287938422038,43.32840155689543
5621,31.8,28.375999450683594,85.0,0.0,5.2,7.9,29.256719588858626,52.27970371220104
5622,39.4,28.375999450683594,85.0,0.0,5.4,8.4,5.179767994895605,43.025837596426925
5623,21.7,28.375999450683594,85.0,0.0,3.8,6.6,25.60240201073759,39.621681407516306
5624,30.8,28.375999450683594,85.0,0.0,5.0,7.7,12.23025833573315,39.36118083501321
5625,16.1,28.375999450683594,85.0,0.0,4.5,7.5,25.311009798277173,33.817706858794025
5626,33.4,28.375999450683594,85.0,0.0,7.5,6.2,29.408854671014836,53.986198269710385
5627,23.2,28.375999450683594,85.0,0.0,2.3,6.4,10.066417553345984,30.246492287342186
5628,25.9,28.375999450683594,85.0,0.0,4.7,8.4,12.93603716256116,34.95522601379281
5629,22.6,28.375999450683594,85.0,0.0,5.8,6.5,20.06627244985476,36.64639071489833
5630,26.4,28.375999450683594,85.0,0.0,3.3,8.0,11.624489240032164,34.53714246802251
5631,18.8,28.375999450683594,85.0,0.0,2.6,7.0,21.96610465248308,34.176273256738156
5632,30.2,28.375999450683594,85.0,0.0,5.9,8.5,8.381975582427271,36.06738290769909
5633,29.9,28.375999450683594,85.0,0.0,7.0,6.2,29.314118249533212,50.41988277467325
5634,15.2,28.375999450683594,85.0,0.0,7.1,6.1,13.493146052593236,24.645202236815265
5635,32.7,28.375999450683594,85.0,0.0,3.0,7.6,13.64571727041225,42.25200208928858
5636,20.8,28.375999450683594,85.0,0.0,4.8,7.2,28.879742163452413,41.01581951441669
5637,21.5,28.375999450683594,85.0,0.0,7.8,6.8,25.797706113387072,39.558394279370944
5638,28.1,28.375999450683594,85.0,0.0,3.5,8.5,5.512495844540176,31.958747091178125
5639,31.7,28.375999450683594,85.0,0.0,4.0,7.3,25.557587117234284,49.590310982064
5640,27.4,28.325998306274418,87.0,0.0,2.9,7.0,27.749825103135624,46.824877572194936
5641,15.5,28.325998306274418,87.0,0.0,4.4,6.8,7.8268165988998035,20.97877161922986
5642,38.7,28.325998306274418,87.0,0.0,3.9,6.5,21.219350173717963,53.553545121602575
5643,30.4,28.325998306274418,87.0,0.0,7.4,6.1,22.09026640694366,45.86318648486056
5644,29.5,28.325998306274418,87.0,0.0,7.3,7.5,28.326479091136378,49.32853536379547
5645,35.6,28.325998306274418,87.0,0.0,2.5,7.9,8.118945757373993,41.283262030161794
5646,21.2,28.325998306274418,87.0,0.0,3.6,7.8,13.081779808570595,30.357245865999417
5647,38.1,28.325998306274418,87.0,0.0,5.4,6.7,9.129913392047444,44.49093937443321
5648,32.1,28.325998306274418,87.0,0.0,7.0,7.0,21.906119463468958,47.434283624428275
5649,25.2,28.325998306274418,87.0,0.0,3.5,6.5,9.796109343967819,32.05727654077747
5650,37.7,28.325998306274418,87.0,0.0,5.4,8.1,6.350371852213792,42.14526029654966
5651,24.3,28.325998306274418,87.0,0.0,4.0,7.8,21.347159234255603,39.243011463978924
5652,23.2,28.325998306274418,87.0,0.0,6.8,8.0,24.289866543895283,40.2029065807267
5653,18.5,28.325998306274418,87.0,0.0,7.0,6.6,8.360527215063627,24.35236905054454
5654,32.0,28.325998306274418,87.0,0.0,7.0,6.5,25.45608550894186,49.8192598562593
5655,28.6,28.325998306274418,87.0,0.0,7.2,8.3,28.325375034846434,48.427762524392506
5656,24.0,28.325998306274418,87.0,0.0,6.1,7.5,19.832246227752513,37.88257235942676
5657,38.3,28.325998306274418,87.0,0.0,2.6,7.6,11.35756644960091,46.25029651472063
5658,22.3,28.325998306274418,87.0,0.0,6.5,7.1,28.56895840745014,42.298270885215096
5659,39.7,28.325998306274418,87.0,0.0,2.9,7.2,13.935037090929846,49.454525963650894
5660,25.2,28.325998306274418,87.0,0.0,2.3,7.0,5.993020121619809,29.395114085133866
5661,30.8,28.325998306274418,87.0,0.0,5.3,7.8,26.67956752463091,49.47569726724164
5662,22.8,28.325998306274418,87.0,0.0,3.1,6.1,23.419467356396314,39.19362714947742
5663,29.2,28.325998306274418,87.0,0.0,2.7,6.7,25.440270405876134,47.00818928411329
5664,16.8,28.325998306274418,87.0,0.0,7.7,7.2,24.923482417350417,34.24643769214529
5665,34.6,28.325998306274418,87.0,0.0,3.3,8.4,10.885486536772333,42.21984057574063
5666,34.2,28.325998306274418,87.0,0.0,2.6,7.1,7.767854973834508,39.63749848168416
5667,35.0,28.325998306274418,87.0,0.0,5.2,8.0,9.984578919748781,41.989205243824145
5668,37.2,28.325998306274418,87.0,0.0,2.2,8.1,6.858802012701158,42.001161408890816
5669,39.7,28.325998306274418,87.0,0.0,5.0,7.5,20.050533640451505,53.735373548316055
5670,31.4,28.325998306274418,87.0,0.0,4.8,7.8,10.792329498272819,38.95463064879097
5671,24.5,28.325998306274418,87.0,0.0,6.7,6.8,6.12758027844872,28.789306194914104
5672,27.1,28.325998306274418,87.0,0.0,5.6,8.1,7.572895698659092,32.401026989061364
5673,16.5,28.325998306274418,87.0,0.0,7.1,7.4,25.990902481696192,34.69363173718733
5674,19.4,28.325998306274418,87.0,0.0,5.9,8.1,11.967771264500659,27.777439885150457
5675,38.0,28.325998306274418,87.0,0.0,6.3,7.3,23.222368974613676,54.255658282229575
5676,37.2,28.325998306274418,87.0,0.0,3.1,7.7,29.585633846913286,57.909943692839306
5677,22.3,28.325998306274418,87.0,0.0,2.4,7.3,27.485346659322516,41.539742661525764
5678,23.4,28.325998306274418,87.0,0.0,4.2,8.3,18.57930762712264,36.40551533898584
5679,33.0,28.325998306274418,87.0,0.0,7.4,8.2,24.930002964275072,50.451002074992545
5680,36.1,28.325998306274418,87.0,0.0,3.9,6.7,23.758027985033205,52.73061958952324
5681,15.9,28.325998306274418,87.0,0.0,3.6,8.3,20.8546072499086,30.49822507493602
5682,17.5,28.325998306274418,87.0,0.0,4.1,6.9,21.956471561006172,32.86953009270432
5683,21.3,28.325998306274418,87.0,0.0,3.0,7.1,28.738697297451203,41.41708810821584
5684,32.6,28.325998306274418,87.0,0.0,5.6,8.4,28.14922204682928,52.3044554327805
5685,30.6,28.325998306274418,87.0,0.0,4.3,6.1,12.656084338043243,39.45925903663027
5686,23.4,28.325998306274418,87.0,0.0,7.9,7.4,5.212772034625133,27.048940424237593
5687,27.6,28.325998306274418,87.0,0.0,5.5,6.2,28.30712155917846,47.414985091424924
5688,31.5,28.325998306274418,87.0,0.0,2.9,6.7,18.364839157458377,44.355387410220864
5689,17.7,28.325998306274418,87.0,0.0,6.5,6.2,26.67808478238843,36.3746593476719
5690,21.4,28.325998306274418,87.0,0.0,2.8,6.8,6.705580438359389,26.093906306851572
5691,18.1,28.325998306274418,87.0,0.0,3.6,6.4,7.253119930911806,23.177183951638266
5692,32.2,28.325998306274418,87.0,0.0,4.0,7.9,25.886370149716033,50.32045910480122
5693,17.7,28.325998306274418,87.0,0.0,7.9,8.2,17.430651266797543,29.901455886758278
5694,16.3,28.325998306274418,87.0,0.0,3.6,6.1,28.08024787157091,35.95617351009964
5695,26.3,28.325998306274418,87.0,0.0,2.7,6.1,19.744299756895423,40.1210098298268
5696,23.8,28.325998306274418,87.0,0.0,6.5,6.1,6.575362259406216,28.40275358158435
5697,32.9,28.325998306274418,87.0,0.0,4.1,7.1,7.039166881928817,37.82741681735017
5698,17.0,28.325998306274418,87.0,0.0,5.9,8.2,28.289700019548803,36.80279001368416
5699,29.4,28.325998306274418,87.0,0.0,4.4,7.7,17.535812850123513,41.675068995086455
5700,15.7,28.025999069213867,89.0,0.0,3.9,6.9,16.3891917516626,27.17243422616382
5701,31.7,28.025999069213867,89.0,0.0,6.2,6.1,29.130367658710796,52.091257361097554
5702,27.7,28.025999069213867,89.0,0.0,6.9,6.8,15.132650626841244,38.29285543878887
5703,18.6,28.025999069213867,89.0,0.0,6.5,7.5,16.78465811778708,30.349260682450957
5704,21.1,28.025999069213867,89.0,0.0,7.0,6.3,9.250148408127718,27.5751038856894
5705,19.6,28.025999069213867,89.0,0.0,7.9,6.2,15.3655808319883,30.35590658239181
5706,35.9,28.025999069213867,89.0,0.0,4.4,7.2,26.866858108220658,54.70680067575446
5707,17.2,28.025999069213867,89.0,0.0,3.1,6.3,26.08048540902738,35.45633978631916
5708,37.0,28.025999069213867,89.0,0.0,4.0,6.1,7.883798498712281,42.518658949098594
5709,35.1,28.025999069213867,89.0,0.0,7.7,7.9,6.8503926878156385,39.89527488147095
5710,16.2,28.025999069213867,89.0,0.0,6.9,6.4,6.894776113319422,21.026343279323594
5711,39.4,28.025999069213867,89.0,0.0,2.6,6.2,22.028787927463515,54.82015154922446
5712,17.7,28.025999069213867,89.0,0.0,3.8,6.6,18.55294156102978,30.687059092720844
5713,22.4,28.025999069213867,89.0,0.0,3.4,7.0,17.188100934822806,34.431670654375964
5714,37.6,28.025999069213867,89.0,0.0,3.0,7.1,15.345944305450288,48.3421610138152
5715,33.2,28.025999069213867,89.0,0.0,2.5,6.9,17.394568202724763,45.37619774190733
5716,19.1,28.025999069213867,89.0,0.0,7.6,7.5,16.639422774717183,30.747595942302027
5717,26.6,28.025999069213867,89.0,0.0,6.7,7.2,8.663719699851805,32.66460378989626
5718,34.8,28.025999069213867,89.0,0.0,6.5,7.4,23.057935849890686,50.940555094923475
5719,23.4,28.025999069213867,89.0,0.0,5.8,6.7,25.916259586592417,41.54138171061469
5720,26.1,28.025999069213867,89.0,0.0,7.7,8.2,26.381728573476035,44.567210001433224
5721,30.6,28.025999069213867,89.0,0.0,3.8,7.0,12.512406041969191,39.35868422937843
5722,31.6,28.025999069213867,89.0,0.0,2.5,7.3,7.114786399642937,36.58035047975006
5723,30.5,28.025999069213867,89.0,0.0,6.9,7.1,24.042060667119795,47.329442466983856
5724,24.4,28.025999069213867,89.0,0.0,4.6,7.2,18.4045942589484,37.28321598126388
5725,27.2,28.025999069213867,89.0,0.0,5.1,6.4,10.579157352818047,34.60541014697263
5726,28.9,28.025999069213867,89.0,0.0,6.6,7.9,28.299519357170773,48.70966355001954
5727,28.0,28.025999069213867,89.0,0.0,3.6,7.2,23.781556976771018,44.64708988373971
5728,20.6,28.025999069213867,89.0,0.0,5.6,7.8,23.397541555750895,36.97827908902563
5729,30.9,28.025999069213867,89.0,0.0,4.2,7.8,10.085835692183405,37.96008498452838
5730,24.7,28.025999069213867,89.0,0.0,2.2,7.7,17.76195977096208,37.13337183967346
5731,34.9,28.025999069213867,89.0,0.0,3.7,6.8,28.640806336102145,54.9485644352715
5732,21.8,28.025999069213867,89.0,0.0,5.6,6.4,16.706621833374882,33.49463528336241
5733,29.0,28.025999069213867,89.0,0.0,2.7,7.6,23.658164306347654,45.56071501444336
5734,39.5,28.025999069213867,89.0,0.0,2.8,8.3,16.254122383341244,50.87788566833887
5735,35.3,28.025999069213867,89.0,0.0,7.6,6.9,19.290877924410516,48.803614547087356
5736,24.3,28.025999069213867,89.0,0.0,5.1,6.4,23.464432156080925,40.725102509256644
5737,23.1,28.025999069213867,89.0,0.0,6.2,7.2,18.167150585444773,35.817005409811344
5738,25.0,28.025999069213867,89.0,0.0,6.8,6.7,10.19120268256814,32.1338418777977
5739,15.7,28.025999069213867,89.0,0.0,4.3,7.1,25.766877641260304,33.73681434888221
5740,26.9,28.025999069213867,89.0,0.0,7.1,7.6,23.649736219927274,43.45481535394909
5741,22.4,28.025999069213867,89.0,0.0,6.9,6.6,16.326799439721867,33.8287596078053
5742,25.4,28.025999069213867,89.0,0.0,2.7,6.3,15.092192729265648,35.96453491048595
5743,31.2,28.025999069213867,89.0,0.0,2.8,8.4,21.95084713182979,46.56559299228085
5744,28.3,28.025999069213867,89.0,0.0,4.7,7.1,14.653755817797965,38.557629072458575
5745,24.1,28.025999069213867,89.0,0.0,2.7,8.3,6.976259508888334,28.983381656221834
5746,39.9,28.025999069213867,89.0,0.0,2.6,6.0,19.117415254748906,53.282190678324234
5747,20.4,28.025999069213867,89.0,0.0,4.4,7.2,14.885002620132438,30.819501834092705
5748,28.1,28.025999069213867,89.0,0.0,7.3,8.4,5.83638710359549,32.185470972516846
5749,26.6,28.025999069213867,89.0,0.0,7.8,7.4,20.78662426406229,41.1506369848436
5750,25.9,28.025999069213867,89.0,0.0,2.2,6.6,14.44667983827356,36.01267588679149
5751,23.5,28.025999069213867,89.0,0.0,7.9,7.4,8.77384523108856,29.641691661761993
5752,19.0,28.025999069213867,89.0,0.0,6.9,6.8,18.1790588540825,31.725341197857748
5753,24.1,28.025999069213867,89.0,0.0,5.6,7.7,18.32658375731477,36.92860863012034
5754,29.5,28.025999069213867,89.0,0.0,5.8,7.8,6.921207938142189,34.34484555669953
5755,37.1,28.025999069213867,89.0,0.0,2.1,6.9,10.929002876396025,44.75030201347722
5756,36.3,28.025999069213867,89.0,0.0,2.1,6.9,23.63909656301843,52.847367594112896
5757,20.8,28.025999069213867,89.0,0.0,5.4,8.4,14.490147256291333,30.943103079403933
5758,27.6,28.025999069213867,89.0,0.0,6.8,7.5,20.673882551900718,42.0717177863305
5759,34.5,28.025999069213867,89.0,0.0,2.0,7.6,14.617043143628603,44.73193020054002
5760,23.8,27.67599868774414,90.0,0.0,3.7,8.4,26.81598067373649,42.57118647161555
5761,35.4,27.67599868774414,90.0,0.0,5.0,6.8,15.58806370400957,46.3116445928067
5762,18.2,27.67599868774414,90.0,0.0,5.1,7.7,10.716831343445754,25.701781940412026
5763,15.1,27.67599868774414,90.0,0.0,7.7,8.5,17.43751276013844,27.306258932096906
5764,19.4,27.67599868774414,90.0,0.0,5.3,6.4,13.470019946984694,28.829013962889285
5765,19.0,27.67599868774414,90.0,0.0,2.8,8.3,8.169434170594982,24.718603919416488
5766,28.3,27.67599868774414,90.0,0.0,3.6,7.4,15.375040494485749,39.06252834614003
5767,25.7,27.67599868774414,90.0,0.0,6.3,7.1,6.523204867560551,30.266243407292386
5768,38.4,27.67599868774414,90.0,0.0,7.3,6.9,11.152685059422431,46.2068795415957
5769,26.0,27.67599868774414,90.0,0.0,6.9,7.8,27.10566603729048,44.973966226103336
5770,35.1,27.67599868774414,90.0,0.0,7.1,6.5,13.016205518686936,44.211343863080856
5771,26.2,27.67599868774414,90.0,0.0,3.2,6.2,6.220367062594818,30.55425694381637
5772,16.6,27.67599868774414,90.0,0.0,2.4,7.1,14.61367403472523,26.829571824307664
5773,20.7,27.67599868774414,90.0,0.0,2.6,6.5,14.403903587699899,30.78273251138993
5774,32.4,27.67599868774414,90.0,0.0,2.6,6.9,10.75019281024435,39.92513496717104
5775,21.2,27.67599868774414,90.0,0.0,6.8,7.9,12.249407386267045,29.774585170386928
5776,26.5,27.67599868774414,90.0,0.0,4.2,6.7,13.894167481728898,36.225917237210226
5777,37.1,27.67599868774414,90.0,0.0,7.0,8.3,26.735087909648794,55.814561536754155
5778,29.1,27.67599868774414,90.0,0.0,6.6,7.5,8.981809472992207,35.38726663109455
5779,25.3,27.67599868774414,90.0,0.0,5.6,7.9,7.231367655087249,30.361957358561074
5780,36.8,27.67599868774414,90.0,0.0,5.1,8.0,15.129430654175483,47.390601457922834
5781,31.6,27.67599868774414,90.0,0.0,2.5,6.9,28.845447319387738,51.791813123571416
5782,24.0,27.67599868774414,90.0,0.0,7.5,7.7,5.618765254805565,27.933135678363897
5783,20.9,27.67599868774414,90.0,0.0,7.5,6.0,23.309130667752452,37.21639146742672
5784,34.4,27.67599868774414,90.0,0.0,2.1,7.5,17.981631930965072,46.987142351675544
5785,32.7,27.67599868774414,90.0,0.0,4.2,7.6,12.447468862864628,41.41322820400524
5786,29.2,27.67599868774414,90.0,0.0,3.7,7.8,25.854051505169437,47.2978360536186
5787,23.6,27.67599868774414,90.0,0.0,3.0,8.4,26.8439842988167,42.39078900917169
5788,17.3,27.67599868774414,90.0,0.0,4.2,7.6,14.75491626941378,27.628441388589646
5789,29.9,27.67599868774414,90.0,0.0,3.4,7.0,12.1412942198046,38.39890595386322
5790,30.5,27.67599868774414,90.0,0.0,7.1,6.8,15.887406614729064,41.621184630310346
5791,27.3,27.67599868774414,90.0,0.0,3.6,8.4,24.823546183241277,44.67648232826889
5792,38.7,27.67599868774414,90.0,0.0,6.8,7.0,8.88285181482414,44.917996270376904
5793,21.3,27.67599868774414,90.0,0.0,5.2,7.1,20.936268013921705,35.955387609745195
5794,36.9,27.67599868774414,90.0,0.0,5.1,6.3,26.261674064502028,55.283171845151415
5795,34.6,27.67599868774414,90.0,0.0,3.7,6.2,18.78921415653599,47.75244990957519
5796,30.5,27.67599868774414,90.0,0.0,7.5,7.5,14.205412611957737,40.443788828370415
5797,28.6,27.67599868774414,90.0,0.0,6.6,7.9,18.650760480879725,41.655532336615806
5798,24.2,27.67599868774414,90.0,0.0,7.2,6.7,13.855227725108222,33.89865940757575
5799,23.4,27.67599868774414,90.0,0.0,4.3,7.5,8.627655687810702,29.43935898146749
5800,17.4,27.67599868774414,90.0,0.0,7.5,7.1,14.609446418897432,27.6266124932282
5801,26.4,27.67599868774414,90.0,0.0,5.7,6.8,26.514567554695578,44.960197288286906
5802,20.6,27.67599868774414,90.0,0.0,4.6,7.7,25.75472042972935,38.62830430081054
5803,30.2,27.67599868774414,90.0,0.0,5.4,6.2,7.303092139283838,35.312164497498685
5804,22.1,27.67599868774414,90.0,0.0,2.5,7.9,5.013981692057777,25.609787184440446
5805,27.6,27.67599868774414,90.0,0.0,4.5,7.8,14.039225147879225,37.42745760351546
5806,21.7,27.67599868774414,90.0,0.0,7.4,7.9,22.722161337094846,37.60551293596639
5807,33.9,27.67599868774414,90.0,0.0,2.0,7.8,24.545990620053114,51.08219343403718
5808,39.1,27.67599868774414,90.0,0.0,4.6,8.2,14.866745323847702,49.50672172669339
5809,37.4,27.67599868774414,90.0,0.0,2.5,6.3,16.03702206078796,48.62591544255157
5810,28.1,27.67599868774414,90.0,0.0,4.7,6.8,6.050231799019483,32.33516225931364
5811,30.3,27.67599868774414,90.0,0.0,3.1,7.3,15.70087161871402,41.29061013309982
5812,34.8,27.67599868774414,90.0,0.0,5.4,7.4,28.420804622862903,54.69456323600403
5813,31.6,27.67599868774414,90.0,0.0,2.6,6.3,18.997907484438816,44.898535239107176
5814,34.9,27.67599868774414,90.0,0.0,7.0,6.2,9.443345686438194,41.51034198050674
5815,22.6,27.67599868774414,90.0,0.0,2.2,6.3,20.8585013989723,37.20095097928061
5816,26.6,27.67599868774414,90.0,0.0,4.4,6.1,15.660424357880203,37.56229705051614
5817,16.4,27.67599868774414,90.0,0.0,7.0,6.9,18.728516229198224,29.509961360438755
5818,31.7,27.67599868774414,90.0,0.0,6.2,7.5,27.440573616802546,50.90840153176178
5819,33.1,27.67599868774414,90.0,0.0,6.0,6.6,6.7718729524153405,37.84031106669074
5820,21.5,27.325998306274418,91.0,0.0,2.7,6.4,24.017759211708285,38.312431448195795
5821,23.3,27.325998306274418,91.0,0.0,3.3,7.1,7.487436211608745,28.541205348126123
5822,26.2,27.325998306274418,91.0,0.0,2.4,7.6,16.217090016731788,37.551963011712246
5823,34.5,27.325998306274418,91.0,0.0,6.7,7.5,27.98152593812445,54.08706815668711
5824,26.9,27.325998306274418,91.0,0.0,3.4,7.9,23.09694975233607,43.067864826635244
5825,17.7,27.325998306274418,91.0,0.0,3.2,7.0,23.390769219916407,34.07353845394148
5826,36.2,27.325998306274418,91.0,0.0,5.5,8.1,29.515251897707557,56.86067632839529
5827,16.9,27.325998306274418,91.0,0.0,7.0,6.9,14.878407194789284,27.314885036352496
5828,20.6,27.325998306274418,91.0,0.0,4.7,6.1,15.727283267325191,31.609098287127637
5829,38.8,27.325998306274418,91.0,0.0,5.3,7.7,12.149271418570477,47.30448999299933
5830,17.3,27.325998306274418,91.0,0.0,7.8,6.3,15.375582902117408,28.062908031482188
5831,20.0,27.325998306274418,91.0,0.0,2.8,7.9,21.384015854228856,34.9688110979602
5832,31.6,27.325998306274418,91.0,0.0,5.5,6.8,12.601857313463487,40.421300119424444
5833,18.1,27.325998306274418,91.0,0.0,7.1,6.7,9.44879538400367,24.71415676880257
5834,24.0,27.325998306274418,91.0,0.0,2.4,6.1,20.35550977795749,38.24885684457024
5835,37.0,27.325998306274418,91.0,0.0,2.9,7.2,15.006614939105821,47.50463045737408
5836,15.9,27.325998306274418,91.0,0.0,5.1,7.8,28.35171052245233,35.74619736571663
5837,37.8,27.325998306274418,91.0,0.0,6.9,6.4,8.59362366966266,43.81553656876386
5838,30.2,27.325998306274418,91.0,0.0,3.5,7.2,19.69663482220586,43.9876443755441
5839,35.5,27.325998306274418,91.0,0.0,5.1,8.2,13.873555531579186,45.21148887210543
5840,29.8,27.325998306274418,91.0,0.0,2.2,6.4,8.78205765666351,35.947440359664455
5841,32.3,27.325998306274418,91.0,0.0,6.8,8.5,8.233066485505553,38.06314653985388
5842,16.9,27.325998306274418,91.0,0.0,6.2,6.0,10.995469216265553,24.596828451385885
5843,25.4,27.325998306274418,91.0,0.0,3.2,6.4,17.01456027838945,37.31019219487261
5844,30.0,27.325998306274418,91.0,0.0,6.6,8.4,10.150994600023754,37.105696220016625
5845,25.8,27.325998306274418,91.0,0.0,6.6,7.6,25.593732720355444,43.715612904248815
5846,30.7,27.325998306274418,91.0,0.0,3.3,7.6,24.414898497219095,47.79042894805336
5847,19.0,27.325998306274418,91.0,0.0,6.0,7.1,8.8344443790168,25.18411106531176
5848,37.7,27.325998306274418,91.0,0.0,2.6,6.8,15.53813734105554,48.57669613873888
5849,18.1,27.325998306274418,91.0,0.0,4.2,6.4,15.0037493189259,28.60262452324813
5850,25.1,27.325998306274418,91.0,0.0,4.8,6.3,8.90162135682026,31.33113494977418
5851,32.4,27.325998306274418,91.0,0.0,3.4,7.9,19.4045180631725,45.98316264422075
5852,31.7,27.325998306274418,91.0,0.0,7.4,6.4,8.251005821317076,37.47570407492195
5853,33.9,27.325998306274418,91.0,0.0,6.3,6.5,19.581828456517194,47.60727991956203
5854,21.4,27.325998306274418,91.0,0.0,5.5,6.2,22.371127372808086,37.05978916096566
5855,16.2,27.325998306274418,91.0,0.0,5.4,7.0,12.36808594159793,24.85766015911855
5856,32.9,27.325998306274418,91.0,0.0,5.6,7.5,14.969644408678496,43.37875108607494
5857,20.3,27.325998306274418,91.0,0.0,3.3,8.4,28.09557111325044,39.96689977927531
5858,26.0,27.325998306274418,91.0,0.0,2.7,6.6,28.250649302567833,45.77545451179748
5859,15.9,27.325998306274418,91.0,0.0,6.1,6.1,5.479106402510535,19.735374481757376
5860,27.6,27.325998306274418,91.0,0.0,2.3,6.4,28.918643498082446,47.84305044865771
5861,25.0,27.325998306274418,91.0,0.0,2.7,7.3,23.38910450242002,41.37237315169401
5862,33.0,27.325998306274418,91.0,0.0,4.6,8.5,15.850695196505988,44.09548663755419
5863,39.2,27.325998306274418,91.0,0.0,6.7,6.7,8.89223817460078,45.42456672222055
5864,38.0,27.325998306274418,91.0,0.0,2.4,6.6,28.318744500000598,57.82312115000042
5865,33.4,27.325998306274418,91.0,0.0,7.0,7.5,9.671852477122954,40.17029673398606
5866,29.4,27.325998306274418,91.0,0.0,3.2,7.5,29.964419617419743,50.37509373219382
5867,24.4,27.325998306274418,91.0,0.0,6.6,7.2,20.153166087242035,38.50721626106942
5868,32.4,27.325998306274418,91.0,0.0,7.9,6.9,14.170533296014568,42.3193733072102
5869,32.6,27.325998306274418,91.0,0.0,2.1,6.3,23.371992240486446,48.96039456834051
5870,21.9,27.325998306274418,91.0,0.0,5.8,6.3,23.942483263566118,38.659738284496285
5871,37.0,27.325998306274418,91.0,0.0,4.6,6.4,16.724131879742288,48.7068923158196
5872,28.9,27.325998306274418,91.0,0.0,3.8,6.8,23.38000540326594,45.266003782286155
5873,34.3,27.325998306274418,91.0,0.0,3.7,7.6,19.460099645062456,47.92206975154372
5874,31.5,27.325998306274418,91.0,0.0,3.6,7.9,14.312145859777065,41.51850210184394
5875,22.1,27.325998306274418,91.0,0.0,5.6,6.3,8.37389541372801,27.961726789609607
5876,38.2,27.325998306274418,91.0,0.0,5.2,6.4,15.491744889866133,49.0442214229063
5877,16.5,27.325998306274418,91.0,0.0,3.3,7.5,13.835411944166264,26.184788360916386
5878,31.7,27.325998306274418,91.0,0.0,5.7,6.1,29.922827961882795,52.64597957331796
5879,31.5,27.325998306274418,91.0,0.0,5.8,6.3,14.349693873988066,41.54478571179165
5880,19.6,26.92599868774414,92.0,0.0,5.2,8.3,19.007787032535838,32.90545092277509
5881,17.3,26.92599868774414,92.0,0.0,3.6,7.0,8.19472949544586,23.0363106468121
5882,26.3,26.92599868774414,92.0,0.0,3.2,7.4,25.56759172113679,44.19731420479575
5883,17.3,26.92599868774414,92.0,0.0,2.4,7.9,21.338103329363097,32.23667233055417
5884,28.9,26.92599868774414,92.0,0.0,5.3,8.4,12.804638710475135,37.86324709733259
5885,20.3,26.92599868774414,92.0,0.0,8.0,7.4,12.508989187636697,29.05629243134569
5886,37.2,26.92599868774414,92.0,0.0,2.0,6.6,16.664002981607737,48.86480208712542
5887,30.7,26.92599868774414,92.0,0.0,2.6,7.9,26.895025789377677,49.52651805256437
5888,20.5,26.92599868774414,92.0,0.0,6.5,6.1,26.178382352119034,38.82486764648333
5889,25.0,26.92599868774414,92.0,0.0,5.1,7.4,12.75628537488658,33.9293997624206
5890,32.0,26.92599868774414,92.0,0.0,6.7,7.0,7.209893269707624,37.046925288795336
5891,19.7,26.92599868774414,92.0,0.0,6.6,6.6,24.097885182362067,36.568519627653444
5892,37.4,26.92599868774414,92.0,0.0,7.9,8.5,16.193063600152513,48.73514452010676
5893,32.5,26.92599868774414,92.0,0.0,7.1,7.7,24.09023264700336,49.36316285290235
5894,20.2,26.92599868774414,92.0,0.0,7.3,6.7,26.738707421242225,38.91709519486956
5895,39.1,26.92599868774414,92.0,0.0,6.7,6.0,11.15491455470946,46.90844018829662
5896,25.6,26.92599868774414,92.0,0.0,2.2,7.3,8.190056030534189,31.333039221373934
5897,35.8,26.92599868774414,92.0,0.0,4.4,8.1,6.959956133876697,40.67196929371369
5898,25.3,26.92599868774414,92.0,0.0,5.1,6.3,22.403714325371887,40.98260002776032
5899,20.1,26.92599868774414,92.0,0.0,2.7,6.1,8.382518470426893,25.967762929298825
5900,15.7,26.92599868774414,92.0,0.0,5.6,8.5,12.05759741169273,24.140318188184906
5901,19.3,26.92599868774414,92.0,0.0,8.0,7.9,10.357381046883495,26.550166732818447
5902,19.9,26.92599868774414,92.0,0.0,3.1,8.4,19.984361696241915,33.88905318736934
5903,30.5,26.92599868774414,92.0,0.0,4.7,6.4,8.739371457879823,36.617560020515874
5904,36.9,26.92599868774414,92.0,0.0,5.1,7.5,17.593335214632596,49.215334650242816
5905,39.9,26.92599868774414,92.0,0.0,2.5,6.8,17.836644093490094,52.38565086544306
5906,27.2,26.92599868774414,92.0,0.0,7.2,6.9,18.202654763781823,39.94185833464728
5907,32.6,26.92599868774414,92.0,0.0,6.9,7.8,6.965493287995579,37.475845301596905
5908,21.5,26.92599868774414,92.0,0.0,4.4,7.6,17.03217512580948,33.422522588066634
5909,19.9,26.92599868774414,92.0,0.0,5.6,8.4,9.615487437983841,26.630841206588688
5910,16.5,26.92599868774414,92.0,0.0,3.5,6.8,23.814013546245828,33.169809482372074
5911,23.1,26.92599868774414,92.0,0.0,3.9,6.3,18.08756818527684,35.76129772969379
5912,30.8,26.92599868774414,92.0,0.0,5.4,7.4,23.787843866945934,47.45149070686215
5913,16.3,26.92599868774414,92.0,0.0,3.3,8.1,28.93026360636642,36.551184524456495
5914,31.5,26.92599868774414,92.0,0.0,5.2,6.7,25.682292105976657,49.47760447418366
5915,28.6,26.92599868774414,92.0,0.0,7.7,7.0,5.7552746933214864,32.628692285325045
5916,33.4,26.92599868774414,92.0,0.0,6.2,7.0,11.09015703812447,41.16310992668713
5917,17.6,26.92599868774414,92.0,0.0,6.9,7.0,12.979052073708898,26.68533645159623
5918,38.1,26.92599868774414,92.0,0.0,3.6,8.1,27.368048249711936,57.25763377479836
5919,18.0,26.92599868774414,92.0,0.0,5.4,7.1,29.11534993290613,38.380744953034295
5920,26.7,26.92599868774414,92.0,0.0,6.6,6.1,21.4454827549474,41.711837928463176
5921,33.0,26.92599868774414,92.0,0.0,5.4,8.4,6.010389613738696,37.20727272961709
5922,34.9,26.92599868774414,92.0,0.0,4.2,8.0,16.720073915235496,46.60405174066484
5923,39.3,26.92599868774414,92.0,0.0,2.5,6.7,23.546662873837292,55.7826640116861
5924,27.1,26.92599868774414,92.0,0.0,2.3,7.8,9.740010126216779,33.91800708835174
5925,21.4,26.92599868774414,92.0,0.0,2.1,6.0,15.994458775761325,32.596121143032924
5926,33.9,26.92599868774414,92.0,0.0,6.0,6.2,21.40847818161012,48.88593472712708
5927,24.2,26.92599868774414,92.0,0.0,2.5,7.9,10.89852874230111,31.828970119610776
5928,20.7,26.92599868774414,92.0,0.0,3.4,7.6,17.368593364819425,32.858015355373595
5929,35.4,26.92599868774414,92.0,0.0,7.5,7.0,28.96556921545149,55.67589845081604
5930,19.3,26.92599868774414,92.0,0.0,4.7,8.0,11.4488533682423,27.31419735776961
5931,31.0,26.92599868774414,92.0,0.0,3.3,7.0,9.641469189343702,37.74902843254059
5932,38.5,26.92599868774414,92.0,0.0,4.0,8.5,11.774505862839348,46.742154103987545
5933,27.6,26.92599868774414,92.0,0.0,5.4,8.2,13.731902629239919,37.21233184046794
5934,31.3,26.92599868774414,92.0,0.0,6.7,6.3,9.145676623104908,37.701973636173435
5935,31.0,26.92599868774414,92.0,0.0,3.4,7.2,18.15496746653965,43.708477226577756
5936,29.1,26.92599868774414,92.0,0.0,5.6,6.6,18.77087615855242,42.2396133109867
5937,35.4,26.92599868774414,92.0,0.0,3.8,8.0,8.382485991006739,41.26774019370472
5938,32.1,26.92599868774414,92.0,0.0,4.5,8.3,22.03386962108288,47.52370873475802
5939,21.9,26.92599868774414,92.0,0.0,6.8,7.6,16.117859572083233,33.18250170045826
5940,23.1,26.575998306274418,94.0,0.0,5.2,8.1,9.811483391801938,29.968038374261358
5941,24.4,26.575998306274418,94.0,0.0,5.3,7.7,5.616241041411966,28.331368728988373
5942,34.6,26.575998306274418,94.0,0.0,4.9,8.2,19.217833531120394,48.05248347178428
5943,21.4,26.575998306274418,94.0,0.0,7.9,6.0,25.336080800696646,39.13525656048765
5944,24.3,26.575998306274418,94.0,0.0,2.7,6.9,14.925688512059308,34.747981958441514
5945,38.8,26.575998306274418,94.0,0.0,7.4,8.4,22.59224704704492,54.61457293293144
5946,39.7,26.575998306274418,94.0,0.0,4.4,6.6,19.891356022038476,53.62394921542693
5947,39.3,26.575998306274418,94.0,0.0,6.2,7.5,12.985728994608799,48.39001029622615
5948,39.0,26.575998306274418,94.0,0.0,4.5,7.0,13.351149800281513,48.34580486019706
5949,19.3,26.575998306274418,94.0,0.0,7.0,7.3,23.71309054044968,35.899163378314775
5950,29.0,26.575998306274418,94.0,0.0,5.0,7.0,5.815252524907625,33.07067676743534
5951,38.3,26.575998306274418,94.0,0.0,3.2,8.3,16.824596447006524,50.07721751290456
5952,32.0,26.575998306274418,94.0,0.0,4.6,6.4,5.296523957339659,35.70756677013776
5953,28.8,26.575998306274418,94.0,0.0,5.8,7.7,14.659103349396355,39.06137234457745
5954,15.8,26.575998306274418,94.0,0.0,4.2,6.9,26.959037481681776,34.67132623717724
5955,31.1,26.575998306274418,94.0,0.0,7.3,7.6,23.899715854302016,47.829801098011416
5956,18.0,26.575998306274418,94.0,0.0,2.7,7.7,25.70475543024953,35.99332880117467
5957,33.1,26.575998306274418,94.0,0.0,6.8,6.8,14.191205056584398,43.03384353960908
5958,39.4,26.575998306274418,94.0,0.0,6.5,8.5,15.291168759137792,50.10381813139645
5959,34.4,26.575998306274418,94.0,0.0,5.9,6.5,11.950024697228748,42.76501728806012
5960,26.6,26.575998306274418,94.0,0.0,4.3,8.0,10.451265591163315,33.91588591381432
5961,18.6,26.575998306274418,94.0,0.0,5.7,8.1,29.04016337183357,38.9281143602835
5962,39.5,26.575998306274418,94.0,0.0,3.8,7.7,22.22511589514091,55.057581126598635
5963,20.0,26.575998306274418,94.0,0.0,7.1,7.5,29.85837658908226,40.90086361235758
5964,15.8,26.575998306274418,94.0,0.0,2.7,7.9,8.481001279017551,21.736700895312286
5965,36.0,26.575998306274418,94.0,0.0,3.3,6.2,27.561659352374804,55.29316154666236
5966,26.3,26.575998306274418,94.0,0.0,2.7,6.5,25.815255130489344,44.37067859134254
5967,32.9,26.575998306274418,94.0,0.0,4.6,6.7,26.92416555333942,51.74691588733759
5968,20.6,26.575998306274418,94.0,0.0,6.6,6.9,29.403980409056626,41.182786286339635
5969,32.5,26.575998306274418,94.0,0.0,6.3,7.7,13.281595531492181,41.797116872044526
5970,36.6,26.575998306274418,94.0,0.0,7.1,8.2,21.207056775344235,51.444939742740964
5971,24.0,26.575998306274418,94.0,0.0,6.7,6.1,27.942158413222433,43.559510889255705
5972,32.2,26.575998306274418,94.0,0.0,4.7,7.8,11.192463260759961,40.034724282531975
5973,28.4,26.575998306274418,94.0,0.0,6.9,8.0,24.168010646795036,45.31760745275652
5974,34.6,26.575998306274418,94.0,0.0,4.8,7.5,29.16700884534749,55.016906191743246
5975,18.3,26.575998306274418,94.0,0.0,2.2,7.6,22.79385614550193,34.25569930185135
5976,38.0,26.575998306274418,94.0,0.0,4.9,8.0,19.380276071019043,51.56619324971333
5977,32.3,26.575998306274418,94.0,0.0,7.6,8.4,6.549232009742363,36.88446240681965
5978,34.6,26.575998306274418,94.0,0.0,4.8,8.0,13.327035148495224,43.928924603946655
5979,22.2,26.575998306274418,94.0,0.0,6.6,6.3,17.09645909390834,34.16752136573584
5980,39.7,26.575998306274418,94.0,0.0,7.9,6.4,18.181528830160072,52.42707018111205
5981,27.4,26.575998306274418,94.0,0.0,2.7,6.9,19.39863031962131,40.97904122373492
5982,24.6,26.575998306274418,94.0,0.0,5.0,7.4,20.676094044429185,39.07326583110043
5983,36.4,26.575998306274418,94.0,0.0,2.6,7.6,26.707152275887225,55.095006593121056
5984,39.1,26.575998306274418,94.0,0.0,5.2,6.4,17.761989077169076,51.53339235401835
5985,21.8,26.575998306274418,94.0,0.0,3.4,7.9,15.352337788476271,32.54663645193339
5986,15.4,26.575998306274418,94.0,0.0,6.0,7.4,6.045253059330728,19.631677141531508
5987,36.1,26.575998306274418,94.0,0.0,8.0,7.1,14.150105158578134,46.0050736110047
5988,24.7,26.575998306274418,94.0,0.0,2.9,6.9,23.151422896437424,40.90599602750619
5989,33.3,26.575998306274418,94.0,0.0,6.6,6.6,23.715498975227398,49.90084928265917
5990,26.8,26.575998306274418,94.0,0.0,3.2,6.1,8.603341442124833,32.822339009487386
5991,33.9,26.575998306274418,94.0,0.0,2.1,7.9,18.473603125309346,46.831522187716544
5992,25.5,26.575998306274418,94.0,0.0,2.8,7.9,11.88043194414994,33.816302360904956
5993,25.4,26.575998306274418,94.0,0.0,3.5,7.2,20.366359940156112,39.65645195810927
5994,24.1,26.575998306274418,94.0,0.0,5.6,7.4,5.531745057659835,27.972221540361886
5995,15.0,26.575998306274418,94.0,0.0,5.0,7.3,29.97694341611395,35.98386039127976
5996,30.1,26.575998306274418,94.0,0.0,3.7,6.9,20.552894656651272,44.48702625965589
5997,38.1,26.575998306274418,94.0,0.0,3.7,7.0,24.872793496547107,55.51095544758297
5998,23.0,26.575998306274418,94.0,0.0,6.6,8.3,18.669601620275685,36.06872113419298
5999,29.0,26.575998306274418,94.0,0.0,4.0,6.6,27.42592416784709,48.19814691749296
6000,28.9,26.375999450683594,94.0,0.0,5.6,8.3,19.5158694321713,42.56110860251991
6001,39.7,26.375999450683594,94.0,0.0,4.6,7.6,16.77598564177285,51.443189949240995
6002,26.6,26.375999450683594,94.0,0.0,2.1,6.6,23.40063845961488,42.98044692173042
6003,22.4,26.375999450683594,94.0,0.0,3.7,8.4,16.53906315203396,33.97734420642377
6004,22.0,26.375999450683594,94.0,0.0,7.9,6.2,11.83174306150676,30.28222014305473
6005,32.0,26.375999450683594,94.0,0.0,4.6,7.9,25.10629347092323,49.57440542964626
6006,37.6,26.375999450683594,94.0,0.0,3.6,6.4,19.825134390949728,51.47759407366481
6007,29.4,26.375999450683594,94.0,0.0,2.3,8.2,15.388511668321481,40.17195816782503
6008,18.3,26.375999450683594,94.0,0.0,7.3,7.7,17.449444637744897,30.514611246421428
6009,39.1,26.375999450683594,94.0,0.0,5.3,7.2,24.199634553871256,56.03974418770988
6010,32.2,26.375999450683594,94.0,0.0,3.9,8.3,22.56067944148944,47.992475609042614
6011,32.8,26.375999450683594,94.0,0.0,4.3,6.6,17.259718457203896,44.88180292004272
6012,35.3,26.375999450683594,94.0,0.0,5.7,8.2,12.29061025810725,43.903427180675074
6013,15.0,26.375999450683594,94.0,0.0,3.9,7.7,18.511072948413716,27.957751063889603
6014,15.7,26.375999450683594,94.0,0.0,3.7,8.1,5.237990426013416,19.36659329820939
6015,29.6,26.375999450683594,94.0,0.0,6.6,6.0,20.899947634833893,44.22996334438373
6016,16.8,26.375999450683594,94.0,0.0,3.3,6.1,27.243493045396182,35.87044513177733
6017,39.3,26.375999450683594,94.0,0.0,7.0,7.6,9.378045724682867,45.864632007278004
6018,20.2,26.375999450683594,94.0,0.0,7.6,6.3,23.914313390810758,36.94001937356753
6019,20.2,26.375999450683594,94.0,0.0,2.7,7.2,20.531817982859856,34.572272588001894
6020,28.5,26.375999450683594,94.0,0.0,5.9,7.7,10.129227292612583,35.59045910482881
6021,15.5,26.375999450683594,94.0,0.0,4.1,7.3,9.621727845555052,22.235209491888536
6022,39.3,26.375999450683594,94.0,0.0,2.5,7.3,13.697902838294223,48.88853198680595
6023,32.5,26.375999450683594,94.0,0.0,2.7,7.8,8.688494134574071,38.58194589420185
6024,32.1,26.375999450683594,94.0,0.0,2.7,6.0,23.40312873441713,48.48219011409199
6025,33.1,26.375999450683594,94.0,0.0,3.8,7.4,27.583883403151457,52.40871838220602
6026,33.4,26.375999450683594,94.0,0.0,6.8,7.8,19.250237342667862,46.8751661398675
6027,31.0,26.375999450683594,94.0,0.0,5.1,8.1,23.34005324577981,47.33803727204587
6028,24.1,26.375999450683594,94.0,0.0,2.1,7.9,9.382633999817184,30.66784379987203
6029,39.0,26.375999450683594,94.0,0.0,5.7,6.9,18.830292299051933,52.181204609336355
6030,17.1,26.375999450683594,94.0,0.0,5.7,7.5,18.631756176617582,30.142229323632307
6031,37.9,26.375999450683594,94.0,0.0,5.8,7.0,11.931782888698296,46.25224802208881
6032,15.0,26.375999450683594,94.0,0.0,7.0,6.9,17.961443655697206,27.573010558988045
6033,29.6,26.375999450683594,94.0,0.0,3.7,6.9,17.635358096571753,41.94475066760023
6034,20.8,26.375999450683594,94.0,0.0,5.7,7.3,8.122767749315933,26.485937424521154
6035,16.0,26.375999450683594,94.0,0.0,5.3,7.6,9.84702868928646,22.892920082500524
6036,29.5,26.375999450683594,94.0,0.0,3.4,7.2,14.709205978756765,39.79644418512974
6037,19.4,26.375999450683594,94.0,0.0,7.1,6.0,18.065342737058593,32.04573991594101
6038,23.5,26.375999450683594,94.0,0.0,4.5,7.8,7.580186761392886,28.80613073297502
6039,33.0,26.375999450683594,94.0,0.0,6.4,7.3,15.78547466106217,44.04983226274352
6040,38.9,26.375999450683594,94.0,0.0,5.8,7.5,14.42659459348867,48.99861621544207
6041,35.9,26.375999450683594,94.0,0.0,6.8,8.4,29.27058828485823,56.38941179940076
6042,38.8,26.375999450683594,94.0,0.0,5.6,8.3,18.140744180790307,51.49852092655321
6043,15.9,26.375999450683594,94.0,0.0,6.3,6.0,29.724518743250027,36.70716312027502
6044,17.1,26.375999450683594,94.0,0.0,5.8,6.4,11.227595064687677,24.959316545281375
6045,36.2,26.375999450683594,94.0,0.0,4.4,7.4,12.78399867184958,45.14879907029471
6046,29.8,26.375999450683594,94.0,0.0,7.8,6.9,19.804483192478074,43.66313823473465
6047,26.7,26.375999450683594,94.0,0.0,6.3,6.3,25.72215412635004,44.70550788844503
6048,19.7,26.375999450683594,94.0,0.0,6.5,7.2,7.796680374244345,25.15767626197104
6049,21.7,26.375999450683594,94.0,0.0,7.4,6.2,17.059720092874077,33.641804065011854
6050,39.6,26.375999450683594,94.0,0.0,4.0,7.5,22.373408762097895,55.26138613346853
6051,32.2,26.375999450683594,94.0,0.0,4.0,7.1,6.059448005726379,36.44161360400847
6052,15.9,26.375999450683594,94.0,0.0,3.8,6.9,10.911424345233243,23.53799704166327
6053,23.4,26.375999450683594,94.0,0.0,2.8,7.5,14.492147465180794,33.544503225626556
6054,37.7,26.375999450683594,94.0,0.0,4.4,7.1,10.115089956686738,44.780562969680716
6055,18.2,26.375999450683594,94.0,0.0,6.4,6.3,13.680579376055855,27.776405563239095
6056,17.8,26.375999450683594,94.0,0.0,4.3,8.0,26.19838774379876,36.13887142065913
6057,26.3,26.375999450683594,94.0,0.0,2.4,7.6,10.582551640574447,33.707786148402114
6058,20.5,26.375999450683594,94.0,0.0,2.9,6.3,12.659201242853133,29.361440869997192
6059,32.7,26.375999450683594,94.0,0.0,6.2,8.4,16.03607027025978,43.92524918918185
6060,32.4,26.325998306274418,94.0,0.0,7.1,6.2,8.658178534078935,38.46072497385525
6061,26.9,26.325998306274418,94.0,0.0,4.3,8.1,27.04494391813057,45.8314607426914
6062,22.6,26.325998306274418,94.0,0.0,5.6,8.1,12.57413030258876,31.401891211812135
6063,31.7,26.325998306274418,94.0,0.0,6.3,8.4,13.293270313436876,41.00528921940581
6064,23.3,26.325998306274418,94.0,0.0,6.2,6.7,19.31248315141686,36.8187382059918
6065,19.3,26.325998306274418,94.0,0.0,2.3,6.4,12.789161034661845,28.25241272426329
6066,23.9,26.325998306274418,94.0,0.0,5.8,6.2,18.38777680176128,36.771443761232895
6067,33.1,26.325998306274418,94.0,0.0,5.3,7.9,22.64635965547008,48.952451758829056
6068,30.5,26.325998306274418,94.0,0.0,2.1,8.3,21.641578107679926,45.649104675375945
6069,27.7,26.325998306274418,94.0,0.0,6.3,7.4,18.111982604640026,40.37838782324802
6070,38.2,26.325998306274418,94.0,0.0,7.6,6.5,22.81863833177654,54.17304683224358
6071,26.0,26.325998306274418,94.0,0.0,3.9,7.3,19.81004197523059,39.867029382661414
6072,18.5,26.325998306274418,94.0,0.0,3.4,8.4,21.64646254684251,33.65252378278976
6073,26.0,26.325998306274418,94.0,0.0,2.8,6.5,9.360418118900917,32.55229268323064
6074,32.5,26.325998306274418,94.0,0.0,7.4,7.0,16.03756663089037,43.72629664162326
6075,16.7,26.325998306274418,94.0,0.0,5.6,7.3,23.963496455730766,33.474447519011534
6076,37.9,26.325998306274418,94.0,0.0,3.2,8.1,12.984610004492996,46.989227003145096
6077,32.4,26.325998306274418,94.0,0.0,5.8,7.9,28.025503988254417,52.01785279177809
6078,26.3,26.325998306274418,94.0,0.0,5.0,7.4,8.253840997992597,32.07768869859482
6079,21.9,26.325998306274418,94.0,0.0,3.8,6.9,11.347950307214056,29.843565215049836
6080,28.7,26.325998306274418,94.0,0.0,4.4,8.3,20.083433174697564,42.758403222288294
6081,20.3,26.325998306274418,94.0,0.0,7.3,6.8,11.128333473348935,28.089833431344253
6082,29.7,26.325998306274418,94.0,0.0,7.5,7.9,5.819125551753633,33.77338788622754
6083,23.5,26.325998306274418,94.0,0.0,5.3,8.3,9.80874106969981,30.366118748789866
6084,17.8,26.325998306274418,94.0,0.0,5.0,6.2,26.37146671402568,36.26002669981797
6085,19.0,26.325998306274418,94.0,0.0,7.7,8.5,27.765914598203747,38.43614021874262
6086,28.2,26.325998306274418,94.0,0.0,7.9,7.7,12.283822085019871,36.79867545951391
6087,28.5,26.325998306274418,94.0,0.0,2.6,6.4,26.282537254835464,46.89777607838482
6088,25.9,26.325998306274418,94.0,0.0,6.4,7.0,16.82517619227108,37.677623334589754
6089,26.9,26.325998306274418,94.0,0.0,6.3,6.0,19.68395954882366,40.67877168417656
6090,18.6,26.325998306274418,94.0,0.0,2.6,6.7,22.647084483992135,34.4529591387945
6091,25.6,26.325998306274418,94.0,0.0,5.5,6.4,14.161399057399164,35.51297934017941
6092,37.0,26.325998306274418,94.0,0.0,7.1,7.4,29.315512056998408,57.52085843989889
6093,38.1,26.325998306274418,94.0,0.0,3.2,7.6,29.401998257224562,58.681398780057194
6094,19.9,26.325998306274418,94.0,0.0,3.2,6.4,15.755089842517334,30.928562889762134
6095,22.1,26.325998306274418,94.0,0.0,7.2,7.6,26.092703953707765,40.364892767595435
6096,35.8,26.325998306274418,94.0,0.0,4.4,8.2,10.110535205205514,42.877374643643854
6097,19.2,26.325998306274418,94.0,0.0,7.4,7.3,17.715325712638915,31.60072799884724
6098,22.8,26.325998306274418,94.0,0.0,4.7,6.2,22.23934198543415,38.36753938980391
6099,27.4,26.325998306274418,94.0,0.0,7.7,6.3,25.77904185338656,45.44532929737059
6100,28.7,26.325998306274418,94.0,0.0,5.5,7.0,17.82425238454124,41.17697666917887
6101,16.5,26.325998306274418,94.0,0.0,2.0,7.6,15.224919942530091,27.157443959771065
6102,24.4,26.325998306274418,94.0,0.0,5.7,7.1,28.063257372138967,44.04428016049727
6103,24.4,26.325998306274418,94.0,0.0,5.4,6.7,27.382883427748375,43.56801839942386
6104,28.1,26.325998306274418,94.0,0.0,2.0,6.5,21.441780628496897,43.109246439947825
6105,22.0,26.325998306274418,94.0,0.0,4.2,8.2,25.907217980700278,40.13505258649019
6106,18.4,26.325998306274418,94.0,0.0,5.8,8.1,23.622165474930974,34.93551583245168
6107,34.4,26.325998306274418,94.0,0.0,6.6,6.2,29.722395728571946,55.20567701000036
6108,33.0,26.325998306274418,94.0,0.0,6.8,6.8,29.88173223297596,53.91721256308317
6109,28.9,26.325998306274418,94.0,0.0,5.1,7.5,14.118033540661049,38.78262347846273
6110,18.4,26.325998306274418,94.0,0.0,3.6,6.6,10.9046656676457,26.033265967351987
6111,31.1,26.325998306274418,94.0,0.0,7.5,7.6,10.24389623497164,38.27072736448015
6112,38.0,26.325998306274418,94.0,0.0,5.7,7.4,11.152010012191525,45.806407008534066
6113,18.8,26.325998306274418,94.0,0.0,7.4,6.8,14.940896713627524,29.258627699539268
6114,23.2,26.325998306274418,94.0,0.0,4.3,6.6,25.0323130401248,40.72261912808736
6115,26.9,26.325998306274418,94.0,0.0,6.9,7.7,26.22407898510323,45.25685528957226
6116,30.1,26.325998306274418,94.0,0.0,2.2,7.2,15.158816301779119,40.71117141124539
6117,15.9,26.325998306274418,94.0,0.0,4.0,7.4,17.54776935978413,28.18343855184889
6118,39.3,26.325998306274418,94.0,0.0,6.8,6.9,19.039745065076648,52.62782154555365
6119,28.4,26.325998306274418,94.0,0.0,3.2,6.3,12.714537323562768,37.30017612649394
6120,32.2,26.42599868774414,93.0,0.0,3.2,6.5,12.145672337578734,40.70197063630512
6121,33.4,26.42599868774414,93.0,0.0,2.0,7.5,12.676921027691723,42.2738447193842
6122,28.6,26.42599868774414,93.0,0.0,5.4,7.4,10.12769981664487,35.68938987165141
6123,27.1,26.42599868774414,93.0,0.0,2.0,7.1,10.54637453779329,34.4824621764553
6124,21.6,26.42599868774414,93.0,0.0,7.0,7.3,18.68212578749128,34.6774880512439
6125,28.6,26.42599868774414,93.0,0.0,5.6,7.2,28.163800149111307,48.314660104377914
6126,24.1,26.42599868774414,93.0,0.0,5.5,7.4,22.02684675100145,39.51879272570102
6127,30.7,26.42599868774414,93.0,0.0,6.6,7.4,14.274392041661377,40.692074429162965
6128,15.4,26.42599868774414,93.0,0.0,6.1,8.0,18.55633484351462,28.38943439046023
6129,16.2,26.42599868774414,93.0,0.0,4.4,6.5,17.544175541975076,28.480922879382554
6130,19.6,26.42599868774414,93.0,0.0,3.9,6.8,9.47350449386703,26.231453145706922
6131,32.1,26.42599868774414,93.0,0.0,6.5,6.4,7.569707640377386,37.39879534826417
6132,21.5,26.42599868774414,93.0,0.0,3.4,6.9,11.331304086285456,29.43191286039982
6133,33.6,26.42599868774414,93.0,0.0,2.8,8.4,25.687538274634665,51.58127679224427
6134,21.9,26.42599868774414,93.0,0.0,7.5,7.9,27.519725736745848,41.16380801572209
6135,30.1,26.42599868774414,93.0,0.0,4.0,7.1,19.03179927270744,43.42225949089521
6136,35.3,26.42599868774414,93.0,0.0,7.5,6.6,25.03838677874317,52.82687074512022
6137,33.3,26.42599868774414,93.0,0.0,2.1,6.2,17.6933465466996,45.685342582689714
6138,22.2,26.42599868774414,93.0,0.0,3.0,7.3,11.129402748259853,29.990581923781896
6139,17.3,26.42599868774414,93.0,0.0,2.3,8.1,21.09025262553891,32.063176837877236
6140,23.8,26.42599868774414,93.0,0.0,4.5,6.3,24.012008921620986,40.60840624513469
6141,16.4,26.42599868774414,93.0,0.0,7.3,7.0,26.574028938147112,35.00182025670298
6142,17.0,26.42599868774414,93.0,0.0,7.0,7.3,24.52532798319164,34.16772958823415
6143,32.1,26.42599868774414,93.0,0.0,2.5,6.9,10.286325796522265,39.30042805756558
6144,33.3,26.42599868774414,93.0,0.0,4.9,8.0,23.583631409805633,49.80854198686394
6145,39.7,26.42599868774414,93.0,0.0,7.6,6.2,25.27860943513871,57.3950266045971
6146,37.8,26.42599868774414,93.0,0.0,5.5,7.1,23.265429850313165,54.08580089521921
6147,32.0,26.42599868774414,93.0,0.0,2.3,7.9,23.917768478938875,48.742437935257215
6148,27.8,26.42599868774414,93.0,0.0,6.4,6.0,17.808714161307385,40.266099912915166
6149,39.5,26.42599868774414,93.0,0.0,2.6,6.2,24.440717058250073,56.60850194077505
6150,37.4,26.42599868774414,93.0,0.0,4.9,6.1,19.96015573380121,51.37210901366085
6151,25.4,26.42599868774414,93.0,0.0,5.8,6.3,10.258954104564406,32.58126787319508
6152,18.9,26.42599868774414,93.0,0.0,6.5,7.7,12.021187922637607,27.314831545846324
6153,37.3,26.42599868774414,93.0,0.0,4.4,7.3,18.51886815941156,50.26320771158809
6154,31.8,26.42599868774414,93.0,0.0,5.4,7.9,15.427813766567187,42.59946963659703
6155,33.1,26.42599868774414,93.0,0.0,7.1,7.1,8.309992090833823,38.91699446358368
6156,36.6,26.42599868774414,93.0,0.0,7.2,7.9,18.685081307989766,49.67955691559284
6157,27.2,26.42599868774414,93.0,0.0,4.9,7.0,6.420677185569924,31.694474029898945
6158,35.1,26.42599868774414,93.0,0.0,6.0,8.1,29.396172137688172,55.677320496381725
6159,19.8,26.42599868774414,93.0,0.0,7.2,8.5,15.113786560468629,30.37965059232804
6160,29.2,26.42599868774414,93.0,0.0,3.4,7.6,9.824530307873204,36.07717121551124
6161,33.8,26.42599868774414,93.0,0.0,3.0,7.3,9.989607410751187,40.792725187525825
6162,22.4,26.42599868774414,93.0,0.0,4.6,6.6,5.06922286555816,25.948456005890712
6163,26.6,26.42599868774414,93.0,0.0,5.9,7.9,20.06868036458347,40.64807625520843
6164,24.8,26.42599868774414,93.0,0.0,4.5,7.7,13.111782414886745,33.97824769042072
6165,28.3,26.42599868774414,93.0,0.0,4.5,6.7,14.466435693655791,38.426504985559056
6166,27.9,26.42599868774414,93.0,0.0,4.4,8.2,5.785266521576003,31.9496865651032
6167,30.3,26.42599868774414,93.0,0.0,4.0,7.5,13.805986817897224,39.964190772528056
6168,17.9,26.42599868774414,93.0,0.0,7.5,6.2,6.8867652942863575,22.720735706000447
6169,17.8,26.42599868774414,93.0,0.0,5.6,8.1,27.236751336728585,36.86572593571001
6170,23.6,26.42599868774414,93.0,0.0,3.5,8.4,12.097299853427868,32.06810989739951
6171,30.2,26.42599868774414,93.0,0.0,3.2,7.0,25.27897725601438,47.895284079210064
6172,18.2,26.42599868774414,93.0,0.0,7.6,7.3,23.39491067079737,34.57643746955816
6173,22.7,26.42599868774414,93.0,0.0,6.1,7.9,11.528578881687494,30.770005217181243
6174,37.0,26.42599868774414,93.0,0.0,3.3,6.6,12.289801738655447,45.602861217058816
6175,18.9,26.42599868774414,93.0,0.0,3.3,6.5,22.722851137492324,34.80599579624462
6176,17.8,26.42599868774414,93.0,0.0,5.9,7.5,23.2904220964726,34.10329546753082
6177,24.4,26.42599868774414,93.0,0.0,5.8,6.7,26.487463805765763,42.94122466403603
6178,27.3,26.42599868774414,93.0,0.0,7.9,7.9,11.771102576582138,35.53977180360749
6179,31.0,26.42599868774414,93.0,0.0,4.9,7.4,29.737621200512844,51.81633484035899
6180,39.0,26.97599983215332,90.0,0.0,3.6,6.9,10.872502254329317,46.61075157803052
6181,35.3,26.97599983215332,90.0,0.0,2.4,6.2,21.4673247750382,50.32712734252674
6182,28.8,26.97599983215332,90.0,0.0,5.4,6.6,18.55366269831121,41.78756388881785
6183,36.7,26.97599983215332,90.0,0.0,3.0,6.6,22.178711778848648,52.225098245194054
6184,35.7,26.97599983215332,90.0,0.0,4.4,7.6,24.035070304204368,52.52454921294306
6185,18.3,26.97599983215332,90.0,0.0,5.9,7.9,9.076506048252647,24.653554233776852
6186,17.9,26.97599983215332,90.0,0.0,3.9,7.5,21.39013683025151,32.873095781176055
6187,30.8,26.97599983215332,90.0,0.0,4.9,6.8,11.564886923654822,38.89542084655837
6188,29.2,26.97599983215332,90.0,0.0,7.6,6.7,18.144603933814434,41.901222753670105
6189,37.1,26.97599983215332,90.0,0.0,4.3,8.0,28.501144307666376,57.05080101536646
6190,22.2,26.97599983215332,90.0,0.0,6.2,6.3,29.128124277385172,42.58968699416962
6191,16.5,26.97599983215332,90.0,0.0,3.4,6.5,20.957339725413604,31.170137807789523
6192,19.3,26.97599983215332,90.0,0.0,7.7,6.7,10.625901172099596,26.738130820469717
6193,19.3,26.97599983215332,90.0,0.0,7.2,7.7,17.096496814920318,31.267547770444224
6194,37.2,26.97599983215332,90.0,0.0,3.3,8.0,25.58428848968222,55.10900194277755
6195,27.3,26.97599983215332,90.0,0.0,2.3,6.0,16.41998066029692,38.79398646220784
6196,26.2,26.97599983215332,90.0,0.0,4.4,6.5,16.96023586386719,38.07216510470703
6197,27.6,26.97599983215332,90.0,0.0,5.7,6.6,28.467374792152913,47.52716235450704
6198,23.0,26.97599983215332,90.0,0.0,5.5,7.1,5.6843815707468535,26.979067099522798
6199,32.7,26.97599983215332,90.0,0.0,6.8,8.0,25.787263554954283,50.751084488467995
6200,34.4,26.97599983215332,90.0,0.0,7.5,6.8,14.077466697092143,44.2542266879645
6201,18.9,26.97599983215332,90.0,0.0,7.7,7.8,27.76771381599801,38.337399671198604
6202,36.4,26.97599983215332,90.0,0.0,3.7,7.0,7.325055045288366,41.52753853170185
6203,19.6,26.97599983215332,90.0,0.0,6.2,7.0,20.15705101218029,33.7099357085262
6204,21.2,26.97599983215332,90.0,0.0,4.5,7.1,5.510867159519091,25.05760701166336
6205,29.3,26.97599983215332,90.0,0.0,4.1,7.6,23.413940180553652,45.68975812638756
6206,18.4,26.97599983215332,90.0,0.0,2.6,7.9,17.86959476647634,30.908716336533438
6207,24.9,26.97599983215332,90.0,0.0,6.0,8.3,10.458629032266202,32.22104032258634
6208,30.6,26.97599983215332,90.0,0.0,7.3,7.8,22.760158717524675,46.53211110226727
6209,26.0,26.97599983215332,90.0,0.0,2.5,8.3,21.42434620552093,40.99704234386465
6210,24.1,26.97599983215332,90.0,0.0,2.8,6.1,22.243960028084288,39.670772019659005
6211,21.1,26.97599983215332,90.0,0.0,6.9,6.1,13.80493548392042,30.763454838744295
6212,36.9,26.97599983215332,90.0,0.0,6.7,7.0,29.466823487818903,57.52677644147323
6213,28.4,26.97599983215332,90.0,0.0,6.2,6.8,20.282969834451386,42.598078884115964
6214,25.6,26.97599983215332,90.0,0.0,6.7,7.4,9.910355260402373,32.537248682281664
6215,29.5,26.97599983215332,90.0,0.0,2.8,6.8,24.175939210605367,46.423157447423755
6216,32.8,26.97599983215332,90.0,0.0,4.2,7.2,29.972886871161347,53.781020809812944
6217,34.7,26.97599983215332,90.0,0.0,2.5,7.4,7.922858961026073,40.24600127271825
6218,37.0,26.97599983215332,90.0,0.0,7.5,6.9,12.723108145217994,45.90617570165259
6219,35.0,26.97599983215332,90.0,0.0,2.5,7.4,16.743236132312305,46.72026529261861
6220,34.6,26.97599983215332,90.0,0.0,7.9,7.5,8.117231571352,40.2820620999464
6221,22.3,26.97599983215332,90.0,0.0,3.7,8.0,7.1928441998705885,27.33499093990941
6222,19.1,26.97599983215332,90.0,0.0,4.0,6.9,5.513102951220065,22.959172065854048
6223,18.1,26.97599983215332,90.0,0.0,2.8,7.2,11.431771651623075,26.102240156136155
6224,22.1,26.97599983215332,90.0,0.0,4.2,6.3,17.12860727927951,34.09002509549566
6225,19.8,26.97599983215332,90.0,0.0,6.3,6.6,23.984031233947704,36.58882186376339
6226,32.5,26.97599983215332,90.0,0.0,5.5,7.8,24.095468993037425,49.3668282951262
6227,27.5,26.97599983215332,90.0,0.0,4.7,6.9,17.61811825246404,39.83268277672482
6228,37.9,26.97599983215332,90.0,0.0,7.6,7.3,11.407749905866089,45.88542493410626
6229,25.6,26.97599983215332,90.0,0.0,2.5,7.1,17.104975064441966,37.57348254510938
6230,15.8,26.97599983215332,90.0,0.0,7.1,8.4,6.7996241142851925,20.559736879999633
6231,39.8,26.97599983215332,90.0,0.0,4.0,7.7,15.490367473716006,50.6432572316012
6232,33.0,26.97599983215332,90.0,0.0,4.6,6.4,26.15775340168596,51.31042738118017
6233,21.2,26.97599983215332,90.0,0.0,5.9,6.5,14.080482903636769,31.05633803254574
6234,22.3,26.97599983215332,90.0,0.0,4.2,7.0,22.671098449485285,38.1697689146397
6235,22.3,26.97599983215332,90.0,0.0,5.7,6.0,9.697150174496686,29.08800512214768
6236,32.5,26.97599983215332,90.0,0.0,4.9,8.4,7.4080871868171645,37.68566103077202
6237,21.3,26.97599983215332,90.0,0.0,3.6,6.1,29.573792110998344,42.001654477698835
6238,39.7,26.97599983215332,90.0,0.0,2.4,6.2,21.709696922805545,54.896787845963885
6239,22.9,26.97599983215332,90.0,0.0,4.3,7.1,25.15262508528144,40.506837559697004
6240,35.6,28.375999450683594,83.0,0.0,4.5,7.7,14.007585763753093,45.40531003462716
6241,30.0,28.375999450683594,83.0,0.0,5.4,6.7,24.303505386050222,47.012453770235155
6242,21.8,28.375999450683594,83.0,0.0,6.1,6.1,12.510765153576251,30.557535607503375
6243,34.6,28.375999450683594,83.0,0.0,7.8,6.8,10.52907922804117,41.97035545962882
6244,37.9,28.375999450683594,83.0,0.0,6.5,7.4,26.594831726195167,56.516382208336616
6245,23.9,28.375999450683594,83.0,0.0,3.5,6.6,20.112102280681682,37.97847159647718
6246,32.2,28.375999450683594,83.0,0.0,5.1,6.8,15.888760195003117,43.322132136502184
6247,33.9,28.375999450683594,83.0,0.0,7.4,8.4,7.558071972153794,39.190650380507655
6248,24.7,28.375999450683594,83.0,0.0,2.8,8.3,18.259193098959635,37.48143516927174
6249,24.6,28.375999450683594,83.0,0.0,7.8,6.5,21.92166805057523,39.94516763540266
6250,30.6,28.375999450683594,83.0,0.0,2.5,8.2,12.56930222556829,39.398511557897805
6251,27.5,28.375999450683594,83.0,0.0,6.3,6.8,16.33335185859602,38.93334630101722
6252,27.4,28.375999450683594,83.0,0.0,5.6,7.3,27.341650754093923,46.539155527865745
6253,39.1,28.375999450683594,83.0,0.0,6.9,8.0,28.683964214648288,59.1787749502538
6254,17.7,28.375999450683594,83.0,0.0,7.8,6.8,20.2677519630113,31.88742637410791
6255,34.6,28.375999450683594,83.0,0.0,3.9,6.4,17.252776692497616,46.67694368474833
6256,37.8,28.375999450683594,83.0,0.0,5.4,6.9,20.433427525486984,52.103399267840885
6257,30.6,28.375999450683594,83.0,0.0,5.8,8.3,23.210924652100168,46.84764725647012
6258,26.9,28.375999450683594,83.0,0.0,4.9,7.0,8.943265364452934,33.16028575511705
6259,20.0,28.375999450683594,83.0,0.0,5.6,6.5,26.810012212868518,38.76700854900796
6260,33.1,28.375999450683594,83.0,0.0,3.7,6.7,25.862101870701803,51.20347130949126
6261,16.2,28.375999450683594,83.0,0.0,6.1,6.7,16.633954160941833,27.84376791265928
6262,38.9,28.375999450683594,83.0,0.0,6.3,8.3,29.11270814121407,59.27889569884985
6263,30.6,28.375999450683594,83.0,0.0,7.9,7.1,21.94646294685608,45.962524062799254
6264,30.0,28.375999450683594,83.0,0.0,3.3,6.2,14.533961304695696,40.17377291328699
6265,20.4,28.375999450683594,83.0,0.0,4.1,7.0,6.510368395524001,24.957257876866798
6266,22.6,28.375999450683594,83.0,0.0,4.1,6.9,23.916809112153192,39.34176637850723
6267,30.4,28.375999450683594,83.0,0.0,4.2,6.4,10.55673623302252,37.78971536311576
6268,25.0,28.375999450683594,83.0,0.0,6.9,7.1,28.763708425974592,45.13459589818221
6269,30.5,28.375999450683594,83.0,0.0,6.0,8.0,17.541909023584246,42.779336316508974
6270,17.1,28.375999450683594,83.0,0.0,2.9,6.4,12.90201066437872,26.131407465065102
6271,22.8,28.375999450683594,83.0,0.0,7.1,8.3,22.010670565669773,38.20746939596884
6272,25.8,28.375999450683594,83.0,0.0,6.3,7.3,9.176213573729337,32.223349501610535
6273,39.5,28.375999450683594,83.0,0.0,5.7,6.9,10.852643682417042,47.09685057769193
6274,35.4,28.375999450683594,83.0,0.0,5.0,7.4,23.60175658898971,51.92122961229279
6275,15.1,28.375999450683594,83.0,0.0,5.3,6.2,18.85552143404987,28.298865003834905
6276,34.1,28.375999450683594,83.0,0.0,2.1,7.3,6.642359384568293,38.74965156919781
6277,37.1,28.375999450683594,83.0,0.0,3.1,6.0,7.75533472867644,42.52873431007351
6278,20.7,28.375999450683594,83.0,0.0,4.3,7.4,18.84352635451208,33.89046844815846
6279,38.8,28.375999450683594,83.0,0.0,5.2,6.6,16.446676758062168,50.31267373064351
6280,16.7,28.375999450683594,83.0,0.0,7.7,7.7,19.09331692657068,30.065321848599474
6281,34.6,28.375999450683594,83.0,0.0,2.9,7.6,24.678305106012033,51.874813574208424
6282,37.5,28.375999450683594,83.0,0.0,5.5,7.3,26.44932699998136,56.01452889998695
6283,34.4,28.375999450683594,83.0,0.0,4.7,6.8,14.452970839096961,44.517079587367874
6284,29.1,28.375999450683594,83.0,0.0,5.5,6.4,24.2106403861186,46.04744827028302
6285,33.2,28.375999450683594,83.0,0.0,7.6,6.1,20.992419995407808,47.89469399678546
6286,15.7,28.375999450683594,83.0,0.0,7.7,6.3,28.781764751359542,35.84723532595168
6287,25.6,28.375999450683594,83.0,0.0,6.6,7.1,25.45364654557326,43.41755258190128
6288,39.5,28.375999450683594,83.0,0.0,4.8,6.1,14.11560331966353,49.380922323764466
6289,31.5,28.375999450683594,83.0,0.0,4.0,6.4,5.084882167448444,35.05941751721391
6290,17.9,28.375999450683594,83.0,0.0,3.7,6.7,23.65683893178946,34.45978725225262
6291,36.3,28.375999450683594,83.0,0.0,2.5,6.8,24.421844484491924,53.39529113914435
6292,30.2,28.375999450683594,83.0,0.0,2.8,6.0,29.267826811473142,50.6874787680312
6293,21.8,28.375999450683594,83.0,0.0,3.3,8.3,29.068018065487347,42.14761264584114
6294,23.9,28.375999450683594,83.0,0.0,5.2,6.7,20.75715152438528,38.43000606706969
6295,38.3,28.375999450683594,83.0,0.0,5.3,7.0,6.965214595628351,43.17565021693984
6296,33.3,28.375999450683594,83.0,0.0,2.2,8.2,12.330782567084473,41.93154779695913
6297,26.8,28.375999450683594,83.0,0.0,3.6,6.7,17.898364425632423,39.32885509794269
6298,32.0,28.375999450683594,83.0,0.0,6.9,7.4,29.479149100532922,52.635404370373045
6299,36.5,28.375999450683594,83.0,0.0,5.2,6.6,18.33037036761533,49.33125925733073
6300,21.3,30.17599868774414,75.0,0.0,4.6,7.1,22.568308993610948,37.097816295527664
6301,15.5,30.17599868774414,75.0,0.0,5.4,6.3,22.262236763962854,31.083565734773998
6302,26.4,30.17599868774414,75.0,0.0,6.5,7.4,22.66547939055469,42.26583557338828
6303,33.4,30.17599868774414,75.0,0.0,2.7,7.7,16.64786120706366,45.05350284494456
6304,36.0,30.17599868774414,75.0,0.0,5.1,7.2,7.350781195539723,41.145546836877806
6305,18.6,30.17599868774414,75.0,0.0,3.1,6.7,8.263838567922736,24.384686997545916
6306,27.6,30.17599868774414,75.0,0.0,5.5,7.6,23.03465904216496,43.72426132951547
6307,37.9,30.17599868774414,75.0,0.0,2.2,8.5,10.296209360561338,45.10734655239293
6308,35.2,30.17599868774414,75.0,0.0,4.7,7.3,5.743563560939919,39.22049449265795
6309,25.7,30.17599868774414,75.0,0.0,7.4,6.3,13.611947382547866,35.228363167783506
6310,24.8,30.17599868774414,75.0,0.0,4.4,6.8,21.657132505992053,39.95999275419444
6311,23.6,30.17599868774414,75.0,0.0,4.9,6.2,14.804894291909191,33.96342600433643
6312,15.6,30.17599868774414,75.0,0.0,6.2,6.8,11.276881541528585,23.49381707907001
6313,38.7,30.17599868774414,75.0,0.0,2.3,6.9,27.23328713103512,57.763300991724584
6314,18.7,30.17599868774414,75.0,0.0,2.1,7.3,19.30403845912232,32.21282692138563
6315,35.9,30.17599868774414,75.0,0.0,2.1,7.5,8.369422426048585,41.75859569823401
6316,21.5,30.17599868774414,75.0,0.0,3.3,7.6,9.610418862839754,28.227293203987827
6317,35.3,30.17599868774414,75.0,0.0,4.7,7.3,12.713217669804584,44.199252368863206
6318,18.6,30.17599868774414,75.0,0.0,2.8,7.7,8.214595632191646,24.350216942534153
6319,28.0,30.17599868774414,75.0,0.0,7.2,6.2,18.53601541722975,40.97521079206082
6320,30.9,30.17599868774414,75.0,0.0,2.4,6.0,23.47341048627304,47.331387340391124
6321,20.8,30.17599868774414,75.0,0.0,3.3,7.4,23.370445389524562,37.159311772667195
6322,22.6,30.17599868774414,75.0,0.0,5.1,8.0,15.452773842582308,33.416941689807615
6323,21.0,30.17599868774414,75.0,0.0,2.1,6.5,10.928881590235557,28.65021711316489
6324,33.3,30.17599868774414,75.0,0.0,2.3,8.4,19.986106706970812,47.290274694879564
6325,34.4,30.17599868774414,75.0,0.0,2.4,6.6,23.58224516008237,50.90757161205765
6326,33.4,30.17599868774414,75.0,0.0,7.2,7.9,25.35708535989903,51.149959751929316
6327,19.5,30.17599868774414,75.0,0.0,2.1,6.1,29.596563408253378,40.21759438577736
6328,20.8,30.17599868774414,75.0,0.0,8.0,7.6,10.454632656600577,28.118242859620402
6329,25.5,30.17599868774414,75.0,0.0,3.0,7.2,18.540289498085304,38.47820264865971
6330,15.4,30.17599868774414,75.0,0.0,5.5,6.9,6.198026540891786,19.73861857862425
6331,32.0,30.17599868774414,75.0,0.0,4.4,7.0,20.19741531173277,46.13819071821294
6332,17.6,30.17599868774414,75.0,0.0,7.0,6.1,18.345014278914995,30.441509995240498
6333,25.8,30.17599868774414,75.0,0.0,4.1,7.2,10.058861385087681,32.84120296956138
6334,17.2,30.17599868774414,75.0,0.0,6.6,8.0,22.03546221407459,32.62482354985221
6335,21.8,30.17599868774414,75.0,0.0,5.6,7.5,24.527891042307665,38.96952372961536
6336,26.8,30.17599868774414,75.0,0.0,4.3,7.9,16.410379960570502,38.287265972399354
6337,31.6,30.17599868774414,75.0,0.0,6.5,6.8,20.06788733157795,45.647521132104565
6338,17.2,30.17599868774414,75.0,0.0,2.4,6.5,29.767045698628134,38.036931989039694
6339,24.3,30.17599868774414,75.0,0.0,5.9,8.2,7.394173722660234,29.475921605862165
6340,36.7,30.17599868774414,75.0,0.0,2.5,7.6,26.94519346429238,55.56163542500467
6341,28.2,30.17599868774414,75.0,0.0,6.0,6.1,9.388639623274527,34.772047736292166
6342,18.7,30.17599868774414,75.0,0.0,5.5,7.6,8.618766359649346,24.73313645175454
6343,21.2,30.17599868774414,75.0,0.0,5.5,7.5,28.728809315774765,41.31016652104233
6344,21.2,30.17599868774414,75.0,0.0,3.8,8.3,27.310256310811326,40.31717941756793
6345,24.7,30.17599868774414,75.0,0.0,7.6,8.0,9.105094389524622,31.073566072667234
6346,30.1,30.17599868774414,75.0,0.0,6.0,7.6,6.626132945316811,34.73829306172177
6347,27.5,30.17599868774414,75.0,0.0,4.6,6.7,27.998820346282834,47.09917424239798
6348,24.1,30.17599868774414,75.0,0.0,6.3,7.4,12.804872676887339,33.06341087382114
6349,38.8,30.17599868774414,75.0,0.0,5.4,7.2,18.33142118913423,51.63199483239396
6350,18.6,30.17599868774414,75.0,0.0,7.6,7.2,28.378432173791705,38.464902521654196
6351,27.3,30.17599868774414,75.0,0.0,6.1,8.5,29.00917510749079,47.606422575243556
6352,15.2,30.17599868774414,75.0,0.0,3.5,6.0,23.216647508560175,31.45165325599212
6353,17.3,30.17599868774414,75.0,0.0,2.0,6.2,19.962345981901287,31.2736421873309
6354,16.2,30.17599868774414,75.0,0.0,7.5,7.2,16.021855847462668,27.415299093223865
6355,20.7,30.17599868774414,75.0,0.0,5.3,7.4,11.280590425541416,28.59641329787899
6356,31.8,30.17599868774414,75.0,0.0,6.3,7.9,28.15302056731634,51.50711439712144
6357,31.2,30.17599868774414,75.0,0.0,3.2,7.2,24.01965208112333,48.013756456786325
6358,15.9,30.17599868774414,75.0,0.0,2.9,8.5,28.624442753213977,35.937109927249786
6359,21.5,30.17599868774414,75.0,0.0,6.8,6.8,12.306725700445512,30.114707990311857
6360,34.5,31.625999450683594,68.0,0.0,4.3,7.6,6.717270189745292,39.202089132821705
6361,27.9,31.625999450683594,68.0,0.0,3.3,7.5,16.09787869151844,39.1685150840629
6362,28.3,31.625999450683594,68.0,0.0,4.3,8.2,5.605363829114455,32.22375468038012
6363,33.4,31.625999450683594,68.0,0.0,6.4,7.9,27.407049105205306,52.58493437364371
6364,35.2,31.625999450683594,68.0,0.0,2.5,6.3,11.250894164327402,43.075625915029185
6365,28.0,31.625999450683594,68.0,0.0,6.8,6.7,16.2934139931427,39.40538979519989
6366,17.8,31.625999450683594,68.0,0.0,4.7,8.0,12.374747709655978,26.462323396759185
6367,17.4,31.625999450683594,68.0,0.0,4.1,6.4,20.63224666448065,31.84257266513645
6368,24.4,31.625999450683594,68.0,0.0,4.0,6.1,21.74087236009997,39.618610652069975
6369,19.0,31.625999450683594,68.0,0.0,6.3,7.0,9.01925257330127,25.313476801310888
6370,25.7,31.625999450683594,68.0,0.0,2.6,6.8,20.67174945754931,40.170224620284515
6371,35.4,31.625999450683594,68.0,0.0,3.6,6.9,8.487015759303619,41.34091103151253
6372,27.1,31.625999450683594,68.0,0.0,3.6,6.9,14.990881361854708,37.593616953298294
6373,24.6,31.625999450683594,68.0,0.0,2.7,6.1,26.664149927355833,43.264904949149084
6374,21.8,31.625999450683594,68.0,0.0,7.5,6.1,11.983704550695812,30.18859318548707
6375,28.7,31.625999450683594,68.0,0.0,5.9,8.2,5.975670556503933,32.882969389552756
6376,25.3,31.625999450683594,68.0,0.0,3.1,6.6,18.73836554039476,38.41685587827633
6377,32.6,31.625999450683594,68.0,0.0,5.9,6.6,27.749503157743025,52.024652210420115
6378,23.4,31.625999450683594,68.0,0.0,3.3,7.2,22.423163753454286,39.096214627418
6379,38.3,31.625999450683594,68.0,0.0,4.8,6.9,15.624700322543971,49.237290225780775
6380,27.6,31.625999450683594,68.0,0.0,4.5,6.4,7.911718065663865,33.138202645964704
6381,22.8,31.625999450683594,68.0,0.0,6.6,8.2,11.654355748381427,30.958049023866998
6382,26.9,31.625999450683594,68.0,0.0,4.0,7.5,22.588804506608707,42.71216315462609
6383,28.9,31.625999450683594,68.0,0.0,5.3,7.4,13.683923161843346,38.478746213290336
6384,31.8,31.625999450683594,68.0,0.0,4.2,6.9,12.579818272509831,40.605872790756884
6385,31.7,31.625999450683594,68.0,0.0,3.5,8.1,21.001607660029492,46.40112536202064
6386,30.5,31.625999450683594,68.0,0.0,3.3,7.9,29.06257606919603,50.84380324843722
6387,17.6,31.625999450683594,68.0,0.0,3.9,8.4,14.80558755827137,27.96391129078996
6388,39.6,31.625999450683594,68.0,0.0,7.1,6.1,13.908996566064594,49.33629759624522
6389,33.4,31.625999450683594,68.0,0.0,7.1,7.8,21.337759073522157,48.33643135146551
6390,25.3,31.625999450683594,68.0,0.0,5.5,8.1,12.083273919715253,33.758291743800676
6391,36.1,31.625999450683594,68.0,0.0,2.6,8.2,26.845095038762,54.8915665271334
6392,28.2,31.625999450683594,68.0,0.0,5.0,8.2,5.153963391338033,31.807774373936624
6393,36.1,31.625999450683594,68.0,0.0,2.7,7.3,12.134254898932024,44.59397842925242
6394,23.1,31.625999450683594,68.0,0.0,2.1,6.6,27.176428748841772,42.12350012418924
6395,28.0,31.625999450683594,68.0,0.0,5.7,7.7,15.346366989949344,38.74245689296454
6396,30.9,31.625999450683594,68.0,0.0,4.0,6.2,15.94075974029888,42.05853181820922
6397,36.5,31.625999450683594,68.0,0.0,5.0,7.0,15.60668364590227,47.42467855213159
6398,36.5,31.625999450683594,68.0,0.0,7.2,7.8,28.60749298255635,56.52524508778944
6399,29.9,31.625999450683594,68.0,0.0,5.0,6.6,5.774853292899283,33.942397305029495
6400,38.3,31.625999450683594,68.0,0.0,2.9,6.2,19.708965506497627,52.09627585454834
6401,15.3,31.625999450683594,68.0,0.0,6.4,8.1,7.247656140606125,20.373359298424287
6402,24.5,31.625999450683594,68.0,0.0,2.8,6.8,20.974286580128453,39.182000606089915
6403,16.9,31.625999450683594,68.0,0.0,5.5,8.4,23.564415380531194,33.39509076637184
6404,37.8,31.625999450683594,68.0,0.0,7.3,8.0,24.374472787579588,54.86213095130571
6405,34.0,31.625999450683594,68.0,0.0,6.2,6.2,6.939498913423524,38.857649239396466
6406,20.6,31.625999450683594,68.0,0.0,4.9,7.2,15.660666939955105,31.562466857968573
6407,15.7,31.625999450683594,68.0,0.0,6.6,6.5,24.03780185004277,32.52646129502993
6408,39.2,31.625999450683594,68.0,0.0,4.8,6.3,16.9899470355971,51.09296292491797
6409,25.5,31.625999450683594,68.0,0.0,3.7,6.8,27.45728859114118,44.72010201379882
6410,21.8,31.625999450683594,68.0,0.0,6.8,6.6,16.745885351080297,33.52211974575621
6411,28.0,31.625999450683594,68.0,0.0,6.5,6.5,10.112981700922909,35.079087190646035
6412,26.2,31.625999450683594,68.0,0.0,6.0,8.4,18.646595683651334,39.252616978555935
6413,20.4,31.625999450683594,68.0,0.0,5.1,8.0,9.02454458314138,26.717181208198966
6414,37.3,31.625999450683594,68.0,0.0,3.6,6.8,21.736919134337068,52.51584339403594
6415,34.1,31.625999450683594,68.0,0.0,4.4,6.0,14.68374489968807,44.37862142978165
6416,15.2,31.625999450683594,68.0,0.0,7.2,8.0,27.273695174868376,34.29158662240786
6417,38.7,31.625999450683594,68.0,0.0,7.3,6.0,25.490914088009703,56.54363986160679
6418,29.7,31.625999450683594,68.0,0.0,6.5,7.6,6.953500268327038,34.567450187828925
6419,15.7,31.625999450683594,68.0,0.0,3.8,6.2,24.134172575977427,32.5939208031842
6420,30.8,32.375999450683594,64.0,0.0,5.3,7.8,5.688383000641698,34.78186810044919
6421,24.4,32.375999450683594,64.0,0.0,4.3,6.4,16.120726512904763,35.68450855903333
6422,24.7,32.375999450683594,64.0,0.0,3.2,7.6,25.33034671047394,42.431242697331754
6423,25.9,32.375999450683594,64.0,0.0,3.9,7.3,10.308679001815026,33.11607530127051
6424,28.8,32.375999450683594,64.0,0.0,5.8,7.1,5.604217578225624,32.72295230475794
6425,39.1,32.375999450683594,64.0,0.0,6.0,6.4,15.097334433392996,49.668134103375095
6426,31.9,32.375999450683594,64.0,0.0,6.4,7.8,28.76255339546013,52.03378737682209
6427,28.3,32.375999450683594,64.0,0.0,5.6,6.6,11.438213759871072,36.30674963190975
6428,26.9,32.375999450683594,64.0,0.0,5.2,8.3,20.092089195387867,40.964462436771505
6429,34.1,32.375999450683594,64.0,0.0,3.4,7.3,20.076694165068062,48.15368591554764
6430,18.6,32.375999450683594,64.0,0.0,4.5,6.1,8.46748231749967,24.52723762224977
6431,38.7,32.375999450683594,64.0,0.0,3.3,6.5,5.147219998418066,42.30305399889265
6432,16.8,32.375999450683594,64.0,0.0,4.5,6.6,25.496923785922274,34.647846650145596
6433,31.3,32.375999450683594,64.0,0.0,3.2,8.4,18.13879466052937,43.99715626237056
6434,22.6,32.375999450683594,64.0,0.0,3.7,7.0,19.218418805732952,36.05289316401307
6435,25.0,32.375999450683594,64.0,0.0,5.2,7.6,13.293833899310826,34.305683729517575
6436,25.7,32.375999450683594,64.0,0.0,6.6,7.3,26.721173812021522,44.40482166841507
6437,23.3,32.375999450683594,64.0,0.0,5.1,7.5,20.00880339178419,37.306162374248935
6438,36.0,32.375999450683594,64.0,0.0,5.1,7.5,15.188223513136913,46.63175645919584
6439,33.0,32.375999450683594,64.0,0.0,2.5,7.7,20.0361941064765,47.02533587453355
6440,29.9,32.375999450683594,64.0,0.0,4.3,6.0,12.122842590613178,38.38598981342922
6441,20.0,32.375999450683594,64.0,0.0,7.1,6.8,24.946365925127747,37.46245614758942
6442,33.5,32.375999450683594,64.0,0.0,6.5,6.4,17.98788359564915,46.09151851695441
6443,33.2,32.375999450683594,64.0,0.0,2.3,8.0,21.18703060066185,48.030921420463294
6444,26.5,32.375999450683594,64.0,0.0,2.8,8.4,23.189366345288597,42.732556441702016
6445,22.3,32.375999450683594,64.0,0.0,4.9,7.8,22.85611873385929,38.299283113701506
6446,23.0,32.375999450683594,64.0,0.0,2.5,6.1,10.930367369419884,30.651257158593918
6447,32.0,32.375999450683594,64.0,0.0,6.3,8.2,16.087087778139058,43.260961444697344
6448,21.8,32.375999450683594,64.0,0.0,6.1,6.6,17.167927280877926,33.81754909661455
6449,26.6,32.375999450683594,64.0,0.0,2.6,8.2,10.554220184669475,33.98795412926863
6450,38.1,32.375999450683594,64.0,0.0,6.7,6.3,25.753017444748238,56.12711221132376
6451,35.5,32.375999450683594,64.0,0.0,6.2,6.6,23.690744639088557,52.083521247361986
6452,19.3,32.375999450683594,64.0,0.0,6.8,8.1,26.798895621036955,38.05922693472587
6453,26.2,32.375999450683594,64.0,0.0,3.0,7.6,23.892597823721964,42.924818476605374
6454,31.9,32.375999450683594,64.0,0.0,2.0,8.1,16.084548002478805,43.159183601735165
6455,24.4,32.375999450683594,64.0,0.0,7.8,7.3,28.724365696806725,44.5070559877647
6456,26.6,32.375999450683594,64.0,0.0,7.3,6.8,18.97917240598028,39.885420684186194
6457,40.0,32.375999450683594,64.0,0.0,4.0,7.0,24.724491314801483,57.307143920361035
6458,39.8,32.375999450683594,64.0,0.0,2.4,7.1,13.585536325204474,49.30987542764313
6459,16.8,32.375999450683594,64.0,0.0,7.7,7.8,17.990606720368724,29.39342470425811
6460,19.6,32.375999450683594,64.0,0.0,7.1,6.1,11.956480722559064,27.969536505791346
6461,17.2,32.375999450683594,64.0,0.0,5.4,7.8,28.308721765614905,37.01610523593043
6462,38.7,32.375999450683594,64.0,0.0,7.5,7.0,12.956916951104937,47.76984186577346
6463,20.5,32.375999450683594,64.0,0.0,7.0,6.4,24.4111986450087,37.58783905150609
6464,18.0,32.375999450683594,64.0,0.0,4.2,6.6,28.978489264131905,38.28494248489233
6465,23.4,32.375999450683594,64.0,0.0,2.3,8.1,5.68088047806146,27.37661633464302
6466,27.7,32.375999450683594,64.0,0.0,2.2,6.2,16.350943885521517,39.14566071986506
6467,38.5,32.375999450683594,64.0,0.0,5.6,7.8,12.873284668758595,47.51129926813101
6468,20.9,32.375999450683594,64.0,0.0,2.2,6.3,8.261280207250689,26.682896145075482
6469,31.1,32.375999450683594,64.0,0.0,5.5,6.5,12.918431331419658,40.14290193199376
6470,22.2,32.375999450683594,64.0,0.0,6.2,6.4,18.980658974871254,35.48646128240988
6471,15.5,32.375999450683594,64.0,0.0,5.1,6.2,25.013947519233792,33.009763263463654
6472,20.1,32.375999450683594,64.0,0.0,4.2,6.7,27.54418222452215,39.380927557165506
6473,35.9,32.375999450683594,64.0,0.0,3.9,7.4,24.539224383655046,53.07745706855853
6474,27.1,32.375999450683594,64.0,0.0,7.5,6.2,18.72901340717911,40.210309385025376
6475,29.0,32.375999450683594,64.0,0.0,2.7,7.2,22.828816345849308,44.980171442094516
6476,33.4,32.375999450683594,64.0,0.0,7.3,7.8,14.65141307216048,43.65598915051233
6477,36.0,32.375999450683594,64.0,0.0,4.2,7.0,26.151166143069165,54.305816300148415
6478,32.4,32.375999450683594,64.0,0.0,3.6,6.9,14.042362248832998,42.2296535741831
6479,23.0,32.375999450683594,64.0,0.0,2.1,6.6,26.52557231977584,41.56790062384309
6480,22.8,32.72600173950195,63.0,0.0,2.3,6.4,15.624826413350169,33.73737848934512
6481,28.9,32.72600173950195,63.0,0.0,4.2,6.7,25.347384190782687,46.643168933547884
6482,28.5,32.72600173950195,63.0,0.0,6.1,6.8,28.71872767584809,48.60310937309366
6483,38.6,32.72600173950195,63.0,0.0,6.8,6.4,15.631458735222289,49.542021114655604
6484,24.7,32.72600173950195,63.0,0.0,6.1,6.6,13.552752026078373,34.186926418254856
6485,15.8,32.72600173950195,63.0,0.0,6.4,8.4,12.040420007803757,24.22829400546263
6486,19.7,32.72600173950195,63.0,0.0,2.3,8.3,23.990949017269635,36.49366431208874
6487,16.1,32.72600173950195,63.0,0.0,3.5,6.1,15.661752782539233,27.063226947777466
6488,34.1,32.72600173950195,63.0,0.0,5.0,7.1,14.519674269207556,44.26377198844529
6489,38.3,32.72600173950195,63.0,0.0,4.1,8.1,18.917525561026444,51.542267892718506
6490,22.1,32.72600173950195,63.0,0.0,4.8,6.6,23.265404642051024,38.38578324943572
6491,36.5,32.72600173950195,63.0,0.0,5.6,7.3,12.054114320490303,44.937880024343215
6492,34.9,32.72600173950195,63.0,0.0,6.8,8.3,26.954779112433616,53.76834537870353
6493,21.7,32.72600173950195,63.0,0.0,3.6,6.1,25.48167959480981,39.53717571636686
6494,38.9,32.72600173950195,63.0,0.0,7.8,7.2,5.098799094320492,42.46915936602434
6495,22.6,32.72600173950195,63.0,0.0,7.2,6.0,14.710327094114993,32.897228965880494
6496,38.1,32.72600173950195,63.0,0.0,5.4,8.3,14.387565070467534,48.171295549327276
6497,28.0,32.72600173950195,63.0,0.0,2.3,7.1,17.451137553610412,40.21579628752729
6498,21.7,32.72600173950195,63.0,0.0,4.4,7.2,13.468740455806692,31.128118319064683
6499,39.6,32.72600173950195,63.0,0.0,7.6,7.5,11.97045993522659,47.979321954658616
6500,17.7,32.72600173950195,63.0,0.0,5.2,7.1,13.418654906888795,27.093058434822154
6501,24.2,32.72600173950195,63.0,0.0,7.3,7.9,11.539913675663753,32.27793957296463
6502,26.1,32.72600173950195,63.0,0.0,4.0,7.3,28.507063059561993,46.0549441416934
6503,26.8,32.72600173950195,63.0,0.0,4.8,7.5,26.526917710526476,45.36884239736853
6504,23.1,32.72600173950195,63.0,0.0,2.5,7.6,17.490945201003512,35.34366164070246
6505,33.2,32.72600173950195,63.0,0.0,7.2,6.7,5.742808822399294,37.21996617567951
6506,37.1,32.72600173950195,63.0,0.0,3.3,6.8,13.366885642003671,46.45681994940257
6507,38.8,32.72600173950195,63.0,0.0,7.9,7.4,13.757953608123046,48.43056752568613
6508,36.6,32.72600173950195,63.0,0.0,3.2,7.0,7.431125322381705,41.8017877256672
6509,25.5,32.72600173950195,63.0,0.0,2.3,6.9,19.357798900715746,39.05045923050102
6510,38.8,32.72600173950195,63.0,0.0,4.4,7.2,5.976835059774114,42.98378454184188
6511,23.9,32.72600173950195,63.0,0.0,6.1,6.6,8.705338069571493,29.993736648700043
6512,21.6,32.72600173950195,63.0,0.0,5.8,7.9,29.42351202819506,42.196458419736544
6513,20.9,32.72600173950195,63.0,0.0,4.7,6.3,11.291686684504327,28.804180679153028
6514,28.6,32.72600173950195,63.0,0.0,3.6,7.5,21.64366842622766,43.750567898359364
6515,18.8,32.72600173950195,63.0,0.0,3.8,8.4,28.78569955183701,38.9499896862859
6516,32.4,32.72600173950195,63.0,0.0,4.1,6.1,27.532579853659403,51.67280589756158
6517,38.8,32.72600173950195,63.0,0.0,6.1,7.1,6.552305471521414,43.38661383006499
6518,36.3,32.72600173950195,63.0,0.0,2.1,7.7,16.119715454312868,47.583800818019
6519,29.6,32.72600173950195,63.0,0.0,3.7,7.4,15.953386653917018,40.767370657741914
6520,31.0,32.72600173950195,63.0,0.0,3.1,7.2,19.242899141705948,44.47002939919416
6521,29.7,32.72600173950195,63.0,0.0,3.7,7.6,26.872357343601116,48.51065014052078
6522,27.6,32.72600173950195,63.0,0.0,6.1,7.8,7.851757572510283,33.0962303007572
6523,28.6,32.72600173950195,63.0,0.0,5.1,7.3,14.309442833169498,38.61660998321865
6524,20.4,32.72600173950195,63.0,0.0,6.4,8.1,25.952997502999608,38.567098252099726
6525,32.1,32.72600173950195,63.0,0.0,6.3,7.6,12.633349036123954,40.94334432528677
6526,38.2,32.72600173950195,63.0,0.0,5.4,6.0,23.456727231773502,54.619709062241455
6527,24.5,32.72600173950195,63.0,0.0,4.9,6.3,5.735614975579358,28.514930482905548
6528,32.8,32.72600173950195,63.0,0.0,7.2,6.4,7.174408405961298,37.82208588417291
6529,20.8,32.72600173950195,63.0,0.0,4.8,7.3,10.977780988403506,28.484446691882454
6530,36.5,32.72600173950195,63.0,0.0,2.4,6.4,13.616326235441985,46.031428364809386
6531,25.2,32.72600173950195,63.0,0.0,3.0,6.7,15.14130309344034,35.79891216540824
6532,20.3,32.72600173950195,63.0,0.0,2.5,6.9,15.879589723667705,31.41571280656739
6533,39.3,32.72600173950195,63.0,0.0,3.7,6.1,8.208933251399888,45.04625327597992
6534,32.7,32.72600173950195,63.0,0.0,5.0,6.3,16.483831019967823,44.23868171397748
6535,33.0,32.72600173950195,63.0,0.0,8.0,6.9,15.635841824678577,43.945089277275
6536,33.2,32.72600173950195,63.0,0.0,3.5,8.1,27.001261908157563,52.10088333571029
6537,25.8,32.72600173950195,63.0,0.0,3.9,7.2,24.2912769392314,42.80389385746198
6538,18.2,32.72600173950195,63.0,0.0,2.4,7.1,23.801576164292932,34.86110331500505
6539,22.9,32.72600173950195,63.0,0.0,5.4,6.5,16.74555981897886,34.6218918732852
6540,16.2,32.625999450683594,63.0,0.0,4.8,8.0,11.728151817617437,24.409706272332205
6541,36.5,32.625999450683594,63.0,0.0,4.5,7.3,22.085909936717552,51.96013695570228
6542,35.2,32.625999450683594,63.0,0.0,4.8,6.1,17.743259040751497,47.62028132852605
6543,31.9,32.625999450683594,63.0,0.0,7.5,8.0,18.587257654221567,44.91108035795509
6544,19.2,32.625999450683594,63.0,0.0,5.4,6.5,16.62119351319372,30.834835459235602
6545,37.3,32.625999450683594,63.0,0.0,7.4,8.0,8.028601284426212,42.92002089909835
6546,25.8,32.625999450683594,63.0,0.0,6.8,7.3,28.619345768108392,45.83354203767587
6547,25.7,32.625999450683594,63.0,0.0,4.8,7.9,15.098230172665989,36.26876112086619
6548,20.6,32.625999450683594,63.0,0.0,4.1,6.9,12.44014919991481,29.308104439940365
6549,21.8,32.625999450683594,63.0,0.0,6.8,6.3,26.386069570991403,40.27024869969398
6550,31.1,32.625999450683594,63.0,0.0,5.7,6.7,11.454127106886553,39.11788897482059
6551,36.2,32.625999450683594,63.0,0.0,3.2,7.2,17.93354080438238,48.75347856306767
6552,16.2,32.625999450683594,63.0,0.0,6.4,7.0,25.2101341270551,33.847093888938566
6553,33.1,32.625999450683594,63.0,0.0,7.7,8.5,27.683229441731743,52.47826060921222
6554,28.2,32.625999450683594,63.0,0.0,3.3,6.5,15.585215393893407,39.109650775725385
6555,20.8,32.625999450683594,63.0,0.0,4.1,6.4,28.47353677659683,40.73147574361778
6556,17.5,32.625999450683594,63.0,0.0,6.5,8.0,10.90847392011033,25.13593174407723
6557,37.7,32.625999450683594,63.0,0.0,2.0,7.0,25.791559868594003,55.75409190801581
6558,27.2,32.625999450683594,63.0,0.0,7.6,7.9,22.0728326488193,42.650982854173506
6559,29.5,32.625999450683594,63.0,0.0,2.4,7.0,13.682221903925285,39.0775553327477
6560,31.2,32.625999450683594,63.0,0.0,4.1,8.5,21.60665399007693,46.324657793053845
6561,24.1,32.625999450683594,63.0,0.0,3.7,7.2,25.292662129211227,41.80486349044786
6562,39.5,32.625999450683594,63.0,0.0,7.1,6.9,26.97430843861518,58.38201590703062
6563,27.8,32.625999450683594,63.0,0.0,3.5,8.5,25.019180101499803,45.31342607104986
6564,23.6,32.625999450683594,63.0,0.0,4.2,7.5,25.407893287015167,41.385525300910615
6565,33.4,32.625999450683594,63.0,0.0,7.4,6.4,27.474495538272414,52.632146876790685
6566,24.7,32.625999450683594,63.0,0.0,7.1,7.7,12.584984269769883,33.50948898883892
6567,20.2,32.625999450683594,63.0,0.0,6.0,7.9,23.64880671247282,36.754164698730975
6568,31.8,32.625999450683594,63.0,0.0,4.6,6.3,8.064448362882441,37.445113854017706
6569,39.7,32.625999450683594,63.0,0.0,6.9,6.4,11.07625713482792,47.453379994379546
6570,38.9,32.625999450683594,63.0,0.0,6.3,7.2,5.009938540646587,42.40695697845261
6571,15.9,32.625999450683594,63.0,0.0,2.2,8.5,6.334229273151849,20.333960491206295
6572,36.4,32.625999450683594,63.0,0.0,5.7,7.1,25.22625189332677,54.05837632532874
6573,27.1,32.625999450683594,63.0,0.0,6.6,6.9,6.425297093924261,31.597707965746984
6574,37.6,32.625999450683594,63.0,0.0,4.7,6.7,24.662706145288784,54.863894301702146
6575,20.8,32.625999450683594,63.0,0.0,6.6,8.0,14.292723244191262,30.804906270933884
6576,16.3,32.625999450683594,63.0,0.0,2.9,7.2,27.254178326022892,35.377924828216024
6577,26.1,32.625999450683594,63.0,0.0,2.1,8.1,29.55930407953487,46.79151285567441
6578,16.0,32.625999450683594,63.0,0.0,6.3,7.8,5.302218849005683,19.711553194303978
6579,20.4,32.625999450683594,63.0,0.0,7.2,7.3,8.243813451508801,26.17066941605616
6580,28.8,32.625999450683594,63.0,0.0,5.2,8.2,23.272560732431042,45.090792512701725
6581,18.8,32.625999450683594,63.0,0.0,7.7,6.5,13.547636094802854,28.283345266361998
6582,21.0,32.625999450683594,63.0,0.0,6.6,6.8,29.42925006421211,41.600475044948475
6583,25.8,32.625999450683594,63.0,0.0,7.3,7.8,13.75326743754089,35.42728720627862
6584,26.3,32.625999450683594,63.0,0.0,7.6,7.8,20.14131923195709,40.398923462369964
6585,35.5,32.625999450683594,63.0,0.0,6.2,6.8,18.215604612922057,48.25092322904544
6586,40.0,32.625999450683594,63.0,0.0,5.4,7.1,27.757691465257935,59.43038402568055
6587,33.9,32.625999450683594,63.0,0.0,2.6,6.9,13.824993886292226,43.577495720404556
6588,21.1,32.625999450683594,63.0,0.0,7.8,6.3,26.982907875719583,39.98803551300371
6589,17.6,32.625999450683594,63.0,0.0,3.3,8.0,20.904509900282477,32.23315693019774
6590,27.6,32.625999450683594,63.0,0.0,3.2,6.6,29.70344015602365,48.392408109216554
6591,19.1,32.625999450683594,63.0,0.0,7.3,7.0,6.2004677256399034,23.440327407947933
6592,30.2,32.625999450683594,63.0,0.0,4.0,8.2,19.799622767483243,44.05973593723827
6593,35.9,32.625999450683594,63.0,0.0,6.9,6.7,14.794332112691015,46.25603247888371
6594,37.0,32.625999450683594,63.0,0.0,6.8,8.1,6.315621710930348,41.42093519765125
6595,23.6,32.625999450683594,63.0,0.0,7.0,8.3,12.211117088372294,32.14778196186061
6596,33.2,32.625999450683594,63.0,0.0,3.7,6.9,12.64391448031653,42.05074013622158
6597,22.0,32.625999450683594,63.0,0.0,4.6,7.9,24.301736474800315,39.01121553236022
6598,30.8,32.625999450683594,63.0,0.0,3.6,7.2,25.53274470971569,48.67292129680098
6599,35.0,32.625999450683594,63.0,0.0,7.2,7.8,23.31903977500392,51.32332784250274
6600,16.9,31.875999450683594,66.0,0.0,2.5,7.5,20.89740730195838,31.528185111370867
6601,19.5,31.875999450683594,66.0,0.0,2.4,7.4,15.567931214268821,30.397551849988176
6602,22.4,31.875999450683594,66.0,0.0,3.7,6.4,5.120538581019897,25.984377006713927
6603,27.0,31.875999450683594,66.0,0.0,2.5,7.0,8.104348319800536,32.673043823860375
6604,36.3,31.875999450683594,66.0,0.0,4.5,7.5,20.192203695129045,50.434542586590325
6605,22.2,31.875999450683594,66.0,0.0,6.3,8.2,16.605394645952508,33.82377625216675
6606,17.3,31.875999450683594,66.0,0.0,4.1,8.5,18.953796247981767,30.567657373587238
6607,33.4,31.875999450683594,66.0,0.0,7.2,8.2,16.242974814963635,44.77008237047454
6608,30.8,31.875999450683594,66.0,0.0,7.9,8.3,15.550875240958021,41.685612668670615
6609,21.8,31.875999450683594,66.0,0.0,2.4,8.3,20.902202976824697,36.43154208377729
6610,37.6,31.875999450683594,66.0,0.0,3.6,7.5,13.336629373668819,46.93564056156818
6611,28.1,31.875999450683594,66.0,0.0,7.4,7.2,22.379504248739085,43.76565297411736
6612,32.7,31.875999450683594,66.0,0.0,5.0,6.3,14.007297079377455,42.50510795556422
6613,15.5,31.875999450683594,66.0,0.0,5.6,7.6,26.907969428696223,34.33557860008736
6614,22.4,31.875999450683594,66.0,0.0,3.3,7.0,24.201917349272666,39.341342144490866
6615,39.2,31.875999450683594,66.0,0.0,5.4,6.7,10.152715564746348,46.30690089532244
6616,16.8,31.875999450683594,66.0,0.0,4.6,6.7,25.598075504689326,34.71865285328253
6617,37.5,31.875999450683594,66.0,0.0,2.9,7.1,11.517227809467983,45.56205946662759
6618,18.8,31.875999450683594,66.0,0.0,3.5,8.3,7.880962121858427,24.3166734853009
6619,33.4,31.875999450683594,66.0,0.0,4.9,7.1,16.49898479053204,44.94928935337243
6620,22.7,31.875999450683594,66.0,0.0,4.5,6.3,10.786355300633334,30.250448710443333
6621,30.9,31.875999450683594,66.0,0.0,5.0,7.4,22.845797645443806,46.89205835181066
6622,30.5,31.875999450683594,66.0,0.0,2.3,6.6,16.78365781198437,42.24856046838906
6623,15.5,31.875999450683594,66.0,0.0,6.6,6.5,17.96672199843027,28.07670539890119
6624,28.8,31.875999450683594,66.0,0.0,4.4,7.0,26.39986659768473,47.279906618379314
6625,34.8,31.875999450683594,66.0,0.0,3.2,6.1,7.173233544220671,39.821263480954464
6626,22.8,31.875999450683594,66.0,0.0,7.7,7.9,18.28295244195624,35.59806670936937
6627,35.4,31.875999450683594,66.0,0.0,5.7,7.4,27.470433855453585,54.62930369881751
6628,26.9,31.875999450683594,66.0,0.0,3.8,8.2,11.054342184363446,34.63803952905441
6629,20.2,31.875999450683594,66.0,0.0,2.1,7.4,12.057966729568435,28.640576710697903
6630,36.6,31.875999450683594,66.0,0.0,6.7,7.3,28.46142931305548,56.52300051913883
6631,39.4,31.875999450683594,66.0,0.0,4.2,7.7,10.981515546111456,47.08706088227802
6632,16.6,31.875999450683594,66.0,0.0,7.6,6.1,14.070750952366508,26.449525666656555
6633,39.5,31.875999450683594,66.0,0.0,6.3,7.7,18.67882703185878,52.57517892230115
6634,17.8,31.875999450683594,66.0,0.0,7.4,7.4,29.54278347067591,38.47994842947314
6635,35.7,31.875999450683594,66.0,0.0,2.7,6.7,10.507469634856635,43.05522874439965
6636,22.7,31.875999450683594,66.0,0.0,7.5,8.2,23.37185554880982,39.06029888416687
6637,27.4,31.875999450683594,66.0,0.0,5.8,7.8,20.705284397332207,41.89369907813254
6638,37.3,31.875999450683594,66.0,0.0,5.4,6.6,21.03282115204438,52.022974806431066
6639,16.8,31.875999450683594,66.0,0.0,2.3,6.9,21.37615036715425,31.763305257007975
6640,22.0,31.875999450683594,66.0,0.0,2.4,7.1,15.527117533408777,32.868982273386145
6641,20.0,31.875999450683594,66.0,0.0,6.1,7.6,25.7028173597904,37.991972151853275
6642,32.2,31.875999450683594,66.0,0.0,7.1,7.0,17.67170784643597,44.57019549250518
6643,39.1,31.875999450683594,66.0,0.0,5.7,7.2,10.5889821670781,46.51228751695467
6644,20.8,31.875999450683594,66.0,0.0,5.3,7.6,13.474626256039908,30.232238379227937
6645,19.4,31.875999450683594,66.0,0.0,2.6,7.9,29.64543211782348,40.151802482476434
6646,28.1,31.875999450683594,66.0,0.0,7.3,8.0,12.68142895208392,36.977000266458745
6647,20.5,31.875999450683594,66.0,0.0,3.9,7.7,9.1629361044081,26.91405527308567
6648,31.4,31.875999450683594,66.0,0.0,5.4,6.3,26.745948667628745,50.12216406734012
6649,23.4,31.875999450683594,66.0,0.0,7.6,7.7,25.928617295110744,41.55003210657752
6650,16.2,31.875999450683594,66.0,0.0,6.3,6.2,14.019848080220525,26.013893656154366
6651,18.0,31.875999450683594,66.0,0.0,6.7,6.0,12.18337334694402,26.528361342860812
6652,30.2,31.875999450683594,66.0,0.0,6.4,7.2,26.576963300880816,48.80387431061657
6653,25.8,31.875999450683594,66.0,0.0,2.8,6.4,28.72813872574112,45.90969710801878
6654,39.4,31.875999450683594,66.0,0.0,2.7,8.0,5.514112531904434,43.2598787723331
6655,32.6,31.875999450683594,66.0,0.0,3.2,6.3,28.84953784698271,52.7946764928879
6656,37.9,31.875999450683594,66.0,0.0,4.2,7.6,25.661846147418434,55.8632923031929
6657,28.8,31.875999450683594,66.0,0.0,2.2,7.7,17.944278164976417,41.36099471548349
6658,23.1,31.875999450683594,66.0,0.0,3.1,7.7,27.455886168950524,42.31912031826536
6659,21.8,31.875999450683594,66.0,0.0,7.4,8.4,9.88045812896489,28.716320690275424
6660,20.3,30.625999450683594,70.0,0.0,3.7,6.1,8.295950921026561,26.10716564471859
6661,30.3,30.625999450683594,70.0,0.0,6.9,6.2,13.608790324362001,39.8261532270534
6662,26.3,30.625999450683594,70.0,0.0,4.7,8.2,29.540398545837274,46.978278982086096
6663,35.2,30.625999450683594,70.0,0.0,2.7,6.6,11.364785517158905,43.155349862011235
6664,34.4,30.625999450683594,70.0,0.0,5.4,8.2,20.239459528185847,48.56762166973009
6665,27.9,30.625999450683594,70.0,0.0,4.1,7.1,9.621289931569258,34.63490295209848
6666,23.0,30.625999450683594,70.0,0.0,3.2,6.0,27.068906770674854,41.9482347394724
6667,33.8,30.625999450683594,70.0,0.0,7.4,6.4,27.21631301521404,52.85141911064983
6668,17.4,30.625999450683594,70.0,0.0,7.9,7.3,27.3367523465472,36.535726642583036
6669,16.4,30.625999450683594,70.0,0.0,4.9,7.0,22.155424495211758,31.908797146648226
6670,24.6,30.625999450683594,70.0,0.0,7.8,7.0,5.958867168355737,28.771207017849015
6671,24.0,30.625999450683594,70.0,0.0,2.2,8.5,7.4908810776156916,29.243616754330983
6672,19.6,30.625999450683594,70.0,0.0,4.3,6.5,12.950202799756838,28.66514195982979
6673,33.0,30.625999450683594,70.0,0.0,3.2,6.6,11.857427097908726,41.30019896853611
6674,17.4,30.625999450683594,70.0,0.0,3.4,7.9,23.06469349777485,33.54528544844239
6675,22.3,30.625999450683594,70.0,0.0,5.8,7.2,6.074754088595592,26.552327862016917
6676,23.8,30.625999450683594,70.0,0.0,7.4,7.7,11.62033973585162,31.934237815096132
6677,37.3,30.625999450683594,70.0,0.0,5.4,7.1,26.587720724175153,55.91140450692261
6678,32.6,30.625999450683594,70.0,0.0,2.5,6.2,7.995573397553869,38.196901378287706
6679,30.3,30.625999450683594,70.0,0.0,3.9,7.7,16.983803523425717,42.188662466398
6680,22.0,30.625999450683594,70.0,0.0,5.9,6.3,26.177601903240078,40.324321332268056
6681,20.1,30.625999450683594,70.0,0.0,3.0,6.7,8.0134995994777,25.709449719634392
6682,38.2,30.625999450683594,70.0,0.0,2.7,7.0,29.986123135707942,59.190286194995565
6683,38.3,30.625999450683594,70.0,0.0,7.0,8.3,5.925258581624844,42.44768100713739
6684,37.4,30.625999450683594,70.0,0.0,3.0,7.7,6.802897289346844,42.16202810254279
6685,31.3,30.625999450683594,70.0,0.0,5.4,7.0,28.22686866798953,51.05880806759267
6686,16.4,30.625999450683594,70.0,0.0,7.9,8.0,25.915434660705092,34.540804262493566
6687,17.6,30.625999450683594,70.0,0.0,7.0,6.9,27.69816195314637,36.988713367202465
6688,36.2,30.625999450683594,70.0,0.0,2.5,8.1,21.002507192778236,50.90175503494477
6689,23.5,30.625999450683594,70.0,0.0,2.2,7.6,29.676033444684197,44.273223411278934
6690,31.1,30.625999450683594,70.0,0.0,7.4,7.5,29.929411049343425,52.0505877345404
6691,34.9,30.625999450683594,70.0,0.0,7.1,7.9,9.695891734615786,41.68712421423105
6692,17.0,30.625999450683594,70.0,0.0,3.7,6.3,20.11635595537114,31.081449168759796
6693,17.6,30.625999450683594,70.0,0.0,4.9,6.2,27.72813935672378,37.009697549706644
6694,29.2,30.625999450683594,70.0,0.0,6.8,6.4,8.634231175587036,35.243961822910926
6695,34.9,30.625999450683594,70.0,0.0,7.3,6.3,11.168443745696795,42.717910621987755
6696,19.1,30.625999450683594,70.0,0.0,3.6,7.6,17.5881050676804,31.41167354737628
6697,27.5,30.625999450683594,70.0,0.0,5.5,6.2,12.745775696402529,36.42204298748177
6698,39.7,30.625999450683594,70.0,0.0,4.3,6.4,21.686509854205127,54.88055689794359
6699,25.4,30.625999450683594,70.0,0.0,4.3,6.9,13.912854557367936,35.13899819015755
6700,20.7,30.625999450683594,70.0,0.0,4.0,6.5,12.121077247872856,29.184754073510998
6701,29.3,30.625999450683594,70.0,0.0,5.4,8.3,29.369022290673996,49.858315603471794
6702,29.6,30.625999450683594,70.0,0.0,6.1,7.5,19.855968554235968,43.499177987965176
6703,27.5,30.625999450683594,70.0,0.0,5.2,7.5,22.129392440267413,42.99057470818719
6704,20.7,30.625999450683594,70.0,0.0,5.3,6.7,17.557738501184545,32.99041695082918
6705,36.6,30.625999450683594,70.0,0.0,2.7,8.3,10.264671951326665,43.78527036592867
6706,35.5,30.625999450683594,70.0,0.0,7.1,6.0,29.471511873992117,56.130058311794485
6707,16.4,30.625999450683594,70.0,0.0,5.1,7.5,21.02735379870237,31.11914765909166
6708,28.1,30.625999450683594,70.0,0.0,3.2,6.1,7.583415276647372,33.40839069365316
6709,32.1,30.625999450683594,70.0,0.0,3.7,7.0,11.424905446806372,40.097433812764464
6710,26.5,30.625999450683594,70.0,0.0,6.2,7.4,21.16218429786647,41.31352900850653
6711,23.0,30.625999450683594,70.0,0.0,3.4,7.6,6.170220058679777,27.319154041075844
6712,23.0,30.625999450683594,70.0,0.0,4.3,6.9,23.81205231913483,39.66843662339438
6713,29.0,30.625999450683594,70.0,0.0,5.0,7.1,21.042142385847555,43.72949967009329
6714,19.7,30.625999450683594,70.0,0.0,5.8,8.2,24.087551068607482,36.561285748025234
6715,30.5,30.625999450683594,70.0,0.0,4.7,6.1,24.542621515089085,47.679835060562354
6716,25.9,30.625999450683594,70.0,0.0,7.2,7.4,24.87016624564048,43.309116371948335
6717,29.9,30.625999450683594,70.0,0.0,4.4,7.6,8.702699465338446,35.99188962573691
6718,18.6,30.625999450683594,70.0,0.0,3.0,6.5,23.747171959270208,35.22302037148914
6719,20.1,30.625999450683594,70.0,0.0,3.0,6.1,29.616273731979664,40.831391612385765
6720,22.2,29.575998306274418,75.0,0.0,8.0,6.9,24.997934809225907,39.69855436645813
6721,16.7,29.575998306274418,75.0,0.0,5.8,7.4,8.61958337720094,22.733708364040655
6722,33.5,29.575998306274418,75.0,0.0,6.5,7.9,16.671259841463968,45.16988188902478
6723,35.4,29.575998306274418,75.0,0.0,7.7,7.5,14.1766860525773,45.32368023680411
6724,26.0,29.575998306274418,75.0,0.0,2.4,6.7,15.91564061454888,37.14094843018422
6725,15.6,29.575998306274418,75.0,0.0,4.4,8.4,18.70269704375277,28.69188793062694
6726,36.9,29.575998306274418,75.0,0.0,2.6,8.1,29.504388356900506,57.55307184983035
6727,17.6,29.575998306274418,75.0,0.0,5.1,7.6,9.491299918538228,24.24390994297676
6728,19.1,29.575998306274418,75.0,0.0,5.8,8.1,29.09355007875078,39.46548505512555
6729,19.5,29.575998306274418,75.0,0.0,2.8,7.7,8.423132718773548,25.396192903141483
6730,35.5,29.575998306274418,75.0,0.0,2.2,6.1,5.567520714917336,39.397264500442134
6731,19.7,29.575998306274418,75.0,0.0,3.7,7.2,15.614378263086358,30.63006478416045
6732,23.7,29.575998306274418,75.0,0.0,7.6,8.3,26.535629243830154,42.2749404706811
6733,34.1,29.575998306274418,75.0,0.0,4.7,6.5,25.868061968078937,52.20764337765526
6734,30.2,29.575998306274418,75.0,0.0,3.4,7.7,22.92170136878263,46.245190958147845
6735,35.9,29.575998306274418,75.0,0.0,3.6,7.3,22.050357977726257,51.33525058440838
6736,31.6,29.575998306274418,75.0,0.0,4.7,6.8,6.6813138648358645,36.276919705385104
6737,26.1,29.575998306274418,75.0,0.0,4.1,8.2,14.469419379729027,36.22859356581032
6738,19.1,29.575998306274418,75.0,0.0,5.9,6.6,7.337824375889736,24.236477063122816
6739,27.7,29.575998306274418,75.0,0.0,4.7,6.8,12.666142363125257,36.56629965418768
6740,39.5,29.575998306274418,75.0,0.0,6.7,7.4,7.64341254967988,44.850388784775916
6741,19.7,29.575998306274418,75.0,0.0,2.2,6.3,27.590339627312158,39.01323773911851
6742,22.5,29.575998306274418,75.0,0.0,3.8,6.4,22.973088954062984,38.58116226784409
6743,16.9,29.575998306274418,75.0,0.0,4.7,8.1,18.214255732893406,29.64997901302538
6744,26.4,29.575998306274418,75.0,0.0,6.6,6.1,11.036337932316721,34.1254365526217
6745,27.7,29.575998306274418,75.0,0.0,4.6,8.0,5.711486341109932,31.69804043877695
6746,23.0,29.575998306274418,75.0,0.0,7.8,6.6,15.465999238468694,33.82619946692809
6747,18.5,29.575998306274418,75.0,0.0,7.0,7.7,29.58928247182435,39.21249773027704
6748,27.9,29.575998306274418,75.0,0.0,5.8,6.3,5.955210177774421,32.068647124442094
6749,34.4,29.575998306274418,75.0,0.0,6.6,7.5,11.226177543962923,42.25832428077405
6750,17.2,29.575998306274418,75.0,0.0,3.3,8.4,7.548876264332958,22.48421338503307
6751,23.8,29.575998306274418,75.0,0.0,6.2,7.6,7.437291298867416,29.00610390920719
6752,33.4,29.575998306274418,75.0,0.0,4.9,7.9,16.603600114827792,45.02252008037945
6753,15.9,29.575998306274418,75.0,0.0,6.4,8.3,7.946571710411602,21.462600197288122
6754,31.2,29.575998306274418,75.0,0.0,5.4,8.2,5.148593180728515,34.80401522650996
6755,35.3,29.575998306274418,75.0,0.0,7.2,8.1,11.462575379613245,43.32380276572927
6756,36.8,29.575998306274418,75.0,0.0,7.5,6.1,29.75227945816686,57.6265956207168
6757,16.4,29.575998306274418,75.0,0.0,2.5,8.3,7.082908446451534,21.358035912516073
6758,26.6,29.575998306274418,75.0,0.0,6.5,8.5,6.1755499207586535,30.92288494453106
6759,17.6,29.575998306274418,75.0,0.0,3.5,6.2,9.94086868811541,24.558608081680788
6760,16.9,29.575998306274418,75.0,0.0,5.4,6.0,10.543212890958879,24.280249023671214
6761,22.1,29.575998306274418,75.0,0.0,5.4,7.8,16.787245330215907,33.85107173115114
6762,24.6,29.575998306274418,75.0,0.0,6.8,8.5,26.311617378625634,43.01813216503794
6763,20.4,29.575998306274418,75.0,0.0,4.5,6.8,19.70100665786771,34.19070466050739
6764,17.5,29.575998306274418,75.0,0.0,5.8,6.9,20.270095073847024,31.689066551692918
6765,15.2,29.575998306274418,75.0,0.0,2.1,7.5,9.669674028030949,21.968771819621665
6766,36.7,29.575998306274418,75.0,0.0,3.0,8.3,15.224510550252852,47.357157385177
6767,16.7,29.575998306274418,75.0,0.0,3.9,8.0,28.69103562736903,36.78372493915832
6768,15.6,29.575998306274418,75.0,0.0,6.5,8.2,28.5850813783816,35.60955696486712
6769,18.7,29.575998306274418,75.0,0.0,5.2,7.4,6.158096326563088,23.01066742859416
6770,25.9,29.575998306274418,75.0,0.0,2.0,6.0,23.92824623573092,42.64977236501164
6771,37.8,29.575998306274418,75.0,0.0,5.8,8.2,13.509663405073074,47.25676438355115
6772,20.8,29.575998306274418,75.0,0.0,4.2,6.4,11.708136869990122,28.995695808993084
6773,39.6,29.575998306274418,75.0,0.0,4.2,6.4,7.458872739889262,44.821210917922485
6774,21.9,29.575998306274418,75.0,0.0,7.2,6.7,20.06722595281781,35.94705816697247
6775,23.1,29.575998306274418,75.0,0.0,5.0,6.1,23.361048045469055,39.45273363182834
6776,19.4,29.575998306274418,75.0,0.0,6.3,6.8,8.02385271561003,25.01669690092702
6777,36.9,29.575998306274418,75.0,0.0,3.5,7.0,21.479157837393902,51.935410486175726
6778,27.6,29.575998306274418,75.0,0.0,2.7,7.6,24.20383895297406,44.542687267081845
6779,18.4,29.575998306274418,75.0,0.0,4.1,6.5,20.786853618422192,32.950797532895535
6780,33.0,28.825998306274418,79.0,0.0,5.6,7.4,29.651141400378332,53.75579898026483
6781,17.1,28.825998306274418,79.0,0.0,5.5,6.6,9.540570428480853,23.7783992999366
6782,32.9,28.825998306274418,79.0,0.0,3.4,7.7,21.240532784937624,47.768372949456335
6783,33.3,28.825998306274418,79.0,0.0,3.7,6.3,28.806808801878727,53.464766161315104
6784,37.5,28.825998306274418,79.0,0.0,5.5,7.7,16.49608392286083,49.04725874600258
6785,27.1,28.825998306274418,79.0,0.0,7.8,8.0,12.34444033416729,35.7411082339171
6786,16.8,28.825998306274418,79.0,0.0,3.3,7.5,6.418722200191667,21.293105540134167
6787,34.5,28.825998306274418,79.0,0.0,6.4,7.0,9.665685165793901,41.26597961605573
6788,27.0,28.825998306274418,79.0,0.0,4.4,7.6,18.544854705394513,39.98139829377616
6789,26.4,28.825998306274418,79.0,0.0,3.5,7.3,26.103173984307546,44.67222178901528
6790,28.4,28.825998306274418,79.0,0.0,5.7,6.6,10.104704008965665,35.473292806275964
6791,27.2,28.825998306274418,79.0,0.0,4.5,7.4,20.733148395199194,41.71320387663943
6792,29.9,28.825998306274418,79.0,0.0,4.1,8.1,25.7718310632867,47.94028174430069
6793,18.9,28.825998306274418,79.0,0.0,7.0,7.2,11.3202229433886,26.82415606037202
6794,23.2,28.825998306274418,79.0,0.0,7.2,6.0,9.625513209283831,29.937859246498682
6795,36.0,28.825998306274418,79.0,0.0,5.6,7.7,25.509322266621126,53.85652558663479
6796,23.0,28.825998306274418,79.0,0.0,4.5,6.0,21.487936132250393,38.041555292575275
6797,33.5,28.825998306274418,79.0,0.0,6.4,7.2,13.356431179968164,42.84950182597771
6798,38.6,28.825998306274418,79.0,0.0,3.6,7.6,29.532113854995863,59.27247969849711
6799,19.7,28.825998306274418,79.0,0.0,5.4,8.2,10.714251377144489,27.19997596400114
6800,34.3,28.825998306274418,79.0,0.0,7.3,7.4,17.63541828734571,46.644792801141996
6801,21.7,28.825998306274418,79.0,0.0,5.0,6.7,24.411860884750396,38.78830261932528
6802,28.1,28.825998306274418,79.0,0.0,2.8,7.4,6.256876347178531,32.47981344302497
6803,21.4,28.825998306274418,79.0,0.0,3.7,7.0,8.29402275605552,27.205815929238863
6804,15.7,28.825998306274418,79.0,0.0,2.9,7.0,24.645745603470203,32.95202192242914
6805,16.7,28.825998306274418,79.0,0.0,2.4,8.1,11.06944818611586,24.4486137302811
6806,19.5,28.825998306274418,79.0,0.0,6.7,6.6,23.752750505146683,36.12692535360267
6807,36.3,28.825998306274418,79.0,0.0,3.7,8.2,9.822544657890507,43.17578126052335
6808,19.3,28.825998306274418,79.0,0.0,5.6,7.9,21.000150176457307,34.000105123520115
6809,38.8,28.825998306274418,79.0,0.0,7.6,7.2,25.97595860555882,56.983171023891174
6810,35.6,28.825998306274418,79.0,0.0,6.8,6.2,24.53586479990034,52.77510535993024
6811,33.9,28.825998306274418,79.0,0.0,3.7,7.4,5.043801102879698,37.430660772015784
6812,31.3,28.825998306274418,79.0,0.0,3.6,7.0,9.425608525017003,37.8979259675119
6813,39.3,28.825998306274418,79.0,0.0,7.6,7.0,28.004680260070785,58.903276182049545
6814,33.5,28.825998306274418,79.0,0.0,3.6,6.4,5.694707345740866,37.486295142018605
6815,20.2,28.825998306274418,79.0,0.0,7.5,7.5,22.86364759928116,36.20455331949681
6816,18.1,28.825998306274418,79.0,0.0,3.0,7.3,12.445921320853424,26.812144924597398
6817,19.3,28.825998306274418,79.0,0.0,3.1,6.5,24.023941981629957,36.116759387140974
6818,35.4,28.825998306274418,79.0,0.0,7.9,7.5,14.429866462689365,45.500906523882556
6819,32.1,28.825998306274418,79.0,0.0,7.6,8.1,7.083007488015998,37.0581052416112
6820,26.9,28.825998306274418,79.0,0.0,4.1,7.4,5.291656322782041,30.604159425947426
6821,19.6,28.825998306274418,79.0,0.0,7.7,8.0,11.463256124959642,27.62427928747175
6822,35.1,28.825998306274418,79.0,0.0,2.9,7.7,26.649457801423903,53.75462046099673
6823,23.3,28.825998306274418,79.0,0.0,7.0,8.3,5.438992677490946,27.107294874243664
6824,33.0,28.825998306274418,79.0,0.0,2.0,6.8,7.983461600903597,38.58842312063252
6825,16.9,28.825998306274418,79.0,0.0,6.7,8.2,27.588600518985082,36.212020363289554
6826,28.1,28.825998306274418,79.0,0.0,7.1,7.4,26.34775408119612,46.54342785683728
6827,17.6,28.825998306274418,79.0,0.0,3.8,7.8,16.922330908767528,29.44563163613727
6828,20.5,28.825998306274418,79.0,0.0,4.3,7.4,16.854724753104385,32.29830732717307
6829,21.7,28.825998306274418,79.0,0.0,6.5,7.7,16.16839651260378,33.01787755882265
6830,15.9,28.825998306274418,79.0,0.0,4.3,6.4,22.681596524968977,31.777117567478285
6831,38.6,28.825998306274418,79.0,0.0,4.6,8.4,25.45598881730489,56.419192172113426
6832,31.3,28.825998306274418,79.0,0.0,4.1,7.2,7.437051644664762,36.50593615126533
6833,26.4,28.825998306274418,79.0,0.0,4.4,6.5,9.074827749707019,32.75237942479491
6834,30.9,28.825998306274418,79.0,0.0,4.9,6.5,5.672043817424184,34.870430672196925
6835,20.5,28.825998306274418,79.0,0.0,6.9,7.2,11.643676065512716,28.6505732458589
6836,22.8,28.825998306274418,79.0,0.0,4.4,6.8,25.39610438052354,40.57727306636647
6837,25.9,28.825998306274418,79.0,0.0,2.6,7.2,27.342206769892627,45.03954473892483
6838,25.4,28.825998306274418,79.0,0.0,5.7,7.6,29.773561530010184,46.24149307100713
6839,39.2,28.825998306274418,79.0,0.0,3.9,7.4,16.437202815314294,50.70604197072001
6840,31.0,28.22599983215332,83.0,0.0,2.1,7.6,23.694587403508113,47.58621118245568
6841,34.2,28.22599983215332,83.0,0.0,2.3,6.1,21.335427106863214,49.134798974804255
6842,15.3,28.22599983215332,83.0,0.0,5.9,7.6,7.810712440258911,20.767498708181236
6843,17.9,28.22599983215332,83.0,0.0,4.3,7.3,28.735206162835652,38.01464431398495
6844,20.0,28.22599983215332,83.0,0.0,4.1,6.0,29.281279180072595,40.49689542605081
6845,37.4,28.22599983215332,83.0,0.0,3.3,6.2,27.10147928899958,56.371035502299705
6846,39.0,28.22599983215332,83.0,0.0,2.2,7.9,7.469271894360431,44.2284903260523
6847,27.9,28.22599983215332,83.0,0.0,5.2,7.6,24.229559104612825,44.860691373228974
6848,17.6,28.22599983215332,83.0,0.0,3.9,6.3,11.317250599827931,25.522075419879553
6849,32.2,28.22599983215332,83.0,0.0,2.2,7.1,14.834869196270654,42.584408437389456
6850,16.9,28.22599983215332,83.0,0.0,5.0,7.1,27.96947559984782,36.47863291989347
6851,17.3,28.22599983215332,83.0,0.0,3.4,6.2,18.44137907601724,30.208965353212065
6852,19.8,28.22599983215332,83.0,0.0,6.4,6.2,28.860251672334776,40.00217617063434
6853,34.2,28.22599983215332,83.0,0.0,4.6,7.0,25.62903930177691,52.14032751124384
6854,23.1,28.22599983215332,83.0,0.0,6.7,7.7,9.30507598682949,29.613553190780642
6855,29.4,28.22599983215332,83.0,0.0,4.3,6.8,21.94166170766808,44.75916319536765
6856,29.8,28.22599983215332,83.0,0.0,6.7,6.1,6.306298301900904,34.214408811330635
6857,18.6,28.22599983215332,83.0,0.0,7.9,8.5,6.824814276479659,23.377369993535762
6858,26.8,28.22599983215332,83.0,0.0,5.3,7.4,19.762338614686954,40.633637030280866
6859,39.6,28.22599983215332,83.0,0.0,7.7,8.2,23.518226871262144,56.062758809883505
6860,39.3,28.22599983215332,83.0,0.0,5.5,6.7,10.280945779868752,46.496662045908124
6861,33.9,28.22599983215332,83.0,0.0,3.7,7.5,26.245820321365517,52.27207422495586
6862,23.2,28.22599983215332,83.0,0.0,4.8,6.3,12.377106826807232,31.863974778765062
6863,35.6,28.22599983215332,83.0,0.0,4.2,6.8,27.684507666228054,54.979155366359635
6864,17.7,28.22599983215332,83.0,0.0,2.3,7.1,24.812505727730702,35.06875400941149
6865,28.5,28.22599983215332,83.0,0.0,5.8,8.2,24.88232541744805,45.917627792213636
6866,31.0,28.22599983215332,83.0,0.0,6.7,7.3,11.829511075542438,39.280657752879705
6867,35.2,28.22599983215332,83.0,0.0,2.9,8.2,7.801177793170415,40.66082445521929
6868,15.8,28.22599983215332,83.0,0.0,3.4,6.8,9.229357502897935,22.260550252028555
6869,27.8,28.22599983215332,83.0,0.0,2.4,7.2,11.021856444383777,35.51529951106865
6870,24.2,28.22599983215332,83.0,0.0,2.8,6.9,24.89286290853164,41.62500403597215
6871,20.6,28.22599983215332,83.0,0.0,2.1,6.0,9.58456194635109,27.309193362445765
6872,29.4,28.22599983215332,83.0,0.0,6.6,7.4,14.422574572757789,39.49580220093045
6873,17.0,28.22599983215332,83.0,0.0,5.5,6.7,22.670920210857602,32.86964414760032
6874,20.9,28.22599983215332,83.0,0.0,4.7,6.6,9.672255865697636,27.670579105988345
6875,15.7,28.22599983215332,83.0,0.0,5.6,6.9,16.35619208789503,27.14933446152652
6876,33.1,28.22599983215332,83.0,0.0,6.6,8.4,10.969387254448002,40.7785710781136
6877,19.1,28.22599983215332,83.0,0.0,3.6,6.1,9.01314281955338,25.409199973687368
6878,33.4,28.22599983215332,83.0,0.0,2.7,8.3,18.815604641412804,46.57092324898896
6879,33.6,28.22599983215332,83.0,0.0,2.9,6.9,9.713203261915172,40.39924228334062
6880,35.1,28.22599983215332,83.0,0.0,2.3,7.6,21.386637699210954,50.07064638944767
6881,24.5,28.22599983215332,83.0,0.0,4.9,8.3,16.34938840055132,35.94457188038592
6882,38.4,28.22599983215332,83.0,0.0,3.3,7.0,16.432131399282163,49.90249197949751
6883,20.2,28.22599983215332,83.0,0.0,4.9,6.5,19.019066617718522,33.513346632402964
6884,18.5,28.22599983215332,83.0,0.0,5.0,7.7,24.849126574798014,35.8943886023586
6885,20.2,28.22599983215332,83.0,0.0,7.1,6.4,22.32315344186587,35.82620740930611
6886,38.2,28.22599983215332,83.0,0.0,3.6,7.4,18.4461137932085,51.112279655245956
6887,20.2,28.22599983215332,83.0,0.0,2.2,7.9,6.842145433309453,24.989501803316614
6888,24.6,28.22599983215332,83.0,0.0,5.8,7.7,11.956176496733013,32.96932354771311
6889,24.9,28.22599983215332,83.0,0.0,4.9,7.3,8.69324101878189,30.98526871314732
6890,27.4,28.22599983215332,83.0,0.0,2.7,7.2,12.82256022132429,36.375792154927
6891,27.3,28.22599983215332,83.0,0.0,2.2,6.4,9.608530473300387,34.025971331310274
6892,19.1,28.22599983215332,83.0,0.0,3.3,7.5,21.16801929729696,33.91761350810788
6893,26.5,28.22599983215332,83.0,0.0,7.7,6.8,24.250364919012284,43.4752554433086
6894,19.9,28.22599983215332,83.0,0.0,6.9,7.5,24.818745607693643,37.273121925385546
6895,19.8,28.22599983215332,83.0,0.0,7.8,8.3,14.794304487118596,30.156013140983017
6896,17.2,28.22599983215332,83.0,0.0,3.9,7.8,29.70472055427916,37.99330438799541
6897,19.1,28.22599983215332,83.0,0.0,3.2,8.1,13.40638524043025,28.484469668301173
6898,27.0,28.22599983215332,83.0,0.0,2.5,8.2,15.053500386952669,37.53745027086687
6899,39.1,28.22599983215332,83.0,0.0,5.5,6.4,23.0034995279647,55.20244966957529
6900,32.9,27.775999069213867,86.0,0.0,2.3,6.1,14.56438225876704,43.095067581136924
6901,18.9,27.775999069213867,86.0,0.0,2.0,8.1,9.06040823066262,25.242285761463833
6902,36.5,27.775999069213867,86.0,0.0,2.7,8.3,29.669248661014162,57.26847406270991
6903,34.6,27.775999069213867,86.0,0.0,3.6,6.5,6.663298101709856,39.2643086711969
6904,22.3,27.775999069213867,86.0,0.0,4.5,6.5,15.94889269999158,33.46422488999411
6905,20.5,27.775999069213867,86.0,0.0,3.7,7.6,16.693454134737287,32.1854178943161
6906,18.2,27.775999069213867,86.0,0.0,6.9,7.1,21.619098298762125,33.33336880913349
6907,35.3,27.775999069213867,86.0,0.0,7.2,7.6,25.561658840790713,53.193161188553496
6908,27.0,27.775999069213867,86.0,0.0,2.1,8.3,25.09527665075708,44.56669365552995
6909,22.9,27.775999069213867,86.0,0.0,2.0,7.9,8.170370764513361,28.61925953515935
6910,29.6,27.775999069213867,86.0,0.0,3.8,7.0,21.60838893639515,44.7258722554766
6911,30.6,27.775999069213867,86.0,0.0,6.9,7.7,17.296064189601204,42.70724493272084
6912,27.3,27.775999069213867,86.0,0.0,3.9,6.9,28.687056631315276,47.38093964192069
6913,19.0,27.775999069213867,86.0,0.0,7.9,7.3,20.238760516573436,33.1671323616014
6914,17.9,27.775999069213867,86.0,0.0,6.5,7.3,9.053294272559445,24.23730599079161
6915,19.0,27.775999069213867,86.0,0.0,7.1,7.2,15.798177337262157,30.05872413608351
6916,22.3,27.775999069213867,86.0,0.0,6.1,7.2,26.78643453150592,41.05050417205415
6917,19.8,27.775999069213867,86.0,0.0,3.5,6.0,19.27246465388746,33.29072525772122
6918,39.4,27.775999069213867,86.0,0.0,5.3,7.1,15.119485460225539,49.983639822157876
6919,35.0,27.775999069213867,86.0,0.0,5.4,8.4,6.481128089269373,39.53678966248856
6920,35.1,27.775999069213867,86.0,0.0,3.5,7.9,24.499358229942185,52.24955076095953
6921,22.0,27.775999069213867,86.0,0.0,2.5,7.6,20.229876574459325,36.160913602121525
6922,30.0,27.775999069213867,86.0,0.0,2.4,8.2,7.8089626630500995,35.46627386413507
6923,33.6,27.775999069213867,86.0,0.0,2.6,6.6,22.309182848266346,49.21642799378644
6924,32.3,27.775999069213867,86.0,0.0,6.8,6.1,5.729817873516078,36.310872511461255
6925,39.3,27.775999069213867,86.0,0.0,2.7,7.1,21.985070055379598,54.68954903876572
6926,36.0,27.775999069213867,86.0,0.0,4.3,7.9,27.552192793713942,55.28653495559976
6927,25.6,27.775999069213867,86.0,0.0,7.7,8.4,7.688019643141256,30.981613750198882
6928,29.1,27.775999069213867,86.0,0.0,6.4,7.5,26.310351269947216,47.517245888963046
6929,37.2,27.775999069213867,86.0,0.0,3.2,6.4,26.835016292622964,55.98451140483608
6930,20.1,27.775999069213867,86.0,0.0,4.2,6.4,9.68955827797038,26.88269079457927
6931,36.9,27.775999069213867,86.0,0.0,7.6,6.6,20.190818038629523,51.03357262704066
6932,21.0,27.775999069213867,86.0,0.0,7.0,8.4,12.113128951170381,29.479190265819266
6933,38.0,27.775999069213867,86.0,0.0,7.4,6.7,17.632251839657876,50.34257628776051
6934,36.2,27.775999069213867,86.0,0.0,5.3,6.7,26.373674106654576,54.66157187465821
6935,22.9,27.775999069213867,86.0,0.0,2.7,7.8,13.932910567882768,32.653037397517934
6936,35.0,27.775999069213867,86.0,0.0,2.3,8.1,20.443602036909834,49.31052142583688
6937,31.1,27.775999069213867,86.0,0.0,2.3,8.1,11.433876698858064,39.103713689200646
6938,35.5,27.775999069213867,86.0,0.0,4.3,6.6,5.022722112867124,39.01590547900699
6939,28.2,27.775999069213867,86.0,0.0,7.2,6.7,29.36680317765391,48.756762224357736
6940,24.4,27.775999069213867,86.0,0.0,2.3,8.3,21.902713176381102,39.73189922346677
6941,33.7,27.775999069213867,86.0,0.0,4.8,7.9,22.764845782909365,49.63539204803656
6942,26.1,27.775999069213867,86.0,0.0,7.9,7.0,14.28536048007062,36.099752336049434
6943,15.5,27.775999069213867,86.0,0.0,7.6,7.0,7.445384121177299,20.71176888482411
6944,31.4,27.775999069213867,86.0,0.0,5.1,8.4,16.326204455059116,42.82834311854138
6945,20.3,27.775999069213867,86.0,0.0,6.6,7.4,28.59268593004701,40.31488015103291
6946,33.1,27.775999069213867,86.0,0.0,2.9,7.3,11.129224937603698,40.89045745632259
6947,32.7,27.775999069213867,86.0,0.0,3.7,6.8,21.36721574914537,47.65705102440176
6948,32.4,27.775999069213867,86.0,0.0,2.7,6.0,8.800333818854016,38.56023367319781
6949,20.1,27.775999069213867,86.0,0.0,5.2,6.5,9.827591370895345,26.979313959626744
6950,25.6,27.775999069213867,86.0,0.0,2.0,7.3,9.49666721923511,32.24766705346458
6951,18.9,27.775999069213867,86.0,0.0,5.7,6.8,16.06349706463566,30.14444794524496
6952,24.3,27.775999069213867,86.0,0.0,5.5,6.4,6.34149866261706,28.739049063831942
6953,25.6,27.775999069213867,86.0,0.0,7.9,7.0,18.537872542877764,38.57651078001444
6954,28.0,27.775999069213867,86.0,0.0,4.6,8.2,29.803960240820413,48.86277216857429
6955,25.1,27.775999069213867,86.0,0.0,4.6,6.0,9.757170088250772,31.930019061775543
6956,22.4,27.775999069213867,86.0,0.0,6.7,8.5,7.144399698897684,27.401079789228376
6957,16.1,27.775999069213867,86.0,0.0,5.7,7.3,28.06149657318071,35.74304760122649
6958,15.4,27.775999069213867,86.0,0.0,7.4,6.9,17.72032999224926,27.804230994574482
6959,34.9,27.775999069213867,86.0,0.0,5.8,8.3,17.046721969514955,46.832705378660464
6960,37.4,27.525999069213867,88.0,0.0,3.4,6.5,7.812611904760162,42.86882833333211
6961,39.6,27.525999069213867,88.0,0.0,6.3,6.4,10.667524680428059,47.067267276299646
6962,34.2,27.525999069213867,88.0,0.0,4.8,7.3,19.50734281266366,47.85513996886456
6963,39.9,27.525999069213867,88.0,0.0,7.6,8.1,5.090579628605466,43.46340574002382
6964,23.3,27.525999069213867,88.0,0.0,6.6,6.5,25.48944110506444,41.142608773545106
6965,20.4,27.525999069213867,88.0,0.0,4.8,7.8,11.531002535129845,28.47170177459089
6966,23.5,27.525999069213867,88.0,0.0,2.8,6.7,28.964510357362645,43.77515725015385
6967,15.8,27.525999069213867,88.0,0.0,6.8,7.1,21.66540708473503,30.96578495931452
6968,26.7,27.525999069213867,88.0,0.0,2.6,6.0,7.952294790061319,32.266606353042924
6969,29.2,27.525999069213867,88.0,0.0,5.7,8.5,18.686075741775362,42.28025301924275
6970,32.7,27.525999069213867,88.0,0.0,5.8,7.5,28.60914075207254,52.72639852645078
6971,32.0,27.525999069213867,88.0,0.0,4.3,6.2,11.164794937143931,39.81535645600075
6972,22.7,27.525999069213867,88.0,0.0,6.7,6.7,13.387139511039592,32.070997657727716
6973,39.0,27.525999069213867,88.0,0.0,6.1,7.8,11.64574323973855,47.15202026781699
6974,21.7,27.525999069213867,88.0,0.0,4.9,6.8,22.27818143020369,37.29472700114258
6975,17.1,27.525999069213867,88.0,0.0,4.4,8.0,8.151223852615601,22.805856696830922
6976,21.5,27.525999069213867,88.0,0.0,7.1,6.3,7.133422125566775,26.49339548789674
6977,31.2,27.525999069213867,88.0,0.0,7.0,8.0,17.20767145851675,43.24537002096172
6978,21.9,27.525999069213867,88.0,0.0,4.9,8.3,16.44340427505749,33.41038299254024
6979,16.1,27.525999069213867,88.0,0.0,5.7,8.2,22.14937205005805,31.604560435040636
6980,21.9,27.525999069213867,88.0,0.0,7.5,7.6,12.32617486601579,30.528322406211053
6981,32.6,27.525999069213867,88.0,0.0,3.3,8.0,15.49938957905595,43.449572705339165
6982,26.9,27.525999069213867,88.0,0.0,4.0,6.0,12.677195167092446,35.77403661696471
6983,29.7,27.525999069213867,88.0,0.0,5.7,7.5,22.860846596577353,45.70259261760415
6984,34.7,27.525999069213867,88.0,0.0,2.5,7.0,8.761539286341609,40.83307750043913
6985,35.7,27.525999069213867,88.0,0.0,3.4,6.8,25.396664591508763,53.47766521405613
6986,18.0,27.525999069213867,88.0,0.0,8.0,7.5,11.25299193948102,25.877094357636715
6987,30.0,27.525999069213867,88.0,0.0,7.0,7.7,10.428487892173836,37.299941524521685
6988,36.7,27.525999069213867,88.0,0.0,6.7,7.0,17.902531371717526,49.231771960202266
6989,30.5,27.525999069213867,88.0,0.0,7.4,7.9,8.570127367657424,36.499089157360196
6990,38.2,27.525999069213867,88.0,0.0,7.7,7.1,10.962579673920768,45.87380577174454
6991,39.0,27.525999069213867,88.0,0.0,6.6,6.5,10.555631468788697,46.38894202815209
6992,34.7,27.525999069213867,88.0,0.0,3.8,7.7,21.872280692548788,50.01059648478415
6993,19.4,27.525999069213867,88.0,0.0,2.6,7.0,28.30661088522744,39.214627619659204
6994,36.3,27.525999069213867,88.0,0.0,4.6,8.2,9.88692321820766,43.22084625274536
6995,34.6,27.525999069213867,88.0,0.0,3.5,6.6,28.83713928115283,54.785997496806985
6996,33.6,27.525999069213867,88.0,0.0,2.7,8.3,20.20943005270153,47.74660103689107
6997,33.5,27.525999069213867,88.0,0.0,4.9,6.1,27.952588286265335,53.066811800385736
6998,27.7,27.525999069213867,88.0,0.0,7.6,6.1,19.125358805809775,41.087751164066844
6999,25.0,27.525999069213867,88.0,0.0,4.4,7.1,24.531663739272183,42.17216461749052
7000,22.9,27.525999069213867,88.0,0.0,6.6,6.1,16.31995576690938,34.323969036836566
7001,33.8,27.525999069213867,88.0,0.0,4.1,7.3,9.353652953733484,40.34755706761344
7002,17.5,27.525999069213867,88.0,0.0,2.2,8.0,26.020853269160824,35.71459728841258
7003,26.0,27.525999069213867,88.0,0.0,2.3,8.2,28.421484735498673,45.89503931484907
7004,31.5,27.525999069213867,88.0,0.0,4.1,7.3,25.728256562978075,49.50977959408465
7005,21.4,27.525999069213867,88.0,0.0,3.2,7.1,7.48293996550114,26.638057975850796
7006,36.5,27.525999069213867,88.0,0.0,3.0,6.7,12.999859242110816,45.59990146947757
7007,21.4,27.525999069213867,88.0,0.0,3.8,6.7,22.722299324247444,37.30560952697321
7008,36.2,27.525999069213867,88.0,0.0,7.2,7.2,13.961397841884288,45.972978489319004
7009,25.7,27.525999069213867,88.0,0.0,5.6,8.5,16.12833661628365,36.989835631398556
7010,18.9,27.525999069213867,88.0,0.0,5.8,7.7,23.43489173038209,35.30442421126746
7011,17.6,27.525999069213867,88.0,0.0,5.6,8.1,24.54688165230094,34.78281715661066
7012,35.1,27.525999069213867,88.0,0.0,5.2,7.4,8.608517886019214,41.12596252021345
7013,39.4,27.525999069213867,88.0,0.0,2.1,8.2,27.005042323891224,58.30352962672386
7014,24.7,27.525999069213867,88.0,0.0,5.4,8.0,25.66289098207427,42.66402368745199
7015,35.6,27.525999069213867,88.0,0.0,6.5,6.2,11.559413703325623,43.69158959232794
7016,34.8,27.525999069213867,88.0,0.0,5.6,6.6,10.722835659314043,42.305984961519826
7017,18.2,27.525999069213867,88.0,0.0,3.0,6.7,15.6849321813118,29.179452526918258
7018,30.7,27.525999069213867,88.0,0.0,7.7,7.6,28.253861742413136,50.47770321968919
7019,37.0,27.525999069213867,88.0,0.0,3.2,7.4,20.584079243550484,51.408855470485335
7020,17.4,27.47599983215332,88.0,0.0,3.2,6.1,17.89293020168979,29.92505114118285
7021,27.8,27.47599983215332,88.0,0.0,5.2,7.5,9.519630087870718,34.4637410615095
7022,25.3,27.47599983215332,88.0,0.0,5.6,6.7,27.55017353400427,44.585121473802985
7023,36.4,27.47599983215332,88.0,0.0,7.8,8.1,15.761622641312977,47.43313584891908
7024,15.4,27.47599983215332,88.0,0.0,5.5,7.8,21.062869155432608,30.144008408802826
7025,35.0,27.47599983215332,88.0,0.0,6.5,8.2,29.35420424065329,55.5479429684573
7026,27.7,27.47599983215332,88.0,0.0,5.0,7.2,27.051848976593806,46.63629428361566
7027,25.9,27.47599983215332,88.0,0.0,3.6,7.7,19.78286093131493,39.748002651920444
7028,37.0,27.47599983215332,88.0,0.0,5.6,6.8,27.662490622391868,56.36374343567431
7029,30.3,27.47599983215332,88.0,0.0,6.5,7.1,7.884792367999298,35.81935465759951
7030,30.6,27.47599983215332,88.0,0.0,7.8,7.6,19.07384615730929,43.951692310116506
7031,19.0,27.47599983215332,88.0,0.0,2.5,7.2,26.260750620327222,37.38252543422905
7032,26.6,27.47599983215332,88.0,0.0,3.4,7.6,11.004329138423165,34.30303039689622
7033,26.4,27.47599983215332,88.0,0.0,3.1,7.8,19.350484961220303,39.94533947285421
7034,35.9,27.47599983215332,88.0,0.0,3.3,8.0,8.133497106660593,41.59344797466241
7035,16.8,27.47599983215332,88.0,0.0,6.8,7.3,18.023110152722705,29.41617710690589
7036,16.5,27.47599983215332,88.0,0.0,6.4,6.9,23.79319359170993,33.155235514196946
7037,18.8,27.47599983215332,88.0,0.0,6.7,7.3,13.062651513632643,27.943856059542853
7038,39.2,27.47599983215332,88.0,0.0,6.8,6.8,26.689405526842165,57.88258386878952
7039,17.6,27.47599983215332,88.0,0.0,3.0,7.4,5.056540632471419,21.139578442729995
7040,18.1,27.47599983215332,88.0,0.0,5.2,8.2,6.180507756914173,22.426355429839923
7041,19.7,27.47599983215332,88.0,0.0,4.0,7.6,26.854270525632362,38.49798936794265
7042,21.0,27.47599983215332,88.0,0.0,6.1,6.6,6.415163881779163,25.490614717245414
7043,31.9,27.47599983215332,88.0,0.0,5.2,8.3,24.218175040631806,48.85272252844226
7044,33.1,27.47599983215332,88.0,0.0,7.5,7.2,25.591652427080124,51.014156698956086
7045,22.0,27.47599983215332,88.0,0.0,7.8,6.1,24.635966449324854,39.2451765145274
7046,22.0,27.47599983215332,88.0,0.0,6.0,6.3,9.585337030961298,28.70973592167291
7047,21.4,27.47599983215332,88.0,0.0,2.2,7.8,9.95353239963231,28.367472679742615
7048,38.6,27.47599983215332,88.0,0.0,3.7,6.0,20.647512627249093,53.05325883907437
7049,20.4,27.47599983215332,88.0,0.0,6.3,6.5,16.978238457914614,32.28476692054023
7050,34.8,27.47599983215332,88.0,0.0,5.3,8.1,15.18260276785226,45.427821937496574
7051,29.7,27.47599983215332,88.0,0.0,6.7,6.5,14.124154022844246,39.58690781599097
7052,25.1,27.47599983215332,88.0,0.0,5.3,7.2,16.120875911598176,36.38461313811872
7053,24.9,27.47599983215332,88.0,0.0,7.8,7.2,7.395092847955077,30.076564993568553
7054,37.1,27.47599983215332,88.0,0.0,4.7,8.2,10.501667705016853,44.451167393511795
7055,33.2,27.47599983215332,88.0,0.0,7.8,7.3,24.140375798013785,50.098263058609646
7056,19.1,27.47599983215332,88.0,0.0,5.9,6.8,9.397286472924321,25.678100531047026
7057,39.5,27.47599983215332,88.0,0.0,3.5,8.5,23.419379397341462,55.89356557813902
7058,30.7,27.47599983215332,88.0,0.0,5.3,6.8,26.885978033814638,49.52018462367025
7059,37.2,27.47599983215332,88.0,0.0,7.6,6.7,20.353972660218083,51.44778086215266
7060,27.5,27.47599983215332,88.0,0.0,3.5,6.0,17.708171869171117,39.89572030841978
7061,33.9,27.47599983215332,88.0,0.0,3.9,8.1,24.938632603120777,51.35704282218454
7062,21.7,27.47599983215332,88.0,0.0,6.5,8.3,18.716320826735743,34.801424578715014
7063,35.5,27.47599983215332,88.0,0.0,3.8,6.8,9.804159004044203,42.362911302830945
7064,29.5,27.47599983215332,88.0,0.0,3.0,6.6,15.627826020057709,40.43947821404039
7065,28.5,27.47599983215332,88.0,0.0,4.5,6.2,22.95111002834855,44.56577701984398
7066,34.7,27.47599983215332,88.0,0.0,3.4,8.5,25.127411038737804,52.28918772711646
7067,24.2,27.47599983215332,88.0,0.0,6.6,7.0,29.44778378673071,44.81344865071149
7068,35.7,27.47599983215332,88.0,0.0,2.7,8.3,7.79942209859923,41.159595469019465
7069,30.4,27.47599983215332,88.0,0.0,3.5,6.2,6.600267828194749,35.02018747973632
7070,34.6,27.47599983215332,88.0,0.0,5.0,7.8,13.563537438006414,44.09447620660449
7071,22.2,27.47599983215332,88.0,0.0,2.1,6.7,24.458272139609146,39.3207904977264
7072,35.9,27.47599983215332,88.0,0.0,4.4,8.1,19.60273969855222,49.62191778898655
7073,24.0,27.47599983215332,88.0,0.0,6.7,8.2,8.77165231290495,30.140156619033466
7074,19.5,27.47599983215332,88.0,0.0,5.8,7.1,9.507593353740841,26.15531534761859
7075,36.2,27.47599983215332,88.0,0.0,5.2,6.8,10.544325572432427,43.5810279007027
7076,32.5,27.47599983215332,88.0,0.0,3.1,6.4,6.248617011500763,36.87403190805053
7077,17.7,27.47599983215332,88.0,0.0,4.0,6.6,11.894949152128753,26.026464406490128
7078,29.5,27.47599983215332,88.0,0.0,7.1,8.5,5.659625381447981,33.46173776701359
7079,37.7,27.47599983215332,88.0,0.0,6.8,8.4,21.278949766319432,52.5952648364236
7080,19.0,27.375999450683594,89.0,0.0,6.5,6.1,10.247052000061478,26.172936400043035
7081,38.3,27.375999450683594,89.0,0.0,3.3,8.3,8.690809776956966,44.38356684386987
7082,18.8,27.375999450683594,89.0,0.0,6.5,7.8,18.952206759652466,32.06654473175673
7083,36.9,27.375999450683594,89.0,0.0,3.7,7.7,7.346340222523969,42.042438155766774
7084,15.5,27.375999450683594,89.0,0.0,7.8,6.7,20.77892971853022,30.045250802971154
7085,36.4,27.375999450683594,89.0,0.0,4.2,6.8,25.376264260660765,54.16338498246253
7086,34.5,27.375999450683594,89.0,0.0,3.2,7.0,8.65935656400632,40.561549594804426
7087,28.4,27.375999450683594,89.0,0.0,2.4,7.7,13.585623313595592,37.909936319516916
7088,31.1,27.375999450683594,89.0,0.0,6.1,6.7,14.329091441030219,41.13036400872115
7089,35.5,27.375999450683594,89.0,0.0,2.1,7.9,20.624888132998095,49.93742169309866
7090,27.3,27.375999450683594,89.0,0.0,6.9,7.3,26.032368624786056,45.52265803735024
7091,33.4,27.375999450683594,89.0,0.0,4.4,8.4,12.384961524798157,42.06947306735871
7092,17.9,27.375999450683594,89.0,0.0,2.7,6.2,26.590041009016232,36.51302870631136
7093,29.8,27.375999450683594,89.0,0.0,5.1,6.2,25.865095110556883,47.90556657738982
7094,18.8,27.375999450683594,89.0,0.0,4.7,7.3,16.578669435187763,30.405068604631435
7095,17.1,27.375999450683594,89.0,0.0,2.9,6.2,26.661946290156656,35.76336240310966
7096,37.6,27.375999450683594,89.0,0.0,4.2,6.9,7.980811477092255,43.186568033964576
7097,34.8,27.375999450683594,89.0,0.0,4.7,6.9,21.99051668125669,50.193361676879675
7098,18.3,27.375999450683594,89.0,0.0,4.5,6.6,19.35309458349663,31.84716620844764
7099,26.1,27.375999450683594,89.0,0.0,7.4,6.1,29.668878433290264,46.86821490330318
7100,28.5,27.375999450683594,89.0,0.0,4.0,6.8,6.542112012973284,33.0794784090813
7101,36.3,27.375999450683594,89.0,0.0,7.4,7.4,26.034777765023406,54.52434443551638
7102,31.5,27.375999450683594,89.0,0.0,4.4,7.1,14.41560685984821,41.59092480189375
7103,18.6,27.375999450683594,89.0,0.0,3.2,7.5,22.159302066946953,34.11151144686286
7104,30.0,27.375999450683594,89.0,0.0,5.8,7.0,16.242845206371793,41.36999164446026
7105,37.5,27.375999450683594,89.0,0.0,6.4,8.1,13.430955137283776,46.901668596098645
7106,28.0,27.375999450683594,89.0,0.0,7.3,7.3,14.331905357397632,38.03233375017834
7107,26.4,27.375999450683594,89.0,0.0,6.5,8.0,11.642070907048218,34.54944963493375
7108,26.6,27.375999450683594,89.0,0.0,7.6,8.5,20.925635101220713,41.2479445708545
7109,30.6,27.375999450683594,89.0,0.0,6.8,7.2,12.060433888460594,39.042303721922416
7110,15.8,27.375999450683594,89.0,0.0,4.5,7.1,25.24601306570888,33.47220914599622
7111,25.2,27.375999450683594,89.0,0.0,6.6,6.7,29.161576492770518,45.613103544939364
7112,32.4,27.375999450683594,89.0,0.0,2.1,6.1,20.548763391488066,46.78413437404164
7113,36.7,27.375999450683594,89.0,0.0,6.6,6.8,13.728384364184175,46.309869054928924
7114,25.0,27.375999450683594,89.0,0.0,7.8,7.0,25.873385551447647,43.11136988601335
7115,32.5,27.375999450683594,89.0,0.0,3.1,7.3,13.14672232080191,41.70270562456133
7116,15.6,27.375999450683594,89.0,0.0,6.4,6.1,28.4702774350598,35.52919420454186
7117,36.8,27.375999450683594,89.0,0.0,5.1,6.5,16.242482802040307,48.16973796142821
7118,22.2,27.375999450683594,89.0,0.0,3.7,7.2,16.59561490183311,33.816930431283176
7119,39.2,27.375999450683594,89.0,0.0,3.8,7.2,22.550963491072935,54.98567444375106
7120,30.1,27.375999450683594,89.0,0.0,7.0,6.2,19.18906281910131,43.532343973370914
7121,31.2,27.375999450683594,89.0,0.0,6.8,6.7,9.467513721996319,37.82725960539742
7122,27.6,27.375999450683594,89.0,0.0,5.5,6.9,29.017297334046447,47.91210813383251
7123,39.6,27.375999450683594,89.0,0.0,2.4,7.5,23.248273013786935,55.87379110965085
7124,18.0,27.375999450683594,89.0,0.0,5.3,8.2,15.05590935448604,28.539136548140227
7125,27.8,27.375999450683594,89.0,0.0,8.0,6.2,10.796236300078577,35.357365410055
7126,26.0,27.375999450683594,89.0,0.0,7.2,7.8,20.800473638876973,40.56033154721388
7127,17.5,27.375999450683594,89.0,0.0,6.5,8.5,22.302645638935292,33.111851947254706
7128,39.3,27.375999450683594,89.0,0.0,7.7,8.1,16.33157284595448,50.73210099216813
7129,27.9,27.375999450683594,89.0,0.0,4.8,6.7,9.700866866332206,34.69060680643254
7130,38.4,27.375999450683594,89.0,0.0,5.7,6.6,10.878880511916401,46.015216358341476
7131,15.5,27.375999450683594,89.0,0.0,2.4,7.2,7.776160193123253,20.943312135186275
7132,38.3,27.375999450683594,89.0,0.0,2.8,6.4,29.744822025149187,59.121375417604426
7133,24.3,27.375999450683594,89.0,0.0,4.2,7.4,16.732817487001892,36.01297224090133
7134,31.4,27.375999450683594,89.0,0.0,7.9,6.5,12.764571501237896,40.335200050866526
7135,32.8,27.375999450683594,89.0,0.0,5.3,8.0,16.74130209452217,44.51891146616551
7136,31.9,27.375999450683594,89.0,0.0,7.0,7.4,25.00913635147486,49.406395446032406
7137,34.4,27.375999450683594,89.0,0.0,6.0,6.1,7.282261463168586,39.49758302421801
7138,17.1,27.375999450683594,89.0,0.0,5.1,6.6,18.163238997407127,29.81426729818499
7139,34.0,27.375999450683594,89.0,0.0,6.5,7.6,6.7201174946759075,38.70408224627313
7140,16.7,27.17599868774414,89.0,0.0,3.2,6.9,25.651717017744396,34.656201912421075
7141,15.7,27.17599868774414,89.0,0.0,7.5,7.1,29.199076796661746,36.139353757663216
7142,26.3,27.17599868774414,89.0,0.0,4.3,7.5,13.100602804565693,35.47042196319599
7143,27.2,27.17599868774414,89.0,0.0,3.8,7.9,13.098616778401798,36.369031744881255
7144,19.8,27.17599868774414,89.0,0.0,4.0,8.4,19.55429349079775,33.48800544355842
7145,38.6,27.17599868774414,89.0,0.0,4.4,6.0,12.0143608939373,47.01005262575611
7146,36.0,27.17599868774414,89.0,0.0,2.8,7.4,14.421613856972247,46.09512969988057
7147,20.5,27.17599868774414,89.0,0.0,2.4,7.7,16.267709567708238,31.887396697395765
7148,32.0,27.17599868774414,89.0,0.0,7.1,8.2,6.227801390302178,36.359460973211526
7149,39.5,27.17599868774414,89.0,0.0,5.8,8.3,8.564950676082285,45.495465473257596
7150,22.9,27.17599868774414,89.0,0.0,6.4,7.8,19.157730945239255,36.31041166166747
7151,28.9,27.17599868774414,89.0,0.0,4.3,7.5,10.694255782137105,36.38597904749597
7152,35.0,27.17599868774414,89.0,0.0,5.2,7.7,12.024849191031524,43.417394433722066
7153,21.5,27.17599868774414,89.0,0.0,2.7,8.3,11.123580800683232,29.286506560478262
7154,28.3,27.17599868774414,89.0,0.0,6.1,7.5,5.183220196746356,31.928254137722448
7155,35.7,27.17599868774414,89.0,0.0,3.6,7.0,17.581934490811545,48.00735414356808
7156,23.5,27.17599868774414,89.0,0.0,5.5,8.4,20.794926045603127,38.05644823192219
7157,33.8,27.17599868774414,89.0,0.0,7.1,6.1,18.25487528046464,46.578412696325245
7158,33.2,27.17599868774414,89.0,0.0,3.4,8.1,23.81554032940067,49.87087823058047
7159,36.1,27.17599868774414,89.0,0.0,2.9,6.8,16.96596305973278,47.97617414181295
7160,17.2,27.17599868774414,89.0,0.0,3.7,6.0,25.636661401983343,35.14566298138834
7161,30.4,27.17599868774414,89.0,0.0,7.6,6.0,8.109359367438255,36.07655155720678
7162,19.3,27.17599868774414,89.0,0.0,4.3,8.4,13.337120752315286,28.6359845266207
7163,26.5,27.17599868774414,89.0,0.0,5.5,6.6,10.579288788647546,33.90550215205328
7164,39.1,27.17599868774414,89.0,0.0,3.5,7.3,16.856255903012617,50.899379132108834
7165,34.5,27.17599868774414,89.0,0.0,2.6,6.6,15.342647617007849,45.23985333190549
7166,35.6,27.17599868774414,89.0,0.0,5.2,6.8,10.450602606202903,42.91542182434203
7167,37.0,27.17599868774414,89.0,0.0,7.7,7.5,17.543176738122185,49.280223716685526
7168,37.8,27.17599868774414,89.0,0.0,4.1,6.7,8.963319987028807,44.07432399092016
7169,32.6,27.17599868774414,89.0,0.0,6.9,6.8,17.56736002632816,44.897152018429715
7170,23.6,27.17599868774414,89.0,0.0,4.5,6.2,20.014243438373843,37.60997040686169
7171,20.2,27.17599868774414,89.0,0.0,5.2,6.5,18.10910562350403,32.87637393645282
7172,20.2,27.17599868774414,89.0,0.0,7.1,7.6,13.394326284894934,29.576028399426452
7173,27.8,27.17599868774414,89.0,0.0,4.4,8.5,18.52620067137285,40.768340469961
7174,18.2,27.17599868774414,89.0,0.0,6.0,6.1,18.797790613729447,31.358453429610613
7175,22.3,27.17599868774414,89.0,0.0,3.0,6.3,15.200774714453106,32.94054230011717
7176,19.8,27.17599868774414,89.0,0.0,4.3,6.3,21.741326495076763,35.01892854655373
7177,38.8,27.17599868774414,89.0,0.0,4.4,6.4,14.936540027944144,49.2555780195609
7178,26.1,27.17599868774414,89.0,0.0,2.5,6.2,27.445655370176553,45.311958759123584
7179,31.0,27.17599868774414,89.0,0.0,5.0,7.8,28.36892726322903,50.85824908426032
7180,22.3,27.17599868774414,89.0,0.0,3.5,7.2,7.968656924674912,27.87805984727244
7181,22.1,27.17599868774414,89.0,0.0,3.9,6.8,6.417324837099926,26.59212738596995
7182,26.9,27.17599868774414,89.0,0.0,6.9,6.2,10.2599230351581,34.08194612461067
7183,36.7,27.17599868774414,89.0,0.0,5.3,7.0,29.936027013259025,57.65521890928132
7184,27.5,27.17599868774414,89.0,0.0,3.4,8.0,7.62807741983358,32.839654193883504
7185,37.4,27.17599868774414,89.0,0.0,5.4,7.3,19.452388078643374,51.01667165505036
7186,15.1,27.17599868774414,89.0,0.0,7.3,8.2,29.804492827927987,35.96314497954959
7187,17.3,27.17599868774414,89.0,0.0,4.8,7.9,10.93853406686977,24.95697384680884
7188,31.9,27.17599868774414,89.0,0.0,6.0,6.4,7.375937067665173,37.06315594736562
7189,17.9,27.17599868774414,89.0,0.0,5.8,7.5,29.44953970049624,38.51467779034736
7190,22.3,27.17599868774414,89.0,0.0,2.5,6.4,7.349296871155262,27.444507809808684
7191,35.3,27.17599868774414,89.0,0.0,6.1,8.4,5.759198287343449,39.33143880114041
7192,27.1,27.17599868774414,89.0,0.0,2.5,8.4,10.334102127853786,34.33387148949765
7193,39.4,27.17599868774414,89.0,0.0,4.0,7.5,9.185463789456183,45.82982465261932
7194,36.8,27.17599868774414,89.0,0.0,7.4,6.3,17.885565759767037,49.31989603183692
7195,26.1,27.17599868774414,89.0,0.0,5.9,8.1,21.2012414866916,40.94086904068412
7196,25.2,27.17599868774414,89.0,0.0,4.5,6.8,29.15704499129772,45.609931493908405
7197,25.4,27.17599868774414,89.0,0.0,4.8,6.9,15.396457262756451,36.177520083929515
7198,17.8,27.17599868774414,89.0,0.0,7.4,6.9,11.108378945343645,25.575865261740553
7199,25.2,27.17599868774414,89.0,0.0,4.4,7.2,29.140428390834547,45.59829987358418
7200,32.8,26.92599868774414,90.0,0.0,4.1,8.3,6.50368176198914,37.352577233392395
7201,23.3,26.92599868774414,90.0,0.0,7.5,6.8,7.377615646619294,28.464330952633507
7202,28.2,26.92599868774414,90.0,0.0,3.4,8.1,6.383558958143172,32.668491270700216
7203,38.5,26.92599868774414,90.0,0.0,5.1,6.8,9.06375802049579,44.844630614347054
7204,22.8,26.92599868774414,90.0,0.0,3.9,7.9,9.755075534861753,29.628552874403226
7205,18.7,26.92599868774414,90.0,0.0,6.9,6.0,21.42072343018615,33.694506401130305
7206,31.7,26.92599868774414,90.0,0.0,2.9,7.1,12.538119453873772,40.47668361771164
7207,28.1,26.92599868774414,90.0,0.0,7.4,8.0,15.805973272247307,39.16418129057311
7208,36.6,26.92599868774414,90.0,0.0,2.1,8.1,8.907834298064607,42.835484008645224
7209,39.1,26.92599868774414,90.0,0.0,6.2,7.3,7.942077169335597,44.659454018534916
7210,28.6,26.92599868774414,90.0,0.0,6.7,7.6,15.201478766822428,39.2410351367757
7211,27.6,26.92599868774414,90.0,0.0,3.7,8.3,25.331339755170518,45.33193782861936
7212,35.0,26.92599868774414,90.0,0.0,7.5,7.3,23.44292941764704,51.41005059235293
7213,25.0,26.92599868774414,90.0,0.0,4.7,6.7,14.544725918040415,35.18130814262829
7214,16.7,26.92599868774414,90.0,0.0,6.3,7.8,5.303570614774085,20.412499430341857
7215,16.2,26.92599868774414,90.0,0.0,5.3,8.3,5.01900233273191,19.713301632912337
7216,32.2,26.92599868774414,90.0,0.0,4.3,6.2,25.302545163757248,49.91178161463007
7217,21.9,26.92599868774414,90.0,0.0,6.4,7.8,5.668807905371599,25.868165533760116
7218,21.5,26.92599868774414,90.0,0.0,6.9,7.5,24.703773574705018,38.792641502293506
7219,39.2,26.92599868774414,90.0,0.0,7.4,8.5,13.310259747067539,48.51718182294728
7220,22.1,26.92599868774414,90.0,0.0,7.8,6.6,14.342324710979371,32.139627297685564
7221,38.7,26.92599868774414,90.0,0.0,2.6,8.4,7.960240064631253,44.27216804524188
7222,24.6,26.92599868774414,90.0,0.0,2.8,8.4,18.60710052759287,37.62497036931501
7223,37.8,26.92599868774414,90.0,0.0,2.9,6.9,13.48140465680983,47.23698325976687
7224,34.2,26.92599868774414,90.0,0.0,6.2,7.7,24.858582517472794,51.60100776223096
7225,33.5,26.92599868774414,90.0,0.0,6.1,7.7,17.746138090804614,45.92229666356323
7226,24.5,26.92599868774414,90.0,0.0,5.4,6.7,19.766677785647705,38.33667444995339
7227,31.0,26.92599868774414,90.0,0.0,2.1,7.0,11.642954555920463,39.15006818914432
7228,16.2,26.92599868774414,90.0,0.0,7.8,7.3,18.90879917561248,29.436159422928732
7229,20.8,26.92599868774414,90.0,0.0,6.8,8.0,19.491647910796427,34.4441535375575
7230,38.9,26.92599868774414,90.0,0.0,3.0,7.4,8.417052054496885,44.791936438147815
7231,34.4,26.92599868774414,90.0,0.0,6.5,7.8,12.568577955481423,43.19800456883699
7232,27.9,26.92599868774414,90.0,0.0,5.1,7.0,18.887082026466615,41.12095741852663
7233,22.1,26.92599868774414,90.0,0.0,7.7,8.3,11.25249818873683,29.97674873211578
7234,18.5,26.92599868774414,90.0,0.0,3.5,7.7,23.70753417368976,35.09527392158283
7235,16.2,26.92599868774414,90.0,0.0,7.6,8.0,6.947337454635306,21.063136218244715
7236,18.6,26.92599868774414,90.0,0.0,7.5,8.4,28.7088024200248,38.69616169401736
7237,38.8,26.92599868774414,90.0,0.0,6.6,7.7,12.413627674193297,47.48953937193531
7238,28.6,26.92599868774414,90.0,0.0,3.6,7.1,13.31781292325266,37.92246904627686
7239,35.2,26.92599868774414,90.0,0.0,7.2,7.3,9.626996335519802,41.93889743486386
7240,21.8,26.92599868774414,90.0,0.0,4.7,7.3,17.753716585099518,34.22760160956966
7241,20.1,26.92599868774414,90.0,0.0,5.7,8.2,7.433295102676314,25.30330657187342
7242,30.6,26.92599868774414,90.0,0.0,4.4,7.4,15.599005299796218,41.519303709857354
7243,17.5,26.92599868774414,90.0,0.0,5.8,7.8,22.306363251835364,33.114454276284754
7244,15.4,26.92599868774414,90.0,0.0,4.7,6.7,8.553797524963944,21.387658267474762
7245,18.0,26.92599868774414,90.0,0.0,3.7,7.8,25.649643794043666,35.954750655830566
7246,15.5,26.92599868774414,90.0,0.0,5.8,8.3,22.14740101908672,31.003180713360702
7247,23.1,26.92599868774414,90.0,0.0,5.5,8.1,21.783157895313884,38.34821052671972
7248,32.0,26.92599868774414,90.0,0.0,8.0,6.3,10.702565389008516,39.49179577230596
7249,22.1,26.92599868774414,90.0,0.0,5.1,7.9,20.662349735407737,36.56364481478542
7250,29.4,26.92599868774414,90.0,0.0,2.9,7.6,25.443789794040814,47.21065285582857
7251,24.1,26.92599868774414,90.0,0.0,4.9,7.9,8.126049034774656,29.788234324342262
7252,18.0,26.92599868774414,90.0,0.0,3.3,7.9,18.79541496057189,31.156790472400324
7253,31.7,26.92599868774414,90.0,0.0,7.7,7.7,10.641309259916008,39.14891648194121
7254,36.4,26.92599868774414,90.0,0.0,3.1,8.1,22.106131394509696,51.87429197615678
7255,18.0,26.92599868774414,90.0,0.0,3.1,7.8,16.51445021920314,29.560115153442197
7256,37.4,26.92599868774414,90.0,0.0,6.4,8.0,26.57435459716956,56.002048218018686
7257,24.6,26.92599868774414,90.0,0.0,4.7,6.0,10.57327786033419,32.00129450223393
7258,36.1,26.92599868774414,90.0,0.0,2.1,7.4,28.846599921293883,56.292619944905724
7259,18.0,26.92599868774414,90.0,0.0,7.5,7.9,22.272741742304657,33.590919219613255
7260,27.1,26.67599868774414,90.0,0.0,5.1,8.0,12.008747605816609,35.50612332407162
7261,38.6,26.67599868774414,90.0,0.0,4.9,8.4,27.497736258520217,57.848415380964155
7262,38.4,26.67599868774414,90.0,0.0,2.9,6.7,17.227213901803154,50.459049731262205
7263,35.9,26.67599868774414,90.0,0.0,3.1,8.3,11.836822238590177,44.185775567013124
7264,19.1,26.67599868774414,90.0,0.0,7.1,7.7,16.700164503615227,30.79011515253066
7265,38.0,26.67599868774414,90.0,0.0,3.2,7.1,25.948680247767204,56.16407617343704
7266,34.2,26.67599868774414,90.0,0.0,7.8,8.4,19.28359733816683,47.698518136716785
7267,27.8,26.67599868774414,90.0,0.0,5.8,6.4,8.763709429261278,33.93459660048289
7268,21.1,26.67599868774414,90.0,0.0,2.7,6.5,9.31784134911003,27.62248894437702
7269,18.9,26.67599868774414,90.0,0.0,4.9,6.6,12.468633719422265,27.628043603595582
7270,16.2,26.67599868774414,90.0,0.0,4.3,7.8,15.60832453406488,27.125827173845416
7271,32.4,26.67599868774414,90.0,0.0,3.7,6.8,16.717624685085767,44.10233727956003
7272,21.3,26.67599868774414,90.0,0.0,3.5,8.1,27.183736808048263,40.328615765633785
7273,20.2,26.67599868774414,90.0,0.0,3.5,7.8,19.057346172536548,33.54014232077558
7274,35.2,26.67599868774414,90.0,0.0,3.4,6.0,26.89902296289688,54.02931607402782
7275,21.0,26.67599868774414,90.0,0.0,6.2,7.2,20.591706585922132,35.41419461014549
7276,22.9,26.67599868774414,90.0,0.0,7.6,6.2,23.172431671831188,39.12070217028183
7277,33.2,26.67599868774414,90.0,0.0,7.9,6.3,22.06925558887887,48.64847891221521
7278,35.2,26.67599868774414,90.0,0.0,3.1,7.8,6.401195183479609,39.68083662843573
7279,28.4,26.67599868774414,90.0,0.0,8.0,6.4,19.466532981688932,42.02657308718225
7280,39.3,26.67599868774414,90.0,0.0,6.6,7.2,13.202232585504838,48.54156280985338
7281,39.5,26.67599868774414,90.0,0.0,2.0,7.3,14.366973234721579,49.556881264305105
7282,17.8,26.67599868774414,90.0,0.0,3.3,6.4,20.15652789973639,31.90956952981547
7283,29.0,26.67599868774414,90.0,0.0,4.3,8.0,25.985320753258556,47.18972452728099
7284,30.6,26.67599868774414,90.0,0.0,5.7,8.1,5.172870975685033,34.22100968297953
7285,19.1,26.67599868774414,90.0,0.0,3.0,7.2,13.166572303837508,28.31660061268626
7286,36.3,26.67599868774414,90.0,0.0,2.8,6.5,16.660120528707345,47.96208437009514
7287,39.6,26.67599868774414,90.0,0.0,7.3,7.9,21.67307077140746,54.771149539985224
7288,34.0,26.67599868774414,90.0,0.0,2.5,8.2,7.964804923586303,39.57536344651041
7289,36.7,26.67599868774414,90.0,0.0,7.9,7.0,11.047052079733888,44.432936455813724
7290,36.4,26.67599868774414,90.0,0.0,3.7,7.8,24.848379752899753,53.79386582702982
7291,16.1,26.67599868774414,90.0,0.0,3.7,8.2,7.946043438059187,21.66223040664143
7292,24.1,26.67599868774414,90.0,0.0,7.7,8.0,20.436347830892824,38.40544348162498
7293,19.9,26.67599868774414,90.0,0.0,5.3,6.7,25.74179722589289,37.919258058125024
7294,37.4,26.67599868774414,90.0,0.0,3.3,7.3,11.16262990361031,45.21384093252721
7295,17.5,26.67599868774414,90.0,0.0,3.5,6.4,14.700177177204003,27.790124024042804
7296,23.2,26.67599868774414,90.0,0.0,7.9,7.7,21.7965866109949,38.457610627696425
7297,39.4,26.67599868774414,90.0,0.0,3.2,6.3,18.027486591803694,52.019240614262586
7298,31.5,26.67599868774414,90.0,0.0,5.6,7.0,18.134834263648912,44.194383984554236
7299,23.1,26.67599868774414,90.0,0.0,2.5,8.2,12.482779795633036,31.837945856943126
7300,21.9,26.67599868774414,90.0,0.0,5.0,8.5,28.419144357733867,41.793401050413706
7301,21.6,26.67599868774414,90.0,0.0,4.3,7.2,20.12724765979606,35.68907336185724
7302,15.3,26.67599868774414,90.0,0.0,3.3,6.5,22.498151169896445,31.04870581892751
7303,34.3,26.67599868774414,90.0,0.0,7.8,6.4,22.62395482743524,50.13676837920467
7304,33.0,26.67599868774414,90.0,0.0,7.2,8.4,7.759120299354881,38.43138420954842
7305,29.5,26.67599868774414,90.0,0.0,7.6,7.7,14.49157379144347,39.64410165401043
7306,20.7,26.67599868774414,90.0,0.0,7.3,6.3,12.219168842263976,29.25341818958478
7307,25.6,26.67599868774414,90.0,0.0,7.0,7.6,28.316639630026106,45.421647741018276
7308,23.6,26.67599868774414,90.0,0.0,7.4,6.3,20.272023151318784,37.79041620592315
7309,30.8,26.67599868774414,90.0,0.0,6.4,6.2,8.02337186463194,36.41636030524236
7310,36.4,26.67599868774414,90.0,0.0,2.3,6.2,16.60209192045545,48.021464344318815
7311,23.1,26.67599868774414,90.0,0.0,3.8,7.7,24.44595748088106,40.21217023661674
7312,27.5,26.67599868774414,90.0,0.0,3.8,8.1,18.23148436992219,40.26203905894553
7313,23.3,26.67599868774414,90.0,0.0,3.9,6.6,19.673268119390713,37.0712876835735
7314,22.4,26.67599868774414,90.0,0.0,4.7,8.0,19.463097931791346,36.02416855225394
7315,28.2,26.67599868774414,90.0,0.0,3.9,6.3,21.60174675439285,43.32122272807499
7316,25.1,26.67599868774414,90.0,0.0,6.6,7.5,26.05301227068852,43.337108589481964
7317,34.9,26.67599868774414,90.0,0.0,3.2,7.4,29.047927764313258,55.23354943501928
7318,20.3,26.67599868774414,90.0,0.0,7.0,8.0,22.116742645174096,35.781719851621865
7319,36.5,26.67599868774414,90.0,0.0,3.2,8.3,22.34802844938124,52.14361991456687
7320,30.6,26.42599868774414,91.0,0.0,4.9,7.4,6.58717863415033,35.21102504390523
7321,30.6,26.42599868774414,91.0,0.0,6.9,8.0,19.628039926960028,44.33962794887202
7322,20.8,26.42599868774414,91.0,0.0,5.6,6.7,19.035533260954992,34.124873282668496
7323,30.5,26.42599868774414,91.0,0.0,6.8,6.4,22.02123858953987,45.91486701267791
7324,22.2,26.42599868774414,91.0,0.0,2.2,8.1,15.699211421361806,33.18944799495326
7325,35.4,26.42599868774414,91.0,0.0,7.6,6.3,18.41727195549502,48.292090368846516
7326,22.0,26.42599868774414,91.0,0.0,3.1,7.9,8.155703265910972,27.70899228613768
7327,25.6,26.42599868774414,91.0,0.0,5.7,6.2,23.658333356511537,42.160833349558075
7328,24.6,26.42599868774414,91.0,0.0,2.6,7.5,12.643350954681946,33.450345668277365
7329,26.2,26.42599868774414,91.0,0.0,5.7,6.9,29.131846810007204,46.59229276700504
7330,31.7,26.42599868774414,91.0,0.0,3.6,7.6,12.824072310859009,40.6768506176013
7331,15.4,26.42599868774414,91.0,0.0,4.3,7.8,29.91239728984393,36.33867810289075
7332,37.6,26.42599868774414,91.0,0.0,5.8,6.4,23.182075855933867,53.82745309915371
7333,26.4,26.42599868774414,91.0,0.0,5.7,8.3,15.277942481528928,37.09455973707025
7334,34.9,26.42599868774414,91.0,0.0,4.4,6.8,28.314902899193793,54.720432029435656
7335,21.5,26.42599868774414,91.0,0.0,5.7,7.1,24.262677046401752,38.483873932481224
7336,28.1,26.42599868774414,91.0,0.0,3.9,8.4,25.794508375372963,46.156155862761075
7337,23.8,26.42599868774414,91.0,0.0,3.9,7.4,10.707831685883832,31.295482180118682
7338,25.5,26.42599868774414,91.0,0.0,6.3,7.0,10.477185090136347,32.83402956309544
7339,15.4,26.42599868774414,91.0,0.0,5.9,8.4,17.712839389047744,27.79898757233342
7340,23.0,26.42599868774414,91.0,0.0,7.8,8.0,18.02923083044018,35.62046158130813
7341,21.3,26.42599868774414,91.0,0.0,3.1,8.2,8.94100406107934,27.558702842755537
7342,37.8,26.42599868774414,91.0,0.0,3.9,7.6,8.34470591976725,43.64129414383707
7343,38.8,26.42599868774414,91.0,0.0,3.4,8.0,19.947007833983832,52.76290548378868
7344,17.2,26.42599868774414,91.0,0.0,4.4,8.5,13.180049249987324,26.426034474991127
7345,28.7,26.42599868774414,91.0,0.0,7.4,7.8,28.31160200244547,48.518121401711824
7346,39.2,26.42599868774414,91.0,0.0,6.2,7.8,16.558416446826286,50.7908915127784
7347,18.8,26.42599868774414,91.0,0.0,4.5,6.0,7.578006060721297,24.10460424250491
7348,38.6,26.42599868774414,91.0,0.0,6.9,7.4,18.063339006687514,51.24433730468126
7349,17.3,26.42599868774414,91.0,0.0,4.9,8.2,13.691653108521077,26.884157175964752
7350,38.9,26.42599868774414,91.0,0.0,6.7,6.2,28.01559015088549,58.51091310561984
7351,15.3,26.42599868774414,91.0,0.0,2.7,8.0,10.965048323943433,22.975533826760405
7352,32.4,26.42599868774414,91.0,0.0,3.2,7.9,26.84123537017553,51.188864759122865
7353,24.5,26.42599868774414,91.0,0.0,4.6,7.7,25.30787147096303,42.21551002967412
7354,34.2,26.42599868774414,91.0,0.0,4.8,7.4,10.086081483171743,41.260257038220225
7355,20.6,26.42599868774414,91.0,0.0,2.1,6.7,10.904124278093413,28.23288699466539
7356,37.4,26.42599868774414,91.0,0.0,3.1,7.6,16.23523736974586,48.7646661588221
7357,36.2,26.42599868774414,91.0,0.0,4.9,6.9,8.991805125809723,42.49426358806681
7358,22.9,26.42599868774414,91.0,0.0,7.4,6.0,27.011845589657465,41.808291912760225
7359,30.8,26.42599868774414,91.0,0.0,5.2,6.5,13.407742771263463,40.185419939884426
7360,35.8,26.42599868774414,91.0,0.0,5.2,6.9,16.609311672150014,47.426518170505005
7361,34.5,26.42599868774414,91.0,0.0,2.8,7.1,23.153085611674495,50.707159928172146
7362,22.6,26.42599868774414,91.0,0.0,4.6,7.7,19.7583677577571,36.43085743042997
7363,24.1,26.42599868774414,91.0,0.0,3.0,7.1,25.380683862842663,41.86647870398986
7364,17.3,26.42599868774414,91.0,0.0,7.8,6.9,14.117553126127351,27.182287188289145
7365,20.2,26.42599868774414,91.0,0.0,3.6,7.3,22.065582010788937,35.64590740755226
7366,23.5,26.42599868774414,91.0,0.0,2.1,7.7,22.054298458533072,38.93800892097315
7367,26.6,26.42599868774414,91.0,0.0,4.5,6.9,23.478154665000513,43.034708265500356
7368,16.6,26.42599868774414,91.0,0.0,5.9,6.6,10.94036246489075,24.258253725423526
7369,25.3,26.42599868774414,91.0,0.0,5.2,8.5,14.198594384755776,35.23901606932904
7370,21.3,26.42599868774414,91.0,0.0,2.3,8.1,17.740879225760917,33.718615458032644
7371,34.4,26.42599868774414,91.0,0.0,7.4,6.7,20.96780016480429,49.077460115363
7372,22.1,26.42599868774414,91.0,0.0,7.3,6.9,15.16447951591969,32.71513566114378
7373,32.8,26.42599868774414,91.0,0.0,6.7,6.7,8.234326067292601,38.564028247104815
7374,33.7,26.42599868774414,91.0,0.0,7.3,7.7,22.98895496064368,49.79226847245058
7375,26.1,26.42599868774414,91.0,0.0,5.5,7.3,22.575220549124445,41.90265438438711
7376,18.0,26.42599868774414,91.0,0.0,3.8,8.4,29.023514674246496,38.316460271972545
7377,36.0,26.42599868774414,91.0,0.0,3.9,6.7,11.444612397125816,44.01122867798807
7378,31.2,26.42599868774414,91.0,0.0,7.6,8.5,9.187188246209434,37.6310317723466
7379,30.0,26.42599868774414,91.0,0.0,7.5,8.4,16.40013971340849,41.480097799385945
7380,22.0,26.22599983215332,92.0,0.0,3.9,7.6,11.436468435284029,30.00552790469882
7381,36.8,26.22599983215332,92.0,0.0,2.6,7.3,21.29793257274609,51.70855280092226
7382,29.9,26.22599983215332,92.0,0.0,7.1,8.2,29.888803422478635,50.82216239573504
7383,19.8,26.22599983215332,92.0,0.0,5.4,6.3,29.730646032397203,40.61145222267804
7384,37.6,26.22599983215332,92.0,0.0,4.7,7.5,26.91694755683362,56.441863289783534
7385,27.2,26.22599983215332,92.0,0.0,4.8,7.4,8.467710864779816,33.12739760534587
7386,18.7,26.22599983215332,92.0,0.0,5.1,6.8,24.839899895802514,36.08792992706176
7387,35.6,26.22599983215332,92.0,0.0,7.8,6.6,19.25300208683212,49.07710146078249
7388,24.1,26.22599983215332,92.0,0.0,2.6,7.8,12.014550637277642,32.510185446094354
7389,29.4,26.22599983215332,92.0,0.0,7.7,8.0,14.295820267884967,39.40707418751948
7390,33.5,26.22599983215332,92.0,0.0,3.3,6.4,29.655767875934345,54.25903751315404
7391,34.6,26.22599983215332,92.0,0.0,5.3,6.9,8.2738069429318,40.39166486005226
7392,25.4,26.22599983215332,92.0,0.0,2.9,8.1,11.49132251310215,33.443925759171506
7393,17.6,26.22599983215332,92.0,0.0,4.4,6.1,25.918987137195707,35.74329099603699
7394,30.9,26.22599983215332,92.0,0.0,8.0,7.1,14.677497959644906,41.174248571751434
7395,30.3,26.22599983215332,92.0,0.0,3.0,8.0,25.29727724843678,48.008094073905745
7396,17.4,26.22599983215332,92.0,0.0,4.5,8.0,19.043044217740558,30.73013095241839
7397,34.7,26.22599983215332,92.0,0.0,4.7,6.0,19.111747746002766,48.07822342220194
7398,33.0,26.22599983215332,92.0,0.0,5.5,7.6,6.61573590285119,37.63101513199583
7399,30.0,26.22599983215332,92.0,0.0,4.0,7.3,12.769059069078102,38.93834134835467
7400,33.6,26.22599983215332,92.0,0.0,5.9,7.8,25.888166653994528,51.721716657796165
7401,34.9,26.22599983215332,92.0,0.0,2.1,7.3,13.45806474745039,44.320645323215274
7402,37.5,26.22599983215332,92.0,0.0,7.1,7.4,28.30600865370235,57.31420605759165
7403,16.8,26.22599983215332,92.0,0.0,3.0,7.8,23.875580475335145,33.5129063327346
7404,27.2,26.22599983215332,92.0,0.0,5.5,6.0,13.75307532953061,36.82715273067143
7405,27.0,26.22599983215332,92.0,0.0,2.1,7.8,18.110748159045382,39.677523711331766
7406,34.2,26.22599983215332,92.0,0.0,3.9,6.8,28.563096240881865,54.19416736861731
7407,26.2,26.22599983215332,92.0,0.0,6.8,8.3,25.862234024280433,44.3035638169963
7408,15.3,26.22599983215332,92.0,0.0,4.1,6.2,21.421543651606306,30.295080556124415
7409,28.0,26.22599983215332,92.0,0.0,4.0,6.9,14.423096977590486,38.09616788431334
7410,29.0,26.22599983215332,92.0,0.0,5.0,7.5,23.841905155259433,45.6893336086816
7411,19.1,26.22599983215332,92.0,0.0,4.4,7.7,20.84310497713019,33.69017348399113
7412,21.5,26.22599983215332,92.0,0.0,4.8,7.6,24.936158289836005,38.9553108028852
7413,33.2,26.22599983215332,92.0,0.0,2.3,7.4,25.479148959605546,51.035404271723884
7414,17.7,26.22599983215332,92.0,0.0,7.1,7.1,12.590573217690041,26.513401252383026
7415,27.9,26.22599983215332,92.0,0.0,3.2,6.8,24.53976196763239,45.07783337734267
7416,34.6,26.22599983215332,92.0,0.0,2.7,8.0,14.462165079781737,44.723515555847214
7417,28.4,26.22599983215332,92.0,0.0,5.9,7.1,11.365012659479602,36.35550886163572
7418,19.8,26.22599983215332,92.0,0.0,5.9,8.0,17.389797393819798,31.972858175673856
7419,20.3,26.22599983215332,92.0,0.0,5.2,6.7,9.145245937719167,26.70167215640342
7420,25.2,26.22599983215332,92.0,0.0,6.3,7.4,18.353691206229236,38.04758384436046
7421,21.1,26.22599983215332,92.0,0.0,4.9,8.0,27.30404699046015,40.2128328933221
7422,27.9,26.22599983215332,92.0,0.0,3.0,6.5,22.572283333252734,43.700598333276915
7423,29.8,26.22599983215332,92.0,0.0,3.7,8.2,19.267366699632298,43.28715668974261
7424,37.3,26.22599983215332,92.0,0.0,4.0,6.0,25.829532601807944,55.380672821265556
7425,31.2,26.22599983215332,92.0,0.0,7.0,6.6,26.04194302108766,49.429360114761366
7426,29.7,26.22599983215332,92.0,0.0,5.4,6.7,7.758421263510771,35.13089488445754
7427,17.9,26.22599983215332,92.0,0.0,7.2,6.9,28.506818383764777,37.85477286863534
7428,25.2,26.22599983215332,92.0,0.0,4.2,6.6,8.412908480610005,31.089035936427003
7429,37.6,26.22599983215332,92.0,0.0,4.8,6.7,12.016139248657899,46.01129747406053
7430,18.0,26.22599983215332,92.0,0.0,3.5,8.4,7.553803069939894,23.287662148957924
7431,19.8,26.22599983215332,92.0,0.0,2.7,6.6,26.941012700273966,38.658708890191775
7432,21.8,26.22599983215332,92.0,0.0,5.4,7.6,14.356594330436982,31.849616031305885
7433,34.5,26.22599983215332,92.0,0.0,2.4,7.9,22.42021620068372,50.1941513404786
7434,39.0,26.22599983215332,92.0,0.0,4.8,6.0,15.803921611731218,50.06274512821185
7435,21.3,26.22599983215332,92.0,0.0,4.7,8.3,14.864787322617152,31.705351125832006
7436,15.8,26.22599983215332,92.0,0.0,7.4,7.3,11.620492802036596,23.934344961425616
7437,39.8,26.22599983215332,92.0,0.0,7.3,7.0,6.908825985124693,44.636178189587284
7438,19.9,26.22599983215332,92.0,0.0,3.5,8.5,5.987837910453976,24.09148653731778
7439,31.6,26.22599983215332,92.0,0.0,3.1,6.7,12.490421601849151,40.3432951212944
7440,24.9,26.125999450683594,93.0,0.0,6.3,7.6,22.29299280238768,40.505094961671375
7441,18.6,26.125999450683594,93.0,0.0,2.9,8.2,20.62768141257307,33.03937698880115
7442,20.2,26.125999450683594,93.0,0.0,2.5,6.9,25.672660741474207,38.17086251903194
7443,31.9,26.125999450683594,93.0,0.0,7.9,7.7,20.96576548494305,46.57603583946013
7444,31.2,26.125999450683594,93.0,0.0,5.1,8.0,24.45479014979747,48.31835310485823
7445,22.7,26.125999450683594,93.0,0.0,2.4,7.1,23.518114225249917,39.16267995767494
7446,21.5,26.125999450683594,93.0,0.0,5.8,8.3,7.192775743917219,26.534943020742052
7447,27.2,26.125999450683594,93.0,0.0,6.9,6.5,12.94283498339152,36.25998448837406
7448,37.8,26.125999450683594,93.0,0.0,7.8,6.5,12.03227757449092,46.22259430214364
7449,34.2,26.125999450683594,93.0,0.0,7.6,7.7,27.54993995363884,53.48495796754719
7450,33.8,26.125999450683594,93.0,0.0,5.6,6.4,17.449781203137974,46.014846842196576
7451,27.0,26.125999450683594,93.0,0.0,4.9,6.9,6.187225675623713,31.3310579729366
7452,33.2,26.125999450683594,93.0,0.0,2.3,7.1,7.383637281706716,38.3685460971947
7453,36.9,26.125999450683594,93.0,0.0,5.6,7.0,27.084206633264266,55.858944643284985
7454,31.4,26.125999450683594,93.0,0.0,5.3,7.3,5.6612170583528005,35.36285194084696
7455,25.4,26.125999450683594,93.0,0.0,7.4,7.3,7.710363807086571,30.797254664960597
7456,25.8,26.125999450683594,93.0,0.0,5.2,6.4,15.523207830941619,36.66624548165913
7457,27.8,26.125999450683594,93.0,0.0,3.4,6.6,10.765606367087953,35.335924456961564
7458,34.8,26.125999450683594,93.0,0.0,6.8,7.1,16.98051066075616,46.68635746252931
7459,35.4,26.125999450683594,93.0,0.0,4.3,7.4,8.895672201568168,41.62697054109772
7460,18.1,26.125999450683594,93.0,0.0,6.2,6.6,9.151211265237269,24.50584788566609
7461,16.8,26.125999450683594,93.0,0.0,4.1,7.7,7.845406873200698,22.29178481124049
7462,27.0,26.125999450683594,93.0,0.0,4.6,6.8,11.233566907394767,34.863496835176335
7463,39.5,26.125999450683594,93.0,0.0,6.2,6.9,18.858628757756065,52.70104013042925
7464,20.7,26.125999450683594,93.0,0.0,6.1,6.9,12.405048634357314,29.38353404405012
7465,26.5,26.125999450683594,93.0,0.0,4.8,6.1,21.99900272133914,41.899301904937396
7466,25.0,26.125999450683594,93.0,0.0,5.7,7.7,12.785964820971394,33.95017537467997
7467,21.0,26.125999450683594,93.0,0.0,3.3,7.3,6.009405018168696,25.206583512718087
7468,28.9,26.125999450683594,93.0,0.0,2.5,6.8,22.011052119530028,44.307736483671015
7469,25.4,26.125999450683594,93.0,0.0,5.7,8.3,18.178849239528496,38.12519446766994
7470,31.9,26.125999450683594,93.0,0.0,7.6,8.1,5.024376297281833,35.417063408097285
7471,24.3,26.125999450683594,93.0,0.0,7.1,8.2,21.87885746108348,39.61520022275843
7472,16.0,26.125999450683594,93.0,0.0,7.2,7.8,19.128163579001615,29.38971450530113
7473,15.4,26.125999450683594,93.0,0.0,7.4,8.3,18.00046021534213,28.000322150739493
7474,26.8,26.125999450683594,93.0,0.0,7.5,8.4,14.264504921226807,36.785153444858764
7475,26.7,26.125999450683594,93.0,0.0,7.1,6.9,5.11306195531483,30.27914336872038
7476,17.4,26.125999450683594,93.0,0.0,7.2,8.1,21.463125095767403,32.42418756703718
7477,38.7,26.125999450683594,93.0,0.0,6.8,6.2,6.109240967025762,42.97646867691804
7478,24.0,26.125999450683594,93.0,0.0,7.4,6.8,28.764119309437852,44.13488351660649
7479,34.3,26.125999450683594,93.0,0.0,7.9,6.5,16.399150053876774,45.77940503771374
7480,20.8,26.125999450683594,93.0,0.0,6.5,7.8,18.659981709597687,33.86198719671838
7481,19.9,26.125999450683594,93.0,0.0,6.9,7.9,14.290744940147372,29.903521458103157
7482,29.8,26.125999450683594,93.0,0.0,7.4,7.9,29.78040143294612,50.646281003062285
7483,20.1,26.125999450683594,93.0,0.0,5.8,7.1,28.635519857842716,40.1448639004899
7484,35.8,26.125999450683594,93.0,0.0,2.4,8.4,23.074528044476345,51.95216963113344
7485,15.2,26.125999450683594,93.0,0.0,8.0,6.5,23.482790618354997,31.637953432848498
7486,28.5,26.125999450683594,93.0,0.0,7.2,8.2,5.803002674609463,32.56210187222662
7487,33.1,26.125999450683594,93.0,0.0,3.0,6.5,21.387904055198504,48.07153283863895
7488,18.8,26.125999450683594,93.0,0.0,4.0,7.8,17.299356301302264,30.909549410911588
7489,32.1,26.125999450683594,93.0,0.0,7.7,8.1,6.043959447140589,36.33077161299841
7490,15.3,26.125999450683594,93.0,0.0,2.0,6.6,7.201005057057726,20.340703539940407
7491,26.7,26.125999450683594,93.0,0.0,5.2,6.4,11.179433694903864,34.5256035864327
7492,33.3,26.125999450683594,93.0,0.0,7.6,7.1,5.241266045466518,36.96888623182656
7493,38.6,26.125999450683594,93.0,0.0,3.2,7.2,9.749683843149713,45.4247786902048
7494,33.6,26.125999450683594,93.0,0.0,3.5,6.4,26.326399759826977,52.02847983187888
7495,33.1,26.125999450683594,93.0,0.0,7.0,8.1,20.89269558986863,47.72488691290804
7496,36.2,26.125999450683594,93.0,0.0,7.6,7.6,19.439736380837456,49.80781546658622
7497,17.3,26.125999450683594,93.0,0.0,5.6,8.2,18.200047305196897,30.040033113637826
7498,20.7,26.125999450683594,93.0,0.0,4.0,6.9,23.684814064647988,37.27936984525359
7499,31.0,26.125999450683594,93.0,0.0,5.5,7.7,11.797023959558167,39.25791677169072
7500,24.1,26.17599868774414,93.0,0.0,3.6,8.1,22.1676213519736,39.61733494638152
7501,25.3,26.17599868774414,93.0,0.0,5.3,6.1,20.96298846880131,39.97409192816092
7502,29.3,26.17599868774414,93.0,0.0,5.5,6.6,16.087448023452417,40.561213616416694
7503,19.0,26.17599868774414,93.0,0.0,7.5,6.9,10.579739767037125,26.405817836925987
7504,37.6,26.17599868774414,93.0,0.0,4.5,7.3,24.567270428317883,54.79708929982252
7505,32.0,26.17599868774414,93.0,0.0,4.1,8.1,19.342964427433518,45.54007509920346
7506,24.0,26.17599868774414,93.0,0.0,5.5,6.4,11.087238172135804,31.761066720495062
7507,34.0,26.17599868774414,93.0,0.0,7.3,6.5,22.115983362812955,49.48118835396907
7508,34.2,26.17599868774414,93.0,0.0,3.3,8.5,17.59961659099881,46.51973161369917
7509,22.2,26.17599868774414,93.0,0.0,5.0,8.4,18.973300921959748,35.48131064537182
7510,38.2,26.17599868774414,93.0,0.0,6.1,7.1,27.799220770404627,57.659454539283246
7511,39.1,26.17599868774414,93.0,0.0,2.7,8.4,24.22770610272963,56.05939427191074
7512,32.4,26.17599868774414,93.0,0.0,2.8,7.3,17.974735041377393,44.982314528964174
7513,34.7,26.17599868774414,93.0,0.0,3.5,8.2,25.707592896954445,52.69531502786811
7514,38.7,26.17599868774414,93.0,0.0,6.0,7.1,16.0785288613229,49.954970202926035
7515,20.4,26.17599868774414,93.0,0.0,2.7,8.4,6.949538683858523,25.264677078700963
7516,18.4,26.17599868774414,93.0,0.0,4.5,6.4,11.672227314695196,26.570559120286635
7517,38.0,26.17599868774414,93.0,0.0,3.5,8.1,19.515559668719455,51.66089176810362
7518,18.3,26.17599868774414,93.0,0.0,7.3,7.0,27.04737477953386,37.233162345673705
7519,31.8,26.17599868774414,93.0,0.0,5.3,6.7,12.353477914053624,40.44743453983754
7520,31.8,26.17599868774414,93.0,0.0,6.2,7.0,25.915824153596844,49.94107690751779
7521,24.4,26.17599868774414,93.0,0.0,7.5,6.2,19.680098302854464,38.17606881199812
7522,30.8,26.17599868774414,93.0,0.0,5.8,6.7,21.290010004721125,45.70300700330479
7523,18.0,26.17599868774414,93.0,0.0,4.6,8.1,13.063050202361536,27.144135141653074
7524,23.1,26.17599868774414,93.0,0.0,4.5,7.9,26.447851479986454,41.61349603599052
7525,35.6,26.17599868774414,93.0,0.0,3.1,6.4,14.084986638693596,45.45949064708552
7526,21.3,26.17599868774414,93.0,0.0,7.7,7.6,15.262842285995813,31.98398960019707
7527,15.8,26.17599868774414,93.0,0.0,2.6,7.4,20.00102951997021,29.80072066397915
7528,39.2,26.17599868774414,93.0,0.0,6.4,7.9,8.740498480584606,45.31834893640922
7529,35.9,26.17599868774414,93.0,0.0,4.5,6.2,11.141284138461215,43.69889889692285
7530,24.1,26.17599868774414,93.0,0.0,6.0,6.8,11.732658816995707,32.312861171897
7531,26.7,26.17599868774414,93.0,0.0,2.3,7.2,6.542349766436402,31.27964483650548
7532,17.9,26.17599868774414,93.0,0.0,4.0,7.0,19.164076571527456,31.314853600069217
7533,22.5,26.17599868774414,93.0,0.0,5.9,8.4,24.676038592123188,39.77322701448623
7534,39.0,26.17599868774414,93.0,0.0,5.7,6.0,25.43748213654702,56.80623749558291
7535,27.5,26.17599868774414,93.0,0.0,6.9,6.0,6.171149258632198,31.81980448104254
7536,32.1,26.17599868774414,93.0,0.0,6.1,8.2,10.881909833758936,39.717336883631255
7537,28.6,26.17599868774414,93.0,0.0,4.8,7.8,18.550993619473967,41.58569553363178
7538,26.5,26.17599868774414,93.0,0.0,5.8,8.0,14.703322644892731,36.79232585142491
7539,17.8,26.17599868774414,93.0,0.0,3.8,7.5,19.29116654687531,31.303816582812715
7540,20.4,26.17599868774414,93.0,0.0,7.5,7.7,19.809368580967835,34.266558006677485
7541,25.5,26.17599868774414,93.0,0.0,7.8,7.3,28.34922983551823,45.344460884862755
7542,16.6,26.17599868774414,93.0,0.0,3.9,6.8,11.393213082317686,24.57524915762238
7543,15.6,26.17599868774414,93.0,0.0,3.2,6.0,8.935459570839779,21.854821699587845
7544,21.7,26.17599868774414,93.0,0.0,3.8,7.3,25.985374212405546,39.88976194868388
7545,31.7,26.17599868774414,93.0,0.0,6.4,7.3,16.8164267295734,43.47149871070138
7546,19.3,26.17599868774414,93.0,0.0,7.5,6.3,12.424469500303202,27.99712865021224
7547,30.5,26.17599868774414,93.0,0.0,3.9,8.3,20.02525353281559,44.51767747297091
7548,15.7,26.17599868774414,93.0,0.0,2.8,7.3,10.172249161929324,22.820574413350528
7549,39.8,26.17599868774414,93.0,0.0,5.7,8.1,27.817935830305174,59.27255508121362
7550,24.0,26.17599868774414,93.0,0.0,5.6,7.4,5.402574588153365,27.781802211707355
7551,32.5,26.17599868774414,93.0,0.0,4.0,6.7,15.694196566094993,43.485937596266496
7552,32.8,26.17599868774414,93.0,0.0,3.7,6.4,17.645468075825185,45.151827653077625
7553,25.4,26.17599868774414,93.0,0.0,6.8,6.0,5.635996567843902,29.34519759749073
7554,28.0,26.17599868774414,93.0,0.0,5.6,7.9,26.90618999394072,46.8343329957585
7555,30.1,26.17599868774414,93.0,0.0,5.3,7.7,9.937838979105628,37.05648728537394
7556,24.5,26.17599868774414,93.0,0.0,5.4,8.5,10.801741601945814,32.06121912136207
7557,15.1,26.17599868774414,93.0,0.0,2.9,7.6,8.463511546366654,21.024458082456658
7558,15.2,26.17599868774414,93.0,0.0,3.8,6.3,15.013829678880013,25.709680775216007
7559,24.7,26.17599868774414,93.0,0.0,4.4,7.1,5.238928891248616,28.36725022387403
7560,18.1,26.325998306274418,93.0,0.0,2.4,7.2,13.626199635860827,27.638339745102577
7561,28.2,26.325998306274418,93.0,0.0,5.7,7.7,21.658209473558813,43.36074663149117
7562,20.7,26.325998306274418,93.0,0.0,7.8,6.1,16.777310125334786,32.44411708773435
7563,32.6,26.325998306274418,93.0,0.0,4.2,6.9,14.935743206494893,43.05502024454643
7564,22.4,26.325998306274418,93.0,0.0,5.3,6.7,23.20071217818443,38.6404985247291
7565,30.0,26.325998306274418,93.0,0.0,3.2,7.7,18.402826943012226,42.88197886010856
7566,37.4,26.325998306274418,93.0,0.0,4.8,7.7,5.232037127108134,41.06242598897569
7567,25.1,26.325998306274418,93.0,0.0,6.8,7.7,12.279220409954963,33.69545428696848
7568,29.1,26.325998306274418,93.0,0.0,7.3,7.0,15.889132672034965,40.22239287042448
7569,27.9,26.325998306274418,93.0,0.0,4.6,7.8,7.765366310130348,33.33575641709124
7570,39.6,26.325998306274418,93.0,0.0,3.5,7.6,5.383345414662961,43.368341790264076
7571,30.7,26.325998306274418,93.0,0.0,3.6,6.0,29.178404157353764,51.12488291014763
7572,16.4,26.325998306274418,93.0,0.0,4.6,6.7,9.916222206081999,23.341355544257397
7573,33.7,26.325998306274418,93.0,0.0,2.3,8.4,15.764628896060765,44.73524022724254
7574,19.2,26.325998306274418,93.0,0.0,4.2,6.1,11.409303966720127,27.186512776704088
7575,37.5,26.325998306274418,93.0,0.0,2.7,7.4,7.355025583896575,42.648517908727605
7576,28.7,26.325998306274418,93.0,0.0,6.4,6.5,9.409806847529005,35.286864793270304
7577,22.6,26.325998306274418,93.0,0.0,5.3,7.4,10.527340766859545,29.969138536801683
7578,15.5,26.325998306274418,93.0,0.0,7.1,6.5,17.3343059684585,27.63401417792095
7579,28.3,26.325998306274418,93.0,0.0,7.7,6.6,12.967958817094441,37.37757117196611
7580,25.9,26.325998306274418,93.0,0.0,6.6,6.5,11.298346865755182,33.80884280602862
7581,20.8,26.325998306274418,93.0,0.0,4.2,8.0,5.942509994425955,24.959756996098168
7582,31.4,26.325998306274418,93.0,0.0,4.1,7.8,9.251352007387544,37.87594640517128
7583,31.1,26.325998306274418,93.0,0.0,7.3,6.2,17.549200550119632,43.38444038508374
7584,30.0,26.325998306274418,93.0,0.0,6.2,7.1,8.022022501040006,35.615415750728005
7585,39.3,26.325998306274418,93.0,0.0,5.7,7.6,12.13931783348611,47.797522483440275
7586,23.3,26.325998306274418,93.0,0.0,2.0,7.8,16.868531552015533,35.107972086410875
7587,28.3,26.325998306274418,93.0,0.0,7.4,6.3,17.45742673987634,40.52019871791344
7588,20.3,26.325998306274418,93.0,0.0,2.4,8.4,6.455282409215513,24.81869768645086
7589,20.6,26.325998306274418,93.0,0.0,6.8,7.9,22.623470310201057,36.43642921714074
7590,31.6,26.325998306274418,93.0,0.0,2.2,7.4,6.906900693682189,36.434830485577535
7591,22.5,26.325998306274418,93.0,0.0,2.3,7.9,15.750697556908012,33.52548828983561
7592,34.5,26.325998306274418,93.0,0.0,2.3,6.6,20.60321054352205,48.922247380465436
7593,33.4,26.325998306274418,93.0,0.0,5.1,7.5,14.215746074962139,43.3510222524735
7594,30.6,26.325998306274418,93.0,0.0,6.1,7.0,8.904843660400608,36.83339056228043
7595,31.3,26.325998306274418,93.0,0.0,7.5,7.3,20.80998700065743,45.8669909004602
7596,38.6,26.325998306274418,93.0,0.0,4.2,6.6,7.154456115060069,43.60811928054205
7597,34.0,26.325998306274418,93.0,0.0,3.1,6.9,21.925633035166463,49.34794312461652
7598,17.4,26.325998306274418,93.0,0.0,5.1,6.8,23.7155041139587,34.00085287977109
7599,15.9,26.325998306274418,93.0,0.0,6.0,6.1,16.91336251511466,27.73935376058026
7600,33.7,26.325998306274418,93.0,0.0,4.8,6.5,7.425088105480311,38.89756167383622
7601,34.7,26.325998306274418,93.0,0.0,6.1,6.2,8.818057691644045,40.872640384150834
7602,15.8,26.325998306274418,93.0,0.0,2.3,6.4,13.942526229976997,25.559768360983895
7603,30.1,26.325998306274418,93.0,0.0,5.7,8.4,11.246130856071968,37.972291599250376
7604,21.5,26.325998306274418,93.0,0.0,3.3,6.2,8.349910867797703,27.34493760745839
7605,16.0,26.325998306274418,93.0,0.0,4.0,7.7,10.297371721901445,23.208160205331012
7606,26.3,26.325998306274418,93.0,0.0,5.0,7.0,27.67644238237674,45.67350966766372
7607,24.9,26.325998306274418,93.0,0.0,3.3,8.1,15.405727438897227,35.68400920722806
7608,25.2,26.325998306274418,93.0,0.0,7.4,7.9,8.094887909834076,30.866421536883852
7609,26.6,26.325998306274418,93.0,0.0,3.9,7.7,23.366606645703538,42.95662465199248
7610,32.7,26.325998306274418,93.0,0.0,7.9,8.2,24.586171283618643,49.910319898533054
7611,21.4,26.325998306274418,93.0,0.0,5.6,7.8,27.83525127279799,40.88467589095859
7612,18.9,26.325998306274418,93.0,0.0,6.8,7.7,23.08419405279341,35.058935836955385
7613,23.2,26.325998306274418,93.0,0.0,7.8,6.9,12.384140419998294,31.868898293998804
7614,31.7,26.325998306274418,93.0,0.0,3.7,6.1,19.904028260491966,45.63281978234438
7615,29.7,26.325998306274418,93.0,0.0,6.9,7.8,12.501739013312475,38.451217309318736
7616,25.8,26.325998306274418,93.0,0.0,6.3,7.1,26.42733078035608,44.29913154624926
7617,32.9,26.325998306274418,93.0,0.0,6.0,6.3,23.631819134318782,49.44227339402315
7618,39.9,26.325998306274418,93.0,0.0,6.9,6.2,28.556451318214982,59.88951592275048
7619,40.0,26.325998306274418,93.0,0.0,6.9,7.8,21.943466455885016,55.360426519119514
7620,24.2,26.775999069213867,91.0,0.0,7.4,8.0,5.56479523410109,28.09535666387076
7621,25.3,26.775999069213867,91.0,0.0,6.6,8.3,14.207653221168947,35.24535725481826
7622,23.1,26.775999069213867,91.0,0.0,2.5,7.8,5.563864993194099,26.99470549523587
7623,34.4,26.775999069213867,91.0,0.0,3.8,6.4,6.992780376999131,39.29494626389939
7624,18.1,26.775999069213867,91.0,0.0,3.0,6.7,29.294923818390576,38.6064466728734
7625,16.1,26.775999069213867,91.0,0.0,4.5,6.4,17.230479813282415,28.16133586929769
7626,28.3,26.775999069213867,91.0,0.0,5.7,8.2,6.860341049254183,33.10223873447793
7627,16.2,26.775999069213867,91.0,0.0,4.9,8.4,16.430569452445546,27.70139861671188
7628,17.2,26.775999069213867,91.0,0.0,5.4,7.0,17.535861443557614,29.47510301049033
7629,31.8,26.775999069213867,91.0,0.0,3.6,7.5,21.785076773790923,47.04955374165365
7630,19.6,26.775999069213867,91.0,0.0,3.1,7.4,10.76558406005469,27.135908842038283
7631,22.8,26.775999069213867,91.0,0.0,3.6,8.1,21.775789206437175,38.043052444506024
7632,22.2,26.775999069213867,91.0,0.0,6.6,7.1,10.762381779908166,29.733667245935713
7633,27.4,26.775999069213867,91.0,0.0,2.5,6.2,17.787755610572965,39.851428927401074
7634,17.1,26.775999069213867,91.0,0.0,4.9,6.6,18.351791237053966,29.946253865937777
7635,16.0,26.775999069213867,91.0,0.0,7.1,6.9,12.404645914743757,24.68325214032063
7636,18.0,26.775999069213867,91.0,0.0,6.3,6.8,14.954616309729246,28.46823141681047
7637,22.3,26.775999069213867,91.0,0.0,5.5,7.2,15.498309665073762,33.14881676555163
7638,30.9,26.775999069213867,91.0,0.0,4.5,6.6,23.57038011020032,47.399266077140226
7639,23.4,26.775999069213867,91.0,0.0,3.5,6.4,8.629803623528627,29.440862536470036
7640,30.5,26.775999069213867,91.0,0.0,3.7,8.1,22.001879058568555,45.90131534099799
7641,28.6,26.775999069213867,91.0,0.0,3.3,6.6,27.12550302799804,47.58785211959863
7642,15.7,26.775999069213867,91.0,0.0,7.8,6.8,29.70097802902712,36.49068462031898
7643,16.1,26.775999069213867,91.0,0.0,6.6,7.4,27.552054539608157,35.38643817772571
7644,35.3,26.775999069213867,91.0,0.0,7.1,6.7,27.89005923379447,54.823041463656125
7645,18.4,26.775999069213867,91.0,0.0,7.0,7.4,26.154806636211145,36.7083646453478
7646,15.1,26.775999069213867,91.0,0.0,2.1,8.0,6.345498420736862,19.5418488945158
7647,15.3,26.775999069213867,91.0,0.0,5.4,8.0,26.306830932437613,33.71478165270633
7648,38.6,26.775999069213867,91.0,0.0,3.7,6.1,22.62388060365358,54.43671642255751
7649,36.0,26.775999069213867,91.0,0.0,7.1,6.4,9.08619203776937,42.360334426438556
7650,38.0,26.775999069213867,91.0,0.0,6.7,6.7,21.24376407020739,52.870634849145176
7651,38.2,26.775999069213867,91.0,0.0,7.7,7.5,28.05968209990236,57.84177746993166
7652,27.4,26.775999069213867,91.0,0.0,7.2,7.3,21.133555079000686,42.193488555300476
7653,39.6,26.775999069213867,91.0,0.0,6.1,7.1,22.133177157449396,55.09322401021458
7654,16.4,26.775999069213867,91.0,0.0,7.2,8.1,17.05081463968854,28.335570247781973
7655,32.2,26.775999069213867,91.0,0.0,4.9,8.4,13.412753438135038,41.58892740669453
7656,19.9,26.775999069213867,91.0,0.0,5.7,6.0,13.227465568650874,29.15922589805561
7657,32.2,26.775999069213867,91.0,0.0,7.1,8.0,16.490511005922862,43.74335770414601
7658,34.4,26.775999069213867,91.0,0.0,4.2,6.5,28.902422357520013,54.63169565026401
7659,26.9,26.775999069213867,91.0,0.0,6.5,7.5,25.981001081460796,45.086700757022555
7660,30.9,26.775999069213867,91.0,0.0,6.1,8.2,12.161262449787204,39.41288371485104
7661,15.1,26.775999069213867,91.0,0.0,3.4,7.3,17.53391996447153,27.37374397513007
7662,26.9,26.775999069213867,91.0,0.0,6.6,8.5,12.962571202340815,35.97379984163857
7663,34.8,26.775999069213867,91.0,0.0,3.0,7.2,6.833351495251225,39.58334604667586
7664,37.5,26.775999069213867,91.0,0.0,7.5,7.2,26.59130685377259,56.11391479764082
7665,38.2,26.775999069213867,91.0,0.0,7.9,6.6,16.38923035353563,49.67246124747494
7666,29.3,26.775999069213867,91.0,0.0,3.3,8.3,8.809025338236518,35.46631773676556
7667,25.4,26.775999069213867,91.0,0.0,2.2,6.7,13.769837714690254,35.038886400283175
7668,39.9,26.775999069213867,91.0,0.0,7.9,8.0,29.96048784628474,60.872341492399315
7669,24.1,26.775999069213867,91.0,0.0,6.6,8.1,20.32762900282314,38.3293403019762
7670,39.1,26.775999069213867,91.0,0.0,6.7,6.2,5.493515600212496,42.94546092014875
7671,38.9,26.775999069213867,91.0,0.0,2.7,7.0,28.38743808454037,58.77120665917826
7672,36.5,26.775999069213867,91.0,0.0,7.9,7.0,26.627100034287647,55.13897002400135
7673,32.9,26.775999069213867,91.0,0.0,3.7,6.0,6.034335054329786,37.12403453803085
7674,25.2,26.775999069213867,91.0,0.0,6.4,7.4,26.932250990534932,44.05257569337445
7675,24.9,26.775999069213867,91.0,0.0,3.6,8.1,21.563559668403,39.994491767882096
7676,27.3,26.775999069213867,91.0,0.0,4.4,6.6,23.089247035023472,43.46247292451643
7677,30.3,26.775999069213867,91.0,0.0,7.7,8.1,26.06585609205738,48.546099264440166
7678,17.5,26.775999069213867,91.0,0.0,4.0,6.9,27.64338514094433,36.85036959866103
7679,32.1,26.775999069213867,91.0,0.0,4.0,8.2,25.297405305534514,49.80818371387416
7680,29.6,27.67599868774414,86.0,0.0,6.7,7.7,15.414904466312343,40.39043312641864
7681,33.2,27.67599868774414,86.0,0.0,7.6,6.3,16.87818852802976,45.01473196962083
7682,31.4,27.67599868774414,86.0,0.0,3.4,8.3,21.468631984762467,46.428042389333726
7683,15.0,27.67599868774414,86.0,0.0,2.8,8.1,25.216168902137753,32.651318231496425
7684,37.7,27.67599868774414,86.0,0.0,4.2,7.0,6.540382061196086,42.27826744283726
7685,35.3,27.67599868774414,86.0,0.0,6.8,8.1,5.6796921004180865,39.275784470292656
7686,19.3,27.67599868774414,86.0,0.0,6.0,7.0,28.534245007121942,39.273971504985354
7687,26.3,27.67599868774414,86.0,0.0,7.0,7.9,10.193995690380259,33.43579698326618
7688,37.5,27.67599868774414,86.0,0.0,5.2,8.1,14.658977124235928,47.76128398696515
7689,23.2,27.67599868774414,86.0,0.0,8.0,6.9,21.778820551835125,38.445174386284585
7690,31.4,27.67599868774414,86.0,0.0,6.9,7.9,19.812297464933145,45.2686082254532
7691,31.5,27.67599868774414,86.0,0.0,5.4,7.9,18.14763146745647,44.20334202721953
7692,21.3,27.67599868774414,86.0,0.0,4.7,6.4,5.049641779940057,24.83474924595804
7693,20.7,27.67599868774414,86.0,0.0,7.5,7.6,21.47519791338273,35.73263853936791
7694,26.0,27.67599868774414,86.0,0.0,3.9,7.4,12.675998241738974,34.87319876921728
7695,29.1,27.67599868774414,86.0,0.0,4.0,6.2,5.591955048127158,33.01436853368901
7696,38.1,27.67599868774414,86.0,0.0,3.9,7.4,22.595038794341768,53.91652715603924
7697,16.7,27.67599868774414,86.0,0.0,6.5,7.2,10.808798597041534,24.266159017929073
7698,17.7,27.67599868774414,86.0,0.0,2.6,8.0,8.461677866668166,23.623174506667716
7699,37.1,27.67599868774414,86.0,0.0,2.8,6.9,10.278020329224223,44.29461423045696
7700,23.0,27.67599868774414,86.0,0.0,2.3,8.2,10.271778041180667,30.190244628826466
7701,30.7,27.67599868774414,86.0,0.0,2.1,6.6,12.851360225885509,39.69595215811985
7702,15.2,27.67599868774414,86.0,0.0,6.3,6.0,29.64954900118845,35.954684300831914
7703,30.0,27.67599868774414,86.0,0.0,4.1,7.3,27.007622554240648,48.905335787968454
7704,37.5,27.67599868774414,86.0,0.0,7.2,7.0,11.464314651115155,45.5250202557806
7705,16.8,27.67599868774414,86.0,0.0,4.5,6.6,5.920725391158259,20.94450777381078
7706,35.3,27.67599868774414,86.0,0.0,7.3,7.8,20.298720374712968,49.509104262299076
7707,16.5,27.67599868774414,86.0,0.0,3.1,6.9,11.063977311370127,24.24478411795909
7708,30.1,27.67599868774414,86.0,0.0,8.0,8.0,28.00311556672951,49.70218089671066
7709,27.6,27.67599868774414,86.0,0.0,6.1,6.7,12.165155122660742,36.11560858586252
7710,37.3,27.67599868774414,86.0,0.0,7.0,7.4,15.238554953993475,47.96698846779543
7711,23.0,27.67599868774414,86.0,0.0,5.6,7.8,13.701052090728052,32.590736463509636
7712,39.7,27.67599868774414,86.0,0.0,7.1,6.9,26.97044690625745,58.57931283438022
7713,25.9,27.67599868774414,86.0,0.0,6.0,8.2,19.759043377569792,39.731330364298856
7714,23.3,27.67599868774414,86.0,0.0,5.2,8.0,6.317543846781405,27.722280692746985
7715,27.8,27.67599868774414,86.0,0.0,6.7,6.8,12.00777380314749,36.20544166220324
7716,38.9,27.67599868774414,86.0,0.0,5.1,6.6,19.032518037843033,52.22276262649012
7717,35.4,27.67599868774414,86.0,0.0,4.9,7.1,9.384693360929829,41.96928535265088
7718,24.5,27.67599868774414,86.0,0.0,3.6,7.7,24.492801132575032,41.64496079280252
7719,29.4,27.67599868774414,86.0,0.0,3.3,6.3,8.290460797863641,35.203322558504546
7720,39.6,27.67599868774414,86.0,0.0,6.6,7.9,18.342896824700155,52.44002777729011
7721,16.8,27.67599868774414,86.0,0.0,2.7,6.5,28.356154828668473,36.64930838006793
7722,17.5,27.67599868774414,86.0,0.0,6.6,6.5,22.315241784063087,33.12066924884416
7723,18.2,27.67599868774414,86.0,0.0,3.4,6.3,29.39509151445978,38.77656406012184
7724,40.0,27.67599868774414,86.0,0.0,4.0,8.5,20.401992883333833,54.28139501833368
7725,33.1,27.67599868774414,86.0,0.0,7.0,6.6,19.918461969615922,47.042923378731146
7726,21.7,27.67599868774414,86.0,0.0,5.8,6.8,6.353793542722457,26.14765547990572
7727,17.9,27.67599868774414,86.0,0.0,2.0,6.8,7.374497997994926,23.062148598596444
7728,23.2,27.67599868774414,86.0,0.0,6.0,7.8,11.31903112602151,31.123321788215055
7729,17.3,27.67599868774414,86.0,0.0,6.5,6.5,21.502253281394687,32.35157729697628
7730,32.8,27.67599868774414,86.0,0.0,2.9,7.7,15.650556956159338,43.755389869311536
7731,23.5,27.67599868774414,86.0,0.0,2.8,6.1,26.54842660026193,42.08389862018335
7732,15.7,27.67599868774414,86.0,0.0,5.2,7.5,12.742972671901638,24.620080870331144
7733,27.9,27.67599868774414,86.0,0.0,4.9,7.7,8.161771753918849,33.61324022774319
7734,36.8,27.67599868774414,86.0,0.0,3.8,7.0,14.392240783791927,46.874568548654345
7735,16.1,27.67599868774414,86.0,0.0,2.2,8.0,11.621403917136853,24.2349827419958
7736,28.1,27.67599868774414,86.0,0.0,7.7,6.3,18.25935641216425,40.88154948851498
7737,23.1,27.67599868774414,86.0,0.0,5.8,7.0,5.5881909386795225,27.011733657075666
7738,34.0,27.67599868774414,86.0,0.0,4.9,8.3,24.496388149470526,51.14747170462937
7739,18.1,27.67599868774414,86.0,0.0,5.8,6.3,12.924716557808697,27.14730159046609
7740,33.3,28.875999450683594,79.0,0.0,3.7,7.6,18.097909921837662,45.96853694528636
7741,32.1,28.875999450683594,79.0,0.0,2.1,7.5,19.409392496815222,45.686574747770656
7742,22.5,28.875999450683594,79.0,0.0,5.8,6.9,10.261683492566586,29.68317844479661
7743,21.6,28.875999450683594,79.0,0.0,3.8,6.7,9.759865177502995,28.431905624252096
7744,29.6,28.875999450683594,79.0,0.0,6.1,6.0,10.668104784893586,37.06767334942551
7745,24.8,28.875999450683594,79.0,0.0,7.6,7.7,12.856030726618169,33.79922150863272
7746,16.3,28.875999450683594,79.0,0.0,4.9,7.5,9.161183920740456,22.71282874451832
7747,18.5,28.875999450683594,79.0,0.0,3.2,7.9,15.994950476997992,29.696465333898594
7748,25.0,28.875999450683594,79.0,0.0,7.0,8.2,8.046266894905706,30.632386826433994
7749,31.1,28.875999450683594,79.0,0.0,4.9,6.3,5.373778243075195,34.86164477015264
7750,20.8,28.875999450683594,79.0,0.0,6.2,7.0,27.100360128618817,39.77025209003317
7751,40.0,28.875999450683594,79.0,0.0,5.7,7.1,9.2595780885927,46.48170466201489
7752,35.8,28.875999450683594,79.0,0.0,6.9,6.9,7.064485580716371,40.74513990650146
7753,20.1,28.875999450683594,79.0,0.0,6.8,6.3,18.819605969944888,33.27372417896142
7754,39.8,28.875999450683594,79.0,0.0,3.1,8.3,27.958817491881597,59.37117224431711
7755,17.2,28.875999450683594,79.0,0.0,7.9,7.5,7.257129362668811,22.279990553868167
7756,25.9,28.875999450683594,79.0,0.0,4.9,8.0,8.896209055655486,32.12734633895884
7757,37.4,28.875999450683594,79.0,0.0,4.1,6.9,24.088996727147826,54.26229770900348
7758,19.6,28.875999450683594,79.0,0.0,4.4,8.3,28.078386499338635,39.254870549537046
7759,24.6,28.875999450683594,79.0,0.0,6.8,7.5,13.861661202033524,34.30316284142347
7760,22.2,28.875999450683594,79.0,0.0,4.9,7.7,25.58224719550776,40.10757303685543
7761,16.0,28.875999450683594,79.0,0.0,6.7,6.5,24.206762059552826,32.94473344168698
7762,34.5,28.875999450683594,79.0,0.0,7.2,6.4,27.849540960105813,53.994678672074066
7763,39.5,28.875999450683594,79.0,0.0,3.9,7.8,27.16859473384967,58.51801631369477
7764,35.0,28.875999450683594,79.0,0.0,2.2,8.3,12.347192874841502,43.64303501238905
7765,19.1,28.875999450683594,79.0,0.0,7.1,7.6,12.535726253071555,27.87500837715009
7766,28.2,28.875999450683594,79.0,0.0,6.2,8.0,27.890636437992164,47.723445506594516
7767,15.3,28.875999450683594,79.0,0.0,5.1,8.1,15.312537479382483,26.01877623556774
7768,30.3,28.875999450683594,79.0,0.0,7.8,7.5,21.62098951469607,45.43469266028725
7769,29.2,28.875999450683594,79.0,0.0,7.6,6.8,15.739028940020603,40.217320258014425
7770,29.0,28.875999450683594,79.0,0.0,4.8,7.6,5.232679871187133,32.662875909830994
7771,32.7,28.875999450683594,79.0,0.0,3.7,7.5,8.665412297658047,38.76578860836064
7772,37.5,28.875999450683594,79.0,0.0,3.4,7.2,6.330284081843772,41.93119885729064
7773,32.6,28.875999450683594,79.0,0.0,6.8,7.8,26.19307236431878,50.93515065502315
7774,34.6,28.875999450683594,79.0,0.0,2.3,6.9,13.491120066072233,44.043784046250565
7775,39.0,28.875999450683594,79.0,0.0,6.3,6.4,11.444243269772883,47.010970288841015
7776,27.7,28.875999450683594,79.0,0.0,7.2,8.2,24.144713066797152,44.60129914675801
7777,26.3,28.875999450683594,79.0,0.0,5.8,6.7,28.98296385677332,46.58807469974133
7778,29.7,28.875999450683594,79.0,0.0,2.5,7.0,29.072253200528785,50.050577240370146
7779,24.8,28.875999450683594,79.0,0.0,4.8,7.9,15.494184925358734,35.645929447751115
7780,27.4,28.875999450683594,79.0,0.0,7.6,8.1,26.215407932785396,45.75078555294978
7781,17.0,28.875999450683594,79.0,0.0,2.9,6.7,13.89239012111486,26.7246730847804
7782,15.6,28.875999450683594,79.0,0.0,3.3,7.3,15.676071840484525,26.573250288339167
7783,28.4,28.875999450683594,79.0,0.0,5.7,6.6,10.320552885915237,35.62438702014067
7784,35.4,28.875999450683594,79.0,0.0,2.3,8.1,25.771666065862856,53.440166246104
7785,35.2,28.875999450683594,79.0,0.0,7.8,7.1,26.50273229646222,53.75191260752355
7786,37.5,28.875999450683594,79.0,0.0,7.2,6.8,5.826892403331344,41.57882468233194
7787,37.0,28.875999450683594,79.0,0.0,4.6,7.6,21.37856904660358,51.96499833262251
7788,23.3,28.875999450683594,79.0,0.0,5.8,6.0,18.79856335270295,36.45899434689206
7789,35.9,28.875999450683594,79.0,0.0,3.6,6.8,7.405006326691808,41.083504428684265
7790,23.6,28.875999450683594,79.0,0.0,4.6,7.4,27.43347759830845,42.80343431881592
7791,29.2,28.875999450683594,79.0,0.0,8.0,7.1,24.41391431940357,46.289740023582496
7792,19.6,28.875999450683594,79.0,0.0,3.3,7.8,8.760410897254951,25.732287628078467
7793,27.2,28.875999450683594,79.0,0.0,5.3,7.2,8.506043962974148,33.1542307740819
7794,38.5,28.875999450683594,79.0,0.0,7.5,6.4,23.056408691471105,54.63948608402977
7795,32.5,28.875999450683594,79.0,0.0,6.4,7.7,14.909114673064225,42.936380271144955
7796,34.5,28.875999450683594,79.0,0.0,5.7,8.5,10.843534177383933,42.090473924168755
7797,17.3,28.875999450683594,79.0,0.0,5.2,7.3,6.376034497476708,21.763224148233697
7798,16.3,28.875999450683594,79.0,0.0,7.6,8.2,28.179732418866376,36.02581269320646
7799,37.6,28.875999450683594,79.0,0.0,5.8,7.8,27.192725167428947,56.63490761720026
7800,29.1,29.97599983215332,74.0,0.0,5.8,8.3,15.948373800174336,40.26386166012203
7801,21.2,29.97599983215332,74.0,0.0,2.8,7.3,5.634337094656018,25.14403596625921
7802,21.2,29.97599983215332,74.0,0.0,7.3,8.2,12.329980355078543,29.83098624855498
7803,34.4,29.97599983215332,74.0,0.0,2.8,6.4,15.090939994965876,44.96365799647611
7804,39.5,29.97599983215332,74.0,0.0,3.7,7.5,11.06568832576463,47.24598182803524
7805,37.1,29.97599983215332,74.0,0.0,7.8,7.3,11.113440045999237,44.879408032199464
7806,21.5,29.97599983215332,74.0,0.0,7.4,7.9,10.488968177036691,28.842277723925683
7807,23.4,29.97599983215332,74.0,0.0,2.5,7.3,17.63049300575887,35.741345104031204
7808,25.9,29.97599983215332,74.0,0.0,2.9,7.9,12.377050675008647,34.56393547250605
7809,21.2,29.97599983215332,74.0,0.0,6.4,8.4,25.12329520453129,38.7863066431719
7810,19.9,29.97599983215332,74.0,0.0,7.8,7.3,11.35505665028844,27.848539655201904
7811,30.0,29.97599983215332,74.0,0.0,7.8,6.0,22.398356552000298,45.678849586400204
7812,36.7,29.97599983215332,74.0,0.0,5.2,7.3,18.55256435825755,49.68679505078029
7813,17.9,29.97599983215332,74.0,0.0,4.3,6.2,28.981548528834924,38.187083970184446
7814,18.5,29.97599983215332,74.0,0.0,6.8,7.7,21.767453656746717,33.7372175597227
7815,38.5,29.97599983215332,74.0,0.0,5.2,8.3,16.824861125195433,50.2774027876368
7816,19.0,29.97599983215332,74.0,0.0,5.4,8.1,22.933629471636365,35.053540630145456
7817,20.4,29.97599983215332,74.0,0.0,6.2,7.7,27.121725576948748,39.38520790386412
7818,25.3,29.97599983215332,74.0,0.0,4.9,7.3,27.940448249864108,44.85831377490487
7819,37.1,29.97599983215332,74.0,0.0,2.2,8.5,21.723338905676638,52.30633723397365
7820,24.4,29.97599983215332,74.0,0.0,2.2,7.2,16.630720683232944,36.04150447826306
7821,25.2,29.97599983215332,74.0,0.0,7.6,8.2,27.735713309034573,44.6149993163242
7822,38.5,29.97599983215332,74.0,0.0,7.6,8.2,29.333969295108822,59.03377850657617
7823,35.1,29.97599983215332,74.0,0.0,6.6,6.2,6.314049607299541,39.51983472510968
7824,33.4,29.97599983215332,74.0,0.0,6.7,6.9,23.148321024446286,49.6038247171124
7825,17.1,29.97599983215332,74.0,0.0,3.0,7.1,18.183466404213974,29.82842648294978
7826,38.1,29.97599983215332,74.0,0.0,5.0,7.5,5.8923723861672785,42.22466067031709
7827,18.4,29.97599983215332,74.0,0.0,4.1,7.3,15.315122368136088,29.12058565769526
7828,29.0,29.97599983215332,74.0,0.0,4.1,6.0,28.441540536940163,48.909078375858115
7829,33.7,29.97599983215332,74.0,0.0,7.2,8.1,6.3911096105129115,38.17377672735904
7830,19.3,29.97599983215332,74.0,0.0,6.4,6.9,19.5081084493343,32.95567591453401
7831,31.6,29.97599983215332,74.0,0.0,5.1,6.1,20.978602662207372,46.28502186354516
7832,28.9,29.97599983215332,74.0,0.0,3.8,6.7,26.885138888353563,47.71959722184749
7833,34.4,29.97599983215332,74.0,0.0,5.6,8.4,13.789988504791616,44.05299195335413
7834,16.7,29.97599983215332,74.0,0.0,7.8,6.9,27.794465080833078,36.15612555658315
7835,27.2,29.97599983215332,74.0,0.0,5.1,6.1,16.968709010328443,39.078096307229906
7836,17.3,29.97599983215332,74.0,0.0,6.6,8.0,10.391480472796387,24.57403633095747
7837,20.8,29.97599983215332,74.0,0.0,5.5,6.8,14.789545526504925,31.152681868553447
7838,20.2,29.97599983215332,74.0,0.0,5.4,6.3,29.499164063353746,40.84941484434762
7839,39.4,29.97599983215332,74.0,0.0,3.8,7.8,24.83720601882052,56.786044213174364
7840,23.3,29.97599983215332,74.0,0.0,7.8,6.6,29.24954057701,43.774678403907004
7841,22.7,29.97599983215332,74.0,0.0,2.8,6.2,23.589128947247115,39.212390263072976
7842,29.3,29.97599983215332,74.0,0.0,3.8,7.6,9.414232931025458,35.88996305171782
7843,22.5,29.97599983215332,74.0,0.0,4.8,8.2,26.268804266219284,40.88816298635349
7844,29.0,29.97599983215332,74.0,0.0,5.4,6.2,21.18403835572437,43.82882684900706
7845,22.4,29.97599983215332,74.0,0.0,2.1,6.6,14.000966841681418,32.20067678917699
7846,31.9,29.97599983215332,74.0,0.0,6.4,6.8,14.315353159836024,41.920747211885214
7847,19.8,29.97599983215332,74.0,0.0,5.7,7.4,23.233255763743568,36.06327903462049
7848,35.5,29.97599983215332,74.0,0.0,2.5,6.9,20.96085693630383,50.172599855412685
7849,21.1,29.97599983215332,74.0,0.0,7.3,8.4,24.993854176827615,38.595697923779326
7850,31.4,29.97599983215332,74.0,0.0,5.0,7.2,23.826522059660917,48.078565441762635
7851,24.3,29.97599983215332,74.0,0.0,5.3,8.5,20.660946731956333,38.76266271236943
7852,24.4,29.97599983215332,74.0,0.0,4.1,7.2,22.225606471612362,39.95792453012865
7853,32.3,29.97599983215332,74.0,0.0,3.0,8.5,6.540259913133433,36.8781819391934
7854,33.4,29.97599983215332,74.0,0.0,4.5,7.4,24.179554066616493,50.32568784663154
7855,19.5,29.97599983215332,74.0,0.0,2.4,7.0,18.879429796061032,32.71560085724272
7856,30.7,29.97599983215332,74.0,0.0,5.9,7.9,21.369604540789975,45.65872317855298
7857,36.2,29.97599983215332,74.0,0.0,5.4,6.3,27.838965513350445,55.68727585934531
7858,31.7,29.97599983215332,74.0,0.0,3.8,8.1,21.896375780786272,47.02746304655039
7859,17.1,29.97599983215332,74.0,0.0,2.6,8.2,19.15014806788983,30.50510364752288
7860,15.9,30.92599868774414,70.0,0.0,2.8,8.2,9.143701560197943,22.30059109213856
7861,36.3,30.92599868774414,70.0,0.0,4.2,8.1,8.261155040599014,42.08280852841931
7862,15.3,30.92599868774414,70.0,0.0,6.2,8.1,16.854305038384176,27.098013526868925
7863,22.1,30.92599868774414,70.0,0.0,6.2,8.2,21.04494561512728,36.8314619305891
7864,36.5,30.92599868774414,70.0,0.0,7.9,7.3,22.524238966998603,52.266967276899024
7865,31.5,30.92599868774414,70.0,0.0,6.4,6.3,9.157597247994236,37.91031807359597
7866,16.9,30.92599868774414,70.0,0.0,3.3,7.9,10.48293608847531,24.238055261932715
7867,37.2,30.92599868774414,70.0,0.0,3.1,8.2,25.84777751297985,55.293444259085895
7868,31.5,30.92599868774414,70.0,0.0,6.9,6.4,22.082232887597144,46.957563021318
7869,24.6,30.92599868774414,70.0,0.0,4.8,6.3,13.505613866862221,34.05392970680356
7870,24.7,30.92599868774414,70.0,0.0,5.2,7.5,28.123461733616406,44.38642321353149
7871,33.9,30.92599868774414,70.0,0.0,6.5,6.3,16.801791005768827,45.661253704038174
7872,22.3,30.92599868774414,70.0,0.0,4.4,7.0,24.17872674349654,39.22510872044758
7873,16.0,30.92599868774414,70.0,0.0,5.3,8.2,14.663669261299344,26.26456848290954
7874,24.1,30.92599868774414,70.0,0.0,3.6,7.2,20.62974922188407,38.54082445531885
7875,22.6,30.92599868774414,70.0,0.0,4.0,7.2,17.45637896619712,34.819465276337986
7876,15.2,30.92599868774414,70.0,0.0,7.2,6.3,12.450854507487854,23.915598155241497
7877,15.1,30.92599868774414,70.0,0.0,4.7,7.6,27.357072346041136,34.2499506422288
7878,34.6,30.92599868774414,70.0,0.0,4.7,6.9,12.961747426724418,43.67322319870709
7879,22.6,30.92599868774414,70.0,0.0,6.2,6.0,16.115434852635836,33.880804396845086
7880,21.4,30.92599868774414,70.0,0.0,4.9,8.2,18.33580806026985,34.23506564218889
7881,20.0,30.92599868774414,70.0,0.0,3.7,8.1,21.795949149635163,35.257164404744614
7882,30.0,30.92599868774414,70.0,0.0,2.1,6.9,25.6658344059797,47.966084084185795
7883,39.5,30.92599868774414,70.0,0.0,3.6,7.5,28.125801140243933,59.18806079817075
7884,24.5,30.92599868774414,70.0,0.0,5.9,7.7,12.061163000704028,32.94281410049282
7885,39.7,30.92599868774414,70.0,0.0,3.1,7.1,24.65338955321311,56.957372687249176
7886,28.2,30.92599868774414,70.0,0.0,3.8,7.2,14.15595433712246,38.10916803598572
7887,39.9,30.92599868774414,70.0,0.0,3.7,7.7,5.471621849600757,43.730135294720526
7888,36.5,30.92599868774414,70.0,0.0,3.7,6.5,18.264511374232917,49.28515796196304
7889,31.6,30.92599868774414,70.0,0.0,7.6,8.1,26.164875475010998,49.9154128325077
7890,26.5,30.92599868774414,70.0,0.0,2.8,6.1,11.830042509384214,34.78102975656895
7891,24.8,30.92599868774414,70.0,0.0,3.5,6.8,18.567040892598428,37.796928624818904
7892,38.5,30.92599868774414,70.0,0.0,3.3,6.3,10.47753389454098,45.83427372617869
7893,31.7,30.92599868774414,70.0,0.0,4.0,6.9,18.23996244097598,44.46797370868318
7894,16.9,30.92599868774414,70.0,0.0,3.6,6.6,19.07479067387993,30.25235347171595
7895,34.5,30.92599868774414,70.0,0.0,3.3,7.2,7.19471605989586,39.536301241927106
7896,29.9,30.92599868774414,70.0,0.0,5.9,6.4,9.417835934872441,36.49248515441071
7897,24.7,30.92599868774414,70.0,0.0,2.5,6.8,7.265471873861117,29.78583031170278
7898,25.2,30.92599868774414,70.0,0.0,2.7,6.9,23.660117510060186,41.762082257042124
7899,35.3,30.92599868774414,70.0,0.0,3.4,7.4,21.408462470905512,50.28592372963385
7900,29.1,30.92599868774414,70.0,0.0,5.0,8.3,24.3718988394255,46.16032918759785
7901,24.4,30.92599868774414,70.0,0.0,3.9,7.3,21.74865868016231,39.62406107611362
7902,18.1,30.92599868774414,70.0,0.0,6.4,6.1,29.56778840356597,38.797451882496176
7903,34.0,30.92599868774414,70.0,0.0,4.4,7.2,11.365582208199978,41.95590754573998
7904,25.4,30.92599868774414,70.0,0.0,7.7,6.2,20.71793111696863,39.90255178187804
7905,25.7,30.92599868774414,70.0,0.0,7.9,7.2,14.686774815056722,35.9807423705397
7906,21.6,30.92599868774414,70.0,0.0,2.2,7.3,12.825518196524767,30.577862737567337
7907,23.3,30.92599868774414,70.0,0.0,5.3,7.6,15.369727257562724,34.058809080293905
7908,39.2,30.92599868774414,70.0,0.0,2.1,7.7,6.357995070355086,43.65059654924856
7909,25.9,30.92599868774414,70.0,0.0,7.0,8.0,29.450042501735407,46.51502975121478
7910,19.7,30.92599868774414,70.0,0.0,3.4,8.2,20.69012778179205,34.18308944725443
7911,36.2,30.92599868774414,70.0,0.0,3.4,7.9,29.21616858063281,56.65131800644297
7912,24.5,30.92599868774414,70.0,0.0,7.0,6.7,29.209524033965756,44.94666682377603
7913,33.0,30.92599868774414,70.0,0.0,5.5,7.5,9.021800788794517,39.31526055215616
7914,19.0,30.92599868774414,70.0,0.0,4.5,6.5,23.660986227996265,35.56269035959738
7915,31.4,30.92599868774414,70.0,0.0,5.9,8.4,23.114760749766443,47.58033252483651
7916,27.9,30.92599868774414,70.0,0.0,6.0,6.3,11.951283386411728,36.26589837048821
7917,24.4,30.92599868774414,70.0,0.0,7.6,6.7,26.411472229798765,42.888030560859136
7918,37.0,30.92599868774414,70.0,0.0,4.1,8.4,29.023426291419728,57.31639840399381
7919,15.3,30.92599868774414,70.0,0.0,5.3,7.5,17.2818878321116,27.39732148247812
7920,17.0,31.775999069213867,67.0,0.0,3.1,8.4,14.19836304164038,26.938854129148268
7921,16.0,31.775999069213867,67.0,0.0,4.3,6.3,15.075848476253041,26.553093933377127
7922,18.6,31.775999069213867,67.0,0.0,7.8,8.2,22.60627588741115,34.424393121187805
7923,27.6,31.775999069213867,67.0,0.0,4.0,6.8,20.985449784582062,42.289814849207445
7924,24.7,31.775999069213867,67.0,0.0,2.3,6.3,28.769687271789515,44.83878109025266
7925,25.7,31.775999069213867,67.0,0.0,6.7,6.9,5.757255928355099,29.730079149848567
7926,23.4,31.775999069213867,67.0,0.0,7.3,8.3,11.892603065382696,31.724822145767885
7927,38.6,31.775999069213867,67.0,0.0,2.9,6.4,5.4634169253597,42.42439184775179
7928,27.1,31.775999069213867,67.0,0.0,6.1,8.1,9.731346760574306,33.91194273240202
7929,39.7,31.775999069213867,67.0,0.0,3.2,8.4,27.481983943356173,58.93738876034932
7930,26.0,31.775999069213867,67.0,0.0,5.8,6.1,24.03609703432251,42.82526792402575
7931,27.1,31.775999069213867,67.0,0.0,5.5,6.3,29.626100086687426,47.8382700606812
7932,34.5,31.775999069213867,67.0,0.0,4.7,7.5,10.256189478414228,41.67933263488996
7933,26.4,31.775999069213867,67.0,0.0,6.0,7.0,18.005400247079088,39.00378017295536
7934,38.3,31.775999069213867,67.0,0.0,3.4,7.9,27.2463534633793,57.372447424365504
7935,15.5,31.775999069213867,67.0,0.0,6.8,8.2,26.866942573579635,34.306859801505745
7936,23.2,31.775999069213867,67.0,0.0,6.0,7.4,11.247617911842767,31.073332538289936
7937,29.0,31.775999069213867,67.0,0.0,7.1,6.6,9.035993395614046,35.325195376929834
7938,36.8,31.775999069213867,67.0,0.0,2.1,8.4,26.62262383052113,55.43583668136479
7939,21.5,31.775999069213867,67.0,0.0,3.1,8.2,24.802434758336883,38.86170433083582
7940,22.6,31.775999069213867,67.0,0.0,2.6,7.9,12.361325304342088,31.252927713039462
7941,36.9,31.775999069213867,67.0,0.0,4.8,6.9,10.827225795194895,44.479058056636426
7942,31.6,31.775999069213867,67.0,0.0,5.0,6.6,7.856851249911696,37.09979587493819
7943,15.5,31.775999069213867,67.0,0.0,2.4,6.7,12.698715146927267,24.389100602849084
7944,36.3,31.775999069213867,67.0,0.0,6.9,6.7,14.847565454326157,46.693295818028304
7945,26.3,31.775999069213867,67.0,0.0,7.5,6.0,22.986449067152723,42.390514347006906
7946,37.8,31.775999069213867,67.0,0.0,2.9,6.3,26.226424650419975,56.15849725529398
7947,26.1,31.775999069213867,67.0,0.0,6.5,6.7,7.439682187437459,31.30777753120622
7948,32.7,31.775999069213867,67.0,0.0,7.7,6.6,18.129094277845937,45.39036599449216
7949,37.0,31.775999069213867,67.0,0.0,5.4,6.8,14.183590110566541,46.92851307739658
7950,32.7,31.775999069213867,67.0,0.0,5.7,8.0,26.504495720597255,51.25314700441808
7951,20.5,31.775999069213867,67.0,0.0,4.4,6.9,13.435424006436959,29.90479680450587
7952,29.4,31.775999069213867,67.0,0.0,4.5,6.9,23.344225296121163,45.74095770728481
7953,16.2,31.775999069213867,67.0,0.0,5.9,8.4,8.097317655225826,21.868122358658077
7954,24.5,31.775999069213867,67.0,0.0,2.6,8.2,9.742649333854551,31.319854533698184
7955,29.1,31.775999069213867,67.0,0.0,5.4,8.4,12.90366393460777,38.13256475422544
7956,27.7,31.775999069213867,67.0,0.0,4.9,7.4,25.406024583118946,45.48421720818326
7957,19.7,31.775999069213867,67.0,0.0,2.7,6.8,25.004384219011158,37.203068953307806
7958,30.3,31.775999069213867,67.0,0.0,7.9,8.2,5.81004296768801,34.36703007738161
7959,25.5,31.775999069213867,67.0,0.0,7.6,7.4,27.603598537824006,44.8225189764768
7960,35.8,31.775999069213867,67.0,0.0,6.4,7.3,19.448133975014557,49.41369378251019
7961,18.0,31.775999069213867,67.0,0.0,7.5,8.0,17.519858204013538,30.263900742809476
7962,30.0,31.775999069213867,67.0,0.0,3.2,6.7,20.57335755311692,44.40135028718184
7963,30.8,31.775999069213867,67.0,0.0,7.1,7.7,18.70718861682354,43.89503203177648
7964,37.3,31.775999069213867,67.0,0.0,6.2,7.3,12.464485102764954,46.02513957193546
7965,37.2,31.775999069213867,67.0,0.0,6.2,6.6,12.38727701923658,45.87109391346561
7966,34.5,31.775999069213867,67.0,0.0,5.9,7.1,27.675384446564898,53.87276911259543
7967,20.0,31.775999069213867,67.0,0.0,3.5,7.9,24.964064995083834,37.474845496558686
7968,29.4,31.775999069213867,67.0,0.0,6.3,7.1,15.081980052288628,39.95738603660204
7969,29.3,31.775999069213867,67.0,0.0,7.8,8.5,13.553982626867615,38.78778783880733
7970,15.6,31.775999069213867,67.0,0.0,2.9,6.2,14.393392755558006,25.675374928890605
7971,27.5,31.775999069213867,67.0,0.0,3.7,7.7,20.005690088514626,41.50398306196024
7972,24.2,31.775999069213867,67.0,0.0,6.7,6.6,16.45722749350849,35.72005924545594
7973,16.6,31.775999069213867,67.0,0.0,4.7,6.7,6.854946984864672,21.398462889405273
7974,21.1,31.775999069213867,67.0,0.0,3.3,6.5,9.050383069041803,27.435268148329264
7975,36.5,31.775999069213867,67.0,0.0,6.3,8.2,9.099892917162663,42.86992504201386
7976,35.0,31.775999069213867,67.0,0.0,3.4,7.6,29.465016352664417,55.62551144686509
7977,33.4,31.775999069213867,67.0,0.0,7.7,7.0,27.903687394807907,52.93258117636553
7978,31.5,31.775999069213867,67.0,0.0,3.9,6.6,28.704918580443838,51.593443006310686
7979,37.3,31.775999069213867,67.0,0.0,7.9,7.0,25.141773870253402,54.899241709177375
7980,38.2,32.07600021362305,67.0,0.0,7.1,7.7,24.844482287692344,55.591137601384645
7981,32.4,32.07600021362305,67.0,0.0,7.8,6.8,28.097714851228332,52.068400395859825
7982,20.7,32.07600021362305,67.0,0.0,2.1,7.0,12.977631936014568,29.784342355210196
7983,32.5,32.07600021362305,67.0,0.0,2.1,6.4,15.503536903456354,43.352475832419444
7984,19.0,32.07600021362305,67.0,0.0,4.5,7.5,19.67625831467609,32.77338082027326
7985,34.4,32.07600021362305,67.0,0.0,3.1,6.7,10.504689699740162,41.75328278981811
7986,23.4,32.07600021362305,67.0,0.0,2.9,7.9,8.38362459831592,29.268537218821145
7987,20.3,32.07600021362305,67.0,0.0,6.7,6.1,23.885103592935305,37.01957251505471
7988,29.4,32.07600021362305,67.0,0.0,5.7,7.8,6.504800340903167,33.953360238632214
7989,28.8,32.07600021362305,67.0,0.0,2.5,7.5,11.010698780459004,36.507489146321305
7990,34.7,32.07600021362305,67.0,0.0,5.0,6.5,10.62805221229885,42.1396365486092
7991,29.7,32.07600021362305,67.0,0.0,6.2,6.6,10.466051248518916,37.02623587396324
7992,31.4,32.07600021362305,67.0,0.0,2.1,7.6,16.4244876959961,42.897141387197266
7993,31.5,32.07600021362305,67.0,0.0,5.6,6.1,24.408854220093456,48.58619795406542
7994,28.6,32.07600021362305,67.0,0.0,4.9,7.2,27.19854350284134,47.63898045198894
7995,26.6,32.07600021362305,67.0,0.0,3.7,6.7,22.306528027377986,42.21456961916459
7996,31.4,32.07600021362305,67.0,0.0,6.2,6.6,23.08095889705364,47.55667122793754
7997,25.1,32.07600021362305,67.0,0.0,7.9,7.1,6.408231883222277,29.585762318255597
7998,16.9,32.07600021362305,67.0,0.0,2.2,6.2,24.584868659581282,34.109408061706894
7999,36.9,32.07600021362305,67.0,0.0,4.5,6.1,15.906826277989328,48.03477839459253
8000,21.4,32.07600021362305,67.0,0.0,2.5,6.0,10.283714246987596,28.598599972891314
8001,32.6,32.07600021362305,67.0,0.0,2.8,8.0,18.292358175895277,45.40465072312669
8002,22.4,32.07600021362305,67.0,0.0,3.7,6.2,12.250888288553107,30.975621801987174
8003,31.3,32.07600021362305,67.0,0.0,2.0,7.2,12.28222195900348,39.89755537130243
8004,35.9,32.07600021362305,67.0,0.0,7.4,6.8,19.664511501407006,49.6651580509849
8005,15.3,32.07600021362305,67.0,0.0,4.5,6.6,9.824884846766928,22.17741939273685
8006,26.5,32.07600021362305,67.0,0.0,2.7,8.4,6.998812209463669,31.399168546624566
8007,15.2,32.07600021362305,67.0,0.0,6.0,6.5,18.516431367758244,28.16150195743077
8008,26.2,32.07600021362305,67.0,0.0,7.1,8.2,26.927544805842413,45.04928136408969
8009,39.3,32.07600021362305,67.0,0.0,5.3,6.4,10.549585563041433,46.684709894129
8010,15.9,32.07600021362305,67.0,0.0,4.0,6.2,9.264966504183077,22.385476552928154
8011,16.7,32.07600021362305,67.0,0.0,6.9,8.3,21.834721874360213,31.984305312052147
8012,35.5,32.07600021362305,67.0,0.0,5.9,6.8,5.183567574014695,39.128497301810285
8013,16.3,32.07600021362305,67.0,0.0,2.6,8.4,20.066332294525438,30.346432606167806
8014,16.2,32.07600021362305,67.0,0.0,5.7,8.2,13.50860614925767,25.65602430448037
8015,38.0,32.07600021362305,67.0,0.0,5.2,7.3,17.704838507199348,50.393386955039546
8016,33.1,32.07600021362305,67.0,0.0,5.4,6.1,25.344095137921002,50.8408665965447
8017,22.6,32.07600021362305,67.0,0.0,6.8,6.1,18.48838110340555,35.541866772383884
8018,33.2,32.07600021362305,67.0,0.0,4.8,7.6,13.06122656598529,42.34285859618971
8019,24.7,32.07600021362305,67.0,0.0,2.5,7.2,29.493502953004214,45.34545206710295
8020,21.6,32.07600021362305,67.0,0.0,3.8,6.9,28.9503112296579,41.86521786076053
8021,38.5,32.07600021362305,67.0,0.0,6.3,6.9,13.984770668637484,48.28933946804624
8022,34.9,32.07600021362305,67.0,0.0,2.9,7.6,10.159910504947357,42.011937353463146
8023,17.5,32.07600021362305,67.0,0.0,3.7,8.2,10.311935223921349,24.718354656744943
8024,23.3,32.07600021362305,67.0,0.0,5.6,7.5,23.17579891121071,39.52305923784749
8025,39.0,32.07600021362305,67.0,0.0,2.5,6.1,14.047501478586723,48.833251035010704
8026,39.4,32.07600021362305,67.0,0.0,5.1,8.4,15.136802651276666,49.99576185589366
8027,35.9,32.07600021362305,67.0,0.0,5.8,7.0,28.049074783699744,55.53435234858982
8028,33.8,32.07600021362305,67.0,0.0,6.8,8.5,22.43117083545126,49.50181958481588
8029,25.5,32.07600021362305,67.0,0.0,5.1,8.2,11.666407632311655,33.66648534261816
8030,26.5,32.07600021362305,67.0,0.0,5.5,8.0,9.335604299240224,33.03492300946816
8031,25.8,32.07600021362305,67.0,0.0,6.3,8.0,11.226574031734113,33.65860182221388
8032,23.6,32.07600021362305,67.0,0.0,2.3,8.5,20.334780919952117,37.834346643966484
8033,34.4,32.07600021362305,67.0,0.0,6.6,6.9,12.839288419735155,43.38750189381461
8034,20.9,32.07600021362305,67.0,0.0,7.9,6.6,22.644577292563426,36.7512041047944
8035,39.3,32.07600021362305,67.0,0.0,2.3,7.6,20.952341061022846,53.966638742715986
8036,27.4,32.07600021362305,67.0,0.0,2.4,6.4,17.14458594834244,39.40121016383971
8037,33.4,32.07600021362305,67.0,0.0,7.7,7.5,17.591977458889847,45.71438422122289
8038,20.6,32.07600021362305,67.0,0.0,6.3,6.9,7.4893215491325815,25.842525084392808
8039,31.9,32.07600021362305,67.0,0.0,4.8,6.4,11.42491365392802,39.897439557749614
8040,37.9,31.47599983215332,70.0,0.0,3.7,8.0,15.118144721022363,48.482701304715654
8041,21.3,31.47599983215332,70.0,0.0,6.8,8.2,16.61735179440827,32.93214625608579
8042,29.1,31.47599983215332,70.0,0.0,6.2,7.7,15.959736948116996,40.271815863681894
8043,35.7,31.47599983215332,70.0,0.0,7.6,7.1,10.29012291782659,42.90308604247861
8044,24.2,31.47599983215332,70.0,0.0,4.1,6.1,13.90456685247472,33.933196796732304
8045,18.2,31.47599983215332,70.0,0.0,2.3,7.5,22.97988371698028,34.285918601886195
8046,31.0,31.47599983215332,70.0,0.0,2.9,6.8,24.019467794660894,47.81362745626262
8047,35.6,31.47599983215332,70.0,0.0,3.3,7.6,25.612545809604494,53.528782066723146
8048,29.7,31.47599983215332,70.0,0.0,7.0,6.4,11.56928513501678,37.798499594511746
8049,20.1,31.47599983215332,70.0,0.0,3.0,6.7,27.482591312175046,39.33781391852253
8050,19.3,31.47599983215332,70.0,0.0,3.0,7.3,7.942025224980052,24.859417657486038
8051,22.6,31.47599983215332,70.0,0.0,3.4,6.5,19.79295870772821,36.45507109540975
8052,23.3,31.47599983215332,70.0,0.0,5.5,8.1,23.798631889009787,39.95904232230685
8053,23.8,31.47599983215332,70.0,0.0,2.4,6.9,7.230442107860648,28.861309475502452
8054,36.0,31.47599983215332,70.0,0.0,7.8,7.6,14.819574513167312,46.37370215921712
8055,26.8,31.47599983215332,70.0,0.0,5.6,6.9,15.166375249265352,37.41646267448574
8056,31.4,31.47599983215332,70.0,0.0,3.7,7.2,5.905578178027514,35.533904724619255
8057,35.5,31.47599983215332,70.0,0.0,3.8,8.4,7.5253882889481885,40.76777180226373
8058,33.0,31.47599983215332,70.0,0.0,6.1,8.0,21.56403034852796,48.09482124396957
8059,34.6,31.47599983215332,70.0,0.0,3.4,7.7,7.836698004349866,40.08568860304491
8060,19.7,31.47599983215332,70.0,0.0,6.2,7.4,29.73706718379066,40.51594702865346
8061,23.3,31.47599983215332,70.0,0.0,5.3,8.2,24.393986508408894,40.375790555886226
8062,28.3,31.47599983215332,70.0,0.0,5.2,6.5,15.342110566242429,39.0394773963697
8063,39.1,31.47599983215332,70.0,0.0,2.5,6.6,17.80611758168667,51.56428230718067
8064,22.9,31.47599983215332,70.0,0.0,4.8,7.2,29.389593686521405,43.47271558056498
8065,28.5,31.47599983215332,70.0,0.0,6.1,6.8,12.489833586707647,37.24288351069535
8066,38.8,31.47599983215332,70.0,0.0,5.9,6.1,26.16235132079711,57.11364592455797
8067,23.9,31.47599983215332,70.0,0.0,6.0,6.8,25.342448598127653,41.639714018689354
8068,18.0,31.47599983215332,70.0,0.0,6.8,7.3,12.76477383840108,26.935341686880754
8069,28.7,31.47599983215332,70.0,0.0,2.6,6.2,25.605788934464364,46.624052254125054
8070,37.0,31.47599983215332,70.0,0.0,7.9,8.1,21.947310997050163,52.36311769793511
8071,39.7,31.47599983215332,70.0,0.0,7.6,8.2,27.422624781631143,58.8958373471418
8072,35.5,31.47599983215332,70.0,0.0,5.0,6.9,19.711990903409095,49.298393632386365
8073,34.6,31.47599983215332,70.0,0.0,4.7,7.2,21.01919123632388,49.31343386542672
8074,37.1,31.47599983215332,70.0,0.0,5.2,7.9,6.4838535959858845,41.638697517190124
8075,33.1,31.47599983215332,70.0,0.0,3.5,7.2,8.612596800809973,39.12881776056698
8076,38.1,31.47599983215332,70.0,0.0,4.8,7.9,23.43266730525323,54.50286711367726
8077,30.8,31.47599983215332,70.0,0.0,4.2,7.3,12.787662587889052,39.75136381152234
8078,38.8,31.47599983215332,70.0,0.0,3.9,7.6,19.399313019725028,52.37951911380752
8079,25.4,31.47599983215332,70.0,0.0,6.6,8.0,11.368800742498282,33.35816051974879
8080,23.8,31.47599983215332,70.0,0.0,6.8,6.6,7.730543684015613,29.211380578810928
8081,23.8,31.47599983215332,70.0,0.0,2.9,6.7,6.43229372635437,28.30260560844806
8082,33.3,31.47599983215332,70.0,0.0,7.4,6.5,21.43038337250905,48.30126836075633
8083,16.0,31.47599983215332,70.0,0.0,3.8,6.4,23.403769104983255,32.38263837348828
8084,32.0,31.47599983215332,70.0,0.0,4.4,6.1,29.824480317444735,52.87713622221131
8085,17.2,31.47599983215332,70.0,0.0,6.3,7.7,24.97887689514269,34.68521382659988
8086,15.9,31.47599983215332,70.0,0.0,2.3,8.2,12.91474923994446,24.94032446796112
8087,20.4,31.47599983215332,70.0,0.0,4.8,7.3,17.53563854902641,32.67494698431848
8088,25.9,31.47599983215332,70.0,0.0,6.1,8.3,24.457874586402628,43.02051221048184
8089,26.2,31.47599983215332,70.0,0.0,2.1,7.4,10.416210650606601,33.491347455424616
8090,32.0,31.47599983215332,70.0,0.0,7.6,6.6,24.256342476485752,48.979439733540026
8091,24.4,31.47599983215332,70.0,0.0,5.6,6.8,5.505269349051845,28.253688544336292
8092,38.1,31.47599983215332,70.0,0.0,3.2,7.8,15.03707310805886,48.625951175641205
8093,39.5,31.47599983215332,70.0,0.0,3.3,7.7,23.095587964330655,55.666911575031456
8094,28.3,31.47599983215332,70.0,0.0,5.0,7.3,25.411969863266137,46.088378904286294
8095,23.0,31.47599983215332,70.0,0.0,7.7,6.0,23.19011234154265,39.23307863907986
8096,24.3,31.47599983215332,70.0,0.0,3.2,7.1,17.426856768071005,36.498799737649705
8097,16.4,31.47599983215332,70.0,0.0,2.2,6.6,10.947770818615975,24.063439573031182
8098,26.0,31.47599983215332,70.0,0.0,4.8,6.5,27.931587241758237,45.55211106923076
8099,29.2,31.47599983215332,70.0,0.0,6.9,7.4,17.707020585750982,41.59491441002569
8100,24.8,30.325998306274418,75.0,0.0,5.4,6.7,27.077918188417172,43.754542731892016
8101,33.1,30.325998306274418,75.0,0.0,6.6,6.0,10.36930232358482,40.358511626509376
8102,38.4,30.325998306274418,75.0,0.0,7.5,7.0,8.06163193296669,44.04314235307668
8103,26.9,30.325998306274418,75.0,0.0,4.3,8.4,20.950171640688982,41.565120148482286
8104,35.9,30.325998306274418,75.0,0.0,5.8,6.3,26.963017196551114,54.77411203758578
8105,21.2,30.325998306274418,75.0,0.0,5.9,6.9,20.603656369062442,35.62255945834371
8106,18.9,30.325998306274418,75.0,0.0,5.8,8.0,7.187235242503469,23.931064669752427
8107,23.9,30.325998306274418,75.0,0.0,3.2,6.2,14.311639096701485,33.918147367691034
8108,32.1,30.325998306274418,75.0,0.0,5.8,7.0,11.242578679724218,39.96980507580695
8109,21.7,30.325998306274418,75.0,0.0,2.7,6.7,22.634178546964193,37.543924982874934
8110,28.0,30.325998306274418,75.0,0.0,6.8,7.3,6.086190923324742,32.26033364632732
8111,39.3,30.325998306274418,75.0,0.0,3.5,7.4,23.984700859764857,56.0892906018354
8112,31.8,30.325998306274418,75.0,0.0,6.5,8.3,13.287574233931396,41.10130196375198
8113,25.5,30.325998306274418,75.0,0.0,5.3,6.1,6.0905755880551595,29.76340291163861
8114,17.1,30.325998306274418,75.0,0.0,7.2,7.3,13.739596907425751,26.717717835198027
8115,15.0,30.325998306274418,75.0,0.0,6.4,7.7,9.03381732436712,21.323672127056984
8116,16.7,30.325998306274418,75.0,0.0,4.5,7.4,10.037506790119153,23.726254753083406
8117,21.1,30.325998306274418,75.0,0.0,2.9,7.9,10.173940295856756,28.22175820709973
8118,16.8,30.325998306274418,75.0,0.0,2.5,8.2,24.50905147577022,33.95633603303915
8119,31.9,30.325998306274418,75.0,0.0,4.0,6.0,28.610904825702473,51.927633377991725
8120,26.6,30.325998306274418,75.0,0.0,2.5,7.9,17.80188349968286,39.061318449778
8121,36.5,30.325998306274418,75.0,0.0,7.2,6.6,28.124385878035035,56.18707011462452
8122,29.8,30.325998306274418,75.0,0.0,6.5,6.2,25.03178142714753,47.32224699900327
8123,19.7,30.325998306274418,75.0,0.0,6.0,7.8,25.13544485581459,37.29481139907021
8124,31.1,30.325998306274418,75.0,0.0,5.9,7.2,16.779033131150086,42.845323191805065
8125,16.7,30.325998306274418,75.0,0.0,7.8,7.9,6.790254730270046,21.45317831118903
8126,19.7,30.325998306274418,75.0,0.0,3.2,7.0,19.457299168778846,33.320109418145194
8127,26.6,30.325998306274418,75.0,0.0,4.6,7.9,10.332063977687143,33.832444784381
8128,39.5,30.325998306274418,75.0,0.0,2.7,7.1,14.119120065757475,49.38338404603023
8129,37.1,30.325998306274418,75.0,0.0,2.0,8.4,17.272361541382168,49.190653078967514
8130,18.8,30.325998306274418,75.0,0.0,2.0,7.5,13.015838849504062,27.911087194652843
8131,29.9,30.325998306274418,75.0,0.0,2.1,6.5,29.24433702348601,50.371035916440206
8132,28.4,30.325998306274418,75.0,0.0,6.2,8.3,14.048111809610429,38.233678266727296
8133,25.2,30.325998306274418,75.0,0.0,3.3,8.0,9.493353377695536,31.845347364386875
8134,23.9,30.325998306274418,75.0,0.0,3.5,6.3,29.712446344083748,44.69871244085862
8135,24.2,30.325998306274418,75.0,0.0,3.5,8.1,28.113831540661295,43.879682078462906
8136,20.5,30.325998306274418,75.0,0.0,2.4,7.2,25.414041819638847,38.28982927374719
8137,31.0,30.325998306274418,75.0,0.0,6.0,8.1,18.551180900061816,43.98582663004327
8138,19.5,30.325998306274418,75.0,0.0,6.5,7.3,21.07439956873185,34.2520796981123
8139,15.4,30.325998306274418,75.0,0.0,2.1,7.6,6.009492368842993,19.606644658190095
8140,21.0,30.325998306274418,75.0,0.0,6.5,6.5,25.044388869758716,38.531072208831105
8141,29.1,30.325998306274418,75.0,0.0,4.1,8.4,26.159948590370362,47.41196401325925
8142,21.9,30.325998306274418,75.0,0.0,6.0,6.5,25.25078357086219,39.57554849960353
8143,33.1,30.325998306274418,75.0,0.0,7.2,7.0,19.960789414089547,47.07255258986268
8144,37.3,30.325998306274418,75.0,0.0,2.5,6.0,24.94660134578811,54.76262094205167
8145,21.5,30.325998306274418,75.0,0.0,6.4,7.0,28.61293137130008,41.52905195991005
8146,27.5,30.325998306274418,75.0,0.0,4.2,7.5,5.944656923646433,31.661259846552504
8147,18.0,30.325998306274418,75.0,0.0,7.6,7.6,5.408742781921398,21.78611994734498
8148,34.8,30.325998306274418,75.0,0.0,4.8,6.9,20.499263564445414,49.149484495111786
8149,22.8,30.325998306274418,75.0,0.0,4.1,7.5,17.455431161427377,35.018801812999165
8150,35.3,30.325998306274418,75.0,0.0,4.6,6.3,9.031861718051395,41.622303202635976
8151,27.9,30.325998306274418,75.0,0.0,6.0,6.4,15.94388769556733,39.06072138689713
8152,33.4,30.325998306274418,75.0,0.0,2.1,7.3,12.144467897721103,41.90112752840477
8153,38.2,30.325998306274418,75.0,0.0,5.0,7.8,9.117326502697026,44.58212855188792
8154,34.1,30.325998306274418,75.0,0.0,6.9,6.0,26.07580643373863,52.35306450361704
8155,18.9,30.325998306274418,75.0,0.0,2.2,7.8,17.224186739850055,30.956930717895034
8156,36.9,30.325998306274418,75.0,0.0,3.4,6.1,24.714974526956194,54.20048216886933
8157,30.4,30.325998306274418,75.0,0.0,7.6,8.2,9.704728697578211,37.19331008830475
8158,24.5,30.325998306274418,75.0,0.0,5.6,7.0,8.670184133643584,30.56912889355051
8159,25.3,30.325998306274418,75.0,0.0,2.5,8.0,20.799679598041408,39.85977571862898
8160,23.9,29.325998306274418,80.0,0.0,4.7,6.8,28.250088580529553,43.67506200637068
8161,34.3,29.325998306274418,80.0,0.0,8.0,8.5,16.078147379191066,45.55470316543374
8162,19.2,29.325998306274418,80.0,0.0,7.7,6.1,5.435076597956141,23.004553618569297
8163,20.1,29.325998306274418,80.0,0.0,2.3,7.5,13.437022174841255,29.50591552238888
8164,32.7,29.325998306274418,80.0,0.0,6.5,6.5,27.91367297524033,52.239571082668235
8165,36.3,29.325998306274418,80.0,0.0,3.5,7.5,15.947625576179327,47.463337903325524
8166,18.2,29.325998306274418,80.0,0.0,6.9,8.4,5.611551781222522,22.128086246855766
8167,36.3,29.325998306274418,80.0,0.0,3.8,7.0,6.529591916339165,40.87071434143741
8168,23.0,29.325998306274418,80.0,0.0,4.6,6.2,13.773763916590257,32.64163474161318
8169,19.7,29.325998306274418,80.0,0.0,7.6,6.6,14.192536430266182,29.634775501186326
8170,34.9,29.325998306274418,80.0,0.0,5.2,6.6,28.52471476107942,54.86730033275559
8171,20.4,29.325998306274418,80.0,0.0,2.5,7.9,10.188990109553295,27.532293076687303
8172,30.5,29.325998306274418,80.0,0.0,7.3,6.7,17.008841372930668,42.40618896105147
8173,30.7,29.325998306274418,80.0,0.0,7.7,8.1,20.68739975516069,45.181179828612485
8174,33.2,29.325998306274418,80.0,0.0,7.4,6.3,11.830661588134053,41.48146311169384
8175,35.5,29.325998306274418,80.0,0.0,2.8,7.8,10.267930908581183,42.68755163600683
8176,18.6,29.325998306274418,80.0,0.0,3.4,8.4,27.81553392796551,38.07087374957585
8177,24.3,29.325998306274418,80.0,0.0,3.7,7.2,24.78855825560496,41.65199077892348
8178,17.7,29.325998306274418,80.0,0.0,6.9,6.2,16.73685108458686,29.415795759210802
8179,36.6,29.325998306274418,80.0,0.0,2.3,7.2,12.11816259058828,45.0827138134118
8180,31.5,29.325998306274418,80.0,0.0,3.2,6.6,18.009576225862343,44.10670335810364
8181,17.6,29.325998306274418,80.0,0.0,3.0,6.5,29.889660882450364,38.52276261771526
8182,22.5,29.325998306274418,80.0,0.0,4.3,8.4,7.273804826639248,27.591663378647475
8183,23.9,29.325998306274418,80.0,0.0,7.0,7.5,11.719994376543628,32.10399606358054
8184,20.9,29.325998306274418,80.0,0.0,6.9,6.3,8.981935595305883,27.187354916714117
8185,31.1,29.325998306274418,80.0,0.0,7.1,7.2,18.028807340868546,43.72016513860798
8186,15.8,29.325998306274418,80.0,0.0,5.6,6.0,10.289162064815741,23.00241344537102
8187,17.6,29.325998306274418,80.0,0.0,2.7,7.4,27.66587191176117,36.96611033823282
8188,32.4,29.325998306274418,80.0,0.0,4.1,6.3,20.332686304617333,46.63288041323213
8189,34.6,29.325998306274418,80.0,0.0,2.7,7.8,7.031890415561808,39.52232329089327
8190,22.9,29.325998306274418,80.0,0.0,2.9,7.2,26.54066130700045,41.47846291490031
8191,26.8,29.325998306274418,80.0,0.0,8.0,6.8,16.35710495490581,38.249973468434064
8192,24.5,29.325998306274418,80.0,0.0,5.7,6.6,6.972902330571258,29.38103163139988
8193,34.1,29.325998306274418,80.0,0.0,7.5,7.4,27.39277697565845,53.27494388296091
8194,38.6,29.325998306274418,80.0,0.0,5.8,6.7,13.957666967181414,48.37036687702699
8195,31.8,29.325998306274418,80.0,0.0,5.9,7.7,9.292760780690337,38.304932546483236
8196,23.9,29.325998306274418,80.0,0.0,7.4,6.0,17.70857769055027,36.29600438338519
8197,27.6,29.325998306274418,80.0,0.0,3.0,8.5,14.24542981847883,37.571800872935185
8198,15.8,29.325998306274418,80.0,0.0,7.7,6.4,8.673090053194763,21.871163037236336
8199,30.9,29.325998306274418,80.0,0.0,3.4,7.5,16.94636364134672,42.7624545489427
8200,19.0,29.325998306274418,80.0,0.0,5.1,8.1,20.31646319950508,33.221524239653554
8201,35.6,29.325998306274418,80.0,0.0,6.3,7.7,23.85396882537628,52.2977781777634
8202,22.7,29.325998306274418,80.0,0.0,2.1,7.6,27.777984181187794,42.14458892683145
8203,24.5,29.325998306274418,80.0,0.0,4.5,6.6,26.84110702608057,43.288774918256394
8204,31.4,29.325998306274418,80.0,0.0,7.1,7.1,25.25654002516208,49.07957801761346
8205,34.4,29.325998306274418,80.0,0.0,7.1,8.1,25.83097471443575,52.48168230010502
8206,17.8,29.325998306274418,80.0,0.0,4.6,7.4,18.368548424199666,30.65798389693977
8207,39.9,29.325998306274418,80.0,0.0,4.5,7.3,5.762445640377435,43.933711948264204
8208,32.4,29.325998306274418,80.0,0.0,3.4,6.1,9.927032191954225,39.34892253436796
8209,16.3,29.325998306274418,80.0,0.0,7.1,7.1,11.532221318988457,24.372554923291922
8210,26.9,29.325998306274418,80.0,0.0,7.9,7.2,14.649038983103306,37.15432728817231
8211,23.2,29.325998306274418,80.0,0.0,2.0,8.3,16.3707283852707,34.65950986968949
8212,24.2,29.325998306274418,80.0,0.0,6.1,7.5,26.0809371262961,42.45665598840726
8213,32.2,29.325998306274418,80.0,0.0,7.1,7.4,11.087713149213547,39.961399204449485
8214,22.6,29.325998306274418,80.0,0.0,4.8,6.5,15.805989471288994,33.664192629902296
8215,33.5,29.325998306274418,80.0,0.0,6.0,7.7,19.743763432194207,47.320634402535944
8216,38.8,29.325998306274418,80.0,0.0,7.0,6.9,20.783199675644244,53.34823977295097
8217,31.1,29.325998306274418,80.0,0.0,4.1,6.7,10.38456142927134,38.369193000489936
8218,23.4,29.325998306274418,80.0,0.0,6.9,7.1,23.800912605419327,40.060638823793525
8219,15.3,29.325998306274418,80.0,0.0,2.7,8.0,6.357528462325957,19.75026992362817
8220,21.3,28.775999069213867,83.0,0.0,2.2,8.4,14.057327551185997,31.1401292858302
8221,21.6,28.775999069213867,83.0,0.0,7.7,6.6,18.97547223875258,34.8828305671268
8222,23.7,28.775999069213867,83.0,0.0,7.5,8.2,22.64328604109752,39.550300228768265
8223,22.1,28.775999069213867,83.0,0.0,2.8,7.2,22.341296293565534,37.73890740549587
8224,17.3,28.775999069213867,83.0,0.0,6.6,7.9,8.45801108626307,23.220607760384148
8225,18.1,28.775999069213867,83.0,0.0,5.4,6.2,18.204011051792627,30.84280773625484
8226,20.6,28.775999069213867,83.0,0.0,7.9,6.2,20.82194661489079,35.17536263042356
8227,26.5,28.775999069213867,83.0,0.0,6.6,7.8,11.212936664313236,34.349055665019264
8228,29.1,28.775999069213867,83.0,0.0,5.9,6.9,19.37651606232557,42.663561243627896
8229,19.4,28.775999069213867,83.0,0.0,3.0,7.8,25.73387473996628,37.41371231797639
8230,29.9,28.775999069213867,83.0,0.0,3.2,7.4,15.281471335860775,40.59702993510254
8231,16.4,28.775999069213867,83.0,0.0,6.4,7.6,29.949413934800667,37.364589754360466
8232,29.6,28.775999069213867,83.0,0.0,2.3,7.4,19.740347000384098,43.418242900268865
8233,23.2,28.775999069213867,83.0,0.0,7.6,6.0,25.905790153641686,41.33405310754918
8234,29.1,28.775999069213867,83.0,0.0,2.7,7.5,25.69628066980499,47.087396468863496
8235,40.0,28.775999069213867,83.0,0.0,7.9,6.6,7.11102817818542,44.977719724729795
8236,39.1,28.775999069213867,83.0,0.0,6.2,6.3,17.267285743872552,51.18710002071079
8237,32.2,28.775999069213867,83.0,0.0,6.1,6.0,20.190693893721082,46.33348572560476
8238,33.3,28.775999069213867,83.0,0.0,3.8,6.3,9.468196881383118,39.92773781696818
8239,34.3,28.775999069213867,83.0,0.0,2.0,6.5,6.9313728719023535,39.15196101033165
8240,38.9,28.775999069213867,83.0,0.0,2.4,7.5,6.033796829243141,43.1236577804702
8241,23.0,28.775999069213867,83.0,0.0,5.5,7.5,9.143583101761557,29.40050817123309
8242,21.6,28.775999069213867,83.0,0.0,6.9,7.7,25.124720776243006,39.187304543370104
8243,22.1,28.775999069213867,83.0,0.0,5.3,6.3,16.472461843451907,33.630723290416334
8244,30.0,28.775999069213867,83.0,0.0,3.2,8.0,18.23361947264965,42.76353363085475
8245,17.8,28.775999069213867,83.0,0.0,2.9,7.4,19.46539734943997,31.425778144607982
8246,24.9,28.775999069213867,83.0,0.0,5.2,6.0,6.366310916893745,29.35641764182562
8247,34.4,28.775999069213867,83.0,0.0,6.8,7.8,19.26617457212336,47.88632220048635
8248,21.1,28.775999069213867,83.0,0.0,2.5,7.5,6.424818681044315,25.59737307673102
8249,39.5,28.775999069213867,83.0,0.0,5.3,7.8,9.5792681553536,46.20548770874752
8250,31.2,28.775999069213867,83.0,0.0,7.9,8.4,26.831008494070616,49.98170594584943
8251,23.9,28.775999069213867,83.0,0.0,2.5,7.6,22.63107500020161,39.741752500141125
8252,24.3,28.775999069213867,83.0,0.0,3.6,7.6,27.60875914162964,43.626131399140746
8253,36.3,28.775999069213867,83.0,0.0,7.0,6.3,8.853622910315524,42.49753603722086
8254,32.1,28.775999069213867,83.0,0.0,4.6,7.5,7.999504911735618,37.69965343821493
8255,38.3,28.775999069213867,83.0,0.0,8.0,6.7,9.895503317728451,45.22685232240991
8256,35.9,28.775999069213867,83.0,0.0,3.0,7.3,13.269313976067174,45.18851978324702
8257,17.2,28.775999069213867,83.0,0.0,7.3,6.4,29.711649431498657,37.998154602049055
8258,35.5,28.775999069213867,83.0,0.0,7.8,6.8,22.41725142577493,51.19207599804245
8259,29.7,28.775999069213867,83.0,0.0,5.9,6.0,9.18312672200736,36.12818870540515
8260,15.7,28.775999069213867,83.0,0.0,6.1,8.4,13.715866559023835,25.30110659131668
8261,30.5,28.775999069213867,83.0,0.0,4.7,7.6,18.746036769204935,43.622225738443454
8262,32.3,28.775999069213867,83.0,0.0,7.5,7.8,23.440628384062617,48.708439868843826
8263,31.6,28.775999069213867,83.0,0.0,6.0,6.2,22.26816664017539,47.18771664812277
8264,23.4,28.775999069213867,83.0,0.0,4.5,8.5,25.776608298011585,41.443625808608104
8265,30.4,28.775999069213867,83.0,0.0,6.0,7.9,12.670540100180641,39.26937807012645
8266,33.2,28.775999069213867,83.0,0.0,5.6,7.7,10.183876690815023,40.32871368357052
8267,25.2,28.775999069213867,83.0,0.0,5.3,6.8,26.800059820384018,43.96004187426881
8268,31.8,28.775999069213867,83.0,0.0,6.3,8.0,12.929488673467288,40.8506420714271
8269,28.5,28.775999069213867,83.0,0.0,5.4,6.9,10.395333576925687,35.77673350384798
8270,37.9,28.775999069213867,83.0,0.0,4.5,8.4,11.865604870002507,46.205923409001755
8271,38.1,28.775999069213867,83.0,0.0,7.6,6.1,24.43667970779347,55.205675795455434
8272,16.9,28.775999069213867,83.0,0.0,2.4,8.2,29.07917874163029,37.2554251191412
8273,27.7,28.775999069213867,83.0,0.0,4.6,7.4,24.171592977477722,44.6201150842344
8274,38.6,28.775999069213867,83.0,0.0,6.7,8.2,14.829929492305444,48.98095064461381
8275,15.1,28.775999069213867,83.0,0.0,5.1,6.4,24.33111724844818,32.131782073913726
8276,29.8,28.775999069213867,83.0,0.0,4.3,8.5,29.302064541338947,50.31144517893726
8277,19.0,28.775999069213867,83.0,0.0,2.9,6.2,8.92475654904251,25.247329584329755
8278,17.6,28.775999069213867,83.0,0.0,2.5,7.2,11.321535222957639,25.52507465607035
8279,33.9,28.775999069213867,83.0,0.0,2.6,6.6,20.128372780901607,47.989860946631126
8280,32.4,28.325998306274418,85.0,0.0,2.3,8.3,28.435382982151836,52.30476808750628
8281,32.6,28.325998306274418,85.0,0.0,7.9,8.0,5.0195760731868635,36.1137032512308
8282,39.1,28.325998306274418,85.0,0.0,3.5,6.8,28.9872684071717,59.39108788502019
8283,30.7,28.325998306274418,85.0,0.0,5.4,7.7,21.402300065255744,45.68161004567902
8284,30.8,28.325998306274418,85.0,0.0,4.0,7.0,12.567056788416535,39.596939751891576
8285,15.7,28.325998306274418,85.0,0.0,2.2,7.0,7.7912955956633905,21.153906916964374
8286,23.3,28.325998306274418,85.0,0.0,5.2,7.8,17.703912310100726,35.69273861707051
8287,19.7,28.325998306274418,85.0,0.0,3.4,7.7,24.864271312875093,37.10498991901257
8288,37.4,28.325998306274418,85.0,0.0,5.3,6.3,19.4810597637239,51.03674183460673
8289,30.7,28.325998306274418,85.0,0.0,6.3,7.5,29.960899450839452,51.67262961558761
8290,26.4,28.325998306274418,85.0,0.0,6.5,8.4,14.656507042241833,36.65955492956928
8291,24.2,28.325998306274418,85.0,0.0,4.9,8.4,12.691274322072777,33.08389202545094
8292,39.3,28.325998306274418,85.0,0.0,7.6,7.3,23.05402869315738,55.43782008521016
8293,29.7,28.325998306274418,85.0,0.0,7.4,6.9,15.517697597303508,40.562388318112454
8294,20.9,28.325998306274418,85.0,0.0,7.4,6.1,28.206690747429057,40.64468352320034
8295,19.2,28.325998306274418,85.0,0.0,5.3,7.8,18.38148388730459,32.067038721113214
8296,25.8,28.325998306274418,85.0,0.0,2.1,6.8,27.572563698546404,45.10079458898248
8297,31.1,28.325998306274418,85.0,0.0,7.3,6.9,14.646881844703026,41.35281729129212
8298,20.7,28.325998306274418,85.0,0.0,2.8,8.1,9.82367017457345,27.576569122201413
8299,36.1,28.325998306274418,85.0,0.0,2.9,8.5,28.49468406979718,56.04627884885802
8300,22.2,28.325998306274418,85.0,0.0,4.9,6.7,11.926082657896279,30.548257860527393
8301,37.6,28.325998306274418,85.0,0.0,6.0,6.6,14.025143469682199,47.41760042877754
8302,35.3,28.325998306274418,85.0,0.0,5.2,7.6,6.115125808319126,39.580588065823385
8303,38.2,28.325998306274418,85.0,0.0,4.5,7.9,20.525885921269825,52.56812014488888
8304,23.6,28.325998306274418,85.0,0.0,6.9,7.5,20.769473450980797,38.13863141568656
8305,24.6,28.325998306274418,85.0,0.0,6.9,8.0,11.64489844307945,32.75142891015562
8306,38.1,28.325998306274418,85.0,0.0,5.0,7.0,14.786025769624295,48.450218038737006
8307,19.6,28.325998306274418,85.0,0.0,4.3,7.8,25.855564568211125,37.69889519774779
8308,30.6,28.325998306274418,85.0,0.0,2.8,7.9,23.82207053388772,47.2754493737214
8309,19.1,28.325998306274418,85.0,0.0,2.4,7.2,5.060864127548477,22.642604889283934
8310,34.7,28.325998306274418,85.0,0.0,3.7,8.5,19.668860854130386,48.46820259789127
8311,24.6,28.325998306274418,85.0,0.0,3.2,8.0,9.276778546025824,31.093744982218077
8312,29.3,28.325998306274418,85.0,0.0,7.5,8.0,29.792521752818086,50.15476522697266
8313,38.1,28.325998306274418,85.0,0.0,5.3,7.8,20.62567453908327,52.53797217735829
8314,24.2,28.325998306274418,85.0,0.0,5.1,7.1,7.41936405259853,29.39355483681897
8315,15.1,28.325998306274418,85.0,0.0,5.0,7.0,25.579126095660513,33.005388266962356
8316,34.8,28.325998306274418,85.0,0.0,4.4,7.8,20.107276848224977,48.87509379375748
8317,24.5,28.325998306274418,85.0,0.0,7.2,7.7,6.83113699529204,29.281795896704427
8318,18.2,28.325998306274418,85.0,0.0,7.4,8.3,25.005540470290732,35.70387832920351
8319,28.2,28.325998306274418,85.0,0.0,6.7,8.4,13.016342951520722,37.311440066064506
8320,22.3,28.325998306274418,85.0,0.0,4.6,6.5,13.685536388065952,31.879875471646166
8321,23.1,28.325998306274418,85.0,0.0,6.0,6.2,5.218975591628268,26.75328291413979
8322,21.1,28.325998306274418,85.0,0.0,6.5,8.2,17.40920146064746,33.28644102245322
8323,30.8,28.325998306274418,85.0,0.0,2.5,8.0,24.943625421851014,48.260537795295704
8324,18.4,28.325998306274418,85.0,0.0,4.7,7.2,29.744751098476296,39.221325768933404
8325,37.0,28.325998306274418,85.0,0.0,7.0,8.1,12.423864016080557,45.69670481125639
8326,16.3,28.325998306274418,85.0,0.0,6.8,8.5,12.330586457610341,24.93141052032724
8327,33.0,28.325998306274418,85.0,0.0,4.9,7.2,25.528544964092774,50.86998147486494
8328,32.2,28.325998306274418,85.0,0.0,4.8,7.6,19.2698660994575,45.68890626962025
8329,28.6,28.325998306274418,85.0,0.0,6.3,6.0,29.70539986686349,49.39377990680444
8330,16.0,28.325998306274418,85.0,0.0,4.7,6.6,12.49447355598816,24.74613148919171
8331,17.5,28.325998306274418,85.0,0.0,6.4,7.4,23.18157567271425,33.72710297089998
8332,15.6,28.325998306274418,85.0,0.0,3.4,6.6,17.148341668842516,27.603839168189758
8333,27.1,28.325998306274418,85.0,0.0,4.4,8.4,21.11037607709927,41.87726325396949
8334,20.7,28.325998306274418,85.0,0.0,4.1,8.0,5.088372313354884,24.26186061934842
8335,25.2,28.325998306274418,85.0,0.0,4.8,8.2,12.211894754751302,33.74832632832591
8336,17.2,28.325998306274418,85.0,0.0,8.0,7.3,16.78414371064121,28.948900597448848
8337,30.5,28.325998306274418,85.0,0.0,4.2,7.0,25.328973065353516,48.230281145747455
8338,30.3,28.325998306274418,85.0,0.0,4.2,6.4,13.771196763954109,39.93983773476788
8339,30.6,28.325998306274418,85.0,0.0,3.1,8.1,15.598082689500876,41.518657882650615
8340,34.4,27.97599983215332,87.0,0.0,5.6,6.7,15.936631054978404,45.55564173848488
8341,29.9,27.97599983215332,87.0,0.0,6.8,6.8,10.433005873247707,37.20310411127339
8342,26.9,27.97599983215332,87.0,0.0,2.2,6.2,28.586139176404313,46.910297423483016
8343,29.1,27.97599983215332,87.0,0.0,5.5,8.3,10.20008036786495,36.240056257505465
8344,20.8,27.97599983215332,87.0,0.0,2.5,7.1,5.711295079108387,24.79790655537587
8345,17.3,27.97599983215332,87.0,0.0,2.2,7.3,29.14003400917626,37.69802380642338
8346,22.6,27.97599983215332,87.0,0.0,6.1,6.6,14.396933971866254,32.67785378030638
8347,21.1,27.97599983215332,87.0,0.0,3.0,6.2,11.031775474480177,28.822242832136126
8348,40.0,27.97599983215332,87.0,0.0,7.8,8.3,8.364331804306147,45.8550322630143
8349,39.4,27.97599983215332,87.0,0.0,7.3,6.2,11.749637140292533,47.62474599820477
8350,24.9,27.97599983215332,87.0,0.0,7.7,6.1,20.766511664503675,39.43655816515257
8351,18.7,27.97599983215332,87.0,0.0,3.4,7.6,13.354941178373156,28.048458824861207
8352,16.1,27.97599983215332,87.0,0.0,2.0,6.6,17.894097602817173,28.62586832197202
8353,16.8,27.97599983215332,87.0,0.0,6.3,7.2,15.707446978992724,27.79521288529491
8354,34.7,27.97599983215332,87.0,0.0,6.1,7.8,16.128630750101685,45.99004152507118
8355,36.0,27.97599983215332,87.0,0.0,6.3,7.8,27.642003445561286,55.349402411892896
8356,24.6,27.97599983215332,87.0,0.0,5.3,8.3,9.454918552317332,31.218442986622133
8357,37.2,27.97599983215332,87.0,0.0,4.5,6.6,6.499003604592852,41.749302523215
8358,19.6,27.97599983215332,87.0,0.0,2.6,6.8,17.428389026522016,31.799872318565413
8359,34.2,27.97599983215332,87.0,0.0,4.4,6.8,19.84671925695456,48.09270347986819
8360,28.7,27.97599983215332,87.0,0.0,2.4,8.5,10.632776764396759,36.14294373507773
8361,29.8,27.97599983215332,87.0,0.0,4.6,7.3,5.775397319438056,33.84277812360664
8362,33.7,27.97599983215332,87.0,0.0,5.0,8.2,19.436822571344656,47.30577579994126
8363,37.8,27.97599983215332,87.0,0.0,2.2,7.1,24.0605655399135,54.64239587793945
8364,17.2,27.97599983215332,87.0,0.0,5.1,7.0,16.1315457260951,28.49208200826657
8365,26.7,27.97599983215332,87.0,0.0,7.6,6.3,26.3327724864523,45.1329407405166
8366,21.7,27.97599983215332,87.0,0.0,7.0,6.1,19.461808642583968,35.32326604980878
8367,23.2,27.97599983215332,87.0,0.0,5.4,6.5,18.291183341356216,36.00382833894935
8368,25.9,27.97599983215332,87.0,0.0,7.8,7.0,6.538236624108288,30.4767656368758
8369,20.6,27.97599983215332,87.0,0.0,6.0,6.6,28.459779953678446,40.52184596757491
8370,32.9,27.97599983215332,87.0,0.0,3.7,7.0,24.466104811522218,50.026273368065546
8371,17.2,27.97599983215332,87.0,0.0,3.5,6.1,28.90943075090619,37.43660152563433
8372,37.8,27.97599983215332,87.0,0.0,5.4,7.6,10.433271730497765,45.10329021134843
8373,15.9,27.97599983215332,87.0,0.0,6.4,6.1,18.325026469848094,28.727518528893665
8374,18.3,27.97599983215332,87.0,0.0,6.0,6.6,22.142507529733454,33.79975527081342
8375,23.5,27.97599983215332,87.0,0.0,4.7,6.8,6.807357511598676,28.26515025811907
8376,37.0,27.97599983215332,87.0,0.0,4.7,6.2,6.026587658671,41.2186113610697
8377,38.3,27.97599983215332,87.0,0.0,5.3,8.4,5.562106661367998,42.1934746629576
8378,36.1,27.97599983215332,87.0,0.0,5.8,6.1,26.170987005889124,54.41969090412239
8379,17.8,27.97599983215332,87.0,0.0,6.1,8.2,8.990894092855381,24.093625864998767
8380,25.5,27.97599983215332,87.0,0.0,7.0,7.0,26.981759477819494,44.38723163447364
8381,30.9,27.97599983215332,87.0,0.0,6.6,7.3,24.566078213425865,48.0962547493981
8382,15.7,27.97599983215332,87.0,0.0,3.4,6.1,25.251669542926763,33.376168680048735
8383,29.6,27.97599983215332,87.0,0.0,7.8,7.7,15.730246182108125,40.611172327475686
8384,20.1,27.97599983215332,87.0,0.0,2.1,7.8,20.992108358916163,34.794475851241316
8385,25.1,27.97599983215332,87.0,0.0,2.6,6.2,27.270101111732128,44.18907077821249
8386,20.8,27.97599983215332,87.0,0.0,5.6,7.3,20.508960332267918,35.15627223258754
8387,29.1,27.97599983215332,87.0,0.0,7.7,6.2,27.9857074129014,48.68999518903098
8388,25.1,27.97599983215332,87.0,0.0,5.0,6.8,12.422042038043719,33.795429426630605
8389,32.0,27.97599983215332,87.0,0.0,6.9,7.4,13.980474243775644,41.78633197064295
8390,28.4,27.97599983215332,87.0,0.0,6.1,7.3,21.380096859249104,43.36606780147437
8391,37.7,27.97599983215332,87.0,0.0,6.6,8.0,16.04747224356837,48.93323057049786
8392,25.6,27.97599983215332,87.0,0.0,7.1,6.7,28.867703764984324,45.80739263548902
8393,32.8,27.97599983215332,87.0,0.0,6.2,7.6,14.80628371490481,43.164398600433366
8394,21.8,27.97599983215332,87.0,0.0,3.3,8.4,11.767296336232606,30.037107435362824
8395,18.3,27.97599983215332,87.0,0.0,7.9,6.6,27.97174781148121,37.880223468036846
8396,16.0,27.97599983215332,87.0,0.0,2.9,7.2,28.084104641739913,35.65887324921793
8397,35.9,27.97599983215332,87.0,0.0,2.8,7.7,9.330492931809893,42.43134505226692
8398,39.3,27.97599983215332,87.0,0.0,6.8,7.5,17.447253434608605,51.513077404226024
8399,21.1,27.97599983215332,87.0,0.0,7.0,8.2,27.33138870719752,40.23197209503826
8400,32.2,27.67599868774414,89.0,0.0,2.8,7.5,14.086822016894654,42.060775411826256
8401,29.8,27.67599868774414,89.0,0.0,7.9,6.0,10.476502733467214,37.13355191342705
8402,22.1,27.67599868774414,89.0,0.0,4.7,6.6,14.101840803394145,31.971288562375904
8403,18.7,27.67599868774414,89.0,0.0,6.1,7.6,22.994281096017577,34.7959967672123
8404,23.4,27.67599868774414,89.0,0.0,7.1,7.3,18.15838376542974,36.11086863580081
8405,37.9,27.67599868774414,89.0,0.0,3.1,6.3,8.261306249573774,43.68291437470164
8406,19.7,27.67599868774414,89.0,0.0,2.6,7.1,9.728885960011922,26.510220172008346
8407,35.9,27.67599868774414,89.0,0.0,3.3,7.9,19.267219582122245,49.38705370748557
8408,30.6,27.67599868774414,89.0,0.0,4.9,7.5,21.63546068016019,45.744822476112134
8409,33.3,27.67599868774414,89.0,0.0,5.0,7.0,18.51010981087724,46.25707686761406
8410,35.6,27.67599868774414,89.0,0.0,7.6,6.8,11.200351256130984,43.44024587929169
8411,35.1,27.67599868774414,89.0,0.0,5.1,7.7,18.106192278005523,47.774334594603864
8412,20.8,27.67599868774414,89.0,0.0,3.3,7.0,29.801556230628723,41.661089361440105
8413,37.1,27.67599868774414,89.0,0.0,2.4,6.6,9.78026470028087,43.94618529019661
8414,26.8,27.67599868774414,89.0,0.0,5.6,8.4,13.489642797218577,36.242749958053004
8415,35.2,27.67599868774414,89.0,0.0,3.3,6.3,24.337120844230103,52.235984590961074
8416,25.8,27.67599868774414,89.0,0.0,3.4,8.1,8.342667108570279,31.639866975999198
8417,18.7,27.67599868774414,89.0,0.0,2.5,6.3,24.719217636330235,36.003452345431164
8418,24.7,27.67599868774414,89.0,0.0,2.8,8.1,12.508728881586327,33.45611021711043
8419,22.2,27.67599868774414,89.0,0.0,6.7,7.3,29.25447471430509,42.67813230001356
8420,16.4,27.67599868774414,89.0,0.0,5.3,7.9,27.787963530597064,35.85157447141795
8421,34.9,27.67599868774414,89.0,0.0,7.5,7.5,22.32038218236579,50.52426752765605
8422,32.7,27.67599868774414,89.0,0.0,3.0,8.5,17.60719194728705,45.025034363100936
8423,31.3,27.67599868774414,89.0,0.0,6.2,6.2,14.023402852976691,41.116381997083685
8424,38.5,27.67599868774414,89.0,0.0,5.6,8.5,20.90272019724097,53.13190413806868
8425,16.6,27.67599868774414,89.0,0.0,5.3,7.7,16.546370175978055,28.18245912318464
8426,31.7,27.67599868774414,89.0,0.0,6.5,7.8,25.254030154543827,49.377821108180676
8427,38.4,27.67599868774414,89.0,0.0,4.6,8.3,21.63189550306892,53.54232685214824
8428,38.4,27.67599868774414,89.0,0.0,2.9,6.7,14.865052597152099,48.805536818006466
8429,29.6,27.67599868774414,89.0,0.0,4.5,7.3,7.600359437115193,34.92025160598064
8430,36.8,27.67599868774414,89.0,0.0,7.5,7.3,18.940787547146172,50.058551283002316
8431,29.2,27.67599868774414,89.0,0.0,2.7,6.3,9.359611850899084,35.751728295629356
8432,21.7,27.67599868774414,89.0,0.0,8.0,7.8,28.87914005547389,41.915398038831725
8433,18.6,27.67599868774414,89.0,0.0,3.8,7.2,8.573790559722262,24.601653391805584
8434,15.3,27.67599868774414,89.0,0.0,6.2,8.1,8.497888941395274,21.248522258976692
8435,27.3,27.67599868774414,89.0,0.0,5.7,6.8,20.349715963405394,41.54480117438378
8436,38.0,27.67599868774414,89.0,0.0,4.3,7.1,7.131696035297018,42.99218722470791
8437,25.3,27.67599868774414,89.0,0.0,7.1,6.9,8.103544400683822,30.972481080478676
8438,31.3,27.67599868774414,89.0,0.0,8.0,6.9,10.270829587741414,38.48958071141899
8439,16.3,27.67599868774414,89.0,0.0,4.6,6.7,16.280518740593877,27.696363118415714
8440,21.7,27.67599868774414,89.0,0.0,3.1,6.0,11.501833274096269,29.751283291867388
8441,21.2,27.67599868774414,89.0,0.0,4.1,6.7,21.06727333665735,35.94709133566015
8442,39.6,27.67599868774414,89.0,0.0,3.3,7.3,11.263101103705996,47.4841707725942
8443,31.7,27.67599868774414,89.0,0.0,3.3,8.1,24.835720929344898,49.08500465054143
8444,20.4,27.67599868774414,89.0,0.0,3.0,6.3,17.620525327687776,32.73436772938144
8445,35.2,27.67599868774414,89.0,0.0,3.1,7.9,17.088809966353637,47.16216697644755
8446,18.9,27.67599868774414,89.0,0.0,2.1,7.7,17.763771926061814,31.33464034824327
8447,32.4,27.67599868774414,89.0,0.0,5.0,8.1,13.622397839002652,41.93567848730186
8448,39.2,27.67599868774414,89.0,0.0,3.9,6.4,25.8744809417852,57.312136659249646
8449,29.7,27.67599868774414,89.0,0.0,5.9,6.1,8.594760944043209,35.71633266083025
8450,32.2,27.67599868774414,89.0,0.0,4.2,7.8,16.42590993170019,43.69813695219013
8451,39.8,27.67599868774414,89.0,0.0,5.1,8.0,13.065799569961094,48.94605969897276
8452,23.5,27.67599868774414,89.0,0.0,7.0,7.4,18.84616711340739,36.69231697938517
8453,31.7,27.67599868774414,89.0,0.0,4.6,7.4,16.613254062680745,43.32927784387652
8454,29.7,27.67599868774414,89.0,0.0,2.8,7.3,28.34159637682733,49.53911746377913
8455,39.8,27.67599868774414,89.0,0.0,6.3,7.6,16.741065057801745,51.51874554046122
8456,23.2,27.67599868774414,89.0,0.0,2.4,6.8,26.755168310589347,41.928617817412544
8457,26.1,27.67599868774414,89.0,0.0,5.1,7.7,16.221511281082343,37.45505789675764
8458,33.7,27.67599868774414,89.0,0.0,5.8,7.3,27.9877049298389,53.29139345088723
8459,17.2,27.67599868774414,89.0,0.0,3.1,7.3,12.75939771355533,26.13157839948873
8460,33.6,27.42599868774414,90.0,0.0,5.4,6.5,10.8055909778978,41.16391368452846
8461,34.4,27.42599868774414,90.0,0.0,4.1,8.3,18.81178967418449,47.56825277192914
8462,34.7,27.42599868774414,90.0,0.0,3.1,7.2,6.332739343974626,39.13291754078224
8463,27.6,27.42599868774414,90.0,0.0,5.4,7.5,9.914681802811296,34.54027726196791
8464,16.5,27.42599868774414,90.0,0.0,2.3,7.0,6.268027560565099,20.88761929239557
8465,32.1,27.42599868774414,90.0,0.0,3.8,7.6,13.629587551797202,41.64071128625804
8466,33.9,27.42599868774414,90.0,0.0,6.6,7.7,21.116231301870613,48.68136191130942
8467,30.1,27.42599868774414,90.0,0.0,3.6,7.2,17.491829757074097,42.34428082995187
8468,27.1,27.42599868774414,90.0,0.0,3.9,6.2,21.172991453207526,41.92109401724527
8469,16.0,27.42599868774414,90.0,0.0,4.7,6.3,29.522715243788756,36.66590067065213
8470,27.9,27.42599868774414,90.0,0.0,6.6,6.7,16.672307274667656,39.57061509226736
8471,35.6,27.42599868774414,90.0,0.0,6.1,6.7,9.675599240609223,42.37291946842646
8472,32.6,27.42599868774414,90.0,0.0,3.4,7.3,7.067344280258352,37.54714099618085
8473,38.3,27.42599868774414,90.0,0.0,6.7,8.2,20.550100819754068,52.68507057382784
8474,25.1,27.42599868774414,90.0,0.0,4.4,6.2,14.91574589996565,35.54102212997596
8475,26.1,27.42599868774414,90.0,0.0,5.5,6.0,22.90221490002069,42.131550430014485
8476,25.7,27.42599868774414,90.0,0.0,7.6,6.5,16.498410506868616,37.24888735480803
8477,30.3,27.42599868774414,90.0,0.0,6.5,8.3,29.429289896488662,50.900502927542064
8478,37.4,27.42599868774414,90.0,0.0,5.4,6.5,7.28669958695377,42.50068971086764
8479,22.6,27.42599868774414,90.0,0.0,4.9,6.7,10.023304153360968,29.61631290735268
8480,32.0,27.42599868774414,90.0,0.0,4.4,6.7,9.355882246998613,38.54911757289903
8481,39.4,27.42599868774414,90.0,0.0,5.5,7.4,12.0323786723602,47.822665070652135
8482,21.8,27.42599868774414,90.0,0.0,2.0,7.3,5.199296051213479,25.439507235849437
8483,25.9,27.42599868774414,90.0,0.0,3.1,6.1,7.107278961245443,30.87509527287181
8484,31.5,27.42599868774414,90.0,0.0,7.0,8.5,29.086163082814434,51.8603141579701
8485,23.3,27.42599868774414,90.0,0.0,5.2,6.3,19.502380567006032,36.95166639690422
8486,28.6,27.42599868774414,90.0,0.0,7.2,6.5,18.17930925090335,41.32551647563235
8487,19.3,27.42599868774414,90.0,0.0,6.5,8.3,26.691513794302075,37.98405965601145
8488,33.2,27.42599868774414,90.0,0.0,5.8,6.0,25.669678136580487,51.168774695606345
8489,22.2,27.42599868774414,90.0,0.0,3.6,6.4,6.308805684911124,26.616163979437786
8490,29.1,27.42599868774414,90.0,0.0,2.3,8.5,28.085949130533482,48.760164391373436
8491,33.6,27.42599868774414,90.0,0.0,3.2,8.3,7.542533732238949,38.87977361256726
8492,18.4,27.42599868774414,90.0,0.0,3.4,8.0,27.140825307582396,37.398577715307674
8493,35.9,27.42599868774414,90.0,0.0,2.5,7.5,16.30660420353643,47.314622942475495
8494,29.7,27.42599868774414,90.0,0.0,7.7,6.7,24.93538632912495,47.15477043038746
8495,23.9,27.42599868774414,90.0,0.0,3.0,6.8,28.368311232473722,43.7578178627316
8496,21.6,27.42599868774414,90.0,0.0,6.6,7.6,13.836255040625781,31.28537852843805
8497,34.4,27.42599868774414,90.0,0.0,2.5,6.7,14.307023900020273,44.41491673001419
8498,20.1,27.42599868774414,90.0,0.0,4.0,6.6,8.62543290270709,26.137803031894965
8499,16.7,27.42599868774414,90.0,0.0,4.6,6.2,25.30267192877196,34.411870350140376
8500,27.2,27.42599868774414,90.0,0.0,4.3,6.4,15.987806855527149,38.391464798869
8501,36.0,27.42599868774414,90.0,0.0,3.4,7.7,20.086821154865365,50.06077480840575
8502,29.8,27.42599868774414,90.0,0.0,2.4,6.2,29.63141436892198,50.54199005824539
8503,21.3,27.42599868774414,90.0,0.0,4.3,6.3,17.904412686673872,33.83308888067171
8504,25.9,27.42599868774414,90.0,0.0,7.1,7.1,12.057829641469077,34.34048074902835
8505,29.4,27.42599868774414,90.0,0.0,4.6,8.2,26.558556713617953,47.99098969953256
8506,27.8,27.42599868774414,90.0,0.0,6.1,8.4,16.742240083975883,39.51956805878312
8507,36.9,27.42599868774414,90.0,0.0,7.7,6.4,22.70148743584182,52.79104120508927
8508,34.7,27.42599868774414,90.0,0.0,3.8,7.0,20.58148181209893,49.107037268469256
8509,38.3,27.42599868774414,90.0,0.0,5.5,7.9,7.177097480353485,43.32396823624744
8510,22.5,27.42599868774414,90.0,0.0,4.2,6.7,6.295376105572449,26.906763273900715
8511,20.9,27.42599868774414,90.0,0.0,6.5,7.3,21.369966783570284,35.858976748499195
8512,26.0,27.42599868774414,90.0,0.0,3.3,8.5,6.2157371673904205,30.351016017173293
8513,22.1,27.42599868774414,90.0,0.0,3.0,7.6,27.864487648490403,41.60514135394328
8514,21.3,27.42599868774414,90.0,0.0,4.8,7.6,21.83959750244727,36.587718251713085
8515,23.6,27.42599868774414,90.0,0.0,6.9,7.0,19.606717561481894,37.324702293037326
8516,24.3,27.42599868774414,90.0,0.0,3.3,6.2,23.748661895335246,40.92406332673467
8517,20.3,27.42599868774414,90.0,0.0,5.3,8.5,19.989129795042015,34.29239085652941
8518,32.2,27.42599868774414,90.0,0.0,3.2,7.7,19.6846209498039,45.97923466486273
8519,36.0,27.42599868774414,90.0,0.0,5.1,6.1,7.774096306035462,41.441867414224824
8520,39.8,27.17599868774414,91.0,0.0,4.9,7.5,20.596584265060134,54.217608985542086
8521,36.7,27.17599868774414,91.0,0.0,5.7,7.4,24.82389121516796,54.076723850617576
8522,38.7,27.17599868774414,91.0,0.0,6.6,7.7,23.801267006687517,55.360886904681266
8523,26.3,27.17599868774414,91.0,0.0,7.0,8.5,9.184622783511838,32.72923594845829
8524,25.4,27.17599868774414,91.0,0.0,3.8,8.0,5.893625459373504,29.52553782156145
8525,16.8,27.17599868774414,91.0,0.0,7.3,7.3,7.517731448372448,22.062412013860715
8526,21.6,27.17599868774414,91.0,0.0,7.4,8.5,13.176282710711359,30.82339789749795
8527,34.1,27.17599868774414,91.0,0.0,2.7,7.4,6.6177050862849764,38.73239356039949
8528,21.2,27.17599868774414,91.0,0.0,6.4,6.6,21.384301652132553,36.169011156492786
8529,39.2,27.17599868774414,91.0,0.0,4.7,7.0,27.3104905899425,58.31734341295975
8530,28.8,27.17599868774414,91.0,0.0,6.6,8.2,26.27003427857759,47.18902399500431
8531,26.2,27.17599868774414,91.0,0.0,5.7,6.9,16.36321351279426,37.65424945895598
8532,29.8,27.17599868774414,91.0,0.0,5.2,7.5,26.78987491858181,48.552912443007266
8533,38.1,27.17599868774414,91.0,0.0,7.2,8.4,11.803912698539712,46.3627388889778
8534,25.2,27.17599868774414,91.0,0.0,4.6,7.7,22.821450485641947,41.17501533994936
8535,29.8,27.17599868774414,91.0,0.0,5.6,7.5,23.225048851942457,46.05753419635972
8536,24.1,27.17599868774414,91.0,0.0,3.8,8.2,6.364221270598756,28.55495488941913
8537,31.0,27.17599868774414,91.0,0.0,3.7,7.5,18.57114163060327,43.99979914142229
8538,29.0,27.17599868774414,91.0,0.0,5.7,7.4,17.043379691173328,40.93036578382133
8539,19.2,27.17599868774414,91.0,0.0,7.8,6.3,21.208596610456542,34.04601762731958
8540,32.9,27.17599868774414,91.0,0.0,5.8,7.6,23.28315859049204,49.19821101334443
8541,38.3,27.17599868774414,91.0,0.0,4.8,7.8,29.90081391994095,59.23056974395866
8542,30.4,27.17599868774414,91.0,0.0,5.7,8.2,15.978905750476054,41.585234025333236
8543,16.3,27.17599868774414,91.0,0.0,2.8,7.9,9.748936119283028,23.12425528349812
8544,26.7,27.17599868774414,91.0,0.0,6.2,6.1,26.258104196831145,45.0806729377818
8545,37.7,27.17599868774414,91.0,0.0,2.1,6.2,15.829003903181647,48.780302732227156
8546,32.8,27.17599868774414,91.0,0.0,3.4,7.5,16.255146329647125,44.17860243075299
8547,38.6,27.17599868774414,91.0,0.0,2.9,8.4,13.801718087809837,48.26120266146689
8548,34.3,27.17599868774414,91.0,0.0,6.4,7.2,23.916861174917937,51.04180282244255
8549,17.9,27.17599868774414,91.0,0.0,7.2,7.3,18.40279881727016,30.78195917208911
8550,21.6,27.17599868774414,91.0,0.0,4.2,8.3,17.749243984732555,34.02447078931279
8551,25.2,27.17599868774414,91.0,0.0,6.6,7.4,8.252979049489948,30.977085334642965
8552,30.3,27.17599868774414,91.0,0.0,6.8,8.5,12.725218383511613,39.207652868458126
8553,38.5,27.17599868774414,91.0,0.0,5.0,7.5,20.536484639452002,52.8755392476164
8554,36.2,27.17599868774414,91.0,0.0,2.3,8.1,22.888995367041687,52.22229675692918
8555,34.6,27.17599868774414,91.0,0.0,2.2,7.3,22.133789127479076,50.09365238923535
8556,19.4,27.17599868774414,91.0,0.0,5.9,8.1,14.138728975440866,29.297110282808603
8557,25.7,27.17599868774414,91.0,0.0,4.5,6.5,28.28105847855101,45.49674093498571
8558,24.5,27.17599868774414,91.0,0.0,7.0,6.4,28.89718988553846,44.728032919876924
8559,32.8,27.17599868774414,91.0,0.0,5.1,7.4,16.089061390151343,44.062342973105935
8560,33.6,27.17599868774414,91.0,0.0,6.1,7.7,16.035182769176036,44.82462793842323
8561,21.3,27.17599868774414,91.0,0.0,7.2,6.9,14.949760466198068,31.76483232633865
8562,18.4,27.17599868774414,91.0,0.0,4.7,7.5,22.298428710422808,34.008900097295964
8563,22.0,27.17599868774414,91.0,0.0,5.1,8.4,9.951731236782333,28.96621186574763
8564,19.3,27.17599868774414,91.0,0.0,5.1,6.6,20.259750889119502,33.48182562238365
8565,24.8,27.17599868774414,91.0,0.0,2.2,7.5,8.324962497994976,30.627473748596483
8566,29.5,27.17599868774414,91.0,0.0,5.7,7.2,16.289831208145912,40.90288184570214
8567,28.2,27.17599868774414,91.0,0.0,6.5,7.6,14.173051582442385,38.12113610770967
8568,35.3,27.17599868774414,91.0,0.0,2.1,7.4,8.067435135161038,40.94720459461272
8569,35.4,27.17599868774414,91.0,0.0,2.7,6.9,26.13716897272397,53.69601828090678
8570,21.2,27.17599868774414,91.0,0.0,3.8,7.1,7.518236203241828,26.46276534226928
8571,24.5,27.17599868774414,91.0,0.0,3.7,6.7,22.763867232888153,40.434707063021705
8572,29.5,27.17599868774414,91.0,0.0,7.7,7.6,9.845759791930288,36.3920318543512
8573,20.6,27.17599868774414,91.0,0.0,4.0,8.4,20.887790899140185,35.22145362939813
8574,36.4,27.17599868774414,91.0,0.0,2.3,8.5,18.264533905293167,49.18517373370521
8575,26.0,27.17599868774414,91.0,0.0,3.3,7.4,19.529176211598863,39.6704233481192
8576,26.1,27.17599868774414,91.0,0.0,6.3,8.4,11.107923016952306,33.87554611186661
8577,19.4,27.17599868774414,91.0,0.0,3.2,7.3,25.3397205444044,37.13780438108308
8578,35.8,27.17599868774414,91.0,0.0,4.6,8.5,5.625842288413486,39.738089601889435
8579,22.3,27.17599868774414,91.0,0.0,7.3,6.2,26.468568601103357,40.82799802077235
8580,28.5,26.875999450683594,92.0,0.0,7.5,7.8,14.689385677082605,38.78256997395782
8581,34.8,26.875999450683594,92.0,0.0,6.4,6.9,29.102861322346506,55.172002925642545
8582,32.1,26.875999450683594,92.0,0.0,6.4,7.1,27.241404518772853,51.16898316314099
8583,33.0,26.875999450683594,92.0,0.0,2.9,8.3,23.948314496180966,49.763820147326676
8584,19.7,26.875999450683594,92.0,0.0,3.3,8.2,11.313441331445578,27.619408932011904
8585,28.9,26.875999450683594,92.0,0.0,7.6,6.2,12.632535930353377,37.74277515124736
8586,37.8,26.875999450683594,92.0,0.0,4.8,6.5,10.922625907487683,45.445838135241374
8587,38.1,26.875999450683594,92.0,0.0,7.0,8.3,22.87870657840673,54.11509460488472
8588,35.7,26.875999450683594,92.0,0.0,6.5,7.0,18.65262566437575,48.75683796506303
8589,28.1,26.875999450683594,92.0,0.0,5.5,7.2,26.24910636669414,46.474374456685894
8590,27.3,26.875999450683594,92.0,0.0,3.6,6.0,9.486827907016677,33.94077953491168
8591,39.1,26.875999450683594,92.0,0.0,2.3,6.3,28.225715233403836,58.85800066338268
8592,35.1,26.875999450683594,92.0,0.0,2.8,6.4,7.451541776427415,40.31607924349919
8593,18.2,26.875999450683594,92.0,0.0,6.3,7.3,23.635599160554854,34.7449194123884
8594,16.2,26.875999450683594,92.0,0.0,5.0,7.0,9.501657171357447,22.851160019950214
8595,26.3,26.875999450683594,92.0,0.0,7.6,7.3,20.303046465441792,40.51213252580925
8596,35.6,26.875999450683594,92.0,0.0,5.8,8.5,25.2563322949228,53.27943260644596
8597,39.6,26.875999450683594,92.0,0.0,7.2,8.4,19.77537603220869,53.442763222546084
8598,26.9,26.875999450683594,92.0,0.0,7.9,6.4,6.352554129708378,31.346787890795863
8599,32.7,26.875999450683594,92.0,0.0,5.4,8.3,9.032915441141293,39.02304080879891
8600,34.0,26.875999450683594,92.0,0.0,5.3,7.8,27.032038012044087,52.92242660843086
8601,18.0,26.875999450683594,92.0,0.0,7.0,7.7,18.607032267838186,31.024922587486728
8602,28.7,26.875999450683594,92.0,0.0,3.0,7.8,24.980153045882314,46.18610713211762
8603,27.4,26.875999450683594,92.0,0.0,6.3,6.5,20.20025601899397,41.54017921329577
8604,27.5,26.875999450683594,92.0,0.0,6.0,6.1,11.107066733441982,35.274946713409385
8605,24.7,26.875999450683594,92.0,0.0,5.6,6.2,21.995716233858566,40.097001363701
8606,20.2,26.875999450683594,92.0,0.0,6.4,6.7,9.833954920356248,27.083768444249372
8607,21.2,26.875999450683594,92.0,0.0,4.4,6.9,17.5106563636596,33.457459454561715
8608,33.9,26.875999450683594,92.0,0.0,8.0,6.1,20.0402099749502,47.92814698246514
8609,28.6,26.875999450683594,92.0,0.0,3.7,8.0,24.761155227546954,45.93280865928287
8610,16.7,26.875999450683594,92.0,0.0,3.5,6.2,9.56616208488573,23.39631345942001
8611,36.6,26.875999450683594,92.0,0.0,7.3,7.4,24.16883780877469,53.51818646614228
8612,33.8,26.875999450683594,92.0,0.0,5.1,8.0,14.686449201494282,44.08051444104599
8613,36.9,26.875999450683594,92.0,0.0,2.2,8.4,25.89937394728939,55.02956176310257
8614,22.2,26.875999450683594,92.0,0.0,3.0,8.0,26.57480041336951,40.80236028935865
8615,28.8,26.875999450683594,92.0,0.0,7.5,6.6,16.184794879927928,40.12935641594955
8616,24.5,26.875999450683594,92.0,0.0,6.0,8.4,26.589841466659095,43.112889026661364
8617,34.4,26.875999450683594,92.0,0.0,7.2,6.8,20.9727021889141,49.08089153223987
8618,19.6,26.875999450683594,92.0,0.0,2.4,7.0,21.050615138727373,34.33543059710916
8619,37.8,26.875999450683594,92.0,0.0,3.6,8.1,14.79992672540031,48.15994870778022
8620,29.1,26.875999450683594,92.0,0.0,3.4,8.4,7.52356788366839,34.366497518567876
8621,37.1,26.875999450683594,92.0,0.0,7.8,6.5,7.548474896612979,42.383932427629084
8622,27.6,26.875999450683594,92.0,0.0,2.7,7.1,18.215911798808836,40.351138259166184
8623,16.8,26.875999450683594,92.0,0.0,6.9,6.7,18.1963327925488,29.537432954784162
8624,16.4,26.875999450683594,92.0,0.0,2.8,6.4,10.855460605658411,23.998822423960885
8625,26.4,26.875999450683594,92.0,0.0,7.9,7.7,23.802246951149954,43.06157286580496
8626,23.3,26.875999450683594,92.0,0.0,2.5,8.2,17.14290271603655,35.30003190122558
8627,34.1,26.875999450683594,92.0,0.0,5.5,7.6,25.418427292690293,51.892899104883206
8628,35.1,26.875999450683594,92.0,0.0,7.8,7.7,19.35190363611065,48.64633254527745
8629,15.7,26.875999450683594,92.0,0.0,5.7,7.0,28.648438400575362,35.75390688040275
8630,37.9,26.875999450683594,92.0,0.0,7.8,6.1,29.03309123726495,58.223163866085464
8631,21.7,26.875999450683594,92.0,0.0,5.3,7.2,20.65420237159093,36.15794166011365
8632,35.3,26.875999450683594,92.0,0.0,5.3,6.7,17.72986727982507,47.710907095877545
8633,15.5,26.875999450683594,92.0,0.0,4.4,8.0,19.495867725179657,29.14710740762576
8634,31.3,26.875999450683594,92.0,0.0,7.0,7.7,9.393045243261437,37.875131670283004
8635,25.8,26.875999450683594,92.0,0.0,8.0,8.0,6.327967224847216,30.22957705739305
8636,33.3,26.875999450683594,92.0,0.0,2.6,6.4,24.578060742209598,50.504642519546714
8637,30.4,26.875999450683594,92.0,0.0,6.2,7.8,28.412515022335757,50.288760515635026
8638,33.7,26.875999450683594,92.0,0.0,6.3,8.4,21.675723002079746,48.87300610145582
8639,39.0,26.875999450683594,92.0,0.0,4.2,6.8,23.11005908848836,55.177041361941846
8640,21.7,26.625999450683594,93.0,0.0,2.3,6.9,5.388660142652067,25.472062099856444
8641,32.6,26.625999450683594,93.0,0.0,3.4,6.3,8.423530227905875,38.49647115953411
8642,39.3,26.625999450683594,93.0,0.0,6.4,7.6,27.769402037631266,58.73858142634188
8643,15.3,26.625999450683594,93.0,0.0,5.5,6.1,29.583987357589052,36.008791150312334
8644,23.5,26.625999450683594,93.0,0.0,5.4,7.0,24.99718599198747,40.998030194391234
8645,33.1,26.625999450683594,93.0,0.0,3.3,6.9,27.03657984927489,52.02560589449242
8646,38.6,26.625999450683594,93.0,0.0,6.2,6.1,14.935905614489679,49.05513393014277
8647,33.0,26.625999450683594,93.0,0.0,4.0,6.3,23.483128810710937,49.43819016749765
8648,30.0,26.625999450683594,93.0,0.0,2.8,7.7,22.782898677604425,45.948029074323095
8649,39.9,26.625999450683594,93.0,0.0,5.1,8.2,22.50770148205567,55.65539103743897
8650,37.4,26.625999450683594,93.0,0.0,7.5,8.2,14.608646213088882,47.626052349162215
8651,20.8,26.625999450683594,93.0,0.0,4.3,7.8,15.872116508891402,31.91048155622398
8652,33.7,26.625999450683594,93.0,0.0,3.2,7.1,6.0873368953772165,37.96113582676406
8653,37.5,26.625999450683594,93.0,0.0,4.3,8.3,11.829064303408533,45.78034501238597
8654,27.3,26.625999450683594,93.0,0.0,6.0,7.9,5.0869908138997175,30.860893569729804
8655,20.1,26.625999450683594,93.0,0.0,6.1,6.8,29.62838019403825,40.839866135826774
8656,31.0,26.625999450683594,93.0,0.0,7.9,7.0,29.03406926972456,51.32384848880719
8657,26.7,26.625999450683594,93.0,0.0,6.1,6.4,22.92159084655202,42.745113592586414
8658,18.3,26.625999450683594,93.0,0.0,7.6,8.0,12.763057494050091,27.234140245835064
8659,35.5,26.625999450683594,93.0,0.0,7.7,8.2,18.7740854900644,48.64185984304508
8660,37.6,26.625999450683594,93.0,0.0,6.2,6.4,6.125868247221456,41.88810777305502
8661,23.3,26.625999450683594,93.0,0.0,2.6,6.2,28.873373351926286,43.5113613463484
8662,15.6,26.625999450683594,93.0,0.0,7.7,8.2,18.33150834477946,28.432055841345623
8663,37.1,26.625999450683594,93.0,0.0,4.3,7.0,8.666256302561614,43.16637941179313
8664,23.0,26.625999450683594,93.0,0.0,7.4,6.4,22.908167254164425,39.035717077915095
8665,15.4,26.625999450683594,93.0,0.0,6.5,6.2,29.291648509174234,35.904153956421965
8666,19.5,26.625999450683594,93.0,0.0,4.4,7.1,17.151730540754393,31.506211378528075
8667,36.1,26.625999450683594,93.0,0.0,7.5,6.1,10.089798387751976,43.16285887142639
8668,16.7,26.625999450683594,93.0,0.0,5.1,6.6,12.894459171323337,25.726121419926336
8669,33.9,26.625999450683594,93.0,0.0,4.1,8.1,13.485515546380263,43.33986088246618
8670,31.4,26.625999450683594,93.0,0.0,6.6,6.3,9.269178042443242,37.888424629710265
8671,37.6,26.625999450683594,93.0,0.0,3.6,7.3,10.40253095268427,44.88177166687899
8672,31.5,26.625999450683594,93.0,0.0,6.1,7.5,22.147940283736695,47.003558198615686
8673,32.8,26.625999450683594,93.0,0.0,6.6,8.1,17.01546436105555,44.71082505273888
8674,15.0,26.625999450683594,93.0,0.0,7.8,6.2,15.269927836333151,25.688949485433206
8675,31.2,26.625999450683594,93.0,0.0,3.7,7.0,12.652420017080395,40.056694011956274
8676,36.4,26.625999450683594,93.0,0.0,4.9,8.4,18.436964760749643,49.30587533252475
8677,15.6,26.625999450683594,93.0,0.0,2.5,6.9,17.02921689944716,27.52045182961301
8678,26.5,26.625999450683594,93.0,0.0,5.1,7.5,25.116445670546717,44.0815119693827
8679,32.4,26.625999450683594,93.0,0.0,7.9,7.9,10.566941693048866,39.7968591851342
8680,17.1,26.625999450683594,93.0,0.0,5.9,6.8,17.093690231349797,29.065583161944858
8681,17.9,26.625999450683594,93.0,0.0,2.7,6.2,27.98114992048732,37.48680494434112
8682,38.3,26.625999450683594,93.0,0.0,7.2,8.3,12.173407542067693,46.821385279447384
8683,20.7,26.625999450683594,93.0,0.0,6.2,7.6,14.437875772634497,30.806513040844145
8684,32.9,26.625999450683594,93.0,0.0,6.0,6.2,24.626114330174037,50.13828003112182
8685,29.8,26.625999450683594,93.0,0.0,3.4,6.3,29.87200681567763,50.710404770974336
8686,29.1,26.625999450683594,93.0,0.0,7.5,6.1,11.580495274393819,37.20634669207568
8687,35.1,26.625999450683594,93.0,0.0,4.6,6.8,27.790626288397096,54.55343840187797
8688,31.6,26.625999450683594,93.0,0.0,2.5,6.8,7.8851338219270275,37.11959367534892
8689,29.1,26.625999450683594,93.0,0.0,6.7,8.1,29.893083760484597,50.02515863233921
8690,33.9,26.625999450683594,93.0,0.0,2.4,6.5,17.960731558632524,46.472512091042766
8691,38.5,26.625999450683594,93.0,0.0,3.1,7.5,24.243843482454455,55.47069043771812
8692,31.4,26.625999450683594,93.0,0.0,5.4,6.4,17.82995183429447,43.88096628400613
8693,32.9,26.625999450683594,93.0,0.0,4.5,7.4,9.409724391377553,39.486807073964286
8694,30.3,26.625999450683594,93.0,0.0,4.5,6.3,8.345008748346418,36.14150612384249
8695,26.4,26.625999450683594,93.0,0.0,3.4,7.8,11.782561233758102,34.64779286363067
8696,38.5,26.625999450683594,93.0,0.0,7.0,7.5,9.98920424164701,45.492442969152904
8697,20.1,26.625999450683594,93.0,0.0,7.6,6.4,29.013332384750264,40.40933266932518
8698,15.1,26.625999450683594,93.0,0.0,7.4,6.9,14.428418877730389,25.19989321441127
8699,19.5,26.625999450683594,93.0,0.0,4.7,8.4,22.126699656172946,34.98868975932106
8700,39.9,26.375999450683594,94.0,0.0,3.8,7.1,6.389850112453828,44.372895078717676
8701,27.6,26.375999450683594,94.0,0.0,4.1,7.5,17.167338221372283,39.6171367549606
8702,20.9,26.375999450683594,94.0,0.0,2.6,7.2,13.671740514449466,30.47021836011462
8703,25.4,26.375999450683594,94.0,0.0,7.7,6.9,27.594429767458323,44.71610083722082
8704,38.1,26.375999450683594,94.0,0.0,3.5,8.0,11.811116468027961,46.36778152761957
8705,23.3,26.375999450683594,94.0,0.0,7.6,7.6,8.41239879497926,29.188679156485485
8706,30.0,26.375999450683594,94.0,0.0,7.1,8.0,11.628941693652692,38.140259185556886
8707,21.4,26.375999450683594,94.0,0.0,6.1,6.3,6.717600565881716,26.1023203961172
8708,37.6,26.375999450683594,94.0,0.0,5.5,7.5,9.398720876606287,44.1791046136244
8709,26.4,26.375999450683594,94.0,0.0,2.8,8.5,22.801707867538564,42.36119550727699
8710,38.7,26.375999450683594,94.0,0.0,4.9,8.4,5.916808241036035,42.841765768725224
8711,16.5,26.375999450683594,94.0,0.0,6.3,6.9,5.443527089660445,20.31046896276231
8712,24.2,26.375999450683594,94.0,0.0,3.6,8.4,7.6776177842632425,29.57433244898427
8713,31.8,26.375999450683594,94.0,0.0,5.3,6.5,24.900638371494807,49.230446860046364
8714,30.7,26.375999450683594,94.0,0.0,7.6,7.3,18.45929417580919,43.62150592306644
8715,21.9,26.375999450683594,94.0,0.0,7.9,6.3,16.878032904249494,33.71462303297464
8716,27.7,26.375999450683594,94.0,0.0,4.2,7.7,12.116280485315684,36.181396339720976
8717,30.9,26.375999450683594,94.0,0.0,5.2,7.9,14.662718070730952,41.16390264951166
8718,29.4,26.375999450683594,94.0,0.0,7.1,7.9,16.529481331665913,40.97063693216614
8719,33.3,26.375999450683594,94.0,0.0,7.1,8.3,26.071659058724602,51.55016134110721
8720,24.9,26.375999450683594,94.0,0.0,4.0,7.3,12.858908511441742,33.90123595800922
8721,24.1,26.375999450683594,94.0,0.0,6.8,7.8,6.24377903026093,28.47064532118265
8722,17.2,26.375999450683594,94.0,0.0,2.6,7.1,21.08699040197196,31.960893281380372
8723,26.0,26.375999450683594,94.0,0.0,7.7,6.1,26.58409145010216,44.60886401507151
8724,33.2,26.375999450683594,94.0,0.0,2.3,7.5,22.946318244424333,49.262422771097036
8725,38.4,26.375999450683594,94.0,0.0,7.7,7.0,20.682701403686043,52.877890982580226
8726,32.6,26.375999450683594,94.0,0.0,6.7,8.2,29.125646789046453,52.98795275233252
8727,19.4,26.375999450683594,94.0,0.0,7.3,7.9,28.54732125374939,39.38312487762457
8728,39.3,26.375999450683594,94.0,0.0,5.5,7.5,28.362613527902578,59.1538294695318
8729,38.5,26.375999450683594,94.0,0.0,4.7,7.0,6.992540375366216,43.394778262756354
8730,37.3,26.375999450683594,94.0,0.0,7.3,6.4,10.768350509792095,44.837845356854466
8731,38.4,26.375999450683594,94.0,0.0,2.6,6.9,24.90440688199055,55.833084817393384
8732,30.8,26.375999450683594,94.0,0.0,2.5,7.5,28.301624468731006,50.61113712811171
8733,25.7,26.375999450683594,94.0,0.0,3.8,6.6,22.63018498549325,41.541129489845275
8734,24.8,26.375999450683594,94.0,0.0,4.6,7.1,22.16240119165861,40.313680834161026
8735,21.7,26.375999450683594,94.0,0.0,5.4,6.0,10.28071061796571,28.896497432575995
8736,20.7,26.375999450683594,94.0,0.0,7.7,7.1,8.27342456418397,26.491397194928776
8737,36.7,26.375999450683594,94.0,0.0,3.5,7.6,21.700812104627865,51.890568473239504
8738,23.5,26.375999450683594,94.0,0.0,3.0,6.7,21.909875978080724,38.83691318465651
8739,38.7,26.375999450683594,94.0,0.0,6.3,6.1,12.219230944077061,47.253461660853944
8740,25.1,26.375999450683594,94.0,0.0,2.1,8.1,18.051096573655204,37.73576760155864
8741,39.3,26.375999450683594,94.0,0.0,7.7,7.5,17.050140019065797,51.235098013346054
8742,27.5,26.375999450683594,94.0,0.0,3.8,6.5,20.689955485556204,41.98296883988934
8743,25.0,26.375999450683594,94.0,0.0,4.3,7.6,10.637873548088379,32.446511483661865
8744,21.4,26.375999450683594,94.0,0.0,5.5,6.2,13.656746976951146,30.9597228838658
8745,38.1,26.375999450683594,94.0,0.0,5.8,8.4,23.067079328523008,54.2469555299661
8746,19.1,26.375999450683594,94.0,0.0,3.7,6.9,26.6692913926849,37.76850397487943
8747,24.2,26.375999450683594,94.0,0.0,2.8,6.8,11.943765283711983,32.56063569859839
8748,31.7,26.375999450683594,94.0,0.0,3.5,6.9,12.759024004349566,40.6313168030447
8749,30.1,26.375999450683594,94.0,0.0,8.0,6.3,13.301242976264783,39.41087008338535
8750,19.2,26.375999450683594,94.0,0.0,7.4,6.2,17.54726225047215,31.483083575330504
8751,32.7,26.375999450683594,94.0,0.0,7.5,8.0,17.592388019551517,45.01467161368606
8752,30.5,26.375999450683594,94.0,0.0,7.5,7.8,26.580181400592373,49.10612698041466
8753,32.2,26.375999450683594,94.0,0.0,4.9,7.8,16.580079552658038,43.80605568686063
8754,31.2,26.375999450683594,94.0,0.0,4.9,7.1,28.115942257040295,50.88115957992821
8755,29.9,26.375999450683594,94.0,0.0,7.6,6.9,29.531721498211905,50.57220504874833
8756,35.2,26.375999450683594,94.0,0.0,3.6,7.5,27.714163608514877,54.599914525960415
8757,32.1,26.375999450683594,94.0,0.0,7.7,7.9,19.676603906929387,45.87362273485057
8758,35.8,26.375999450683594,94.0,0.0,5.8,8.3,11.90231672272231,44.131621705905616
8759,35.9,26.375999450683594,94.0,0.0,3.1,8.3,25.922575859023492,54.04580310131644
8760,26.9,26.22599983215332,94.0,0.0,3.3,7.0,17.433595183740174,39.103516628618124
8761,39.3,26.22599983215332,94.0,0.0,5.8,6.6,27.920922147251286,58.844645503075895
8762,30.2,26.22599983215332,94.0,0.0,7.0,7.9,22.799485099878957,46.15963956991527
8763,19.4,26.22599983215332,94.0,0.0,4.9,6.8,5.029816970811808,22.920871879568264
8764,24.1,26.22599983215332,94.0,0.0,5.0,7.8,10.006492361276266,31.104544652893388
8765,36.3,26.22599983215332,94.0,0.0,4.9,8.4,5.82958884699896,40.38071219289927
8766,22.0,26.22599983215332,94.0,0.0,4.4,8.4,15.259087886465611,32.681361520525925
8767,15.6,26.22599983215332,94.0,0.0,5.8,6.8,21.00699105463428,30.304893738243997
8768,35.3,26.22599983215332,94.0,0.0,3.8,6.4,15.514327202246507,46.16002904157255
8769,19.7,26.22599983215332,94.0,0.0,4.6,6.1,19.514698028946754,33.36028862026272
8770,16.2,26.22599983215332,94.0,0.0,7.1,8.1,12.148095388231354,24.703666771761945
8771,26.6,26.22599983215332,94.0,0.0,6.6,6.1,6.923449687931083,31.44641478155176
8772,27.3,26.22599983215332,94.0,0.0,5.2,8.3,27.512980726475913,46.55908650853314
8773,22.0,26.22599983215332,94.0,0.0,6.3,7.0,7.79911843552087,27.459382904864608
8774,16.2,26.22599983215332,94.0,0.0,5.8,7.0,15.03418896417042,26.723932274919292
8775,20.9,26.22599983215332,94.0,0.0,4.3,6.4,22.404882539495077,36.58341777764655
8776,37.4,26.22599983215332,94.0,0.0,6.7,7.7,27.068014877217028,56.347610414051914
8777,30.9,26.22599983215332,94.0,0.0,4.3,6.3,11.244164612806482,38.77091522896453
8778,31.2,26.22599983215332,94.0,0.0,6.9,7.8,25.919885264266576,49.3439196849866
8779,27.5,26.22599983215332,94.0,0.0,7.1,7.7,20.099768311265265,41.569837817885684
8780,39.7,26.22599983215332,94.0,0.0,5.3,7.8,9.831256155545358,46.58187930888175
8781,25.4,26.22599983215332,94.0,0.0,3.7,7.2,9.654905038536434,32.1584335269755
8782,31.7,26.22599983215332,94.0,0.0,7.7,6.3,7.678667934196078,37.07506755393725
8783,17.6,26.22599983215332,94.0,0.0,2.4,8.0,24.97299013194747,35.08109309236323
8784,18.1,26.22599983215332,94.0,0.0,2.8,6.1,11.793210652242335,26.355247456569636
8785,23.1,26.22599983215332,94.0,0.0,4.9,6.4,10.357598984807735,30.350319289365416
8786,26.3,26.22599983215332,94.0,0.0,2.5,7.2,8.950818607459134,32.5655730252214
8787,19.2,26.22599983215332,94.0,0.0,4.8,8.2,7.69829075795554,24.588803530568878
8788,39.1,26.22599983215332,94.0,0.0,6.6,7.8,17.970150833440066,51.679105583408045
8789,39.9,26.22599983215332,94.0,0.0,3.5,7.4,9.600982424209787,46.62068769694685
8790,26.2,26.22599983215332,94.0,0.0,3.8,7.4,21.654461937244257,41.358123356070976
8791,28.3,26.22599983215332,94.0,0.0,4.9,7.3,6.482789231040443,32.83795246172831
8792,38.9,26.22599983215332,94.0,0.0,3.1,7.9,9.58491185290399,45.60943829703279
8793,22.0,26.22599983215332,94.0,0.0,3.7,7.8,19.21091466229833,35.44764026360883
8794,24.8,26.22599983215332,94.0,0.0,3.7,6.3,6.401115147871929,29.28078060351035
8795,16.7,26.22599983215332,94.0,0.0,4.6,6.7,29.72970451187061,37.510793158309426
8796,17.9,26.22599983215332,94.0,0.0,7.0,6.1,7.217006984469233,22.95190488912846
8797,30.9,26.22599983215332,94.0,0.0,4.3,6.1,25.942538718498913,49.05977710294924
8798,30.7,26.22599983215332,94.0,0.0,2.4,6.0,27.988897119906422,50.292227983934495
8799,17.4,26.22599983215332,94.0,0.0,6.6,6.4,25.9617738945078,35.57324172615546
8800,31.2,26.22599983215332,94.0,0.0,3.7,8.4,28.32976154966488,51.03083308476542
8801,32.6,26.22599983215332,94.0,0.0,3.5,7.1,22.38784206841157,48.2714894478881
8802,25.3,26.22599983215332,94.0,0.0,4.9,7.1,22.124321715148685,40.78702520060408
8803,29.0,26.22599983215332,94.0,0.0,2.1,8.3,24.88926212634031,46.42248348843822
8804,29.1,26.22599983215332,94.0,0.0,5.9,7.0,15.755165945758643,40.12861616203105
8805,23.9,26.22599983215332,94.0,0.0,2.4,8.0,25.316816954253145,41.6217718679772
8806,32.0,26.22599983215332,94.0,0.0,4.3,6.4,5.623400798608379,35.936380559025864
8807,36.2,26.22599983215332,94.0,0.0,7.1,8.1,10.359455655808755,43.45161895906613
8808,32.8,26.22599983215332,94.0,0.0,3.6,7.6,23.989081805939296,49.5923572641575
8809,37.7,26.22599983215332,94.0,0.0,3.5,6.1,14.874336844962789,48.11203579147396
8810,23.2,26.22599983215332,94.0,0.0,4.1,6.5,15.997068379362307,34.39794786555361
8811,31.5,26.22599983215332,94.0,0.0,4.9,7.5,10.75959622830991,39.03171735981694
8812,19.3,26.22599983215332,94.0,0.0,3.0,6.5,7.144289405015307,24.301002583510716
8813,37.6,26.22599983215332,94.0,0.0,3.6,8.5,9.395289627634499,44.17670273934415
8814,31.0,26.22599983215332,94.0,0.0,4.3,7.6,5.747197024174725,35.023037916922306
8815,35.4,26.22599983215332,94.0,0.0,4.4,7.7,13.138799488773163,44.597159642141214
8816,16.1,26.22599983215332,94.0,0.0,5.7,7.2,17.887481088803252,28.621236762162276
8817,31.7,26.22599983215332,94.0,0.0,6.1,8.0,24.011362041756154,48.5079534292293
8818,28.4,26.22599983215332,94.0,0.0,4.8,8.3,29.222030967419563,48.85542167719369
8819,26.2,26.22599983215332,94.0,0.0,2.9,7.5,8.663121853350981,32.26418529734568
8820,25.0,26.075998306274418,94.0,0.0,3.4,6.1,13.021351860617019,34.11494630243191
8821,23.4,26.075998306274418,94.0,0.0,6.7,6.6,7.542734751666758,28.67991432616673
8822,18.5,26.075998306274418,94.0,0.0,5.9,7.0,11.561866003144884,26.59330620220142
8823,34.4,26.075998306274418,94.0,0.0,7.4,7.5,11.492610333888205,42.44482723372174
8824,19.9,26.075998306274418,94.0,0.0,5.9,7.7,12.738244012909295,28.816770809036505
8825,21.7,26.075998306274418,94.0,0.0,6.7,7.3,22.16568419094062,37.215978933658434
8826,37.6,26.075998306274418,94.0,0.0,3.2,6.8,13.951975947187835,47.366383163031486
8827,28.2,26.075998306274418,94.0,0.0,7.4,6.8,17.951231205472084,40.76586184383046
8828,28.5,26.075998306274418,94.0,0.0,7.9,7.6,15.096694396619768,39.06768607763384
8829,26.0,26.075998306274418,94.0,0.0,4.1,6.1,18.938396667550204,39.25687766728514
8830,32.0,26.075998306274418,94.0,0.0,5.9,6.3,23.53347625452839,48.47343337816987
8831,37.7,26.075998306274418,94.0,0.0,3.1,7.4,28.601674914770356,57.72117244033925
8832,31.2,26.075998306274418,94.0,0.0,3.5,7.1,21.314852972779775,46.12039708094584
8833,34.4,26.075998306274418,94.0,0.0,5.0,6.7,23.124127568272755,50.586889297790925
8834,21.3,26.075998306274418,94.0,0.0,7.4,6.9,19.913891686525616,35.23972418056793
8835,29.7,26.075998306274418,94.0,0.0,3.7,7.4,8.437969245658392,35.60657847196087
8836,39.9,26.075998306274418,94.0,0.0,3.8,7.1,7.171856199375169,44.92029933956262
8837,34.2,26.075998306274418,94.0,0.0,4.1,6.6,13.208930493926713,43.4462513457487
8838,39.0,26.075998306274418,94.0,0.0,7.0,8.2,7.188376630224855,44.0318636411574
8839,33.3,26.075998306274418,94.0,0.0,2.7,8.4,9.012499976443888,39.60874998351072
8840,33.5,26.075998306274418,94.0,0.0,6.4,7.6,24.441178327683065,50.60882482937814
8841,36.0,26.075998306274418,94.0,0.0,5.1,6.2,28.505714463225683,55.95400012425797
8842,21.2,26.075998306274418,94.0,0.0,3.4,8.0,21.744822950964984,36.42137606567549
8843,31.9,26.075998306274418,94.0,0.0,7.0,6.2,12.635728544976686,40.745009981483676
8844,23.0,26.075998306274418,94.0,0.0,3.5,6.6,8.48196007867971,28.937372055075798
8845,20.9,26.075998306274418,94.0,0.0,6.5,7.6,19.013006179122385,34.20910432538567
8846,22.1,26.075998306274418,94.0,0.0,6.6,6.7,25.019072671365485,39.61335086995584
8847,28.0,26.075998306274418,94.0,0.0,6.4,6.0,26.203682207510496,46.34257754525734
8848,33.2,26.075998306274418,94.0,0.0,7.3,6.4,25.532407007749978,51.072684905424985
8849,16.6,26.075998306274418,94.0,0.0,5.5,7.0,18.937845799511603,29.856492059658123
8850,25.1,26.075998306274418,94.0,0.0,3.3,7.1,23.506258493536627,41.55438094547564
8851,39.5,26.075998306274418,94.0,0.0,2.5,8.1,14.635984884912052,49.74518941943843
8852,26.1,26.075998306274418,94.0,0.0,4.8,7.3,24.04777920231088,42.93344544161762
8853,30.2,26.075998306274418,94.0,0.0,6.1,6.1,10.887207941702197,37.82104555919154
8854,29.3,26.075998306274418,94.0,0.0,3.3,7.0,8.869835150875641,35.50888460561295
8855,22.8,26.075998306274418,94.0,0.0,2.8,7.6,21.666635007147285,37.9666445050031
8856,29.8,26.075998306274418,94.0,0.0,5.8,7.6,7.853227059425173,35.29725894159762
8857,21.5,26.075998306274418,94.0,0.0,7.8,8.3,8.169490028578778,27.218643020005146
8858,21.0,26.075998306274418,94.0,0.0,5.3,8.1,20.36662109785088,35.256634768495616
8859,36.6,26.075998306274418,94.0,0.0,5.8,6.5,21.624700501657497,51.73729035116025
8860,26.8,26.075998306274418,94.0,0.0,3.7,7.7,25.280574163103932,44.49640191417275
8861,17.8,26.075998306274418,94.0,0.0,3.2,7.1,21.626735904650406,32.938715133255286
8862,28.1,26.075998306274418,94.0,0.0,5.7,6.8,13.135047681696026,37.29453337718722
8863,35.3,26.075998306274418,94.0,0.0,2.7,6.8,24.203364776598725,52.2423553436191
8864,23.7,26.075998306274418,94.0,0.0,4.6,7.1,20.250606385346288,37.8754244697424
8865,19.6,26.075998306274418,94.0,0.0,7.9,7.5,26.197167108856352,37.93801697619945
8866,27.6,26.075998306274418,94.0,0.0,6.8,7.5,28.751150457272306,47.725805320090615
8867,28.5,26.075998306274418,94.0,0.0,5.4,7.0,25.907195429828928,46.63503680088024
8868,35.0,26.075998306274418,94.0,0.0,3.6,7.5,16.404739510321814,46.48331765722527
8869,38.3,26.075998306274418,94.0,0.0,2.4,7.3,12.495311710507691,47.04671819735538
8870,23.7,26.075998306274418,94.0,0.0,4.3,7.5,7.412597152471404,28.88881800672998
8871,19.3,26.075998306274418,94.0,0.0,6.6,6.3,10.496346123517062,26.647442286461946
8872,19.4,26.075998306274418,94.0,0.0,7.0,8.3,21.364589974671635,34.355212982270146
8873,15.6,26.075998306274418,94.0,0.0,5.3,8.4,22.40443107234821,31.283101750643745
8874,33.2,26.075998306274418,94.0,0.0,3.4,6.5,26.801003907073067,51.96070273495115
8875,34.0,26.075998306274418,94.0,0.0,4.4,7.2,20.909477477597413,48.63663423431819
8876,22.1,26.075998306274418,94.0,0.0,4.7,7.7,20.089757116086275,36.162829981260394
8877,38.5,26.075998306274418,94.0,0.0,3.8,8.4,13.476035574317592,47.93322490202232
8878,15.4,26.075998306274418,94.0,0.0,3.3,7.3,13.717457613083107,25.002220329158177
8879,32.9,26.075998306274418,94.0,0.0,6.9,6.2,19.920221332418276,46.84415493269279
8880,22.1,26.125999450683594,94.0,0.0,2.6,7.1,7.688119139795658,27.481683397856962
8881,26.5,26.125999450683594,94.0,0.0,6.0,8.1,6.234578839596673,30.864205187717673
8882,32.2,26.125999450683594,94.0,0.0,5.2,7.3,17.71598098142894,44.601186687000265
8883,37.3,26.125999450683594,94.0,0.0,4.2,7.1,5.349306178600747,41.04451432502052
8884,31.6,26.125999450683594,94.0,0.0,3.9,7.2,22.567213997267057,47.39704979808694
8885,23.4,26.125999450683594,94.0,0.0,2.7,7.3,9.735175047619306,30.21462253333351
8886,32.0,26.125999450683594,94.0,0.0,5.1,6.4,23.744353557016105,48.62104748991128
8887,15.3,26.125999450683594,94.0,0.0,3.3,7.9,17.014780415796025,27.210346291057217
8888,29.5,26.125999450683594,94.0,0.0,2.9,8.0,17.6405709910809,41.84839969375663
8889,32.1,26.125999450683594,94.0,0.0,3.4,6.6,16.969775045792012,43.97884253205441
8890,37.4,26.125999450683594,94.0,0.0,4.6,6.7,24.499501636081447,54.54965114525701
8891,23.3,26.125999450683594,94.0,0.0,5.7,6.0,21.59693496273424,38.41785447391397
8892,28.6,26.125999450683594,94.0,0.0,7.7,7.1,25.800014388165135,46.66001007171559
8893,15.2,26.125999450683594,94.0,0.0,6.0,7.2,5.606223055898958,19.12435613912927
8894,15.1,26.125999450683594,94.0,0.0,5.2,8.2,19.016990863301373,28.41189360431096
8895,21.8,26.125999450683594,94.0,0.0,6.2,6.6,27.75282148446233,41.22697503912363
8896,36.2,26.125999450683594,94.0,0.0,3.3,6.5,26.203222697405124,54.54225588818359
8897,39.5,26.125999450683594,94.0,0.0,7.6,6.6,27.52891864010391,58.770243048072736
8898,35.8,26.125999450683594,94.0,0.0,5.5,6.3,23.97634740067536,52.58344318047275
8899,33.4,26.125999450683594,94.0,0.0,5.7,7.8,11.66224040668477,41.563568284679334
8900,15.9,26.125999450683594,94.0,0.0,3.3,6.8,14.478176878000403,26.034723814600284
8901,37.0,26.125999450683594,94.0,0.0,2.7,6.4,10.786548866025266,44.550584206217685
8902,31.0,26.125999450683594,94.0,0.0,7.4,8.5,16.243563342308548,42.37049433961598
8903,21.9,26.125999450683594,94.0,0.0,4.2,6.7,5.414090029713857,25.6898630207997
8904,33.6,26.125999450683594,94.0,0.0,2.6,6.3,19.389701214035522,47.172790849824864
8905,24.2,26.125999450683594,94.0,0.0,4.1,7.2,20.43028768962515,38.501201382737605
8906,32.2,26.125999450683594,94.0,0.0,7.5,8.1,15.323095297092493,42.92616670796475
8907,33.9,26.125999450683594,94.0,0.0,3.3,7.2,17.348977071766406,46.04428395023648
8908,37.0,26.125999450683594,94.0,0.0,3.1,7.3,8.480925857422918,42.93664810019604
8909,31.8,26.125999450683594,94.0,0.0,4.3,8.0,27.487512821356496,51.04125897494954
8910,33.5,26.125999450683594,94.0,0.0,5.3,7.5,9.683281374948319,40.27829696246382
8911,31.9,26.125999450683594,94.0,0.0,4.4,7.0,10.882393828878529,39.51767568021497
8912,34.2,26.125999450683594,94.0,0.0,3.3,6.7,23.769489173481695,50.838642421437186
8913,28.5,26.125999450683594,94.0,0.0,5.3,8.4,13.950762030480188,38.26553342133613
8914,32.9,26.125999450683594,94.0,0.0,4.6,8.3,21.85041180483041,48.195288263381286
8915,26.6,26.125999450683594,94.0,0.0,3.9,6.7,10.807972781187214,34.16558094683105
8916,39.5,26.125999450683594,94.0,0.0,7.4,6.6,17.651573627605583,51.85610153932391
8917,16.8,26.125999450683594,94.0,0.0,4.7,7.9,23.549513595437144,33.284659516806
8918,33.2,26.125999450683594,94.0,0.0,2.5,6.4,13.221289690063676,42.454902783044574
8919,26.6,26.125999450683594,94.0,0.0,5.5,8.2,21.28172712753844,41.497208989276906
8920,16.1,26.125999450683594,94.0,0.0,8.0,6.0,17.71147509864716,28.498032569053013
8921,37.3,26.125999450683594,94.0,0.0,5.7,6.5,6.866456147356183,42.10651930314933
8922,16.6,26.125999450683594,94.0,0.0,5.3,7.8,16.901854496727562,28.431298147709292
8923,31.4,26.125999450683594,94.0,0.0,2.3,7.4,12.584560287742029,40.20919220141942
8924,31.5,26.125999450683594,94.0,0.0,7.7,6.1,27.330046629969484,50.63103264097864
8925,33.5,26.125999450683594,94.0,0.0,4.2,6.5,26.24792279994826,51.87354595996378
8926,38.9,26.125999450683594,94.0,0.0,7.7,8.0,6.336181498697417,43.33532704908819
8927,16.2,26.125999450683594,94.0,0.0,5.0,6.6,10.520953753820336,23.564667627674233
8928,27.6,26.125999450683594,94.0,0.0,7.6,7.1,17.07245385087647,39.55071769561353
8929,24.6,26.125999450683594,94.0,0.0,6.7,7.9,13.909205214257602,34.336443649980325
8930,34.6,26.125999450683594,94.0,0.0,6.4,7.0,24.39489240151594,51.67642468106116
8931,31.1,26.125999450683594,94.0,0.0,4.9,6.9,16.44752637942031,42.61326846559422
8932,23.8,26.125999450683594,94.0,0.0,2.2,6.3,19.574030479329906,37.501821335530934
8933,24.4,26.125999450683594,94.0,0.0,3.1,7.8,15.8140760181462,35.46985321270234
8934,39.3,26.125999450683594,94.0,0.0,4.2,6.4,17.954310900878106,51.86801763061467
8935,38.8,26.125999450683594,94.0,0.0,7.3,8.0,5.260627733672816,42.482439413570965
8936,17.8,26.125999450683594,94.0,0.0,4.9,7.6,26.14342436928669,36.10039705850068
8937,15.0,26.125999450683594,94.0,0.0,2.1,7.5,24.88597859136936,32.420185013958545
8938,25.8,26.125999450683594,94.0,0.0,4.3,7.5,24.45141495388663,42.91599046772064
8939,16.8,26.125999450683594,94.0,0.0,6.6,8.0,28.281939978210634,36.59735798474745
8940,27.1,26.325998306274418,93.0,0.0,7.4,7.6,19.120139408284444,40.48409758579911
8941,31.9,26.325998306274418,93.0,0.0,3.2,7.6,13.640132080800067,41.44809245656005
8942,30.6,26.325998306274418,93.0,0.0,7.0,6.6,6.078646879722889,34.855052815806026
8943,39.9,26.325998306274418,93.0,0.0,2.4,6.7,13.604467733469892,49.42312741342892
8944,16.3,26.325998306274418,93.0,0.0,5.9,7.4,12.072622841644883,24.75083598915142
8945,15.5,26.325998306274418,93.0,0.0,6.9,6.4,8.868667436898324,21.708067205828826
8946,26.6,26.325998306274418,93.0,0.0,6.9,8.2,27.7366467336678,46.01565271356746
8947,35.0,26.325998306274418,93.0,0.0,7.2,6.1,18.85417633260979,48.197923432826855
8948,22.4,26.325998306274418,93.0,0.0,2.3,8.1,29.250899436505076,42.875629605553556
8949,16.7,26.325998306274418,93.0,0.0,4.0,6.9,10.559545080355303,24.09168155624871
8950,23.4,26.325998306274418,93.0,0.0,3.8,6.3,16.67957570730212,35.075702995111484
8951,30.0,26.325998306274418,93.0,0.0,4.3,7.5,27.145413115894915,49.00178918112644
8952,33.4,26.325998306274418,93.0,0.0,7.2,7.3,25.3092414225689,51.11646899579823
8953,22.2,26.325998306274418,93.0,0.0,6.6,6.4,22.976463197829034,38.283524238480325
8954,18.5,26.325998306274418,93.0,0.0,3.4,7.6,19.59116645683475,32.213816519784324
8955,37.0,26.325998306274418,93.0,0.0,4.6,6.5,16.1769021752891,48.32383152270237
8956,25.8,26.325998306274418,93.0,0.0,5.5,8.1,15.707489921957587,36.79524294537031
8957,38.3,26.325998306274418,93.0,0.0,5.6,7.2,25.165907414763243,55.916135190334266
8958,31.2,26.325998306274418,93.0,0.0,7.1,7.0,17.3522362218763,43.34656535531341
8959,39.2,26.325998306274418,93.0,0.0,4.1,7.6,12.073263157782474,47.651284210447734
8960,25.8,26.325998306274418,93.0,0.0,6.9,8.2,25.64597730736968,43.75218411515878
8961,22.9,26.325998306274418,93.0,0.0,4.7,8.3,7.075519118494329,27.85286338294603
8962,20.6,26.325998306274418,93.0,0.0,7.3,7.8,17.96919376100252,33.17843563270176
8963,16.3,26.325998306274418,93.0,0.0,6.9,6.6,11.748479727816939,24.52393580947186
8964,15.3,26.325998306274418,93.0,0.0,7.6,7.8,19.903410859682214,29.23238760177755
8965,19.0,26.325998306274418,93.0,0.0,2.2,6.1,29.01314997028793,39.30920497920155
8966,23.4,26.325998306274418,93.0,0.0,5.6,6.8,24.734883495202627,40.71441844664184
8967,29.9,26.325998306274418,93.0,0.0,4.3,8.1,26.953137486222044,48.76719624035543
8968,21.0,26.325998306274418,93.0,0.0,5.3,8.3,20.638222145215764,35.44675550165103
8969,23.8,26.325998306274418,93.0,0.0,2.9,6.6,20.28658527005103,38.00060968903572
8970,36.3,26.325998306274418,93.0,0.0,5.1,8.3,9.301513979055663,42.81105978533896
8971,31.7,26.325998306274418,93.0,0.0,7.6,8.2,17.31544931338123,43.82081451936686
8972,15.6,26.325998306274418,93.0,0.0,4.2,6.2,27.08870944876588,34.56209661413612
8973,38.2,26.325998306274418,93.0,0.0,3.6,6.3,26.492776591344136,56.7449436139409
8974,25.5,26.325998306274418,93.0,0.0,4.7,7.1,10.496221239508209,32.847354867655746
8975,39.6,26.325998306274418,93.0,0.0,5.9,7.7,11.199169375858032,47.439418563100624
8976,26.8,26.325998306274418,93.0,0.0,5.1,7.3,5.535802569881014,30.67506179891671
8977,33.4,26.325998306274418,93.0,0.0,4.4,7.8,21.033227435253476,48.12325920467743
8978,31.1,26.325998306274418,93.0,0.0,3.2,8.0,7.705539880306135,36.493877916214295
8979,39.2,26.325998306274418,93.0,0.0,6.5,6.1,5.069564321193819,42.748695024835676
8980,36.2,26.325998306274418,93.0,0.0,2.3,6.8,22.57743593098855,52.004205151691984
8981,19.3,26.325998306274418,93.0,0.0,2.8,6.6,24.861328833634225,36.702930183543955
8982,19.1,26.325998306274418,93.0,0.0,7.6,7.3,17.906003274333777,31.634202292033645
8983,39.8,26.325998306274418,93.0,0.0,3.5,7.1,17.802583364399673,52.261808355079765
8984,34.7,26.325998306274418,93.0,0.0,2.8,8.0,8.557315703892913,40.69012099272504
8985,27.9,26.325998306274418,93.0,0.0,7.4,6.8,29.048572551389498,48.23400078597265
8986,28.2,26.325998306274418,93.0,0.0,5.9,6.8,11.305008083592032,36.11350565851442
8987,24.9,26.325998306274418,93.0,0.0,3.4,6.6,9.567627954890158,31.59733956842311
8988,26.6,26.325998306274418,93.0,0.0,3.4,7.8,10.85873741056486,34.2011161873954
8989,27.3,26.325998306274418,93.0,0.0,6.9,6.8,18.076075267593023,39.953252687315114
8990,17.8,26.325998306274418,93.0,0.0,7.0,6.1,17.060527094417985,29.74236896609259
8991,30.9,26.325998306274418,93.0,0.0,5.1,7.1,24.1801507606181,47.82610553243266
8992,21.9,26.325998306274418,93.0,0.0,3.8,8.1,19.63406294462722,35.64384406123905
8993,22.2,26.325998306274418,93.0,0.0,3.5,8.1,28.160125482058515,41.91208783744096
8994,34.4,26.325998306274418,93.0,0.0,7.2,6.3,16.956300481752773,46.26941033722694
8995,31.7,26.325998306274418,93.0,0.0,3.0,7.0,22.962511392526753,47.77375797476873
8996,37.5,26.325998306274418,93.0,0.0,4.2,7.4,9.752780222373598,44.32694615566152
8997,30.4,26.325998306274418,93.0,0.0,6.6,7.6,12.83275342786282,39.38292739950397
8998,33.9,26.325998306274418,93.0,0.0,2.0,7.0,21.61614455193773,49.03130118635641
8999,28.3,26.325998306274418,93.0,0.0,2.5,7.7,12.053492034051665,36.737444423836166
9000,32.0,26.625999450683594,92.0,0.0,5.8,7.4,22.17658292693632,47.52360804885542
9001,34.9,26.625999450683594,92.0,0.0,4.4,7.4,11.196148127814302,42.73730368947001
9002,21.2,26.625999450683594,92.0,0.0,2.7,8.0,16.087905032305724,32.461533522614005
9003,26.7,26.625999450683594,92.0,0.0,5.5,7.7,29.556357973951638,47.38945058176614
9004,24.1,26.625999450683594,92.0,0.0,2.2,8.4,9.18240302399458,30.527682116796207
9005,28.4,26.625999450683594,92.0,0.0,2.4,6.9,22.17590980974191,43.923136866819334
9006,17.3,26.625999450683594,92.0,0.0,7.4,6.6,20.308396872371166,31.515877810659816
9007,24.9,26.625999450683594,92.0,0.0,2.2,6.7,15.175146459931463,35.522602521952024
9008,38.0,26.625999450683594,92.0,0.0,7.6,6.2,18.619754591515903,51.03382821406113
9009,38.5,26.625999450683594,92.0,0.0,8.0,7.5,14.072060129429072,48.35044209060035
9010,15.3,26.625999450683594,92.0,0.0,4.1,7.9,22.326970654339405,30.928879458037585
9011,27.0,26.625999450683594,92.0,0.0,2.3,7.4,29.70612037142386,47.7942842599967
9012,16.5,26.625999450683594,92.0,0.0,5.0,8.4,7.7716350382012696,21.940144526740887
9013,23.7,26.625999450683594,92.0,0.0,2.8,7.2,14.703089048385447,33.992162333869814
9014,15.8,26.625999450683594,92.0,0.0,7.0,7.7,25.693622281019177,33.78553559671342
9015,36.3,26.625999450683594,92.0,0.0,3.0,6.4,14.044151981082019,46.13090638675741
9016,24.7,26.625999450683594,92.0,0.0,4.2,7.4,27.129587073098243,43.69071095116877
9017,16.9,26.625999450683594,92.0,0.0,2.3,7.2,27.410376092635058,36.08726326484454
9018,36.0,26.625999450683594,92.0,0.0,5.1,7.8,29.113231409069204,56.37926198634844
9019,35.7,26.625999450683594,92.0,0.0,2.1,6.6,14.725720293991898,46.00800420579433
9020,27.0,26.625999450683594,92.0,0.0,2.3,6.2,12.146240173471746,35.50236812143022
9021,35.7,26.625999450683594,92.0,0.0,4.2,8.0,25.011863413420926,53.20830438939465
9022,32.7,26.625999450683594,92.0,0.0,4.0,8.1,6.409545131412518,37.186681591988766
9023,18.9,26.625999450683594,92.0,0.0,4.2,8.0,9.65163593549865,25.656145154849053
9024,17.4,26.625999450683594,92.0,0.0,6.8,7.9,12.576329305614804,26.20343051393036
9025,18.2,26.625999450683594,92.0,0.0,7.7,7.9,10.971442218989301,25.88000955329251
9026,33.9,26.625999450683594,92.0,0.0,3.1,7.3,7.515711484918465,39.16099803944292
9027,30.2,26.625999450683594,92.0,0.0,4.7,8.4,19.66900652261016,43.96830456582711
9028,24.0,26.625999450683594,92.0,0.0,2.6,6.0,18.503824325733618,36.95267702801353
9029,35.9,26.625999450683594,92.0,0.0,7.1,7.4,28.148776053788385,55.60414323765187
9030,16.0,26.625999450683594,92.0,0.0,5.2,6.7,27.56513281312343,35.2955929691864
9031,24.7,26.625999450683594,92.0,0.0,5.4,8.4,8.051530317649851,30.336071222354896
9032,24.7,26.625999450683594,92.0,0.0,2.8,7.6,15.838424858802846,35.786897401161994
9033,39.4,26.625999450683594,92.0,0.0,2.0,7.4,27.277425681228888,58.49419797686022
9034,28.9,26.625999450683594,92.0,0.0,4.5,8.4,11.71404289507264,37.09983002655085
9035,21.2,26.625999450683594,92.0,0.0,3.5,6.8,6.970378261890371,26.07926478332326
9036,17.4,26.625999450683594,92.0,0.0,2.8,7.9,14.660794979046416,27.662556485332487
9037,37.3,26.625999450683594,92.0,0.0,6.2,8.3,21.96959862473465,52.67871903731425
9038,37.4,26.625999450683594,92.0,0.0,4.4,7.5,28.101947369166655,57.07136315841666
9039,22.3,26.625999450683594,92.0,0.0,4.2,7.0,17.007148736491807,34.20500411554426
9040,15.8,26.625999450683594,92.0,0.0,6.8,6.5,20.793194726349288,30.355236308444503
9041,20.3,26.625999450683594,92.0,0.0,6.5,7.8,8.69988594645087,26.389920162515608
9042,21.0,26.625999450683594,92.0,0.0,4.1,6.0,29.195969173475238,41.43717842143266
9043,26.7,26.625999450683594,92.0,0.0,3.4,6.7,17.723934317919394,39.106754022543576
9044,15.8,26.625999450683594,92.0,0.0,2.1,7.6,20.877329599989494,30.414130719992645
9045,33.2,26.625999450683594,92.0,0.0,3.5,7.7,18.034497489463824,45.82414824262468
9046,32.9,26.625999450683594,92.0,0.0,7.7,8.5,26.33763778867808,51.33634645207465
9047,36.9,26.625999450683594,92.0,0.0,4.5,7.9,8.694502244586811,42.98615157121077
9048,38.5,26.625999450683594,92.0,0.0,5.9,7.7,26.455427379295145,57.0187991655066
9049,25.9,26.625999450683594,92.0,0.0,6.0,8.2,24.93571805301998,43.355002637113984
9050,17.0,26.625999450683594,92.0,0.0,6.3,6.2,16.739350604955305,28.717545423468714
9051,23.5,26.625999450683594,92.0,0.0,7.0,7.5,26.741015460163844,42.21871082211469
9052,38.1,26.625999450683594,92.0,0.0,5.5,8.2,26.120444187953037,56.38431093156713
9053,34.1,26.625999450683594,92.0,0.0,6.9,7.3,12.448568195960798,42.813997737172556
9054,15.9,26.625999450683594,92.0,0.0,2.5,8.3,6.904588337541563,20.733211836279093
9055,35.0,26.625999450683594,92.0,0.0,6.8,8.2,28.663613111395023,55.06452917797651
9056,28.0,26.625999450683594,92.0,0.0,2.2,7.2,20.45858050164231,42.32100635114961
9057,33.2,26.625999450683594,92.0,0.0,5.0,8.3,18.65454533020869,46.25818173114609
9058,35.1,26.625999450683594,92.0,0.0,6.8,6.2,19.913974365306107,49.03978205571428
9059,27.9,26.625999450683594,92.0,0.0,5.2,6.5,20.70565527057203,42.39395868940042
9060,23.9,27.075998306274418,90.0,0.0,4.1,8.0,24.156055621702727,40.80923893519191
9061,22.7,27.075998306274418,90.0,0.0,7.3,6.5,21.327799233133593,37.62945946319351
9062,15.3,27.075998306274418,90.0,0.0,7.1,6.6,26.988811949736373,34.19216836481546
9063,19.1,27.075998306274418,90.0,0.0,6.2,7.3,15.13020481774603,29.69114337242222
9064,27.6,27.075998306274418,90.0,0.0,3.8,7.2,15.429540795016063,38.400678556511245
9065,36.6,27.075998306274418,90.0,0.0,3.7,6.5,5.310957125411695,40.317669987788186
9066,15.5,27.075998306274418,90.0,0.0,4.6,7.7,27.485409260200655,34.73978648214046
9067,24.9,27.075998306274418,90.0,0.0,3.9,8.4,17.44019072550632,37.10813350785442
9068,38.8,27.075998306274418,90.0,0.0,2.8,8.3,6.156985383471018,43.10988976842971
9069,17.1,27.075998306274418,90.0,0.0,6.4,6.2,12.233689951039779,25.663582965727848
9070,21.1,27.075998306274418,90.0,0.0,4.2,6.4,17.58551449226263,33.40986014458384
9071,28.2,27.075998306274418,90.0,0.0,4.5,6.6,16.024282776319264,39.41699794342348
9072,38.5,27.075998306274418,90.0,0.0,7.1,7.8,17.379257982104257,50.66548058747298
9073,34.9,27.075998306274418,90.0,0.0,3.6,8.4,11.218409501839801,42.75288665128786
9074,27.9,27.075998306274418,90.0,0.0,5.3,7.6,21.467655069236653,42.927358548465655
9075,21.3,27.075998306274418,90.0,0.0,2.5,6.8,8.774980943932853,27.442486660752998
9076,19.2,27.075998306274418,90.0,0.0,4.5,6.7,29.46727183047847,39.82709028133493
9077,26.6,27.075998306274418,90.0,0.0,2.6,7.7,28.00488395513003,46.20341876859102
9078,39.7,27.075998306274418,90.0,0.0,3.9,6.5,28.970444167645454,59.97931091735182
9079,21.4,27.075998306274418,90.0,0.0,4.9,7.8,8.676172885511628,27.473321019858137
9080,24.5,27.075998306274418,90.0,0.0,7.2,7.1,28.191414870015944,44.233990409011156
9081,35.8,27.075998306274418,90.0,0.0,4.4,7.7,25.215824681208243,53.451077276845766
9082,31.0,27.075998306274418,90.0,0.0,2.9,6.2,14.627168833828437,41.2390181836799
9083,34.9,27.075998306274418,90.0,0.0,5.4,8.2,22.155054807218928,50.408538365053246
9084,29.2,27.075998306274418,90.0,0.0,7.9,8.1,20.707670562998718,43.6953693940991
9085,32.4,27.075998306274418,90.0,0.0,7.5,8.4,15.494707581499535,43.24629530704967
9086,17.7,27.075998306274418,90.0,0.0,2.9,7.3,8.683816979511462,23.77867188565802
9087,28.8,27.075998306274418,90.0,0.0,3.7,7.9,19.585527082513103,42.509868957759174
9088,19.9,27.075998306274418,90.0,0.0,2.9,7.9,26.655690299764895,38.558983209835425
9089,30.8,27.075998306274418,90.0,0.0,3.4,8.5,16.71967052930637,42.50376937051446
9090,32.8,27.075998306274418,90.0,0.0,6.1,7.2,17.404530660298438,44.9831714622089
9091,39.5,27.075998306274418,90.0,0.0,6.2,7.3,25.842029556972307,57.58942068988061
9092,38.2,27.075998306274418,90.0,0.0,5.2,6.1,17.42451315540079,50.39715920878055
9093,26.3,27.075998306274418,90.0,0.0,3.1,6.3,6.5891379455936026,30.91239656191552
9094,35.5,27.075998306274418,90.0,0.0,2.9,7.5,22.145858750084027,51.002101125058815
9095,33.3,27.075998306274418,90.0,0.0,6.4,7.4,28.56499021353168,53.29549314947217
9096,20.6,27.075998306274418,90.0,0.0,7.9,7.5,10.80051108357314,28.1603577585012
9097,31.6,27.075998306274418,90.0,0.0,5.1,7.6,6.606473677133338,36.22453157399334
9098,39.8,27.075998306274418,90.0,0.0,2.3,7.9,19.961535425901005,53.7730747981307
9099,38.7,27.075998306274418,90.0,0.0,7.7,7.1,12.262221170312454,47.28355481921872
9100,37.0,27.075998306274418,90.0,0.0,5.4,7.6,16.88963617547762,48.822745322834336
9101,38.8,27.075998306274418,90.0,0.0,3.9,7.0,12.394655049554636,47.47625853468824
9102,34.0,27.075998306274418,90.0,0.0,3.3,7.8,10.072354031115806,41.05064782178106
9103,36.1,27.075998306274418,90.0,0.0,3.9,7.5,27.67504693348929,55.4725328534425
9104,29.4,27.075998306274418,90.0,0.0,5.8,6.6,14.288069771683347,39.40164884017834
9105,20.3,27.075998306274418,90.0,0.0,4.0,8.5,26.982431805521706,39.18770226386519
9106,34.3,27.075998306274418,90.0,0.0,6.5,7.9,9.976084441849302,41.283259109294505
9107,15.2,27.075998306274418,90.0,0.0,2.5,6.7,25.741111955015327,33.218778368510726
9108,25.6,27.075998306274418,90.0,0.0,4.1,6.9,20.710342245255248,40.09723957167867
9109,31.1,27.075998306274418,90.0,0.0,3.9,7.5,11.455483465360087,39.11883842575206
9110,38.4,27.075998306274418,90.0,0.0,6.0,6.5,28.343985563666394,58.240789894566475
9111,28.8,27.075998306274418,90.0,0.0,4.3,8.4,26.469460810109332,47.328622567076536
9112,29.0,27.075998306274418,90.0,0.0,7.3,8.1,5.806378654185641,33.06446505792995
9113,27.2,27.075998306274418,90.0,0.0,7.6,8.3,14.969814070496657,37.678869849347656
9114,35.3,27.075998306274418,90.0,0.0,2.3,6.6,16.326335266698596,46.72843468668901
9115,34.4,27.075998306274418,90.0,0.0,6.2,6.0,15.55504615015185,45.288532305106294
9116,28.6,27.075998306274418,90.0,0.0,6.6,6.4,8.586263316100524,34.61038432127037
9117,32.2,27.075998306274418,90.0,0.0,2.2,6.9,28.61187886206098,52.22831520344269
9118,16.9,27.075998306274418,90.0,0.0,7.7,6.6,16.59423491232053,28.51596443862437
9119,28.3,27.075998306274418,90.0,0.0,3.0,7.4,18.982218530145012,41.58755297110151
9120,27.5,27.625999450683594,88.0,0.0,6.0,7.7,22.220372567521586,43.05426079726511
9121,25.2,27.625999450683594,88.0,0.0,4.4,8.1,21.97837872473504,40.58486510731453
9122,38.7,27.625999450683594,88.0,0.0,2.9,6.6,14.838972040829677,49.087280428580776
9123,33.4,27.625999450683594,88.0,0.0,4.9,7.8,20.530781590139476,47.77154711309763
9124,24.6,27.625999450683594,88.0,0.0,4.2,7.2,17.247885861245855,36.673520102872104
9125,20.1,27.625999450683594,88.0,0.0,6.5,6.7,11.645230292571739,28.251661204800218
9126,23.5,27.625999450683594,88.0,0.0,2.5,6.2,18.280804441015086,36.29656310871056
9127,21.5,27.625999450683594,88.0,0.0,4.1,7.0,21.187839820207593,36.33148787414531
9128,25.6,27.625999450683594,88.0,0.0,6.3,6.2,6.874927933663834,30.412449553564684
9129,31.9,27.625999450683594,88.0,0.0,5.6,7.4,26.499176823870314,50.44942377670922
9130,20.2,27.625999450683594,88.0,0.0,4.9,7.2,17.689079572229478,32.58235570056063
9131,25.9,27.625999450683594,88.0,0.0,3.7,6.8,7.430517987755285,31.101362591428696
9132,31.8,27.625999450683594,88.0,0.0,5.0,7.6,17.47605438882866,44.03323807218006
9133,38.2,27.625999450683594,88.0,0.0,5.7,6.3,10.951663992572945,45.866164794801065
9134,26.8,27.625999450683594,88.0,0.0,2.3,7.1,10.897687546938808,34.42838128285717
9135,27.9,27.625999450683594,88.0,0.0,2.6,8.3,16.93442451031106,39.75409715721774
9136,15.8,27.625999450683594,88.0,0.0,7.1,7.1,24.016588012640582,32.611611608848406
9137,19.0,27.625999450683594,88.0,0.0,7.3,8.5,17.35641889792603,31.14949322854822
9138,34.0,27.625999450683594,88.0,0.0,2.6,7.4,28.549773364049766,53.984841354834835
9139,32.3,27.625999450683594,88.0,0.0,6.5,8.1,22.412401080967932,47.988680756677546
9140,36.4,27.625999450683594,88.0,0.0,5.2,7.1,23.181632539270968,52.627142777489674
9141,35.2,27.625999450683594,88.0,0.0,7.5,8.3,22.094494526462682,50.66614616852388
9142,31.7,27.625999450683594,88.0,0.0,6.2,6.3,9.92459348763907,38.64721544134735
9143,29.4,27.625999450683594,88.0,0.0,3.2,6.6,13.340467868511972,38.738327507958374
9144,24.1,27.625999450683594,88.0,0.0,5.1,6.2,5.720907082677607,28.104634957874325
9145,37.5,27.625999450683594,88.0,0.0,5.9,6.0,17.749928110329176,49.92494967723042
9146,23.5,27.625999450683594,88.0,0.0,7.2,7.9,19.911039772942985,37.43772784106009
9147,38.2,27.625999450683594,88.0,0.0,4.2,7.3,6.280824212832199,42.596576948982545
9148,26.1,27.625999450683594,88.0,0.0,5.0,6.9,14.180006260933347,36.02600438265334
9149,39.5,27.625999450683594,88.0,0.0,2.4,7.0,15.087235986884997,50.0610651908195
9150,17.7,27.625999450683594,88.0,0.0,6.9,6.8,18.299540865946216,30.50967860616235
9151,23.8,27.625999450683594,88.0,0.0,7.1,7.6,20.5767993347904,38.20375953435328
9152,28.0,27.625999450683594,88.0,0.0,4.2,6.1,17.208820294417965,40.04617420609257
9153,37.2,27.625999450683594,88.0,0.0,2.2,8.3,11.03109966548623,44.92176976584037
9154,30.4,27.625999450683594,88.0,0.0,6.3,7.7,18.39773207986424,43.27841245590497
9155,36.8,27.625999450683594,88.0,0.0,2.4,6.9,5.772041866904114,40.840429306832874
9156,28.0,27.625999450683594,88.0,0.0,3.6,6.0,19.9630842454485,41.97415897181395
9157,27.3,27.625999450683594,88.0,0.0,5.9,8.0,20.192493072093892,41.43474515046572
9158,26.9,27.625999450683594,88.0,0.0,3.7,7.8,17.311519978157996,39.018063984710594
9159,36.6,27.625999450683594,88.0,0.0,6.7,6.1,12.14228171410638,45.09959719987447
9160,29.8,27.625999450683594,88.0,0.0,5.0,6.9,16.799254331236078,41.559478031865254
9161,19.1,27.625999450683594,88.0,0.0,2.6,7.5,14.76075798142336,29.432530586996354
9162,25.5,27.625999450683594,88.0,0.0,2.8,6.3,11.698535682813244,33.688974977969266
9163,39.0,27.625999450683594,88.0,0.0,2.3,6.5,18.18643238092609,51.73050266664826
9164,31.6,27.625999450683594,88.0,0.0,2.1,7.6,15.568015771386133,42.497611039970295
9165,26.4,27.625999450683594,88.0,0.0,6.4,8.2,25.844940705373908,44.49145849376173
9166,31.0,27.625999450683594,88.0,0.0,2.5,6.7,21.290053876582547,45.90303771360778
9167,22.9,27.625999450683594,88.0,0.0,7.2,8.3,14.123526050440816,32.78646823530857
9168,38.4,27.625999450683594,88.0,0.0,4.4,7.9,6.443760864558505,42.910632605190955
9169,25.9,27.625999450683594,88.0,0.0,5.9,6.6,25.84085290380928,43.98859703266649
9170,17.0,27.625999450683594,88.0,0.0,2.3,6.5,22.56809852065172,32.79766896445621
9171,20.5,27.625999450683594,88.0,0.0,3.0,6.3,19.932732420057533,34.45291269404027
9172,15.3,27.625999450683594,88.0,0.0,2.2,8.5,13.102554578604995,24.471788205023497
9173,20.2,27.625999450683594,88.0,0.0,7.4,8.2,26.187885921624215,38.53152014513695
9174,37.6,27.625999450683594,88.0,0.0,4.2,8.2,7.396724222361238,42.77770695565287
9175,15.7,27.625999450683594,88.0,0.0,5.9,8.3,24.90369552163011,33.13258686514108
9176,21.1,27.625999450683594,88.0,0.0,5.0,6.9,9.769395437981553,27.938576806587086
9177,16.9,27.625999450683594,88.0,0.0,5.4,8.1,12.3194162743112,25.52359139201784
9178,24.3,27.625999450683594,88.0,0.0,7.3,8.2,9.718640511779013,31.10304835824531
9179,35.1,27.625999450683594,88.0,0.0,4.4,6.1,26.9989841537378,53.99928890761646
9180,37.3,28.325998306274418,85.0,0.0,6.0,6.3,14.467386918797366,47.42717084315815
9181,36.0,28.325998306274418,85.0,0.0,4.4,8.5,8.439384709514233,41.907569296659965
9182,26.5,28.325998306274418,85.0,0.0,2.6,7.6,24.85794986167978,43.90056490317585
9183,35.7,28.325998306274418,85.0,0.0,2.4,7.2,6.353480989704053,40.14743669279284
9184,27.0,28.325998306274418,85.0,0.0,5.0,7.9,10.788565659217703,34.55199596145239
9185,24.0,28.325998306274418,85.0,0.0,2.3,7.3,19.168609185602477,37.41802642992173
9186,35.5,28.325998306274418,85.0,0.0,4.1,7.8,10.953925409387328,43.16774778657113
9187,38.3,28.325998306274418,85.0,0.0,3.5,7.7,25.630109134118246,56.241076393882764
9188,32.3,28.325998306274418,85.0,0.0,5.1,7.8,7.480144303618964,37.53610101253327
9189,27.0,28.325998306274418,85.0,0.0,7.7,8.1,7.774770179964431,32.4423391259751
9190,39.8,28.325998306274418,85.0,0.0,4.5,7.3,11.906615895750583,48.13463112702541
9191,20.1,28.325998306274418,85.0,0.0,5.1,7.6,13.72326834406648,29.706287840846535
9192,22.8,28.325998306274418,85.0,0.0,6.3,6.6,14.536678887971478,32.97567522158003
9193,27.9,28.325998306274418,85.0,0.0,3.3,6.8,22.435018631738917,43.604513042217235
9194,31.3,28.325998306274418,85.0,0.0,2.8,7.7,16.693318941854308,42.98532325929801
9195,33.0,28.325998306274418,85.0,0.0,6.0,7.3,7.134858842646317,37.994401189852425
9196,27.0,28.325998306274418,85.0,0.0,5.9,7.9,24.47141057207589,44.12998740045312
9197,29.3,28.325998306274418,85.0,0.0,5.1,7.2,6.681961490739184,33.97737304351743
9198,32.9,28.325998306274418,85.0,0.0,5.6,7.5,11.579874009836429,41.0059118068855
9199,33.9,28.325998306274418,85.0,0.0,3.5,8.0,25.644856123713925,51.851399286599744
9200,24.5,28.325998306274418,85.0,0.0,3.4,7.4,9.684900534616766,31.279430374231737
9201,29.6,28.325998306274418,85.0,0.0,6.8,6.1,11.723582905599432,37.806508033919606
9202,21.0,28.325998306274418,85.0,0.0,2.4,6.8,16.875600326096794,32.81292022826776
9203,23.5,28.325998306274418,85.0,0.0,4.9,8.2,14.50042267306922,33.65029587114845
9204,39.8,28.325998306274418,85.0,0.0,6.1,8.0,11.228485286762169,47.65993970073352
9205,36.1,28.325998306274418,85.0,0.0,5.3,6.6,11.808575319665138,44.3660027237656
9206,35.1,28.325998306274418,85.0,0.0,2.3,7.5,8.22253812330672,40.855776686314705
9207,34.5,28.325998306274418,85.0,0.0,2.6,6.9,21.02447705741958,49.217133940193705
9208,27.2,28.325998306274418,85.0,0.0,2.7,8.0,26.981731500386196,46.08721205027034
9209,27.0,28.325998306274418,85.0,0.0,7.1,8.5,24.657575173723405,44.260302621606385
9210,25.1,28.325998306274418,85.0,0.0,5.3,6.5,15.703652514140764,36.092556759898535
9211,39.9,28.325998306274418,85.0,0.0,7.9,6.5,23.270975602187008,56.1896829215309
9212,35.9,28.325998306274418,85.0,0.0,3.7,7.1,21.613365473038954,51.02935583112726
9213,24.4,28.325998306274418,85.0,0.0,7.3,8.0,10.760139736709716,31.9320978156968
9214,23.1,28.325998306274418,85.0,0.0,2.9,6.8,19.27100530112965,36.58970371079076
9215,25.7,28.325998306274418,85.0,0.0,5.5,7.1,10.067029750587416,32.74692082541119
9216,28.1,28.325998306274418,85.0,0.0,2.5,8.1,11.194233992840243,35.93596379498817
9217,18.9,28.325998306274418,85.0,0.0,5.9,7.9,25.917307266756737,37.04211508672971
9218,15.0,28.325998306274418,85.0,0.0,5.9,6.3,12.603334215036309,23.822333950525415
9219,32.1,28.325998306274418,85.0,0.0,4.8,6.4,7.360383001111521,37.25226810077807
9220,38.0,28.325998306274418,85.0,0.0,2.7,8.2,16.7826430024219,49.74785010169533
9221,22.0,28.325998306274418,85.0,0.0,5.0,8.0,24.296053260847206,39.00723728259304
9222,22.2,28.325998306274418,85.0,0.0,4.3,8.1,12.498302991477306,30.94881209403411
9223,38.3,28.325998306274418,85.0,0.0,3.4,6.4,16.091273344750533,49.56389134132537
9224,31.0,28.325998306274418,85.0,0.0,2.8,7.2,24.516259507301896,48.16138165511133
9225,36.7,28.325998306274418,85.0,0.0,3.4,7.4,25.99218612887863,54.894530290215044
9226,38.5,28.325998306274418,85.0,0.0,8.0,7.6,13.512068951637003,47.9584482661459
9227,28.2,28.325998306274418,85.0,0.0,4.6,6.4,20.910684511915893,42.837479158341125
9228,17.9,28.325998306274418,85.0,0.0,4.0,7.4,22.792882657014893,33.85501785991042
9229,22.9,28.325998306274418,85.0,0.0,7.5,7.9,15.07037501117782,33.44926250782447
9230,31.2,28.325998306274418,85.0,0.0,6.1,8.5,14.105918723083642,41.074143106158544
9231,25.9,28.325998306274418,85.0,0.0,6.2,7.7,11.06295255649554,33.644066789546876
9232,25.6,28.325998306274418,85.0,0.0,3.3,8.5,13.778026934326627,35.244618854028644
9233,22.1,28.325998306274418,85.0,0.0,2.3,7.3,17.4988840675219,34.349218847265334
9234,38.4,28.325998306274418,85.0,0.0,6.0,8.5,27.024100222567853,57.316870155797496
9235,17.8,28.325998306274418,85.0,0.0,5.9,8.1,16.819220279629306,29.573454195740513
9236,17.0,28.325998306274418,85.0,0.0,6.7,7.7,9.616267241313066,23.731387068919148
9237,23.7,28.325998306274418,85.0,0.0,6.5,6.4,20.6673463265496,38.16714242858472
9238,25.6,28.325998306274418,85.0,0.0,7.3,6.3,9.618227781415099,32.33275944699057
9239,22.1,28.325998306274418,85.0,0.0,4.1,7.7,5.881057841913541,26.21674048933948
9240,28.0,28.97599983215332,82.0,0.0,4.7,6.3,23.3447636238471,44.34133453669297
9241,21.5,28.97599983215332,82.0,0.0,4.6,8.3,14.278879372330234,31.495215560631163
9242,34.3,28.97599983215332,82.0,0.0,5.6,8.3,20.540979789738635,48.67868585281704
9243,26.9,28.97599983215332,82.0,0.0,6.7,7.3,21.351762228303354,41.84623355981235
9244,22.4,28.97599983215332,82.0,0.0,2.4,6.5,25.321479260919126,40.12503548264338
9245,33.7,28.97599983215332,82.0,0.0,5.7,7.4,9.22363139987842,40.1565419799149
9246,26.9,28.97599983215332,82.0,0.0,3.9,6.9,27.99083073912536,46.49358151738775
9247,22.4,28.97599983215332,82.0,0.0,7.2,6.5,15.748772170723676,33.42414051950657
9248,34.7,28.97599983215332,82.0,0.0,6.2,6.8,18.239889055505515,47.46792233885386
9249,28.7,28.97599983215332,82.0,0.0,4.5,8.3,26.79928306723718,47.45949814706603
9250,33.3,28.97599983215332,82.0,0.0,5.9,8.2,27.399486651242892,52.47964065587002
9251,21.6,28.97599983215332,82.0,0.0,2.2,6.9,17.623553086256425,33.9364871603795
9252,17.8,28.97599983215332,82.0,0.0,4.4,7.3,14.103269499279175,27.67228864949542
9253,30.4,28.97599983215332,82.0,0.0,8.0,6.6,29.148911392744665,50.804237974921264
9254,39.1,28.97599983215332,82.0,0.0,6.6,7.1,5.80353148968314,43.1624720427782
9255,28.7,28.97599983215332,82.0,0.0,4.9,6.6,8.910318244517338,34.93722277116213
9256,15.1,28.97599983215332,82.0,0.0,3.2,6.9,22.40426589202887,30.78298612442021
9257,22.3,28.97599983215332,82.0,0.0,2.6,6.3,18.964704549460322,35.575293184622225
9258,17.7,28.97599983215332,82.0,0.0,7.7,6.9,13.612885998997905,27.22902019929853
9259,38.7,28.97599983215332,82.0,0.0,2.3,6.5,11.595883464111974,46.81711842487839
9260,25.4,28.97599983215332,82.0,0.0,6.0,8.1,16.21070737919448,36.747495165436135
9261,38.0,28.97599983215332,82.0,0.0,2.8,6.6,20.432277580179782,52.30259430612585
9262,23.4,28.97599983215332,82.0,0.0,2.5,6.9,11.51566198224636,31.46096338757245
9263,28.1,28.97599983215332,82.0,0.0,7.1,8.0,25.88010398472709,46.21607278930897
9264,38.6,28.97599983215332,82.0,0.0,5.2,6.9,24.36593554549601,55.65615488184721
9265,23.1,28.97599983215332,82.0,0.0,6.4,7.9,28.15033936668564,42.80523755667995
9266,16.9,28.97599983215332,82.0,0.0,2.0,8.3,9.419726689736153,23.493808682815306
9267,30.8,28.97599983215332,82.0,0.0,5.1,7.7,23.831995583821936,47.482396908675355
9268,28.0,28.97599983215332,82.0,0.0,5.6,7.9,20.408268649506567,42.285788054654596
9269,25.4,28.97599983215332,82.0,0.0,7.1,8.3,7.747031789145304,30.82292225240171
9270,37.7,28.97599983215332,82.0,0.0,4.8,8.1,28.741385936105964,57.81897015527417
9271,26.5,28.97599983215332,82.0,0.0,5.3,6.2,12.783878272646705,35.44871479085269
9272,23.6,28.97599983215332,82.0,0.0,3.1,7.2,28.938146140035666,43.85670229802497
9273,21.1,28.97599983215332,82.0,0.0,7.7,6.3,24.543849249928613,38.280694474950025
9274,27.2,28.97599983215332,82.0,0.0,7.4,7.2,29.85120540590901,48.09584378413631
9275,37.8,28.97599983215332,82.0,0.0,5.7,7.8,23.622997464397507,54.33609822507825
9276,28.2,28.97599983215332,82.0,0.0,2.8,7.7,19.13484710111731,41.59439297078212
9277,26.8,28.97599983215332,82.0,0.0,5.1,6.7,29.210046511989493,47.24703255839265
9278,35.8,28.97599983215332,82.0,0.0,2.9,8.1,21.387642185281265,50.771349529696884
9279,16.4,28.97599983215332,82.0,0.0,5.7,8.3,5.295432249911998,20.106802574938396
9280,27.2,28.97599983215332,82.0,0.0,2.3,8.5,15.26263644193859,37.88384550935701
9281,20.1,28.97599983215332,82.0,0.0,7.3,6.4,24.772315058106514,37.44062054067456
9282,32.4,28.97599983215332,82.0,0.0,7.3,7.1,12.819705767811344,41.37379403746794
9283,18.5,28.97599983215332,82.0,0.0,4.4,7.9,12.399986652461704,27.17999065672319
9284,28.5,28.97599983215332,82.0,0.0,5.3,6.8,11.820601107853394,36.774420775497376
9285,28.5,28.97599983215332,82.0,0.0,5.4,8.0,26.17584633103288,46.82309243172301
9286,18.8,28.97599983215332,82.0,0.0,6.1,6.7,25.22269628495498,36.45588739946849
9287,28.0,28.97599983215332,82.0,0.0,3.3,7.3,27.28999319090546,47.10299523363382
9288,16.0,28.97599983215332,82.0,0.0,4.6,6.7,21.17607686582704,30.823253806078924
9289,19.2,28.97599983215332,82.0,0.0,2.5,8.0,29.626849710094824,39.93879479706638
9290,23.6,28.97599983215332,82.0,0.0,6.4,7.0,25.776524092818814,41.64356686497317
9291,15.6,28.97599983215332,82.0,0.0,4.5,8.2,10.43909341770095,22.907365392390663
9292,24.3,28.97599983215332,82.0,0.0,3.0,7.6,17.833227415693536,36.783259190985476
9293,34.8,28.97599983215332,82.0,0.0,5.9,6.9,8.671496620667888,40.87004763446752
9294,27.4,28.97599983215332,82.0,0.0,3.8,7.1,25.80159153762414,45.4611140763369
9295,33.1,28.97599983215332,82.0,0.0,2.1,6.3,25.008008550492708,50.605605985344894
9296,16.7,28.97599983215332,82.0,0.0,6.5,6.1,13.393002905219433,26.0751020336536
9297,21.5,28.97599983215332,82.0,0.0,2.3,6.8,28.120886178384755,41.18462032486933
9298,33.0,28.97599983215332,82.0,0.0,2.3,6.4,9.111930526884006,39.378351368818805
9299,22.6,28.97599983215332,82.0,0.0,5.1,8.4,19.081027401479485,35.95671918103564
9300,19.4,29.67599868774414,79.0,0.0,4.2,7.8,24.7994891376121,36.759642396328466
9301,26.0,29.67599868774414,79.0,0.0,3.2,7.3,12.63000476230618,34.841003333614324
9302,17.5,29.67599868774414,79.0,0.0,5.2,6.0,26.58245533971664,36.10771873780165
9303,39.8,29.67599868774414,79.0,0.0,6.9,8.0,10.942818750278025,47.459973125194615
9304,24.2,29.67599868774414,79.0,0.0,2.1,7.3,18.538105220246003,37.1766736541722
9305,34.3,29.67599868774414,79.0,0.0,2.6,8.5,26.621585270301797,52.93510968921125
9306,38.6,29.67599868774414,79.0,0.0,2.9,7.5,15.256154615126412,49.27930823058849
9307,21.4,29.67599868774414,79.0,0.0,3.4,7.0,12.81676377670194,30.371734643691354
9308,39.3,29.67599868774414,79.0,0.0,6.8,6.3,18.60827697819054,52.32579388473337
9309,36.7,29.67599868774414,79.0,0.0,4.3,7.6,18.94099546992779,49.958696828949456
9310,27.6,29.67599868774414,79.0,0.0,6.0,6.9,11.463146595651803,35.62420261695627
9311,31.2,29.67599868774414,79.0,0.0,7.7,8.2,28.627083766800506,51.23895863676035
9312,20.7,29.67599868774414,79.0,0.0,4.8,8.3,5.278009920593073,24.394606944415152
9313,18.5,29.67599868774414,79.0,0.0,6.1,8.4,12.897876097523055,27.52851326826614
9314,31.9,29.67599868774414,79.0,0.0,3.3,6.7,25.957900090190005,50.070530063133006
9315,15.7,29.67599868774414,79.0,0.0,7.0,6.9,24.249494804861097,32.674646363402765
9316,24.3,29.67599868774414,79.0,0.0,6.4,8.2,6.084463124615434,28.559124187230804
9317,28.6,29.67599868774414,79.0,0.0,4.0,7.7,25.669457023463472,46.56861991642443
9318,34.5,29.67599868774414,79.0,0.0,5.4,7.9,14.75744625270364,44.83021237689255
9319,30.0,29.67599868774414,79.0,0.0,4.5,7.0,16.155395276961016,41.30877669387271
9320,36.7,29.67599868774414,79.0,0.0,5.0,6.9,10.897216101270207,44.32805127088915
9321,19.2,29.67599868774414,79.0,0.0,5.7,6.0,22.056204851239315,34.63934339586752
9322,38.8,29.67599868774414,79.0,0.0,4.6,7.7,8.754409476022992,44.92808663321609
9323,19.8,29.67599868774414,79.0,0.0,5.6,8.4,16.383327184872083,31.26832902941046
9324,18.4,29.67599868774414,79.0,0.0,2.5,6.8,27.219975180060285,37.4539826260422
9325,31.8,29.67599868774414,79.0,0.0,6.1,8.3,23.23217791550552,48.062524540853865
9326,39.7,29.67599868774414,79.0,0.0,6.2,8.0,17.899162474214123,52.22941373194989
9327,24.9,29.67599868774414,79.0,0.0,2.1,7.0,16.199586063093854,36.23971024416569
9328,18.1,29.67599868774414,79.0,0.0,3.5,8.1,24.753958989448332,35.42777129261383
9329,16.8,29.67599868774414,79.0,0.0,2.1,7.0,17.21276978086028,28.848938846602195
9330,30.2,29.67599868774414,79.0,0.0,2.8,8.4,12.873917078782034,39.211741955147424
9331,36.3,29.67599868774414,79.0,0.0,3.7,7.7,10.455660061466395,43.61896204302647
9332,20.0,29.67599868774414,79.0,0.0,5.6,8.4,11.679577359494354,28.17570415164605
9333,32.8,29.67599868774414,79.0,0.0,5.9,7.3,8.560762589635344,38.792533812744736
9334,16.5,29.67599868774414,79.0,0.0,4.9,6.9,20.837356036243904,31.086149225370733
9335,27.9,29.67599868774414,79.0,0.0,4.7,6.1,12.251393039486597,36.475975127640616
9336,31.9,29.67599868774414,79.0,0.0,6.7,7.7,20.658403180279148,46.3608822261954
9337,34.6,29.67599868774414,79.0,0.0,4.0,8.4,10.295968536704121,41.80717797569289
9338,32.7,29.67599868774414,79.0,0.0,7.7,7.4,29.1306747681162,53.09147233768134
9339,17.9,29.67599868774414,79.0,0.0,2.8,7.3,23.396210272047057,34.277347190432934
9340,21.5,29.67599868774414,79.0,0.0,5.2,7.7,29.211597412866563,41.94811818900659
9341,38.7,29.67599868774414,79.0,0.0,3.9,8.0,24.326256764009063,55.728379734806346
9342,26.5,29.67599868774414,79.0,0.0,4.4,6.9,16.564521423293805,38.09516499630566
9343,26.1,29.67599868774414,79.0,0.0,2.9,7.7,10.187822342748794,33.231475639924156
9344,36.8,29.67599868774414,79.0,0.0,4.9,6.7,21.599780443655792,51.91984631055905
9345,26.2,29.67599868774414,79.0,0.0,2.8,8.1,28.439685383082118,46.107779768157485
9346,25.0,29.67599868774414,79.0,0.0,4.3,6.3,8.171902256115668,30.720331579280966
9347,20.7,29.67599868774414,79.0,0.0,4.2,7.7,20.991358251605647,35.39395077612395
9348,28.5,29.67599868774414,79.0,0.0,6.0,7.2,7.567567456334019,33.797297219433815
9349,35.3,29.67599868774414,79.0,0.0,7.0,7.2,23.241613747940345,51.56912962355824
9350,33.0,29.67599868774414,79.0,0.0,7.9,7.5,28.683346523624333,53.07834256653703
9351,27.4,29.67599868774414,79.0,0.0,7.3,6.9,10.720102195321688,34.90407153672518
9352,38.7,29.67599868774414,79.0,0.0,4.7,8.0,16.234962017971753,50.06447341258023
9353,19.8,29.67599868774414,79.0,0.0,4.2,8.2,24.093560899321595,36.66549262952512
9354,23.3,29.67599868774414,79.0,0.0,2.1,7.2,24.78177727884829,40.6472440951938
9355,20.6,29.67599868774414,79.0,0.0,2.8,6.6,7.484956384173156,25.83946946892121
9356,21.7,29.67599868774414,79.0,0.0,4.7,7.6,14.16648018271211,31.616536127898478
9357,39.7,29.67599868774414,79.0,0.0,7.6,6.9,24.15279392327742,56.6069557462942
9358,22.7,29.67599868774414,79.0,0.0,5.9,7.1,20.93422369622287,37.35395658735601
9359,23.6,29.67599868774414,79.0,0.0,5.4,7.8,11.584420965852184,31.70909467609653
9360,39.3,30.375999450683594,76.0,0.0,7.1,6.3,25.836073152084296,57.385251206459
9361,25.4,30.375999450683594,76.0,0.0,6.7,7.8,29.89999553213658,46.3299968724956
9362,23.6,30.375999450683594,76.0,0.0,3.1,7.0,22.978281559031203,39.68479709132184
9363,39.4,30.375999450683594,76.0,0.0,3.3,8.3,17.98312711482467,51.98818898037727
9364,27.7,30.375999450683594,76.0,0.0,2.4,7.0,12.383704182754666,36.36859292792826
9365,39.8,30.375999450683594,76.0,0.0,4.9,7.8,14.776087913102735,50.14326153917191
9366,20.8,30.375999450683594,76.0,0.0,6.8,7.4,8.864627156025673,27.005239009217973
9367,18.8,30.375999450683594,76.0,0.0,5.8,6.3,16.06783527008959,30.047484689062713
9368,19.0,30.375999450683594,76.0,0.0,4.1,8.3,6.871169935978828,23.80981895518518
9369,15.4,30.375999450683594,76.0,0.0,4.1,6.6,10.338351458377424,22.636846020864198
9370,33.3,30.375999450683594,76.0,0.0,7.0,7.8,19.13689097789254,46.695823684524775
9371,31.6,30.375999450683594,76.0,0.0,7.9,6.4,14.803268293942475,41.96228780575973
9372,30.9,30.375999450683594,76.0,0.0,5.5,6.5,20.65051947728449,45.35536363409914
9373,27.6,30.375999450683594,76.0,0.0,2.4,6.2,22.946916848212453,43.66284179374872
9374,16.1,30.375999450683594,76.0,0.0,4.0,6.5,26.44649591600182,34.612547141201276
9375,34.3,30.375999450683594,76.0,0.0,5.2,7.6,16.473392112522795,45.83137447876595
9376,39.3,30.375999450683594,76.0,0.0,6.0,7.8,18.46529322045103,52.22570525431572
9377,16.5,30.375999450683594,76.0,0.0,2.0,8.2,9.551412770283559,23.18598893919849
9378,21.7,30.375999450683594,76.0,0.0,4.1,7.2,15.309505861521796,32.416654103065255
9379,27.0,30.375999450683594,76.0,0.0,6.6,6.8,25.14795724375985,44.603570070631896
9380,30.0,30.375999450683594,76.0,0.0,7.9,7.6,13.633551259513,39.5434858816591
9381,23.1,30.375999450683594,76.0,0.0,3.9,7.8,15.543233008936165,33.980263106255315
9382,28.3,30.375999450683594,76.0,0.0,3.5,7.9,11.136707252658338,36.095695076860835
9383,22.5,30.375999450683594,76.0,0.0,5.3,7.6,5.556197826964569,26.3893384788752
9384,20.4,30.375999450683594,76.0,0.0,6.8,8.2,9.722003662497865,27.205402563748503
9385,19.4,30.375999450683594,76.0,0.0,5.1,7.7,19.89344606400227,33.32541224480158
9386,26.6,30.375999450683594,76.0,0.0,7.4,7.0,29.297602834009563,47.10832198380669
9387,34.7,30.375999450683594,76.0,0.0,7.1,7.2,18.965962831222882,47.97617398185602
9388,19.4,30.375999450683594,76.0,0.0,7.3,6.6,14.723115985707972,29.70618118999558
9389,33.7,30.375999450683594,76.0,0.0,6.7,8.0,20.07295724395682,47.75107007076978
9390,15.8,30.375999450683594,76.0,0.0,6.4,6.9,16.866521437084184,27.606565005958927
9391,22.6,30.375999450683594,76.0,0.0,7.0,7.7,8.74299997621797,28.72009998335258
9392,38.4,30.375999450683594,76.0,0.0,7.2,6.2,26.632886890818128,57.04302082357269
9393,17.7,30.375999450683594,76.0,0.0,7.5,8.4,10.227986959550416,24.859590871685292
9394,19.2,30.375999450683594,76.0,0.0,4.3,6.8,5.880842475405719,23.316589732784003
9395,18.3,30.375999450683594,76.0,0.0,6.8,6.1,29.303861753372562,38.81270322736079
9396,23.7,30.375999450683594,76.0,0.0,4.1,7.7,27.972369219515347,43.28065845366074
9397,31.4,30.375999450683594,76.0,0.0,6.0,7.7,22.094582936467,46.8662080555269
9398,31.1,30.375999450683594,76.0,0.0,4.8,7.2,14.11392232812146,40.97974562968502
9399,27.6,30.375999450683594,76.0,0.0,2.7,7.0,5.454892901701112,31.41842503119078
9400,37.2,30.375999450683594,76.0,0.0,5.9,7.6,27.18910749508167,56.23237524655717
9401,19.7,30.375999450683594,76.0,0.0,4.7,7.3,16.831391807980488,31.481974265586338
9402,29.2,30.375999450683594,76.0,0.0,4.5,8.5,20.173058024265856,43.3211406169861
9403,37.3,30.375999450683594,76.0,0.0,5.4,6.9,28.190203794455254,57.03314265611867
9404,23.8,30.375999450683594,76.0,0.0,3.3,6.8,11.059843248458748,31.541890273921123
9405,21.0,30.375999450683594,76.0,0.0,4.3,8.3,7.654860063864826,26.35840204470538
9406,28.1,30.375999450683594,76.0,0.0,7.2,6.1,10.203172028615866,35.2422204200311
9407,25.7,30.375999450683594,76.0,0.0,2.4,6.7,8.54901260031189,31.684308820218323
9408,33.4,30.375999450683594,76.0,0.0,7.3,7.7,10.79617307764801,40.95732115435361
9409,24.3,30.375999450683594,76.0,0.0,5.9,6.3,22.758000458774347,40.23060032114204
9410,34.0,30.375999450683594,76.0,0.0,4.1,7.0,19.747304718783234,47.82311330314826
9411,28.3,30.375999450683594,76.0,0.0,6.1,6.1,20.02762511646918,42.31933758152843
9412,34.5,30.375999450683594,76.0,0.0,2.2,6.1,28.988624992422594,54.79203749469582
9413,27.8,30.375999450683594,76.0,0.0,6.1,7.7,23.793977225897784,44.455784058128444
9414,24.8,30.375999450683594,76.0,0.0,7.9,6.3,13.664976372867667,34.365483461007365
9415,34.7,30.375999450683594,76.0,0.0,6.5,7.7,6.953614819974872,39.567530373982414
9416,29.6,30.375999450683594,76.0,0.0,7.6,7.8,24.0540548511432,46.43783839580024
9417,33.0,30.375999450683594,76.0,0.0,6.9,6.8,26.254183148043033,51.37792820363012
9418,23.6,30.375999450683594,76.0,0.0,6.7,6.8,6.914236575823178,28.439965603076224
9419,35.7,30.375999450683594,76.0,0.0,3.8,8.2,17.00808816326751,47.60566171428726
9420,39.6,30.775999069213867,74.0,0.0,2.7,6.4,17.216894858821654,51.65182640117516
9421,18.9,30.775999069213867,74.0,0.0,3.6,6.2,19.480735722020743,32.536515005414515
9422,18.4,30.775999069213867,74.0,0.0,5.9,7.7,10.417132161097722,25.691992512768405
9423,35.7,30.775999069213867,74.0,0.0,4.0,7.1,12.263563425742191,44.28449439801953
9424,28.6,30.775999069213867,74.0,0.0,3.5,8.3,17.63725296955713,40.946077078689996
9425,28.4,30.775999069213867,74.0,0.0,5.8,6.7,19.98205359325341,42.387437515277384
9426,28.8,30.775999069213867,74.0,0.0,5.3,7.2,15.5466228297741,39.682635980841866
9427,26.9,30.775999069213867,74.0,0.0,7.1,6.8,6.040345666245712,31.128241966371995
9428,37.9,30.775999069213867,74.0,0.0,7.8,7.9,21.184143468136163,52.72890042769531
9429,19.4,30.775999069213867,74.0,0.0,2.5,7.3,5.342810911092259,23.139967637764578
9430,34.6,30.775999069213867,74.0,0.0,5.3,6.5,9.202867089881787,41.04200696291725
9431,26.1,30.775999069213867,74.0,0.0,6.0,6.9,8.906400156349305,32.33448010944451
9432,16.8,30.775999069213867,74.0,0.0,7.8,8.2,19.5438627992608,30.48070395948256
9433,39.1,30.775999069213867,74.0,0.0,3.3,8.3,28.131276367429155,58.79189345720041
9434,34.5,30.775999069213867,74.0,0.0,7.6,6.7,23.800148125806487,51.16010368806454
9435,15.1,30.775999069213867,74.0,0.0,2.9,7.2,6.678719367087966,19.775103556961575
9436,24.9,30.775999069213867,74.0,0.0,5.4,7.1,9.52724012955071,31.569068090685494
9437,35.6,30.775999069213867,74.0,0.0,6.3,6.9,8.175876606339568,41.323113624437696
9438,37.1,30.775999069213867,74.0,0.0,3.1,7.1,28.609167879124584,57.12641751538721
9439,26.2,30.775999069213867,74.0,0.0,6.4,7.0,13.083108151757779,35.35817570623044
9440,33.1,30.775999069213867,74.0,0.0,3.8,6.3,7.755304046037773,38.52871283222644
9441,27.6,30.775999069213867,74.0,0.0,6.9,8.4,21.19842452227667,42.43889716559367
9442,32.8,30.775999069213867,74.0,0.0,7.1,7.4,13.890093231260906,42.52306526188263
9443,22.9,30.775999069213867,74.0,0.0,4.2,7.5,5.763137079042453,26.934195955329717
9444,34.5,30.775999069213867,74.0,0.0,4.5,6.9,10.30946785785348,41.71662750049744
9445,22.4,30.775999069213867,74.0,0.0,3.0,6.2,27.415623099240314,41.59093616946822
9446,34.3,30.775999069213867,74.0,0.0,7.3,7.7,12.821369029023224,43.27495832031625
9447,25.7,30.775999069213867,74.0,0.0,4.7,6.2,16.630337650398985,37.34123635527929
9448,32.7,30.775999069213867,74.0,0.0,4.5,7.8,11.630387334034022,40.84127113382382
9449,31.3,30.775999069213867,74.0,0.0,7.1,7.9,12.55769910213383,40.09038937149368
9450,23.1,30.775999069213867,74.0,0.0,4.6,6.3,10.86230453188824,30.70361317232177
9451,37.6,30.775999069213867,74.0,0.0,7.2,7.3,25.111379573156533,55.17796570120957
9452,37.7,30.775999069213867,74.0,0.0,7.0,7.4,21.545179478889754,52.78162563522283
9453,30.0,30.775999069213867,74.0,0.0,6.6,7.9,27.019487711582464,48.91364139810773
9454,31.1,30.775999069213867,74.0,0.0,4.1,7.6,5.894932111307028,35.22645247791492
9455,18.8,30.775999069213867,74.0,0.0,3.7,8.3,17.32665439908367,30.92865807935857
9456,20.5,30.775999069213867,74.0,0.0,5.5,8.1,16.98315669157435,32.388209684102044
9457,27.0,30.775999069213867,74.0,0.0,5.7,7.9,25.999274002483688,45.19949180173858
9458,38.5,30.775999069213867,74.0,0.0,5.7,6.9,7.834786230323186,43.98435036122623
9459,27.7,30.775999069213867,74.0,0.0,5.7,6.1,20.275072011551813,41.892550408086265
9460,23.6,30.775999069213867,74.0,0.0,2.0,7.6,21.07865526476997,38.35505868533898
9461,26.2,30.775999069213867,74.0,0.0,6.9,8.2,15.64046140255279,37.14832298178695
9462,34.0,30.775999069213867,74.0,0.0,2.8,7.2,12.371466993576187,42.66002689550333
9463,25.9,30.775999069213867,74.0,0.0,7.4,8.3,9.914181397261036,32.83992697808272
9464,33.7,30.775999069213867,74.0,0.0,3.1,6.9,11.919515431692165,42.04366080218452
9465,20.5,30.775999069213867,74.0,0.0,5.7,8.2,19.357170908226454,34.05001963575852
9466,24.0,30.775999069213867,74.0,0.0,6.6,7.7,21.35579665654689,38.94905765958282
9467,30.8,30.775999069213867,74.0,0.0,6.6,6.7,26.66120213010078,49.46284149107055
9468,24.7,30.775999069213867,74.0,0.0,6.2,8.4,8.132660175247157,30.39286212267301
9469,20.7,30.775999069213867,74.0,0.0,5.9,8.3,26.053614963979857,38.9375304747859
9470,36.5,30.775999069213867,74.0,0.0,8.0,8.4,22.344454968956573,52.141118478269604
9471,19.9,30.775999069213867,74.0,0.0,6.7,7.4,19.218451219276957,33.35291585349387
9472,38.6,30.775999069213867,74.0,0.0,5.5,6.3,20.512962694084365,52.959073885859056
9473,15.8,30.775999069213867,74.0,0.0,5.4,7.2,29.32747336003603,36.32923135202522
9474,18.9,30.775999069213867,74.0,0.0,4.8,7.1,18.725235958685104,32.00766517107957
9475,38.9,30.775999069213867,74.0,0.0,5.6,7.0,12.919922401267282,47.9439456808871
9476,36.3,30.775999069213867,74.0,0.0,7.4,8.0,5.303787259327201,40.012651081529036
9477,18.9,30.775999069213867,74.0,0.0,4.3,6.8,19.17762952116322,32.32434066481425
9478,33.4,30.775999069213867,74.0,0.0,7.8,6.3,16.643757915145194,45.05063054060163
9479,20.6,30.775999069213867,74.0,0.0,3.0,6.4,20.265132438686877,34.785592707080816
9480,22.1,30.775999069213867,74.0,0.0,4.6,7.5,13.516936906752983,31.56185583472709
9481,15.7,30.775999069213867,74.0,0.0,4.6,7.1,6.773457243036667,20.441420070125666
9482,23.5,30.775999069213867,74.0,0.0,2.8,7.7,20.10942240026562,37.57659568018593
9483,35.0,30.775999069213867,74.0,0.0,7.7,6.2,21.194341311745962,49.83603891822217
9484,23.5,30.775999069213867,74.0,0.0,6.1,7.8,13.139490373004815,32.697643261103366
9485,37.2,30.775999069213867,74.0,0.0,7.0,8.0,14.570726370045168,47.39950845903162
9486,21.2,30.775999069213867,74.0,0.0,5.8,6.3,22.002302877246024,36.60161201407222
9487,25.5,30.775999069213867,74.0,0.0,3.0,6.2,8.835489372262618,31.68484256058383
9488,38.1,30.775999069213867,74.0,0.0,7.6,6.9,19.69653736128059,51.887576152896415
9489,16.8,30.775999069213867,74.0,0.0,5.2,6.9,24.165149154947905,33.715604408463534
9490,26.0,30.775999069213867,74.0,0.0,7.9,7.3,17.37457180774288,38.16220026542001
9491,39.9,30.775999069213867,74.0,0.0,2.1,7.5,22.914506140609298,55.940154298426506
9492,15.6,30.775999069213867,74.0,0.0,3.8,8.4,6.672346759709406,20.270642731796585
9493,40.0,30.775999069213867,74.0,0.0,5.6,8.2,28.353659555915943,59.84756168914116
9494,22.0,30.775999069213867,74.0,0.0,5.2,6.4,21.90547748012348,37.33383423608643
9495,33.7,30.775999069213867,74.0,0.0,7.1,7.1,15.384796817843512,44.46935777249046
9496,25.0,30.775999069213867,74.0,0.0,6.3,6.7,26.010643273637566,43.207450291546294
9497,22.8,30.775999069213867,74.0,0.0,7.3,7.4,17.40631923567927,34.98442346497549
9498,22.1,30.775999069213867,74.0,0.0,4.3,7.8,29.549165126408976,42.78441558848628
9499,28.4,30.775999069213867,74.0,0.0,8.0,8.1,13.120119762115893,37.584083833481124
9500,30.1,30.775999069213867,74.0,0.0,4.6,6.2,27.671251975758,49.4698763830306
9501,21.3,30.775999069213867,74.0,0.0,4.6,7.0,12.502107052792635,30.051474936954847
9502,18.4,30.775999069213867,74.0,0.0,7.7,6.4,15.895439540241341,29.526807678168936
9503,24.0,30.775999069213867,74.0,0.0,8.0,7.1,17.641624507249727,36.34913715507481
9504,25.7,30.775999069213867,74.0,0.0,6.3,7.4,18.36408824090669,38.55486176863468
9505,18.3,30.775999069213867,74.0,0.0,7.6,6.8,16.219979732101613,29.653985812471127
9506,36.7,30.775999069213867,74.0,0.0,3.0,8.5,15.110966010162114,47.27767620711348
9507,30.8,30.775999069213867,74.0,0.0,2.2,7.9,18.725021864243416,43.90751530497039
9508,37.7,30.775999069213867,74.0,0.0,2.0,7.1,14.033657319261962,47.52356012348338
9509,27.0,30.775999069213867,74.0,0.0,6.5,7.4,28.85667448389473,47.199672138726314
9510,24.6,30.775999069213867,74.0,0.0,2.5,7.1,9.740341030537316,31.41823872137612
9511,17.4,30.775999069213867,74.0,0.0,4.7,6.3,22.96736812845512,33.477157689918585
9512,21.8,30.775999069213867,74.0,0.0,6.6,6.6,7.433014621498442,27.003110235048908
9513,22.0,30.775999069213867,74.0,0.0,3.1,7.3,20.269532643072274,36.18867285015059
9514,16.0,30.775999069213867,74.0,0.0,4.7,7.7,22.89828437344046,32.02879906140832
9515,15.6,30.775999069213867,74.0,0.0,5.5,7.9,26.38526539896034,34.069685779272234
9516,15.7,30.775999069213867,74.0,0.0,7.3,8.1,6.2235377504784175,20.056476425334893
9517,23.8,30.775999069213867,74.0,0.0,3.4,6.4,17.009295519934824,35.706506863954374
9518,25.6,30.775999069213867,74.0,0.0,6.1,8.0,9.088997048982273,31.96229793428759
9519,35.3,30.775999069213867,74.0,0.0,7.9,8.2,14.489082936662626,45.44235805566383
9520,18.7,30.775999069213867,74.0,0.0,2.7,6.7,14.020059546615222,28.514041682630655
9521,35.8,30.775999069213867,74.0,0.0,5.7,7.5,13.585256905843746,45.309679834090616
9522,30.4,30.775999069213867,74.0,0.0,5.0,8.0,29.713000528354595,51.19910036984821
9523,31.1,30.775999069213867,74.0,0.0,3.8,6.5,27.29354127803653,50.20547889462557
9524,22.0,30.775999069213867,74.0,0.0,4.4,8.1,25.510598852032853,39.857419196422995
9525,16.3,30.775999069213867,74.0,0.0,7.8,6.6,15.079929808206916,26.85595086574484
9526,23.6,30.775999069213867,74.0,0.0,2.4,7.1,14.087118560461624,33.46098299232314
9527,21.2,30.775999069213867,74.0,0.0,7.0,7.8,21.54827678710772,36.283793750975406
9528,26.8,30.775999069213867,74.0,0.0,2.1,6.6,25.92057104013965,44.94439972809775
9529,18.6,30.775999069213867,74.0,0.0,4.1,7.0,21.86995438384087,33.90896806868861
9530,16.6,30.775999069213867,74.0,0.0,7.9,7.2,6.656614675466467,21.259630272826527
9531,36.7,30.775999069213867,74.0,0.0,5.7,6.8,5.382012676513982,40.46740887355979
9532,31.0,30.775999069213867,74.0,0.0,4.5,6.5,23.90107436949634,47.73075205864744
9533,29.9,30.775999069213867,74.0,0.0,7.1,6.7,8.446340238792448,35.81243816715471
9534,23.0,30.775999069213867,74.0,0.0,5.7,6.4,9.68078859407353,29.776552015851472
9535,17.6,30.775999069213867,74.0,0.0,5.0,7.3,22.087888162514027,33.06152171375982
9536,26.7,30.775999069213867,74.0,0.0,3.3,7.7,26.611237977225983,45.327866584058185
9537,15.2,30.775999069213867,74.0,0.0,6.3,7.7,24.902766276787204,32.63193639375104
9538,18.4,30.775999069213867,74.0,0.0,6.7,6.3,6.085285668254665,22.659699967778263
9539,32.3,30.775999069213867,74.0,0.0,4.5,7.3,14.168942370152235,42.218259659106565
9540,19.0,30.47599983215332,75.0,0.0,5.9,8.0,9.076195663160217,25.35333696421215
9541,24.4,30.47599983215332,75.0,0.0,3.0,6.6,23.359493801435455,40.751645661004815
9542,27.8,30.47599983215332,75.0,0.0,7.8,6.1,21.488691128802632,42.842083790161844
9543,30.2,30.47599983215332,75.0,0.0,6.9,7.6,16.50276458478978,41.751935209352844
9544,24.9,30.47599983215332,75.0,0.0,2.9,7.6,9.777118027837352,31.743982619486143
9545,36.4,30.47599983215332,75.0,0.0,3.2,7.2,26.143841304811613,54.700688913368126
9546,38.7,30.47599983215332,75.0,0.0,3.8,8.1,27.45676074335013,57.91973252034509
9547,21.1,30.47599983215332,75.0,0.0,5.3,7.0,11.948110975421992,29.463677682795396
9548,35.6,30.47599983215332,75.0,0.0,7.1,6.5,19.767873957876784,49.43751177051375
9549,34.5,30.47599983215332,75.0,0.0,6.6,6.6,9.115698030612727,40.88098862142891
9550,22.4,30.47599983215332,75.0,0.0,5.8,6.4,22.06492763064179,37.84544934144925
9551,15.6,30.47599983215332,75.0,0.0,4.9,7.9,13.003995973677918,24.702797181574542
9552,20.6,30.47599983215332,75.0,0.0,3.1,7.4,9.974301780766343,27.58201124653644
9553,23.5,30.47599983215332,75.0,0.0,7.6,6.7,15.233776930416127,34.16364385129129
9554,31.1,30.47599983215332,75.0,0.0,7.6,7.2,21.995698561869528,46.49698899330867
9555,24.9,30.47599983215332,75.0,0.0,3.4,6.5,19.26782193852986,38.387475356970896
9556,34.8,30.47599983215332,75.0,0.0,4.0,8.0,28.272885947587962,54.59102016331157
9557,22.9,30.47599983215332,75.0,0.0,5.9,7.9,6.276962708119189,27.293873895683433
9558,38.3,30.47599983215332,75.0,0.0,3.3,7.0,18.601133817098276,51.32079367196879
9559,28.8,30.47599983215332,75.0,0.0,5.1,7.9,11.198216831285478,36.638751781899835
9560,21.1,30.47599983215332,75.0,0.0,3.9,7.4,20.44763116237661,35.41334181366363
9561,20.0,30.47599983215332,75.0,0.0,6.9,8.1,14.066480538696828,29.84653637708778
9562,29.2,30.47599983215332,75.0,0.0,3.6,6.2,6.49977344710967,33.74984141297677
9563,34.7,30.47599983215332,75.0,0.0,4.6,6.9,5.7547229241048665,38.728306046873406
9564,34.1,30.47599983215332,75.0,0.0,6.3,8.4,27.33306224651172,53.233143572558205
9565,30.0,30.47599983215332,75.0,0.0,4.7,8.2,9.640236111737703,36.74816527821639
9566,21.1,30.47599983215332,75.0,0.0,4.7,6.5,11.415248656840642,29.09067405978845
9567,26.2,30.47599983215332,75.0,0.0,6.3,7.8,27.416298258265474,45.39140878078583
9568,16.8,30.47599983215332,75.0,0.0,3.8,7.9,21.68701264296123,31.980908850072858
9569,18.5,30.47599983215332,75.0,0.0,5.8,6.7,9.00651155204254,24.80455808642978
9570,25.1,30.47599983215332,75.0,0.0,3.3,6.5,15.552285348634536,35.98659974404418
9571,37.2,30.47599983215332,75.0,0.0,7.2,7.4,21.497447882483264,52.248213517738286
9572,33.3,30.47599983215332,75.0,0.0,6.7,8.1,11.744770429327996,41.52133930052959
9573,24.7,30.47599983215332,75.0,0.0,2.0,6.7,29.950135292945035,45.66509470506152
9574,35.9,30.47599983215332,75.0,0.0,6.6,6.5,21.65453087121331,51.05817160984932
9575,25.4,30.47599983215332,75.0,0.0,7.3,6.9,27.274017680545803,44.49181237638206
9576,25.3,30.47599983215332,75.0,0.0,5.2,7.9,15.603403473758963,36.222382431631274
9577,27.1,30.47599983215332,75.0,0.0,7.8,8.3,18.018248437881006,39.7127739065167
9578,27.7,30.47599983215332,75.0,0.0,6.3,8.3,10.088663054477049,34.76206413813394
9579,20.8,30.47599983215332,75.0,0.0,5.5,8.1,14.279930069083694,30.795951048358585
9580,32.3,30.47599983215332,75.0,0.0,3.8,7.4,11.511163156870083,40.35781420980906
9581,33.3,30.47599983215332,75.0,0.0,3.4,6.9,10.50637799738767,40.654464598171366
9582,27.4,30.47599983215332,75.0,0.0,6.9,7.0,18.593868370875523,40.415707859612866
9583,17.2,30.47599983215332,75.0,0.0,6.0,6.7,8.082615564527007,22.857830895168902
9584,34.8,30.47599983215332,75.0,0.0,4.3,7.8,5.263092368569431,38.4841646579986
9585,32.4,30.47599983215332,75.0,0.0,2.6,8.1,12.445954138417857,41.1121678968925
9586,31.9,30.47599983215332,75.0,0.0,6.5,7.4,24.822954507427188,49.27606815519903
9587,33.5,30.47599983215332,75.0,0.0,7.2,6.9,29.259000536358904,53.98130037545123
9588,27.1,30.47599983215332,75.0,0.0,2.8,7.9,6.53900536593091,31.677303756151638
9589,31.1,30.47599983215332,75.0,0.0,4.7,7.6,19.034699851348897,44.42428989594423
9590,29.0,30.47599983215332,75.0,0.0,6.8,8.4,8.163692995527132,34.714585096868994
9591,26.4,30.47599983215332,75.0,0.0,4.2,6.8,18.255972643485716,39.17918085044
9592,27.3,30.47599983215332,75.0,0.0,5.7,7.9,7.047384264840243,32.23316898538817
9593,17.9,30.47599983215332,75.0,0.0,3.6,7.4,9.94733324135126,24.86313326894588
9594,25.7,30.47599983215332,75.0,0.0,6.0,7.2,18.488320470707194,38.64182432949504
9595,32.5,30.47599983215332,75.0,0.0,6.0,6.8,13.73055901832486,42.1113913128274
9596,17.4,30.47599983215332,75.0,0.0,6.2,7.2,13.573816884753004,26.9016718193271
9597,25.6,30.47599983215332,75.0,0.0,4.5,6.7,28.291981121074702,45.40438678475229
9598,34.5,30.47599983215332,75.0,0.0,5.0,8.0,15.159537474985298,45.11167623248971
9599,24.8,30.47599983215332,75.0,0.0,4.1,7.7,29.558660954886673,45.49106266842067
9600,26.3,30.125999450683594,77.0,0.0,6.3,7.1,5.779213663141168,30.345449564198816
9601,22.7,30.125999450683594,77.0,0.0,5.5,7.0,19.370113416422384,36.25907939149567
9602,19.4,30.125999450683594,77.0,0.0,2.4,6.2,17.391603004173945,31.57412210292176
9603,39.4,30.125999450683594,77.0,0.0,6.8,6.1,22.676807449790648,55.273765214853455
9604,37.4,30.125999450683594,77.0,0.0,5.8,6.7,29.70528250395504,58.19369775276853
9605,21.4,30.125999450683594,77.0,0.0,4.1,6.8,11.885281743714618,29.71969722060023
9606,25.0,30.125999450683594,77.0,0.0,4.4,8.2,24.203541608749873,41.94247912612491
9607,15.8,30.125999450683594,77.0,0.0,3.2,8.2,9.343929600781957,22.34075072054737
9608,22.0,30.125999450683594,77.0,0.0,2.1,8.3,28.911558070339638,42.23809064923775
9609,15.9,30.125999450683594,77.0,0.0,4.4,6.8,6.787787889531545,20.651451522672083
9610,21.5,30.125999450683594,77.0,0.0,7.2,6.8,22.262688008742945,37.08388160612006
9611,24.3,30.125999450683594,77.0,0.0,6.7,7.8,9.969193700908956,31.27843559063627
9612,29.8,30.125999450683594,77.0,0.0,5.4,6.2,22.882633432627596,45.817843402839316
9613,34.5,30.125999450683594,77.0,0.0,2.7,8.0,26.26065111450359,52.88245578015251
9614,27.2,30.125999450683594,77.0,0.0,6.7,8.0,29.71097569779679,47.997682988457754
9615,16.7,30.125999450683594,77.0,0.0,5.0,6.1,19.892736956131287,30.6249158692919
9616,32.9,30.125999450683594,77.0,0.0,3.6,6.1,7.08484989394179,37.859394925759254
9617,20.0,30.125999450683594,77.0,0.0,7.8,7.6,29.227466768076333,40.45922673765343
9618,21.8,30.125999450683594,77.0,0.0,3.6,7.3,10.266725644069396,28.986707950848576
9619,37.7,30.125999450683594,77.0,0.0,7.0,7.9,13.49749507441425,47.14824655208998
9620,22.1,30.125999450683594,77.0,0.0,4.9,7.9,11.199741539200154,29.93981907744011
9621,35.0,30.125999450683594,77.0,0.0,7.9,8.0,15.333350479252735,45.73334533547691
9622,31.9,30.125999450683594,77.0,0.0,5.7,6.0,21.42523744244502,46.89766620971151
9623,26.9,30.125999450683594,77.0,0.0,2.1,6.6,24.35691320193014,43.9498392413511
9624,17.7,30.125999450683594,77.0,0.0,3.9,8.5,28.434937786644504,37.60445645065115
9625,15.4,30.125999450683594,77.0,0.0,3.6,7.9,13.842983750285919,25.090088625200146
9626,38.1,30.125999450683594,77.0,0.0,5.2,6.6,6.634946685597602,42.74446267991832
9627,15.2,30.125999450683594,77.0,0.0,6.8,8.2,23.73303454353049,31.81312418047134
9628,35.8,30.125999450683594,77.0,0.0,6.6,7.5,10.743855596004385,43.32069891720307
9629,23.8,30.125999450683594,77.0,0.0,2.8,7.3,26.942076391430266,42.65945347400118
9630,39.3,30.125999450683594,77.0,0.0,4.3,6.9,27.85759574666146,58.800317022663016
9631,28.2,30.125999450683594,77.0,0.0,4.6,7.2,16.70419057000073,39.89293339900051
9632,22.0,30.125999450683594,77.0,0.0,4.5,8.1,12.933792386918999,31.0536546708433
9633,20.2,30.125999450683594,77.0,0.0,4.5,6.3,9.493882318333462,26.845717622833423
9634,31.7,30.125999450683594,77.0,0.0,5.8,8.2,9.059298793424055,38.04150915539684
9635,23.9,30.125999450683594,77.0,0.0,2.2,6.4,19.984524840299585,37.88916738820971
9636,24.8,30.125999450683594,77.0,0.0,5.2,6.1,16.88591402814457,36.620139819701194
9637,22.0,30.125999450683594,77.0,0.0,3.5,8.0,14.766125038451573,32.3362875269161
9638,30.5,30.125999450683594,77.0,0.0,7.4,7.4,26.895091452744254,49.326564016920976
9639,38.2,30.125999450683594,77.0,0.0,2.7,8.1,24.65624346170198,55.45937042319139
9640,31.8,30.125999450683594,77.0,0.0,5.8,7.2,6.423339106216925,36.29633737435185
9641,31.3,30.125999450683594,77.0,0.0,5.7,6.6,18.230042262823233,44.061029583976264
9642,19.4,30.125999450683594,77.0,0.0,3.7,6.1,19.755517617265127,33.22886233208558
9643,20.5,30.125999450683594,77.0,0.0,7.0,7.3,13.660105859792044,30.062074101854428
9644,32.2,30.125999450683594,77.0,0.0,7.5,7.5,21.81335616832613,47.46934931782829
9645,25.0,30.125999450683594,77.0,0.0,4.4,8.5,17.754017337065445,37.427812135945814
9646,25.7,30.125999450683594,77.0,0.0,4.5,8.4,9.954473472297341,32.668131430608135
9647,18.4,30.125999450683594,77.0,0.0,7.8,6.7,9.63571183676872,25.144998285738104
9648,24.6,30.125999450683594,77.0,0.0,5.7,8.0,12.909091416229192,33.63636399136043
9649,20.9,30.125999450683594,77.0,0.0,4.5,8.4,19.732734741149844,34.71291431880489
9650,35.3,30.125999450683594,77.0,0.0,4.0,7.2,27.650306879883793,54.655214815918654
9651,23.9,30.125999450683594,77.0,0.0,3.4,7.9,25.65594934808686,41.859164543660796
9652,15.5,30.125999450683594,77.0,0.0,4.0,7.2,17.501240963673844,27.75086867457169
9653,18.2,30.125999450683594,77.0,0.0,2.1,6.9,16.249068168162847,29.57434771771399
9654,17.8,30.125999450683594,77.0,0.0,5.1,6.8,12.014939771642577,26.210457840149804
9655,25.2,30.125999450683594,77.0,0.0,6.7,6.7,11.365095315756136,33.155566721029295
9656,31.9,30.125999450683594,77.0,0.0,3.8,8.4,22.40426716881372,47.582987018169604
9657,27.9,30.125999450683594,77.0,0.0,3.0,6.1,16.01009070974382,39.10706349682067
9658,38.8,30.125999450683594,77.0,0.0,5.9,6.2,5.253186898363536,42.47723082885447
9659,24.3,30.125999450683594,77.0,0.0,3.4,6.7,26.440344825768527,42.80824137803797
9660,29.5,29.67599868774414,79.0,0.0,2.8,7.0,22.51706419090683,45.26194493363478
9661,26.0,29.67599868774414,79.0,0.0,2.7,7.0,5.6832399319196885,29.97826795234378
9662,30.5,29.67599868774414,79.0,0.0,2.9,7.3,24.696369032891777,47.78745832302424
9663,33.2,29.67599868774414,79.0,0.0,7.6,7.0,23.04588968677718,49.33212278074403
9664,31.5,29.67599868774414,79.0,0.0,7.3,6.4,9.497161299360913,38.14801290955264
9665,36.2,29.67599868774414,79.0,0.0,3.0,6.1,13.079811048769555,45.35586773413869
9666,26.9,29.67599868774414,79.0,0.0,5.1,7.4,9.295515119668451,33.406860583767916
9667,37.4,29.67599868774414,79.0,0.0,3.9,6.4,13.539299427874836,46.87750959951238
9668,32.2,29.67599868774414,79.0,0.0,4.5,6.6,18.50503001422571,45.153521009958
9669,39.3,29.67599868774414,79.0,0.0,6.8,6.2,25.334704503064984,57.03429315214548
9670,24.6,29.67599868774414,79.0,0.0,7.7,8.2,28.929887808216808,44.85092146575177
9671,34.7,29.67599868774414,79.0,0.0,6.5,7.6,14.159931273072338,44.61195189115064
9672,19.2,29.67599868774414,79.0,0.0,2.1,8.0,17.352309471882144,31.3466166303175
9673,37.6,29.67599868774414,79.0,0.0,2.5,7.2,10.686830496192657,45.08078134733486
9674,39.4,29.67599868774414,79.0,0.0,5.0,7.0,29.622818293536692,60.13597280547568
9675,21.9,29.67599868774414,79.0,0.0,2.4,7.5,25.619276522264624,39.83349356558523
9676,21.2,29.67599868774414,79.0,0.0,6.8,7.6,16.070605922767975,32.449424145937584
9677,25.1,29.67599868774414,79.0,0.0,2.8,7.1,5.818076635876902,29.172653645113833
9678,23.5,29.67599868774414,79.0,0.0,3.1,8.4,11.298176679748796,31.408723675824156
9679,18.4,29.67599868774414,79.0,0.0,3.8,6.6,13.469368983943315,27.82855828876032
9680,33.4,29.67599868774414,79.0,0.0,4.4,6.5,20.614691444310516,47.830284011017355
9681,23.6,29.67599868774414,79.0,0.0,3.2,8.5,16.11672210659672,34.8817054746177
9682,27.0,29.67599868774414,79.0,0.0,6.1,8.4,29.454476339000326,47.61813343730023
9683,15.7,29.67599868774414,79.0,0.0,3.0,7.5,21.745957176274906,30.922170023392432
9684,35.0,29.67599868774414,79.0,0.0,5.3,7.3,24.619008200876994,52.23330574061389
9685,28.6,29.67599868774414,79.0,0.0,5.0,7.7,20.908277260637867,43.2357940824465
9686,23.4,29.67599868774414,79.0,0.0,6.2,7.9,9.168952852446756,29.818266996712726
9687,28.5,29.67599868774414,79.0,0.0,7.6,7.9,13.369284952994905,37.858499467096436
9688,22.3,29.67599868774414,79.0,0.0,6.1,7.3,21.36185841740452,37.25330089218316
9689,30.1,29.67599868774414,79.0,0.0,7.1,6.5,6.679903370858895,34.77593235960123
9690,27.0,29.67599868774414,79.0,0.0,7.9,7.4,28.925783925307194,47.24804874771503
9691,31.5,29.67599868774414,79.0,0.0,6.0,6.7,26.75550803487298,50.22885562441108
9692,35.8,29.67599868774414,79.0,0.0,5.9,8.0,28.904918511424412,56.03344295799708
9693,26.7,29.67599868774414,79.0,0.0,2.3,6.6,7.357778107078509,31.850444674954957
9694,27.0,29.67599868774414,79.0,0.0,7.4,7.8,6.690244987284595,31.683171491099216
9695,27.1,29.67599868774414,79.0,0.0,7.4,6.7,22.174122297214932,42.621885608050455
9696,30.3,29.67599868774414,79.0,0.0,6.2,7.2,22.932449695599132,46.35271478691939
9697,35.5,29.67599868774414,79.0,0.0,5.9,8.5,29.9252626562975,56.44768385940825
9698,28.4,29.67599868774414,79.0,0.0,7.0,6.7,25.989107336727617,46.59237513570933
9699,39.3,29.67599868774414,79.0,0.0,4.7,6.8,24.41981142466533,56.39386799726573
9700,21.9,29.67599868774414,79.0,0.0,4.9,8.5,22.55043512354227,37.68530458647959
9701,38.3,29.67599868774414,79.0,0.0,2.1,8.4,8.324989998135393,44.12749299869477
9702,33.3,29.67599868774414,79.0,0.0,3.9,8.4,28.881955937797002,53.517369156457896
9703,23.8,29.67599868774414,79.0,0.0,7.4,6.4,26.614758636204872,42.43033104534341
9704,25.4,29.67599868774414,79.0,0.0,7.6,8.4,25.14013715791898,42.99809601054328
9705,24.0,29.67599868774414,79.0,0.0,3.8,6.8,15.250451175991651,34.675315823194154
9706,28.8,29.67599868774414,79.0,0.0,6.6,8.5,22.59655781003116,44.61759046702181
9707,33.1,29.67599868774414,79.0,0.0,4.9,7.8,13.979347600019324,42.885543320013525
9708,24.7,29.67599868774414,79.0,0.0,6.7,6.2,21.10056503148551,39.47039552203985
9709,31.4,29.67599868774414,79.0,0.0,5.4,8.3,19.996258598997052,45.39738101929794
9710,38.9,29.67599868774414,79.0,0.0,7.2,7.2,11.009238675192336,46.60646707263463
9711,23.9,29.67599868774414,79.0,0.0,2.4,7.2,24.77561208042957,41.242928456300696
9712,17.8,29.67599868774414,79.0,0.0,3.6,7.2,23.192082467662384,34.03445772736367
9713,28.0,29.67599868774414,79.0,0.0,7.0,6.2,11.761965903456957,36.23337613241987
9714,35.5,29.67599868774414,79.0,0.0,3.5,7.2,21.105997596341396,50.27419831743897
9715,25.4,29.67599868774414,79.0,0.0,4.0,7.3,10.249194411493393,32.574436088045374
9716,38.3,29.67599868774414,79.0,0.0,3.8,6.9,17.131434412383577,50.2920040886685
9717,34.0,29.67599868774414,79.0,0.0,4.0,6.0,20.648731029676007,48.454111720773206
9718,21.8,29.67599868774414,79.0,0.0,2.3,6.0,25.965119386022128,39.97558357021549
9719,36.9,29.67599868774414,79.0,0.0,2.4,6.1,20.45348488480073,51.21743941936051
9720,31.6,29.125999450683594,82.0,0.0,5.6,6.9,10.78623759515089,39.15036631660563
9721,21.9,29.125999450683594,82.0,0.0,2.7,7.3,29.253031878693605,42.37712231508552
9722,31.1,29.125999450683594,82.0,0.0,2.2,7.1,17.686028407007182,43.480219884905026
9723,35.3,29.125999450683594,82.0,0.0,6.5,7.5,16.66932535094406,46.968527745660836
9724,38.5,29.125999450683594,82.0,0.0,3.1,7.7,22.85667883823944,54.499675186767604
9725,36.3,29.125999450683594,82.0,0.0,7.4,6.6,14.461489051445449,46.42304233601181
9726,33.2,29.125999450683594,82.0,0.0,3.5,6.9,25.760634068993202,51.23244384829525
9727,23.8,29.125999450683594,82.0,0.0,5.2,6.0,26.30129909390559,42.21090936573391
9728,20.0,29.125999450683594,82.0,0.0,7.8,7.0,22.981285724361047,36.08690000705273
9729,24.8,29.125999450683594,82.0,0.0,7.0,6.4,8.868999526043881,31.008299668230716
9730,18.3,29.125999450683594,82.0,0.0,3.1,8.2,15.462674854808569,29.123872398365997
9731,29.4,29.125999450683594,82.0,0.0,7.9,8.3,6.741391350056654,34.118973945039656
9732,18.0,29.125999450683594,82.0,0.0,6.1,7.9,5.029734085459926,21.52081385982195
9733,20.2,29.125999450683594,82.0,0.0,5.9,7.8,18.335717697160614,33.03500238801243
9734,21.8,29.125999450683594,82.0,0.0,4.9,6.5,10.382297320721582,29.067608124505107
9735,20.5,29.125999450683594,82.0,0.0,3.6,6.5,20.50396539993541,34.85277577995478
9736,28.8,29.125999450683594,82.0,0.0,4.5,7.9,16.928357303477767,40.649850112434436
9737,23.1,29.125999450683594,82.0,0.0,6.5,7.2,9.33820944750494,29.636746613253457
9738,33.6,29.125999450683594,82.0,0.0,2.4,8.2,23.099558730647843,49.76969111145349
9739,18.8,29.125999450683594,82.0,0.0,4.2,7.4,21.202133815319964,33.641493670723975
9740,33.9,29.125999450683594,82.0,0.0,7.6,6.9,23.806241400969043,50.564368980678324
9741,31.4,29.125999450683594,82.0,0.0,7.0,8.5,8.585375568596655,37.409762898017654
9742,20.0,29.125999450683594,82.0,0.0,6.6,8.3,18.54516759402651,32.98161731581855
9743,36.5,29.125999450683594,82.0,0.0,7.1,8.0,16.37805612308737,47.96463928616116
9744,24.8,29.125999450683594,82.0,0.0,3.0,6.8,29.95485091751567,45.76839564226097
9745,31.7,29.125999450683594,82.0,0.0,4.5,7.0,13.696567382722947,41.28759716790606
9746,31.1,29.125999450683594,82.0,0.0,4.4,7.8,25.337962815510988,48.83657397085769
9747,25.6,29.125999450683594,82.0,0.0,5.1,6.5,25.37292627039772,43.36104838927841
9748,20.5,29.125999450683594,82.0,0.0,5.4,7.8,10.806632798173226,28.064642958721258
9749,34.4,29.125999450683594,82.0,0.0,7.1,7.6,8.855020945457674,40.598514661820374
9750,20.0,29.125999450683594,82.0,0.0,5.2,6.8,28.244732681836886,39.77131287728582
9751,24.3,29.125999450683594,82.0,0.0,2.3,6.9,12.910428194375418,33.33729973606279
9752,32.1,29.125999450683594,82.0,0.0,4.2,7.0,17.088241279907127,44.06176889593499
9753,23.9,29.125999450683594,82.0,0.0,5.4,8.4,23.62120031816047,40.434840222712324
9754,24.2,29.125999450683594,82.0,0.0,2.5,7.2,13.650647615223662,33.755453330656565
9755,15.0,29.125999450683594,82.0,0.0,4.5,6.5,21.868128722764325,30.307690105935027
9756,28.5,29.125999450683594,82.0,0.0,5.7,6.9,7.470407918369921,33.729285542858946
9757,15.1,29.125999450683594,82.0,0.0,3.9,6.2,5.86179821582787,19.20325875107951
9758,25.6,29.125999450683594,82.0,0.0,2.3,7.5,23.298727387250015,41.90910917107501
9759,32.7,29.125999450683594,82.0,0.0,5.6,8.1,11.289393153775915,40.60257520764314
9760,23.0,29.125999450683594,82.0,0.0,6.8,7.4,26.95485559532658,41.86839891672861
9761,29.1,29.125999450683594,82.0,0.0,3.1,6.4,18.100915803582545,41.77064106250778
9762,28.7,29.125999450683594,82.0,0.0,7.0,6.9,11.759175308459383,36.93142271592157
9763,39.9,29.125999450683594,82.0,0.0,4.7,7.4,18.92263051304777,53.14584135913344
9764,32.5,29.125999450683594,82.0,0.0,6.0,8.2,13.574150058319294,42.0019050408235
9765,26.6,29.125999450683594,82.0,0.0,3.4,7.0,29.577755215612086,47.30442865092846
9766,23.9,29.125999450683594,82.0,0.0,6.1,7.2,20.44617373606919,38.21232161524843
9767,22.0,29.125999450683594,82.0,0.0,7.7,8.4,14.891408791368015,32.423986153957614
9768,31.3,29.125999450683594,82.0,0.0,4.8,7.2,10.96968839860754,38.97878187902528
9769,35.8,29.125999450683594,82.0,0.0,2.5,7.1,21.876334880189255,51.11343441613248
9770,20.2,29.125999450683594,82.0,0.0,2.3,7.4,15.120063806743222,30.784044664720255
9771,40.0,29.125999450683594,82.0,0.0,7.9,7.4,6.758596828138612,44.73101777969703
9772,36.3,29.125999450683594,82.0,0.0,5.7,8.1,11.743982558008117,44.52078779060568
9773,33.0,29.125999450683594,82.0,0.0,2.9,7.9,14.269064839532891,42.98834538767302
9774,20.5,29.125999450683594,82.0,0.0,7.2,7.0,13.0851170733829,29.65958195136803
9775,31.7,29.125999450683594,82.0,0.0,2.7,6.0,13.87244594468019,41.41071216127613
9776,37.2,29.125999450683594,82.0,0.0,7.5,8.4,16.609088077940374,48.82636165455826
9777,37.7,29.125999450683594,82.0,0.0,7.2,6.5,19.28256929131951,51.197798503923664
9778,15.6,29.125999450683594,82.0,0.0,2.7,7.7,6.172588742031399,19.920812119421978
9779,24.7,29.125999450683594,82.0,0.0,3.1,7.6,23.269648135181384,40.988753694626965
9780,15.5,28.625999450683594,84.0,0.0,4.8,6.5,13.05415601415342,24.63790920990739
9781,23.5,28.625999450683594,84.0,0.0,3.1,6.2,28.9647062742133,43.77529439194931
9782,18.2,28.625999450683594,84.0,0.0,6.5,8.3,14.94762570190314,28.6633379913322
9783,30.0,28.625999450683594,84.0,0.0,2.2,6.8,15.610594480653338,40.92741613645734
9784,17.6,28.625999450683594,84.0,0.0,3.3,6.4,10.704683907290836,25.093278735103585
9785,37.7,28.625999450683594,84.0,0.0,2.5,8.3,24.43031275762579,54.80121893033805
9786,17.1,28.625999450683594,84.0,0.0,4.0,7.6,28.538556206699674,37.07698934468977
9787,19.0,28.625999450683594,84.0,0.0,7.5,7.6,8.4318496382583,24.90229474678081
9788,39.7,28.625999450683594,84.0,0.0,6.2,6.2,19.22653077960631,53.15857154572442
9789,39.9,28.625999450683594,84.0,0.0,3.8,6.4,20.839447661052,54.4876133627364
9790,25.2,28.625999450683594,84.0,0.0,2.2,8.3,28.42756405893862,45.099294841257034
9791,15.1,28.625999450683594,84.0,0.0,5.5,8.0,12.872814113401263,24.11096987938088
9792,28.0,28.625999450683594,84.0,0.0,2.7,6.5,26.922660728350156,46.845862509845105
9793,19.0,28.625999450683594,84.0,0.0,3.8,7.5,20.355575615212878,33.24890293064901
9794,15.4,28.625999450683594,84.0,0.0,6.8,7.0,25.28299709617274,33.09809796732092
9795,30.4,28.625999450683594,84.0,0.0,5.7,6.7,28.05059910544903,50.03541937381432
9796,22.7,28.625999450683594,84.0,0.0,2.9,7.1,12.472591006198204,31.43081370433874
9797,18.5,28.625999450683594,84.0,0.0,5.0,7.1,22.151038456889864,34.005726919822905
9798,28.5,28.625999450683594,84.0,0.0,5.9,7.7,24.82865306492031,45.88005714544421
9799,34.7,28.625999450683594,84.0,0.0,7.2,7.3,6.871643188292987,39.51015023180509
9800,32.9,28.625999450683594,84.0,0.0,2.9,6.9,6.664436309254483,37.56510541647813
9801,38.6,28.625999450683594,84.0,0.0,4.1,6.2,14.005280311105338,48.403696217773735
9802,30.1,28.625999450683594,84.0,0.0,6.6,7.4,24.774843715774796,47.44239060104236
9803,34.2,28.625999450683594,84.0,0.0,3.9,7.4,13.576558010178623,43.70359060712504
9804,33.7,28.625999450683594,84.0,0.0,4.7,7.7,8.893061327483032,39.92514292923813
9805,24.8,28.625999450683594,84.0,0.0,2.1,6.9,19.79012704302582,38.653088930118074
9806,15.3,28.625999450683594,84.0,0.0,2.8,6.0,12.656680459686068,24.159676321780246
9807,29.5,28.625999450683594,84.0,0.0,7.1,6.2,27.067904333555568,48.447533033488895
9808,39.6,28.625999450683594,84.0,0.0,7.0,8.3,29.20321960054467,60.04225372038127
9809,20.1,28.625999450683594,84.0,0.0,8.0,7.1,23.060180873914984,36.24212661174049
9810,39.1,28.625999450683594,84.0,0.0,3.8,6.8,5.346021929945997,42.8422153509622
9811,16.1,28.625999450683594,84.0,0.0,6.0,7.9,18.59057450687355,29.11340215481149
9812,25.2,28.625999450683594,84.0,0.0,7.6,7.9,28.475311016314457,45.13271771142011
9813,21.1,28.625999450683594,84.0,0.0,4.0,8.0,14.296624683762916,31.107637278634044
9814,36.6,28.625999450683594,84.0,0.0,7.0,8.4,21.655120868819534,51.75858460817368
9815,20.5,28.625999450683594,84.0,0.0,7.8,7.8,5.44119169311024,24.30883418517717
9816,26.5,28.625999450683594,84.0,0.0,2.3,6.2,11.00914340576065,34.206400384032456
9817,18.9,28.625999450683594,84.0,0.0,4.0,7.2,9.273091834150355,25.391164283905248
9818,21.7,28.625999450683594,84.0,0.0,6.6,8.0,19.53738331138684,35.37616831797079
9819,38.8,28.625999450683594,84.0,0.0,2.7,7.7,12.801960720171387,47.76137250411997
9820,23.5,28.625999450683594,84.0,0.0,4.6,7.3,7.72099607275508,28.904697250928557
9821,39.4,28.625999450683594,84.0,0.0,3.6,7.1,8.88472128572781,45.61930490000947
9822,24.1,28.625999450683594,84.0,0.0,3.9,8.1,10.012774531236566,31.108942171865596
9823,37.7,28.625999450683594,84.0,0.0,3.4,8.3,20.247072777949555,51.87295094456469
9824,23.4,28.625999450683594,84.0,0.0,4.0,7.5,16.42472197443778,34.897305382106445
9825,26.3,28.625999450683594,84.0,0.0,5.2,6.1,14.876361763104926,36.71345323417345
9826,39.2,28.625999450683594,84.0,0.0,5.2,7.6,26.57458867922859,57.80221207546002
9827,31.7,28.625999450683594,84.0,0.0,7.2,8.4,23.688078813940344,48.28165516975824
9828,35.9,28.625999450683594,84.0,0.0,3.1,7.4,15.137028483658007,46.495919938560604
9829,22.0,28.625999450683594,84.0,0.0,6.3,6.0,10.214273908171386,29.14999173571997
9830,18.0,28.625999450683594,84.0,0.0,6.3,7.4,11.454673522071674,26.01827146545017
9831,29.8,28.625999450683594,84.0,0.0,7.0,6.8,28.692353694152594,49.88464758590682
9832,15.0,28.625999450683594,84.0,0.0,3.1,7.0,22.458233914666813,30.72076374026677
9833,27.6,28.625999450683594,84.0,0.0,3.9,8.3,12.40142019083316,36.280994133583214
9834,32.9,28.625999450683594,84.0,0.0,6.0,7.1,7.203560377097907,37.94249226396853
9835,31.1,28.625999450683594,84.0,0.0,7.3,7.4,10.02252316137089,38.11576621295963
9836,17.2,28.625999450683594,84.0,0.0,4.7,8.5,27.053543072044647,36.13748015043125
9837,18.1,28.625999450683594,84.0,0.0,3.1,6.4,28.914488570371834,38.34014199926028
9838,30.6,28.625999450683594,84.0,0.0,7.6,6.4,26.906435835175255,49.43450508462268
9839,16.4,28.625999450683594,84.0,0.0,6.2,7.7,13.71194414067934,25.998360898475536
9840,38.8,28.17599868774414,86.0,0.0,2.6,6.4,20.9800792467126,53.486055472698816
9841,17.0,28.17599868774414,86.0,0.0,4.3,6.9,14.773108917125084,27.341176241987558
9842,34.0,28.17599868774414,86.0,0.0,5.8,7.8,22.106728718002103,49.47471010260147
9843,39.8,28.17599868774414,86.0,0.0,7.4,6.8,10.572630973963157,47.20084168177421
9844,33.3,28.17599868774414,86.0,0.0,7.2,7.1,27.982723191294706,52.88790623390629
9845,33.5,28.17599868774414,86.0,0.0,7.8,7.5,9.379235422205449,40.06546479554381
9846,33.6,28.17599868774414,86.0,0.0,5.2,7.6,13.865499899449409,43.30584992961459
9847,18.7,28.17599868774414,86.0,0.0,5.2,6.7,29.275221328941857,39.192654930259295
9848,37.3,28.17599868774414,86.0,0.0,3.9,7.2,28.759883068474018,57.43191814793181
9849,17.1,28.17599868774414,86.0,0.0,3.5,8.2,14.175691657523375,27.02298416026636
9850,21.2,28.17599868774414,86.0,0.0,4.9,7.2,27.83813240189638,40.686692681327465
9851,20.2,28.17599868774414,86.0,0.0,4.3,8.1,27.51680392027118,39.461762744189826
9852,24.3,28.17599868774414,86.0,0.0,3.8,7.6,6.898052132555208,29.128636492788647
9853,18.1,28.17599868774414,86.0,0.0,2.6,6.7,28.727129801179682,38.20899086082578
9854,31.8,28.17599868774414,86.0,0.0,4.0,7.9,27.68073314651091,51.176513202557636
9855,33.6,28.17599868774414,86.0,0.0,8.0,6.0,6.17089573161942,37.919627012133596
9856,25.7,28.17599868774414,86.0,0.0,4.2,7.5,6.9487330796745335,30.564113155772173
9857,36.3,28.17599868774414,86.0,0.0,5.1,8.5,14.027206962796253,46.11904487395737
9858,17.5,28.17599868774414,86.0,0.0,4.2,7.5,16.62186610411267,29.135306272878868
9859,21.7,28.17599868774414,86.0,0.0,3.3,7.7,8.78632850546805,27.850429953827636
9860,24.4,28.17599868774414,86.0,0.0,4.4,6.3,24.77262913107382,41.740840391751675
9861,15.0,28.17599868774414,86.0,0.0,5.9,8.3,22.816559038802662,30.97159132716186
9862,28.2,28.17599868774414,86.0,0.0,3.8,6.9,25.06697860840992,45.74688502588694
9863,31.8,28.17599868774414,86.0,0.0,3.7,7.2,22.645506182026057,47.65185432741824
9864,19.7,28.17599868774414,86.0,0.0,6.8,7.7,17.22738147079855,31.759167029558984
9865,27.6,28.17599868774414,86.0,0.0,6.8,7.2,22.99777422037114,43.6984419542598
9866,32.4,28.17599868774414,86.0,0.0,3.0,8.3,29.002708776303063,52.70189614341214
9867,22.9,28.17599868774414,86.0,0.0,3.7,6.2,6.3781676438842645,27.364717350718983
9868,15.1,28.17599868774414,86.0,0.0,3.0,7.8,27.46694089314328,34.326858625200295
9869,15.6,28.17599868774414,86.0,0.0,2.7,7.4,26.580873043886772,34.20661113072074
9870,36.5,28.17599868774414,86.0,0.0,6.4,7.7,18.988598303659714,49.7920188125618
9871,33.8,28.17599868774414,86.0,0.0,5.1,6.6,13.593814598246215,43.31567021877235
9872,20.2,28.17599868774414,86.0,0.0,7.8,7.1,22.23454560634949,35.76418192444464
9873,16.7,28.17599868774414,86.0,0.0,2.7,6.6,24.832557455645755,34.08279021895203
9874,37.9,28.17599868774414,86.0,0.0,5.8,8.2,21.27785565515971,52.7944989586118
9875,35.8,28.17599868774414,86.0,0.0,2.3,7.0,24.950447090980234,53.265312963686156
9876,39.5,28.17599868774414,86.0,0.0,3.3,6.8,19.5315179268958,53.17206254882706
9877,37.8,28.17599868774414,86.0,0.0,2.4,7.7,22.723347159221113,53.70634301145478
9878,30.6,28.17599868774414,86.0,0.0,3.2,7.8,15.646465917942342,41.55252614255964
9879,22.2,28.17599868774414,86.0,0.0,7.5,6.8,22.893329666980975,38.225330766886685
9880,24.3,28.17599868774414,86.0,0.0,4.4,8.4,10.246543167905134,31.472580217533594
9881,25.7,28.17599868774414,86.0,0.0,6.6,6.9,16.09407180450274,36.965850263151914
9882,38.0,28.17599868774414,86.0,0.0,6.0,7.2,17.785008203728044,50.44950574260963
9883,21.6,28.17599868774414,86.0,0.0,3.2,6.6,26.423219432319137,40.09625360262339
9884,32.7,28.17599868774414,86.0,0.0,3.6,8.0,26.40207669549668,51.181453686847675
9885,23.0,28.17599868774414,86.0,0.0,2.5,6.7,14.205893859017417,32.94412570131219
9886,39.5,28.17599868774414,86.0,0.0,2.4,8.3,10.688765743590924,46.98213602051365
9887,35.8,28.17599868774414,86.0,0.0,7.5,7.8,22.479925978237006,51.5359481847659
9888,37.3,28.17599868774414,86.0,0.0,6.8,6.7,25.889662388602563,55.42276367202179
9889,21.9,28.17599868774414,86.0,0.0,7.3,6.8,14.243924159208772,31.87074691144614
9890,39.0,28.17599868774414,86.0,0.0,2.2,6.2,8.464559954919661,44.92519196844376
9891,23.9,28.17599868774414,86.0,0.0,6.5,6.4,19.634800944901166,37.64436066143081
9892,36.8,28.17599868774414,86.0,0.0,6.3,7.5,24.415862169918572,53.891103518943
9893,30.6,28.17599868774414,86.0,0.0,5.3,7.7,15.70560130030086,41.5939209102106
9894,36.0,28.17599868774414,86.0,0.0,5.6,8.0,27.042756933288267,54.929929853301786
9895,25.1,28.17599868774414,86.0,0.0,2.1,8.4,18.042216758450202,37.72955173091514
9896,34.8,28.17599868774414,86.0,0.0,2.3,7.0,29.12726046414571,55.18908232490199
9897,32.8,28.17599868774414,86.0,0.0,7.0,6.2,12.38946452543599,41.47262516780519
9898,24.0,28.17599868774414,86.0,0.0,6.4,6.6,19.87782307596939,37.91447615317857
9899,36.9,28.17599868774414,86.0,0.0,4.0,8.1,10.032709819067936,43.922896873347554
9900,16.6,27.72599983215332,89.0,0.0,2.5,8.1,19.330011350949434,30.131007945664606
9901,29.9,27.72599983215332,89.0,0.0,3.2,7.1,11.024385155315143,37.6170696087206
9902,16.4,27.72599983215332,89.0,0.0,6.7,6.5,7.10544248757194,21.373809741300356
9903,28.8,27.72599983215332,89.0,0.0,4.2,6.4,18.49950230276101,41.749651611932705
9904,35.2,27.72599983215332,89.0,0.0,4.1,6.3,27.81927312067701,54.67349118447391
9905,27.6,27.72599983215332,89.0,0.0,5.3,7.9,20.680447826356286,42.0763134784494
9906,38.6,27.72599983215332,89.0,0.0,7.7,8.0,8.99354258667085,44.8954798106696
9907,32.9,27.72599983215332,89.0,0.0,2.5,7.9,15.210765312023057,43.547535718416135
9908,24.8,27.72599983215332,89.0,0.0,2.1,6.0,11.686257407087007,32.98038018496091
9909,19.2,27.72599983215332,89.0,0.0,4.9,6.4,14.342458471395965,29.239720929977175
9910,23.9,27.72599983215332,89.0,0.0,6.9,6.8,29.891344345934698,44.82394104215429
9911,20.0,27.72599983215332,89.0,0.0,5.5,7.3,24.25372355526357,36.9776064886845
9912,31.1,27.72599983215332,89.0,0.0,4.0,7.3,25.007950780483753,48.605565546338624
9913,19.2,27.72599983215332,89.0,0.0,3.4,6.5,8.445620253070555,25.111934177149386
9914,17.6,27.72599983215332,89.0,0.0,2.5,8.4,13.30414495987433,26.912901471912033
9915,29.7,27.72599983215332,89.0,0.0,4.0,7.7,16.87511945373243,41.5125836176127
9916,27.6,27.72599983215332,89.0,0.0,5.0,7.9,28.63561441049734,47.644930087348136
9917,21.6,27.72599983215332,89.0,0.0,3.1,6.4,15.264561209295596,32.28519284650692
9918,36.6,27.72599983215332,89.0,0.0,2.1,7.4,11.298353033988505,44.50884712379195
9919,24.2,27.72599983215332,89.0,0.0,7.1,8.2,27.72793568885343,43.6095549821974
9920,15.9,27.72599983215332,89.0,0.0,2.9,6.0,12.299373193427321,24.509561235399126
9921,29.9,27.72599983215332,89.0,0.0,3.3,6.8,29.17851094455563,50.32495766118894
9922,28.7,27.72599983215332,89.0,0.0,7.0,8.3,17.103322834921087,40.67232598444476
9923,21.4,27.72599983215332,89.0,0.0,2.2,7.2,13.905285273902278,31.133699691731593
9924,25.8,27.72599983215332,89.0,0.0,5.9,7.3,7.912826240641403,31.338978368448984
9925,29.0,27.72599983215332,89.0,0.0,3.9,8.0,19.851351017489314,42.89594571224252
9926,39.6,27.72599983215332,89.0,0.0,5.4,7.4,18.789720523588777,52.752804366512144
9927,21.8,27.72599983215332,89.0,0.0,3.8,8.1,23.301919487558486,38.111343641290944
9928,28.3,27.72599983215332,89.0,0.0,6.1,7.6,20.979883182679316,42.98591822787552
9929,28.5,27.72599983215332,89.0,0.0,3.8,8.2,13.405522386458461,37.88386567052092
9930,17.8,27.72599983215332,89.0,0.0,5.4,6.7,26.202095784153524,36.141467048907465
9931,23.4,27.72599983215332,89.0,0.0,5.5,6.8,16.392714045082506,34.874899831557755
9932,23.4,27.72599983215332,89.0,0.0,5.6,7.4,25.077041666147956,40.95392916630357
9933,32.4,27.72599983215332,89.0,0.0,2.1,7.3,26.10604646127049,50.67423252288934
9934,19.5,27.72599983215332,89.0,0.0,5.1,6.8,6.666989463400062,24.166892624380043
9935,34.1,27.72599983215332,89.0,0.0,6.5,6.9,12.483265670931392,42.83828596965198
9936,37.3,27.72599983215332,89.0,0.0,4.9,6.1,15.831109144721482,48.38177640130503
9937,38.2,27.72599983215332,89.0,0.0,3.3,6.9,17.937481215740647,50.75623685101846
9938,36.8,27.72599983215332,89.0,0.0,6.0,6.8,13.729893630825652,46.41092554157795
9939,28.3,27.72599983215332,89.0,0.0,4.3,6.2,6.717748409981398,33.00242388698698
9940,28.7,27.72599983215332,89.0,0.0,2.8,6.5,11.810255409747207,36.96717878682304
9941,36.5,27.72599983215332,89.0,0.0,7.5,8.2,29.10643981159045,56.87450786811331
9942,32.9,27.72599983215332,89.0,0.0,4.1,6.9,9.939644941527499,39.85775145906925
9943,33.8,27.72599983215332,89.0,0.0,5.5,7.1,24.43995300123877,50.90796710086714
9944,29.0,27.72599983215332,89.0,0.0,7.2,6.9,16.824777649951447,40.77734435496601
9945,25.2,27.72599983215332,89.0,0.0,6.4,7.3,20.17941438641374,39.32559007048962
9946,26.8,27.72599983215332,89.0,0.0,6.6,8.5,28.742495642153834,46.91974694950768
9947,28.3,27.72599983215332,89.0,0.0,3.6,7.3,16.64811657089093,39.95368159962365
9948,16.8,27.72599983215332,89.0,0.0,3.1,8.0,19.827531254808083,30.679271878365657
9949,21.0,27.72599983215332,89.0,0.0,7.4,7.4,29.653320953921614,41.757324667745124
9950,21.6,27.72599983215332,89.0,0.0,7.8,6.5,8.637960884441435,27.646572619109005
9951,23.1,27.72599983215332,89.0,0.0,7.5,6.7,24.271588877283126,40.090112214098184
9952,16.3,27.72599983215332,89.0,0.0,7.5,6.8,11.239013101370404,24.16730917095928
9953,29.5,27.72599983215332,89.0,0.0,2.8,8.4,19.25478181694198,42.978347271859384
9954,31.0,27.72599983215332,89.0,0.0,2.9,8.2,12.40874204610618,39.686119432274324
9955,31.5,27.72599983215332,89.0,0.0,4.7,8.1,25.396910544062916,49.27783738084404
9956,20.5,27.72599983215332,89.0,0.0,3.1,6.2,17.437937125868757,32.70655598810813
9957,39.9,27.72599983215332,89.0,0.0,6.9,7.5,20.995248191182625,54.596673733827835
9958,23.5,27.72599983215332,89.0,0.0,4.0,7.9,25.514012001504945,41.359808401053456
9959,16.9,27.72599983215332,89.0,0.0,6.1,6.7,13.09966562987166,26.06976594091016
9960,18.7,27.325998306274418,91.0,0.0,5.8,6.4,14.224464958276544,28.65712547079358
9961,22.0,27.325998306274418,91.0,0.0,6.1,7.2,25.587018698055374,39.910913088638765
9962,37.7,27.325998306274418,91.0,0.0,7.4,7.9,17.311435152635926,49.81800460684515
9963,31.5,27.325998306274418,91.0,0.0,2.5,6.0,26.774414940351875,50.24209045824631
9964,38.5,27.325998306274418,91.0,0.0,4.2,6.9,12.906325827885265,47.534428079519685
9965,16.4,27.325998306274418,91.0,0.0,7.5,6.1,7.31929968605756,21.52350978024029
9966,39.3,27.325998306274418,91.0,0.0,4.8,6.3,17.16143275523992,51.31300292866794
9967,28.4,27.325998306274418,91.0,0.0,7.3,7.0,12.80663064022144,37.364641448155005
9968,17.5,27.325998306274418,91.0,0.0,3.8,6.6,23.23475845364063,33.76433091754844
9969,15.6,27.325998306274418,91.0,0.0,5.2,8.4,26.4532808090174,34.11729656631218
9970,27.2,27.325998306274418,91.0,0.0,3.1,6.9,14.446887228021374,37.31282105961496
9971,38.9,27.325998306274418,91.0,0.0,3.3,6.1,29.722497925379187,59.705748547765424
9972,16.4,27.325998306274418,91.0,0.0,4.3,6.5,23.850023237341613,33.095016266139126
9973,21.0,27.325998306274418,91.0,0.0,5.2,6.3,27.14039299625144,39.99827509737601
9974,29.9,27.325998306274418,91.0,0.0,2.1,6.6,29.197393011841275,50.338175108288894
9975,36.3,27.325998306274418,91.0,0.0,6.6,7.0,12.643622471156021,45.150535729809214
9976,17.4,27.325998306274418,91.0,0.0,5.7,8.1,26.12071284426947,35.68449899098863
9977,24.3,27.325998306274418,91.0,0.0,3.3,6.9,15.709180792702552,35.29642655489179
9978,33.4,27.325998306274418,91.0,0.0,5.8,7.5,11.839726859450332,41.68780880161523
9979,35.3,27.325998306274418,91.0,0.0,6.3,7.3,15.928063850369208,46.44964469525844
9980,29.6,27.325998306274418,91.0,0.0,5.4,7.7,25.94121472765217,47.75885030935652
9981,33.3,27.325998306274418,91.0,0.0,6.9,8.3,29.988146254003205,54.29170237780224
9982,22.6,27.325998306274418,91.0,0.0,7.9,6.4,19.446830140635814,36.21278109844507
9983,38.9,27.325998306274418,91.0,0.0,2.5,7.4,21.16174516511141,53.713221615577986
9984,37.6,27.325998306274418,91.0,0.0,7.7,6.6,11.358940470717485,45.55125832950224
9985,35.8,27.325998306274418,91.0,0.0,2.6,6.3,18.997322806107583,49.098125964275305
9986,39.2,27.325998306274418,91.0,0.0,4.5,8.4,24.158360080402073,56.11085205628145
9987,35.0,27.325998306274418,91.0,0.0,6.5,6.3,5.5705994303035204,38.899419601212465
9988,30.6,27.325998306274418,91.0,0.0,5.9,7.5,13.212817250901464,39.848972075631025
9989,25.7,27.325998306274418,91.0,0.0,2.9,8.4,16.752375152018715,37.4266626064131
9990,17.0,27.325998306274418,91.0,0.0,6.5,8.4,21.108107679952806,31.775675375966962
9991,39.7,27.325998306274418,91.0,0.0,3.4,8.0,27.84810447284836,59.19367313099386
9992,29.2,27.325998306274418,91.0,0.0,7.6,7.9,9.825366895966368,36.07775682717646
9993,36.8,27.325998306274418,91.0,0.0,6.2,7.6,21.99644895857111,52.197514270999775
9994,39.5,27.325998306274418,91.0,0.0,6.6,7.1,9.067362624884186,45.84715383741893
9995,27.3,27.325998306274418,91.0,0.0,5.8,7.7,6.592475214208896,31.914732649946227
9996,34.2,27.325998306274418,91.0,0.0,7.0,8.3,28.59585845296992,54.217100917078945
9997,33.1,27.325998306274418,91.0,0.0,2.1,6.7,18.11583692026987,45.78108584418891
9998,15.1,27.325998306274418,91.0,0.0,6.0,6.6,25.178990506565764,32.72529335459603
9999,39.2,27.325998306274418,91.0,0.0,2.4,7.3,6.601596409880566,43.8211174869164
10000,20.4,27.325998306274418,91.0,0.0,5.7,7.0,6.474599605244508,24.932219723671153
10001,25.0,27.325998306274418,91.0,0.0,4.9,6.0,21.629957768861303,40.14097043820291
10002,36.5,27.325998306274418,91.0,0.0,7.6,8.0,14.461383750580527,46.62296862540637
10003,37.4,27.325998306274418,91.0,0.0,4.5,7.3,6.251531139568742,41.776071797698116
10004,15.7,27.325998306274418,91.0,0.0,4.6,8.3,8.401304025796854,21.580912818057797
10005,22.0,27.325998306274418,91.0,0.0,2.1,8.2,22.945001775161,38.0615012426127
10006,25.4,27.325998306274418,91.0,0.0,4.8,7.3,13.664863641424994,34.9654045489975
10007,34.3,27.325998306274418,91.0,0.0,4.6,6.0,11.389707847070062,42.272795492949044
10008,32.8,27.325998306274418,91.0,0.0,6.4,6.1,29.65624792676273,53.55937354873391
10009,26.4,27.325998306274418,91.0,0.0,8.0,7.1,14.152787723493816,36.30695140644567
10010,32.0,27.325998306274418,91.0,0.0,4.8,8.0,24.63047791100652,49.24133453770456
10011,38.0,27.325998306274418,91.0,0.0,3.8,8.1,8.687136291667159,44.08099540416701
10012,21.6,27.325998306274418,91.0,0.0,6.8,7.0,7.156431783937632,26.609502248756343
10013,35.0,27.325998306274418,91.0,0.0,3.1,8.1,24.372057806864795,52.06044046480535
10014,21.0,27.325998306274418,91.0,0.0,6.1,8.3,25.11968513746713,38.58377959622699
10015,21.9,27.325998306274418,91.0,0.0,5.5,6.4,29.015975680888914,42.21118297662224
10016,36.0,27.325998306274418,91.0,0.0,3.7,6.8,15.286289335605344,46.70040253492374
10017,32.6,27.325998306274418,91.0,0.0,5.5,7.1,8.807288914137258,38.76510223989608
10018,28.8,27.325998306274418,91.0,0.0,7.3,7.1,27.826183833149695,48.27832868320479
10019,15.4,27.325998306274418,91.0,0.0,4.9,7.5,13.898619519822615,25.12903366387583
10020,33.1,27.025999069213867,93.0,0.0,6.3,8.0,12.859549426797251,42.10168459875808
10021,25.8,27.025999069213867,93.0,0.0,7.2,8.1,15.765260152865544,36.83568210700588
10022,28.7,27.025999069213867,93.0,0.0,2.6,6.6,26.574047405045004,47.3018331835315
10023,18.6,27.025999069213867,93.0,0.0,5.1,7.2,14.161457038223894,28.513019926756726
10024,22.1,27.025999069213867,93.0,0.0,2.1,7.2,7.524213520953525,27.36694946466747
10025,33.0,27.025999069213867,93.0,0.0,3.2,7.3,21.303490935895635,47.91244365512694
10026,27.8,27.025999069213867,93.0,0.0,6.5,6.4,24.098247500796337,44.668773250557436
10027,25.0,27.025999069213867,93.0,0.0,6.6,6.5,13.296725646591286,34.307707952613896
10028,15.4,27.025999069213867,93.0,0.0,2.2,7.7,17.760259373481148,27.832181561436805
10029,28.5,27.025999069213867,93.0,0.0,7.2,8.3,12.422386228668511,37.19567036006796
10030,26.4,27.025999069213867,93.0,0.0,3.2,8.4,16.50075178790536,37.95052625153375
10031,29.2,27.025999069213867,93.0,0.0,3.5,6.8,6.2677779507667655,33.587444565536735
10032,37.2,27.025999069213867,93.0,0.0,6.4,7.3,8.662647241781736,43.26385306924722
10033,35.5,27.025999069213867,93.0,0.0,7.3,8.0,17.898721147409987,48.02910480318699
10034,33.6,27.025999069213867,93.0,0.0,5.3,6.4,7.219297465221648,38.65350822565515
10035,17.2,27.025999069213867,93.0,0.0,2.1,7.9,8.350740803536764,23.045518562475735
10036,33.7,27.025999069213867,93.0,0.0,6.7,6.7,28.24424478508536,53.470971349559754
10037,32.0,27.025999069213867,93.0,0.0,7.0,6.4,8.33334444680305,37.833341112762135
10038,39.6,27.025999069213867,93.0,0.0,3.0,7.6,25.626698976801826,57.53868928376128
10039,15.7,27.025999069213867,93.0,0.0,2.2,7.9,16.682585787777164,27.377810051444015
10040,33.2,27.025999069213867,93.0,0.0,5.5,8.2,17.94330250783414,45.7603117554839
10041,24.1,27.025999069213867,93.0,0.0,6.3,7.9,19.13218278892384,37.49252795224669
10042,33.6,27.025999069213867,93.0,0.0,5.6,8.4,22.73413510941465,49.51389457659026
10043,22.6,27.025999069213867,93.0,0.0,4.7,8.4,9.87400874089051,29.51180611862336
10044,28.1,27.025999069213867,93.0,0.0,3.4,6.7,29.40225673392425,48.68157971374698
10045,38.7,27.025999069213867,93.0,0.0,7.9,6.7,17.722897237131512,51.106028065992064
10046,23.4,27.025999069213867,93.0,0.0,7.8,8.3,17.609789162207885,35.726852413545515
10047,15.4,27.025999069213867,93.0,0.0,4.5,6.9,6.434638723876327,19.904247106713427
10048,34.7,27.025999069213867,93.0,0.0,4.9,6.6,11.122747882409652,42.48592351768676
10049,16.1,27.025999069213867,93.0,0.0,8.0,7.8,24.992094356816338,33.59446604977144
10050,20.6,27.025999069213867,93.0,0.0,2.2,8.0,20.98969883656445,35.29278918559511
10051,22.3,27.025999069213867,93.0,0.0,4.6,8.4,15.098886340572847,32.869220438400994
10052,18.3,27.025999069213867,93.0,0.0,5.2,8.1,26.83498580129941,37.08449006090959
10053,26.8,27.025999069213867,93.0,0.0,7.7,7.1,6.627690148361136,31.439383103852798
10054,29.4,27.025999069213867,93.0,0.0,4.1,6.1,16.784121310294566,41.148884917206196
10055,27.8,27.025999069213867,93.0,0.0,4.9,7.3,12.74723830338188,36.723066812367314
10056,29.5,27.025999069213867,93.0,0.0,5.3,7.2,24.628912413188075,46.74023868923165
10057,38.1,27.025999069213867,93.0,0.0,4.0,6.1,26.893464864080784,56.92542540485655
10058,22.8,27.025999069213867,93.0,0.0,6.5,6.6,12.764957484302753,31.735470239011928
10059,18.4,27.025999069213867,93.0,0.0,7.2,8.2,28.29368837852141,38.205581864964984
10060,36.2,27.025999069213867,93.0,0.0,6.7,7.4,13.884875498791692,45.919412849154185
10061,34.0,27.025999069213867,93.0,0.0,6.8,6.2,25.647806130802817,51.95346429156197
10062,23.2,27.025999069213867,93.0,0.0,6.6,6.8,21.500787693316628,38.250551385321636
10063,24.6,27.025999069213867,93.0,0.0,3.6,7.0,16.460534712900277,36.1223742990302
10064,38.3,27.025999069213867,93.0,0.0,5.3,7.1,11.079797346395281,46.055858142476694
10065,26.5,27.025999069213867,93.0,0.0,7.5,8.1,23.979194817197587,43.28543637203831
10066,29.2,27.025999069213867,93.0,0.0,7.6,7.7,11.532265518023134,37.2725858626162
10067,21.6,27.025999069213867,93.0,0.0,2.4,6.1,27.386499673156205,40.770549771209346
10068,24.1,27.025999069213867,93.0,0.0,7.0,7.8,11.925681619764582,32.44797713383521
10069,21.6,27.025999069213867,93.0,0.0,3.2,7.9,11.118766235909312,29.38313636513652
10070,36.3,27.025999069213867,93.0,0.0,2.7,7.3,6.113627112659232,40.57953897886146
10071,18.9,27.025999069213867,93.0,0.0,3.6,8.5,28.767991724287114,39.03759420700098
10072,35.4,27.025999069213867,93.0,0.0,5.3,7.2,20.03900508485658,49.427303559399604
10073,25.2,27.025999069213867,93.0,0.0,4.6,8.3,19.727670418864175,39.00936929320492
10074,28.2,27.025999069213867,93.0,0.0,5.0,6.2,6.060818019666257,32.44257261376638
10075,19.2,27.025999069213867,93.0,0.0,2.3,8.3,28.173432063829,38.9214024446803
10076,36.3,27.025999069213867,93.0,0.0,5.8,6.7,17.531090577818134,48.57176340447269
10077,29.4,27.025999069213867,93.0,0.0,5.8,8.1,24.04430471397106,46.23101329977974
10078,39.7,27.025999069213867,93.0,0.0,4.3,6.3,24.798412764523423,57.058888935166394
10079,38.0,27.025999069213867,93.0,0.0,3.7,6.2,24.681486064551642,55.27704024518614
