,current_soil_moisture,temperature,humidity,rain,salinity,ph,irrigation_amount,next_smoist_0
0,32.4,26.67599868774414,89.0,0.0,20.1,6.5,27.750393448368964,40.725118034510686
1,23.8,26.67599868774414,89.0,0.0,20.0,5.5,14.31625592477994,28.09487677743398
2,24.6,26.67599868774414,89.0,0.0,20.0,6.4,29.40929103745562,33.42278731123669
3,35.5,26.67599868774414,89.0,0.0,20.0,5.6,13.369750978221266,39.51092529346638
4,26.8,26.67599868774414,89.0,0.0,19.5,5.9,17.038455563978975,31.911536669193694
5,23.0,26.67599868774414,89.0,0.0,19.2,6.5,9.631675057617588,25.889502517285276
6,17.4,26.67599868774414,89.0,0.0,19.8,6.5,11.195122992611477,20.758536897783443
7,20.7,26.67599868774414,89.0,0.0,20.0,6.4,8.054769443673283,23.116430833101983
8,38.5,26.67599868774414,89.0,0.0,20.4,5.5,23.063549680755873,45.41906490422676
9,30.6,26.67599868774414,89.0,0.0,19.1,5.7,21.886856863759864,37.16605705912796
10,34.8,26.67599868774414,89.0,0.0,20.1,6.2,11.033480342784866,38.11004410283546
11,34.9,26.67599868774414,89.0,0.0,20.6,6.5,23.85451835153196,42.056355505459585
12,36.1,26.67599868774414,89.0,0.0,20.1,5.6,24.81648435258786,43.54494530577636
13,16.5,26.67599868774414,89.0,0.0,20.2,5.7,10.85747596679887,19.757242790039662
14,29.4,26.67599868774414,89.0,0.0,19.6,5.7,5.5107694151832405,31.05323082455497
15,28.4,26.67599868774414,89.0,0.0,20.9,6.1,7.226808859965798,30.56804265798974
16,16.9,26.67599868774414,89.0,0.0,19.5,5.6,14.136712326790835,21.14101369803725
17,21.6,26.67599868774414,89.0,0.0,19.7,5.7,22.528681816819503,28.358604545045853
18,29.2,26.67599868774414,89.0,0.0,19.6,6.0,8.55632904261855,31.766898712785565
19,35.0,26.67599868774414,89.0,0.0,20.6,5.9,16.82618115881896,40.04785434764569
20,27.5,26.67599868774414,89.0,0.0,19.1,5.9,5.836832459110681,29.251049737733204
21,17.9,26.67599868774414,89.0,0.0,20.7,6.5,29.401608262896765,26.72048247886903
22,37.4,26.67599868774414,89.0,0.0,19.6,6.0,7.438385328261999,39.6315155984786
23,35.3,26.67599868774414,89.0,0.0,20.9,5.7,12.178618554775598,38.95358556643268
24,23.2,26.67599868774414,89.0,0.0,20.8,5.6,12.892507238775229,27.067752171632566
25,31.9,26.67599868774414,89.0,0.0,20.5,5.8,24.594726989610475,39.278418096883144
26,33.7,26.67599868774414,89.0,0.0,19.0,5.9,28.16780442512318,42.15034132753696
27,38.7,26.67599868774414,89.0,0.0,20.4,5.9,29.304814080026265,47.49144422400788
28,33.9,26.67599868774414,89.0,0.0,20.8,5.9,19.26195456399376,39.67858636919813
29,27.0,26.67599868774414,89.0,0.0,21.0,5.6,24.380024941114108,34.31400748233423
30,34.9,26.67599868774414,89.0,0.0,20.1,5.7,29.318598228751124,43.69557946862534
31,18.0,26.67599868774414,89.0,0.0,20.8,6.1,25.03734707479984,25.511204122439953
32,32.1,26.67599868774414,89.0,0.0,20.9,6.0,7.982430322531007,34.4947290967593
33,18.4,26.67599868774414,89.0,0.0,21.0,5.8,23.52786608563275,25.458359825689822
34,26.9,26.67599868774414,89.0,0.0,19.1,6.3,25.027159863262007,34.4081479589786
35,19.5,26.67599868774414,89.0,0.0,19.4,5.6,25.877557534854464,27.263267260456338
36,30.2,26.67599868774414,89.0,0.0,20.2,5.9,17.87684860982634,35.5630545829479
37,18.9,26.67599868774414,89.0,0.0,20.5,5.9,7.399091062766906,21.11972731883007
38,15.4,26.67599868774414,89.0,0.0,20.5,5.8,29.931166059918162,24.37934981797545
39,26.3,26.67599868774414,89.0,0.0,19.3,5.8,7.646273307154259,28.59388199214628
40,35.3,26.67599868774414,89.0,0.0,20.6,5.8,29.077264342986652,44.02317930289599
41,28.9,26.67599868774414,89.0,0.0,20.7,5.8,23.10049677956868,35.830149033870605
42,19.2,26.67599868774414,89.0,0.0,20.6,5.6,18.337024937739045,24.701107481321714
43,21.1,26.67599868774414,89.0,0.0,19.7,6.4,18.15286288620176,26.54585886586053
44,26.9,26.67599868774414,89.0,0.0,20.7,6.2,8.99886885876421,29.59966065762926
45,25.8,26.67599868774414,89.0,0.0,20.8,6.4,19.146911543044588,31.544073462913378
46,29.5,26.67599868774414,89.0,0.0,20.7,6.2,12.537842961174801,33.26135288835244
47,22.3,26.67599868774414,89.0,0.0,21.0,5.7,25.16992371516335,29.850977114549003
48,32.4,26.67599868774414,89.0,0.0,20.1,6.1,9.214172887302365,35.16425186619071
49,25.3,26.67599868774414,89.0,0.0,20.0,5.6,6.389547013397127,27.216864104019137
50,21.2,26.67599868774414,89.0,0.0,20.1,5.9,29.379145948510313,30.013743784553093
51,28.9,26.67599868774414,89.0,0.0,20.1,6.1,24.344236537596377,36.20327096127891
52,26.2,26.67599868774414,89.0,0.0,19.6,5.8,22.98595416193637,33.09578624858091
53,27.5,26.67599868774414,89.0,0.0,19.9,6.1,15.323969790879014,32.097190937263704
54,17.8,26.67599868774414,89.0,0.0,20.4,6.3,24.10502472351291,25.031507417053874
55,38.2,26.67599868774414,89.0,0.0,21.0,5.6,23.727098989000357,45.31812969670011
56,32.4,26.67599868774414,89.0,0.0,19.6,5.9,25.78231275513214,40.13469382653964
57,34.8,26.67599868774414,89.0,0.0,19.4,6.4,15.414686567519157,39.42440597025575
58,17.5,26.67599868774414,89.0,0.0,20.4,6.1,19.602296022572204,23.380688806771662
59,18.2,26.67599868774414,89.0,0.0,20.2,5.6,7.684104108752022,20.505231232625604
60,26.3,26.525999069213867,90.0,0.0,20.1,6.4,13.31378344863198,30.294135034589594
61,27.5,26.525999069213867,90.0,0.0,19.6,6.0,29.38894212929602,36.316682638788805
62,37.6,26.525999069213867,90.0,0.0,20.9,5.9,28.11598978274928,46.03479693482478
63,19.3,26.525999069213867,90.0,0.0,20.3,6.5,11.863309341549995,22.858992802465
64,34.9,26.525999069213867,90.0,0.0,19.4,6.3,7.851495391922631,37.25544861757679
65,33.9,26.525999069213867,90.0,0.0,20.1,6.2,15.693102956119645,38.607930886835895
66,28.9,26.525999069213867,90.0,0.0,20.4,5.8,15.157016955695694,33.4471050867087
67,21.6,26.525999069213867,90.0,0.0,20.4,5.8,22.505939880121247,28.351781964036377
68,20.1,26.525999069213867,90.0,0.0,20.4,6.2,17.489369361840062,25.34681080855202
69,27.7,26.525999069213867,90.0,0.0,19.2,6.5,28.292221090759234,36.18766632722777
70,22.8,26.525999069213867,90.0,0.0,19.0,5.6,21.435443059084093,29.230632917725227
71,20.9,26.525999069213867,90.0,0.0,19.6,6.3,16.857602759701024,25.957280827910306
72,37.1,26.525999069213867,90.0,0.0,20.3,6.4,25.37766290927987,44.713298872783966
73,29.4,26.525999069213867,90.0,0.0,19.5,5.7,5.089288848013158,30.926786654403948
74,37.4,26.525999069213867,90.0,0.0,20.0,6.0,17.578155549157515,42.67344666474725
75,35.8,26.525999069213867,90.0,0.0,19.1,6.2,25.969942007209067,43.59098260216272
76,31.2,26.525999069213867,90.0,0.0,19.7,5.7,9.623616712204555,34.087085013661365
77,35.0,26.525999069213867,90.0,0.0,20.1,6.0,21.77551635254365,41.532654905763096
78,29.2,26.525999069213867,90.0,0.0,20.1,5.6,29.609081123482024,38.08272433704461
79,24.7,26.525999069213867,90.0,0.0,19.9,6.1,28.809815527511525,33.34294465825346
80,18.8,26.525999069213867,90.0,0.0,20.9,6.2,29.87584168888375,27.762752506665123
81,25.9,26.525999069213867,90.0,0.0,20.1,6.0,27.299071071013156,34.08972132130394
82,28.1,26.525999069213867,90.0,0.0,19.8,5.9,19.845524380521816,34.053657314156546
83,39.0,26.525999069213867,90.0,0.0,20.6,5.6,23.971340650583425,46.19140219517503
84,34.3,26.525999069213867,90.0,0.0,19.5,5.7,23.212518932115998,41.2637556796348
85,36.8,26.525999069213867,90.0,0.0,19.2,5.9,5.02964493963283,38.30889348188985
86,30.5,26.525999069213867,90.0,0.0,19.4,5.7,19.009383551917146,36.202815065575145
87,38.2,26.525999069213867,90.0,0.0,20.3,6.2,12.870510654272145,42.061153196281644
88,33.8,26.525999069213867,90.0,0.0,20.9,6.0,25.244430356420924,41.37332910692628
89,32.8,26.525999069213867,90.0,0.0,19.6,5.7,5.2805598581727935,34.38416795745184
90,18.4,26.525999069213867,90.0,0.0,21.0,5.7,12.687175966037032,22.206152789811107
91,34.4,26.525999069213867,90.0,0.0,19.0,5.6,25.718069410490603,42.115420823147176
92,33.3,26.525999069213867,90.0,0.0,19.0,6.4,23.992480541279047,40.49774416238371
93,39.9,26.525999069213867,90.0,0.0,20.9,5.6,26.085860145890965,47.725758043767286
94,34.5,26.525999069213867,90.0,0.0,20.2,6.3,10.493328256112925,37.64799847683388
95,20.3,26.525999069213867,90.0,0.0,20.3,6.4,15.642405839724898,24.992721751917472
96,29.6,26.525999069213867,90.0,0.0,19.5,6.4,22.879694395434527,36.46390831863036
97,35.4,26.525999069213867,90.0,0.0,19.9,5.8,16.098052777582787,40.229415833274835
98,34.6,26.525999069213867,90.0,0.0,20.6,5.6,7.172228055420957,36.75166841662629
99,29.0,26.525999069213867,90.0,0.0,20.1,5.6,22.49519164196807,35.74855749259042
100,17.6,26.525999069213867,90.0,0.0,20.9,6.5,7.143588824217932,19.743076647265383
101,26.1,26.525999069213867,90.0,0.0,20.3,5.9,12.271905864289135,29.78157175928674
102,24.6,26.525999069213867,90.0,0.0,19.9,6.5,27.82283323960871,32.946849971882614
103,24.9,26.525999069213867,90.0,0.0,20.1,5.8,8.643867628533517,27.493160288560055
104,20.5,26.525999069213867,90.0,0.0,19.7,6.0,21.706914151400916,27.012074245420273
105,16.1,26.525999069213867,90.0,0.0,19.3,5.9,6.581323256130113,18.074396976839036
106,29.3,26.525999069213867,90.0,0.0,20.7,6.3,17.711556126794484,34.61346683803835
107,29.5,26.525999069213867,90.0,0.0,19.6,6.3,24.407955073786766,36.82238652213603
108,17.5,26.525999069213867,90.0,0.0,19.6,6.0,25.938226504252636,25.28146795127579
109,25.9,26.525999069213867,90.0,0.0,19.5,6.0,26.97668337930554,33.99300501379166
110,17.4,26.525999069213867,90.0,0.0,19.7,5.8,27.250749750122566,25.575224925036768
111,29.7,26.525999069213867,90.0,0.0,20.1,5.7,20.616972987295608,35.88509189618868
112,36.4,26.525999069213867,90.0,0.0,20.0,6.1,14.357410912205177,40.707223273661555
113,19.0,26.525999069213867,90.0,0.0,20.6,5.8,12.01381698514999,22.604145095544997
114,33.1,26.525999069213867,90.0,0.0,20.5,6.0,29.698395412345732,42.00951862370372
115,30.3,26.525999069213867,90.0,0.0,20.9,6.0,15.143886079027133,34.84316582370814
116,38.8,26.525999069213867,90.0,0.0,19.2,6.0,28.417346369261868,47.325203910778555
117,23.5,26.525999069213867,90.0,0.0,19.9,6.1,27.052129013005313,31.615638703901595
118,29.1,26.525999069213867,90.0,0.0,20.1,6.4,28.193436970735196,37.558031091220556
119,18.2,26.525999069213867,90.0,0.0,20.5,5.9,23.38011893567854,25.21403568070356
120,22.7,26.47599983215332,90.0,0.0,20.4,5.6,16.368959725450917,27.610687917635275
121,29.0,26.47599983215332,90.0,0.0,19.0,6.0,26.106841063422014,36.8320523190266
122,24.2,26.47599983215332,90.0,0.0,19.8,5.6,29.121953320330704,32.93658599609921
123,17.5,26.47599983215332,90.0,0.0,19.9,6.1,17.65399880603323,22.79619964180997
124,15.3,26.47599983215332,90.0,0.0,19.5,5.5,13.90659917808815,19.471979753426446
125,16.8,26.47599983215332,90.0,0.0,20.2,5.7,24.21828277359685,24.065484832079058
126,25.0,26.47599983215332,90.0,0.0,19.0,6.3,29.175503986021614,33.752651195806486
127,28.4,26.47599983215332,90.0,0.0,20.9,6.4,10.157287708194993,31.447186312458495
128,24.2,26.47599983215332,90.0,0.0,20.9,5.9,5.66127572640991,25.89838271792297
129,35.4,26.47599983215332,90.0,0.0,19.1,6.3,20.818407617852642,41.64552228535579
130,31.7,26.47599983215332,90.0,0.0,19.7,5.5,7.2276941379513495,33.86830824138541
131,30.5,26.47599983215332,90.0,0.0,20.7,5.8,29.060252046039672,39.218075613811905
132,33.5,26.47599983215332,90.0,0.0,19.4,5.9,12.266989079978163,37.18009672399345
133,22.1,26.47599983215332,90.0,0.0,20.6,5.7,8.636779176928293,24.69103375307849
134,29.3,26.47599983215332,90.0,0.0,20.6,6.0,17.355990465333914,34.506797139600174
135,31.6,26.47599983215332,90.0,0.0,19.9,6.0,20.443521518719493,37.73305645561585
136,39.7,26.47599983215332,90.0,0.0,19.4,6.4,11.55094650842211,43.165283952526636
137,28.1,26.47599983215332,90.0,0.0,19.3,6.0,18.74895749170005,33.72468724751002
138,24.4,26.47599983215332,90.0,0.0,19.4,5.8,11.758790908546727,27.927637272564017
139,16.8,26.47599983215332,90.0,0.0,21.0,5.9,11.142733913547971,20.142820174064394
140,21.3,26.47599983215332,90.0,0.0,19.0,6.0,26.787071348118765,29.33612140443563
141,19.5,26.47599983215332,90.0,0.0,21.0,6.4,16.339195616845437,24.40175868505363
142,20.1,26.47599983215332,90.0,0.0,20.2,6.5,14.478616571122172,24.443584971336655
143,27.4,26.47599983215332,90.0,0.0,20.4,6.3,16.337449718420594,32.30123491552618
144,24.5,26.47599983215332,90.0,0.0,19.2,6.3,23.356186022729602,31.50685580681888
145,37.6,26.47599983215332,90.0,0.0,19.6,5.5,11.777547859511435,41.133264357853434
146,38.4,26.47599983215332,90.0,0.0,20.8,6.0,28.33841952377783,46.90152585713335
147,34.1,26.47599983215332,90.0,0.0,19.5,5.6,14.07447239259142,38.32234171777743
148,31.3,26.47599983215332,90.0,0.0,20.6,6.0,20.389301993276916,37.41679059798307
149,34.9,26.47599983215332,90.0,0.0,20.0,5.6,28.169284318512624,43.350785295553784
150,19.0,26.47599983215332,90.0,0.0,19.1,5.6,11.188967524732526,22.356690257419757
151,19.1,26.47599983215332,90.0,0.0,20.3,5.9,20.96333507082738,25.389000521248214
152,39.1,26.47599983215332,90.0,0.0,20.8,6.2,23.453132386758384,46.135939716027515
153,20.1,26.47599983215332,90.0,0.0,19.4,6.3,19.163506350654487,25.849051905196347
154,30.1,26.47599983215332,90.0,0.0,19.5,6.2,19.722142870480152,36.01664286114405
155,30.7,26.47599983215332,90.0,0.0,20.0,6.4,20.243848394346408,36.77315451830392
156,29.7,26.47599983215332,90.0,0.0,19.8,5.7,10.256206178993878,32.776861853698165
157,34.3,26.47599983215332,90.0,0.0,20.6,5.5,26.81306896039257,42.34392068811777
158,39.6,26.47599983215332,90.0,0.0,20.3,6.1,13.21013120332583,43.56303936099775
159,23.5,26.47599983215332,90.0,0.0,19.6,6.0,7.674751032422018,25.802425309726605
160,36.5,26.47599983215332,90.0,0.0,19.2,5.5,11.448862316049482,39.93465869481484
161,27.9,26.47599983215332,90.0,0.0,19.9,6.5,25.064347914506637,35.41930437435199
162,37.1,26.47599983215332,90.0,0.0,20.6,5.9,8.339944027709619,39.60198320831289
163,26.4,26.47599983215332,90.0,0.0,20.7,5.7,7.549004304281116,28.664701291284334
164,26.0,26.47599983215332,90.0,0.0,19.3,5.8,15.017348600616183,30.505204580184856
165,34.7,26.47599983215332,90.0,0.0,19.7,6.3,25.015231035047684,42.20456931051431
166,20.9,26.47599983215332,90.0,0.0,20.9,5.8,6.86548809194784,22.95964642758435
167,24.5,26.47599983215332,90.0,0.0,19.5,5.8,10.41871936489586,27.62561580946876
168,27.0,26.47599983215332,90.0,0.0,20.4,6.3,21.20423302683922,33.36126990805177
169,19.0,26.47599983215332,90.0,0.0,20.6,5.9,14.45503955217771,23.336511865653314
170,37.5,26.47599983215332,90.0,0.0,20.3,6.5,17.846217986343134,42.85386539590294
171,34.4,26.47599983215332,90.0,0.0,21.0,6.0,7.944170894939305,36.78325126848179
172,36.8,26.47599983215332,90.0,0.0,20.0,5.6,9.60771399172091,39.68231419751627
173,37.0,26.47599983215332,90.0,0.0,20.9,6.4,12.797969898206539,40.83939096946196
174,24.1,26.47599983215332,90.0,0.0,19.9,6.1,5.855661775628366,25.85669853268851
175,30.8,26.47599983215332,90.0,0.0,20.1,5.6,17.816238847539964,36.14487165426199
176,37.5,26.47599983215332,90.0,0.0,20.9,6.1,13.106463174431314,41.431938952329396
177,32.7,26.47599983215332,90.0,0.0,20.0,6.5,18.868350065354168,38.36050501960625
178,35.8,26.47599983215332,90.0,0.0,20.5,6.4,16.067966876574225,40.62039006297226
179,34.4,26.47599983215332,90.0,0.0,19.2,6.0,7.081228379136848,36.52436851374105
180,31.4,26.525999069213867,90.0,0.0,20.8,5.5,23.93985599130083,38.58195679739025
181,34.5,26.525999069213867,90.0,0.0,19.5,6.0,13.683527247175407,38.605058174152624
182,17.3,26.525999069213867,90.0,0.0,20.7,5.6,19.135543606734696,23.04066308202041
183,16.9,26.525999069213867,90.0,0.0,19.3,6.3,21.13081990057779,23.239245970173336
184,18.0,26.525999069213867,90.0,0.0,20.1,5.7,13.517163195244049,22.055148958573213
185,23.5,26.525999069213867,90.0,0.0,21.0,6.4,29.192558483403584,32.257767545021075
186,38.0,26.525999069213867,90.0,0.0,21.0,6.0,26.762124854120188,46.028637456236055
187,32.1,26.525999069213867,90.0,0.0,20.2,5.8,21.55533943408202,38.566601830224606
188,33.5,26.525999069213867,90.0,0.0,20.1,6.1,7.052550732384195,35.61576521971526
189,21.0,26.525999069213867,90.0,0.0,20.8,6.3,17.126802307544395,26.138040692263317
190,25.2,26.525999069213867,90.0,0.0,20.5,6.1,28.472330105014226,33.74169903150427
191,35.2,26.525999069213867,90.0,0.0,20.9,6.2,25.419852859191813,42.82595585775755
192,34.2,26.525999069213867,90.0,0.0,20.6,6.2,12.60043379549488,37.98013013864847
193,19.4,26.525999069213867,90.0,0.0,20.7,5.6,6.674944609459386,21.402483382837815
194,28.4,26.525999069213867,90.0,0.0,20.5,6.5,8.073995439714036,30.82219863191421
195,25.2,26.525999069213867,90.0,0.0,19.1,6.4,28.263630150760235,33.67908904522807
196,37.1,26.525999069213867,90.0,0.0,19.9,6.2,14.72463536221616,41.51739060866485
197,32.2,26.525999069213867,90.0,0.0,19.7,6.3,21.242093510460272,38.57262805313808
198,30.1,26.525999069213867,90.0,0.0,19.6,6.3,11.031262673493599,33.40937880204808
199,31.7,26.525999069213867,90.0,0.0,19.9,6.3,5.758440139917235,33.42753204197517
200,38.9,26.525999069213867,90.0,0.0,20.2,6.3,12.68651915487401,42.7059557464622
201,27.8,26.525999069213867,90.0,0.0,19.5,5.9,29.321420670499922,36.59642620114998
202,37.8,26.525999069213867,90.0,0.0,20.4,6.0,23.974960293485708,44.99248808804571
203,33.5,26.525999069213867,90.0,0.0,19.3,6.5,28.06285386738644,41.91885616021593
204,36.9,26.525999069213867,90.0,0.0,19.2,5.7,17.50789570328122,42.15236871098436
205,37.6,26.525999069213867,90.0,0.0,20.6,5.5,7.790170841517131,39.93705125245514
206,24.2,26.525999069213867,90.0,0.0,20.6,5.7,15.019874142537882,28.705962242761363
207,28.9,26.525999069213867,90.0,0.0,19.1,6.0,13.655508320544078,32.99665249616322
208,27.2,26.525999069213867,90.0,0.0,20.3,6.4,24.905181848123714,34.671554554437115
209,18.5,26.525999069213867,90.0,0.0,19.4,5.6,9.546030684827823,21.363809205448348
210,33.8,26.525999069213867,90.0,0.0,20.2,6.0,13.778398156684963,37.93351944700549
211,37.2,26.525999069213867,90.0,0.0,20.1,6.3,29.86866399699353,46.16059919909806
212,32.3,26.525999069213867,90.0,0.0,20.8,6.2,11.544715022409456,35.76341450672283
213,25.7,26.525999069213867,90.0,0.0,20.3,5.7,24.27793663791865,32.9833809913756
214,17.7,26.525999069213867,90.0,0.0,19.4,6.0,25.053427640469845,25.216028292140955
215,19.4,26.525999069213867,90.0,0.0,19.1,6.0,5.29082390392966,20.987247171178897
216,16.4,26.525999069213867,90.0,0.0,20.8,5.7,20.35513145334557,22.50653943600367
217,23.4,26.525999069213867,90.0,0.0,19.6,6.4,13.448562232377796,27.434568669713336
218,31.2,26.525999069213867,90.0,0.0,20.4,6.3,25.85956399021207,38.95786919706362
219,21.4,26.525999069213867,90.0,0.0,19.5,6.3,9.87376950850279,24.362130852550834
220,36.3,26.525999069213867,90.0,0.0,20.5,6.0,15.337636196222242,40.90129085886667
221,26.3,26.525999069213867,90.0,0.0,19.6,5.6,12.033374269698808,29.910012280909644
222,30.4,26.525999069213867,90.0,0.0,20.2,6.0,9.859014098590954,33.35770422957729
223,15.7,26.525999069213867,90.0,0.0,20.7,5.9,15.629980769208162,20.38899423076245
224,36.6,26.525999069213867,90.0,0.0,19.5,5.7,21.42106426056636,43.02631927816991
225,30.1,26.525999069213867,90.0,0.0,19.7,5.9,11.03783120317362,33.41134936095209
226,19.0,26.525999069213867,90.0,0.0,20.7,6.4,25.863646865616527,26.75909405968496
227,36.2,26.525999069213867,90.0,0.0,20.3,5.7,7.724081906007939,38.51722457180239
228,16.9,26.525999069213867,90.0,0.0,20.1,6.0,11.289578028285497,20.286873408485647
229,28.5,26.525999069213867,90.0,0.0,20.3,6.0,12.33017151376257,32.19905145412877
230,34.1,26.525999069213867,90.0,0.0,20.2,6.0,23.854013900668416,41.256204170200526
231,27.7,26.525999069213867,90.0,0.0,19.9,5.6,13.192170299781578,31.657651089934472
232,39.1,26.525999069213867,90.0,0.0,19.2,6.4,27.952825768941974,47.48584773068259
233,33.7,26.525999069213867,90.0,0.0,20.3,5.8,28.508151091408234,42.25244532742247
234,15.2,26.525999069213867,90.0,0.0,19.4,6.5,17.216304176797877,20.36489125303936
235,38.6,26.525999069213867,90.0,0.0,19.2,6.4,25.049361160207816,46.11480834806235
236,35.9,26.525999069213867,90.0,0.0,19.3,5.8,14.27599039348998,40.18279711804699
237,24.5,26.525999069213867,90.0,0.0,19.6,6.0,12.235153416197381,28.170546024859213
238,27.0,26.525999069213867,90.0,0.0,19.0,5.8,14.002026531631202,31.20060795948936
239,30.4,26.525999069213867,90.0,0.0,20.9,6.1,5.832411771394573,32.14972353141837
240,32.7,26.47599983215332,91.0,0.0,19.7,6.5,21.823106066383332,39.246931819915005
241,28.6,26.47599983215332,91.0,0.0,19.0,6.1,24.078360284006294,35.82350808520189
242,20.2,26.47599983215332,91.0,0.0,20.2,5.9,19.083703560679442,25.925111068203833
243,21.0,26.47599983215332,91.0,0.0,20.5,6.1,26.911801850296523,29.073540555088957
244,33.5,26.47599983215332,91.0,0.0,19.4,5.7,17.76882823919302,38.830648471757904
245,15.6,26.47599983215332,91.0,0.0,19.8,6.2,17.596233642258778,20.878870092677634
246,27.3,26.47599983215332,91.0,0.0,20.2,6.2,9.054652249307031,30.01639567479211
247,38.7,26.47599983215332,91.0,0.0,20.5,6.5,29.825317462954803,47.647595238886446
248,24.1,26.47599983215332,91.0,0.0,19.5,5.9,15.056868938971105,28.617060681691335
249,30.5,26.47599983215332,91.0,0.0,19.2,5.6,8.0679671711322,32.92039015133966
250,35.2,26.47599983215332,91.0,0.0,20.1,5.6,19.7396610526132,41.121898315783966
251,15.1,26.47599983215332,91.0,0.0,19.4,5.9,15.59513928071594,19.77854178421478
252,35.6,26.47599983215332,91.0,0.0,20.6,6.1,10.965188011635128,38.88955640349054
253,21.2,26.47599983215332,91.0,0.0,19.7,5.8,13.478467201441916,25.243540160432573
254,18.2,26.47599983215332,91.0,0.0,20.7,6.1,18.21804710695691,23.665414132087072
255,36.9,26.47599983215332,91.0,0.0,20.8,6.4,25.69597501102916,44.60879250330875
256,30.9,26.47599983215332,91.0,0.0,20.3,6.4,24.852755007129772,38.35582650213893
257,30.7,26.47599983215332,91.0,0.0,19.5,6.1,11.09365418803776,34.02809625641133
258,39.1,26.47599983215332,91.0,0.0,19.1,6.1,29.25593222122258,47.87677966636677
259,15.0,26.47599983215332,91.0,0.0,21.0,6.4,26.45353556239972,22.936060668719914
260,26.8,26.47599983215332,91.0,0.0,19.4,5.7,22.319531181987443,33.495859354596234
261,22.6,26.47599983215332,91.0,0.0,19.8,6.4,22.551998675037535,29.36559960251126
262,16.5,26.47599983215332,91.0,0.0,20.5,5.9,20.61720038728627,22.68516011618588
263,16.8,26.47599983215332,91.0,0.0,19.6,6.3,26.620900913011198,24.78627027390336
264,20.7,26.47599983215332,91.0,0.0,19.8,6.0,7.15538948323718,22.84661684497115
265,18.4,26.47599983215332,91.0,0.0,20.8,6.0,29.92899738064871,27.37869921419461
266,33.0,26.47599983215332,91.0,0.0,19.0,5.7,23.116633801517995,39.9349901404554
267,31.3,26.47599983215332,91.0,0.0,20.0,6.0,26.03222450577365,39.1096673517321
268,23.6,26.47599983215332,91.0,0.0,20.7,5.5,18.937035228836407,29.281110568650924
269,29.2,26.47599983215332,91.0,0.0,19.7,6.2,25.02226805580987,36.70668041674296
270,34.1,26.47599983215332,91.0,0.0,20.2,5.7,29.990639774444816,43.097191932333445
271,34.8,26.47599983215332,91.0,0.0,19.9,6.1,17.53140190255035,40.0594205707651
272,39.9,26.47599983215332,91.0,0.0,20.8,6.1,16.715210315289283,44.91456309458678
273,28.4,26.47599983215332,91.0,0.0,20.9,5.7,26.679554230150764,36.403866269045224
274,20.1,26.47599983215332,91.0,0.0,19.8,6.5,23.028613933858196,27.00858418015746
275,19.0,26.47599983215332,91.0,0.0,20.5,5.9,15.716593793818902,23.71497813814567
276,23.4,26.47599983215332,91.0,0.0,20.1,5.7,25.676868061818602,31.103060418545578
277,15.8,26.47599983215332,91.0,0.0,19.0,6.0,15.824912895386927,20.54747386861608
278,16.9,26.47599983215332,91.0,0.0,19.8,6.4,20.63816020539692,23.091448061619076
279,34.8,26.47599983215332,91.0,0.0,19.6,6.0,11.043478345204733,38.113043503561414
280,23.9,26.47599983215332,91.0,0.0,19.8,5.6,27.93304688401276,32.279914065203826
281,27.5,26.47599983215332,91.0,0.0,19.3,6.2,17.837501631501745,32.85125048945052
282,26.9,26.47599983215332,91.0,0.0,19.5,6.4,19.658705636665232,32.79761169099957
283,39.1,26.47599983215332,91.0,0.0,19.6,5.8,24.83625957833501,46.550877873500504
284,35.8,26.47599983215332,91.0,0.0,20.9,6.4,15.071281867442533,40.32138456023276
285,25.8,26.47599983215332,91.0,0.0,20.3,6.0,9.477680475634632,28.64330414269039
286,39.6,26.47599983215332,91.0,0.0,20.4,5.6,14.495100326534315,43.948530097960294
287,24.3,26.47599983215332,91.0,0.0,19.8,6.0,14.745011381262076,28.723503414378623
288,33.3,26.47599983215332,91.0,0.0,20.0,6.2,5.017472225330412,34.80524166759912
289,28.7,26.47599983215332,91.0,0.0,19.1,5.9,28.71458636525344,37.31437590957603
290,20.4,26.47599983215332,91.0,0.0,19.8,6.1,17.449648682965332,25.6348946048896
291,19.4,26.47599983215332,91.0,0.0,20.5,6.3,24.571765561407073,26.77152966842212
292,39.5,26.47599983215332,91.0,0.0,20.8,5.9,19.000717051161246,45.20021511534837
293,19.6,26.47599983215332,91.0,0.0,20.7,5.8,17.118917504873302,24.73567525146199
294,17.1,26.47599983215332,91.0,0.0,20.1,6.1,12.542866013441344,20.862859804032404
295,21.1,26.47599983215332,91.0,0.0,20.1,6.3,26.13663334813262,28.940990004439787
296,30.7,26.47599983215332,91.0,0.0,19.0,5.6,18.562423514459102,36.26872705433773
297,15.3,26.47599983215332,91.0,0.0,19.2,5.6,14.964197483381247,19.789259245014374
298,34.8,26.47599983215332,91.0,0.0,20.7,5.6,28.78972088508049,43.43691626552415
299,15.6,26.47599983215332,91.0,0.0,20.8,6.0,9.988125026937603,18.59643750808128
300,17.3,26.42599868774414,92.0,0.0,20.6,5.9,9.037418345605666,20.0112255036817
301,39.7,26.42599868774414,92.0,0.0,20.6,6.2,23.4233189669083,46.72699569007249
302,27.1,26.42599868774414,92.0,0.0,19.6,5.8,26.53033925252287,35.059101775756865
303,20.2,26.42599868774414,92.0,0.0,20.7,6.1,13.75041354122646,24.325124062367937
304,22.4,26.42599868774414,92.0,0.0,19.2,5.9,22.14491876352438,29.043475629057312
305,39.7,26.42599868774414,92.0,0.0,19.7,5.6,8.064310543120861,42.11929316293626
306,27.7,26.42599868774414,92.0,0.0,19.9,6.3,20.258766846382088,33.77763005391463
307,19.9,26.42599868774414,92.0,0.0,20.8,6.5,7.968880488487197,22.290664146546156
308,17.5,26.42599868774414,92.0,0.0,19.1,5.9,17.946171102632317,22.883851330789696
309,31.2,26.42599868774414,92.0,0.0,19.2,6.1,26.035941116204643,39.01078233486139
310,22.5,26.42599868774414,92.0,0.0,20.3,6.2,22.571450140532693,29.27143504215981
311,29.7,26.42599868774414,92.0,0.0,19.8,5.7,7.4708054635936225,31.941241639078086
312,31.6,26.42599868774414,92.0,0.0,19.3,5.8,27.933432422819884,39.98002972684597
313,20.3,26.42599868774414,92.0,0.0,19.7,5.8,11.582196295236969,23.774658888571093
314,27.8,26.42599868774414,92.0,0.0,20.1,6.3,17.052330088647558,32.91569902659427
315,20.8,26.42599868774414,92.0,0.0,20.4,5.5,26.253955240272894,28.676186572081868
316,28.6,26.42599868774414,92.0,0.0,20.4,5.7,25.16996633276877,36.150989899830634
317,32.4,26.42599868774414,92.0,0.0,20.4,5.6,9.475030756051273,35.24250922681538
318,36.0,26.42599868774414,92.0,0.0,20.4,6.0,19.99307328048635,41.997921984145904
319,30.7,26.42599868774414,92.0,0.0,19.5,6.3,22.71279648102061,37.51383894430618
320,17.5,26.42599868774414,92.0,0.0,20.2,6.2,18.452726447434202,23.03581793423026
321,21.2,26.42599868774414,92.0,0.0,20.5,5.5,7.899160294142117,23.569748088242633
322,16.6,26.42599868774414,92.0,0.0,20.0,6.4,7.270650172898616,18.781195051869588
323,27.0,26.42599868774414,92.0,0.0,19.7,5.8,12.054784142350018,30.616435242705005
324,31.8,26.42599868774414,92.0,0.0,19.8,6.2,26.09447561823163,39.62834268546949
325,27.0,26.42599868774414,92.0,0.0,20.5,6.5,23.38499200134171,34.01549760040251
326,25.8,26.42599868774414,92.0,0.0,20.9,6.3,15.980406787629487,30.594122036288848
327,28.3,26.42599868774414,92.0,0.0,19.7,5.7,10.149326494306761,31.34479794829203
328,30.7,26.42599868774414,92.0,0.0,20.4,5.6,15.43190813758477,35.32957244127543
329,24.8,26.42599868774414,92.0,0.0,20.7,6.3,14.26244420766017,29.07873326229805
330,30.2,26.42599868774414,92.0,0.0,20.1,5.5,25.17859418521131,37.75357825556339
331,18.4,26.42599868774414,92.0,0.0,19.3,6.5,28.233228826802602,26.86996864804078
332,28.2,26.42599868774414,92.0,0.0,20.9,5.5,9.439261965493435,31.03177858964803
333,39.1,26.42599868774414,92.0,0.0,21.0,5.7,5.595693545874612,40.77870806376239
334,25.8,26.42599868774414,92.0,0.0,20.7,5.8,13.594991946171762,29.87849758385153
335,34.1,26.42599868774414,92.0,0.0,20.7,6.0,5.614054124819105,35.78421623744573
336,19.5,26.42599868774414,92.0,0.0,19.7,5.5,9.436698519179632,22.33100955575389
337,26.2,26.42599868774414,92.0,0.0,20.1,5.6,22.47309678406152,32.94192903521846
338,23.9,26.42599868774414,92.0,0.0,20.0,6.2,13.321919002781467,27.89657570083444
339,37.9,26.42599868774414,92.0,0.0,19.1,6.3,15.887147507893113,42.66614425236793
340,38.9,26.42599868774414,92.0,0.0,19.8,6.4,12.264315943850345,42.5792947831551
341,28.7,26.42599868774414,92.0,0.0,20.7,6.2,8.004002881251102,31.10120086437533
342,39.6,26.42599868774414,92.0,0.0,20.9,5.9,9.47084470314654,42.441253410943965
343,22.4,26.42599868774414,92.0,0.0,20.0,6.4,28.48654303542763,30.94596291062829
344,38.7,26.42599868774414,92.0,0.0,19.1,5.7,11.424131819773073,42.12723954593193
345,16.8,26.42599868774414,92.0,0.0,19.2,6.0,13.345006054285896,20.80350181628577
346,30.5,26.42599868774414,92.0,0.0,20.4,5.7,28.37185652975672,39.01155695892702
347,22.6,26.42599868774414,92.0,0.0,20.8,5.8,12.371226235836396,26.31136787075092
348,16.5,26.42599868774414,92.0,0.0,19.0,5.6,22.75886665302129,23.327659995906387
349,16.1,26.42599868774414,92.0,0.0,19.0,6.3,7.923862084395154,18.47715862531855
350,32.9,26.42599868774414,92.0,0.0,19.1,6.0,23.62294634269048,39.98688390280714
351,36.3,26.42599868774414,92.0,0.0,20.2,6.0,24.155895115118632,43.54676853453559
352,37.9,26.42599868774414,92.0,0.0,19.9,5.9,15.892391002789678,42.6677173008369
353,17.7,26.42599868774414,92.0,0.0,20.1,6.2,21.97854964632097,24.29356489389629
354,36.1,26.42599868774414,92.0,0.0,19.0,6.1,16.706321919229012,41.111896575768704
355,23.9,26.42599868774414,92.0,0.0,19.9,5.6,9.893203579318767,26.867961073795627
356,25.1,26.42599868774414,92.0,0.0,20.6,6.4,13.537081035418131,29.16112431062544
357,16.6,26.42599868774414,92.0,0.0,19.5,5.9,13.424892496234202,20.627467748870263
358,15.5,26.42599868774414,92.0,0.0,20.9,5.9,26.110961396825537,23.333288419047662
359,16.5,26.42599868774414,92.0,0.0,19.5,6.2,20.044785356818025,22.51343560704541
360,19.1,26.47599983215332,92.0,0.0,19.6,6.3,7.263462603319963,21.27903878099599
361,37.7,26.47599983215332,92.0,0.0,20.9,6.1,11.444257401231038,41.133277220369315
362,39.0,26.47599983215332,92.0,0.0,20.7,5.6,16.93117420770697,44.07935226231209
363,37.0,26.47599983215332,92.0,0.0,20.3,6.5,23.121868878259146,43.93656066347774
364,33.1,26.47599983215332,92.0,0.0,19.3,5.7,23.213305759785403,40.06399172793562
365,23.0,26.47599983215332,92.0,0.0,20.3,6.1,19.605581970020353,28.881674591006107
366,31.6,26.47599983215332,92.0,0.0,19.1,6.0,8.935837442924559,34.28075123287737
367,32.6,26.47599983215332,92.0,0.0,19.7,5.5,7.922798772508295,34.97683963175249
368,33.0,26.47599983215332,92.0,0.0,19.5,6.3,26.905751276188653,41.0717253828566
369,36.0,26.47599983215332,92.0,0.0,20.0,6.2,5.425575955153682,37.62767278654611
370,27.2,26.47599983215332,92.0,0.0,20.3,6.3,27.167452855345754,35.350235856603724
371,39.3,26.47599983215332,92.0,0.0,19.9,6.3,28.060201705523685,47.7180605116571
372,23.0,26.47599983215332,92.0,0.0,20.4,6.2,12.794887466793082,26.838466240037924
373,21.3,26.47599983215332,92.0,0.0,19.3,6.0,7.97400949297576,23.69220284789273
374,18.9,26.47599983215332,92.0,0.0,19.2,6.4,18.820800602278467,24.54624018068354
375,33.2,26.47599983215332,92.0,0.0,19.7,6.5,17.413330326476643,38.423999097942996
376,19.2,26.47599983215332,92.0,0.0,20.8,5.7,7.975926967833987,21.592778090350194
377,35.7,26.47599983215332,92.0,0.0,19.3,6.0,27.498296518214158,43.94948895546425
378,15.2,26.47599983215332,92.0,0.0,19.1,6.2,7.622296540527619,17.486688962158283
379,36.3,26.47599983215332,92.0,0.0,19.8,5.6,22.67267713345672,43.10180314003701
380,22.8,26.47599983215332,92.0,0.0,20.5,6.1,9.989934626506418,25.796980387951926
381,23.2,26.47599983215332,92.0,0.0,20.6,6.2,23.54972064393004,30.264916193179012
382,33.1,26.47599983215332,92.0,0.0,20.8,6.4,14.470556694544074,37.44116700836322
383,31.8,26.47599983215332,92.0,0.0,20.9,6.0,18.346865017788836,37.30405950533665
384,20.2,26.47599983215332,92.0,0.0,20.4,5.6,5.568554875145855,21.870566462543756
385,27.8,26.47599983215332,92.0,0.0,20.3,6.5,21.23640239540016,34.170920718620046
386,28.4,26.47599983215332,92.0,0.0,20.0,5.6,19.836286830149582,34.350886049044874
387,26.1,26.47599983215332,92.0,0.0,20.2,5.8,5.291813897465551,27.687544169239665
388,21.6,26.47599983215332,92.0,0.0,19.3,6.3,7.050225259668731,23.71506757790062
389,24.2,26.47599983215332,92.0,0.0,19.3,6.5,11.933414381882887,27.780024314564866
390,29.9,26.47599983215332,92.0,0.0,19.7,5.9,19.921020292038882,35.87630608761167
391,38.7,26.47599983215332,92.0,0.0,20.2,6.0,22.940495634149016,45.58214869024471
392,18.4,26.47599983215332,92.0,0.0,19.6,5.7,19.786124494968117,24.335837348490433
393,39.8,26.47599983215332,92.0,0.0,19.9,6.5,16.01553719879582,44.604661159638745
394,24.5,26.47599983215332,92.0,0.0,20.3,6.0,21.144667423174507,30.84340022695235
395,20.5,26.47599983215332,92.0,0.0,19.9,6.0,8.96947126186972,23.190841378560915
396,38.5,26.47599983215332,92.0,0.0,20.6,5.6,6.261960231794529,40.37858806953836
397,37.0,26.47599983215332,92.0,0.0,20.0,6.5,19.296462260683356,42.78893867820501
398,15.0,26.47599983215332,92.0,0.0,20.7,6.3,23.946707815169177,22.18401234455075
399,33.6,26.47599983215332,92.0,0.0,20.2,6.4,24.410571316865642,40.9231713950597
400,29.1,26.47599983215332,92.0,0.0,19.3,5.6,5.5002458264890155,30.750073747946708
401,25.5,26.47599983215332,92.0,0.0,19.3,5.8,29.27350738896309,34.282052216688925
402,30.6,26.47599983215332,92.0,0.0,19.9,5.8,25.074485035627326,38.1223455106882
403,19.0,26.47599983215332,92.0,0.0,20.1,6.2,8.260403519523017,21.478121055856906
404,29.7,26.47599983215332,92.0,0.0,19.2,5.6,25.08408768269493,37.22522630480848
405,30.1,26.47599983215332,92.0,0.0,20.6,5.6,27.279192811370514,38.28375784341115
406,25.9,26.47599983215332,92.0,0.0,20.7,5.9,18.902079765133823,31.570623929540147
407,35.9,26.47599983215332,92.0,0.0,20.0,5.9,18.642557359058323,41.49276720771749
408,20.3,26.47599983215332,92.0,0.0,19.6,6.1,12.075272719563019,23.922581815868906
409,33.1,26.47599983215332,92.0,0.0,19.5,6.3,6.69457391164036,35.10837217349211
410,36.8,26.47599983215332,92.0,0.0,20.3,5.9,6.092770398346457,38.62783111950393
411,23.0,26.47599983215332,92.0,0.0,19.8,6.3,7.810392046534102,25.34311761396023
412,25.8,26.47599983215332,92.0,0.0,19.9,6.1,12.821773442970661,29.646532032891198
413,34.7,26.47599983215332,92.0,0.0,19.4,6.0,18.544689384051633,40.26340681521549
414,29.1,26.47599983215332,92.0,0.0,19.2,6.2,12.768009071574838,32.930402721472454
415,24.0,26.47599983215332,92.0,0.0,20.5,5.7,22.499364093107552,30.749809227932264
416,33.1,26.47599983215332,92.0,0.0,20.2,6.2,18.390969348657613,38.61729080459729
417,31.5,26.47599983215332,92.0,0.0,19.6,6.5,29.881577803273956,40.46447334098219
418,17.3,26.47599983215332,92.0,0.0,20.5,6.3,8.288164561837405,19.78644936855122
419,21.3,26.47599983215332,92.0,0.0,20.6,5.9,26.431880874181054,29.229564262254318
420,19.2,27.47599983215332,89.0,0.0,19.8,6.0,17.46553403663336,24.439660210990006
421,21.4,27.47599983215332,89.0,0.0,19.8,6.0,9.598641088783353,24.279592326635004
422,17.9,27.47599983215332,89.0,0.0,19.1,6.2,28.67990543522193,26.503971630566575
423,33.3,27.47599983215332,89.0,0.0,20.1,5.9,24.511308211635743,40.65339246349072
424,17.3,27.47599983215332,89.0,0.0,20.8,5.5,28.379914110772393,25.81397423323172
425,15.7,27.47599983215332,89.0,0.0,19.7,5.7,14.825664790376557,20.147699437112966
426,29.6,27.47599983215332,89.0,0.0,19.6,6.0,25.228805259234463,37.16864157777034
427,23.3,27.47599983215332,89.0,0.0,19.7,6.0,17.314066195327868,28.49421985859836
428,27.0,27.47599983215332,89.0,0.0,20.4,6.0,28.583561785833542,35.57506853575006
429,19.6,27.47599983215332,89.0,0.0,19.2,6.5,15.099655448777952,24.129896634633386
430,21.3,27.47599983215332,89.0,0.0,20.7,5.5,9.271316972909943,24.081395091872984
431,31.6,27.47599983215332,89.0,0.0,20.8,5.5,25.526549940985362,39.25796498229561
432,33.2,27.47599983215332,89.0,0.0,20.8,5.6,28.469430313805823,41.74082909414175
433,34.8,27.47599983215332,89.0,0.0,19.9,6.5,6.785491955539589,36.83564758666187
434,36.4,27.47599983215332,89.0,0.0,20.5,5.7,23.070780385556425,43.321234115666925
435,38.5,27.47599983215332,89.0,0.0,19.2,6.3,23.837544492279495,45.65126334768385
436,15.9,27.47599983215332,89.0,0.0,20.6,6.3,13.209971953612264,19.86299158608368
437,26.7,27.47599983215332,89.0,0.0,20.6,6.2,20.276624047776906,32.78298721433307
438,15.1,27.47599983215332,89.0,0.0,20.2,5.7,8.414609105892193,17.624382731767657
439,29.0,27.47599983215332,89.0,0.0,20.9,6.1,24.89675707213335,36.46902712164
440,19.3,27.47599983215332,89.0,0.0,19.6,5.6,9.534150245983053,22.16024507379492
441,30.4,27.47599983215332,89.0,0.0,19.4,5.6,8.879872138323917,33.06396164149717
442,30.2,27.47599983215332,89.0,0.0,20.8,5.5,17.04778108860475,35.314334326581424
443,37.0,27.47599983215332,89.0,0.0,19.7,6.3,12.64806148518042,40.79441844555413
444,27.0,27.47599983215332,89.0,0.0,20.1,5.5,26.098051278254264,34.82941538347628
445,21.6,27.47599983215332,89.0,0.0,19.9,6.0,11.370999364214178,25.011299809264255
446,23.4,27.47599983215332,89.0,0.0,19.8,5.5,18.575025572443423,28.972507671733027
447,32.1,27.47599983215332,89.0,0.0,19.5,5.7,12.669051412012687,35.900715423603806
448,30.1,27.47599983215332,89.0,0.0,19.3,6.2,6.199112998774218,31.959733899632266
449,26.0,27.47599983215332,89.0,0.0,20.2,5.8,18.278088010800325,31.483426403240095
450,18.2,27.47599983215332,89.0,0.0,20.4,5.7,16.287217120617687,23.086165136185304
451,38.2,27.47599983215332,89.0,0.0,20.4,6.1,19.230421874868192,43.96912656246046
452,25.2,27.47599983215332,89.0,0.0,20.0,5.9,26.806596991275374,33.24197909738261
453,24.8,27.47599983215332,89.0,0.0,19.9,6.4,24.208885118083273,32.06266553542498
454,28.1,27.47599983215332,89.0,0.0,19.7,5.7,14.52338006673539,32.457014020020615
455,31.8,27.47599983215332,89.0,0.0,19.6,5.6,8.956619419903129,34.48698582597094
456,23.2,27.47599983215332,89.0,0.0,19.6,6.0,13.348948812133102,27.20468464363993
457,21.6,27.47599983215332,89.0,0.0,19.1,5.6,16.196517379016356,26.458955213704908
458,26.9,27.47599983215332,89.0,0.0,20.0,6.2,17.272868197987606,32.08186045939628
459,21.8,27.47599983215332,89.0,0.0,20.4,5.7,7.204476576804598,23.96134297304138
460,19.0,27.47599983215332,89.0,0.0,19.1,5.6,13.394651600458792,23.018395480137638
461,30.7,27.47599983215332,89.0,0.0,20.5,6.0,9.062829637340462,33.41884889120214
462,32.3,27.47599983215332,89.0,0.0,20.1,6.2,14.403748011678626,36.621124403503586
463,26.3,27.47599983215332,89.0,0.0,20.3,5.6,27.131828078690877,34.43954842360726
464,39.6,27.47599983215332,89.0,0.0,19.9,6.3,29.9699430775209,48.59098292325627
465,29.4,27.47599983215332,89.0,0.0,20.0,6.4,5.469547020259939,31.04086410607798
466,31.2,27.47599983215332,89.0,0.0,21.0,6.1,20.664063245564776,37.399218973669434
467,31.3,27.47599983215332,89.0,0.0,19.2,6.2,5.546202378650823,32.963860713595245
468,39.0,27.47599983215332,89.0,0.0,19.0,6.0,15.469861967978112,43.64095859039343
469,16.9,27.47599983215332,89.0,0.0,20.7,6.4,18.832286692571515,22.549686007771452
470,19.7,27.47599983215332,89.0,0.0,20.2,5.9,29.103181208858295,28.430954362657488
471,19.5,27.47599983215332,89.0,0.0,19.9,5.6,27.42613625825325,27.727840877475977
472,19.4,27.47599983215332,89.0,0.0,20.7,5.6,27.942974852049968,27.782892455614988
473,21.0,27.47599983215332,89.0,0.0,20.4,5.8,29.286025432473817,29.785807629742145
474,25.9,27.47599983215332,89.0,0.0,19.7,5.9,12.285078870088228,29.585523661026468
475,21.8,27.47599983215332,89.0,0.0,19.1,6.5,8.795613817250587,24.438684145175177
476,22.6,27.47599983215332,89.0,0.0,19.6,5.7,7.748012323205384,24.924403696961615
477,31.5,27.47599983215332,89.0,0.0,20.1,6.5,24.758256802818686,38.9274770408456
478,34.1,27.47599983215332,89.0,0.0,20.4,6.5,13.725897468129842,38.217769240438955
479,33.1,27.47599983215332,89.0,0.0,19.2,6.2,18.058951305405042,38.51768539162151
480,33.4,29.025999069213867,81.0,0.0,19.3,6.4,11.044480091161784,36.71334402734853
481,29.9,29.025999069213867,81.0,0.0,20.1,5.5,8.023440466851627,32.30703214005548
482,20.7,29.025999069213867,81.0,0.0,20.5,5.9,14.023374725070891,24.907012417521265
483,18.7,29.025999069213867,81.0,0.0,19.3,6.4,26.320605594063082,26.596181678218922
484,37.1,29.025999069213867,81.0,0.0,19.1,6.2,10.065783699759542,40.119735109927866
485,38.5,29.025999069213867,81.0,0.0,20.4,6.5,28.177366092962266,46.95320982788868
486,35.2,29.025999069213867,81.0,0.0,19.2,6.4,28.523104422239552,43.75693132667187
487,34.1,29.025999069213867,81.0,0.0,20.8,5.7,18.5786634719453,39.67359904158359
488,18.3,29.025999069213867,81.0,0.0,19.3,6.1,9.395818521453247,21.118745556435975
489,39.4,29.025999069213867,81.0,0.0,20.2,5.8,18.08201307219012,44.82460392165704
490,22.5,29.025999069213867,81.0,0.0,20.4,5.5,8.624009465274355,25.087202839582307
491,28.8,29.025999069213867,81.0,0.0,20.5,5.9,6.140329633631687,30.642098890089507
492,32.5,29.025999069213867,81.0,0.0,19.1,6.2,28.28041341778676,40.98412402533603
493,36.2,29.025999069213867,81.0,0.0,20.0,5.8,6.002262114646407,38.00067863439393
494,20.3,29.025999069213867,81.0,0.0,19.6,6.1,28.543452594060803,28.86303577821824
495,39.7,29.025999069213867,81.0,0.0,21.0,6.1,27.080129419248774,47.824038825774636
496,31.1,29.025999069213867,81.0,0.0,20.5,6.5,24.710086664646077,38.513025999393825
497,31.3,29.025999069213867,81.0,0.0,20.7,6.0,29.8143048281917,40.24429144845751
498,26.5,29.025999069213867,81.0,0.0,19.1,5.8,12.80131958867245,30.340395876601736
499,18.8,29.025999069213867,81.0,0.0,19.0,5.5,6.819240315870968,20.84577209476129
500,23.5,29.025999069213867,81.0,0.0,19.4,5.9,5.518275564723872,25.15548266941716
501,16.5,29.025999069213867,81.0,0.0,19.6,6.1,11.52919921782895,19.958759765348685
502,36.2,29.025999069213867,81.0,0.0,19.4,6.2,17.34033585329685,41.40210075598906
503,30.4,29.025999069213867,81.0,0.0,20.8,6.0,21.354326549528558,36.806297964858565
504,36.7,29.025999069213867,81.0,0.0,20.9,5.7,15.242724667001143,41.272817400100344
505,22.7,29.025999069213867,81.0,0.0,19.9,5.6,26.47136781269702,30.641410343809106
506,18.7,29.025999069213867,81.0,0.0,19.2,5.7,17.633493302568674,23.990047990770602
507,34.9,29.025999069213867,81.0,0.0,20.9,5.8,29.261308229938873,43.678392468981656
508,25.6,29.025999069213867,81.0,0.0,20.4,5.8,20.351828713438145,31.705548614031443
509,31.5,29.025999069213867,81.0,0.0,19.7,6.1,15.905160768397753,36.27154823051933
510,20.5,29.025999069213867,81.0,0.0,20.7,5.7,24.877426866591936,27.96322805997758
511,31.8,29.025999069213867,81.0,0.0,20.5,5.9,28.336670984225965,40.30100129526779
512,24.0,29.025999069213867,81.0,0.0,20.6,6.0,14.60958666406465,28.382875999219394
513,19.2,29.025999069213867,81.0,0.0,20.0,6.1,12.11678803326459,22.835036409979377
514,16.1,29.025999069213867,81.0,0.0,20.6,6.2,27.02723354110202,24.20817006233061
515,16.9,29.025999069213867,81.0,0.0,19.7,5.7,23.439286920779256,23.931786076233777
516,17.5,29.025999069213867,81.0,0.0,19.9,5.8,24.400573595793933,24.82017207873818
517,23.3,29.025999069213867,81.0,0.0,20.0,5.9,6.498019297264333,25.2494057891793
518,27.7,29.025999069213867,81.0,0.0,19.1,6.4,20.950660263496303,33.98519807904889
519,20.6,29.025999069213867,81.0,0.0,20.0,5.5,17.861441082231067,25.95843232466932
520,26.8,29.025999069213867,81.0,0.0,19.6,5.6,22.42787298891638,33.528361896674916
521,40.0,29.025999069213867,81.0,0.0,20.8,5.8,11.393432771832934,43.41802983154988
522,29.9,29.025999069213867,81.0,0.0,20.8,5.6,9.261430846051129,32.67842925381534
523,21.2,29.025999069213867,81.0,0.0,19.7,5.7,28.117083131989094,29.63512493959673
524,23.1,29.025999069213867,81.0,0.0,19.6,5.6,25.91943330365443,30.87582999109633
525,37.1,29.025999069213867,81.0,0.0,19.6,5.7,6.607488469201218,39.082246540760366
526,32.9,29.025999069213867,81.0,0.0,19.4,5.7,5.1683287812248135,34.45049863436744
527,36.6,29.025999069213867,81.0,0.0,20.0,6.1,25.016525390518,44.1049576171554
528,24.9,29.025999069213867,81.0,0.0,19.2,5.7,25.247916421108535,32.47437492633256
529,35.6,29.025999069213867,81.0,0.0,19.2,6.0,8.349357105656168,38.10480713169685
530,21.3,29.025999069213867,81.0,0.0,20.4,6.3,8.740975957754937,23.922292787326484
531,32.3,29.025999069213867,81.0,0.0,19.2,6.5,12.835728831420933,36.150718649426274
532,30.7,29.025999069213867,81.0,0.0,19.9,5.7,29.43858118783178,39.53157435634953
533,22.7,29.025999069213867,81.0,0.0,20.0,6.4,7.655156863648364,24.99654705909451
534,38.6,29.025999069213867,81.0,0.0,19.8,6.1,13.744770720726928,42.72343121621808
535,19.6,29.025999069213867,81.0,0.0,20.2,6.1,21.606604644523546,26.081981393357065
536,34.2,29.025999069213867,81.0,0.0,19.0,6.3,26.440382540920254,42.132114762276075
537,34.2,29.025999069213867,81.0,0.0,20.5,6.0,17.31357436378485,39.39407230913546
538,36.0,29.025999069213867,81.0,0.0,20.7,6.2,22.44389085315532,42.7331672559466
539,31.6,29.025999069213867,81.0,0.0,20.2,6.4,21.13873991205849,37.94162197361755
540,24.5,30.525999069213867,71.0,0.0,19.1,6.5,12.422661660113679,28.226798498034103
541,24.9,30.525999069213867,71.0,0.0,19.8,5.8,15.473562165425593,29.542068649627677
542,29.3,30.525999069213867,71.0,0.0,20.7,6.0,11.558190166211375,32.76745704986341
543,35.8,30.525999069213867,71.0,0.0,19.6,5.8,13.942459154944698,39.98273774648341
544,27.1,30.525999069213867,71.0,0.0,20.7,5.7,17.969843429701417,32.490953028910425
545,19.3,30.525999069213867,71.0,0.0,20.7,5.8,22.90584271085468,26.171752813256404
546,25.3,30.525999069213867,71.0,0.0,20.6,6.2,10.51162298730745,28.453486896192235
547,25.3,30.525999069213867,71.0,0.0,20.5,5.9,21.789308296010436,31.83679248880313
548,33.9,30.525999069213867,71.0,0.0,20.0,6.2,27.122813457230734,42.03684403716922
549,38.0,30.525999069213867,71.0,0.0,19.3,6.5,19.193872407997212,43.758161722399166
550,33.5,30.525999069213867,71.0,0.0,20.3,6.2,9.509352447132322,36.35280573413969
551,17.5,30.525999069213867,71.0,0.0,20.7,6.5,7.960405908843694,19.888121772653108
552,23.1,30.525999069213867,71.0,0.0,19.6,6.0,28.8892105158802,31.766763154764064
553,20.7,30.525999069213867,71.0,0.0,20.1,5.7,13.994758644853801,24.89842759345614
554,29.0,30.525999069213867,71.0,0.0,19.6,5.6,22.1391541167522,35.64174623502566
555,21.6,30.525999069213867,71.0,0.0,19.3,6.5,28.38781604579094,30.116344813737285
556,37.2,30.525999069213867,71.0,0.0,20.4,5.6,7.052159593707003,39.3156478781121
557,30.0,30.525999069213867,71.0,0.0,19.4,6.4,21.283257097435065,36.38497712923052
558,31.5,30.525999069213867,71.0,0.0,19.0,5.5,14.11946754419388,35.73584026325816
559,20.9,30.525999069213867,71.0,0.0,20.0,5.8,22.161020087118487,27.548306026135545
560,30.8,30.525999069213867,71.0,0.0,20.8,6.3,29.285692311735538,39.58570769352066
561,15.7,30.525999069213867,71.0,0.0,20.6,6.3,28.45859120072451,24.23757736021735
562,22.2,30.525999069213867,71.0,0.0,20.3,6.4,17.12208130405018,27.336624391215054
563,36.8,30.525999069213867,71.0,0.0,19.5,6.1,29.77605973849815,45.73281792154944
564,38.0,30.525999069213867,71.0,0.0,19.8,6.0,23.821288121227962,45.14638643636839
565,33.3,30.525999069213867,71.0,0.0,19.1,5.7,25.056999563935328,40.817099869180595
566,31.9,30.525999069213867,71.0,0.0,20.6,5.6,26.21633928168183,39.764901784504545
567,30.6,30.525999069213867,71.0,0.0,20.3,6.0,11.571066310042614,34.071319893012785
568,37.4,30.525999069213867,71.0,0.0,20.5,6.5,22.76406115737831,44.22921834721349
569,22.6,30.525999069213867,71.0,0.0,19.0,5.7,8.966669503390078,25.290000851017023
570,27.6,30.525999069213867,71.0,0.0,20.0,6.4,15.970824585644811,32.391247375693446
571,26.7,30.525999069213867,71.0,0.0,19.7,6.3,6.564176263657119,28.669252879097137
572,21.2,30.525999069213867,71.0,0.0,20.6,6.4,17.090753623837525,26.327226087151256
573,28.6,30.525999069213867,71.0,0.0,20.5,6.1,14.466577000903817,32.939973100271146
574,23.2,30.525999069213867,71.0,0.0,19.9,5.8,12.827634095824536,27.04829022874736
575,27.9,30.525999069213867,71.0,0.0,19.7,5.9,24.568908592519772,35.27067257775593
576,32.7,30.525999069213867,71.0,0.0,20.7,5.7,20.874449247473862,38.96233477424216
577,18.9,30.525999069213867,71.0,0.0,20.9,5.6,12.506253580406842,22.65187607412205
578,29.3,30.525999069213867,71.0,0.0,20.7,6.2,10.536278923918866,32.46088367717566
579,17.2,30.525999069213867,71.0,0.0,20.2,5.6,17.103573070658847,22.331071921197655
580,21.7,30.525999069213867,71.0,0.0,19.6,6.1,10.387857854415799,24.81635735632474
581,39.3,30.525999069213867,71.0,0.0,20.0,6.0,9.463066504616059,42.138919951384814
582,33.9,30.525999069213867,71.0,0.0,19.2,5.5,11.258717612612951,37.27761528378388
583,39.1,30.525999069213867,71.0,0.0,21.0,6.1,16.992770619403743,44.19783118582112
584,38.7,30.525999069213867,71.0,0.0,19.5,6.0,15.184014100750938,43.25520423022528
585,33.1,30.525999069213867,71.0,0.0,20.5,6.3,22.284276636266686,39.785282990880006
586,16.4,30.525999069213867,71.0,0.0,19.2,6.1,10.532747406764706,19.55982422202941
587,23.2,30.525999069213867,71.0,0.0,20.7,5.8,29.974432715112897,32.19232981453387
588,16.6,30.525999069213867,71.0,0.0,20.4,6.2,8.163267695873484,19.048980308762047
589,36.5,30.525999069213867,71.0,0.0,20.4,5.6,19.576830418453582,42.37304912553608
590,22.9,30.525999069213867,71.0,0.0,20.9,5.9,11.045519208755554,26.213655762626665
591,22.9,30.525999069213867,71.0,0.0,19.1,5.8,21.812331878415858,29.443699563524756
592,32.4,30.525999069213867,71.0,0.0,20.6,5.6,13.473472152708325,36.442041645812495
593,34.4,30.525999069213867,71.0,0.0,20.4,5.7,22.80934775507884,41.242804326523654
594,16.4,30.525999069213867,71.0,0.0,20.4,6.3,14.811018016407424,20.843305404922226
595,39.0,30.525999069213867,71.0,0.0,20.9,6.1,25.323286790116715,46.596986037035016
596,29.9,30.525999069213867,71.0,0.0,19.9,6.3,29.34841287010566,38.704523861031696
597,21.2,30.525999069213867,71.0,0.0,19.3,5.8,15.076069390599795,25.722820817179937
598,18.9,30.525999069213867,71.0,0.0,20.7,6.3,20.184126566353292,24.955237969905987
599,15.3,30.525999069213867,71.0,0.0,19.4,6.5,12.844762867986857,19.15342886039606
600,17.1,31.92599868774414,63.0,0.0,20.2,6.5,19.77430553960086,23.032291661880258
601,16.4,31.92599868774414,63.0,0.0,19.8,6.3,12.467065513220916,20.140119653966273
602,16.3,31.92599868774414,63.0,0.0,20.5,6.0,24.622996353413967,23.68689890602419
603,17.0,31.92599868774414,63.0,0.0,19.4,6.5,12.553759031058485,20.766127709317544
604,26.4,31.92599868774414,63.0,0.0,19.5,6.0,19.394458136359418,32.218337440907824
605,23.0,31.92599868774414,63.0,0.0,20.4,6.1,24.96894262411859,30.490682787235578
606,36.9,31.92599868774414,63.0,0.0,20.6,5.8,12.44104679583786,40.63231403875135
607,19.9,31.92599868774414,63.0,0.0,19.1,6.0,13.017940548472671,23.8053821645418
608,32.5,31.92599868774414,63.0,0.0,19.9,6.1,27.752210951850834,40.82566328555525
609,16.1,31.92599868774414,63.0,0.0,20.9,5.8,11.528011127176425,19.558403338152928
610,20.2,31.92599868774414,63.0,0.0,19.1,6.4,27.985453159443463,28.59563594783304
611,17.1,31.92599868774414,63.0,0.0,20.5,6.1,12.65838709324121,20.897516127972363
612,23.3,31.92599868774414,63.0,0.0,19.6,6.5,21.899978217613388,29.86999346528402
613,35.4,31.92599868774414,63.0,0.0,19.8,6.4,7.135921216288105,37.54077636488643
614,30.4,31.92599868774414,63.0,0.0,20.2,5.8,29.94053206694987,39.38215962008496
615,29.3,31.92599868774414,63.0,0.0,19.1,6.4,27.676670086341062,37.603001025902316
616,39.1,31.92599868774414,63.0,0.0,20.5,6.3,28.35609176872898,47.606827530618695
617,36.5,31.92599868774414,63.0,0.0,20.5,6.4,26.20067967153901,44.3602039014617
618,24.5,31.92599868774414,63.0,0.0,20.7,5.6,23.41400824705934,31.5242024741178
619,20.5,31.92599868774414,63.0,0.0,19.5,6.2,20.46500444414798,26.639501333244393
620,31.1,31.92599868774414,63.0,0.0,20.5,6.0,29.6577573096107,39.99732719288321
621,36.6,31.92599868774414,63.0,0.0,19.6,6.4,16.43673776199026,41.53102132859708
622,25.3,31.92599868774414,63.0,0.0,20.2,5.8,15.414345920148262,29.92430377604448
623,35.6,31.92599868774414,63.0,0.0,19.6,6.3,16.037646892024505,40.41129406760735
624,31.8,31.92599868774414,63.0,0.0,19.4,6.0,16.597493933733723,36.77924818012012
625,23.0,31.92599868774414,63.0,0.0,20.5,5.8,20.672761632434614,29.201828489730385
626,38.2,31.92599868774414,63.0,0.0,19.4,6.1,9.03839554832231,40.9115186644967
627,35.2,31.92599868774414,63.0,0.0,20.1,5.8,9.92259306441046,38.17677791932314
628,31.1,31.92599868774414,63.0,0.0,19.6,6.2,24.229558689379466,38.36886760681384
629,21.7,31.92599868774414,63.0,0.0,20.2,6.4,26.62218414140317,29.68665524242095
630,30.1,31.92599868774414,63.0,0.0,19.9,6.3,12.212649435009647,33.763794830502896
631,15.3,31.92599868774414,63.0,0.0,19.2,5.5,23.60170726590348,22.380512179771046
632,15.3,31.92599868774414,63.0,0.0,20.5,6.1,28.982780094540292,23.99483402836209
633,16.0,31.92599868774414,63.0,0.0,20.9,5.8,21.861147238356587,22.558344171506974
634,38.6,31.92599868774414,63.0,0.0,19.4,5.5,20.392605118360194,44.71778153550806
635,27.3,31.92599868774414,63.0,0.0,20.3,5.7,29.36052434166264,36.108157302498796
636,33.8,31.92599868774414,63.0,0.0,19.3,6.1,9.280556333698033,36.58416690010941
637,34.1,31.92599868774414,63.0,0.0,20.7,6.3,28.56222869184932,42.6686686075548
638,26.9,31.92599868774414,63.0,0.0,20.1,6.1,5.299098628022426,28.489729588406725
639,36.4,31.92599868774414,63.0,0.0,20.8,5.7,5.410851571576476,38.02325547147294
640,28.0,31.92599868774414,63.0,0.0,20.7,6.2,12.26784658626109,31.680353975878326
641,34.8,31.92599868774414,63.0,0.0,20.0,5.8,9.82758449147098,37.74827534744129
642,35.9,31.92599868774414,63.0,0.0,19.9,6.1,8.422292906511029,38.426687871953305
643,33.9,31.92599868774414,63.0,0.0,19.1,6.1,14.536290276365229,38.26088708290957
644,16.5,31.92599868774414,63.0,0.0,20.2,6.1,17.104111306132438,21.631233391839732
645,36.0,31.92599868774414,63.0,0.0,20.0,6.2,19.465538985923786,41.83966169577714
646,37.8,31.92599868774414,63.0,0.0,20.1,6.4,5.812858457275068,39.54385753718252
647,22.1,31.92599868774414,63.0,0.0,20.7,6.1,17.701949005121,27.4105847015363
648,33.3,31.92599868774414,63.0,0.0,20.5,5.5,23.62398682280387,40.38719604684116
649,16.6,31.92599868774414,63.0,0.0,20.2,5.6,14.546025872873656,20.9638077618621
650,26.0,31.92599868774414,63.0,0.0,19.2,6.0,19.93296311583194,31.97988893474958
651,35.6,31.92599868774414,63.0,0.0,20.4,6.3,7.0226542930541545,37.70679628791625
652,27.7,31.92599868774414,63.0,0.0,19.7,5.8,23.191518289965487,34.65745548698965
653,36.8,31.92599868774414,63.0,0.0,20.0,5.7,13.20894865390191,40.76268459617057
654,20.1,31.92599868774414,63.0,0.0,19.3,6.3,25.36671230893241,27.710013692679723
655,25.4,31.92599868774414,63.0,0.0,19.5,5.5,22.223144294236786,32.066943288271034
656,27.2,31.92599868774414,63.0,0.0,21.0,5.7,20.7710998891887,33.43132996675661
657,36.3,31.92599868774414,63.0,0.0,20.4,6.1,19.18754251692021,42.05626275507606
658,25.1,31.92599868774414,63.0,0.0,19.4,5.6,22.86884366066054,31.960653098198165
659,20.7,31.92599868774414,63.0,0.0,19.8,5.6,13.802305074730995,24.8406915224193
660,37.0,33.47600173950195,56.0,0.0,20.2,5.9,24.806667276557572,44.44200018296727
661,26.5,33.47600173950195,56.0,0.0,20.5,6.2,11.500109858208802,29.95003295746264
662,36.2,33.47600173950195,56.0,0.0,20.0,6.2,12.307176956906996,39.8921530870721
663,25.7,33.47600173950195,56.0,0.0,20.6,6.2,22.91223083985235,32.57366925195571
664,37.7,33.47600173950195,56.0,0.0,20.8,6.1,7.734343020573796,40.02030290617214
665,33.5,33.47600173950195,56.0,0.0,20.5,6.4,9.831276869849251,36.44938306095477
666,38.3,33.47600173950195,56.0,0.0,20.0,5.9,22.629613623077443,45.08888408692323
667,17.1,33.47600173950195,56.0,0.0,20.5,5.8,27.060996889799338,25.218299066939803
668,28.5,33.47600173950195,56.0,0.0,20.0,5.7,23.757236101389076,35.62717083041672
669,27.1,33.47600173950195,56.0,0.0,19.7,5.6,18.46197123840792,32.63859137152238
670,21.5,33.47600173950195,56.0,0.0,20.5,6.1,20.859260852773257,27.757778255831976
671,36.2,33.47600173950195,56.0,0.0,20.3,6.1,27.12277407517074,44.33683222255122
672,19.7,33.47600173950195,56.0,0.0,19.6,5.9,11.915418219900493,23.274625465970146
673,30.9,33.47600173950195,56.0,0.0,20.9,6.2,8.834891771749607,33.55046753152488
674,27.9,33.47600173950195,56.0,0.0,20.6,5.9,13.794409035697774,32.03832271070933
675,36.1,33.47600173950195,56.0,0.0,20.4,5.7,20.047668323833587,42.114300497150076
676,38.5,33.47600173950195,56.0,0.0,19.6,6.2,18.803798312652887,44.14113949379587
677,29.4,33.47600173950195,56.0,0.0,19.4,5.6,8.649672488067354,31.994901746420204
678,34.5,33.47600173950195,56.0,0.0,19.6,6.2,27.278233288824982,42.683469986647495
679,21.9,33.47600173950195,56.0,0.0,19.2,6.4,25.51596332856057,29.55478899856817
680,30.2,33.47600173950195,56.0,0.0,19.2,6.1,23.211910425291453,37.16357312758743
681,18.4,33.47600173950195,56.0,0.0,20.6,6.3,9.061213141519115,21.118363942455733
682,22.1,33.47600173950195,56.0,0.0,19.7,6.2,16.008002234100374,26.902400670230115
683,17.8,33.47600173950195,56.0,0.0,20.2,6.4,13.429828166291417,21.828948449887427
684,28.9,33.47600173950195,56.0,0.0,19.7,6.1,23.656649824315014,35.9969949472945
685,19.3,33.47600173950195,56.0,0.0,20.2,5.7,8.639230139084374,21.89176904172531
686,33.5,33.47600173950195,56.0,0.0,19.1,6.2,19.608822449752658,39.3826467349258
687,38.6,33.47600173950195,56.0,0.0,19.1,6.4,26.30428216133686,46.49128464840106
688,31.8,33.47600173950195,56.0,0.0,20.5,6.0,24.829969095242312,39.24899072857269
689,35.5,33.47600173950195,56.0,0.0,21.0,6.1,16.53063751798306,40.45919125539492
690,19.9,33.47600173950195,56.0,0.0,19.8,6.1,10.208914892451165,22.962674467735347
691,17.6,33.47600173950195,56.0,0.0,21.0,5.6,23.151929908510684,24.54557897255321
692,25.6,33.47600173950195,56.0,0.0,19.7,6.3,14.784187485277428,30.03525624558323
693,38.3,33.47600173950195,56.0,0.0,20.5,5.7,29.39100237796654,47.11730071338996
694,33.3,33.47600173950195,56.0,0.0,20.2,6.2,28.302959034578596,41.790887710373575
695,32.4,33.47600173950195,56.0,0.0,20.1,5.8,20.13424268071197,38.44027280421359
696,19.0,33.47600173950195,56.0,0.0,19.5,6.0,10.877567652168441,22.263270295650532
697,15.4,33.47600173950195,56.0,0.0,20.9,5.5,7.110323250169452,17.533096975050835
698,27.4,33.47600173950195,56.0,0.0,20.1,6.3,14.128159604520217,31.638447881356065
699,35.8,33.47600173950195,56.0,0.0,19.7,6.5,12.760407804460534,39.628122341338155
700,34.3,33.47600173950195,56.0,0.0,20.1,6.4,20.396890127117786,40.41906703813533
701,34.3,33.47600173950195,56.0,0.0,20.4,5.6,7.026080463956504,36.40782413918695
702,19.5,33.47600173950195,56.0,0.0,19.2,5.5,26.710404568250993,27.513121370475297
703,38.0,33.47600173950195,56.0,0.0,20.5,6.2,21.635779655780855,44.490733896734255
704,21.8,33.47600173950195,56.0,0.0,19.5,5.8,28.19703348861342,30.259110046584027
705,26.7,33.47600173950195,56.0,0.0,19.5,6.2,29.24132446455748,35.47239733936724
706,25.3,33.47600173950195,56.0,0.0,20.6,6.4,7.991740817320199,27.697522245196062
707,28.6,33.47600173950195,56.0,0.0,20.5,6.0,29.767599904094464,37.53027997122834
708,15.6,33.47600173950195,56.0,0.0,20.6,5.7,15.147352065360952,20.144205619608286
709,20.7,33.47600173950195,56.0,0.0,19.9,6.3,10.595726375224274,23.878717912567282
710,36.7,33.47600173950195,56.0,0.0,20.7,5.6,13.762005419134104,40.828601625740234
711,36.5,33.47600173950195,56.0,0.0,19.9,6.1,6.4290108412347955,38.42870325237044
712,15.5,33.47600173950195,56.0,0.0,19.2,5.7,9.994824995805484,18.498447498741644
713,28.2,33.47600173950195,56.0,0.0,19.3,6.3,13.170829067928809,32.15124872037864
714,26.5,33.47600173950195,56.0,0.0,19.7,6.1,16.919315881145263,31.575794764343577
715,24.3,33.47600173950195,56.0,0.0,20.9,6.5,24.69597043767519,31.708791131302558
716,26.0,33.47600173950195,56.0,0.0,19.7,5.6,23.771264056137273,33.13137921684118
717,28.3,33.47600173950195,56.0,0.0,19.4,6.2,8.87549379195985,30.962648137587955
718,34.5,33.47600173950195,56.0,0.0,20.8,6.4,8.460221040951634,37.03806631228549
719,35.0,33.47600173950195,56.0,0.0,19.1,5.9,25.766856984145743,42.73005709524372
720,32.5,34.926002502441406,50.0,0.0,20.1,6.0,15.07352064294137,37.02205619288241
721,21.8,34.926002502441406,50.0,0.0,19.1,5.8,9.902842084469594,24.77085262534088
722,17.7,34.926002502441406,50.0,0.0,19.1,6.0,7.275823488869827,19.882747046660946
723,18.2,34.926002502441406,50.0,0.0,20.5,6.3,17.21399190332219,23.364197570996655
724,30.8,34.926002502441406,50.0,0.0,19.9,5.8,16.443686942732494,35.733106082819745
725,16.0,34.926002502441406,50.0,0.0,19.7,6.5,6.819847188055798,18.04595415641674
726,28.5,34.926002502441406,50.0,0.0,20.0,5.7,26.423698230000582,36.42710946900017
727,33.5,34.926002502441406,50.0,0.0,20.4,6.4,5.4985336538834595,35.14956009616504
728,22.1,34.926002502441406,50.0,0.0,19.9,5.7,8.044772708269807,24.513431812480945
729,32.6,34.926002502441406,50.0,0.0,19.7,5.8,24.807128748271925,40.04213862448158
730,17.2,34.926002502441406,50.0,0.0,19.5,5.6,13.12634000242529,21.137902000727586
731,25.4,34.926002502441406,50.0,0.0,20.9,5.7,19.533537531143892,31.260061259343168
732,38.8,34.926002502441406,50.0,0.0,19.7,5.7,21.10778992880149,45.132336978640446
733,35.0,34.926002502441406,50.0,0.0,19.4,6.3,5.404848972800437,36.62145469184013
734,32.4,34.926002502441406,50.0,0.0,20.0,6.0,5.154612647905508,33.94638379437165
735,22.1,34.926002502441406,50.0,0.0,20.4,5.9,21.300717526276834,28.49021525788305
736,30.3,34.926002502441406,50.0,0.0,19.3,6.2,25.798207863854433,38.03946235915633
737,27.0,34.926002502441406,50.0,0.0,19.5,6.4,6.171597780593747,28.851479334178123
738,38.7,34.926002502441406,50.0,0.0,20.8,6.2,15.548376557214729,43.36451296716442
739,28.6,34.926002502441406,50.0,0.0,19.7,5.7,19.43958530662164,34.4318755919865
740,30.5,34.926002502441406,50.0,0.0,20.0,6.1,29.957786242035564,39.48733587261067
741,39.7,34.926002502441406,50.0,0.0,20.8,6.3,26.46544060890547,47.63963218267165
742,19.8,34.926002502441406,50.0,0.0,19.1,5.6,12.32507842825848,23.497523528477544
743,19.7,34.926002502441406,50.0,0.0,20.8,5.6,20.125170327020246,25.737551098106074
744,32.7,34.926002502441406,50.0,0.0,19.2,5.6,6.8587662584577505,34.757629877537326
745,26.9,34.926002502441406,50.0,0.0,20.4,5.6,21.755945214439848,33.426783564331956
746,19.8,34.926002502441406,50.0,0.0,20.1,6.2,13.43148305378692,23.829444916136076
747,15.0,34.926002502441406,50.0,0.0,20.5,6.1,12.095691993567707,18.628707598070314
748,34.3,34.926002502441406,50.0,0.0,20.0,6.0,14.014210335793091,38.50426310073792
749,15.4,34.926002502441406,50.0,0.0,19.7,5.6,7.044261507234324,17.513278452170297
750,29.6,34.926002502441406,50.0,0.0,20.0,6.4,6.934951170632759,31.68048535118983
751,24.2,34.926002502441406,50.0,0.0,19.5,6.4,21.035663872493153,30.510699161747944
752,19.6,34.926002502441406,50.0,0.0,20.3,6.1,17.3898501551477,24.81695504654431
753,34.9,34.926002502441406,50.0,0.0,19.9,6.2,16.005865663236165,39.70175969897085
754,17.1,34.926002502441406,50.0,0.0,19.4,5.7,13.494091074589234,21.14822732237677
755,33.3,34.926002502441406,50.0,0.0,19.7,6.3,22.617339597196725,40.085201879159015
756,30.2,34.926002502441406,50.0,0.0,19.3,6.0,8.791058404726314,32.837317521417894
757,19.2,34.926002502441406,50.0,0.0,19.3,6.3,23.018822460017795,26.105646738005337
758,23.7,34.926002502441406,50.0,0.0,20.2,6.2,18.421199476925135,29.22635984307754
759,36.2,34.926002502441406,50.0,0.0,19.7,6.2,10.419677965973069,39.325903389791925
760,30.4,34.926002502441406,50.0,0.0,20.6,5.8,5.090704966490687,31.927211489947204
761,39.9,34.926002502441406,50.0,0.0,21.0,6.5,6.294439227404245,41.78833176822127
762,30.5,34.926002502441406,50.0,0.0,19.1,6.3,18.15184157617327,35.94555247285198
763,22.0,34.926002502441406,50.0,0.0,19.3,5.7,8.34173330534022,24.502519991602068
764,38.4,34.926002502441406,50.0,0.0,19.6,5.7,29.563837066098205,47.26915111982946
765,20.2,34.926002502441406,50.0,0.0,20.8,6.1,17.185578402930716,25.355673520879215
766,20.7,34.926002502441406,50.0,0.0,20.4,6.5,12.52393369387968,24.457180108163904
767,38.1,34.926002502441406,50.0,0.0,19.3,5.5,10.590037956870608,41.27701138706119
768,25.9,34.926002502441406,50.0,0.0,20.7,5.8,8.810655797271643,28.543196739181493
769,38.9,34.926002502441406,50.0,0.0,20.1,6.0,13.863506556076334,43.0590519668229
770,33.9,34.926002502441406,50.0,0.0,20.6,5.5,6.965716838538844,35.98971505156165
771,33.7,34.926002502441406,50.0,0.0,19.9,5.8,7.86525139589468,36.059575418768404
772,34.5,34.926002502441406,50.0,0.0,21.0,5.7,23.011754195361267,41.40352625860838
773,24.5,34.926002502441406,50.0,0.0,20.1,5.7,14.484378754463222,28.845313626338967
774,25.0,34.926002502441406,50.0,0.0,20.6,6.4,24.021630277487134,32.20648908324614
775,34.6,34.926002502441406,50.0,0.0,19.7,6.5,9.868308112375523,37.56049243371266
776,24.1,34.926002502441406,50.0,0.0,19.3,6.2,14.342537151339636,28.402761145401893
777,15.8,34.926002502441406,50.0,0.0,19.9,5.5,13.618904664180105,19.885671399254033
778,39.8,34.926002502441406,50.0,0.0,19.0,6.3,12.623357052405169,43.58700711572155
779,27.0,34.926002502441406,50.0,0.0,20.6,5.7,29.707832055172187,35.91234961655165
780,20.8,35.926002502441406,45.0,0.0,20.3,5.8,23.17148173346196,27.75144452003859
781,32.6,35.926002502441406,45.0,0.0,20.0,6.0,9.663145209825265,35.49894356294758
782,21.3,35.926002502441406,45.0,0.0,20.5,6.1,25.534773240556127,28.960431972166838
783,37.9,35.926002502441406,45.0,0.0,19.6,5.7,9.9079120457085,40.87237361371255
784,16.1,35.926002502441406,45.0,0.0,20.6,6.1,22.40583363529727,22.821750090589184
785,22.9,35.926002502441406,45.0,0.0,20.0,5.6,13.98252257921821,27.09475677376546
786,37.6,35.926002502441406,45.0,0.0,20.6,5.8,23.935586206969955,44.78067586209099
787,39.4,35.926002502441406,45.0,0.0,20.1,6.3,12.538179582667434,43.16145387480023
788,39.4,35.926002502441406,45.0,0.0,19.1,6.0,14.72471264841982,43.81741379452595
789,34.6,35.926002502441406,45.0,0.0,19.2,5.6,28.40617464764476,43.12185239429343
790,18.1,35.926002502441406,45.0,0.0,20.4,5.9,14.146497182678281,22.343949154803486
791,18.4,35.926002502441406,45.0,0.0,20.4,5.9,22.896319542102486,25.268895862630742
792,20.7,35.926002502441406,45.0,0.0,20.4,6.4,19.986351685396514,26.695905505618953
793,15.8,35.926002502441406,45.0,0.0,19.0,6.4,18.26721033111359,21.280163099334075
794,20.0,35.926002502441406,45.0,0.0,19.6,6.3,18.584005042637898,25.57520151279137
795,15.3,35.926002502441406,45.0,0.0,19.3,6.4,17.644240058735285,20.593272017620585
796,38.1,35.926002502441406,45.0,0.0,19.7,6.0,5.623262615554995,39.7869787846665
797,34.4,35.926002502441406,45.0,0.0,19.0,5.8,7.410235769793726,36.62307073093812
798,39.6,35.926002502441406,45.0,0.0,20.9,6.3,29.9117104559509,48.57351313678527
799,22.3,35.926002502441406,45.0,0.0,19.2,6.3,7.759687561699629,24.62790626850989
800,16.8,35.926002502441406,45.0,0.0,20.6,5.9,7.931928435942568,19.17957853078277
801,23.6,35.926002502441406,45.0,0.0,20.6,6.3,6.703425874203629,25.611027762261088
802,20.4,35.926002502441406,45.0,0.0,20.7,5.6,15.28184402613749,24.984553207841245
803,25.3,35.926002502441406,45.0,0.0,19.8,5.7,14.031935550323448,29.509580665097033
804,27.8,35.926002502441406,45.0,0.0,19.2,6.2,24.48566851703322,35.14570055510997
805,29.7,35.926002502441406,45.0,0.0,20.4,6.5,23.514246607406804,36.75427398222204
806,29.5,35.926002502441406,45.0,0.0,19.4,6.5,22.043893338857675,36.1131680016573
807,28.3,35.926002502441406,45.0,0.0,20.3,6.1,22.96153520865142,35.188460562595424
808,31.9,35.926002502441406,45.0,0.0,19.9,5.8,22.07059677466529,38.52117903239959
809,15.6,35.926002502441406,45.0,0.0,19.3,5.9,10.603920782327126,18.781176234698137
810,29.1,35.926002502441406,45.0,0.0,20.5,6.2,22.122292896462916,35.73668786893887
811,32.6,35.926002502441406,45.0,0.0,20.6,6.4,27.176109478478956,40.752832843543686
812,28.2,35.926002502441406,45.0,0.0,19.4,6.3,23.72264098372229,35.316792295116684
813,22.6,35.926002502441406,45.0,0.0,20.6,5.6,18.58058559635165,28.174175678905495
814,33.6,35.926002502441406,45.0,0.0,20.6,6.5,10.987747827374701,36.89632434821241
815,23.6,35.926002502441406,45.0,0.0,20.7,6.1,9.269706215958397,26.38091186478752
816,16.9,35.926002502441406,45.0,0.0,20.5,5.8,8.553603398694966,19.466081019608488
817,19.8,35.926002502441406,45.0,0.0,19.4,6.0,16.79778252765632,24.839334758296896
818,23.3,35.926002502441406,45.0,0.0,20.8,6.2,9.28148986185322,26.084446958555965
819,32.5,35.926002502441406,45.0,0.0,19.0,6.3,27.28612200064116,40.685836600192346
820,21.9,35.926002502441406,45.0,0.0,19.3,6.2,10.476240853956106,25.04287225618683
821,22.6,35.926002502441406,45.0,0.0,19.9,6.4,22.676342536854524,29.40290276105636
822,25.9,35.926002502441406,45.0,0.0,20.8,5.6,23.044787217352503,32.81343616520575
823,22.5,35.926002502441406,45.0,0.0,20.9,5.9,6.292484535641533,24.38774536069246
824,28.3,35.926002502441406,45.0,0.0,19.9,6.3,7.243045675997681,30.472913702799303
825,21.8,35.926002502441406,45.0,0.0,20.8,6.2,11.681677097504423,25.304503129251326
826,34.8,35.926002502441406,45.0,0.0,19.3,6.2,11.19659239012795,38.15897771703838
827,25.7,35.926002502441406,45.0,0.0,21.0,6.0,27.736950113392645,34.021085034017794
828,34.2,35.926002502441406,45.0,0.0,20.6,6.0,6.037265646964444,36.011179694089336
829,39.7,35.926002502441406,45.0,0.0,19.7,5.9,12.028155593239113,43.30844667797174
830,22.5,35.926002502441406,45.0,0.0,19.6,5.8,19.517456443436167,28.35523693303085
831,15.3,35.926002502441406,45.0,0.0,20.3,6.3,16.81577761128012,20.344733283384038
832,34.3,35.926002502441406,45.0,0.0,21.0,6.3,24.702872291981276,41.71086168759438
833,27.9,35.926002502441406,45.0,0.0,20.4,5.9,25.54839308213387,35.56451792464016
834,29.1,35.926002502441406,45.0,0.0,20.2,6.5,9.933977301559754,32.08019319046793
835,22.3,35.926002502441406,45.0,0.0,19.2,6.5,11.915212187694824,25.874563656308446
836,23.9,35.926002502441406,45.0,0.0,19.1,6.0,5.084682756342194,25.425404826902657
837,30.9,35.926002502441406,45.0,0.0,20.3,6.0,17.22664804831154,36.06799441449346
838,17.2,35.926002502441406,45.0,0.0,20.4,5.5,7.037164631286004,19.3111493893858
839,19.1,35.926002502441406,45.0,0.0,19.3,6.1,7.195202564652712,21.258560769395814
840,26.8,36.5260009765625,41.0,0.0,20.7,6.5,26.052579145528515,34.61577374365856
841,20.7,36.5260009765625,41.0,0.0,19.5,6.5,10.048639575640706,23.71459187269221
842,21.7,36.5260009765625,41.0,0.0,19.4,5.7,10.427812332435671,24.828343699730702
843,30.9,36.5260009765625,41.0,0.0,19.4,6.4,7.092892125731955,33.02786763771959
844,38.2,36.5260009765625,41.0,0.0,20.6,5.9,5.696184883675596,39.90885546510268
845,19.1,36.5260009765625,41.0,0.0,20.1,5.5,10.435715864985983,22.230714759495797
846,26.6,36.5260009765625,41.0,0.0,21.0,6.2,12.847597023784688,30.454279107135406
847,38.1,36.5260009765625,41.0,0.0,20.0,5.8,14.183507630787485,42.35505228923625
848,16.4,36.5260009765625,41.0,0.0,19.8,5.5,24.341541038187383,23.702462311456213
849,15.6,36.5260009765625,41.0,0.0,20.2,6.3,25.406466128680183,23.221939838604055
850,26.4,36.5260009765625,41.0,0.0,19.5,6.0,23.149330658270166,33.34479919748105
851,16.3,36.5260009765625,41.0,0.0,19.3,5.6,21.127094499088404,22.63812834972652
852,22.1,36.5260009765625,41.0,0.0,19.2,5.6,13.618255242923937,26.18547657287718
853,30.6,36.5260009765625,41.0,0.0,20.0,5.9,20.935308538389975,36.88059256151699
854,16.9,36.5260009765625,41.0,0.0,19.0,6.2,19.80920947129078,22.842762841387234
855,32.3,36.5260009765625,41.0,0.0,19.7,5.9,11.79541645977293,35.838624937931876
856,38.1,36.5260009765625,41.0,0.0,20.2,5.6,14.707054509496867,42.51211635284906
857,34.2,36.5260009765625,41.0,0.0,20.3,6.0,10.354215259857284,37.30626457795719
858,32.5,36.5260009765625,41.0,0.0,19.7,5.6,10.501892427003893,35.650567728101166
859,28.3,36.5260009765625,41.0,0.0,19.5,6.2,12.002844971715477,31.900853491514646
860,32.0,36.5260009765625,41.0,0.0,20.5,5.5,15.815614947309735,36.744684484192916
861,25.2,36.5260009765625,41.0,0.0,20.0,6.4,27.562699443381785,33.46880983301453
862,25.3,36.5260009765625,41.0,0.0,19.2,6.0,13.206124719765857,29.261837415929758
863,31.6,36.5260009765625,41.0,0.0,20.1,5.8,11.623004198052111,35.08690125941563
864,19.9,36.5260009765625,41.0,0.0,19.4,5.7,29.461408954370714,28.73842268631121
865,21.1,36.5260009765625,41.0,0.0,20.4,6.1,20.45907994940148,27.237723984820445
866,18.9,36.5260009765625,41.0,0.0,19.9,5.9,11.361149443167701,22.308344832950308
867,24.2,36.5260009765625,41.0,0.0,20.2,6.2,12.216087013445296,27.86482610403359
868,22.9,36.5260009765625,41.0,0.0,19.5,6.4,5.480643376652306,24.54419301299569
869,33.0,36.5260009765625,41.0,0.0,20.8,6.1,10.295189497149511,36.08855684914485
870,30.2,36.5260009765625,41.0,0.0,19.5,5.6,6.172926338889763,32.05187790166693
871,38.7,36.5260009765625,41.0,0.0,19.1,5.8,14.89930450935295,43.16979135280589
872,23.5,36.5260009765625,41.0,0.0,20.3,5.5,20.524895269987432,29.65746858099623
873,16.7,36.5260009765625,41.0,0.0,19.4,5.7,29.618678788930183,25.585603636679053
874,32.0,36.5260009765625,41.0,0.0,20.2,6.1,13.255244551567401,35.97657336547022
875,33.6,36.5260009765625,41.0,0.0,20.6,5.9,8.600792001732033,36.18023760051961
876,36.2,36.5260009765625,41.0,0.0,20.1,6.3,6.232308179448988,38.0696924538347
877,34.3,36.5260009765625,41.0,0.0,20.6,5.8,11.261146742650823,37.678344022795244
878,19.8,36.5260009765625,41.0,0.0,19.3,5.6,24.938550585793376,27.281565175738013
879,25.4,36.5260009765625,41.0,0.0,19.8,6.4,8.365297389306193,27.909589216791858
880,38.5,36.5260009765625,41.0,0.0,19.3,5.6,22.61263754822894,45.28379126446868
881,20.5,36.5260009765625,41.0,0.0,20.0,6.2,9.70805398528101,23.412416195584303
882,23.7,36.5260009765625,41.0,0.0,20.5,6.1,8.526603603276104,26.25798108098283
883,17.3,36.5260009765625,41.0,0.0,19.2,6.1,9.787481291498544,20.236244387449563
884,21.4,36.5260009765625,41.0,0.0,19.2,6.3,7.604234350383622,23.681270305115085
885,32.3,36.5260009765625,41.0,0.0,20.8,5.9,14.120001770039194,36.53600053101175
886,20.7,36.5260009765625,41.0,0.0,20.9,6.2,10.377895777749462,23.813368733324836
887,37.0,36.5260009765625,41.0,0.0,19.0,6.4,23.746619722499997,44.12398591675
888,25.5,36.5260009765625,41.0,0.0,20.1,6.4,12.994783461073524,29.398435038322056
889,19.2,36.5260009765625,41.0,0.0,19.3,5.5,13.37000590128964,23.21100177038689
890,31.9,36.5260009765625,41.0,0.0,19.6,5.6,22.86374399558584,38.75912319867575
891,16.8,36.5260009765625,41.0,0.0,20.3,5.7,12.172965670925766,20.45188970127773
892,37.9,36.5260009765625,41.0,0.0,20.3,6.0,24.31049021328267,45.193147063984796
893,36.7,36.5260009765625,41.0,0.0,20.4,6.5,12.790966653163375,40.53728999594902
894,23.1,36.5260009765625,41.0,0.0,19.1,6.0,7.94968671721223,25.48490601516367
895,22.8,36.5260009765625,41.0,0.0,20.6,5.8,7.917269264836392,25.17518077945092
896,25.3,36.5260009765625,41.0,0.0,20.3,6.4,16.612200839185256,30.283660251755578
897,21.7,36.5260009765625,41.0,0.0,20.0,5.6,22.771391150129247,28.531417345038772
898,23.7,36.5260009765625,41.0,0.0,19.1,6.1,12.870007020175873,27.56100210605276
899,38.7,36.5260009765625,41.0,0.0,19.3,6.2,26.608591489006745,46.68257744670203
900,18.8,36.7760009765625,38.0,0.0,20.0,6.4,28.51927758393734,27.355783275181203
901,22.1,36.7760009765625,38.0,0.0,19.4,6.2,22.277994432580524,28.78339832977416
902,24.3,36.7760009765625,38.0,0.0,20.7,6.0,9.166246383943601,27.04987391518308
903,19.5,36.7760009765625,38.0,0.0,20.4,6.3,26.885391791874824,27.565617537562446
904,23.3,36.7760009765625,38.0,0.0,19.9,5.7,16.423207476871244,28.226962243061372
905,34.0,36.7760009765625,38.0,0.0,19.8,5.8,24.42469755598535,41.327409266795605
906,22.7,36.7760009765625,38.0,0.0,20.8,5.8,17.390181966944272,27.917054590083282
907,38.6,36.7760009765625,38.0,0.0,19.3,6.1,15.184864479592513,43.15545934387775
908,22.3,36.7760009765625,38.0,0.0,19.5,6.1,25.722187368753474,30.016656210626042
909,18.1,36.7760009765625,38.0,0.0,19.8,5.8,16.899361434071935,23.169808430221583
910,23.7,36.7760009765625,38.0,0.0,20.5,5.5,19.503321939765545,29.550996581929663
911,39.3,36.7760009765625,38.0,0.0,19.6,6.4,26.863833509713235,47.35915005291397
912,27.9,36.7760009765625,38.0,0.0,19.9,6.2,6.928630526393402,29.97858915791802
913,20.9,36.7760009765625,38.0,0.0,19.4,6.4,29.534686583083506,29.76040597492505
914,34.9,36.7760009765625,38.0,0.0,20.0,6.4,29.28310541443005,43.68493162432901
915,34.7,36.7760009765625,38.0,0.0,19.6,6.3,20.593551984100834,40.878065595230254
916,38.5,36.7760009765625,38.0,0.0,21.0,6.1,7.899300036862462,40.86979001105874
917,24.0,36.7760009765625,38.0,0.0,19.8,6.2,6.245503283957583,25.873650985187275
918,18.9,36.7760009765625,38.0,0.0,19.0,6.2,10.35413434530593,22.006240303591778
919,29.0,36.7760009765625,38.0,0.0,19.9,5.9,10.428665215383916,32.12859956461517
920,22.5,36.7760009765625,38.0,0.0,19.9,5.6,7.041833896394371,24.61255016891831
921,31.4,36.7760009765625,38.0,0.0,20.6,6.0,10.505420672852873,34.55162620185586
922,34.4,36.7760009765625,38.0,0.0,19.2,6.0,17.188107769588406,39.55643233087652
923,21.5,36.7760009765625,38.0,0.0,20.9,6.5,28.892675597065917,30.167802679119774
924,29.8,36.7760009765625,38.0,0.0,20.8,5.9,19.538672740776384,35.66160182223292
925,25.5,36.7760009765625,38.0,0.0,20.0,5.7,6.096970477799674,27.3290911433399
926,24.2,36.7760009765625,38.0,0.0,20.9,6.2,28.463630254695982,32.739089076408796
927,23.8,36.7760009765625,38.0,0.0,20.5,5.7,21.29660040906631,30.188980122719894
928,34.8,36.7760009765625,38.0,0.0,19.4,6.3,22.354672632412203,41.50640178972366
929,39.6,36.7760009765625,38.0,0.0,20.9,5.9,19.06466428077001,45.319399284231004
930,35.9,36.7760009765625,38.0,0.0,19.7,6.0,28.323576668091118,44.39707300042733
931,31.7,36.7760009765625,38.0,0.0,20.9,6.2,26.8944920512159,39.76834761536477
932,23.2,36.7760009765625,38.0,0.0,20.5,6.2,27.727959445704794,31.518387833711436
933,17.5,36.7760009765625,38.0,0.0,20.2,5.7,17.460749032546538,22.738224709763962
934,25.9,36.7760009765625,38.0,0.0,20.8,6.3,18.172730880024844,31.351819264007453
935,20.5,36.7760009765625,38.0,0.0,19.6,6.4,11.542418922095528,23.962725676628658
936,20.1,36.7760009765625,38.0,0.0,20.9,5.8,13.105328211091049,24.031598463327317
937,39.8,36.7760009765625,38.0,0.0,19.2,5.8,23.176525444759417,46.75295763342782
938,39.2,36.7760009765625,38.0,0.0,19.5,6.5,5.181629411035411,40.75448882331062
939,20.5,36.7760009765625,38.0,0.0,19.4,6.2,26.152023385050125,28.345607015515036
940,22.3,36.7760009765625,38.0,0.0,20.9,5.7,10.452845732851971,25.435853719855594
941,36.4,36.7760009765625,38.0,0.0,20.8,5.5,14.026564921295229,40.60796947638857
942,26.6,36.7760009765625,38.0,0.0,19.5,5.7,12.30940423542583,30.29282127062775
943,25.1,36.7760009765625,38.0,0.0,19.6,6.0,15.21907446408016,29.66572233922405
944,19.2,36.7760009765625,38.0,0.0,19.6,5.6,15.191505183314659,23.757451554994397
945,17.2,36.7760009765625,38.0,0.0,19.5,6.0,9.777343901815858,20.133203170544757
946,17.1,36.7760009765625,38.0,0.0,19.2,6.4,13.942635854856753,21.282790756457025
947,20.3,36.7760009765625,38.0,0.0,20.6,6.3,21.967104572346024,26.89013137170381
948,18.7,36.7760009765625,38.0,0.0,20.0,6.3,12.974534488341748,22.592360346502524
949,22.5,36.7760009765625,38.0,0.0,19.8,5.6,17.984765755113266,27.89542972653398
950,24.7,36.7760009765625,38.0,0.0,20.6,6.1,24.862990897141188,32.15889726914236
951,33.6,36.7760009765625,38.0,0.0,20.2,5.9,11.493204397187435,37.04796131915623
952,28.4,36.7760009765625,38.0,0.0,20.6,5.7,16.81476624305901,33.4444298729177
953,27.4,36.7760009765625,38.0,0.0,19.6,5.9,24.196805024591647,34.659041507377495
954,15.5,36.7760009765625,38.0,0.0,19.6,6.1,14.361461105810816,19.808438331743247
955,23.9,36.7760009765625,38.0,0.0,20.8,6.1,6.674640137324445,25.90239204119733
956,23.4,36.7760009765625,38.0,0.0,20.8,6.2,10.168979044107239,26.45069371323217
957,26.1,36.7760009765625,38.0,0.0,20.1,5.9,28.88365351958016,34.765096055874054
958,34.6,36.7760009765625,38.0,0.0,19.2,6.0,23.967051337834334,41.7901154013503
959,37.1,36.7760009765625,38.0,0.0,19.5,6.3,29.568540462440247,45.97056213873208
960,35.7,36.32600021362305,38.0,0.0,20.4,6.3,17.03665917933741,40.810997753801225
961,32.4,36.32600021362305,38.0,0.0,20.6,6.3,26.08970647962845,40.22691194388853
962,38.2,36.32600021362305,38.0,0.0,20.5,6.4,17.48890685836009,43.44667205750803
963,38.1,36.32600021362305,38.0,0.0,20.9,6.2,25.4089015530971,45.72267046592913
964,18.2,36.32600021362305,38.0,0.0,20.9,5.6,5.296493902852071,19.78894817085562
965,18.5,36.32600021362305,38.0,0.0,19.4,5.7,29.847997060768023,27.454399118230405
966,32.1,36.32600021362305,38.0,0.0,19.7,5.6,24.896502179701585,39.56895065391048
967,26.4,36.32600021362305,38.0,0.0,20.5,5.9,6.13170375776033,28.239511127328097
968,36.9,36.32600021362305,38.0,0.0,19.8,5.8,28.12390560193754,45.337171680581264
969,21.5,36.32600021362305,38.0,0.0,19.5,5.7,19.915592208693283,27.474677662607984
970,36.3,36.32600021362305,38.0,0.0,19.8,5.6,21.73665686715417,42.82099706014625
971,15.9,36.32600021362305,38.0,0.0,20.4,6.3,23.423247178840068,22.92697415365202
972,16.0,36.32600021362305,38.0,0.0,19.8,5.7,10.710946864832685,19.213284059449805
973,39.3,36.32600021362305,38.0,0.0,20.7,6.1,21.09435574229588,45.62830672268876
974,39.6,36.32600021362305,38.0,0.0,20.4,5.8,12.847307879668211,43.45419236390046
975,20.2,36.32600021362305,38.0,0.0,19.7,6.3,18.233342558490136,25.67000276754704
976,32.3,36.32600021362305,38.0,0.0,19.8,5.9,18.454071848627656,37.83622155458829
977,19.9,36.32600021362305,38.0,0.0,20.1,6.1,28.045525792640206,28.31365773779206
978,39.4,36.32600021362305,38.0,0.0,20.8,6.1,16.560627946962633,44.36818838408879
979,22.6,36.32600021362305,38.0,0.0,20.9,6.0,13.92245649029874,26.776736947089624
980,33.6,36.32600021362305,38.0,0.0,20.1,6.3,18.38247376192544,39.11474212857763
981,24.6,36.32600021362305,38.0,0.0,19.2,5.5,11.320223841648158,27.996067152494447
982,37.7,36.32600021362305,38.0,0.0,20.3,6.3,12.43357942604975,41.43007382781493
983,35.2,36.32600021362305,38.0,0.0,20.3,5.5,22.613353806334942,41.98400614190049
984,19.0,36.32600021362305,38.0,0.0,20.4,6.0,15.377558547343432,23.613267564203028
985,31.8,36.32600021362305,38.0,0.0,19.5,5.9,11.79084157488576,35.33725247246573
986,27.0,36.32600021362305,38.0,0.0,20.7,6.3,22.2999309401703,33.68997928205109
987,23.7,36.32600021362305,38.0,0.0,20.7,5.8,13.902880309347333,27.870864092804197
988,37.5,36.32600021362305,38.0,0.0,20.4,6.1,14.652804507655933,41.89584135229678
989,28.7,36.32600021362305,38.0,0.0,20.3,5.7,9.040639005540903,31.41219170166227
990,34.4,36.32600021362305,38.0,0.0,20.2,5.6,15.723235999168926,39.116970799750675
991,34.3,36.32600021362305,38.0,0.0,19.2,5.6,22.335742244722173,41.00072267341665
992,36.2,36.32600021362305,38.0,0.0,20.4,5.9,17.840882445160553,41.55226473354817
993,33.0,36.32600021362305,38.0,0.0,20.0,5.9,12.41937942867325,36.72581382860197
994,36.8,36.32600021362305,38.0,0.0,21.0,6.1,18.383919620195584,42.315175886058675
995,25.4,36.32600021362305,38.0,0.0,19.2,6.5,23.444820188422582,32.433446056526776
996,25.0,36.32600021362305,38.0,0.0,20.0,5.7,22.393429130522634,31.71802873915679
997,39.0,36.32600021362305,38.0,0.0,19.6,6.2,24.944171860517088,46.483251558155125
998,16.8,36.32600021362305,38.0,0.0,20.2,5.6,11.081827262866081,20.124548178859825
999,18.8,36.32600021362305,38.0,0.0,19.3,5.8,20.182176763549542,24.854653029064863
1000,20.4,36.32600021362305,38.0,0.0,20.3,6.4,12.050901909524228,24.01527057285727
1001,38.7,36.32600021362305,38.0,0.0,21.0,6.3,13.773022254887671,42.8319066764663
1002,23.8,36.32600021362305,38.0,0.0,20.1,5.5,25.32925354955946,31.39877606486784
1003,35.0,36.32600021362305,38.0,0.0,19.3,5.7,8.977226408534559,37.69316792256037
1004,38.8,36.32600021362305,38.0,0.0,19.3,6.4,24.243483468970684,46.0730450406912
1005,15.3,36.32600021362305,38.0,0.0,19.3,6.3,16.821833904329026,20.34655017129871
1006,23.6,36.32600021362305,38.0,0.0,19.6,5.5,23.20520721021447,30.561562163064345
1007,33.5,36.32600021362305,38.0,0.0,19.6,6.0,26.178225530065074,41.35346765901952
1008,37.9,36.32600021362305,38.0,0.0,20.4,6.2,15.177996331875171,42.45339889956255
1009,30.7,36.32600021362305,38.0,0.0,19.8,5.9,16.343004325775894,35.60290129773277
1010,19.9,36.32600021362305,38.0,0.0,19.2,5.8,20.011255381443306,25.90337661443299
1011,16.1,36.32600021362305,38.0,0.0,20.3,5.9,5.033875837144951,17.610162751143488
1012,19.3,36.32600021362305,38.0,0.0,19.8,5.5,7.548260417961276,21.564478125388383
1013,22.9,36.32600021362305,38.0,0.0,19.1,5.8,27.36583115829342,31.109749347488027
1014,18.6,36.32600021362305,38.0,0.0,20.3,6.5,10.318672031288365,21.69560160938651
1015,29.4,36.32600021362305,38.0,0.0,20.1,5.6,27.12650445213061,37.53795133563918
1016,17.5,36.32600021362305,38.0,0.0,19.7,5.7,14.685850941082771,21.905755282324833
1017,39.1,36.32600021362305,38.0,0.0,20.5,6.2,14.64962587347366,43.4948877620421
1018,35.9,36.32600021362305,38.0,0.0,20.0,5.8,18.722551999437425,41.516765599831224
1019,21.4,36.32600021362305,38.0,0.0,19.9,5.8,20.871841602108624,27.661552480632587
1020,35.2,33.375999450683594,51.0,0.0,19.2,6.4,24.619730171915894,42.58591905157477
1021,27.9,33.375999450683594,51.0,0.0,19.1,6.0,23.12210143918847,34.83663043175654
1022,21.3,33.375999450683594,51.0,0.0,20.8,5.8,23.04673566096011,28.21402069828803
1023,16.5,33.375999450683594,51.0,0.0,20.2,5.9,5.127051103335904,18.03811533100077
1024,16.8,33.375999450683594,51.0,0.0,20.6,6.5,28.15389915902954,25.246169747708862
1025,33.8,33.375999450683594,51.0,0.0,20.1,6.4,29.66987249804533,42.700961749413594
1026,38.1,33.375999450683594,51.0,0.0,19.9,6.3,24.868957475086418,45.56068724252593
1027,18.9,33.375999450683594,51.0,0.0,20.9,6.2,20.843578407337958,25.153073522201385
1028,39.1,33.375999450683594,51.0,0.0,19.0,6.2,11.84819172087742,42.65445751626323
1029,39.3,33.375999450683594,51.0,0.0,19.3,5.9,14.422366002648713,43.626709800794615
1030,39.6,33.375999450683594,51.0,0.0,20.9,5.8,22.665981326707904,46.399794398012375
1031,18.6,33.375999450683594,51.0,0.0,19.3,6.2,12.761057114652832,22.42831713439585
1032,27.7,33.375999450683594,51.0,0.0,19.2,5.6,17.13286667297387,32.83986000189216
1033,20.7,33.375999450683594,51.0,0.0,19.3,6.0,6.75403877991212,22.726211633973634
1034,15.1,33.375999450683594,51.0,0.0,20.1,5.9,14.029156619097842,19.30874698572935
1035,23.0,33.375999450683594,51.0,0.0,20.9,6.0,19.448554025309132,28.83456620759274
1036,36.3,33.375999450683594,51.0,0.0,20.8,5.6,29.60131369466428,45.180394108399284
1037,32.5,33.375999450683594,51.0,0.0,19.2,6.4,17.87922611534242,37.863767834602726
1038,23.5,33.375999450683594,51.0,0.0,20.0,6.0,24.868805113241038,30.96064153397231
1039,19.5,33.375999450683594,51.0,0.0,20.0,6.2,5.124281510647298,21.03728445319419
1040,32.5,33.375999450683594,51.0,0.0,19.3,6.1,7.954463223060733,34.88633896691822
1041,22.1,33.375999450683594,51.0,0.0,20.1,6.0,16.54648862275701,27.063946586827104
1042,21.4,33.375999450683594,51.0,0.0,20.8,5.6,14.709110629736553,25.812733188920966
1043,34.9,33.375999450683594,51.0,0.0,20.0,5.6,11.500999744985975,38.35029992349579
1044,36.5,33.375999450683594,51.0,0.0,19.4,5.8,7.053234705282456,38.61597041158474
1045,30.1,33.375999450683594,51.0,0.0,20.5,5.5,18.392748698691285,35.61782460960739
1046,24.2,33.375999450683594,51.0,0.0,20.6,6.0,18.883049108178614,29.864914732453585
1047,25.4,33.375999450683594,51.0,0.0,19.3,5.8,5.531167882846112,27.05935036485383
1048,28.6,33.375999450683594,51.0,0.0,20.2,5.8,25.407169983831057,36.22215099514932
1049,38.9,33.375999450683594,51.0,0.0,20.9,6.0,18.73318807792628,44.519956423377884
1050,20.1,33.375999450683594,51.0,0.0,19.6,5.5,29.95497795639632,29.086493386918896
1051,26.1,33.375999450683594,51.0,0.0,20.8,5.6,28.261116536642344,34.578334960992706
1052,39.2,33.375999450683594,51.0,0.0,20.6,5.9,27.638260816554013,47.4914782449662
1053,36.1,33.375999450683594,51.0,0.0,20.2,6.4,28.332610770949028,44.59978323128471
1054,38.4,33.375999450683594,51.0,0.0,19.5,6.0,7.273134110122985,40.581940233036896
1055,15.6,33.375999450683594,51.0,0.0,19.2,5.8,12.511452900290916,19.353435870087274
1056,19.9,33.375999450683594,51.0,0.0,19.8,5.9,11.624415130664776,23.387324539199433
1057,31.1,33.375999450683594,51.0,0.0,20.8,6.4,15.818417668205901,35.84552530046177
1058,16.0,33.375999450683594,51.0,0.0,20.2,5.5,28.251009875713123,24.475302962713936
1059,27.9,33.375999450683594,51.0,0.0,20.6,5.9,19.733808914323056,33.82014267429692
1060,33.3,33.375999450683594,51.0,0.0,20.4,6.5,10.21592020185776,36.364776060557325
1061,21.5,33.375999450683594,51.0,0.0,20.5,5.8,20.90395987974121,27.77118796392236
1062,35.1,33.375999450683594,51.0,0.0,20.9,5.9,5.936629803940353,36.88098894118211
1063,22.3,33.375999450683594,51.0,0.0,20.6,6.4,10.017834171570197,25.30535025147106
1064,21.9,33.375999450683594,51.0,0.0,20.9,6.4,13.285474244785037,25.885642273435508
1065,34.0,33.375999450683594,51.0,0.0,19.8,6.3,16.686951645454474,39.00608549363634
1066,30.9,33.375999450683594,51.0,0.0,20.6,5.5,28.221248342826296,39.36637450284789
1067,37.9,33.375999450683594,51.0,0.0,19.5,6.4,21.98181654104212,44.49454496231264
1068,30.1,33.375999450683594,51.0,0.0,19.6,6.2,9.155619760885603,32.846685928265686
1069,27.0,33.375999450683594,51.0,0.0,19.7,5.8,13.430944637819005,31.0292833913457
1070,24.4,33.375999450683594,51.0,0.0,20.6,6.0,25.362617512556266,32.00878525376688
1071,22.3,33.375999450683594,51.0,0.0,20.2,5.8,9.012324546347294,25.003697363904188
1072,35.1,33.375999450683594,51.0,0.0,19.1,6.0,26.96557489182683,43.18967246754805
1073,37.9,33.375999450683594,51.0,0.0,20.7,6.3,18.39095794213827,43.41728738264148
1074,35.6,33.375999450683594,51.0,0.0,20.9,5.7,25.592465304118953,43.27773959123569
1075,31.3,33.375999450683594,51.0,0.0,20.1,5.8,10.411205737793923,34.423361721338175
1076,21.9,33.375999450683594,51.0,0.0,19.5,5.9,23.737876522151705,29.02136295664551
1077,39.2,33.375999450683594,51.0,0.0,20.1,6.3,17.064702255496513,44.31941067664896
1078,37.8,33.375999450683594,51.0,0.0,19.4,6.2,11.319621379862989,41.195886413958895
1079,35.1,33.375999450683594,51.0,0.0,19.8,5.8,17.522710957620077,40.35681328728602
1080,31.4,31.42599868774414,60.0,0.0,19.8,5.8,12.253236792646595,35.07597103779398
1081,19.9,31.42599868774414,60.0,0.0,20.5,6.4,13.756124736347518,24.026837420904254
1082,32.2,31.42599868774414,60.0,0.0,20.7,5.6,18.892110371773775,37.867633111532136
1083,19.9,31.42599868774414,60.0,0.0,19.8,6.1,22.485651293142872,26.645695387942858
1084,37.0,31.42599868774414,60.0,0.0,19.3,6.5,5.626115625447565,38.68783468763427
1085,23.7,31.42599868774414,60.0,0.0,20.5,5.9,10.29361880679592,26.788085642038777
1086,27.4,31.42599868774414,60.0,0.0,19.9,5.6,7.807364697237347,29.742209409171203
1087,23.2,31.42599868774414,60.0,0.0,19.8,6.2,6.156864555702314,25.047059366710695
1088,34.7,31.42599868774414,60.0,0.0,19.6,6.0,26.678498483231518,42.70354954496946
1089,25.7,31.42599868774414,60.0,0.0,20.7,6.4,16.843502223543595,30.75305066706308
1090,22.1,31.42599868774414,60.0,0.0,20.5,5.7,25.382165749614018,29.714649724884207
1091,22.1,31.42599868774414,60.0,0.0,20.3,6.1,24.232699793918183,29.369809938175457
1092,19.0,31.42599868774414,60.0,0.0,19.7,5.9,15.613731840716204,23.68411955221486
1093,26.1,31.42599868774414,60.0,0.0,19.5,5.6,6.608400833468865,28.08252025004066
1094,28.8,31.42599868774414,60.0,0.0,19.3,5.8,22.20040374372952,35.46012112311885
1095,16.5,31.42599868774414,60.0,0.0,19.3,6.3,16.744439419266623,21.523331825779987
1096,23.1,31.42599868774414,60.0,0.0,21.0,5.8,24.460194324855994,30.4380582974568
1097,28.3,31.42599868774414,60.0,0.0,20.9,6.0,21.342055847901392,34.70261675437042
1098,28.4,31.42599868774414,60.0,0.0,19.4,6.0,21.77083154283402,34.931249462850204
1099,16.8,31.42599868774414,60.0,0.0,19.3,6.1,20.52513456693965,22.957540370081894
1100,32.0,31.42599868774414,60.0,0.0,20.7,6.0,18.51985228418866,37.5559556852566
1101,19.1,31.42599868774414,60.0,0.0,19.2,6.0,24.231990034793586,26.369597010438078
1102,34.3,31.42599868774414,60.0,0.0,19.3,5.9,18.08193103726854,39.72457931118056
1103,17.2,31.42599868774414,60.0,0.0,20.1,5.8,18.848717032731034,22.85461510981931
1104,21.9,31.42599868774414,60.0,0.0,20.5,6.2,20.321728102113166,27.996518430633948
1105,27.0,31.42599868774414,60.0,0.0,20.8,5.8,20.27553740160396,33.082661220481185
1106,15.8,31.42599868774414,60.0,0.0,20.7,5.8,13.999931364183784,19.999979409255136
1107,35.4,31.42599868774414,60.0,0.0,21.0,6.1,5.5909546186776495,37.077286385603294
1108,17.6,31.42599868774414,60.0,0.0,20.7,6.4,23.329853174248715,24.598955952274615
1109,18.7,31.42599868774414,60.0,0.0,20.8,6.4,20.572706195014845,24.87181185850445
1110,34.1,31.42599868774414,60.0,0.0,20.2,5.7,5.319452721251745,35.69583581637553
1111,29.0,31.42599868774414,60.0,0.0,19.6,5.6,10.916605317303791,32.274981595191136
1112,28.9,31.42599868774414,60.0,0.0,19.9,6.4,24.12280448319514,36.13684134495854
1113,32.2,31.42599868774414,60.0,0.0,19.4,5.9,19.049303812595078,37.91479114377853
1114,31.6,31.42599868774414,60.0,0.0,19.8,6.0,24.315706164361526,38.89471184930846
1115,26.3,31.42599868774414,60.0,0.0,19.5,5.5,10.029335318287032,29.30880059548611
1116,18.2,31.42599868774414,60.0,0.0,19.1,6.0,23.84347678053305,25.353043034159914
1117,27.1,31.42599868774414,60.0,0.0,20.9,5.8,29.43953268922107,35.931859806766326
1118,29.9,31.42599868774414,60.0,0.0,20.7,5.5,15.475193432520161,34.542558029756044
1119,15.6,31.42599868774414,60.0,0.0,20.4,5.6,15.707711856752924,20.312313557025877
1120,22.6,31.42599868774414,60.0,0.0,19.9,6.0,15.751353485914908,27.325406045774475
1121,26.4,31.42599868774414,60.0,0.0,20.4,6.5,19.1396488864957,32.14189466594871
1122,30.7,31.42599868774414,60.0,0.0,20.8,5.7,26.198216799530396,38.55946503985912
1123,34.3,31.42599868774414,60.0,0.0,19.9,5.5,22.922938071846033,41.17688142155381
1124,25.2,31.42599868774414,60.0,0.0,20.0,6.1,25.059318759003677,32.7177956277011
1125,26.8,31.42599868774414,60.0,0.0,19.5,5.8,6.291865396147562,28.68755961884427
1126,20.9,31.42599868774414,60.0,0.0,20.3,5.5,8.553247948088583,23.465974384426573
1127,16.7,31.42599868774414,60.0,0.0,19.7,5.7,10.516311472527335,19.8548934417582
1128,25.9,31.42599868774414,60.0,0.0,20.1,6.0,9.763669795672048,28.829100938701615
1129,38.5,31.42599868774414,60.0,0.0,19.3,5.5,12.545339701998044,42.26360191059941
1130,38.5,31.42599868774414,60.0,0.0,21.0,5.9,7.426965421522572,40.72808962645677
1131,38.2,31.42599868774414,60.0,0.0,19.1,5.7,10.292007935147065,41.28760238054412
1132,22.8,31.42599868774414,60.0,0.0,19.6,6.0,25.664758391066563,30.49942751731997
1133,36.0,31.42599868774414,60.0,0.0,19.8,6.4,26.957747156156785,44.08732414684704
1134,35.8,31.42599868774414,60.0,0.0,19.1,5.9,19.37265312594667,41.611795937783995
1135,30.4,31.42599868774414,60.0,0.0,19.7,6.0,29.689889531695165,39.30696685950855
1136,25.2,31.42599868774414,60.0,0.0,20.4,6.2,25.363712383365367,32.80911371500961
1137,27.2,31.42599868774414,60.0,0.0,19.5,5.9,20.28668140094033,33.2860044202821
1138,26.5,31.42599868774414,60.0,0.0,20.1,6.1,17.756431421194076,31.826929426358223
1139,36.2,31.42599868774414,60.0,0.0,20.7,5.6,7.9077746371276385,38.572332391138296
1140,36.8,30.025999069213867,70.0,0.0,19.7,6.1,14.126553753793878,41.03796612613816
1141,21.1,30.025999069213867,70.0,0.0,20.0,6.1,9.62137063594002,23.986411190782007
1142,32.2,30.025999069213867,70.0,0.0,20.1,6.2,21.701795282304225,38.71053858469127
1143,39.3,30.025999069213867,70.0,0.0,20.4,6.3,25.880313105780562,47.06409393173416
1144,25.3,30.025999069213867,70.0,0.0,20.1,5.6,21.532983037667044,31.759894911300115
1145,30.4,30.025999069213867,70.0,0.0,19.9,5.8,16.739681609107667,35.4219044827323
1146,17.6,30.025999069213867,70.0,0.0,19.7,6.0,12.162366256197636,21.24870987685929
1147,18.4,30.025999069213867,70.0,0.0,20.9,6.2,23.174916619713898,25.352474985914167
1148,39.6,30.025999069213867,70.0,0.0,19.6,6.5,25.061088482970256,47.118326544891076
1149,26.2,30.025999069213867,70.0,0.0,19.1,6.1,16.313218513775496,31.093965554132648
1150,36.5,30.025999069213867,70.0,0.0,19.7,5.7,8.30840529052676,38.99252158715803
1151,28.5,30.025999069213867,70.0,0.0,20.3,5.5,12.14076319834103,32.14222895950231
1152,39.5,30.025999069213867,70.0,0.0,20.5,6.1,16.964393807012225,44.589318142103664
1153,21.6,30.025999069213867,70.0,0.0,20.0,6.1,8.401150492767371,24.120345147830214
1154,24.0,30.025999069213867,70.0,0.0,19.3,5.6,28.661104990255716,32.598331497076714
1155,37.8,30.025999069213867,70.0,0.0,20.4,6.0,22.124837383015084,44.43745121490452
1156,23.5,30.025999069213867,70.0,0.0,20.6,5.5,26.912726359310458,31.573817907793135
1157,30.1,30.025999069213867,70.0,0.0,19.8,5.5,18.11346398797131,35.5340391963914
1158,28.5,30.025999069213867,70.0,0.0,19.0,6.2,27.35233022033642,36.70569906610093
1159,30.9,30.025999069213867,70.0,0.0,20.2,5.7,14.668404825348857,35.30052144760465
1160,18.5,30.025999069213867,70.0,0.0,20.7,6.0,21.326991079532075,24.898097323859623
1161,15.6,30.025999069213867,70.0,0.0,19.7,6.0,17.558983039983747,20.867694911995123
1162,38.7,30.025999069213867,70.0,0.0,20.0,5.7,9.09808862842041,41.42942658852613
1163,26.3,30.025999069213867,70.0,0.0,20.5,5.9,29.09471546918586,35.028414640755756
1164,29.9,30.025999069213867,70.0,0.0,19.0,5.8,9.320406981727398,32.696122094518216
1165,20.7,30.025999069213867,70.0,0.0,20.6,6.3,27.406634451152176,28.92199033534565
1166,36.5,30.025999069213867,70.0,0.0,19.1,5.7,8.823723072294666,39.1471169216884
1167,35.3,30.025999069213867,70.0,0.0,20.8,6.5,14.750513538381187,39.72515406151435
1168,29.8,30.025999069213867,70.0,0.0,19.5,5.7,7.693853201390778,32.108155960417236
1169,36.4,30.025999069213867,70.0,0.0,21.0,5.9,21.412075261304956,42.823622578391486
1170,25.4,30.025999069213867,70.0,0.0,20.4,5.9,6.365719968193835,27.309715990458148
1171,18.1,30.025999069213867,70.0,0.0,20.6,5.7,25.49298436945897,25.74789531083769
1172,22.1,30.025999069213867,70.0,0.0,20.9,6.1,10.290538318761612,25.187161495628484
1173,16.6,30.025999069213867,70.0,0.0,19.7,5.8,10.040128662409904,19.61203859872297
1174,18.7,30.025999069213867,70.0,0.0,19.7,5.9,20.69033395029268,24.907100185087803
1175,23.2,30.025999069213867,70.0,0.0,20.9,6.2,10.220900885975723,26.266270265792716
1176,30.8,30.025999069213867,70.0,0.0,19.5,6.1,26.362726586278853,38.708817975883655
1177,25.7,30.025999069213867,70.0,0.0,20.2,5.6,12.77295691681217,29.53188707504365
1178,29.0,30.025999069213867,70.0,0.0,19.8,6.5,7.768978466881228,31.330693540064367
1179,23.6,30.025999069213867,70.0,0.0,19.8,6.4,25.282144232445955,31.184643269733787
1180,35.9,30.025999069213867,70.0,0.0,19.1,6.0,7.573977169161775,38.172193150748534
1181,33.1,30.025999069213867,70.0,0.0,19.7,6.5,23.70106702468542,40.21032010740563
1182,21.7,30.025999069213867,70.0,0.0,19.7,6.2,20.00334984090863,27.701004952272587
1183,16.5,30.025999069213867,70.0,0.0,19.2,6.4,23.77225035260283,23.63167510578085
1184,30.6,30.025999069213867,70.0,0.0,20.6,6.1,18.64319443961211,36.19295833188363
1185,32.3,30.025999069213867,70.0,0.0,19.5,6.0,17.708364654580908,37.61250939637427
1186,39.0,30.025999069213867,70.0,0.0,19.5,5.9,12.049523217783502,42.61485696533505
1187,34.0,30.025999069213867,70.0,0.0,19.8,5.9,26.460988527435003,41.9382965582305
1188,18.1,30.025999069213867,70.0,0.0,19.6,6.5,13.261210297114097,22.07836308913423
1189,31.0,30.025999069213867,70.0,0.0,21.0,5.8,20.136762540153267,37.04102876204598
1190,24.6,30.025999069213867,70.0,0.0,20.6,5.5,19.31618336250779,30.394855008752337
1191,21.4,30.025999069213867,70.0,0.0,20.5,5.7,20.603363721269304,27.58100911638079
1192,26.6,30.025999069213867,70.0,0.0,21.0,5.5,18.539253648664577,32.161776094599375
1193,36.3,30.025999069213867,70.0,0.0,20.4,5.8,11.226488825668259,39.667946647700475
1194,39.3,30.025999069213867,70.0,0.0,20.0,5.7,27.204606799376528,47.46138203981295
1195,16.2,30.025999069213867,70.0,0.0,20.7,5.6,9.329919214669136,18.99897576440074
1196,21.7,30.025999069213867,70.0,0.0,20.5,6.1,23.6800429280832,28.80401287842496
1197,26.1,30.025999069213867,70.0,0.0,19.8,6.4,18.518658219106655,31.655597465731997
1198,29.4,30.025999069213867,70.0,0.0,20.7,5.9,21.958092842120738,35.987427852636216
1199,15.1,30.025999069213867,70.0,0.0,20.6,6.2,21.5905561197392,21.57716683592176
1200,24.7,29.17599868774414,75.0,0.0,19.2,6.0,23.81634181589556,31.844902544768665
1201,23.3,29.17599868774414,75.0,0.0,20.8,6.4,9.23075642007292,26.069226926021877
1202,36.0,29.17599868774414,75.0,0.0,19.1,6.0,14.30183396908194,40.29055019072458
1203,18.3,29.17599868774414,75.0,0.0,20.9,5.7,19.259588035950777,24.077876410785233
1204,39.1,29.17599868774414,75.0,0.0,19.6,6.3,26.50107423303301,47.050322269909906
1205,32.2,29.17599868774414,75.0,0.0,19.2,6.0,22.313824191710182,38.894147257513055
1206,21.6,29.17599868774414,75.0,0.0,19.4,5.5,9.816055122937108,24.544816536881132
1207,15.7,29.17599868774414,75.0,0.0,20.3,5.8,9.535526990048531,18.56065809701456
1208,20.6,29.17599868774414,75.0,0.0,19.5,6.3,26.833164904255327,28.6499494712766
1209,34.7,29.17599868774414,75.0,0.0,19.1,6.2,14.257128423053661,38.9771385269161
1210,27.9,29.17599868774414,75.0,0.0,19.1,5.9,22.251279951084957,34.57538398532549
1211,37.7,29.17599868774414,75.0,0.0,19.1,6.3,5.012298190646762,39.20368945719403
1212,29.8,29.17599868774414,75.0,0.0,20.5,6.4,6.2317686947060675,31.669530608411822
1213,32.8,29.17599868774414,75.0,0.0,19.8,5.9,28.075914217860525,41.222774265358154
1214,20.2,29.17599868774414,75.0,0.0,19.9,5.6,14.65593574241968,24.596780722725903
1215,27.2,29.17599868774414,75.0,0.0,19.7,5.9,12.618569813511563,30.985570944053467
1216,26.9,29.17599868774414,75.0,0.0,21.0,6.1,14.248657579218001,31.1745972737654
1217,29.3,29.17599868774414,75.0,0.0,20.5,6.4,9.884682630763473,32.265404789229045
1218,21.1,29.17599868774414,75.0,0.0,20.8,6.1,13.300845855523011,25.090253756656907
1219,26.6,29.17599868774414,75.0,0.0,20.3,5.9,15.275368052673626,31.18261041580209
1220,20.1,29.17599868774414,75.0,0.0,20.4,6.3,20.8656648294582,26.35969944883746
1221,20.5,29.17599868774414,75.0,0.0,20.2,6.0,23.9052320181702,27.67156960545106
1222,35.8,29.17599868774414,75.0,0.0,19.8,5.8,15.098137397488461,40.32944121924653
1223,25.5,29.17599868774414,75.0,0.0,19.3,6.0,11.229978284395946,28.868993485318782
1224,37.4,29.17599868774414,75.0,0.0,20.3,5.7,6.933301807541671,39.4799905422625
1225,39.5,29.17599868774414,75.0,0.0,20.4,5.7,23.75891988017337,46.62767596405201
1226,21.9,29.17599868774414,75.0,0.0,19.6,6.3,8.260186079371792,24.378055823811536
1227,15.9,29.17599868774414,75.0,0.0,20.6,5.5,5.370795995737677,17.511238798721305
1228,16.5,29.17599868774414,75.0,0.0,19.5,6.0,11.937013630881587,20.081104089264475
1229,37.3,29.17599868774414,75.0,0.0,20.4,6.0,6.183157215853142,39.15494716475594
1230,39.9,29.17599868774414,75.0,0.0,20.8,6.3,25.2990685038162,47.489720551144856
1231,30.7,29.17599868774414,75.0,0.0,19.9,5.8,27.917955208320425,39.07538656249613
1232,32.2,29.17599868774414,75.0,0.0,19.4,6.0,15.369222196879841,36.81076665906396
1233,17.0,29.17599868774414,75.0,0.0,20.0,5.9,26.37314675621086,24.91194402686326
1234,35.0,29.17599868774414,75.0,0.0,20.8,5.8,22.48073895835367,41.7442216875061
1235,37.5,29.17599868774414,75.0,0.0,19.5,6.5,8.462708412114745,40.03881252363443
1236,26.3,29.17599868774414,75.0,0.0,20.0,6.0,23.81234577255382,33.44370373176615
1237,27.0,29.17599868774414,75.0,0.0,19.9,6.3,6.467391387547232,28.94021741626417
1238,30.8,29.17599868774414,75.0,0.0,19.5,5.6,28.940283544015447,39.482085063204636
1239,15.2,29.17599868774414,75.0,0.0,19.1,6.5,28.583253663747286,23.774976099124185
1240,32.8,29.17599868774414,75.0,0.0,19.8,6.5,7.631512103672209,35.08945363110166
1241,27.7,29.17599868774414,75.0,0.0,19.7,5.9,27.403202283234066,35.92096068497022
1242,21.4,29.17599868774414,75.0,0.0,20.5,6.2,18.882529842137803,27.06475895264134
1243,37.8,29.17599868774414,75.0,0.0,20.0,6.2,29.415963996181354,46.6247891988544
1244,15.5,29.17599868774414,75.0,0.0,19.6,6.3,15.364184466277207,20.109255339883163
1245,15.8,29.17599868774414,75.0,0.0,19.5,5.7,25.779312265756356,23.533793679726905
1246,20.1,29.17599868774414,75.0,0.0,19.0,5.9,24.16360647913083,27.34908194373925
1247,32.9,29.17599868774414,75.0,0.0,20.0,5.9,22.2005204968926,39.56015614906778
1248,30.8,29.17599868774414,75.0,0.0,20.0,6.1,23.88011372716127,37.96403411814838
1249,21.3,29.17599868774414,75.0,0.0,20.8,6.0,21.59648705622522,27.778946116867566
1250,31.7,29.17599868774414,75.0,0.0,20.7,6.3,6.210126561723546,33.563037968517065
1251,39.8,29.17599868774414,75.0,0.0,19.4,5.9,7.07602908286818,41.92280872486045
1252,39.9,29.17599868774414,75.0,0.0,19.2,6.1,12.14861697584811,43.54458509275443
1253,29.4,29.17599868774414,75.0,0.0,19.7,5.6,14.029782572866365,33.60893477185991
1254,33.5,29.17599868774414,75.0,0.0,19.3,6.3,5.066031183690224,35.019809355107064
1255,31.9,29.17599868774414,75.0,0.0,19.9,5.8,18.749078292083084,37.524723487624925
1256,20.9,29.17599868774414,75.0,0.0,19.0,6.3,22.666479199416905,27.699943759825068
1257,28.5,29.17599868774414,75.0,0.0,20.3,6.2,8.202263649128865,30.96067909473866
1258,39.7,29.17599868774414,75.0,0.0,19.1,6.2,14.482772806717598,44.044831842015284
1259,34.7,29.17599868774414,75.0,0.0,19.8,6.1,21.507422586677286,41.15222677600319
1260,36.9,28.575998306274418,80.0,0.0,19.7,5.9,9.71686260548659,39.81505878164597
1261,23.8,28.575998306274418,80.0,0.0,19.8,6.0,22.620120414643754,30.586036124393125
1262,16.1,28.575998306274418,80.0,0.0,20.2,5.9,18.242087114527685,21.572626134358305
1263,18.2,28.575998306274418,80.0,0.0,20.5,5.8,26.61894523047563,26.18568356914269
1264,21.9,28.575998306274418,80.0,0.0,20.3,5.7,22.902575217264538,28.77077256517936
1265,23.4,28.575998306274418,80.0,0.0,20.3,6.0,10.074704021518716,26.422411206455614
1266,20.5,28.575998306274418,80.0,0.0,19.7,6.5,21.40492249670539,26.921476749011617
1267,20.3,28.575998306274418,80.0,0.0,19.7,6.3,19.25164575716733,26.0754937271502
1268,23.5,28.575998306274418,80.0,0.0,20.4,6.1,23.216023607078192,30.464807082123457
1269,30.1,28.575998306274418,80.0,0.0,19.9,5.7,17.457826347845028,35.33734790435351
1270,35.8,28.575998306274418,80.0,0.0,19.1,6.0,12.390651896128816,39.517195568838645
1271,22.0,28.575998306274418,80.0,0.0,20.1,6.4,15.03184110285052,26.509552330855158
1272,24.3,28.575998306274418,80.0,0.0,20.9,5.8,9.233550838818564,27.07006525164557
1273,28.4,28.575998306274418,80.0,0.0,20.8,5.7,13.658515167284342,32.4975545501853
1274,21.1,28.575998306274418,80.0,0.0,20.7,6.1,20.349979183848326,27.204993755154497
1275,33.5,28.575998306274418,80.0,0.0,20.8,6.1,10.84268289815029,36.752804869445086
1276,16.1,28.575998306274418,80.0,0.0,20.8,5.9,15.699390300185652,20.809817090055695
1277,29.0,28.575998306274418,80.0,0.0,20.9,6.1,12.68424250557037,32.80527275167111
1278,36.9,28.575998306274418,80.0,0.0,20.2,6.1,9.967085174443605,39.89012555233308
1279,18.0,28.575998306274418,80.0,0.0,19.7,5.7,28.205556807937917,26.461667042381375
1280,21.8,28.575998306274418,80.0,0.0,19.7,5.7,5.07163225663899,23.321489676991696
1281,17.0,28.575998306274418,80.0,0.0,20.0,6.0,23.32678647551837,23.998035942655513
1282,26.7,28.575998306274418,80.0,0.0,20.0,6.1,25.333304763067748,34.29999142892032
1283,16.1,28.575998306274418,80.0,0.0,19.8,5.7,8.757728687008798,18.727318606102642
1284,19.4,28.575998306274418,80.0,0.0,20.6,6.5,22.30913190050452,26.092739570151355
1285,38.5,28.575998306274418,80.0,0.0,20.1,6.0,18.07801657404115,43.923404972212346
1286,36.7,28.575998306274418,80.0,0.0,20.5,6.2,7.210926800450874,38.86327804013526
1287,26.7,28.575998306274418,80.0,0.0,19.0,6.3,17.86750428253397,32.06025128476019
1288,31.6,28.575998306274418,80.0,0.0,19.2,5.6,14.831258011284163,36.04937740338525
1289,20.4,28.575998306274418,80.0,0.0,19.3,6.4,21.08278730789779,26.724836192369334
1290,36.4,28.575998306274418,80.0,0.0,20.0,5.7,26.52326860959643,44.356980582878926
1291,39.8,28.575998306274418,80.0,0.0,20.9,5.8,28.656888299831174,48.39706648994935
1292,19.5,28.575998306274418,80.0,0.0,20.3,6.4,7.428076629383527,21.72842298881506
1293,26.0,28.575998306274418,80.0,0.0,19.7,6.1,27.475533512844684,34.242660053853406
1294,23.4,28.575998306274418,80.0,0.0,19.8,5.9,5.68572862636054,25.10571858790816
1295,37.2,28.575998306274418,80.0,0.0,20.4,5.8,6.407863636106299,39.12235909083189
1296,25.0,28.575998306274418,80.0,0.0,19.0,5.6,8.15336343915639,27.446009031746918
1297,32.1,28.575998306274418,80.0,0.0,19.7,6.0,9.394171158529403,34.91825134755882
1298,39.0,28.575998306274418,80.0,0.0,20.7,6.4,7.561808498818327,41.268542549645495
1299,21.3,28.575998306274418,80.0,0.0,19.9,6.5,13.41318496495274,25.323955489485822
1300,16.4,28.575998306274418,80.0,0.0,19.7,6.4,26.22005124662201,24.2660153739866
1301,17.9,28.575998306274418,80.0,0.0,20.1,6.5,24.79880412694288,25.339641238082862
1302,19.4,28.575998306274418,80.0,0.0,20.4,5.7,12.408878822232126,23.122663646669636
1303,33.3,28.575998306274418,80.0,0.0,19.9,6.3,10.022076913618907,36.30662307408567
1304,35.4,28.575998306274418,80.0,0.0,20.3,6.4,7.753695845691173,37.72610875370735
1305,28.6,28.575998306274418,80.0,0.0,20.0,5.9,25.274271761187354,36.18228152835621
1306,19.6,28.575998306274418,80.0,0.0,20.0,6.1,20.545595932967665,25.7636787798903
1307,15.8,28.575998306274418,80.0,0.0,20.3,5.9,14.522972141380079,20.156891642414024
1308,22.2,28.575998306274418,80.0,0.0,20.5,6.4,9.475395400785182,25.042618620235555
1309,24.1,28.575998306274418,80.0,0.0,19.1,6.4,5.019618699328849,25.605885609798655
1310,35.2,28.575998306274418,80.0,0.0,19.0,6.4,29.851126880249875,44.15533806407497
1311,31.9,28.575998306274418,80.0,0.0,19.4,6.2,28.301204254912744,40.390361276473826
1312,40.0,28.575998306274418,80.0,0.0,20.8,6.1,27.5114528670116,48.25343586010348
1313,38.5,28.575998306274418,80.0,0.0,19.5,6.2,7.38102272241385,40.714306816724154
1314,16.6,28.575998306274418,80.0,0.0,19.1,5.9,8.62202495529436,19.186607486588308
1315,21.0,28.575998306274418,80.0,0.0,20.2,6.4,15.282680010754413,25.584804003226324
1316,20.2,28.575998306274418,80.0,0.0,20.5,6.0,5.591073443531806,21.877322033059542
1317,17.0,28.575998306274418,80.0,0.0,20.3,5.9,27.94487243760659,25.383461731281976
1318,17.5,28.575998306274418,80.0,0.0,20.0,5.8,13.841843103818867,21.65255293114566
1319,36.9,28.575998306274418,80.0,0.0,20.1,5.6,25.757121927425242,44.62713657822757
1320,19.9,28.125999450683594,82.0,0.0,20.6,5.8,28.430229279588964,28.429068783876687
1321,21.4,28.125999450683594,82.0,0.0,19.5,6.2,19.666335711600567,27.29990071348017
1322,17.8,28.125999450683594,82.0,0.0,20.0,6.4,17.088111399455745,22.926433419836723
1323,34.8,28.125999450683594,82.0,0.0,19.2,6.1,8.07065621396918,37.22119686419075
1324,32.8,28.125999450683594,82.0,0.0,19.5,5.8,10.999582953740717,36.099874886122215
1325,17.6,28.125999450683594,82.0,0.0,20.2,5.6,16.749910288676165,22.62497308660285
1326,39.4,28.125999450683594,82.0,0.0,20.9,6.2,15.984762558351191,44.195428767505355
1327,23.2,28.125999450683594,82.0,0.0,19.1,6.0,17.753989357653765,28.526196807296127
1328,19.5,28.125999450683594,82.0,0.0,20.9,6.0,6.915640398063773,21.574692119419133
1329,23.4,28.125999450683594,82.0,0.0,20.3,6.4,12.994064880182815,27.298219464054842
1330,39.4,28.125999450683594,82.0,0.0,20.8,5.7,25.972407391183232,47.191722217354965
1331,27.0,28.125999450683594,82.0,0.0,20.1,6.3,10.890803264330184,30.267240979299054
1332,38.7,28.125999450683594,82.0,0.0,20.7,6.3,6.612562831646381,40.683768849493916
1333,36.8,28.125999450683594,82.0,0.0,19.3,5.8,7.7636757466649815,39.129102723999495
1334,27.1,28.125999450683594,82.0,0.0,19.7,6.1,8.301971789444138,29.590591536833244
1335,35.4,28.125999450683594,82.0,0.0,21.0,6.1,12.243371364084922,39.07301140922547
1336,29.9,28.125999450683594,82.0,0.0,20.1,6.4,26.950880987936348,37.985264296380905
1337,22.1,28.125999450683594,82.0,0.0,19.1,6.5,22.309164520668617,28.792749356200588
1338,33.7,28.125999450683594,82.0,0.0,19.1,6.4,6.7474136321644185,35.724224089649326
1339,34.0,28.125999450683594,82.0,0.0,19.7,5.9,20.040760577286033,40.01222817318581
1340,34.9,28.125999450683594,82.0,0.0,19.2,6.4,9.030612661537944,37.60918379846138
1341,18.0,28.125999450683594,82.0,0.0,19.6,5.6,28.7634718698135,26.62904156094405
1342,24.9,28.125999450683594,82.0,0.0,19.3,6.4,17.057721921758088,30.017316576527424
1343,35.2,28.125999450683594,82.0,0.0,20.1,5.6,25.386031450012048,42.815809435003615
1344,28.7,28.125999450683594,82.0,0.0,20.0,5.9,22.630168579931105,35.48905057397933
1345,33.8,28.125999450683594,82.0,0.0,20.8,6.1,29.562195202510498,42.668658560753144
1346,33.4,28.125999450683594,82.0,0.0,19.2,5.9,6.057916255267896,35.217374876580365
1347,31.3,28.125999450683594,82.0,0.0,20.1,6.3,21.530132456301526,37.75903973689046
1348,20.9,28.125999450683594,82.0,0.0,19.4,5.5,12.416907867725545,24.625072360317663
1349,19.5,28.125999450683594,82.0,0.0,19.3,5.8,25.100204149688615,27.030061244906584
1350,30.0,28.125999450683594,82.0,0.0,20.1,5.9,15.787372808732071,34.736211842619625
1351,21.0,28.125999450683594,82.0,0.0,20.8,5.9,18.22810758532029,26.468432275596086
1352,22.8,28.125999450683594,82.0,0.0,19.6,5.8,14.019224356643491,27.005767306993047
1353,17.0,28.125999450683594,82.0,0.0,20.4,6.0,15.937249992931935,21.78117499787958
1354,39.5,28.125999450683594,82.0,0.0,19.2,5.9,17.89431919934984,44.86829575980495
1355,16.0,28.125999450683594,82.0,0.0,20.1,5.9,22.082842954307946,22.624852886292384
1356,19.6,28.125999450683594,82.0,0.0,19.5,6.4,10.705732693205285,22.811719807961587
1357,17.8,28.125999450683594,82.0,0.0,20.9,6.0,17.811010146156086,23.143303043846828
1358,36.6,28.125999450683594,82.0,0.0,19.0,6.4,8.010646552531258,39.00319396575938
1359,36.0,28.125999450683594,82.0,0.0,19.5,5.6,8.368475057821449,38.51054251734644
1360,22.9,28.125999450683594,82.0,0.0,20.8,6.4,6.938928753167418,24.981678625950224
1361,39.9,28.125999450683594,82.0,0.0,19.7,5.6,22.280818648064553,46.584245594419365
1362,36.2,28.125999450683594,82.0,0.0,20.0,6.4,19.961504886868426,42.18845146606053
1363,25.4,28.125999450683594,82.0,0.0,19.5,5.7,22.492412124153038,32.14772363724591
1364,36.5,28.125999450683594,82.0,0.0,20.8,6.2,19.043431180499116,42.21302935414973
1365,37.9,28.125999450683594,82.0,0.0,19.9,6.1,12.384229447838482,41.61526883435154
1366,38.7,28.125999450683594,82.0,0.0,20.6,5.9,16.86789999558421,43.760369998675266
1367,30.9,28.125999450683594,82.0,0.0,20.2,6.2,25.901946470068737,38.67058394102062
1368,23.3,28.125999450683594,82.0,0.0,19.9,5.6,19.105979183458793,29.03179375503764
1369,38.3,28.125999450683594,82.0,0.0,19.1,5.6,20.408793213425838,44.42263796402775
1370,20.6,28.125999450683594,82.0,0.0,19.7,6.0,21.255325389168092,26.97659761675043
1371,32.8,28.125999450683594,82.0,0.0,20.3,5.8,10.652049339262074,35.99561480177862
1372,35.9,28.125999450683594,82.0,0.0,19.8,5.8,21.81769289568461,42.445307868705385
1373,24.0,28.125999450683594,82.0,0.0,20.8,6.1,7.450228041555719,26.235068412466717
1374,28.0,28.125999450683594,82.0,0.0,20.7,5.6,22.42565966519109,34.72769789955733
1375,21.2,28.125999450683594,82.0,0.0,20.8,6.2,29.147976419864715,29.944392925959413
1376,20.2,28.125999450683594,82.0,0.0,20.2,5.6,28.661816703253756,28.798545010976127
1377,28.5,28.125999450683594,82.0,0.0,19.6,6.0,7.4637761136973335,30.7391328341092
1378,25.4,28.125999450683594,82.0,0.0,19.7,5.7,19.657150397554126,31.297145119266236
1379,23.9,28.125999450683594,82.0,0.0,20.8,5.9,25.16289536052204,31.44886860815661
1380,31.4,27.875999450683594,84.0,0.0,19.8,6.1,12.568328046325394,35.17049841389762
1381,16.6,27.875999450683594,84.0,0.0,19.6,6.2,17.05528991510457,21.716586974531374
1382,24.7,27.875999450683594,84.0,0.0,20.7,5.7,9.20507472701118,27.461522418103353
1383,23.4,27.875999450683594,84.0,0.0,20.0,6.0,14.596682433723286,27.779004730116984
1384,30.0,27.875999450683594,84.0,0.0,19.3,6.0,5.971448861634783,31.791434658490434
1385,38.9,27.875999450683594,84.0,0.0,20.6,5.7,18.451269148582956,44.435380744574886
1386,39.1,27.875999450683594,84.0,0.0,20.1,6.5,12.35365431034759,42.806096293104275
1387,25.6,27.875999450683594,84.0,0.0,20.5,5.7,9.646843609883284,28.494053082964985
1388,22.7,27.875999450683594,84.0,0.0,19.4,6.3,29.064324411622003,31.4192973234866
1389,29.6,27.875999450683594,84.0,0.0,21.0,6.2,20.05925539782038,35.61777661934612
1390,36.6,27.875999450683594,84.0,0.0,19.5,6.3,5.68639751954919,38.30591925586476
1391,30.2,27.875999450683594,84.0,0.0,20.2,6.4,26.707249323671093,38.212174797101326
1392,21.0,27.875999450683594,84.0,0.0,19.2,6.2,22.268829090637507,27.68064872719125
1393,38.6,27.875999450683594,84.0,0.0,20.7,6.5,15.285170155812176,43.185551046743655
1394,36.8,27.875999450683594,84.0,0.0,20.9,6.2,26.48686215465217,44.746058646395646
1395,38.8,27.875999450683594,84.0,0.0,20.3,5.7,9.977100200553675,41.7931300601661
1396,25.1,27.875999450683594,84.0,0.0,20.0,6.0,25.35331483379776,32.70599445013933
1397,29.4,27.875999450683594,84.0,0.0,20.0,5.5,15.358140729522905,34.007442218856866
1398,22.1,27.875999450683594,84.0,0.0,19.3,5.8,27.664936666650764,30.39948099999523
1399,34.3,27.875999450683594,84.0,0.0,19.4,5.6,6.0447280342847645,36.113418410285426
1400,32.6,27.875999450683594,84.0,0.0,19.4,5.6,15.330406511131185,37.19912195333936
1401,25.6,27.875999450683594,84.0,0.0,20.5,5.6,16.609435309504313,30.582830592851295
1402,37.2,27.875999450683594,84.0,0.0,20.1,5.7,16.035466640609044,42.01063999218272
1403,36.8,27.875999450683594,84.0,0.0,20.1,5.6,25.609506544951152,44.482851963485345
1404,25.3,27.875999450683594,84.0,0.0,19.8,6.4,24.395522408841007,32.618656722652304
1405,38.6,27.875999450683594,84.0,0.0,19.7,5.9,26.024107919617048,46.407232375885116
1406,22.7,27.875999450683594,84.0,0.0,20.2,5.9,22.428052454265373,29.42841573627961
1407,36.9,27.875999450683594,84.0,0.0,19.5,6.1,6.937899719557085,38.98136991586713
1408,35.6,27.875999450683594,84.0,0.0,20.7,5.6,19.384613568745202,41.41538407062356
1409,26.0,27.875999450683594,84.0,0.0,20.2,5.5,25.5439690487729,33.66319071463187
1410,22.4,27.875999450683594,84.0,0.0,19.5,6.3,27.546269449373284,30.663880834811984
1411,21.0,27.875999450683594,84.0,0.0,19.9,6.4,10.911648578505327,24.2734945735516
1412,35.1,27.875999450683594,84.0,0.0,20.4,6.2,27.127661444134304,43.23829843324029
1413,25.9,27.875999450683594,84.0,0.0,19.0,6.0,12.300387258261395,29.590116177478418
1414,38.3,27.875999450683594,84.0,0.0,20.0,6.2,12.770748544340265,42.13122456330208
1415,30.2,27.875999450683594,84.0,0.0,20.6,6.1,27.67411861921426,38.502235585764275
1416,37.1,27.875999450683594,84.0,0.0,20.2,5.8,17.285703264631756,42.28571097938953
1417,33.5,27.875999450683594,84.0,0.0,20.3,6.2,10.840414867069207,36.75212446012076
1418,34.8,27.875999450683594,84.0,0.0,19.8,6.3,12.422413413109705,38.52672402393291
1419,30.8,27.875999450683594,84.0,0.0,20.7,5.8,15.853994531491255,35.55619835944738
1420,38.5,27.875999450683594,84.0,0.0,20.3,6.3,22.64563180998143,45.29368954299443
1421,31.1,27.875999450683594,84.0,0.0,20.2,5.6,18.659953817696056,36.69798614530882
1422,28.5,27.875999450683594,84.0,0.0,20.4,5.9,13.856234683884868,32.65687040516546
1423,19.2,27.875999450683594,84.0,0.0,19.9,6.3,12.606822407632386,22.982046722289716
1424,33.0,27.875999450683594,84.0,0.0,20.1,6.3,17.803480666333847,38.34104419990015
1425,34.0,27.875999450683594,84.0,0.0,20.3,5.5,16.563865834345446,38.96915975030363
1426,20.1,27.875999450683594,84.0,0.0,19.9,5.5,13.889092624942943,24.266727787482886
1427,36.4,27.875999450683594,84.0,0.0,19.6,6.4,27.392209387095296,44.617662816128586
1428,22.6,27.875999450683594,84.0,0.0,19.1,5.7,24.323321260583572,29.896996378175075
1429,28.0,27.875999450683594,84.0,0.0,19.1,5.8,13.773459062873942,32.13203771886218
1430,39.3,27.875999450683594,84.0,0.0,19.9,5.5,27.46031906134749,47.53809571840424
1431,36.1,27.875999450683594,84.0,0.0,20.7,6.1,18.04176659628677,41.512529978886036
1432,16.5,27.875999450683594,84.0,0.0,20.9,5.7,28.001573276277963,24.90047198288339
1433,22.4,27.875999450683594,84.0,0.0,20.5,5.6,10.387684917880357,25.516305475364106
1434,19.8,27.875999450683594,84.0,0.0,20.9,6.1,25.640168412675724,27.492050523802718
1435,32.5,27.875999450683594,84.0,0.0,20.7,5.5,17.197380298155483,37.65921408944664
1436,34.1,27.875999450683594,84.0,0.0,19.8,5.8,15.84496280480949,38.85348884144285
1437,17.4,27.875999450683594,84.0,0.0,19.6,6.0,21.522061660877863,23.85661849826336
1438,34.4,27.875999450683594,84.0,0.0,20.1,6.2,25.24410231658824,41.97323069497647
1439,26.4,27.875999450683594,84.0,0.0,19.9,5.8,29.477318047695874,35.24319541430876
1440,36.6,27.775999069213867,85.0,0.0,20.0,6.2,21.914112947145746,43.174233884143725
1441,31.6,27.775999069213867,85.0,0.0,19.3,5.7,13.867102470339683,35.760130741101904
1442,16.7,27.775999069213867,85.0,0.0,20.7,6.1,20.195093815099632,22.75852814452989
1443,23.1,27.775999069213867,85.0,0.0,20.8,5.5,19.365601234242387,28.909680370272717
1444,16.6,27.775999069213867,85.0,0.0,20.6,6.1,14.03844635828591,20.811533907485774
1445,24.3,27.775999069213867,85.0,0.0,20.6,6.0,23.228550109689717,31.268565032906917
1446,37.6,27.775999069213867,85.0,0.0,20.6,6.3,24.228128403242188,44.86843852097266
1447,39.2,27.775999069213867,85.0,0.0,20.0,6.1,14.29242462540826,43.487727387622485
1448,27.3,27.775999069213867,85.0,0.0,20.0,6.3,20.22285601765745,33.36685680529723
1449,22.4,27.775999069213867,85.0,0.0,19.8,6.4,14.762320007510262,26.828696002253075
1450,16.7,27.775999069213867,85.0,0.0,19.9,5.9,21.273241599500917,23.081972479850275
1451,35.9,27.775999069213867,85.0,0.0,20.3,6.1,23.65097347382642,42.99529204214792
1452,32.9,27.775999069213867,85.0,0.0,19.9,6.2,29.155071936863266,41.64652158105898
1453,18.0,27.775999069213867,85.0,0.0,20.4,6.0,22.297613040525313,24.68928391215759
1454,33.3,27.775999069213867,85.0,0.0,19.9,5.7,24.07891811461284,40.52367543438385
1455,21.2,27.775999069213867,85.0,0.0,19.3,5.7,23.259112334855004,28.1777337004565
1456,38.2,27.775999069213867,85.0,0.0,20.8,5.5,24.624029120716074,45.587208736214826
1457,36.3,27.775999069213867,85.0,0.0,19.0,5.6,23.77234707095964,43.431704121287886
1458,22.5,27.775999069213867,85.0,0.0,19.9,5.9,9.278102914135015,25.283430874240505
1459,19.5,27.775999069213867,85.0,0.0,20.2,6.0,7.406096490942913,21.721828947282873
1460,30.7,27.775999069213867,85.0,0.0,20.5,5.9,26.45020760393182,38.63506228117954
1461,38.3,27.775999069213867,85.0,0.0,19.4,5.9,24.378172333145997,45.613451699943795
1462,30.8,27.775999069213867,85.0,0.0,19.5,6.0,26.635354455670125,38.79060633670104
1463,21.7,27.775999069213867,85.0,0.0,19.0,5.7,25.642904421658734,29.39287132649762
1464,20.7,27.775999069213867,85.0,0.0,19.8,6.2,23.222667950703265,27.66680038521098
1465,35.0,27.775999069213867,85.0,0.0,20.4,6.4,15.685259619926658,39.705577885977995
1466,38.1,27.775999069213867,85.0,0.0,20.2,5.5,13.17677367934575,42.05303210380373
1467,23.4,27.775999069213867,85.0,0.0,19.2,6.5,23.17329506913093,30.351988520739276
1468,19.3,27.775999069213867,85.0,0.0,20.6,6.0,21.761579801493067,25.82847394044792
1469,31.0,27.775999069213867,85.0,0.0,19.0,6.0,23.27688170449699,37.9830645113491
1470,25.4,27.775999069213867,85.0,0.0,21.0,6.4,27.746334141433817,33.72390024243015
1471,27.6,27.775999069213867,85.0,0.0,19.8,5.5,7.316356486998627,29.79490694609959
1472,17.4,27.775999069213867,85.0,0.0,19.3,6.4,27.649750911238577,25.694925273371574
1473,18.8,27.775999069213867,85.0,0.0,19.3,5.5,5.900849404016718,20.570254821205015
1474,18.7,27.775999069213867,85.0,0.0,20.9,5.7,18.98019396880509,24.394058190641527
1475,18.6,27.775999069213867,85.0,0.0,20.6,5.8,22.671044375924165,25.40131331277725
1476,15.4,27.775999069213867,85.0,0.0,19.3,5.6,11.09533298112584,18.72859989433775
1477,28.8,27.775999069213867,85.0,0.0,19.8,5.7,29.500799609680147,37.650239882904046
1478,23.5,27.775999069213867,85.0,0.0,20.6,5.8,20.233222992658515,29.569966897797556
1479,30.5,27.775999069213867,85.0,0.0,20.4,5.6,12.832511505922074,34.34975345177662
1480,22.2,27.775999069213867,85.0,0.0,20.6,6.0,10.467273983597654,25.340182195079294
1481,30.3,27.775999069213867,85.0,0.0,20.7,5.7,12.05907368652536,33.91772210595761
1482,19.3,27.775999069213867,85.0,0.0,20.0,6.3,14.91151862744747,23.773455588234242
1483,34.9,27.775999069213867,85.0,0.0,20.9,6.4,15.99728808632466,39.699186425897395
1484,22.0,27.775999069213867,85.0,0.0,20.2,6.3,5.4626865941137375,23.63880597823412
1485,31.8,27.775999069213867,85.0,0.0,20.1,6.2,7.954443494346365,34.18633304830391
1486,20.4,27.775999069213867,85.0,0.0,20.8,6.1,25.061334645615407,27.91840039368462
1487,23.0,27.775999069213867,85.0,0.0,21.0,5.8,16.04363585833567,27.8130907575007
1488,30.3,27.775999069213867,85.0,0.0,20.0,5.6,15.862701600278553,35.058810480083565
1489,27.1,27.775999069213867,85.0,0.0,20.0,5.5,26.133274867493423,34.939982460248025
1490,24.0,27.775999069213867,85.0,0.0,19.6,5.9,26.28131273158024,31.88439381947407
1491,31.5,27.775999069213867,85.0,0.0,19.4,5.7,12.78908282376786,35.336724847130355
1492,30.1,27.775999069213867,85.0,0.0,20.1,5.7,7.449993376800263,32.33499801304008
1493,19.4,27.775999069213867,85.0,0.0,19.8,5.5,23.485989858051024,26.445796957415304
1494,38.0,27.775999069213867,85.0,0.0,20.6,6.0,8.257732184153875,40.47731965524616
1495,17.6,27.775999069213867,85.0,0.0,19.1,6.3,23.989858580372122,24.796957574111637
1496,28.6,27.775999069213867,85.0,0.0,20.1,6.2,9.189649302473878,31.356894790742164
1497,26.2,27.775999069213867,85.0,0.0,20.5,6.4,8.778100792594191,28.833430237778256
1498,36.1,27.775999069213867,85.0,0.0,20.8,6.1,21.524087609223006,42.557226282766905
1499,39.5,27.775999069213867,85.0,0.0,19.4,5.7,9.704164648008504,42.41124939440255
1500,38.3,27.625999450683594,86.0,0.0,19.3,6.5,28.98126141519906,46.99437842455971
1501,20.7,27.625999450683594,86.0,0.0,19.8,5.7,7.8856326144236615,23.0656897843271
1502,38.9,27.625999450683594,86.0,0.0,19.9,5.5,6.358145035283123,40.80744351058493
1503,16.4,27.625999450683594,86.0,0.0,19.1,5.6,15.632264501444844,21.08967935043345
1504,35.8,27.625999450683594,86.0,0.0,20.3,5.5,9.425141963396523,38.62754258901895
1505,31.4,27.625999450683594,86.0,0.0,20.8,5.8,13.798057878887985,35.539417363666395
1506,16.4,27.625999450683594,86.0,0.0,19.2,5.7,23.313117747403552,23.393935324221065
1507,38.6,27.625999450683594,86.0,0.0,20.8,5.9,22.09245712670085,45.227737138010255
1508,23.6,27.625999450683594,86.0,0.0,19.7,5.7,23.11951270144124,30.535853810432375
1509,34.3,27.625999450683594,86.0,0.0,20.2,6.4,14.321924196838365,38.59657725905151
1510,30.7,27.625999450683594,86.0,0.0,19.8,6.1,6.313670848154445,32.59410125444633
1511,31.5,27.625999450683594,86.0,0.0,19.6,5.8,28.533412726569193,40.06002381797076
1512,32.7,27.625999450683594,86.0,0.0,20.2,6.1,15.786389151973847,37.43591674559216
1513,35.3,27.625999450683594,86.0,0.0,20.8,6.1,13.504763339708433,39.35142900191253
1514,20.1,27.625999450683594,86.0,0.0,20.1,6.1,8.826536677327343,22.747961003198206
1515,29.2,27.625999450683594,86.0,0.0,20.5,5.8,11.643313320306941,32.692993996092085
1516,19.4,27.625999450683594,86.0,0.0,20.8,5.8,8.907020301301465,22.072106090390438
1517,33.9,27.625999450683594,86.0,0.0,19.4,5.5,22.219898783105936,40.565969634931776
1518,36.0,27.625999450683594,86.0,0.0,20.2,6.1,5.020007195096366,37.50600215852891
1519,39.6,27.625999450683594,86.0,0.0,19.4,6.3,12.292747334710148,43.28782420041305
1520,26.4,27.625999450683594,86.0,0.0,20.8,6.4,7.820726128727202,28.746217838618158
1521,28.4,27.625999450683594,86.0,0.0,20.4,6.0,7.127626341129984,30.538287902338993
1522,20.2,27.625999450683594,86.0,0.0,19.0,5.8,6.025407022002817,22.007622106600845
1523,31.3,27.625999450683594,86.0,0.0,20.8,5.9,7.908153131818597,33.67244593954558
1524,15.2,27.625999450683594,86.0,0.0,19.8,5.8,8.08839139584668,17.626517418754002
1525,36.3,27.625999450683594,86.0,0.0,20.8,5.6,18.54311456395466,41.8629343691864
1526,22.2,27.625999450683594,86.0,0.0,19.1,6.5,6.135792893507853,24.040737868052354
1527,35.6,27.625999450683594,86.0,0.0,19.5,6.3,17.194785315500205,40.75843559465007
1528,27.9,27.625999450683594,86.0,0.0,20.1,6.0,13.489218894741285,31.946765668422383
1529,21.0,27.625999450683594,86.0,0.0,20.0,6.0,13.247256530276697,24.97417695908301
1530,23.4,27.625999450683594,86.0,0.0,20.2,5.8,13.544350190076926,27.463305057023078
1531,29.8,27.625999450683594,86.0,0.0,19.4,5.7,16.800579418487146,34.840173825546145
1532,19.3,27.625999450683594,86.0,0.0,20.9,6.3,9.226558450874055,22.067967535262216
1533,18.8,27.625999450683594,86.0,0.0,19.6,6.4,29.270809756200133,27.581242926860043
1534,35.4,27.625999450683594,86.0,0.0,20.1,5.7,11.446954320135873,38.83408629604076
1535,25.1,27.625999450683594,86.0,0.0,19.7,5.7,14.153783595408264,29.34613507862248
1536,24.1,27.625999450683594,86.0,0.0,20.0,6.0,29.972294968390703,33.091688490517214
1537,30.1,27.625999450683594,86.0,0.0,19.1,6.1,24.199779599032084,37.35993387970963
1538,35.0,27.625999450683594,86.0,0.0,19.1,5.8,28.74289875741965,43.622869627225896
1539,19.6,27.625999450683594,86.0,0.0,19.7,6.1,6.268226751090005,21.480468025327003
1540,32.6,27.625999450683594,86.0,0.0,20.3,6.3,26.5600174714614,40.56800524143842
1541,22.9,27.625999450683594,86.0,0.0,19.1,6.0,5.803119298248989,24.640935789474696
1542,31.1,27.625999450683594,86.0,0.0,20.6,6.2,27.646602262205615,39.393980678661684
1543,19.8,27.625999450683594,86.0,0.0,20.2,5.8,26.13960520991574,27.641881562974724
1544,37.0,27.625999450683594,86.0,0.0,19.2,6.1,8.842241739566465,39.65267252186994
1545,35.5,27.625999450683594,86.0,0.0,19.4,5.8,7.716169873613417,37.81485096208402
1546,18.4,27.625999450683594,86.0,0.0,20.8,6.1,11.45579843964524,21.83673953189357
1547,39.9,27.625999450683594,86.0,0.0,19.0,6.4,14.124497587921871,44.13734927637656
1548,31.0,27.625999450683594,86.0,0.0,19.7,5.8,10.190999109868674,34.0572997329606
1549,37.1,27.625999450683594,86.0,0.0,19.1,5.8,16.710765675710174,42.113229702713056
1550,36.7,27.625999450683594,86.0,0.0,19.9,6.3,13.115463197987294,40.63463895939619
1551,20.2,27.625999450683594,86.0,0.0,19.0,5.7,8.652424287714013,22.795727286314204
1552,19.8,27.625999450683594,86.0,0.0,19.7,5.7,15.578754059031084,24.473626217709324
1553,39.9,27.625999450683594,86.0,0.0,19.6,5.5,16.726054058161147,44.91781621744834
1554,27.5,27.625999450683594,86.0,0.0,20.8,5.8,16.402697979493716,32.42080939384812
1555,26.4,27.625999450683594,86.0,0.0,20.9,5.7,8.554759117638739,28.96642773529162
1556,32.2,27.625999450683594,86.0,0.0,20.3,6.5,12.421492365477608,35.926447709643284
1557,39.4,27.625999450683594,86.0,0.0,20.0,6.5,26.494979588280287,47.348493876484085
1558,16.5,27.625999450683594,86.0,0.0,20.6,5.7,5.561757041412042,18.16852711242361
1559,25.9,27.625999450683594,86.0,0.0,19.1,5.9,17.01011309291427,31.00303392787428
1560,26.3,27.47599983215332,87.0,0.0,19.3,6.3,13.538055339767753,30.361416601930326
1561,30.0,27.47599983215332,87.0,0.0,19.3,5.6,22.314080525879135,36.69422415776374
1562,38.6,27.47599983215332,87.0,0.0,20.3,5.8,24.96317085266051,46.08895125579815
1563,22.1,27.47599983215332,87.0,0.0,19.2,6.0,11.855595491214661,25.6566786473644
1564,39.4,27.47599983215332,87.0,0.0,20.5,5.6,8.21883713832685,41.865651141498056
1565,28.3,27.47599983215332,87.0,0.0,19.1,5.6,6.665274224960866,30.299582267488262
1566,17.1,27.47599983215332,87.0,0.0,20.6,6.4,15.309408624396587,21.69282258731898
1567,19.8,27.47599983215332,87.0,0.0,19.9,6.3,22.385660725147904,26.515698217544372
1568,18.2,27.47599983215332,87.0,0.0,19.4,5.5,24.52387455149454,25.557162365448363
1569,38.4,27.47599983215332,87.0,0.0,20.7,6.3,18.438430118200085,43.931529035460024
1570,26.1,27.47599983215332,87.0,0.0,19.0,6.4,9.29950199982049,28.889850599946147
1571,29.4,27.47599983215332,87.0,0.0,20.0,5.7,13.760345840091516,33.528103752027455
1572,36.6,27.47599983215332,87.0,0.0,20.1,6.0,18.799272167641952,42.239781650292585
1573,24.3,27.47599983215332,87.0,0.0,20.7,6.4,25.189515404012063,31.85685462120362
1574,21.8,27.47599983215332,87.0,0.0,19.7,6.0,28.234740531965457,30.270422159589636
1575,32.2,27.47599983215332,87.0,0.0,20.2,5.5,6.570440034085907,34.171132010225776
1576,16.0,27.47599983215332,87.0,0.0,20.9,6.0,13.690570902518022,20.10717127075541
1577,22.1,27.47599983215332,87.0,0.0,19.1,5.7,18.50744658350863,27.65223397505259
1578,15.1,27.47599983215332,87.0,0.0,19.5,5.9,25.382807902807087,22.714842370842128
1579,30.2,27.47599983215332,87.0,0.0,19.8,5.8,16.236603382627283,35.07098101478818
1580,28.1,27.47599983215332,87.0,0.0,19.5,5.5,26.039420354157798,35.91182610624734
1581,36.6,27.47599983215332,87.0,0.0,19.0,5.5,18.148792826165163,42.04463784784955
1582,38.7,27.47599983215332,87.0,0.0,20.4,5.8,26.834862552541043,46.75045876576232
1583,27.7,27.47599983215332,87.0,0.0,20.3,6.2,28.252716956030365,36.17581508680911
1584,25.9,27.47599983215332,87.0,0.0,20.5,5.8,10.15306367623036,28.945919102869105
1585,26.0,27.47599983215332,87.0,0.0,19.6,6.0,21.540781292320023,32.46223438769601
1586,23.9,27.47599983215332,87.0,0.0,19.6,5.5,23.312087317043357,30.893626195113004
1587,31.9,27.47599983215332,87.0,0.0,19.6,6.4,5.289191179479359,33.48675735384381
1588,24.0,27.47599983215332,87.0,0.0,20.1,6.1,26.878056283515967,32.06341688505479
1589,38.8,27.47599983215332,87.0,0.0,20.4,6.0,16.88669869900965,43.86600960970289
1590,39.0,27.47599983215332,87.0,0.0,19.2,6.4,21.355606960669085,45.406682088200725
1591,36.2,27.47599983215332,87.0,0.0,21.0,5.6,29.182316753423297,44.95469502602699
1592,28.6,27.47599983215332,87.0,0.0,20.2,6.2,17.686983105748364,33.90609493172451
1593,35.4,27.47599983215332,87.0,0.0,20.6,6.0,8.925950438304602,38.07778513149138
1594,16.7,27.47599983215332,87.0,0.0,20.0,5.7,8.576322520272953,19.272896756081884
1595,16.5,27.47599983215332,87.0,0.0,19.1,5.8,6.537669135863293,18.461300740758986
1596,38.8,27.47599983215332,87.0,0.0,20.7,6.0,28.117811699109588,47.23534350973287
1597,25.7,27.47599983215332,87.0,0.0,20.1,5.9,28.049017260603225,34.11470517818097
1598,21.0,27.47599983215332,87.0,0.0,20.5,6.0,6.867313407771478,23.060194022331444
1599,15.2,27.47599983215332,87.0,0.0,20.7,6.4,11.715175617570251,18.714552685271073
1600,16.3,27.47599983215332,87.0,0.0,20.4,5.7,24.0151505995777,23.50454517987331
1601,31.9,27.47599983215332,87.0,0.0,19.7,6.4,11.397336343715647,35.31920090311469
1602,39.6,27.47599983215332,87.0,0.0,19.4,6.3,11.005634298867449,42.90169028966024
1603,33.5,27.47599983215332,87.0,0.0,19.0,6.5,16.10951363307573,38.33285408992272
1604,36.9,27.47599983215332,87.0,0.0,19.3,5.8,27.36406650388388,45.10921995116516
1605,20.1,27.47599983215332,87.0,0.0,19.1,5.7,9.19952700950158,22.859858102850474
1606,33.5,27.47599983215332,87.0,0.0,20.1,5.6,14.481998062914615,37.84459941887438
1607,35.5,27.47599983215332,87.0,0.0,19.6,6.1,9.104804900612871,38.23144147018386
1608,35.7,27.47599983215332,87.0,0.0,20.7,6.0,5.9621703361379685,37.488651100841395
1609,26.1,27.47599983215332,87.0,0.0,20.0,5.7,8.472862781827535,28.641858834548263
1610,35.3,27.47599983215332,87.0,0.0,21.0,6.4,5.516392882207767,36.95491786466233
1611,16.0,27.47599983215332,87.0,0.0,19.5,5.9,19.28001709630218,21.784005128890655
1612,28.5,27.47599983215332,87.0,0.0,19.3,6.2,14.060327851628971,32.71809835548869
1613,26.2,27.47599983215332,87.0,0.0,19.2,5.9,18.03799472584133,31.611398417752397
1614,33.1,27.47599983215332,87.0,0.0,21.0,6.0,17.101094366493705,38.23032830994811
1615,27.7,27.47599983215332,87.0,0.0,19.2,6.3,5.554429100587678,29.366328730176303
1616,32.3,27.47599983215332,87.0,0.0,20.1,5.7,16.426488030232903,37.227946409069865
1617,18.8,27.47599983215332,87.0,0.0,20.4,6.3,17.50338858892725,24.051016576678176
1618,16.9,27.47599983215332,87.0,0.0,19.5,6.1,29.861526434294326,25.858457930288296
1619,19.7,27.47599983215332,87.0,0.0,20.6,5.9,16.46351400203504,24.63905420061051
1620,24.3,27.325998306274418,89.0,0.0,19.6,6.2,26.129430123411204,32.13882903702336
1621,35.6,27.325998306274418,89.0,0.0,20.6,5.7,21.512820588501807,42.05384617655054
1622,24.3,27.325998306274418,89.0,0.0,20.0,6.4,21.799109574746705,30.839732872424012
1623,31.1,27.325998306274418,89.0,0.0,21.0,6.3,21.709356538947702,37.61280696168431
1624,31.5,27.325998306274418,89.0,0.0,20.0,5.8,28.514529792714345,40.0543589378143
1625,31.1,27.325998306274418,89.0,0.0,19.9,6.4,24.4470258521826,38.43410775565478
1626,35.8,27.325998306274418,89.0,0.0,19.2,6.1,20.311658770484122,41.89349763114524
1627,16.9,27.325998306274418,89.0,0.0,19.5,6.4,19.34994398422033,22.7049831952661
1628,15.4,27.325998306274418,89.0,0.0,19.1,5.8,13.422810287364523,19.426843086209356
1629,37.2,27.325998306274418,89.0,0.0,20.5,5.8,15.157484178781818,41.747245253634546
1630,20.5,27.325998306274418,89.0,0.0,19.1,6.3,24.72524917295417,27.91757475188625
1631,20.2,27.325998306274418,89.0,0.0,21.0,5.9,8.797754619837512,22.839326385951253
1632,15.5,27.325998306274418,89.0,0.0,20.2,6.3,12.958840009788867,19.38765200293666
1633,23.6,27.325998306274418,89.0,0.0,19.2,5.6,28.94726378348786,32.28417913504636
1634,35.7,27.325998306274418,89.0,0.0,19.9,6.3,13.29590398248291,39.688771194744874
1635,24.5,27.325998306274418,89.0,0.0,20.9,6.1,22.961669837973876,31.388500951392164
1636,17.8,27.325998306274418,89.0,0.0,20.8,5.8,26.876227032663596,25.86286810979908
1637,22.5,27.325998306274418,89.0,0.0,20.0,5.8,24.662292632823362,29.89868778984701
1638,15.4,27.325998306274418,89.0,0.0,20.2,6.4,5.210992789436121,16.963297836830836
1639,30.5,27.325998306274418,89.0,0.0,20.9,5.6,16.364937062252864,35.409481118675856
1640,24.3,27.325998306274418,89.0,0.0,20.4,5.8,13.122408266794945,28.236722480038484
1641,35.3,27.325998306274418,89.0,0.0,19.4,6.2,12.972979030721635,39.19189370921649
1642,39.6,27.325998306274418,89.0,0.0,19.9,6.3,7.12726132124472,41.738178396373414
1643,27.3,27.325998306274418,89.0,0.0,19.1,5.7,14.062894853196344,31.518868455958902
1644,23.6,27.325998306274418,89.0,0.0,21.0,6.5,8.37261292155843,26.11178387646753
1645,16.7,27.325998306274418,89.0,0.0,19.4,6.2,15.83904709152804,21.45171412745841
1646,33.4,27.325998306274418,89.0,0.0,19.7,6.5,19.241386988933005,39.172416096679896
1647,24.3,27.325998306274418,89.0,0.0,20.8,5.7,26.85672045372396,32.35701613611719
1648,31.4,27.325998306274418,89.0,0.0,19.3,5.7,22.79146535571052,38.23743960671315
1649,37.0,27.325998306274418,89.0,0.0,19.1,5.8,9.95606939630792,39.986820818892376
1650,27.3,27.325998306274418,89.0,0.0,20.9,5.9,6.6034986305765475,29.281049589172966
1651,19.7,27.325998306274418,89.0,0.0,20.1,6.1,21.568101907462374,26.17043057223871
1652,34.2,27.325998306274418,89.0,0.0,20.2,5.5,18.393514754051523,39.71805442621546
1653,32.9,27.325998306274418,89.0,0.0,19.2,5.7,22.146406012494378,39.54392180374831
1654,19.3,27.325998306274418,89.0,0.0,20.5,5.9,16.516283109972555,24.254884932991768
1655,26.0,27.325998306274418,89.0,0.0,20.9,6.0,19.05880829338837,31.717642488016512
1656,33.5,27.325998306274418,89.0,0.0,20.7,5.8,22.803537214862295,40.34106116445869
1657,38.3,27.325998306274418,89.0,0.0,19.6,6.2,22.475029266632433,45.042508779989724
1658,20.0,27.325998306274418,89.0,0.0,19.6,6.4,28.105015752847432,28.43150472585423
1659,30.2,27.325998306274418,89.0,0.0,19.9,6.3,9.124213027952703,32.93726390838581
1660,35.8,27.325998306274418,89.0,0.0,19.5,6.2,8.764617073630086,38.42938512208902
1661,16.3,27.325998306274418,89.0,0.0,20.4,6.1,13.756048249002744,20.426814474700823
1662,26.3,27.325998306274418,89.0,0.0,19.6,5.8,20.35764220762148,32.407292662286444
1663,31.2,27.325998306274418,89.0,0.0,19.9,6.2,14.887063085916035,35.66611892577481
1664,37.6,27.325998306274418,89.0,0.0,19.7,6.2,20.10716535301915,43.632149605905745
1665,15.8,27.325998306274418,89.0,0.0,19.8,5.5,8.271646208962768,18.28149386268883
1666,20.2,27.325998306274418,89.0,0.0,20.3,5.7,18.63810630502595,25.791431891507784
1667,15.8,27.325998306274418,89.0,0.0,19.3,5.8,21.300489858289975,22.190146957486995
1668,22.9,27.325998306274418,89.0,0.0,19.7,6.5,13.911716385851069,27.073514915755318
1669,38.7,27.325998306274418,89.0,0.0,20.3,6.4,20.38778771744189,44.81633631523257
1670,39.1,27.325998306274418,89.0,0.0,20.6,6.1,17.607973573593227,44.38239207207797
1671,20.1,27.325998306274418,89.0,0.0,20.7,6.2,28.956972912639014,28.787091873791706
1672,22.2,27.325998306274418,89.0,0.0,20.3,5.5,26.4170432808828,30.125112984264838
1673,22.8,27.325998306274418,89.0,0.0,20.6,5.6,27.187525017162077,30.956257505148624
1674,23.1,27.325998306274418,89.0,0.0,20.6,6.1,8.045909533276037,25.51377285998281
1675,19.0,27.325998306274418,89.0,0.0,20.7,5.8,16.662582458846476,23.998774737653942
1676,16.3,27.325998306274418,89.0,0.0,20.1,5.5,13.749330017826647,20.424799005347996
1677,25.9,27.325998306274418,89.0,0.0,20.5,5.9,11.83844144034613,29.45153243210384
1678,39.2,27.325998306274418,89.0,0.0,20.3,6.4,11.938712235394181,42.781613670618256
1679,31.0,27.325998306274418,89.0,0.0,21.0,6.4,5.304328804024068,32.59129864120722
1680,27.5,27.17599868774414,90.0,0.0,20.6,6.1,24.799928650117696,34.939978595035306
1681,20.2,27.17599868774414,90.0,0.0,20.8,6.1,19.160716686592526,25.948215005977758
1682,36.9,27.17599868774414,90.0,0.0,20.7,6.0,22.113972417619333,43.5341917252858
1683,32.2,27.17599868774414,90.0,0.0,19.5,6.2,12.883212573711248,36.06496377211338
1684,34.6,27.17599868774414,90.0,0.0,20.8,6.2,28.719412054157598,43.21582361624728
1685,30.0,27.17599868774414,90.0,0.0,19.6,6.0,11.577343317095703,33.47320299512871
1686,26.6,27.17599868774414,90.0,0.0,20.6,6.4,8.396531683441651,29.118959505032496
1687,27.7,27.17599868774414,90.0,0.0,19.9,5.7,9.334975513445102,30.50049265403353
1688,37.9,27.17599868774414,90.0,0.0,19.2,5.7,7.346468326798323,40.10394049803949
1689,21.8,27.17599868774414,90.0,0.0,19.3,5.7,21.462531192072237,28.23875935762167
1690,27.7,27.17599868774414,90.0,0.0,20.5,6.3,20.106051054801405,33.73181531644042
1691,24.2,27.17599868774414,90.0,0.0,19.2,6.1,15.674716105399035,28.90241483161971
1692,35.0,27.17599868774414,90.0,0.0,19.6,5.7,14.495737365139972,39.34872120954199
1693,33.4,27.17599868774414,90.0,0.0,19.8,5.8,21.244889573614792,39.773466872084434
1694,28.8,27.17599868774414,90.0,0.0,19.3,5.9,29.79627655269079,37.738882965807235
1695,28.4,27.17599868774414,90.0,0.0,19.3,6.5,22.53250690326918,35.15975207098075
1696,27.5,27.17599868774414,90.0,0.0,19.3,6.0,5.7959969109262275,29.238799073277868
1697,39.0,27.17599868774414,90.0,0.0,20.6,6.5,29.744742888021847,47.923422866406554
1698,40.0,27.17599868774414,90.0,0.0,19.5,6.0,27.11037750272687,48.13311325081806
1699,20.1,27.17599868774414,90.0,0.0,20.6,6.4,6.189627507034769,21.95688825211043
1700,27.5,27.17599868774414,90.0,0.0,20.3,5.5,29.16452799673389,36.24935839902017
1701,28.7,27.17599868774414,90.0,0.0,20.5,6.4,11.87150638208781,32.26145191462634
1702,33.0,27.17599868774414,90.0,0.0,19.1,5.8,19.75493523717824,38.92648057115347
1703,27.1,27.17599868774414,90.0,0.0,19.3,6.4,18.61124646670027,32.683373940010085
1704,16.5,27.17599868774414,90.0,0.0,20.2,6.4,25.14544674207577,24.04363402262273
1705,26.5,27.17599868774414,90.0,0.0,19.4,5.6,11.933889043840816,30.080166713152245
1706,20.6,27.17599868774414,90.0,0.0,20.7,6.0,26.605675355355523,28.581702606606658
1707,35.4,27.17599868774414,90.0,0.0,19.9,5.9,6.358684618083631,37.307605385425084
1708,25.3,27.17599868774414,90.0,0.0,19.1,5.6,26.952234155990404,33.38567024679712
1709,29.6,27.17599868774414,90.0,0.0,20.2,6.0,12.106181478397952,33.23185444351939
1710,15.1,27.17599868774414,90.0,0.0,20.1,5.7,26.09608926463269,22.928826779389805
1711,23.6,27.17599868774414,90.0,0.0,19.8,5.5,13.431352499614986,27.629405749884498
1712,28.8,27.17599868774414,90.0,0.0,20.4,6.0,25.283260667590245,36.384978200277075
1713,26.9,27.17599868774414,90.0,0.0,20.5,5.9,27.6504155298968,35.195124658969036
1714,32.9,27.17599868774414,90.0,0.0,19.6,6.0,9.115759756805716,35.634727927041716
1715,16.4,27.17599868774414,90.0,0.0,19.8,6.3,12.005490978164193,20.001647293449256
1716,21.1,27.17599868774414,90.0,0.0,20.2,5.9,12.694598913409612,24.908379674022886
1717,22.3,27.17599868774414,90.0,0.0,19.6,6.1,21.249597763738834,28.67487932912165
1718,30.2,27.17599868774414,90.0,0.0,20.8,6.1,20.67667646437721,36.40300293931316
1719,24.4,27.17599868774414,90.0,0.0,20.0,6.4,15.046547016454191,28.913964104936255
1720,23.0,27.17599868774414,90.0,0.0,19.4,5.7,25.064400395116678,30.519320118535003
1721,20.5,27.17599868774414,90.0,0.0,20.2,6.4,19.4085645280494,26.32256935841482
1722,26.0,27.17599868774414,90.0,0.0,20.9,6.4,25.611965218455317,33.68358956553659
1723,35.9,27.17599868774414,90.0,0.0,20.8,6.5,17.49033520371785,41.14710056111535
1724,22.9,27.17599868774414,90.0,0.0,19.6,5.5,22.66178413739746,29.698535241219236
1725,19.9,27.17599868774414,90.0,0.0,20.4,6.2,13.060203141268218,23.818060942380463
1726,25.8,27.17599868774414,90.0,0.0,19.6,6.2,8.43108111536757,28.32932433461027
1727,35.9,27.17599868774414,90.0,0.0,19.6,5.7,15.207242249226312,40.46217267476789
1728,23.4,27.17599868774414,90.0,0.0,19.2,6.0,19.18429468714214,29.15528840614264
1729,33.3,27.17599868774414,90.0,0.0,19.5,5.9,26.19713430749747,41.15914029224924
1730,37.0,27.17599868774414,90.0,0.0,19.5,5.6,29.413924851961735,45.82417745558852
1731,22.6,27.17599868774414,90.0,0.0,19.5,6.0,10.379331166572523,25.713799349971758
1732,29.0,27.17599868774414,90.0,0.0,19.8,5.5,5.126072346738937,30.53782170402168
1733,23.1,27.17599868774414,90.0,0.0,20.2,6.0,12.629490908691732,26.88884727260752
1734,26.9,27.17599868774414,90.0,0.0,19.3,6.1,12.357169248860714,30.607150774658212
1735,28.5,27.17599868774414,90.0,0.0,19.7,5.7,28.049321904088497,36.914796571226546
1736,24.6,27.17599868774414,90.0,0.0,20.5,5.8,24.204862189886107,31.861458656965834
1737,24.3,27.17599868774414,90.0,0.0,20.0,6.2,6.797330205005948,26.339199061501784
1738,21.9,27.17599868774414,90.0,0.0,20.7,6.4,27.11054615086768,30.033163845260304
1739,17.9,27.17599868774414,90.0,0.0,19.4,5.7,13.314235366250546,21.894270609875164
1740,15.7,27.025999069213867,90.0,0.0,19.6,5.6,6.978432193379992,17.793529658013995
1741,15.8,27.025999069213867,90.0,0.0,19.8,6.2,22.551187675029364,22.56535630250881
1742,37.3,27.025999069213867,90.0,0.0,19.2,6.4,18.673510061574213,42.90205301847226
1743,23.6,27.025999069213867,90.0,0.0,20.9,5.8,5.261507841568561,25.17845235247057
1744,37.2,27.025999069213867,90.0,0.0,19.5,5.9,19.07218005500846,42.92165401650254
1745,32.0,27.025999069213867,90.0,0.0,20.2,6.3,14.36377168506726,36.30913150552018
1746,36.6,27.025999069213867,90.0,0.0,20.1,5.5,5.489153085356925,38.24674592560708
1747,34.9,27.025999069213867,90.0,0.0,19.2,5.7,29.8193278579702,43.84579835739106
1748,15.3,27.025999069213867,90.0,0.0,20.6,6.3,7.064253553641429,17.41927606609243
1749,26.7,27.025999069213867,90.0,0.0,20.1,5.5,28.01839739882744,35.10551921964823
1750,18.4,27.025999069213867,90.0,0.0,20.3,5.8,9.689582995363647,21.30687489860909
1751,34.9,27.025999069213867,90.0,0.0,19.6,5.9,16.562718686362018,39.8688156059086
1752,21.2,27.025999069213867,90.0,0.0,20.5,6.4,22.952919688990445,28.085875906697133
1753,21.7,27.025999069213867,90.0,0.0,20.7,5.9,14.421618919540723,26.026485675862215
1754,17.1,27.025999069213867,90.0,0.0,20.1,5.6,17.59322982084627,22.37796894625388
1755,19.2,27.025999069213867,90.0,0.0,20.3,6.2,24.732771485241184,26.619831445572352
1756,22.8,27.025999069213867,90.0,0.0,19.3,6.4,25.209781737393616,30.362934521218087
1757,39.6,27.025999069213867,90.0,0.0,19.5,6.4,23.844080150935614,46.75322404528069
1758,39.7,27.025999069213867,90.0,0.0,19.4,5.5,28.11293796162356,48.13388138848707
1759,29.9,27.025999069213867,90.0,0.0,20.8,6.2,9.287706923675444,32.686312077102635
1760,18.8,27.025999069213867,90.0,0.0,19.4,6.4,14.268136731855009,23.080441019556503
1761,30.6,27.025999069213867,90.0,0.0,19.1,5.7,8.631027605635614,33.189308281690685
1762,24.5,27.025999069213867,90.0,0.0,19.9,5.8,25.49658169679089,32.14897450903727
1763,29.4,27.025999069213867,90.0,0.0,20.4,5.7,6.021985152799609,31.206595545839882
1764,26.2,27.025999069213867,90.0,0.0,20.8,6.0,17.84227216593922,31.552681649781764
1765,26.5,27.025999069213867,90.0,0.0,19.1,5.6,15.83069988281347,31.24920996484404
1766,18.2,27.025999069213867,90.0,0.0,20.7,6.4,23.23717545248044,25.171152635744132
1767,19.5,27.025999069213867,90.0,0.0,20.5,6.3,16.011279583767198,24.30338387513016
1768,24.2,27.025999069213867,90.0,0.0,19.6,6.4,19.43759840415804,30.031279521247413
1769,30.3,27.025999069213867,90.0,0.0,19.2,5.5,17.15246436835968,35.4457393105079
1770,22.3,27.025999069213867,90.0,0.0,19.8,5.7,8.51430612936313,24.85429183880894
1771,38.4,27.025999069213867,90.0,0.0,20.1,5.9,15.499134080065243,43.04974022401957
1772,19.5,27.025999069213867,90.0,0.0,19.5,6.4,24.298204548136304,26.78946136444089
1773,15.3,27.025999069213867,90.0,0.0,20.4,5.8,21.57494438332436,21.77248331499731
1774,30.6,27.025999069213867,90.0,0.0,20.8,5.7,11.58950911074635,34.07685273322391
1775,39.9,27.025999069213867,90.0,0.0,19.3,6.2,18.918653217912883,45.575595965373864
1776,30.6,27.025999069213867,90.0,0.0,20.5,6.4,13.51799860592636,34.65539958177791
1777,19.8,27.025999069213867,90.0,0.0,19.6,6.4,27.20745427441009,27.962236282323026
1778,16.1,27.025999069213867,90.0,0.0,21.0,5.7,22.272325156850535,22.78169754705516
1779,19.2,27.025999069213867,90.0,0.0,19.5,6.4,28.00397384509471,27.601192153528412
1780,15.3,27.025999069213867,90.0,0.0,19.2,6.4,11.171374640565581,18.651412392169675
1781,25.0,27.025999069213867,90.0,0.0,19.2,6.0,24.571706316664038,32.37151189499921
1782,23.7,27.025999069213867,90.0,0.0,19.2,5.9,5.365971348248861,25.30979140447466
1783,31.6,27.025999069213867,90.0,0.0,20.4,5.6,27.59007480884572,39.87702244265372
1784,15.8,27.025999069213867,90.0,0.0,19.1,6.3,21.48700610131043,22.24610183039313
1785,22.7,27.025999069213867,90.0,0.0,19.3,5.5,12.059930161945418,26.317979048583624
1786,23.7,27.025999069213867,90.0,0.0,20.5,5.9,14.456144253401838,28.03684327602055
1787,28.0,27.025999069213867,90.0,0.0,20.6,6.1,20.18801584949623,34.05640475484887
1788,23.6,27.025999069213867,90.0,0.0,20.6,5.9,17.001523671595187,28.700457101478555
1789,28.6,27.025999069213867,90.0,0.0,20.2,6.0,26.149989975923756,36.44499699277713
1790,39.7,27.025999069213867,90.0,0.0,19.0,5.7,20.675424718594943,45.902627415578486
1791,22.2,27.025999069213867,90.0,0.0,19.8,6.4,21.956206099580058,28.786861829874017
1792,33.5,27.025999069213867,90.0,0.0,19.4,6.1,28.909806198077746,42.172941859423325
1793,15.9,27.025999069213867,90.0,0.0,20.0,6.5,15.885478289897515,20.665643486969255
1794,22.2,27.025999069213867,90.0,0.0,20.7,6.2,28.70860385884284,30.81258115765285
1795,31.5,27.025999069213867,90.0,0.0,20.0,6.2,24.49210020407311,38.847630061221935
1796,36.4,27.025999069213867,90.0,0.0,19.8,6.0,16.47256064168628,41.34176819250588
1797,25.9,27.025999069213867,90.0,0.0,19.4,6.1,24.117291995320386,33.13518759859611
1798,15.1,27.025999069213867,90.0,0.0,19.5,6.3,24.281522029066938,22.38445660872008
1799,24.4,27.025999069213867,90.0,0.0,19.1,5.5,13.816460654946901,28.54493819648407
1800,36.4,26.92599868774414,91.0,0.0,20.9,5.8,10.879962851843771,39.66398885555313
1801,33.1,26.92599868774414,91.0,0.0,20.1,5.7,7.4662751343059615,35.33988254029179
1802,19.2,26.92599868774414,91.0,0.0,20.4,6.4,23.71791183483999,26.315373550451998
1803,30.3,26.92599868774414,91.0,0.0,19.4,6.0,13.959437916695084,34.487831375008525
1804,36.7,26.92599868774414,91.0,0.0,21.0,5.5,14.446520612732803,41.033956183819846
1805,21.6,26.92599868774414,91.0,0.0,19.9,6.0,17.016271346087315,26.704881403826196
1806,29.3,26.92599868774414,91.0,0.0,20.6,5.8,29.67619903646703,38.20285971094011
1807,16.6,26.92599868774414,91.0,0.0,20.2,5.7,25.616888105984117,24.285066431795236
1808,24.9,26.92599868774414,91.0,0.0,20.1,6.3,8.000543129605301,27.300162938881588
1809,30.5,26.92599868774414,91.0,0.0,20.3,6.4,19.24909626444257,36.27472887933277
1810,17.3,26.92599868774414,91.0,0.0,21.0,5.5,23.686093154328493,24.405827946298547
1811,34.6,26.92599868774414,91.0,0.0,20.6,5.6,20.40146155632865,40.7204384668986
1812,18.0,26.92599868774414,91.0,0.0,19.4,5.9,16.63056209300335,22.989168627901005
1813,21.2,26.92599868774414,91.0,0.0,20.4,5.7,23.267282457224823,28.180184737167444
1814,37.0,26.92599868774414,91.0,0.0,19.6,5.9,23.21736454358192,43.96520936307458
1815,28.3,26.92599868774414,91.0,0.0,19.7,6.4,28.93066341141535,36.979199023424606
1816,39.8,26.92599868774414,91.0,0.0,20.7,6.4,18.649534179827583,45.39486025394827
1817,15.6,26.92599868774414,91.0,0.0,19.2,5.7,6.9920597033400185,17.697617911002006
1818,31.6,26.92599868774414,91.0,0.0,20.9,5.8,7.037594335148854,33.711278300544656
1819,17.4,26.92599868774414,91.0,0.0,19.2,5.9,8.427285546189989,19.928185663856993
1820,19.8,26.92599868774414,91.0,0.0,20.7,5.8,13.57521236161776,23.87256370848533
1821,18.8,26.92599868774414,91.0,0.0,20.9,6.4,22.265646038254825,25.479693811476448
1822,16.5,26.92599868774414,91.0,0.0,19.2,5.7,8.019380997513707,18.90581429925411
1823,39.6,26.92599868774414,91.0,0.0,19.5,5.9,29.13789448506016,48.34136834551805
1824,34.7,26.92599868774414,91.0,0.0,20.7,6.4,5.199357850222056,36.25980735506662
1825,35.1,26.92599868774414,91.0,0.0,20.4,6.0,5.496201861128068,36.74886055833842
1826,22.1,26.92599868774414,91.0,0.0,19.4,6.0,11.707691935251965,25.612307580575592
1827,24.8,26.92599868774414,91.0,0.0,20.5,5.8,20.900219019629755,31.07006570588893
1828,35.4,26.92599868774414,91.0,0.0,20.3,5.8,26.042075488330354,43.212622646499106
1829,28.2,26.92599868774414,91.0,0.0,19.8,5.9,16.140831974757475,33.04224959242724
1830,27.4,26.92599868774414,91.0,0.0,19.8,6.1,15.535910063096784,32.060773018929034
1831,38.3,26.92599868774414,91.0,0.0,20.4,6.3,22.217639812876445,44.96529194386293
1832,25.8,26.92599868774414,91.0,0.0,19.9,5.8,13.899345987552081,29.969803796265623
1833,17.6,26.92599868774414,91.0,0.0,19.5,6.5,10.953870943130276,20.886161282939085
1834,27.6,26.92599868774414,91.0,0.0,20.8,5.6,20.480049553760317,33.7440148661281
1835,32.0,26.92599868774414,91.0,0.0,20.7,6.0,12.331947830216311,35.69958434906489
1836,24.0,26.92599868774414,91.0,0.0,20.1,5.8,27.590556053041784,32.27716681591254
1837,22.6,26.92599868774414,91.0,0.0,19.2,6.2,14.89987049325023,27.06996114797507
1838,19.6,26.92599868774414,91.0,0.0,20.9,5.6,12.349475428050123,23.304842628415038
1839,16.0,26.92599868774414,91.0,0.0,19.0,5.5,14.197800283277813,20.259340084983343
1840,24.8,26.92599868774414,91.0,0.0,20.8,5.7,29.882305501739868,33.76469165052196
1841,16.2,26.92599868774414,91.0,0.0,20.3,6.0,6.656740599254228,18.19702217977627
1842,33.5,26.92599868774414,91.0,0.0,20.2,5.5,6.7321409791565685,35.51964229374697
1843,38.7,26.92599868774414,91.0,0.0,19.8,6.0,8.0080463252004,41.102413897560126
1844,36.6,26.92599868774414,91.0,0.0,19.5,5.9,9.086091007174815,39.32582730215245
1845,31.2,26.92599868774414,91.0,0.0,19.9,6.0,22.539346749467427,37.96180402484023
1846,38.1,26.92599868774414,91.0,0.0,19.4,6.2,21.531635113949115,44.55949053418473
1847,39.9,26.92599868774414,91.0,0.0,20.4,5.9,10.674838275965598,43.102451482789675
1848,18.6,26.92599868774414,91.0,0.0,20.4,6.0,11.438883697501392,22.03166510925042
1849,17.3,26.92599868774414,91.0,0.0,19.8,5.6,12.79923152258722,21.139769456776165
1850,29.0,26.92599868774414,91.0,0.0,19.4,5.9,6.883275381446811,31.064982614434044
1851,37.1,26.92599868774414,91.0,0.0,19.8,6.4,13.78530558763139,41.23559167628942
1852,23.0,26.92599868774414,91.0,0.0,19.2,6.3,16.307424447579066,27.89222733427372
1853,28.1,26.92599868774414,91.0,0.0,20.4,5.9,5.6335484783394545,29.79006454350184
1854,36.1,26.92599868774414,91.0,0.0,19.1,5.9,7.659982523956087,38.39799475718683
1855,26.7,26.92599868774414,91.0,0.0,20.8,5.8,18.59445124448701,32.2783353733461
1856,16.0,26.92599868774414,91.0,0.0,19.2,6.3,28.52134775903326,24.556404327709977
1857,30.4,26.92599868774414,91.0,0.0,20.1,5.6,9.435360643091077,33.23060819292732
1858,37.9,26.92599868774414,91.0,0.0,19.3,6.2,24.630807864802023,45.28924235944061
1859,39.0,26.92599868774414,91.0,0.0,19.6,5.6,24.71577112680098,46.4147313380403
1860,20.0,27.875999450683594,88.0,0.0,20.1,5.7,21.33957227374498,26.401871682123495
1861,38.4,27.875999450683594,88.0,0.0,20.9,6.3,24.38535314366704,45.71560594310011
1862,35.8,27.875999450683594,88.0,0.0,20.8,5.8,20.963154135686565,42.088946240705965
1863,23.4,27.875999450683594,88.0,0.0,20.2,5.9,16.585439179454212,28.375631753836263
1864,19.9,27.875999450683594,88.0,0.0,20.1,6.2,10.097528772467108,22.92925863174013
1865,31.7,27.875999450683594,88.0,0.0,20.6,6.0,19.90115011019342,37.67034503305803
1866,33.3,27.875999450683594,88.0,0.0,19.9,5.9,6.209348260201851,35.16280447806055
1867,24.5,27.875999450683594,88.0,0.0,20.5,5.5,11.15421918872336,27.846265756617008
1868,33.5,27.875999450683594,88.0,0.0,20.6,5.6,26.2399304465066,41.37197913395198
1869,25.1,27.875999450683594,88.0,0.0,19.8,6.3,23.733331994458336,32.2199995983375
1870,22.2,27.875999450683594,88.0,0.0,19.9,5.5,27.835111923104712,30.550533576931414
1871,34.9,27.875999450683594,88.0,0.0,20.5,6.0,26.74916531707556,42.92474959512266
1872,15.7,27.875999450683594,88.0,0.0,21.0,5.9,22.85521561658136,22.556564684974408
1873,23.7,27.875999450683594,88.0,0.0,20.6,6.3,25.14262581984918,31.242787745954754
1874,37.2,27.875999450683594,88.0,0.0,20.8,6.3,14.91588616590543,41.67476584977163
1875,37.9,27.875999450683594,88.0,0.0,19.9,5.9,19.55313478269378,43.76594043480813
1876,29.9,27.875999450683594,88.0,0.0,19.9,6.2,21.88953358267715,36.466860074803144
1877,17.4,27.875999450683594,88.0,0.0,19.4,5.8,22.569256057774556,24.170776817332367
1878,20.8,27.875999450683594,88.0,0.0,20.1,5.8,27.118299383148884,28.935489814944667
1879,18.1,27.875999450683594,88.0,0.0,19.1,5.9,22.864413605478564,24.959324081643572
1880,32.6,27.875999450683594,88.0,0.0,20.5,5.5,14.994432759757268,37.09832982792718
1881,33.9,27.875999450683594,88.0,0.0,20.1,5.9,22.295738841192012,40.588721652357606
1882,25.7,27.875999450683594,88.0,0.0,19.9,5.8,27.641471636579766,33.99244149097393
1883,28.2,27.875999450683594,88.0,0.0,20.7,6.1,27.988733913819896,36.59662017414597
1884,16.6,27.875999450683594,88.0,0.0,19.9,6.4,28.965522874492034,25.289656862347613
1885,23.3,27.875999450683594,88.0,0.0,20.2,5.9,26.556638306281368,31.26699149188441
1886,20.0,27.875999450683594,88.0,0.0,19.4,6.2,16.739950113225277,25.02198503396758
1887,27.4,27.875999450683594,88.0,0.0,20.9,5.8,27.385188849305983,35.615556654791796
1888,22.0,27.875999450683594,88.0,0.0,19.1,5.8,11.028547721336514,25.308564316400954
1889,26.7,27.875999450683594,88.0,0.0,19.1,6.2,13.558357691089949,30.767507307326984
1890,18.1,27.875999450683594,88.0,0.0,19.3,5.6,6.9744579416098915,20.192337382482968
1891,36.1,27.875999450683594,88.0,0.0,20.5,6.5,10.788324955825182,39.336497486747554
1892,25.5,27.875999450683594,88.0,0.0,20.5,6.2,28.18692173542124,33.95607652062637
1893,15.4,27.875999450683594,88.0,0.0,21.0,6.0,24.57034486584027,22.77110345975208
1894,29.1,27.875999450683594,88.0,0.0,19.7,5.7,28.810267871802747,37.74308036154083
1895,31.5,27.875999450683594,88.0,0.0,20.7,5.5,11.694477004609556,35.00834310138287
1896,34.0,27.875999450683594,88.0,0.0,19.9,5.9,20.50932943618986,40.15279883085696
1897,36.8,27.875999450683594,88.0,0.0,21.0,5.5,5.459356302828931,38.43780689084868
1898,39.9,27.875999450683594,88.0,0.0,20.5,6.3,18.705177451779697,45.51155323553391
1899,39.9,27.875999450683594,88.0,0.0,19.1,5.5,16.935017445842263,44.98050523375268
1900,33.7,27.875999450683594,88.0,0.0,19.0,6.4,28.283149150908436,42.18494474527253
1901,16.3,27.875999450683594,88.0,0.0,19.9,6.2,6.645307427072634,18.293592228121792
1902,35.9,27.875999450683594,88.0,0.0,19.9,6.3,18.182186185957363,41.35465585578721
1903,37.2,27.875999450683594,88.0,0.0,19.4,6.0,26.209840987814445,45.062952296344335
1904,20.1,27.875999450683594,88.0,0.0,19.2,5.9,11.404646235302813,23.521393870590845
1905,17.4,27.875999450683594,88.0,0.0,19.1,5.7,15.074558562407205,21.92236756872216
1906,30.4,27.875999450683594,88.0,0.0,19.1,6.2,8.395729694527258,32.91871890835817
1907,36.0,27.875999450683594,88.0,0.0,19.4,6.3,22.420251840352467,42.72607555210574
1908,31.5,27.875999450683594,88.0,0.0,19.3,5.8,14.077187127028694,35.72315613810861
1909,22.1,27.875999450683594,88.0,0.0,20.7,5.9,12.257681112005354,25.777304333601606
1910,20.5,27.875999450683594,88.0,0.0,19.1,6.1,8.854985386530306,23.15649561595909
1911,35.5,27.875999450683594,88.0,0.0,20.5,6.4,29.14154909759675,44.24246472927902
1912,34.9,27.875999450683594,88.0,0.0,20.0,5.5,22.065232629982,41.5195697889946
1913,30.3,27.875999450683594,88.0,0.0,20.0,5.6,28.15495957437281,38.746487872311846
1914,33.9,27.875999450683594,88.0,0.0,20.7,5.9,13.40271614907428,37.92081484472228
1915,15.7,27.875999450683594,88.0,0.0,19.6,6.1,18.468498839211826,21.240549651763548
1916,24.2,27.875999450683594,88.0,0.0,19.5,5.7,11.022230700765228,27.506669210229568
1917,38.7,27.875999450683594,88.0,0.0,20.4,5.6,5.0938607620981555,40.22815822862945
1918,19.0,27.875999450683594,88.0,0.0,19.4,6.1,26.313531347997863,26.894059404399357
1919,21.9,27.875999450683594,88.0,0.0,20.9,6.1,23.19722131108194,28.85916639332458
1920,23.3,29.275999069213867,79.0,0.0,19.9,6.4,29.7306871044058,32.21920613132174
1921,25.7,29.275999069213867,79.0,0.0,20.0,6.5,19.35015107975491,31.50504532392647
1922,28.7,29.275999069213867,79.0,0.0,20.7,6.0,11.950465562018193,32.28513966860546
1923,33.5,29.275999069213867,79.0,0.0,19.8,6.3,11.006580500212443,36.801974150063735
1924,22.8,29.275999069213867,79.0,0.0,20.4,6.2,11.878743801748353,26.363623140524506
1925,19.6,29.275999069213867,79.0,0.0,20.7,6.4,6.252386154325882,21.475715846297767
1926,22.6,29.275999069213867,79.0,0.0,19.4,6.4,10.386278418344803,25.715883525503443
1927,23.5,29.275999069213867,79.0,0.0,19.9,6.3,12.144863074031704,27.14345892220951
1928,32.4,29.275999069213867,79.0,0.0,20.0,5.6,29.98968371272195,41.39690511381659
1929,17.2,29.275999069213867,79.0,0.0,20.8,6.4,24.903403489448053,24.671021046834415
1930,29.5,29.275999069213867,79.0,0.0,21.0,6.3,22.93341845619211,36.38002553685763
1931,29.2,29.275999069213867,79.0,0.0,20.0,6.2,6.011984603216981,31.003595380965095
1932,31.6,29.275999069213867,79.0,0.0,20.2,5.7,24.055726878511166,38.81671806355335
1933,23.3,29.275999069213867,79.0,0.0,20.4,6.0,18.785857977289307,28.935757393186794
1934,29.7,29.275999069213867,79.0,0.0,19.8,6.0,10.58471770571319,32.87541531171396
1935,21.0,29.275999069213867,79.0,0.0,20.0,6.3,22.29572990426084,27.688718971278252
1936,34.9,29.275999069213867,79.0,0.0,20.3,5.6,24.12551156028438,42.13765346808531
1937,19.2,29.275999069213867,79.0,0.0,21.0,5.8,28.383828022128796,27.71514840663864
1938,15.1,29.275999069213867,79.0,0.0,19.8,6.4,26.51983907132601,23.055951721397804
1939,21.0,29.275999069213867,79.0,0.0,19.3,5.9,23.614579093358923,28.084373728007677
1940,23.4,29.275999069213867,79.0,0.0,20.4,6.4,22.238151588100184,30.071445476430053
1941,38.7,29.275999069213867,79.0,0.0,20.2,5.9,5.411782374633251,40.32353471238998
1942,32.3,29.275999069213867,79.0,0.0,19.6,5.9,7.131685242992476,34.43950557289774
1943,28.3,29.275999069213867,79.0,0.0,20.9,6.0,12.575081239141618,32.07252437174249
1944,18.6,29.275999069213867,79.0,0.0,19.7,5.6,26.298572497441608,26.489571749232482
1945,20.3,29.275999069213867,79.0,0.0,19.6,6.2,12.317870731577553,23.995361219473267
1946,34.4,29.275999069213867,79.0,0.0,20.5,6.2,16.084940367145563,39.225482110143666
1947,32.8,29.275999069213867,79.0,0.0,20.1,6.1,24.641185736387204,40.192355720916154
1948,23.2,29.275999069213867,79.0,0.0,19.9,5.6,27.106404581280202,31.33192137438406
1949,38.1,29.275999069213867,79.0,0.0,20.8,6.0,8.29962411329842,40.58988723398953
1950,30.1,29.275999069213867,79.0,0.0,20.8,6.1,14.327618857983385,34.398285657395014
1951,36.2,29.275999069213867,79.0,0.0,20.8,5.6,16.606146468715636,41.18184394061469
1952,16.9,29.275999069213867,79.0,0.0,19.2,5.5,10.302766107099766,19.99082983212993
1953,34.5,29.275999069213867,79.0,0.0,20.8,6.1,5.600614083169199,36.18018422495076
1954,28.8,29.275999069213867,79.0,0.0,19.2,6.5,15.729298066024139,33.51878941980724
1955,35.5,29.275999069213867,79.0,0.0,20.8,5.9,6.826379599947511,37.54791387998425
1956,33.6,29.275999069213867,79.0,0.0,20.5,6.2,26.232404560931723,41.469721368279515
1957,37.3,29.275999069213867,79.0,0.0,19.8,6.3,8.01615748673664,39.70484724602099
1958,37.7,29.275999069213867,79.0,0.0,19.9,6.0,13.129616108197983,41.6388848324594
1959,21.9,29.275999069213867,79.0,0.0,19.7,5.9,27.60499716372719,30.181499149118153
1960,36.8,29.275999069213867,79.0,0.0,19.3,5.7,28.670892351877843,45.40126770556335
1961,18.4,29.275999069213867,79.0,0.0,20.1,5.7,15.174861029659013,22.952458308897704
1962,34.2,29.275999069213867,79.0,0.0,19.2,6.2,14.494226225760013,38.54826786772801
1963,25.9,29.275999069213867,79.0,0.0,20.2,6.3,27.496591005614903,34.14897730168447
1964,27.0,29.275999069213867,79.0,0.0,19.5,6.4,8.38114548927062,29.514343646781185
1965,37.3,29.275999069213867,79.0,0.0,20.2,5.8,19.536776789507588,43.161033036852274
1966,20.3,29.275999069213867,79.0,0.0,20.4,6.0,18.851473456089423,25.955442036826827
1967,21.2,29.275999069213867,79.0,0.0,20.4,6.0,20.52740339785538,27.358221019356613
1968,35.3,29.275999069213867,79.0,0.0,19.6,6.4,19.248719503471566,41.074615851041465
1969,28.9,29.275999069213867,79.0,0.0,19.2,5.6,13.889249623234551,33.066774886970364
1970,32.2,29.275999069213867,79.0,0.0,19.1,5.8,9.707410719297883,35.11222321578937
1971,32.2,29.275999069213867,79.0,0.0,20.1,6.1,28.048254731825324,40.6144764195476
1972,25.8,29.275999069213867,79.0,0.0,19.5,6.0,25.264298533415946,33.37928956002479
1973,31.7,29.275999069213867,79.0,0.0,21.0,6.0,21.244957724429007,38.0734873173287
1974,32.0,29.275999069213867,79.0,0.0,20.1,5.9,9.818138989482343,34.9454416968447
1975,29.1,29.275999069213867,79.0,0.0,20.5,6.3,21.47537594321386,35.542612782964156
1976,20.7,29.275999069213867,79.0,0.0,19.7,5.6,5.782831404516407,22.434849421354922
1977,27.4,29.275999069213867,79.0,0.0,20.5,5.6,17.597709843255387,32.679312952976616
1978,19.8,29.275999069213867,79.0,0.0,19.9,6.4,22.10433019786993,26.43129905936098
1979,24.7,29.275999069213867,79.0,0.0,19.2,6.4,16.800726899086392,29.740218069725916
1980,20.8,30.875999450683594,70.0,0.0,19.4,6.0,8.758781094771987,23.427634328431598
1981,16.0,30.875999450683594,70.0,0.0,19.1,6.4,29.1042990048351,24.731289701450528
1982,20.4,30.875999450683594,70.0,0.0,19.7,6.2,6.112061008851634,22.23361830265549
1983,23.4,30.875999450683594,70.0,0.0,19.7,6.4,24.471689419700965,30.74150682591029
1984,23.3,30.875999450683594,70.0,0.0,19.3,6.0,16.565279838341787,28.269583951502536
1985,31.9,30.875999450683594,70.0,0.0,19.8,5.7,11.650887866726007,35.3952663600178
1986,36.2,30.875999450683594,70.0,0.0,20.2,5.9,26.65434842355172,44.19630452706552
1987,16.8,30.875999450683594,70.0,0.0,20.9,5.7,29.054207013320323,25.516262103996098
1988,24.6,30.875999450683594,70.0,0.0,19.6,5.9,18.803445122220417,30.241033536666126
1989,25.1,30.875999450683594,70.0,0.0,20.3,5.7,11.882489572824946,28.664746871847484
1990,17.0,30.875999450683594,70.0,0.0,19.9,5.6,9.836773957383969,19.95103218721519
1991,32.8,30.875999450683594,70.0,0.0,19.5,5.8,29.274558573383207,41.58236757201496
1992,34.4,30.875999450683594,70.0,0.0,20.3,6.2,17.53384391777889,39.66015317533366
1993,37.1,30.875999450683594,70.0,0.0,19.9,5.8,7.994948181285431,39.49848445438563
1994,23.1,30.875999450683594,70.0,0.0,20.3,6.2,22.9659730715199,29.98979192145597
1995,15.3,30.875999450683594,70.0,0.0,19.5,6.5,12.163468065051344,18.949040419515406
1996,25.6,30.875999450683594,70.0,0.0,20.4,6.3,10.577728331728146,28.773318499518446
1997,21.9,30.875999450683594,70.0,0.0,20.2,5.9,9.417834859963307,24.72535045798899
1998,32.3,30.875999450683594,70.0,0.0,20.2,6.3,19.186563767600866,38.05596913028026
1999,27.3,30.875999450683594,70.0,0.0,20.5,5.9,17.26776838134689,32.480330514404066
2000,25.8,30.875999450683594,70.0,0.0,20.4,5.9,5.587256400461761,27.476176920138528
2001,21.5,30.875999450683594,70.0,0.0,19.6,5.9,29.71954929731877,30.41586478919563
2002,31.3,30.875999450683594,70.0,0.0,20.3,5.6,29.90379516849853,40.27113855054956
2003,19.3,30.875999450683594,70.0,0.0,20.1,6.0,10.932909527010533,22.579872858103162
2004,15.3,30.875999450683594,70.0,0.0,20.9,6.3,7.67732886705328,17.603198660115986
2005,28.5,30.875999450683594,70.0,0.0,20.2,6.1,10.264434411054308,31.57933032331629
2006,33.0,30.875999450683594,70.0,0.0,20.5,6.0,29.815215520620466,41.94456465618614
2007,15.5,30.875999450683594,70.0,0.0,20.5,6.4,13.046921195785925,19.414076358735777
2008,28.9,30.875999450683594,70.0,0.0,20.2,5.8,24.890843916585872,36.36725317497576
2009,38.9,30.875999450683594,70.0,0.0,19.4,6.0,24.656077814584602,46.296823344375376
2010,17.7,30.875999450683594,70.0,0.0,20.4,5.7,14.490373064689479,22.04711191940684
2011,20.2,30.875999450683594,70.0,0.0,19.1,5.7,7.33853645486356,22.401560936459067
2012,38.0,30.875999450683594,70.0,0.0,20.4,5.8,8.306337037324925,40.49190111119748
2013,31.2,30.875999450683594,70.0,0.0,20.8,5.5,20.6693739900931,37.40081219702793
2014,25.9,30.875999450683594,70.0,0.0,19.7,5.6,11.989140120449203,29.49674203613476
2015,24.1,30.875999450683594,70.0,0.0,19.3,5.6,27.538642211790172,32.36159266353705
2016,28.3,30.875999450683594,70.0,0.0,19.7,6.0,18.920613547380167,33.97618406421405
2017,23.5,30.875999450683594,70.0,0.0,19.0,5.9,21.349260276852682,29.904778083055803
2018,37.8,30.875999450683594,70.0,0.0,19.6,6.5,11.446405236090087,41.23392157082702
2019,37.8,30.875999450683594,70.0,0.0,19.2,5.6,26.583135016486903,45.774940504946066
2020,31.2,30.875999450683594,70.0,0.0,20.5,5.9,26.006022102114947,39.00180663063448
2021,20.2,30.875999450683594,70.0,0.0,20.3,6.2,7.369367227671862,22.41081016830156
2022,37.8,30.875999450683594,70.0,0.0,19.6,5.6,10.83669816945237,41.05100945083571
2023,22.7,30.875999450683594,70.0,0.0,20.4,5.9,27.625722484115805,30.987716745234742
2024,22.5,30.875999450683594,70.0,0.0,20.5,6.5,20.10557155045142,28.531671465135425
2025,23.6,30.875999450683594,70.0,0.0,20.5,6.5,16.197501391130864,28.45925041733926
2026,40.0,30.875999450683594,70.0,0.0,19.3,6.2,19.45923717884159,45.837771153652476
2027,32.2,30.875999450683594,70.0,0.0,20.0,6.3,9.761106093691232,35.12833182810737
2028,29.7,30.875999450683594,70.0,0.0,20.7,6.1,24.18633269629838,36.95589980888951
2029,33.5,30.875999450683594,70.0,0.0,20.3,6.0,21.028797985668906,39.80863939570067
2030,34.1,30.875999450683594,70.0,0.0,21.0,5.8,18.461232467855044,39.63836974035652
2031,31.6,30.875999450683594,70.0,0.0,19.9,6.1,21.47997919160118,38.04399375748036
2032,17.8,30.875999450683594,70.0,0.0,19.9,5.7,23.374245084518357,24.812273525355508
2033,19.9,30.875999450683594,70.0,0.0,19.3,6.0,7.402772468448386,22.120831740534513
2034,34.5,30.875999450683594,70.0,0.0,20.0,5.9,5.248846791956398,36.07465403758692
2035,38.3,30.875999450683594,70.0,0.0,20.7,5.5,23.397934250006358,45.319380275001905
2036,31.3,30.875999450683594,70.0,0.0,20.3,6.0,22.263325077389606,37.97899752321688
2037,26.8,30.875999450683594,70.0,0.0,20.6,5.5,11.594555950464006,30.2783667851392
2038,22.9,30.875999450683594,70.0,0.0,20.6,5.9,17.271426664656154,28.081427999396844
2039,35.0,30.875999450683594,70.0,0.0,20.0,5.9,17.83395346938827,40.35018604081648
2040,21.2,32.47600173950195,60.0,0.0,19.5,5.6,10.723540370068243,24.41706211102047
2041,25.4,32.47600173950195,60.0,0.0,19.4,5.6,18.736980049232635,31.021094014769787
2042,33.5,32.47600173950195,60.0,0.0,20.5,6.3,15.625169688137648,38.187550906441295
2043,33.3,32.47600173950195,60.0,0.0,20.6,6.0,17.458961365143864,38.53768840954316
2044,24.8,32.47600173950195,60.0,0.0,19.3,5.7,25.739773867062844,32.52193216011885
2045,38.9,32.47600173950195,60.0,0.0,20.4,6.5,15.006580660082442,43.40197419802473
2046,30.2,32.47600173950195,60.0,0.0,19.2,5.7,13.06735254972033,34.1202057649161
2047,35.0,32.47600173950195,60.0,0.0,20.3,6.4,18.74100736420213,40.62230220926064
2048,16.6,32.47600173950195,60.0,0.0,20.5,6.5,26.86411069204658,24.659233207613973
2049,21.5,32.47600173950195,60.0,0.0,20.5,5.7,15.827820315006187,26.248346094501855
2050,32.6,32.47600173950195,60.0,0.0,20.7,6.1,18.392403419364186,38.11772102580926
2051,16.5,32.47600173950195,60.0,0.0,19.5,5.6,17.1539836563502,21.64619509690506
2052,35.7,32.47600173950195,60.0,0.0,19.9,6.4,23.556488253885806,42.76694647616574
2053,34.2,32.47600173950195,60.0,0.0,20.9,5.9,17.54520399689656,39.46356119906897
2054,32.8,32.47600173950195,60.0,0.0,19.7,6.0,6.308923813881357,34.692677144164406
2055,22.4,32.47600173950195,60.0,0.0,20.5,6.2,17.84725739681808,27.754177219045424
2056,24.0,32.47600173950195,60.0,0.0,19.1,6.2,8.485042866189154,26.545512859856746
2057,28.7,32.47600173950195,60.0,0.0,19.6,5.6,11.347168836922487,32.10415065107674
2058,28.3,32.47600173950195,60.0,0.0,20.2,5.7,10.958187120626906,31.587456136188074
2059,38.1,32.47600173950195,60.0,0.0,20.3,5.6,24.965065847855545,45.589519754356665
2060,35.1,32.47600173950195,60.0,0.0,20.6,5.6,14.45578038049169,39.43673411414751
2061,39.4,32.47600173950195,60.0,0.0,19.2,6.1,18.170987485309208,44.85129624559276
2062,27.3,32.47600173950195,60.0,0.0,20.6,5.7,26.19564465699181,35.158693397097544
2063,25.8,32.47600173950195,60.0,0.0,19.8,6.2,21.64896818284993,32.29469045485498
2064,18.8,32.47600173950195,60.0,0.0,20.4,5.6,15.890211778784579,23.567063533635373
2065,33.7,32.47600173950195,60.0,0.0,19.5,5.8,17.49195576981078,38.947586730943236
2066,23.5,32.47600173950195,60.0,0.0,19.2,5.9,19.92928532876674,29.478785598630022
2067,18.7,32.47600173950195,60.0,0.0,20.8,6.4,16.510243865124057,23.653073159537215
2068,37.4,32.47600173950195,60.0,0.0,19.4,5.6,6.072699974752778,39.22180999242583
2069,20.9,32.47600173950195,60.0,0.0,19.0,6.3,21.147731162484064,27.24431934874522
2070,16.8,32.47600173950195,60.0,0.0,20.4,5.8,9.484025162133314,19.645207548639995
2071,27.8,32.47600173950195,60.0,0.0,20.4,5.7,29.07270457996858,36.52181137399057
2072,19.6,32.47600173950195,60.0,0.0,19.9,5.9,23.36959445705327,26.610878337115984
2073,34.4,32.47600173950195,60.0,0.0,19.8,6.2,16.026575590556902,39.20797267716707
2074,36.0,32.47600173950195,60.0,0.0,19.2,5.7,7.154693703466723,38.14640811104002
2075,33.3,32.47600173950195,60.0,0.0,19.5,5.8,12.880400704511286,37.164120211353385
2076,29.9,32.47600173950195,60.0,0.0,19.3,6.5,12.872338638608007,33.7617015915824
2077,28.8,32.47600173950195,60.0,0.0,20.3,5.7,22.173298210076933,35.45198946302308
2078,18.5,32.47600173950195,60.0,0.0,19.7,6.1,19.716821157943492,24.415046347383047
2079,24.2,32.47600173950195,60.0,0.0,19.5,5.8,28.975302954231527,32.89259088626946
2080,20.8,32.47600173950195,60.0,0.0,19.7,6.1,6.854500581719748,22.856350174515924
2081,22.6,32.47600173950195,60.0,0.0,20.6,6.1,6.609355431459649,24.582806629437897
2082,20.7,32.47600173950195,60.0,0.0,20.3,5.8,11.888165573217282,24.266449671965184
2083,24.5,32.47600173950195,60.0,0.0,20.1,5.9,24.55713155663972,31.867139466991915
2084,28.4,32.47600173950195,60.0,0.0,19.7,5.6,19.42415776525737,34.22724732957721
2085,15.9,32.47600173950195,60.0,0.0,19.5,6.4,8.377583535912148,18.413275060773646
2086,20.3,32.47600173950195,60.0,0.0,20.5,6.2,9.677056470503757,23.203116941151126
2087,20.7,32.47600173950195,60.0,0.0,20.8,5.5,25.522226211606025,28.356667863481807
2088,36.4,32.47600173950195,60.0,0.0,20.1,6.2,15.816991483809918,41.14509744514297
2089,36.3,32.47600173950195,60.0,0.0,20.8,5.8,8.658550978004076,38.89756529340122
2090,15.9,32.47600173950195,60.0,0.0,20.0,6.4,29.006164740011545,24.60184942200346
2091,18.5,32.47600173950195,60.0,0.0,19.9,6.0,11.426337875898867,21.92790136276966
2092,21.1,32.47600173950195,60.0,0.0,19.4,5.6,21.968737257416443,27.690621177224934
2093,17.9,32.47600173950195,60.0,0.0,19.3,6.1,6.034540365281147,19.71036210958434
2094,28.1,32.47600173950195,60.0,0.0,19.2,5.7,5.7637973342352335,29.82913920027057
2095,28.6,32.47600173950195,60.0,0.0,20.5,5.9,26.2422790733828,36.47268372201484
2096,37.3,32.47600173950195,60.0,0.0,19.7,6.5,28.63491056230583,45.89047316869174
2097,30.4,32.47600173950195,60.0,0.0,20.5,5.9,8.460334153390448,32.938100246017136
2098,38.4,32.47600173950195,60.0,0.0,19.7,5.6,5.218557911545675,39.9655673734637
2099,19.7,32.47600173950195,60.0,0.0,20.8,6.2,12.926454029404773,23.57793620882143
2100,26.1,33.97600173950195,53.0,0.0,19.4,5.7,5.005356027636608,27.601606808290985
2101,31.3,33.97600173950195,53.0,0.0,19.3,6.0,24.575490019534854,38.672647005860455
2102,37.8,33.97600173950195,53.0,0.0,20.7,6.2,28.177863223304577,46.25335896699137
2103,26.5,33.97600173950195,53.0,0.0,19.9,6.1,6.270319732405903,28.38109591972177
2104,30.1,33.97600173950195,53.0,0.0,20.9,5.9,17.84750862380342,35.45425258714103
2105,28.4,33.97600173950195,53.0,0.0,19.5,5.6,26.63792673018505,36.391378019055516
2106,15.8,33.97600173950195,53.0,0.0,19.1,5.6,27.577702948935574,24.073310884680673
2107,26.9,33.97600173950195,53.0,0.0,19.1,5.7,18.80636256412795,32.54190876923838
2108,38.1,33.97600173950195,53.0,0.0,20.3,6.5,10.578771062922153,41.273631318876646
2109,37.5,33.97600173950195,53.0,0.0,20.7,5.9,8.20692629684132,39.962077889052395
2110,22.7,33.97600173950195,53.0,0.0,20.9,5.6,17.882067026248542,28.06462010787456
2111,25.8,33.97600173950195,53.0,0.0,20.0,5.9,21.378225530867347,32.2134676592602
2112,27.0,33.97600173950195,53.0,0.0,20.1,6.4,20.785058257200156,33.235517477160045
2113,29.3,33.97600173950195,53.0,0.0,20.5,6.1,15.264074020393865,33.87922220611816
2114,27.1,33.97600173950195,53.0,0.0,19.8,6.4,9.88001906393313,30.06400571917994
2115,22.0,33.97600173950195,53.0,0.0,19.9,5.9,23.305939577062563,28.991781873118768
2116,29.0,33.97600173950195,53.0,0.0,19.7,6.4,28.062513795302376,37.418754138590714
2117,28.9,33.97600173950195,53.0,0.0,20.1,6.2,27.72709750182997,37.21812925054899
2118,33.5,33.97600173950195,53.0,0.0,19.5,6.0,24.07850787549103,40.72355236264731
2119,20.0,33.97600173950195,53.0,0.0,19.7,5.6,13.727883775713835,24.11836513271415
2120,17.3,33.97600173950195,53.0,0.0,19.5,6.4,8.79686915814013,19.93906074744204
2121,17.1,33.97600173950195,53.0,0.0,19.9,5.6,8.150357809508222,19.545107342852468
2122,24.0,33.97600173950195,53.0,0.0,20.0,6.2,15.609842066651698,28.68295261999551
2123,22.4,33.97600173950195,53.0,0.0,19.1,6.1,14.277405223231616,26.683221566969483
2124,34.1,33.97600173950195,53.0,0.0,19.0,6.0,19.9715422956614,40.09146268869842
2125,21.0,33.97600173950195,53.0,0.0,19.1,6.1,20.45194455473687,27.13558336642106
2126,23.1,33.97600173950195,53.0,0.0,20.7,5.9,17.835746885894093,28.450724065768227
2127,24.8,33.97600173950195,53.0,0.0,20.8,6.4,29.147671237399862,33.54430137121996
2128,31.9,33.97600173950195,53.0,0.0,19.8,6.4,22.352904108192913,38.60587123245787
2129,22.5,33.97600173950195,53.0,0.0,20.3,6.3,28.97544037281086,31.19263211184326
2130,35.8,33.97600173950195,53.0,0.0,20.2,6.3,13.65530353557197,39.89659106067159
2131,15.3,33.97600173950195,53.0,0.0,19.9,5.7,27.875801909434763,23.66274057283043
2132,36.4,33.97600173950195,53.0,0.0,20.1,5.7,27.243430826265858,44.57302924787976
2133,20.9,33.97600173950195,53.0,0.0,20.4,5.9,18.775815625271232,26.532744687581367
2134,36.5,33.97600173950195,53.0,0.0,19.5,5.9,24.556498396279405,43.86694951888382
2135,19.7,33.97600173950195,53.0,0.0,19.2,6.2,27.915695782622773,28.07470873478683
2136,20.0,33.97600173950195,53.0,0.0,20.8,6.0,7.018614212725817,22.105584263817747
2137,20.5,33.97600173950195,53.0,0.0,19.2,6.4,23.528064889834415,27.558419466950326
2138,25.0,33.97600173950195,53.0,0.0,20.6,6.3,12.156360428689387,28.646908128606817
2139,32.5,33.97600173950195,53.0,0.0,20.9,5.7,22.782573053805923,39.334771916141776
2140,22.5,33.97600173950195,53.0,0.0,20.2,6.1,7.616822789869669,24.785046836960902
2141,18.8,33.97600173950195,53.0,0.0,20.1,6.1,27.23426138177772,26.97027841453332
2142,29.3,33.97600173950195,53.0,0.0,19.9,6.4,14.922661973035702,33.77679859191071
2143,38.2,33.97600173950195,53.0,0.0,19.0,5.6,17.109460261739734,43.332838078521924
2144,34.5,33.97600173950195,53.0,0.0,20.8,5.8,9.265808048215206,37.279742414464565
2145,29.9,33.97600173950195,53.0,0.0,19.1,5.6,10.161710106625991,32.948513031987794
2146,33.4,33.97600173950195,53.0,0.0,20.1,6.5,5.926355442063153,35.17790663261894
2147,16.2,33.97600173950195,53.0,0.0,20.8,5.7,19.369428633137552,22.010828589941266
2148,20.6,33.97600173950195,53.0,0.0,20.2,6.3,13.592566243741773,24.677769873122532
2149,21.0,33.97600173950195,53.0,0.0,20.8,6.0,21.140784324913348,27.342235297474005
2150,20.1,33.97600173950195,53.0,0.0,20.9,5.9,23.209433636535884,27.062830090960766
2151,35.5,33.97600173950195,53.0,0.0,20.8,6.2,11.931434548300388,39.079430364490115
2152,21.3,33.97600173950195,53.0,0.0,20.2,6.3,9.064647083192437,24.01939412495773
2153,27.4,33.97600173950195,53.0,0.0,20.1,6.2,29.519180448557222,36.25575413456716
2154,34.2,33.97600173950195,53.0,0.0,20.7,6.3,19.077709437569922,39.92331283127098
2155,36.7,33.97600173950195,53.0,0.0,20.8,5.6,19.235067334768914,42.47052020043068
2156,39.1,33.97600173950195,53.0,0.0,20.8,6.2,24.550325782900686,46.465097734870206
2157,39.0,33.97600173950195,53.0,0.0,19.2,6.0,22.508588953244068,45.75257668597322
2158,36.9,33.97600173950195,53.0,0.0,19.1,5.9,24.182927425373602,44.15487822761208
2159,28.4,33.97600173950195,53.0,0.0,19.8,5.7,14.967744753592642,32.89032342607779
2160,15.2,35.375999450683594,46.0,0.0,19.3,6.1,10.520399469445202,18.35611984083356
2161,34.4,35.375999450683594,46.0,0.0,19.4,5.8,7.675126385036836,36.70253791551105
2162,19.2,35.375999450683594,46.0,0.0,20.6,5.9,23.217094998460436,26.16512849953813
2163,34.9,35.375999450683594,46.0,0.0,19.1,5.7,15.475831815030087,39.54274954450902
2164,33.3,35.375999450683594,46.0,0.0,20.9,5.8,28.90157195319032,41.97047158595709
2165,37.8,35.375999450683594,46.0,0.0,19.8,5.7,16.594546550131483,42.77836396503944
2166,31.9,35.375999450683594,46.0,0.0,20.7,6.4,28.527190431358957,40.45815712940768
2167,28.3,35.375999450683594,46.0,0.0,20.1,6.0,8.342888257896343,30.8028664773689
2168,30.8,35.375999450683594,46.0,0.0,19.9,5.8,18.10578930727037,36.23173679218111
2169,33.2,35.375999450683594,46.0,0.0,19.5,6.2,29.282888948819682,41.98486668464591
2170,25.8,35.375999450683594,46.0,0.0,19.3,5.7,19.17463752985831,31.552391258957492
2171,30.7,35.375999450683594,46.0,0.0,20.1,5.9,13.877442045967033,34.86323261379011
2172,36.3,35.375999450683594,46.0,0.0,19.9,6.5,28.833836265395295,44.95015087961858
2173,29.8,35.375999450683594,46.0,0.0,20.0,6.5,17.965100355801333,35.1895301067404
2174,18.0,35.375999450683594,46.0,0.0,19.0,6.4,24.57895218120362,25.373685654361086
2175,32.7,35.375999450683594,46.0,0.0,19.0,6.1,19.064665878883908,38.419399763665176
2176,30.8,35.375999450683594,46.0,0.0,20.8,6.0,29.83269290720873,39.74980787216262
2177,33.4,35.375999450683594,46.0,0.0,19.8,5.6,23.789184545397717,40.536755363619314
2178,28.0,35.375999450683594,46.0,0.0,20.5,5.9,16.197742509173036,32.85932275275191
2179,33.7,35.375999450683594,46.0,0.0,20.7,6.4,19.27151047066589,39.48145314119977
2180,19.2,35.375999450683594,46.0,0.0,19.4,5.8,11.731415323233467,22.71942459697004
2181,24.4,35.375999450683594,46.0,0.0,20.3,5.5,24.49604208361187,31.74881262508356
2182,27.5,35.375999450683594,46.0,0.0,19.9,5.6,28.601681231779697,36.08050436953391
2183,24.3,35.375999450683594,46.0,0.0,20.9,5.8,19.622896810544795,30.18686904316344
2184,32.4,35.375999450683594,46.0,0.0,20.0,5.6,27.076005739945522,40.522801721983654
2185,30.3,35.375999450683594,46.0,0.0,20.3,6.0,22.91848974688296,37.17554692406489
2186,27.3,35.375999450683594,46.0,0.0,19.8,6.1,8.732931147341853,29.919879344202556
2187,16.1,35.375999450683594,46.0,0.0,20.0,6.2,14.898579512337543,20.569573853701264
2188,23.7,35.375999450683594,46.0,0.0,20.8,5.7,13.93490503135991,27.880471509407972
2189,21.2,35.375999450683594,46.0,0.0,20.5,6.3,11.924184381689683,24.777255314506903
2190,22.1,35.375999450683594,46.0,0.0,20.0,6.3,19.67446882818922,28.002340648456766
2191,25.0,35.375999450683594,46.0,0.0,20.6,5.7,29.685284978721338,33.9055854936164
2192,22.6,35.375999450683594,46.0,0.0,20.7,5.6,10.61873090923563,25.785619272770692
2193,36.9,35.375999450683594,46.0,0.0,20.2,5.8,6.0501088292009015,38.71503264876027
2194,36.4,35.375999450683594,46.0,0.0,21.0,6.2,29.720882503461862,45.31626475103856
2195,30.4,35.375999450683594,46.0,0.0,19.6,6.3,19.820776834806452,36.34623305044193
2196,25.2,35.375999450683594,46.0,0.0,19.3,6.4,19.84154638754508,31.15246391626352
2197,28.2,35.375999450683594,46.0,0.0,20.7,6.5,17.194341549614123,33.35830246488423
2198,26.9,35.375999450683594,46.0,0.0,20.7,5.6,5.398359711634208,28.519507913490262
2199,35.1,35.375999450683594,46.0,0.0,19.5,5.7,23.104115359736642,42.03123460792099
2200,20.6,35.375999450683594,46.0,0.0,19.4,5.8,21.76315383185495,27.128946149556487
2201,27.6,35.375999450683594,46.0,0.0,19.6,6.2,17.077705946639153,32.72331178399175
2202,32.8,35.375999450683594,46.0,0.0,19.0,5.9,16.27625021709911,37.68287506512973
2203,38.6,35.375999450683594,46.0,0.0,19.6,5.8,11.915385409308584,42.17461562279258
2204,31.7,35.375999450683594,46.0,0.0,19.9,6.0,25.1155837912082,39.23467513736246
2205,16.4,35.375999450683594,46.0,0.0,19.3,6.4,19.857814940501235,22.357344482150367
2206,37.6,35.375999450683594,46.0,0.0,20.5,5.7,18.31060485303648,43.093181455910944
2207,36.4,35.375999450683594,46.0,0.0,20.9,6.4,24.082280793981102,43.62468423819433
2208,29.4,35.375999450683594,46.0,0.0,20.5,5.7,5.5657789645743065,31.069733689372292
2209,34.2,35.375999450683594,46.0,0.0,20.4,5.5,27.011378082839094,42.30341342485173
2210,16.6,35.375999450683594,46.0,0.0,20.8,6.1,24.010098885918296,23.80302966577549
2211,38.5,35.375999450683594,46.0,0.0,20.8,6.3,18.08339161175285,43.925017483525856
2212,17.3,35.375999450683594,46.0,0.0,20.9,5.7,12.541444494269623,21.062433348280887
2213,30.2,35.375999450683594,46.0,0.0,19.6,6.4,21.265989592483116,36.57979687774493
2214,16.3,35.375999450683594,46.0,0.0,19.1,6.1,7.7569977302804975,18.62709931908415
2215,37.7,35.375999450683594,46.0,0.0,19.2,5.9,25.47689497577049,45.34306849273115
2216,25.1,35.375999450683594,46.0,0.0,20.2,6.4,16.577102665384142,30.073130799615242
2217,22.9,35.375999450683594,46.0,0.0,20.9,5.6,12.66994173794234,26.7009825213827
2218,35.5,35.375999450683594,46.0,0.0,20.1,6.2,20.085938040286315,41.52578141208589
2219,17.7,35.375999450683594,46.0,0.0,20.1,6.4,23.72046143732154,24.81613843119646
2220,30.0,36.426002502441406,42.0,0.0,20.6,6.0,10.491413593594194,33.14742407807826
2221,22.3,36.426002502441406,42.0,0.0,19.0,5.6,6.73179369879194,24.319538109637584
2222,19.9,36.426002502441406,42.0,0.0,20.2,5.9,6.159041933718532,21.747712580115557
2223,27.6,36.426002502441406,42.0,0.0,20.9,6.2,28.966122568839975,36.289836770651995
2224,30.0,36.426002502441406,42.0,0.0,20.5,5.7,25.88819009713162,37.76645702913949
2225,22.4,36.426002502441406,42.0,0.0,21.0,6.1,12.48331488830712,26.144994466492136
2226,25.8,36.426002502441406,42.0,0.0,20.3,5.6,10.37799289956536,28.91339786986961
2227,29.3,36.426002502441406,42.0,0.0,20.2,6.2,14.724035030901288,33.71721050927039
2228,18.9,36.426002502441406,42.0,0.0,19.6,6.5,5.684082358872759,20.605224707661826
2229,15.2,36.426002502441406,42.0,0.0,19.6,6.3,16.490709958959883,20.147212987687965
2230,24.2,36.426002502441406,42.0,0.0,19.2,6.2,11.915138857565328,27.774541657269598
2231,21.7,36.426002502441406,42.0,0.0,20.9,5.8,17.56850469041803,26.97055140712541
2232,24.9,36.426002502441406,42.0,0.0,19.6,5.9,7.90739425258327,27.27221827577498
2233,24.9,36.426002502441406,42.0,0.0,20.8,6.1,7.3988755430956825,27.119662662928704
2234,33.0,36.426002502441406,42.0,0.0,20.1,6.2,25.52371162793178,40.65711348837954
2235,32.1,36.426002502441406,42.0,0.0,19.2,6.4,17.003559568655298,37.20106787059659
2236,36.3,36.426002502441406,42.0,0.0,19.3,5.9,22.402537275586745,43.02076118267602
2237,30.5,36.426002502441406,42.0,0.0,20.4,5.9,26.204099357804807,38.361229807341445
2238,19.3,36.426002502441406,42.0,0.0,19.0,6.5,19.8456152647452,25.25368457942356
2239,17.7,36.426002502441406,42.0,0.0,19.2,5.8,11.971066891284082,21.291320067385225
2240,17.3,36.426002502441406,42.0,0.0,19.5,5.8,28.31609323891605,25.794827971674813
2241,22.4,36.426002502441406,42.0,0.0,20.1,6.3,26.762493425055283,30.428748027516583
2242,21.9,36.426002502441406,42.0,0.0,20.9,6.2,15.182527417018441,26.45475822510553
2243,34.2,36.426002502441406,42.0,0.0,19.2,5.9,10.244771520606957,37.27343145618209
2244,30.0,36.426002502441406,42.0,0.0,19.8,6.3,25.11856968540716,37.53557090562215
2245,18.7,36.426002502441406,42.0,0.0,19.3,5.6,9.25041865413437,21.47512559624031
2246,23.5,36.426002502441406,42.0,0.0,20.8,5.9,29.76619959562314,32.42985987868694
2247,32.9,36.426002502441406,42.0,0.0,19.7,5.9,8.163279920884992,35.348983976265494
2248,31.6,36.426002502441406,42.0,0.0,19.9,5.5,6.55455889742091,33.566367669226274
2249,27.0,36.426002502441406,42.0,0.0,20.8,6.2,10.754542040821883,30.226362612246565
2250,34.1,36.426002502441406,42.0,0.0,20.7,6.1,13.980052464127015,38.294015739238105
2251,21.4,36.426002502441406,42.0,0.0,19.3,5.8,11.80935965486101,24.9428078964583
2252,20.5,36.426002502441406,42.0,0.0,20.6,5.6,28.729598378383173,29.11887951351495
2253,18.0,36.426002502441406,42.0,0.0,19.1,5.6,8.523491336176201,20.55704740085286
2254,33.6,36.426002502441406,42.0,0.0,20.9,5.9,18.56294629093584,39.16888388728076
2255,16.9,36.426002502441406,42.0,0.0,20.8,5.6,26.815288030205156,24.944586409061543
2256,16.1,36.426002502441406,42.0,0.0,20.2,6.0,18.16856284823244,21.550568854469734
2257,37.4,36.426002502441406,42.0,0.0,20.5,6.1,7.635091666117575,39.69052749983527
2258,37.2,36.426002502441406,42.0,0.0,19.5,5.6,10.373281091959756,40.31198432758793
2259,30.7,36.426002502441406,42.0,0.0,19.9,6.4,12.653727785242395,34.49611833557272
2260,24.3,36.426002502441406,42.0,0.0,20.1,6.3,29.51071986502672,33.15321595950802
2261,31.7,36.426002502441406,42.0,0.0,19.1,5.9,17.844149015834052,37.05324470475021
2262,39.2,36.426002502441406,42.0,0.0,19.9,6.4,22.924172069067943,46.07725162072039
2263,22.5,36.426002502441406,42.0,0.0,20.7,6.3,18.903754418996265,28.17112632569888
2264,35.4,36.426002502441406,42.0,0.0,20.7,5.6,6.037414741405538,37.21122442242166
2265,19.4,36.426002502441406,42.0,0.0,19.1,6.3,13.705943060883936,23.51178291826518
2266,31.3,36.426002502441406,42.0,0.0,20.0,6.4,27.995967467612747,39.69879024028383
2267,21.6,36.426002502441406,42.0,0.0,19.5,6.0,19.118983924823397,27.335695177447022
2268,26.2,36.426002502441406,42.0,0.0,20.6,6.2,22.071846110746726,32.821553833224016
2269,37.4,36.426002502441406,42.0,0.0,20.1,6.0,6.804180012928782,39.44125400387863
2270,30.8,36.426002502441406,42.0,0.0,21.0,6.3,29.790889452620398,39.737266835786116
2271,33.4,36.426002502441406,42.0,0.0,19.5,5.6,11.104368577086543,36.73131057312596
2272,32.0,36.426002502441406,42.0,0.0,19.0,5.8,5.196895336279546,33.55906860088386
2273,26.6,36.426002502441406,42.0,0.0,19.4,6.3,14.107254848821137,30.832176454646344
2274,26.9,36.426002502441406,42.0,0.0,19.3,6.5,21.03857251636036,33.21157175490811
2275,18.4,36.426002502441406,42.0,0.0,19.9,6.3,5.458245288941242,20.03747358668237
2276,33.2,36.426002502441406,42.0,0.0,20.6,6.4,6.640011875563727,35.19200356266912
2277,31.3,36.426002502441406,42.0,0.0,19.5,6.1,9.18151111724032,34.0544533351721
2278,39.3,36.426002502441406,42.0,0.0,19.6,6.3,6.425646429231042,41.22769392876931
2279,36.4,36.426002502441406,42.0,0.0,20.7,5.6,6.560305597896111,38.36809167936883
2280,25.9,36.82600021362305,39.0,0.0,19.2,5.9,16.269184327621446,30.780755298286433
2281,36.8,36.82600021362305,39.0,0.0,19.8,6.3,10.303880509101846,39.89116415273055
2282,18.0,36.82600021362305,39.0,0.0,20.7,6.1,15.357444668554313,22.607233400566294
2283,19.0,36.82600021362305,39.0,0.0,19.9,5.8,15.832286794378465,23.74968603831354
2284,24.8,36.82600021362305,39.0,0.0,20.7,5.9,12.69433118389996,28.60829935516999
2285,23.9,36.82600021362305,39.0,0.0,19.3,6.5,6.2836885863753835,25.785106575912614
2286,16.6,36.82600021362305,39.0,0.0,20.4,6.4,13.875581501618726,20.76267445048562
2287,25.0,36.82600021362305,39.0,0.0,19.9,6.2,20.259393523204675,31.0778180569614
2288,20.8,36.82600021362305,39.0,0.0,19.3,5.6,21.83336973523834,27.350010920571503
2289,32.8,36.82600021362305,39.0,0.0,19.7,6.1,26.270701371860582,40.68121041155817
2290,31.7,36.82600021362305,39.0,0.0,19.9,6.4,9.253338378892234,34.47600151366767
2291,18.7,36.82600021362305,39.0,0.0,19.4,6.3,21.766000621264805,25.229800186379443
2292,35.8,36.82600021362305,39.0,0.0,20.1,5.7,19.8813713393252,41.76441140179756
2293,36.9,36.82600021362305,39.0,0.0,19.5,6.3,5.655872663810972,38.59676179914329
2294,27.7,36.82600021362305,39.0,0.0,20.5,6.3,24.080210867226082,34.92406326016783
2295,23.8,36.82600021362305,39.0,0.0,19.2,6.3,17.725115864786908,29.117534759436072
2296,39.9,36.82600021362305,39.0,0.0,20.7,5.6,9.206160569295257,42.66184817078857
2297,18.5,36.82600021362305,39.0,0.0,19.9,5.5,9.77225616666298,21.431676849998894
2298,37.7,36.82600021362305,39.0,0.0,19.6,5.9,23.401178333996008,44.720353500198804
2299,35.6,36.82600021362305,39.0,0.0,19.7,6.1,6.954379289048247,37.68631378671448
2300,38.0,36.82600021362305,39.0,0.0,19.6,5.9,21.576122267088405,44.47283668012652
2301,33.5,36.82600021362305,39.0,0.0,20.5,6.2,21.95560801507902,40.08668240452371
2302,20.5,36.82600021362305,39.0,0.0,19.9,6.1,9.891323747300085,23.467397124190025
2303,30.6,36.82600021362305,39.0,0.0,20.6,6.3,14.600844659164878,34.980253397749465
2304,39.2,36.82600021362305,39.0,0.0,20.2,5.8,13.269302397875661,43.180790719362705
2305,20.1,36.82600021362305,39.0,0.0,19.2,5.8,27.5978940715514,28.37936822146542
2306,33.9,36.82600021362305,39.0,0.0,19.1,5.8,15.74091234404598,38.62227370321379
2307,29.7,36.82600021362305,39.0,0.0,19.2,6.4,7.802071835322989,32.040621550596896
2308,19.3,36.82600021362305,39.0,0.0,20.0,5.8,26.487487350480965,27.24624620514429
2309,37.9,36.82600021362305,39.0,0.0,19.5,6.3,21.982634923078614,44.49479047692358
2310,30.0,36.82600021362305,39.0,0.0,20.6,6.4,7.850667831185602,32.355200349355684
2311,33.9,36.82600021362305,39.0,0.0,19.9,5.8,9.107142696847372,36.63214280905421
2312,26.2,36.82600021362305,39.0,0.0,20.0,5.9,28.74782308760616,34.82434692628185
2313,19.1,36.82600021362305,39.0,0.0,20.0,6.3,9.107152216206467,21.83214566486194
2314,39.8,36.82600021362305,39.0,0.0,19.4,5.7,17.873886158725924,45.16216584761777
2315,36.0,36.82600021362305,39.0,0.0,20.6,5.9,15.895803097119694,40.76874092913591
2316,17.9,36.82600021362305,39.0,0.0,19.8,5.5,19.283971998142707,23.68519159944281
2317,25.4,36.82600021362305,39.0,0.0,20.3,6.0,22.68113988091244,32.20434196427373
2318,29.8,36.82600021362305,39.0,0.0,20.0,6.4,18.481400421949637,35.34442012658489
2319,34.2,36.82600021362305,39.0,0.0,20.3,5.6,16.919919558621707,39.27597586758652
2320,31.0,36.82600021362305,39.0,0.0,20.5,5.7,8.620266343499388,33.586079903049814
2321,20.7,36.82600021362305,39.0,0.0,19.2,5.7,22.593889048084403,27.47816671442532
2322,24.1,36.82600021362305,39.0,0.0,19.9,6.4,13.655481423907482,28.196644427172245
2323,34.8,36.82600021362305,39.0,0.0,19.4,5.9,28.108524042638106,43.23255721279143
2324,35.5,36.82600021362305,39.0,0.0,19.5,6.3,27.512580130558774,43.75377403916763
2325,33.8,36.82600021362305,39.0,0.0,19.8,6.1,22.96428775892016,40.689286327676044
2326,39.4,36.82600021362305,39.0,0.0,20.4,5.7,5.443540299287526,41.033062089786256
2327,28.2,36.82600021362305,39.0,0.0,19.0,6.2,21.262986944046194,34.578896083213856
2328,31.8,36.82600021362305,39.0,0.0,20.2,6.2,6.435546580899091,33.73066397426973
2329,35.3,36.82600021362305,39.0,0.0,20.5,5.5,15.16594632478569,39.84978389743571
2330,20.3,36.82600021362305,39.0,0.0,19.3,6.4,16.47181558434803,25.24154467530441
2331,15.7,36.82600021362305,39.0,0.0,19.0,6.0,25.82449559092215,23.447348677276644
2332,23.9,36.82600021362305,39.0,0.0,20.2,6.1,28.489385941725363,32.446815782517604
2333,27.9,36.82600021362305,39.0,0.0,19.6,6.0,12.512906364273464,31.65387190928204
2334,34.0,36.82600021362305,39.0,0.0,19.3,5.9,8.732836644997473,36.61985099349924
2335,26.8,36.82600021362305,39.0,0.0,19.8,6.1,5.76587718914945,28.529763156744835
2336,31.0,36.82600021362305,39.0,0.0,19.9,5.9,10.575255565276848,34.17257666958305
2337,26.6,36.82600021362305,39.0,0.0,20.0,6.2,18.134396827649844,32.040319048294954
2338,21.9,36.82600021362305,39.0,0.0,20.1,6.2,9.395466456453299,24.71863993693599
2339,20.4,36.82600021362305,39.0,0.0,20.7,6.1,17.336106827871685,25.600832048361504
2340,18.9,36.926002502441406,38.0,0.0,20.8,6.4,19.08485995811754,24.62545798743526
2341,22.1,36.926002502441406,38.0,0.0,20.0,6.4,8.406694387221698,24.62200831616651
2342,34.3,36.926002502441406,38.0,0.0,19.2,6.1,21.15685467586287,40.64705640275886
2343,26.7,36.926002502441406,38.0,0.0,20.1,6.1,8.144927033048365,29.143478109914508
2344,33.3,36.926002502441406,38.0,0.0,20.0,6.1,13.435190032471215,37.33055700974136
2345,30.5,36.926002502441406,38.0,0.0,19.9,5.8,21.073320512229337,36.8219961536688
2346,16.4,36.926002502441406,38.0,0.0,19.9,6.3,6.9363915715378015,18.48091747146134
2347,31.0,36.926002502441406,38.0,0.0,20.0,6.3,19.684629982166243,36.905388994649876
2348,21.2,36.926002502441406,38.0,0.0,20.2,6.0,8.591312467296836,23.77739374018905
2349,31.8,36.926002502441406,38.0,0.0,19.0,6.3,10.13260766720066,34.839782300160195
2350,18.0,36.926002502441406,38.0,0.0,19.2,6.4,17.525917673312712,23.257775301993814
2351,27.0,36.926002502441406,38.0,0.0,20.3,5.5,6.12324150867075,28.836972452601223
2352,15.1,36.926002502441406,38.0,0.0,20.5,6.4,28.809374549853914,23.742812364956173
2353,33.9,36.926002502441406,38.0,0.0,20.1,5.8,22.73968570695224,40.72190571208567
2354,16.7,36.926002502441406,38.0,0.0,19.3,6.4,15.915754581509606,21.47472637445288
2355,28.8,36.926002502441406,38.0,0.0,19.6,6.0,7.687444289224105,31.10623328676723
2356,15.9,36.926002502441406,38.0,0.0,20.1,5.6,24.724800022730548,23.317440006819165
2357,23.9,36.926002502441406,38.0,0.0,20.2,5.9,20.53200653362877,30.059601960088628
2358,21.3,36.926002502441406,38.0,0.0,20.8,5.8,20.223524680497075,27.367057404149122
2359,33.4,36.926002502441406,38.0,0.0,20.8,6.1,23.835928495562662,40.550778548668795
2360,17.7,36.926002502441406,38.0,0.0,19.3,6.5,20.73955776347397,23.92186732904219
2361,31.0,36.926002502441406,38.0,0.0,20.1,6.4,13.26591398873702,34.97977419662111
2362,39.7,36.926002502441406,38.0,0.0,19.6,5.9,13.753281578450366,43.825984473535115
2363,38.0,36.926002502441406,38.0,0.0,19.0,5.5,26.493079280655355,45.947923784196604
2364,38.6,36.926002502441406,38.0,0.0,20.0,6.0,10.609063853619936,41.78271915608598
2365,39.6,36.926002502441406,38.0,0.0,20.5,6.4,24.889868728157484,47.06696061844725
2366,28.5,36.926002502441406,38.0,0.0,20.1,6.3,15.1743344828188,33.05230034484564
2367,20.8,36.926002502441406,38.0,0.0,19.2,5.7,23.980484686521365,27.99414540595641
2368,22.8,36.926002502441406,38.0,0.0,19.1,6.3,21.53809645656816,29.261428936970447
2369,31.2,36.926002502441406,38.0,0.0,19.3,5.7,16.929966364681373,36.27898990940441
2370,31.2,36.926002502441406,38.0,0.0,19.1,5.7,5.971281494197274,32.99138444825918
2371,29.3,36.926002502441406,38.0,0.0,19.2,6.3,9.757239086730053,32.227171726019016
2372,30.8,36.926002502441406,38.0,0.0,20.2,6.1,5.11064205625409,32.333192616876225
2373,39.8,36.926002502441406,38.0,0.0,20.0,6.2,10.596317705331867,42.97889531159956
2374,29.6,36.926002502441406,38.0,0.0,19.7,5.9,23.690552444790885,36.707165733437265
2375,27.3,36.926002502441406,38.0,0.0,19.5,5.8,13.496095973472364,31.348828792041708
2376,16.1,36.926002502441406,38.0,0.0,20.3,6.3,14.723274727933745,20.516982418380124
2377,26.9,36.926002502441406,38.0,0.0,20.8,6.2,25.789712402651634,34.63691372079549
2378,31.0,36.926002502441406,38.0,0.0,20.3,6.2,28.666475855254532,39.59994275657636
2379,28.5,36.926002502441406,38.0,0.0,20.2,6.1,23.585362432060872,35.57560872961826
2380,30.6,36.926002502441406,38.0,0.0,20.7,5.9,11.36549853250761,34.00964955975228
2381,38.1,36.926002502441406,38.0,0.0,20.8,5.7,24.805643112763693,45.54169293382911
2382,22.9,36.926002502441406,38.0,0.0,20.2,6.2,13.3805518780835,26.914165563425048
2383,27.8,36.926002502441406,38.0,0.0,19.4,5.6,10.818209260496133,31.045462778148842
2384,39.1,36.926002502441406,38.0,0.0,20.8,5.8,18.587763550820167,44.67632906524605
2385,38.0,36.926002502441406,38.0,0.0,20.2,5.9,5.9033131262109775,39.770993937863295
2386,24.7,36.926002502441406,38.0,0.0,20.6,5.6,21.664480087599852,31.199344026279956
2387,30.9,36.926002502441406,38.0,0.0,20.1,5.5,6.93853289627284,32.98155986888185
2388,31.0,36.926002502441406,38.0,0.0,20.1,5.7,21.37336214844509,37.41200864453353
2389,35.9,36.926002502441406,38.0,0.0,19.3,6.1,9.810346921208001,38.8431040763624
2390,24.8,36.926002502441406,38.0,0.0,20.2,6.1,26.59029148566413,32.77708744569924
2391,35.9,36.926002502441406,38.0,0.0,19.1,6.1,20.380392286006845,42.01411768580205
2392,20.4,36.926002502441406,38.0,0.0,19.4,6.3,22.08440687735468,27.025322063206403
2393,17.9,36.926002502441406,38.0,0.0,20.5,6.1,19.671419380494633,23.801425814148388
2394,39.9,36.926002502441406,38.0,0.0,19.9,6.0,12.05290604252842,43.515871812758526
2395,26.4,36.926002502441406,38.0,0.0,19.7,5.5,22.430722847883164,33.12921685436495
2396,26.1,36.926002502441406,38.0,0.0,19.4,6.2,18.44857497879194,31.634572493637585
2397,22.8,36.926002502441406,38.0,0.0,20.6,5.7,22.096765829704786,29.429029748911436
2398,19.5,36.926002502441406,38.0,0.0,20.2,6.1,17.45368890691286,24.73610667207386
2399,17.2,36.926002502441406,38.0,0.0,19.2,6.1,26.985220109099878,25.295566032729962
2400,15.2,36.47600173950195,37.0,0.0,19.8,6.4,28.77524175338869,23.832572526016605
2401,39.1,36.47600173950195,37.0,0.0,20.8,6.5,15.379077983118798,43.71372339493564
2402,23.6,36.47600173950195,37.0,0.0,20.6,5.9,29.868050217759542,32.56041506532786
2403,34.1,36.47600173950195,37.0,0.0,19.6,6.2,6.08621812718239,35.925865438154716
2404,38.9,36.47600173950195,37.0,0.0,19.4,5.7,20.241129449816036,44.97233883494481
2405,36.2,36.47600173950195,37.0,0.0,20.9,6.5,20.268840676103792,42.28065220283114
2406,19.2,36.47600173950195,37.0,0.0,20.4,6.3,21.192929072312022,25.557878721693605
2407,29.0,36.47600173950195,37.0,0.0,19.3,5.7,25.048664421637746,36.51459932649132
2408,16.9,36.47600173950195,37.0,0.0,19.2,6.4,13.281847273356055,20.884554182006816
2409,30.0,36.47600173950195,37.0,0.0,20.5,6.3,6.7184792413242,32.01554377239726
2410,24.3,36.47600173950195,37.0,0.0,20.7,5.8,8.866174544597136,26.95985236337914
2411,25.8,36.47600173950195,37.0,0.0,19.3,5.7,16.64438937771756,30.79331681331527
2412,29.1,36.47600173950195,37.0,0.0,20.8,6.1,15.624910456592168,33.78747313697765
2413,23.3,36.47600173950195,37.0,0.0,21.0,5.8,18.605628882496948,28.881688664749085
2414,20.1,36.47600173950195,37.0,0.0,20.1,6.1,15.761622832717569,24.82848684981527
2415,40.0,36.47600173950195,37.0,0.0,20.9,5.7,8.808131843009235,42.64243955290277
2416,20.6,36.47600173950195,37.0,0.0,19.5,6.3,15.635433166029737,25.290629949808924
2417,28.3,36.47600173950195,37.0,0.0,20.8,5.9,7.736079660953078,30.620823898285924
2418,15.7,36.47600173950195,37.0,0.0,19.6,6.0,5.811693993978957,17.443508198193687
2419,27.7,36.47600173950195,37.0,0.0,20.9,5.7,29.469264902728817,36.54077947081864
2420,21.2,36.47600173950195,37.0,0.0,20.6,6.5,15.946082454053045,25.98382473621591
2421,39.0,36.47600173950195,37.0,0.0,20.2,6.0,12.118483679917585,42.635545103975275
2422,25.7,36.47600173950195,37.0,0.0,20.0,5.8,13.601522318526946,29.780456695558083
2423,20.5,36.47600173950195,37.0,0.0,19.6,6.1,11.790733308891596,24.037219992667477
2424,35.0,36.47600173950195,37.0,0.0,20.6,5.8,18.12831569337494,40.438494708012485
2425,28.9,36.47600173950195,37.0,0.0,19.0,5.9,18.873607789115642,34.56208233673469
2426,28.9,36.47600173950195,37.0,0.0,20.6,6.2,28.982901981789436,37.59487059453683
2427,33.9,36.47600173950195,37.0,0.0,20.8,6.5,26.035208531956744,41.71056255958702
2428,26.2,36.47600173950195,37.0,0.0,19.9,5.6,15.615923669151131,30.88477710074534
2429,17.3,36.47600173950195,37.0,0.0,19.4,5.9,17.081162680182175,22.424348804054652
2430,23.4,36.47600173950195,37.0,0.0,20.0,5.9,7.3691741170596385,25.61075223511789
2431,37.4,36.47600173950195,37.0,0.0,19.5,5.9,25.212236012875454,44.963670803862634
2432,32.1,36.47600173950195,37.0,0.0,19.7,5.8,10.414634933119853,35.224390479935956
2433,28.8,36.47600173950195,37.0,0.0,20.4,5.9,13.758762849980572,32.92762885499417
2434,16.9,36.47600173950195,37.0,0.0,20.1,6.3,10.846395200287386,20.153918560086215
2435,16.5,36.47600173950195,37.0,0.0,20.9,6.1,6.766979720997394,18.53009391629922
2436,29.1,36.47600173950195,37.0,0.0,19.4,6.5,19.607772743219243,34.982331822965776
2437,20.9,36.47600173950195,37.0,0.0,19.2,6.3,11.440001290061787,24.332000387018535
2438,35.0,36.47600173950195,37.0,0.0,20.6,6.0,8.361145100051353,37.50834353001541
2439,38.8,36.47600173950195,37.0,0.0,20.6,6.4,7.113904474997574,40.93417134249927
2440,37.2,36.47600173950195,37.0,0.0,19.2,5.9,9.336595952485512,40.00097878574566
2441,31.2,36.47600173950195,37.0,0.0,20.1,6.3,12.599768362170018,34.979930508651
2442,27.3,36.47600173950195,37.0,0.0,19.8,6.3,12.18288424260507,30.95486527278152
2443,17.4,36.47600173950195,37.0,0.0,20.0,6.4,21.127604032518658,23.738281209755595
2444,29.2,36.47600173950195,37.0,0.0,19.5,5.9,10.989988292083515,32.496996487625054
2445,39.5,36.47600173950195,37.0,0.0,19.8,6.0,26.52013005725662,47.456039017176984
2446,16.4,36.47600173950195,37.0,0.0,20.2,5.8,24.55912923228885,23.767738769686652
2447,25.4,36.47600173950195,37.0,0.0,20.0,5.6,16.68767555671335,30.406302667014003
2448,27.6,36.47600173950195,37.0,0.0,19.1,6.5,11.967146654610104,31.190143996383032
2449,30.6,36.47600173950195,37.0,0.0,19.9,5.8,13.01009408227504,34.50302822468252
2450,17.9,36.47600173950195,37.0,0.0,20.9,5.9,10.196645693543841,20.95899370806315
2451,17.7,36.47600173950195,37.0,0.0,20.9,5.5,5.526497425890074,19.357949227767023
2452,16.1,36.47600173950195,37.0,0.0,20.1,6.2,17.251025100963844,21.275307530289155
2453,36.5,36.47600173950195,37.0,0.0,20.3,5.8,17.374602408069443,41.71238072242083
2454,32.9,36.47600173950195,37.0,0.0,20.7,6.2,26.663214252057163,40.898964275617146
2455,16.5,36.47600173950195,37.0,0.0,20.3,5.6,14.323833229916387,20.797149968974914
2456,24.7,36.47600173950195,37.0,0.0,19.3,6.3,21.749815579355936,31.22494467380678
2457,36.7,36.47600173950195,37.0,0.0,20.8,6.0,10.597903629491043,39.879371088847314
2458,24.2,36.47600173950195,37.0,0.0,20.4,6.2,28.92410734435247,32.87723220330574
2459,18.4,36.47600173950195,37.0,0.0,20.0,5.9,11.739489546641694,21.921846863992506
2460,35.6,35.926002502441406,37.0,0.0,20.5,5.6,14.714783693865597,40.01443510815968
2461,22.3,35.926002502441406,37.0,0.0,20.9,5.7,24.74828060060083,29.724484180180248
2462,29.2,35.926002502441406,37.0,0.0,20.1,5.7,5.572814796556958,30.871844438967088
2463,39.9,35.926002502441406,37.0,0.0,19.4,6.0,11.824971427012006,43.4474914281036
2464,38.1,35.926002502441406,37.0,0.0,19.3,6.1,21.156517537311547,44.446955261193466
2465,19.2,35.926002502441406,37.0,0.0,19.6,6.1,23.7156755032131,26.31470265096393
2466,25.8,35.926002502441406,37.0,0.0,19.9,5.5,14.680649775649089,30.204194932694726
2467,26.2,35.926002502441406,37.0,0.0,20.6,5.7,22.32669347890228,32.898008043670686
2468,27.9,35.926002502441406,37.0,0.0,19.5,6.0,28.101084338950884,36.330325301685264
2469,29.3,35.926002502441406,37.0,0.0,20.5,5.8,15.592568590813203,33.97777057724396
2470,36.0,35.926002502441406,37.0,0.0,20.8,6.2,5.9736076905888265,37.79208230717665
2471,17.2,35.926002502441406,37.0,0.0,20.7,5.6,17.557145617343018,22.467143685202906
2472,36.6,35.926002502441406,37.0,0.0,20.3,5.8,16.88993045596238,41.66697913678871
2473,20.7,35.926002502441406,37.0,0.0,19.7,6.2,7.7315468229021,23.01946404687063
2474,27.7,35.926002502441406,37.0,0.0,19.3,6.0,8.176909909779427,30.153072972933828
2475,35.8,35.926002502441406,37.0,0.0,20.7,5.6,19.332955273841858,41.59988658215256
2476,35.0,35.926002502441406,37.0,0.0,19.4,6.1,25.09591055157101,42.5287731654713
2477,20.4,35.926002502441406,37.0,0.0,19.1,5.7,14.16580043415684,24.64974013024705
2478,30.2,35.926002502441406,37.0,0.0,20.6,6.2,6.0295932580403395,32.0088779774121
2479,26.1,35.926002502441406,37.0,0.0,19.8,6.1,28.938013168672132,34.78140395060164
2480,23.4,35.926002502441406,37.0,0.0,20.7,6.2,12.226288386086901,27.067886515826068
2481,32.7,35.926002502441406,37.0,0.0,19.3,6.2,19.74230857052815,38.622692571158446
2482,19.2,35.926002502441406,37.0,0.0,20.3,5.9,14.874393937904246,23.662318181371273
2483,19.7,35.926002502441406,37.0,0.0,19.3,5.7,12.087979810876682,23.326393943263003
2484,20.2,35.926002502441406,37.0,0.0,19.4,5.8,21.925208822946715,26.777562646884014
2485,30.9,35.926002502441406,37.0,0.0,20.6,5.8,18.86013556575422,36.55804066972627
2486,25.6,35.926002502441406,37.0,0.0,19.1,6.4,17.122700383198623,30.73681011495959
2487,37.1,35.926002502441406,37.0,0.0,19.6,6.1,24.948677430812193,44.58460322924366
2488,39.1,35.926002502441406,37.0,0.0,20.6,5.8,27.403408947734203,47.32102268432026
2489,26.7,35.926002502441406,37.0,0.0,20.3,6.0,19.063791460158605,32.41913743804758
2490,23.8,35.926002502441406,37.0,0.0,20.5,6.2,23.917443038568397,30.97523291157052
2491,24.1,35.926002502441406,37.0,0.0,21.0,5.7,21.426075126371384,30.527822537911415
2492,18.4,35.926002502441406,37.0,0.0,19.4,6.0,22.18365099716845,25.055095299150533
2493,35.8,35.926002502441406,37.0,0.0,20.2,5.6,26.801839883645236,43.84055196509357
2494,16.8,35.926002502441406,37.0,0.0,20.6,5.9,6.75360061649294,18.826080184947884
2495,18.5,35.926002502441406,37.0,0.0,20.3,6.3,8.168098357072955,20.950429507121886
2496,25.2,35.926002502441406,37.0,0.0,19.0,6.4,19.471830719021312,31.041549215706393
2497,28.7,35.926002502441406,37.0,0.0,20.2,6.1,29.370839292358358,37.51125178770751
2498,31.2,35.926002502441406,37.0,0.0,20.2,6.0,26.340472678735303,39.10214180362059
2499,35.5,35.926002502441406,37.0,0.0,19.5,5.7,13.154238750804405,39.44627162524132
2500,24.8,35.926002502441406,37.0,0.0,19.7,5.7,9.688414638267203,27.706524391480162
2501,22.3,35.926002502441406,37.0,0.0,20.1,5.6,8.142141530317907,24.74264245909537
2502,19.4,35.926002502441406,37.0,0.0,19.7,6.4,14.644737582152075,23.79342127464562
2503,38.5,35.926002502441406,37.0,0.0,19.4,6.5,16.41263692869304,43.42379107860791
2504,27.3,35.926002502441406,37.0,0.0,20.4,5.8,28.651901532523947,35.89557045975718
2505,20.5,35.926002502441406,37.0,0.0,20.2,6.1,21.73845783203763,27.02153734961129
2506,31.0,35.926002502441406,37.0,0.0,19.9,6.2,17.56997190412018,36.27099157123605
2507,16.4,35.926002502441406,37.0,0.0,19.8,6.3,18.74667259543666,22.024001778630996
2508,25.0,35.926002502441406,37.0,0.0,20.7,6.1,9.352012564337858,27.805603769301356
2509,37.0,35.926002502441406,37.0,0.0,19.8,5.5,18.768859520887915,42.630657856266374
2510,15.2,35.926002502441406,37.0,0.0,19.3,6.3,11.628470579023304,18.68854117370699
2511,19.2,35.926002502441406,37.0,0.0,20.5,5.9,11.37262026309198,22.611786078927594
2512,28.4,35.926002502441406,37.0,0.0,20.0,6.1,5.667096681994228,30.100129004598266
2513,36.6,35.926002502441406,37.0,0.0,21.0,6.4,27.21109381548304,44.763328144644916
2514,32.6,35.926002502441406,37.0,0.0,20.2,5.6,21.598026810542198,39.07940804316266
2515,37.7,35.926002502441406,37.0,0.0,19.2,5.7,7.182804426234422,39.85484132787033
2516,36.7,35.926002502441406,37.0,0.0,20.8,6.3,5.252236983069895,38.27567109492097
2517,37.4,35.926002502441406,37.0,0.0,20.6,6.5,21.143321555306724,43.74299646659202
2518,32.8,35.926002502441406,37.0,0.0,19.5,6.4,28.42903199836021,41.32870959950806
2519,29.1,35.926002502441406,37.0,0.0,20.3,6.4,8.170600890591075,31.551180267177322
2520,23.1,34.07600021362305,44.0,0.0,19.9,6.1,10.320842161531703,26.196252648459513
2521,30.9,34.07600021362305,44.0,0.0,19.6,5.9,15.691462101757839,35.60743863052735
2522,27.5,34.07600021362305,44.0,0.0,19.4,5.8,21.99622671234354,34.09886801370306
2523,23.4,34.07600021362305,44.0,0.0,19.1,5.8,25.02043551618033,30.906130654854095
2524,16.1,34.07600021362305,44.0,0.0,20.9,5.5,8.056136129423262,18.51684083882698
2525,26.6,34.07600021362305,44.0,0.0,20.0,5.6,22.007566072927926,33.20226982187838
2526,24.4,34.07600021362305,44.0,0.0,20.3,5.9,28.99164968216677,33.09749490465003
2527,21.9,34.07600021362305,44.0,0.0,20.8,5.9,20.0587145096801,27.917614352904028
2528,27.3,34.07600021362305,44.0,0.0,19.3,6.3,14.451046166375148,31.635313849912546
2529,31.8,34.07600021362305,44.0,0.0,20.9,6.1,10.981334438902834,35.094400331670855
2530,19.5,34.07600021362305,44.0,0.0,20.5,5.6,11.728968646365317,23.018690593909596
2531,32.9,34.07600021362305,44.0,0.0,20.3,6.2,27.498738088520433,41.14962142655613
2532,35.4,34.07600021362305,44.0,0.0,20.1,6.1,29.195564498686316,44.158669349605894
2533,36.8,34.07600021362305,44.0,0.0,20.1,6.0,19.052281823689352,42.5156845471068
2534,18.7,34.07600021362305,44.0,0.0,20.2,5.8,27.322641871712875,26.896792561513863
2535,30.4,34.07600021362305,44.0,0.0,19.2,5.9,27.00277290626265,38.500831871878795
2536,34.5,34.07600021362305,44.0,0.0,20.7,6.0,13.934314279852936,38.68029428395588
2537,15.6,34.07600021362305,44.0,0.0,19.5,6.3,29.951130685247296,24.585339205574186
2538,19.1,34.07600021362305,44.0,0.0,20.5,5.8,6.24695036888047,20.97408511066414
2539,37.1,34.07600021362305,44.0,0.0,20.0,6.3,23.739610100627218,44.22188303018817
2540,22.2,34.07600021362305,44.0,0.0,20.8,6.3,14.049976693174669,26.4149930079524
2541,22.9,34.07600021362305,44.0,0.0,19.8,6.5,11.573769549939346,26.372130864981802
2542,24.4,34.07600021362305,44.0,0.0,19.1,5.5,13.948834035376626,28.584650210612985
2543,19.4,34.07600021362305,44.0,0.0,19.9,5.8,24.817090820494535,26.84512724614836
2544,37.8,34.07600021362305,44.0,0.0,20.9,5.7,16.70718614492145,42.81215584347643
2545,17.7,34.07600021362305,44.0,0.0,20.9,6.2,11.940197753524174,21.28205932605725
2546,26.4,34.07600021362305,44.0,0.0,19.2,6.2,7.92487231642119,28.777461694926355
2547,17.0,34.07600021362305,44.0,0.0,19.8,5.8,28.529111330832063,25.55873339924962
2548,32.1,34.07600021362305,44.0,0.0,19.4,5.9,5.648478263294261,33.79454347898828
2549,16.3,34.07600021362305,44.0,0.0,19.0,6.3,24.09629375623868,23.528888126871603
2550,18.5,34.07600021362305,44.0,0.0,20.8,6.3,29.017768634993153,27.205330590497944
2551,35.3,34.07600021362305,44.0,0.0,20.2,5.9,8.559674910391672,37.867902473117496
2552,23.3,34.07600021362305,44.0,0.0,19.1,5.8,7.392694058083311,25.517808217424992
2553,35.4,34.07600021362305,44.0,0.0,19.3,6.0,21.630303979751464,41.88909119392544
2554,31.9,34.07600021362305,44.0,0.0,19.8,5.6,29.800595735424153,40.84017872062724
2555,16.9,34.07600021362305,44.0,0.0,19.5,6.1,6.978266869626532,18.993480060887958
2556,28.2,34.07600021362305,44.0,0.0,19.5,6.4,27.185019017328525,36.35550570519855
2557,19.4,34.07600021362305,44.0,0.0,19.2,6.0,12.827719902425864,23.24831597072776
2558,18.6,34.07600021362305,44.0,0.0,19.5,6.3,7.235602431161329,20.7706807293484
2559,26.0,34.07600021362305,44.0,0.0,20.4,6.5,25.17512154486684,33.55253646346005
2560,30.4,34.07600021362305,44.0,0.0,19.2,6.5,24.883363158264373,37.86500894747931
2561,34.0,34.07600021362305,44.0,0.0,19.6,6.2,10.519034349629035,37.15571030488871
2562,28.5,34.07600021362305,44.0,0.0,19.2,6.2,12.851209037227466,32.35536271116824
2563,30.6,34.07600021362305,44.0,0.0,20.6,5.5,5.8423313132110835,32.35269939396333
2564,26.4,34.07600021362305,44.0,0.0,20.5,6.0,9.179359913907579,29.153807974172274
2565,37.2,34.07600021362305,44.0,0.0,19.1,6.0,11.782430356104957,40.73472910683149
2566,20.4,34.07600021362305,44.0,0.0,20.6,5.6,12.494696572234414,24.14840897167032
2567,24.0,34.07600021362305,44.0,0.0,20.6,6.4,14.593299624665628,28.37798988739969
2568,35.4,34.07600021362305,44.0,0.0,21.0,5.8,10.965671333632663,38.689701400089795
2569,19.0,34.07600021362305,44.0,0.0,20.0,5.7,24.156367470834653,26.246910241250397
2570,29.0,34.07600021362305,44.0,0.0,19.4,6.0,27.44787764212092,37.234363292636274
2571,16.3,34.07600021362305,44.0,0.0,20.4,5.8,28.52947106762558,24.858841320287674
2572,35.4,34.07600021362305,44.0,0.0,20.9,6.4,23.82718329575758,42.548154988727276
2573,18.1,34.07600021362305,44.0,0.0,19.5,5.6,16.60816155463771,23.082448466391313
2574,27.0,34.07600021362305,44.0,0.0,19.5,5.9,27.776051795096603,35.332815538528976
2575,27.2,34.07600021362305,44.0,0.0,20.1,5.6,28.144806232329504,35.64344186969885
2576,36.5,34.07600021362305,44.0,0.0,20.9,5.9,7.509258791460287,38.752777637438086
2577,23.6,34.07600021362305,44.0,0.0,20.1,5.8,12.872219988311521,27.46166599649346
2578,28.0,34.07600021362305,44.0,0.0,20.3,5.8,29.095293821505027,36.72858814645151
2579,18.9,34.07600021362305,44.0,0.0,20.5,6.2,19.000894865760774,24.60026845972823
2580,16.5,30.525999069213867,65.0,0.0,20.1,5.7,22.419515769285095,23.225854730785528
2581,23.7,30.525999069213867,65.0,0.0,19.7,6.4,17.491464656766283,28.947439397029882
2582,18.9,30.525999069213867,65.0,0.0,19.5,5.6,24.553069998847764,26.265920999654327
2583,19.3,30.525999069213867,65.0,0.0,20.7,5.6,21.470182282396955,25.74105468471909
2584,21.5,30.525999069213867,65.0,0.0,20.1,5.9,18.51273562791026,27.05382068837308
2585,31.0,30.525999069213867,65.0,0.0,19.3,6.0,20.679130650553184,37.20373919516595
2586,17.0,30.525999069213867,65.0,0.0,19.3,5.8,24.360187363210017,24.308056208963006
2587,29.6,30.525999069213867,65.0,0.0,19.9,5.9,25.105500538369288,37.13165016151079
2588,37.8,30.525999069213867,65.0,0.0,19.9,5.9,17.76081272535741,43.12824381760722
2589,23.3,30.525999069213867,65.0,0.0,19.6,6.1,29.42682565756624,32.12804769726987
2590,24.4,30.525999069213867,65.0,0.0,20.4,6.2,17.79530186914331,29.738590560742992
2591,20.0,30.525999069213867,65.0,0.0,20.8,6.5,7.47125860149108,22.241377580447324
2592,27.8,30.525999069213867,65.0,0.0,20.2,6.2,10.664452938751168,30.999335881625353
2593,30.8,30.525999069213867,65.0,0.0,19.1,6.0,20.118638592342286,36.83559157770269
2594,20.4,30.525999069213867,65.0,0.0,20.2,5.9,23.561569946562443,27.468470983968732
2595,25.6,30.525999069213867,65.0,0.0,19.9,5.9,25.706973426469517,33.31209202794086
2596,19.5,30.525999069213867,65.0,0.0,19.7,6.3,19.39385134595011,25.318155403785035
2597,24.8,30.525999069213867,65.0,0.0,20.1,5.9,13.356720084943317,28.807016025482994
2598,15.9,30.525999069213867,65.0,0.0,19.3,6.3,12.688243604813593,19.706473081444077
2599,26.0,30.525999069213867,65.0,0.0,20.8,5.8,27.760649263702177,34.32819477911065
2600,21.7,30.525999069213867,65.0,0.0,20.3,6.0,29.9063818505178,30.67191455515534
2601,37.5,30.525999069213867,65.0,0.0,20.3,5.7,29.473513318265137,46.34205399547954
2602,35.8,30.525999069213867,65.0,0.0,19.7,5.6,17.35626764175442,41.006880292526326
2603,21.4,30.525999069213867,65.0,0.0,19.7,5.7,7.334180148804885,23.600254044641463
2604,22.6,30.525999069213867,65.0,0.0,19.9,6.0,9.69769875287161,25.509309625861484
2605,32.6,30.525999069213867,65.0,0.0,20.7,6.5,6.9235678244091226,34.67707034732274
2606,30.9,30.525999069213867,65.0,0.0,20.4,5.8,21.928903394518134,37.47867101835544
2607,18.3,30.525999069213867,65.0,0.0,19.3,5.5,14.79924387821732,22.739773163465195
2608,29.8,30.525999069213867,65.0,0.0,20.3,5.8,13.176076925272731,33.75282307758182
2609,19.6,30.525999069213867,65.0,0.0,20.7,6.1,20.791348971487274,25.83740469144618
2610,39.0,30.525999069213867,65.0,0.0,19.4,6.2,25.480852352840696,46.64425570585221
2611,35.0,30.525999069213867,65.0,0.0,19.1,5.9,5.821406354088514,36.74642190622655
2612,24.1,30.525999069213867,65.0,0.0,20.4,5.5,20.88241795909983,30.36472538772995
2613,26.3,30.525999069213867,65.0,0.0,19.1,5.7,16.572394858808863,31.27171845764266
2614,34.7,30.525999069213867,65.0,0.0,20.0,5.7,14.321096275068347,38.99632888252051
2615,20.7,30.525999069213867,65.0,0.0,20.3,6.3,17.15633551345301,25.846900654035903
2616,34.9,30.525999069213867,65.0,0.0,19.6,6.0,17.745238493653147,40.22357154809594
2617,32.7,30.525999069213867,65.0,0.0,19.2,6.4,17.176477584762036,37.852943275428615
2618,17.9,30.525999069213867,65.0,0.0,20.2,5.5,22.63265760802385,24.689797282407156
2619,34.3,30.525999069213867,65.0,0.0,19.2,6.1,21.86262262193196,40.858786786579586
2620,24.2,30.525999069213867,65.0,0.0,20.0,6.0,26.224558139173826,32.06736744175215
2621,18.4,30.525999069213867,65.0,0.0,19.9,6.3,8.823303854197835,21.04699115625935
2622,28.0,30.525999069213867,65.0,0.0,19.6,5.9,25.947578339142005,35.784273501742604
2623,24.6,30.525999069213867,65.0,0.0,20.4,5.7,17.904701194959962,29.97141035848799
2624,16.6,30.525999069213867,65.0,0.0,20.8,5.5,16.902773458749753,21.670832037624926
2625,17.9,30.525999069213867,65.0,0.0,20.0,6.0,15.179223559102738,22.45376706773082
2626,25.3,30.525999069213867,65.0,0.0,20.8,6.2,12.536841851295026,29.061052555388507
2627,39.3,30.525999069213867,65.0,0.0,20.9,6.4,8.511575427369692,41.8534726282109
2628,22.5,30.525999069213867,65.0,0.0,19.7,6.0,9.716293964418945,25.414888189325683
2629,30.6,30.525999069213867,65.0,0.0,20.5,5.9,17.409335370587637,35.82280061117629
2630,22.6,30.525999069213867,65.0,0.0,20.0,6.3,8.616940656937548,25.185082197081265
2631,28.0,30.525999069213867,65.0,0.0,19.4,6.4,27.691002264292667,36.3073006792878
2632,19.0,30.525999069213867,65.0,0.0,20.2,6.4,9.51449013774829,21.854347041324488
2633,34.8,30.525999069213867,65.0,0.0,20.6,5.7,8.652742393097508,37.39582271792925
2634,29.7,30.525999069213867,65.0,0.0,20.9,5.9,8.03092691293638,32.109278073880915
2635,28.1,30.525999069213867,65.0,0.0,19.3,6.4,27.685687683612517,36.405706305083754
2636,31.2,30.525999069213867,65.0,0.0,19.7,5.8,10.700475761200652,34.41014272836019
2637,36.4,30.525999069213867,65.0,0.0,19.2,6.3,20.793776713873513,42.63813301416205
2638,22.7,30.525999069213867,65.0,0.0,21.0,6.2,10.461490693515216,25.838447208054564
2639,18.8,30.525999069213867,65.0,0.0,19.2,6.4,23.94193448613377,25.982580345840134
2640,30.0,29.97599983215332,67.0,0.0,19.2,5.8,15.499611386787555,34.64988341603627
2641,28.6,29.97599983215332,67.0,0.0,20.0,6.1,25.536207773332357,36.26086233199971
2642,18.4,29.97599983215332,67.0,0.0,19.4,6.4,14.615948041186734,22.784784412356018
2643,21.8,29.97599983215332,67.0,0.0,19.6,6.0,28.946573388083554,30.483972016425067
2644,39.5,29.97599983215332,67.0,0.0,20.9,5.9,7.885306859150393,41.86559205774512
2645,33.8,29.97599983215332,67.0,0.0,20.9,6.4,20.453271896464088,39.935981568939226
2646,15.4,29.97599983215332,67.0,0.0,20.4,6.1,6.717630255965025,17.415289076789506
2647,17.7,29.97599983215332,67.0,0.0,19.8,6.5,29.988115331259383,26.696434599377813
2648,20.0,29.97599983215332,67.0,0.0,19.3,6.0,23.561422099259385,27.068426629777814
2649,35.8,29.97599983215332,67.0,0.0,20.2,5.8,13.476101411239009,39.8428304233717
2650,35.1,29.97599983215332,67.0,0.0,20.2,6.0,21.110509231631635,41.43315276948949
2651,32.9,29.97599983215332,67.0,0.0,19.6,6.2,20.23271258488363,38.969813775465084
2652,27.9,29.97599983215332,67.0,0.0,20.2,6.1,22.983399418700422,34.795019825610126
2653,39.9,29.97599983215332,67.0,0.0,20.5,6.0,11.59079640035998,43.37723892010799
2654,33.6,29.97599983215332,67.0,0.0,19.4,6.2,9.894120476550803,36.56823614296524
2655,19.7,29.97599983215332,67.0,0.0,20.7,6.0,22.514747335865195,26.454424200759558
2656,34.1,29.97599983215332,67.0,0.0,20.8,5.7,28.915507620792045,42.77465228623761
2657,37.6,29.97599983215332,67.0,0.0,19.4,5.6,11.823630546524331,41.147089163957304
2658,37.4,29.97599983215332,67.0,0.0,19.8,5.8,22.36808003748363,44.11042401124509
2659,33.6,29.97599983215332,67.0,0.0,20.2,6.2,5.721868358588093,35.316560507576426
2660,24.6,29.97599983215332,67.0,0.0,21.0,5.5,18.364385993713338,30.109315798114004
2661,16.1,29.97599983215332,67.0,0.0,19.2,5.5,21.036575398631715,22.410972619589515
2662,29.4,29.97599983215332,67.0,0.0,20.4,6.2,16.559817154314295,34.36794514629429
2663,22.3,29.97599983215332,67.0,0.0,20.7,5.6,13.71399301393991,26.414197904181975
2664,33.3,29.97599983215332,67.0,0.0,19.6,5.6,14.604824208479068,37.68144726254371
2665,17.8,29.97599983215332,67.0,0.0,19.5,6.2,23.979140281452047,24.993742084435613
2666,29.8,29.97599983215332,67.0,0.0,19.2,6.3,15.894557125199626,34.56836713755989
2667,16.3,29.97599983215332,67.0,0.0,20.4,5.8,15.185424571703273,20.855627371510984
2668,35.9,29.97599983215332,67.0,0.0,20.7,6.0,8.193447365976185,38.358034209792855
2669,25.3,29.97599983215332,67.0,0.0,19.2,6.2,28.40685206007244,33.822055618021736
2670,34.9,29.97599983215332,67.0,0.0,20.2,6.4,27.536017040504895,43.160805112151465
2671,36.6,29.97599983215332,67.0,0.0,20.7,6.4,22.19040002490617,43.257120007471855
2672,24.3,29.97599983215332,67.0,0.0,20.6,6.5,28.159307127438115,32.74779213823143
2673,22.4,29.97599983215332,67.0,0.0,20.2,6.4,28.18153886273926,30.854461658821776
2674,25.0,29.97599983215332,67.0,0.0,20.5,6.3,17.26125555419229,30.178376666257687
2675,34.3,29.97599983215332,67.0,0.0,20.1,6.4,23.173937476191973,41.25218124285759
2676,20.0,29.97599983215332,67.0,0.0,20.4,6.3,20.169360001269723,26.05080800038092
2677,25.5,29.97599983215332,67.0,0.0,19.0,6.4,18.699096107699432,31.10972883230983
2678,35.0,29.97599983215332,67.0,0.0,19.1,5.6,5.624174239632821,36.68725227188985
2679,23.1,29.97599983215332,67.0,0.0,19.8,5.6,18.943135024302457,28.78294050729074
2680,15.7,29.97599983215332,67.0,0.0,20.6,5.5,9.099898208237079,18.429969462471124
2681,22.1,29.97599983215332,67.0,0.0,20.9,6.4,20.807918196591636,28.342375458977493
2682,20.5,29.97599983215332,67.0,0.0,20.7,5.8,29.582371826075804,29.37471154782274
2683,37.0,29.97599983215332,67.0,0.0,20.5,6.4,12.360447992289647,40.70813439768689
2684,32.4,29.97599983215332,67.0,0.0,20.6,5.9,19.250661906300728,38.17519857189022
2685,34.8,29.97599983215332,67.0,0.0,20.5,6.5,27.58130342783765,43.07439102835129
2686,23.4,29.97599983215332,67.0,0.0,19.3,5.7,10.596528659000715,26.578958597700215
2687,21.8,29.97599983215332,67.0,0.0,20.9,5.6,23.258487530265977,28.777546259079795
2688,31.0,29.97599983215332,67.0,0.0,20.1,6.5,26.167310766688086,38.850193230006425
2689,22.1,29.97599983215332,67.0,0.0,20.7,6.0,15.05653934274256,26.616961802822768
2690,37.2,29.97599983215332,67.0,0.0,20.9,6.4,6.030862201834434,39.00925866055033
2691,15.9,29.97599983215332,67.0,0.0,19.8,6.1,8.802766844798741,18.540830053439624
2692,26.5,29.97599983215332,67.0,0.0,20.0,6.4,27.308091639029893,34.69242749170897
2693,28.2,29.97599983215332,67.0,0.0,19.1,5.6,15.986087708271333,32.9958263124814
2694,28.0,29.97599983215332,67.0,0.0,20.1,6.0,22.39461472612242,34.718384417836724
2695,39.1,29.97599983215332,67.0,0.0,20.7,6.3,20.73617516244039,45.32085254873212
2696,31.5,29.97599983215332,67.0,0.0,19.3,6.5,10.726608792494458,34.717982637748335
2697,31.1,29.97599983215332,67.0,0.0,19.6,6.2,10.274519547929678,34.182355864378906
2698,29.5,29.97599983215332,67.0,0.0,20.3,6.3,24.39268023464158,36.81780407039248
2699,29.0,29.97599983215332,67.0,0.0,20.6,5.8,21.172284557758584,35.351685367327576
2700,35.5,29.42599868774414,71.0,0.0,21.0,5.6,22.525906100354916,42.25777183010648
2701,38.6,29.42599868774414,71.0,0.0,20.3,6.2,8.288175785390663,41.0864527356172
2702,35.4,29.42599868774414,71.0,0.0,20.3,6.0,15.893915685007372,40.16817470550221
2703,32.8,29.42599868774414,71.0,0.0,20.1,5.9,17.99939689188279,38.19981906756483
2704,20.9,29.42599868774414,71.0,0.0,20.2,6.1,13.628932525624858,24.988679757687457
2705,17.2,29.42599868774414,71.0,0.0,19.3,6.2,7.725218545768518,19.517565563730553
2706,27.8,29.42599868774414,71.0,0.0,19.4,6.5,29.163036736890156,36.54891102106705
2707,30.7,29.42599868774414,71.0,0.0,19.3,6.0,21.58760364266221,37.17628109279866
2708,16.3,29.42599868774414,71.0,0.0,20.1,5.9,11.448413512918972,19.734524053875692
2709,32.8,29.42599868774414,71.0,0.0,20.7,6.4,28.00748341798766,41.202245025396294
2710,24.5,29.42599868774414,71.0,0.0,19.5,5.6,16.293435111643838,29.38803053349315
2711,23.8,29.42599868774414,71.0,0.0,19.2,5.6,12.215733930610321,27.464720179183097
2712,21.3,29.42599868774414,71.0,0.0,19.5,6.1,13.205809868790215,25.261742960637065
2713,28.3,29.42599868774414,71.0,0.0,20.0,5.5,23.182558421352656,35.2547675264058
2714,25.4,29.42599868774414,71.0,0.0,19.4,5.9,11.431173922495375,28.82935217674861
2715,23.9,29.42599868774414,71.0,0.0,19.0,6.2,10.743392237888116,27.123017671366433
2716,39.8,29.42599868774414,71.0,0.0,20.4,6.1,26.200579916302438,47.660173974890725
2717,34.7,29.42599868774414,71.0,0.0,19.5,5.9,23.77124829584738,41.831374488754214
2718,27.1,29.42599868774414,71.0,0.0,19.9,6.5,16.053375563383877,31.916012669015164
2719,26.5,29.42599868774414,71.0,0.0,19.1,6.0,29.23667240164459,35.27100172049337
2720,31.9,29.42599868774414,71.0,0.0,20.4,6.4,11.691693936241741,35.40750818087252
2721,21.3,29.42599868774414,71.0,0.0,19.4,6.3,16.227340323508493,26.16820209705255
2722,19.3,29.42599868774414,71.0,0.0,20.9,5.8,13.368238843727946,23.310471653118384
2723,15.1,29.42599868774414,71.0,0.0,20.0,6.0,25.74884716155247,22.82465414846574
2724,34.5,29.42599868774414,71.0,0.0,21.0,6.5,19.978067339514325,40.4934202018543
2725,16.8,29.42599868774414,71.0,0.0,19.4,6.0,18.764202663782044,22.429260799134614
2726,15.6,29.42599868774414,71.0,0.0,19.7,6.2,15.512550255753236,20.25376507672597
2727,31.2,29.42599868774414,71.0,0.0,21.0,6.3,7.308782591566914,33.39263477747007
2728,26.1,29.42599868774414,71.0,0.0,19.2,5.9,19.380697151705405,31.914209145511624
2729,31.9,29.42599868774414,71.0,0.0,19.6,6.0,26.27900783451878,39.78370235035563
2730,34.0,29.42599868774414,71.0,0.0,20.4,5.8,6.59833298663982,35.97949989599194
2731,16.0,29.42599868774414,71.0,0.0,19.0,5.7,8.652283105448342,18.5956849316345
2732,32.2,29.42599868774414,71.0,0.0,19.2,6.1,12.973124993519729,36.09193749805592
2733,30.5,29.42599868774414,71.0,0.0,20.1,5.6,16.276977953791043,35.38309338613731
2734,34.6,29.42599868774414,71.0,0.0,19.2,6.1,9.785861269741282,37.53575838092239
2735,28.9,29.42599868774414,71.0,0.0,19.1,5.5,6.050998775384968,30.71529963261549
2736,24.1,29.42599868774414,71.0,0.0,20.5,6.2,7.033120817097567,26.20993624512927
2737,16.8,29.42599868774414,71.0,0.0,19.1,5.6,24.82560981251233,24.2476829437537
2738,23.7,29.42599868774414,71.0,0.0,19.8,5.8,26.58527142383184,31.675581427149552
2739,17.9,29.42599868774414,71.0,0.0,19.0,5.5,25.029836873439354,25.408951062031804
2740,18.0,29.42599868774414,71.0,0.0,20.2,5.5,16.259201010782334,22.8777603032347
2741,36.0,29.42599868774414,71.0,0.0,19.4,5.6,22.99170865975626,42.89751259792688
2742,21.2,29.42599868774414,71.0,0.0,20.9,6.5,26.487742377687606,29.146322713306283
2743,28.3,29.42599868774414,71.0,0.0,19.9,6.2,22.848881779501653,35.15466453385049
2744,37.0,29.42599868774414,71.0,0.0,20.6,6.1,28.498315188520174,45.549494556556056
2745,21.0,29.42599868774414,71.0,0.0,19.5,5.9,27.90796457006353,29.37238937101906
2746,35.8,29.42599868774414,71.0,0.0,20.2,6.2,16.989702239846515,40.896910671953954
2747,23.9,29.42599868774414,71.0,0.0,20.7,5.9,25.268195610925545,31.48045868327766
2748,26.6,29.42599868774414,71.0,0.0,19.5,6.3,21.744098318163548,33.12322949544907
2749,18.7,29.42599868774414,71.0,0.0,20.1,6.3,28.24659049396252,27.173977148188754
2750,37.8,29.42599868774414,71.0,0.0,20.7,6.5,28.070028646312654,46.22100859389379
2751,17.5,29.42599868774414,71.0,0.0,20.9,6.5,10.515106379861788,20.654531913958536
2752,19.3,29.42599868774414,71.0,0.0,19.5,6.4,7.018529650258633,21.40555889507759
2753,23.5,29.42599868774414,71.0,0.0,19.2,6.0,25.47557308826843,31.142671926480528
2754,15.9,29.42599868774414,71.0,0.0,19.9,5.9,29.07194964603341,24.621584893810024
2755,20.8,29.42599868774414,71.0,0.0,19.6,6.4,8.280796851352793,23.284239055405838
2756,37.3,29.42599868774414,71.0,0.0,19.5,6.0,14.610796916129086,41.683239074838724
2757,30.2,29.42599868774414,71.0,0.0,20.3,5.8,14.636785655852345,34.591035696755704
2758,24.5,29.42599868774414,71.0,0.0,21.0,5.6,10.111102029442698,27.53333060883281
2759,18.5,29.42599868774414,71.0,0.0,19.4,5.8,18.426022956537018,24.027806886961105
2760,36.1,28.92599868774414,73.0,0.0,19.7,5.7,26.469460474069834,44.04083814222095
2761,39.1,28.92599868774414,73.0,0.0,20.9,6.5,12.846326238433047,42.95389787152992
2762,34.2,28.92599868774414,73.0,0.0,20.4,5.5,24.827003203283493,41.64810096098505
2763,32.0,28.92599868774414,73.0,0.0,19.4,5.7,5.588575901187561,33.676572770356266
2764,28.2,28.92599868774414,73.0,0.0,19.0,6.1,28.270044873808736,36.681013462142616
2765,32.1,28.92599868774414,73.0,0.0,20.9,6.3,14.77839018543007,36.53351705562902
2766,22.5,28.92599868774414,73.0,0.0,19.8,6.2,14.502374477392209,26.850712343217662
2767,19.1,28.92599868774414,73.0,0.0,19.1,5.8,22.096040977327913,25.728812293198374
2768,20.2,28.92599868774414,73.0,0.0,20.5,5.8,27.907073886725087,28.572122166017525
2769,27.5,28.92599868774414,73.0,0.0,20.6,6.5,14.956012873256043,31.986803861976814
2770,33.7,28.92599868774414,73.0,0.0,19.0,6.2,6.935129168590683,35.78053875057721
2771,32.0,28.92599868774414,73.0,0.0,20.3,6.2,12.48276158801633,35.7448284764049
2772,16.3,28.92599868774414,73.0,0.0,20.9,6.5,13.678652764552966,20.40359582936589
2773,27.1,28.92599868774414,73.0,0.0,19.6,6.3,24.331502962609328,34.3994508887828
2774,39.1,28.92599868774414,73.0,0.0,19.3,6.1,15.526765334833335,43.75802960045
2775,16.2,28.92599868774414,73.0,0.0,20.3,6.2,16.92898800070978,21.278696400212933
2776,20.8,28.92599868774414,73.0,0.0,19.1,5.8,19.267426695810176,26.580228008743052
2777,22.3,28.92599868774414,73.0,0.0,20.1,5.7,26.04143086248724,30.11242925874617
2778,15.8,28.92599868774414,73.0,0.0,19.6,5.6,11.358106658878658,19.207431997663598
2779,36.8,28.92599868774414,73.0,0.0,19.7,6.1,25.3682584473617,44.41047753420851
2780,26.2,28.92599868774414,73.0,0.0,20.9,6.1,7.42701494742075,28.428104484226225
2781,18.0,28.92599868774414,73.0,0.0,20.7,6.4,24.540403823912623,25.362121147173788
2782,23.5,28.92599868774414,73.0,0.0,19.3,5.9,20.42328567113016,29.62698570133905
2783,34.3,28.92599868774414,73.0,0.0,19.3,5.7,12.497024750847075,38.04910742525412
2784,27.0,28.92599868774414,73.0,0.0,20.0,5.9,15.448362313130714,31.634508693939214
2785,20.6,28.92599868774414,73.0,0.0,19.4,6.1,11.575761226094667,24.0727283678284
2786,18.4,28.92599868774414,73.0,0.0,19.2,5.5,7.749261048544452,20.724778314563334
2787,38.1,28.92599868774414,73.0,0.0,19.4,5.8,23.61771839567462,45.18531551870239
2788,39.8,28.92599868774414,73.0,0.0,20.0,5.9,15.435622191248662,44.43068665737459
2789,20.7,28.92599868774414,73.0,0.0,19.8,5.6,28.473835413995587,29.242150624198676
2790,23.9,28.92599868774414,73.0,0.0,20.5,5.7,9.660422220789009,26.7981266662367
2791,19.8,28.92599868774414,73.0,0.0,19.3,6.3,24.8129017248349,27.24387051745047
2792,31.8,28.92599868774414,73.0,0.0,20.1,6.1,23.455141985873773,38.83654259576213
2793,15.6,28.92599868774414,73.0,0.0,19.1,6.1,23.02641776725383,22.50792533017615
2794,15.8,28.92599868774414,73.0,0.0,20.4,5.8,14.689991845939605,20.206997553781882
2795,27.6,28.92599868774414,73.0,0.0,19.5,6.1,6.925676936556678,29.677703080967007
2796,28.7,28.92599868774414,73.0,0.0,20.0,5.6,12.94864798752942,32.58459439625882
2797,32.4,28.92599868774414,73.0,0.0,20.4,6.0,11.952264533482452,35.985679360044735
2798,22.1,28.92599868774414,73.0,0.0,20.8,5.7,6.014925855957438,23.904477756787234
2799,19.5,28.92599868774414,73.0,0.0,20.4,6.0,12.326846256877548,23.198053877063266
2800,36.8,28.92599868774414,73.0,0.0,19.3,5.6,11.256633519703664,40.1769900559111
2801,22.7,28.92599868774414,73.0,0.0,19.9,6.2,6.017153865112574,24.505146159533773
2802,39.4,28.92599868774414,73.0,0.0,19.5,6.1,8.720176050116228,42.01605281503487
2803,17.7,28.92599868774414,73.0,0.0,20.3,6.4,11.090495042449191,21.027148512734758
2804,22.7,28.92599868774414,73.0,0.0,19.6,6.3,21.388364833171554,29.116509449951465
2805,28.2,28.92599868774414,73.0,0.0,20.7,6.0,26.703185415011024,36.210955624503306
2806,25.0,28.92599868774414,73.0,0.0,20.0,6.2,22.264277105500163,31.67928313165005
2807,32.7,28.92599868774414,73.0,0.0,19.2,5.7,8.523318667130773,35.256995600139234
2808,15.5,28.92599868774414,73.0,0.0,21.0,6.5,12.186094577148708,19.15582837314461
2809,19.9,28.92599868774414,73.0,0.0,20.4,6.2,15.241888654356313,24.47256659630689
2810,36.2,28.92599868774414,73.0,0.0,20.2,6.5,14.312249227008735,40.49367476810262
2811,19.8,28.92599868774414,73.0,0.0,19.3,5.5,12.922415522954834,23.67672465688645
2812,25.7,28.92599868774414,73.0,0.0,19.6,5.6,27.366676103034127,33.91000283091024
2813,31.4,28.92599868774414,73.0,0.0,19.5,6.4,24.47644725660564,38.74293417698169
2814,20.2,28.92599868774414,73.0,0.0,20.2,6.3,18.58247712421329,25.774743137263986
2815,29.1,28.92599868774414,73.0,0.0,19.5,5.9,16.772671666206197,34.13180149986186
2816,19.8,28.92599868774414,73.0,0.0,19.8,6.0,20.86813351878129,26.060440055634388
2817,27.2,28.92599868774414,73.0,0.0,19.3,6.4,11.01833586589707,30.50550075976912
2818,35.0,28.92599868774414,73.0,0.0,20.1,6.0,23.8349110347133,42.15047331041399
2819,17.3,28.92599868774414,73.0,0.0,19.4,6.2,18.344835765594055,22.803450729678218
2820,32.3,28.325998306274418,77.0,0.0,21.0,6.3,27.359136441214073,40.507740932364214
2821,32.6,28.325998306274418,77.0,0.0,20.7,6.1,8.166101819290976,35.049830545787295
2822,19.4,28.325998306274418,77.0,0.0,19.7,5.9,24.36890937537711,26.710672812613133
2823,33.7,28.325998306274418,77.0,0.0,19.9,6.3,7.109447799396733,35.83283433981902
2824,22.0,28.325998306274418,77.0,0.0,20.5,5.7,25.521975389440275,29.656592616832082
2825,21.7,28.325998306274418,77.0,0.0,20.5,6.4,14.552782632275639,26.06583478968269
2826,24.8,28.325998306274418,77.0,0.0,19.1,5.7,21.440864420404953,31.232259326121486
2827,36.5,28.325998306274418,77.0,0.0,19.5,6.1,16.384052451237142,41.41521573537114
2828,28.6,28.325998306274418,77.0,0.0,19.6,5.5,20.1366045973092,34.64098137919276
2829,30.4,28.325998306274418,77.0,0.0,19.3,5.5,24.45571237930017,37.73671371379005
2830,26.1,28.325998306274418,77.0,0.0,20.0,6.1,27.428535347695792,34.32856060430874
2831,19.4,28.325998306274418,77.0,0.0,20.6,6.3,26.7791951201672,27.433758536050156
2832,34.1,28.325998306274418,77.0,0.0,19.2,6.4,10.262075398195538,37.178622619458665
2833,18.4,28.325998306274418,77.0,0.0,20.2,6.0,11.828441745312556,21.948532523593766
2834,35.3,28.325998306274418,77.0,0.0,20.8,6.0,11.408646195684437,38.72259385870533
2835,28.8,28.325998306274418,77.0,0.0,19.1,5.6,22.65115937896772,35.59534781369032
2836,34.6,28.325998306274418,77.0,0.0,19.8,5.5,19.50597842142688,40.45179352642806
2837,20.8,28.325998306274418,77.0,0.0,19.8,5.6,17.124422660558956,25.93732679816769
2838,29.9,28.325998306274418,77.0,0.0,19.5,5.8,13.83938895959476,34.05181668787843
2839,28.0,28.325998306274418,77.0,0.0,20.0,5.7,11.860199089091923,31.558059726727578
2840,29.1,28.325998306274418,77.0,0.0,20.6,5.7,24.289465320020767,36.38683959600623
2841,25.4,28.325998306274418,77.0,0.0,19.6,6.2,22.48637290895494,32.14591187268648
2842,18.5,28.325998306274418,77.0,0.0,19.0,6.1,14.084791492464417,22.725437447739324
2843,39.5,28.325998306274418,77.0,0.0,19.5,6.0,13.97753919636035,43.69326175890811
2844,18.3,28.325998306274418,77.0,0.0,20.6,5.8,6.123160097273487,20.136948029182047
2845,25.3,28.325998306274418,77.0,0.0,20.7,6.3,18.16127130132394,30.74838139039718
2846,28.0,28.325998306274418,77.0,0.0,19.7,6.1,6.5501029181969885,29.965030875459096
2847,20.7,28.325998306274418,77.0,0.0,19.8,6.3,21.72342035424935,27.217026106274805
2848,30.5,28.325998306274418,77.0,0.0,20.0,6.0,28.63641298756322,39.09092389626896
2849,19.9,28.325998306274418,77.0,0.0,19.9,6.0,11.941091699452667,23.482327509835798
2850,27.1,28.325998306274418,77.0,0.0,19.0,6.1,27.23597453604199,35.2707923608126
2851,18.0,28.325998306274418,77.0,0.0,20.7,6.0,5.691486127519458,19.707445838255836
2852,21.2,28.325998306274418,77.0,0.0,19.0,6.0,5.207195046088154,22.762158513826446
2853,20.7,28.325998306274418,77.0,0.0,20.5,6.3,26.18068653430192,28.554205960290574
2854,34.2,28.325998306274418,77.0,0.0,20.3,6.3,22.86794123564337,41.06038237069301
2855,31.7,28.325998306274418,77.0,0.0,21.0,5.7,11.222633218945777,35.06678996568373
2856,24.1,28.325998306274418,77.0,0.0,19.4,5.9,21.176439911068126,30.45293197332044
2857,25.9,28.325998306274418,77.0,0.0,20.6,6.1,15.846409847026313,30.65392295410789
2858,22.7,28.325998306274418,77.0,0.0,20.5,6.5,6.8528100449905995,24.755843013497177
2859,21.2,28.325998306274418,77.0,0.0,20.5,5.7,12.535664339419556,24.960699301825866
2860,22.2,28.325998306274418,77.0,0.0,19.7,5.9,10.376877618387857,25.313063285516357
2861,22.1,28.325998306274418,77.0,0.0,20.7,6.4,6.039707497790052,23.911912249337018
2862,33.2,28.325998306274418,77.0,0.0,19.3,6.0,9.261250417764128,35.978375125329244
2863,38.7,28.325998306274418,77.0,0.0,20.6,5.9,24.281080699394405,45.984324209818325
2864,38.2,28.325998306274418,77.0,0.0,19.9,6.5,28.405319860455958,46.72159595813679
2865,38.4,28.325998306274418,77.0,0.0,20.9,6.3,22.144271490190878,45.04328144705726
2866,30.6,28.325998306274418,77.0,0.0,20.5,6.4,9.016072120052428,33.30482163601573
2867,40.0,28.325998306274418,77.0,0.0,19.7,6.1,22.402578871749025,46.72077366152471
2868,16.4,28.325998306274418,77.0,0.0,20.3,5.8,7.456392128684132,18.636917638605237
2869,25.0,28.325998306274418,77.0,0.0,20.1,6.2,15.776973704133441,29.733092111240033
2870,16.6,28.325998306274418,77.0,0.0,19.4,6.1,8.642036311615113,19.192610893484535
2871,17.0,28.325998306274418,77.0,0.0,19.3,5.8,24.633044834831466,24.38991345044944
2872,16.4,28.325998306274418,77.0,0.0,19.8,5.8,20.852166834952506,22.65565005048575
2873,39.9,28.325998306274418,77.0,0.0,20.4,5.8,22.27282723366034,46.5818481700981
2874,28.3,28.325998306274418,77.0,0.0,19.9,6.1,6.404464564030711,30.221339369209215
2875,39.0,28.325998306274418,77.0,0.0,20.9,5.5,29.75654844117655,47.92696453235297
2876,39.0,28.325998306274418,77.0,0.0,19.7,6.5,13.443254852314865,43.03297645569446
2877,16.3,28.325998306274418,77.0,0.0,20.6,5.5,26.267506530078144,24.180251959023444
2878,15.3,28.325998306274418,77.0,0.0,19.7,6.4,8.566209488686162,17.869862846605848
2879,27.6,28.325998306274418,77.0,0.0,20.3,5.6,29.32882228547952,36.398646685643854
2880,35.0,27.875999450683594,80.0,0.0,21.0,6.0,23.130548224676303,41.93916446740289
2881,23.1,27.875999450683594,80.0,0.0,19.9,6.4,12.711249767395437,26.91337493021863
2882,38.2,27.875999450683594,80.0,0.0,19.1,6.4,23.904874113453396,45.371462234036024
2883,24.5,27.875999450683594,80.0,0.0,19.4,6.1,23.832413411351332,31.649724023405398
2884,22.7,27.875999450683594,80.0,0.0,20.1,6.1,23.06939946982483,29.620819840947448
2885,17.9,27.875999450683594,80.0,0.0,20.2,5.9,9.608372854772464,20.78251185643174
2886,37.3,27.875999450683594,80.0,0.0,20.7,5.8,13.905754185225915,41.47172625556777
2887,15.3,27.875999450683594,80.0,0.0,20.5,6.4,22.314475704349878,21.994342711304963
2888,24.4,27.875999450683594,80.0,0.0,19.7,5.6,15.04089312271819,28.912267936815454
2889,29.7,27.875999450683594,80.0,0.0,19.6,6.0,19.3939313514036,35.51817940542108
2890,15.7,27.875999450683594,80.0,0.0,20.2,5.6,29.194925342477823,24.458477602743343
2891,18.9,27.875999450683594,80.0,0.0,20.0,6.4,10.56555688567292,22.069667065701875
2892,16.2,27.875999450683594,80.0,0.0,19.2,6.1,19.932957065447766,22.17988711963433
2893,35.6,27.875999450683594,80.0,0.0,19.6,5.9,22.16190183164274,42.248570549492825
2894,28.9,27.875999450683594,80.0,0.0,19.1,6.3,9.173655889027824,31.652096766708347
2895,33.7,27.875999450683594,80.0,0.0,20.1,6.3,22.475543090082375,40.44266292702471
2896,27.1,27.875999450683594,80.0,0.0,19.8,6.5,16.482369621756668,32.044710886527
2897,23.1,27.875999450683594,80.0,0.0,20.5,6.2,20.067808010684445,29.120342403205335
2898,16.8,27.875999450683594,80.0,0.0,19.9,5.9,8.336319309140205,19.30089579274206
2899,36.6,27.875999450683594,80.0,0.0,20.7,6.3,20.606593242731655,42.7819779728195
2900,30.2,27.875999450683594,80.0,0.0,20.7,6.1,29.099990099679626,38.92999702990389
2901,21.9,27.875999450683594,80.0,0.0,19.2,6.5,5.509333043225787,23.552799912967735
2902,32.9,27.875999450683594,80.0,0.0,20.7,5.8,19.12456189107113,38.63736856732134
2903,38.1,27.875999450683594,80.0,0.0,19.4,6.2,26.779574893515377,46.13387246805461
2904,30.0,27.875999450683594,80.0,0.0,19.5,5.9,7.486919958516895,32.246075987555066
2905,21.4,27.875999450683594,80.0,0.0,21.0,6.3,26.8027481914717,29.440824457441508
2906,15.5,27.875999450683594,80.0,0.0,20.5,6.4,18.09176852805843,20.92753055841753
2907,37.0,27.875999450683594,80.0,0.0,19.1,6.4,20.096040455165696,43.02881213654971
2908,38.8,27.875999450683594,80.0,0.0,19.4,5.9,14.332168454933504,43.09965053648005
2909,32.8,27.875999450683594,80.0,0.0,19.0,6.0,15.753885294015383,37.52616558820461
2910,18.8,27.875999450683594,80.0,0.0,19.2,5.7,10.953897978069442,22.086169393420832
2911,35.7,27.875999450683594,80.0,0.0,20.0,6.1,20.12715541421099,41.7381466242633
2912,24.4,27.875999450683594,80.0,0.0,21.0,5.7,29.281488057721475,33.18444641731644
2913,30.3,27.875999450683594,80.0,0.0,20.1,6.4,9.671144318708162,33.201343295612446
2914,16.6,27.875999450683594,80.0,0.0,19.1,6.3,27.31182834303247,24.793548502909744
2915,31.1,27.875999450683594,80.0,0.0,19.7,5.9,9.054177181565507,33.816253154469656
2916,15.9,27.875999450683594,80.0,0.0,20.3,5.5,13.851923975549013,20.055577192664703
2917,33.0,27.875999450683594,80.0,0.0,19.6,6.3,5.387267187976212,34.616180156392865
2918,27.2,27.875999450683594,80.0,0.0,19.5,5.9,22.031043262671705,33.80931297880151
2919,18.3,27.875999450683594,80.0,0.0,20.3,5.5,9.34740656741847,21.10422197022554
2920,38.1,27.875999450683594,80.0,0.0,19.1,6.0,28.40847730117671,46.622543190353014
2921,22.8,27.875999450683594,80.0,0.0,20.7,5.8,25.684638974398144,30.505391692319442
2922,18.3,27.875999450683594,80.0,0.0,19.3,6.4,6.942827433478825,20.38284823004365
2923,37.3,27.875999450683594,80.0,0.0,19.2,6.2,26.060204188392845,45.11806125651785
2924,32.3,27.875999450683594,80.0,0.0,19.1,6.3,17.333786093167717,37.50013582795031
2925,27.3,27.875999450683594,80.0,0.0,20.0,6.4,5.60092780477286,28.98027834143186
2926,16.9,27.875999450683594,80.0,0.0,20.5,5.5,26.15220103803972,24.745660311411914
2927,29.4,27.875999450683594,80.0,0.0,20.1,5.7,6.977306266357481,31.493191879907243
2928,36.5,27.875999450683594,80.0,0.0,19.4,5.6,28.534636108583527,45.06039083257506
2929,25.7,27.875999450683594,80.0,0.0,19.6,6.1,21.671173890484955,32.20135216714549
2930,30.1,27.875999450683594,80.0,0.0,19.4,6.4,24.583208002166625,37.474962400649986
2931,30.9,27.875999450683594,80.0,0.0,19.1,5.6,24.60384559879021,38.28115367963706
2932,29.1,27.875999450683594,80.0,0.0,20.4,6.4,8.886345003300518,31.765903500990156
2933,17.0,27.875999450683594,80.0,0.0,20.6,6.2,5.077028037976939,18.523108411393082
2934,23.2,27.875999450683594,80.0,0.0,20.2,5.8,12.570813199168066,26.971243959750417
2935,29.4,27.875999450683594,80.0,0.0,19.2,5.6,18.416606326380382,34.924981897914115
2936,15.9,27.875999450683594,80.0,0.0,19.5,5.7,24.987436238447614,23.396230871534286
2937,38.5,27.875999450683594,80.0,0.0,19.1,5.8,13.574872952532811,42.57246188575984
2938,24.5,27.875999450683594,80.0,0.0,19.2,5.6,19.47839856654052,30.343519569962154
2939,17.1,27.875999450683594,80.0,0.0,20.5,6.1,13.001195296846655,21.000358589054
2940,28.4,27.525999069213867,82.0,0.0,20.2,6.3,20.01957408932641,34.405872226797925
2941,28.4,27.525999069213867,82.0,0.0,19.8,6.0,19.377739395525694,34.213321818657704
2942,20.1,27.525999069213867,82.0,0.0,19.2,6.4,10.686545730850076,23.305963719255026
2943,38.5,27.525999069213867,82.0,0.0,19.1,5.9,17.569915040216912,43.770974512065074
2944,35.9,27.525999069213867,82.0,0.0,19.8,6.5,21.599724270251272,42.37991728107538
2945,17.6,27.525999069213867,82.0,0.0,20.6,6.4,12.112375885844198,21.23371276575326
2946,39.6,27.525999069213867,82.0,0.0,19.9,5.7,18.9469458178391,45.28408374535173
2947,39.9,27.525999069213867,82.0,0.0,20.9,5.8,27.61902970669297,48.18570891200789
2948,36.1,27.525999069213867,82.0,0.0,19.1,6.1,10.291095468886535,39.18732864066596
2949,31.9,27.525999069213867,82.0,0.0,19.3,6.2,28.172496482179948,40.351748944653984
2950,33.1,27.525999069213867,82.0,0.0,20.4,6.0,12.043137752252825,36.71294132567585
2951,35.2,27.525999069213867,82.0,0.0,20.8,6.1,21.161767864871337,41.5485303594614
2952,30.3,27.525999069213867,82.0,0.0,20.8,6.2,29.565896448999002,39.169768934699704
2953,35.0,27.525999069213867,82.0,0.0,19.1,6.4,29.07541863082008,43.72262558924602
2954,21.3,27.525999069213867,82.0,0.0,19.5,6.2,18.654570928979872,26.896371278693962
2955,17.0,27.525999069213867,82.0,0.0,19.9,5.8,23.619877446949694,24.085963234084907
2956,30.4,27.525999069213867,82.0,0.0,19.5,6.1,16.20229183917698,35.260687551753094
2957,33.3,27.525999069213867,82.0,0.0,19.3,5.8,20.921918483578835,39.576575545073645
2958,38.7,27.525999069213867,82.0,0.0,20.7,6.4,27.61323104445297,46.98396931333589
2959,29.7,27.525999069213867,82.0,0.0,20.0,5.9,9.696187080431145,32.608856124129346
2960,32.7,27.525999069213867,82.0,0.0,19.4,6.0,28.23065419442295,41.16919625832689
2961,23.3,27.525999069213867,82.0,0.0,19.5,6.3,22.45576730455366,30.036730191366097
2962,39.0,27.525999069213867,82.0,0.0,19.1,6.1,25.079835447522566,46.52395063425677
2963,25.6,27.525999069213867,82.0,0.0,21.0,5.6,11.80574211959895,29.141722635879688
2964,37.9,27.525999069213867,82.0,0.0,19.6,6.0,16.390822681405883,42.817246804421764
2965,34.3,27.525999069213867,82.0,0.0,20.4,5.7,6.195626878794326,36.158688063638294
2966,27.9,27.525999069213867,82.0,0.0,20.0,5.6,28.970910054147122,36.59127301624413
2967,20.0,27.525999069213867,82.0,0.0,19.5,6.0,7.308120598726998,22.1924361796181
2968,28.3,27.525999069213867,82.0,0.0,19.9,5.9,26.919708036744403,36.37591241102332
2969,22.2,27.525999069213867,82.0,0.0,19.9,5.9,7.011069297712173,24.303320789313652
2970,36.3,27.525999069213867,82.0,0.0,20.2,6.0,22.06071787606923,42.91821536282077
2971,15.5,27.525999069213867,82.0,0.0,20.6,6.3,20.874848962126606,21.76245468863798
2972,22.4,27.525999069213867,82.0,0.0,20.4,5.7,20.61409480012444,28.58422844003733
2973,33.9,27.525999069213867,82.0,0.0,20.5,5.8,24.983715569596605,41.39511467087898
2974,26.1,27.525999069213867,82.0,0.0,19.7,5.8,25.676770171736543,33.80303105152096
2975,39.3,27.525999069213867,82.0,0.0,20.4,5.7,27.272151111379454,47.48164533341384
2976,30.0,27.525999069213867,82.0,0.0,19.7,5.6,21.69880604249279,36.50964181274784
2977,25.8,27.525999069213867,82.0,0.0,20.2,5.5,21.66683092641606,32.30004927792482
2978,21.3,27.525999069213867,82.0,0.0,20.1,5.6,27.14864152047725,29.444592456143177
2979,30.5,27.525999069213867,82.0,0.0,20.2,5.7,12.224053443728614,34.167216033118585
2980,26.9,27.525999069213867,82.0,0.0,19.8,6.4,11.35273518821446,30.305820556464337
2981,15.9,27.525999069213867,82.0,0.0,19.9,6.4,16.446050002714273,20.833815000814283
2982,27.0,27.525999069213867,82.0,0.0,19.7,5.5,27.99825265614351,35.39947579684305
2983,16.5,27.525999069213867,82.0,0.0,21.0,5.6,6.443092334087997,18.4329277002264
2984,20.0,27.525999069213867,82.0,0.0,19.4,5.8,25.707608966925907,27.71228269007777
2985,16.0,27.525999069213867,82.0,0.0,20.6,6.2,22.09523059946733,22.6285691798402
2986,34.7,27.525999069213867,82.0,0.0,20.2,5.5,12.6116692638161,38.48350077914483
2987,35.7,27.525999069213867,82.0,0.0,19.3,6.3,24.357814901431436,43.00734447042943
2988,23.0,27.525999069213867,82.0,0.0,20.3,6.2,22.817351609001765,29.84520548270053
2989,20.4,27.525999069213867,82.0,0.0,20.7,6.5,9.111730682517967,23.133519204755387
2990,29.7,27.525999069213867,82.0,0.0,20.0,6.4,13.10630577994347,33.63189173398304
2991,38.4,27.525999069213867,82.0,0.0,19.4,6.0,29.125089914096222,47.13752697422886
2992,27.3,27.525999069213867,82.0,0.0,20.0,6.4,12.909437322744997,31.1728311968235
2993,36.9,27.525999069213867,82.0,0.0,20.6,5.6,29.864337300665103,45.85930119019953
2994,39.2,27.525999069213867,82.0,0.0,19.0,5.7,6.505345125609741,41.151603537682924
2995,39.5,27.525999069213867,82.0,0.0,19.7,5.9,11.897815251745158,43.069344575523544
2996,38.9,27.525999069213867,82.0,0.0,20.1,6.5,10.298556716120281,41.989567014836084
2997,39.6,27.525999069213867,82.0,0.0,19.4,5.9,14.73281874465014,44.01984562339504
2998,32.6,27.525999069213867,82.0,0.0,19.9,6.3,7.0404183687186634,34.7121255106156
2999,39.8,27.525999069213867,82.0,0.0,19.5,6.2,17.982776855724467,45.194833056717336
3000,35.9,27.375999450683594,83.0,0.0,20.3,5.9,7.081448779726886,38.02443463391806
3001,37.4,27.375999450683594,83.0,0.0,20.4,5.7,11.301343877578095,40.790403163273425
3002,33.1,27.375999450683594,83.0,0.0,20.1,6.1,8.139758366644365,35.541927509993315
3003,29.0,27.375999450683594,83.0,0.0,19.3,6.2,6.001062112126025,30.800318633637808
3004,30.8,27.375999450683594,83.0,0.0,19.9,5.6,21.752082918103834,37.32562487543115
3005,31.5,27.375999450683594,83.0,0.0,20.3,5.5,18.871319413830903,37.161395824149274
3006,16.2,27.375999450683594,83.0,0.0,19.4,6.5,20.666271435593643,22.399881430678093
3007,18.3,27.375999450683594,83.0,0.0,19.6,6.1,11.360899052858993,21.7082697158577
3008,26.3,27.375999450683594,83.0,0.0,20.9,6.3,12.603030035496905,30.080909010649073
3009,28.8,27.375999450683594,83.0,0.0,19.1,6.4,15.81084209621714,33.54325262886514
3010,38.4,27.375999450683594,83.0,0.0,20.4,6.2,11.650783651198061,41.89523509535942
3011,28.2,27.375999450683594,83.0,0.0,19.7,6.3,19.59792092220559,34.07937627666168
3012,16.9,27.375999450683594,83.0,0.0,19.4,5.5,13.194904028633657,20.858471208590096
3013,38.1,27.375999450683594,83.0,0.0,19.9,5.6,27.191649040367114,46.25749471211014
3014,36.2,27.375999450683594,83.0,0.0,20.0,6.3,23.176974054481832,43.153092216344554
3015,16.4,27.375999450683594,83.0,0.0,19.4,6.1,20.32117967153811,22.496353901461433
3016,31.6,27.375999450683594,83.0,0.0,19.1,5.6,17.74341514558644,36.923024543675936
3017,15.8,27.375999450683594,83.0,0.0,20.9,5.9,20.43669518058455,21.931008554175364
3018,15.2,27.375999450683594,83.0,0.0,19.5,5.7,9.538555154925325,18.061566546477597
3019,19.2,27.375999450683594,83.0,0.0,19.2,5.7,5.5387684993682775,20.86163054981048
3020,20.3,27.375999450683594,83.0,0.0,20.5,6.2,27.240242006758898,28.47207260202767
3021,35.9,27.375999450683594,83.0,0.0,19.8,6.4,9.560381216592491,38.76811436497775
3022,25.5,27.375999450683594,83.0,0.0,20.1,6.4,22.09959519939738,32.12987855981921
3023,34.0,27.375999450683594,83.0,0.0,20.5,5.6,11.516124065642632,37.45483721969279
3024,31.8,27.375999450683594,83.0,0.0,21.0,5.7,13.073887147315464,35.72216614419464
3025,16.9,27.375999450683594,83.0,0.0,19.9,6.4,10.877719798159202,20.16331593944776
3026,17.7,27.375999450683594,83.0,0.0,20.5,5.9,28.445460993493285,26.233638298047985
3027,21.7,27.375999450683594,83.0,0.0,19.4,5.8,21.459843929910953,28.137953178973284
3028,25.3,27.375999450683594,83.0,0.0,19.8,6.3,6.0529236154710935,27.11587708464133
3029,22.8,27.375999450683594,83.0,0.0,21.0,6.4,8.873830912379916,25.462149273713976
3030,18.9,27.375999450683594,83.0,0.0,20.5,5.9,8.838942274145936,21.55168268224378
3031,22.8,27.375999450683594,83.0,0.0,20.9,6.0,8.818877833058512,25.445663349917552
3032,25.8,27.375999450683594,83.0,0.0,19.1,6.1,23.811855246959038,32.94355657408771
3033,23.6,27.375999450683594,83.0,0.0,19.5,6.3,23.191390481194507,30.557417144358354
3034,29.6,27.375999450683594,83.0,0.0,20.1,6.0,15.309682760181838,34.19290482805455
3035,35.0,27.375999450683594,83.0,0.0,20.2,6.0,13.610535053736907,39.08316051612107
3036,31.6,27.375999450683594,83.0,0.0,19.5,5.6,7.959612261342692,33.98788367840281
3037,19.3,27.375999450683594,83.0,0.0,19.9,5.6,23.531152551011658,26.359345765303498
3038,25.8,27.375999450683594,83.0,0.0,19.9,5.6,13.385225081055086,29.815567524316528
3039,28.0,27.375999450683594,83.0,0.0,19.7,6.0,18.467688500350413,33.54030655010512
3040,20.8,27.375999450683594,83.0,0.0,19.0,5.7,21.811204407706505,27.343361322311953
3041,30.8,27.375999450683594,83.0,0.0,20.8,5.7,14.14114772469313,35.04234431740794
3042,21.8,27.375999450683594,83.0,0.0,19.2,6.3,25.755414341313635,29.52662430239409
3043,32.0,27.375999450683594,83.0,0.0,19.7,5.8,7.584420728795014,34.275326218638504
3044,32.8,27.375999450683594,83.0,0.0,20.3,6.3,7.956880844377302,35.18706425331319
3045,22.7,27.375999450683594,83.0,0.0,21.0,5.5,7.157589189469472,24.84727675684084
3046,30.6,27.375999450683594,83.0,0.0,20.6,5.6,29.967857524712002,39.5903572574136
3047,28.4,27.375999450683594,83.0,0.0,19.4,5.6,16.323461828104378,33.29703854843131
3048,19.9,27.375999450683594,83.0,0.0,19.2,5.8,24.253687094560263,27.176106128368076
3049,39.0,27.375999450683594,83.0,0.0,20.1,6.0,10.978930056439586,42.293679016931875
3050,38.0,27.375999450683594,83.0,0.0,19.7,6.2,16.433218920078556,42.92996567602356
3051,18.5,27.375999450683594,83.0,0.0,19.2,6.2,19.3066229367535,24.291986881026048
3052,36.9,27.375999450683594,83.0,0.0,19.5,5.7,13.355049300544682,40.9065147901634
3053,39.3,27.375999450683594,83.0,0.0,19.4,6.1,12.71166848833662,43.11350054650099
3054,34.5,27.375999450683594,83.0,0.0,20.1,6.3,29.354220173465198,43.30626605203956
3055,20.9,27.375999450683594,83.0,0.0,19.0,6.4,17.81525318419087,26.24457595525726
3056,37.1,27.375999450683594,83.0,0.0,20.5,6.2,6.245211322587886,38.97356339677637
3057,26.5,27.375999450683594,83.0,0.0,20.5,6.0,17.876126889105926,31.862838066731776
3058,32.6,27.375999450683594,83.0,0.0,19.5,6.5,21.74062138624293,39.12218641587288
3059,31.4,27.375999450683594,83.0,0.0,20.0,6.0,22.862556578376175,38.25876697351285
3060,22.8,26.97599983215332,85.0,0.0,19.2,6.1,22.897792382754055,29.669337714826217
3061,36.9,26.97599983215332,85.0,0.0,20.9,5.7,5.970628879840082,38.691188663952026
3062,21.5,26.97599983215332,85.0,0.0,20.0,5.6,26.97007634974543,29.591022904923626
3063,31.3,26.97599983215332,85.0,0.0,19.4,6.4,21.391495791773668,37.7174487375321
3064,22.0,26.97599983215332,85.0,0.0,20.7,6.1,23.667995538736186,29.100398661620854
3065,28.9,26.97599983215332,85.0,0.0,20.3,5.8,12.486088972392082,32.64582669171762
3066,39.5,26.97599983215332,85.0,0.0,19.6,5.5,7.274569008022533,41.68237070240676
3067,28.8,26.97599983215332,85.0,0.0,19.7,6.3,8.033099254496788,31.209929776349036
3068,34.0,26.97599983215332,85.0,0.0,19.2,5.9,10.880628871720203,37.26418866151606
3069,36.3,26.97599983215332,85.0,0.0,20.2,6.0,6.8874738046475965,38.366242141394274
3070,35.2,26.97599983215332,85.0,0.0,20.6,5.9,11.433154059979493,38.62994621799385
3071,39.1,26.97599983215332,85.0,0.0,19.5,5.7,22.210301298384678,45.763090389515405
3072,35.1,26.97599983215332,85.0,0.0,19.7,5.7,24.244109082931313,42.373232724879394
3073,24.5,26.97599983215332,85.0,0.0,20.2,5.6,16.77366168950506,29.53209850685152
3074,38.8,26.97599983215332,85.0,0.0,20.8,6.3,19.72328427140077,44.71698528142023
3075,17.4,26.97599983215332,85.0,0.0,19.4,5.9,19.026542391166895,23.107962717350066
3076,25.1,26.97599983215332,85.0,0.0,20.3,5.7,7.89285338843408,27.467856016530227
3077,18.9,26.97599983215332,85.0,0.0,19.0,5.5,19.996118901646753,24.898835670494023
3078,38.1,26.97599983215332,85.0,0.0,19.0,6.3,29.92713806840957,47.07814142052287
3079,33.5,26.97599983215332,85.0,0.0,20.0,6.2,21.950112952602545,40.08503388578076
3080,34.4,26.97599983215332,85.0,0.0,20.8,6.3,6.046170014788755,36.21385100443663
3081,19.2,26.97599983215332,85.0,0.0,20.3,6.3,27.622605957519323,27.486781787255794
3082,19.0,26.97599983215332,85.0,0.0,19.8,5.5,12.09877770451462,22.629633311354386
3083,23.7,26.97599983215332,85.0,0.0,20.9,6.0,27.589755569369462,31.976926670810837
3084,18.8,26.97599983215332,85.0,0.0,20.8,6.2,9.254174851631188,21.576252455489357
3085,34.8,26.97599983215332,85.0,0.0,19.4,5.7,9.53280468810835,37.659841406432506
3086,25.3,26.97599983215332,85.0,0.0,20.3,5.7,13.660798403097381,29.398239520929216
3087,31.8,26.97599983215332,85.0,0.0,20.2,5.8,28.97156426666854,40.49146928000056
3088,27.7,26.97599983215332,85.0,0.0,20.4,6.1,7.477088171478667,29.9431264514436
3089,26.0,26.97599983215332,85.0,0.0,20.8,6.2,23.219546224938483,32.965863867481545
3090,32.0,26.97599983215332,85.0,0.0,19.1,5.7,29.469604083492804,40.84088122504784
3091,23.1,26.97599983215332,85.0,0.0,19.6,6.3,8.262813684647554,25.578844105394268
3092,35.6,26.97599983215332,85.0,0.0,20.1,6.4,23.7200648887284,42.71601946661852
3093,32.7,26.97599983215332,85.0,0.0,20.5,6.2,11.682568965709823,36.20477068971295
3094,34.5,26.97599983215332,85.0,0.0,20.4,5.7,9.35822748408723,37.30746824522617
3095,32.7,26.97599983215332,85.0,0.0,19.4,5.6,17.90323904189268,38.070971712567804
3096,32.1,26.97599983215332,85.0,0.0,20.4,6.2,12.816540509380834,35.94496215281425
3097,21.7,26.97599983215332,85.0,0.0,20.5,6.2,24.030692284612215,28.909207685383663
3098,38.1,26.97599983215332,85.0,0.0,19.1,5.8,10.470111717615204,41.24103351528456
3099,35.6,26.97599983215332,85.0,0.0,19.7,6.5,24.7155362663203,43.01466087989609
3100,36.3,26.97599983215332,85.0,0.0,20.4,6.1,22.589411276108272,43.07682338283248
3101,30.3,26.97599983215332,85.0,0.0,20.1,5.6,6.731580898246445,32.319474269473936
3102,22.1,26.97599983215332,85.0,0.0,19.7,5.7,8.458842491656144,24.637652747496844
3103,25.2,26.97599983215332,85.0,0.0,19.4,6.4,8.245498898016336,27.6736496694049
3104,25.9,26.97599983215332,85.0,0.0,20.2,5.7,26.598203233443535,33.87946097003306
3105,31.9,26.97599983215332,85.0,0.0,20.1,5.6,26.031833649020573,39.709550094706174
3106,28.0,26.97599983215332,85.0,0.0,19.2,6.4,29.585987223742343,36.8757961671227
3107,25.7,26.97599983215332,85.0,0.0,20.3,5.6,7.789503841267821,28.036851152380343
3108,29.8,26.97599983215332,85.0,0.0,19.7,6.0,19.381611066367284,35.614483319910185
3109,39.7,26.97599983215332,85.0,0.0,19.8,5.6,19.34911320384699,45.5047339611541
3110,37.0,26.97599983215332,85.0,0.0,20.1,6.3,29.743862433183796,45.92315872995514
3111,34.2,26.97599983215332,85.0,0.0,20.1,5.8,10.018017321390857,37.20540519641726
3112,22.9,26.97599983215332,85.0,0.0,19.8,6.3,17.794077707599886,28.238223312279963
3113,23.9,26.97599983215332,85.0,0.0,20.2,5.6,11.938500148709934,27.48155004461298
3114,38.2,26.97599983215332,85.0,0.0,20.4,5.6,12.59650558714716,41.97895167614415
3115,38.6,26.97599983215332,85.0,0.0,19.7,5.9,7.176735219080819,40.75302056572425
3116,39.3,26.97599983215332,85.0,0.0,20.4,5.8,11.11360827408837,42.63408248222651
3117,26.6,26.97599983215332,85.0,0.0,20.9,6.0,10.313028490840193,29.693908547252057
3118,19.0,26.97599983215332,85.0,0.0,19.4,6.5,13.999906217106837,23.19997186513205
3119,15.0,26.97599983215332,85.0,0.0,19.8,6.3,14.318536169706015,19.295560850911805
3120,20.6,26.72599983215332,86.0,0.0,20.8,6.0,5.146454736273655,22.1439364208821
3121,39.3,26.72599983215332,86.0,0.0,20.7,5.7,8.789841775535058,41.93695253266051
3122,27.9,26.72599983215332,86.0,0.0,19.3,5.5,23.412077309688737,34.92362319290662
3123,35.6,26.72599983215332,86.0,0.0,21.0,6.1,26.917313051003788,43.675193915301136
3124,34.6,26.72599983215332,86.0,0.0,20.3,5.5,22.534523800565456,41.36035714016964
3125,33.2,26.72599983215332,86.0,0.0,19.7,5.7,19.427760575328858,39.02832817259866
3126,24.4,26.72599983215332,86.0,0.0,20.8,5.6,15.777727385120153,29.133318215536043
3127,16.9,26.72599983215332,86.0,0.0,19.3,6.1,8.092129302756488,19.327638790826946
3128,20.7,26.72599983215332,86.0,0.0,20.7,6.0,16.137993959100896,25.541398187730266
3129,35.4,26.72599983215332,86.0,0.0,20.5,6.1,8.91515659251075,38.07454697775322
3130,26.2,26.72599983215332,86.0,0.0,20.6,5.8,13.47920716267256,30.243762148801768
3131,28.7,26.72599983215332,86.0,0.0,20.3,6.2,26.980968372769606,36.79429051183088
3132,22.7,26.72599983215332,86.0,0.0,19.3,5.7,8.782415797227406,25.33472473916822
3133,25.0,26.72599983215332,86.0,0.0,19.1,6.0,8.953794871942119,27.686138461582637
3134,21.8,26.72599983215332,86.0,0.0,20.4,6.0,9.984635564220675,24.795390669266204
3135,25.5,26.72599983215332,86.0,0.0,19.5,5.9,11.905882102389587,29.071764630716878
3136,35.2,26.72599983215332,86.0,0.0,20.7,6.2,5.777499856954406,36.933249957086325
3137,19.8,26.72599983215332,86.0,0.0,20.8,5.6,19.76490572165099,25.729471716495297
3138,23.5,26.72599983215332,86.0,0.0,20.0,6.2,26.633678057574972,31.490103417272493
3139,30.5,26.72599983215332,86.0,0.0,20.8,5.8,28.81438225162826,39.144314675488474
3140,15.3,26.72599983215332,86.0,0.0,19.5,6.5,9.031057176827105,18.009317153048134
3141,18.3,26.72599983215332,86.0,0.0,20.3,6.5,17.53974059626605,23.561922178879815
3142,23.5,26.72599983215332,86.0,0.0,19.9,6.4,26.33611298663434,31.400833895990303
3143,19.8,26.72599983215332,86.0,0.0,20.9,6.1,9.440450637020717,22.632135191106215
3144,24.4,26.72599983215332,86.0,0.0,20.5,6.0,5.999150679021047,26.199745203706314
3145,19.0,26.72599983215332,86.0,0.0,20.5,5.6,23.345794077670398,26.00373822330112
3146,28.7,26.72599983215332,86.0,0.0,19.7,5.5,26.14615258431262,36.54384577529378
3147,19.9,26.72599983215332,86.0,0.0,20.0,5.7,26.61508065338867,27.8845241960166
3148,23.3,26.72599983215332,86.0,0.0,20.5,5.8,26.302323011834908,31.190696903550474
3149,25.5,26.72599983215332,86.0,0.0,19.2,5.5,17.88484806058803,30.86545441817641
3150,28.6,26.72599983215332,86.0,0.0,19.7,5.7,22.33462155710793,35.300386467132384
3151,32.1,26.72599983215332,86.0,0.0,19.4,5.8,17.201884712525644,37.260565413757696
3152,17.0,26.72599983215332,86.0,0.0,19.1,5.7,16.176067144396146,21.852820143318844
3153,32.0,26.72599983215332,86.0,0.0,19.8,6.0,16.35708357793496,36.907125073380485
3154,31.9,26.72599983215332,86.0,0.0,19.9,5.8,5.0004503994180585,33.400135119825414
3155,15.9,26.72599983215332,86.0,0.0,20.3,6.5,15.285290911672185,20.485587273501658
3156,28.3,26.72599983215332,86.0,0.0,19.5,6.4,20.48772494028784,34.44631748208635
3157,28.6,26.72599983215332,86.0,0.0,19.4,5.5,5.3839682800108495,30.215190484003255
3158,15.3,26.72599983215332,86.0,0.0,20.8,6.5,29.906635118477453,24.27199053554324
3159,20.0,26.72599983215332,86.0,0.0,19.8,6.4,10.152783919584277,23.045835175875283
3160,34.5,26.72599983215332,86.0,0.0,19.1,5.9,18.254629372994877,39.97638881189846
3161,22.2,26.72599983215332,86.0,0.0,20.6,6.3,7.242593316617436,24.37277799498523
3162,39.4,26.72599983215332,86.0,0.0,19.6,6.2,21.28499775924222,45.78549932777266
3163,38.0,26.72599983215332,86.0,0.0,21.0,5.8,26.133394851303876,45.84001845539116
3164,24.0,26.72599983215332,86.0,0.0,19.2,5.9,12.233896012366074,27.67016880370982
3165,30.7,26.72599983215332,86.0,0.0,20.1,6.4,17.79876136680451,36.03962841004135
3166,18.3,26.72599983215332,86.0,0.0,19.9,5.8,10.85885714884349,21.55765714465305
3167,25.6,26.72599983215332,86.0,0.0,20.6,5.6,19.77310781540334,31.531932344621005
3168,16.1,26.72599983215332,86.0,0.0,20.0,6.4,14.398201473443565,20.41946044203307
3169,37.7,26.72599983215332,86.0,0.0,19.8,6.2,17.58889721003449,42.97666916301035
3170,16.0,26.72599983215332,86.0,0.0,20.2,6.3,5.827489150571167,17.74824674517135
3171,38.2,26.72599983215332,86.0,0.0,20.2,6.3,22.701470141057644,45.0104410423173
3172,22.8,26.72599983215332,86.0,0.0,20.2,6.0,24.5660310121208,30.169809303636242
3173,23.5,26.72599983215332,86.0,0.0,19.8,5.9,26.746267253702264,31.52388017611068
3174,33.2,26.72599983215332,86.0,0.0,20.3,5.9,23.673587788407676,40.302076336522305
3175,18.9,26.72599983215332,86.0,0.0,20.0,5.6,15.02611152088169,23.407833456264505
3176,23.8,26.72599983215332,86.0,0.0,20.1,6.3,23.13624334406761,30.740873003220283
3177,28.4,26.72599983215332,86.0,0.0,19.9,6.5,23.019415567882945,35.305824670364885
3178,21.3,26.72599983215332,86.0,0.0,19.3,6.3,12.10487686854007,24.93146306056202
3179,21.3,26.72599983215332,86.0,0.0,20.6,6.3,10.78109824523968,24.534329473571905
3180,39.3,26.525999069213867,88.0,0.0,20.7,5.7,16.122539608851334,44.1367618826554
3181,16.3,26.525999069213867,88.0,0.0,19.4,6.1,16.923349288394707,21.377004786518413
3182,20.6,26.525999069213867,88.0,0.0,20.2,5.8,26.918689330396663,28.675606799119002
3183,34.5,26.525999069213867,88.0,0.0,21.0,6.5,9.23941765624156,37.27182529687247
3184,16.5,26.525999069213867,88.0,0.0,21.0,5.9,19.98103724308894,22.494311172926682
3185,20.2,26.525999069213867,88.0,0.0,19.3,5.9,6.083509748050304,22.02505292441509
3186,30.7,26.525999069213867,88.0,0.0,19.7,5.9,9.74483706619148,33.62345111985744
3187,26.9,26.525999069213867,88.0,0.0,19.4,6.1,19.47912951792643,32.74373885537793
3188,19.8,26.525999069213867,88.0,0.0,19.3,5.9,22.179440646990066,26.45383219409702
3189,25.0,26.525999069213867,88.0,0.0,20.4,6.4,6.969193761836626,27.090758128550988
3190,32.7,26.525999069213867,88.0,0.0,20.1,6.1,19.823583919650495,38.647075175895154
3191,34.0,26.525999069213867,88.0,0.0,20.6,5.8,17.18498028640664,39.155494085921994
3192,37.0,26.525999069213867,88.0,0.0,20.0,5.9,13.874234446883184,41.16227033406496
3193,38.7,26.525999069213867,88.0,0.0,19.9,6.5,16.090034802414667,43.5270104407244
3194,40.0,26.525999069213867,88.0,0.0,19.8,6.4,8.512874096765248,42.553862229029576
3195,18.4,26.525999069213867,88.0,0.0,20.7,5.7,5.082521201644828,19.924756360493447
3196,31.6,26.525999069213867,88.0,0.0,19.8,6.1,18.07433529380339,37.02230058814102
3197,17.8,26.525999069213867,88.0,0.0,19.5,6.0,22.736710089647794,24.62101302689434
3198,28.7,26.525999069213867,88.0,0.0,19.4,6.5,9.870192746067229,31.66105782382017
3199,24.7,26.525999069213867,88.0,0.0,20.4,6.0,12.354706357969157,28.406411907390748
3200,29.3,26.525999069213867,88.0,0.0,19.6,6.3,18.885181147921305,34.96555434437639
3201,30.8,26.525999069213867,88.0,0.0,19.5,5.7,23.15889151168177,37.74766745350453
3202,35.4,26.525999069213867,88.0,0.0,20.8,6.1,16.066090148296666,40.219827044489
3203,36.2,26.525999069213867,88.0,0.0,20.9,6.4,19.37729662338294,42.013188987014885
3204,26.1,26.525999069213867,88.0,0.0,20.3,6.2,29.935516818706027,35.080655045611806
3205,33.7,26.525999069213867,88.0,0.0,19.8,5.7,7.367555815159337,35.910266744547805
3206,37.7,26.525999069213867,88.0,0.0,19.2,5.7,7.885568350570894,40.06567050517127
3207,26.3,26.525999069213867,88.0,0.0,20.1,6.3,29.4504158554433,35.13512475663299
3208,24.7,26.525999069213867,88.0,0.0,20.2,5.9,23.038990990545646,31.611697297163694
3209,24.5,26.525999069213867,88.0,0.0,19.4,5.9,7.291696343306063,26.68750890299182
3210,38.1,26.525999069213867,88.0,0.0,20.1,6.2,20.139033465638875,44.14171003969167
3211,25.8,26.525999069213867,88.0,0.0,20.4,5.8,20.88342791683009,32.065028375049025
3212,19.2,26.525999069213867,88.0,0.0,20.0,6.0,13.084542750308914,23.125362825092672
3213,27.5,26.525999069213867,88.0,0.0,19.5,5.7,19.889301471466247,33.466790441439876
3214,31.0,26.525999069213867,88.0,0.0,19.7,5.7,19.00559776609487,36.70167932982846
3215,28.2,26.525999069213867,88.0,0.0,20.0,5.9,28.596510723586306,36.778953217075895
3216,16.9,26.525999069213867,88.0,0.0,19.9,6.3,26.605828827668535,24.881748648300558
3217,31.1,26.525999069213867,88.0,0.0,20.1,6.2,25.257420685277935,38.67722620558338
3218,18.2,26.525999069213867,88.0,0.0,20.6,5.7,13.822160257447273,22.346648077234182
3219,33.5,26.525999069213867,88.0,0.0,20.5,6.2,20.116520341021545,39.53495610230647
3220,31.4,26.525999069213867,88.0,0.0,19.2,6.2,23.261224942114772,38.37836748263443
3221,18.9,26.525999069213867,88.0,0.0,19.2,6.0,23.940300078848235,26.08209002365447
3222,15.1,26.525999069213867,88.0,0.0,20.8,5.8,13.854233839897624,19.256270151969286
3223,35.6,26.525999069213867,88.0,0.0,20.2,5.7,27.54517370663071,43.863552111989215
3224,31.1,26.525999069213867,88.0,0.0,19.5,5.7,29.480195119460454,39.94405853583814
3225,32.5,26.525999069213867,88.0,0.0,19.5,5.8,19.069713023883136,38.22091390716494
3226,16.4,26.525999069213867,88.0,0.0,19.6,6.0,6.274030609934812,18.28220918298044
3227,26.7,26.525999069213867,88.0,0.0,20.8,6.5,22.181966857058157,33.35459005711745
3228,21.4,26.525999069213867,88.0,0.0,19.3,5.8,12.025138427645544,25.00754152829366
3229,34.9,26.525999069213867,88.0,0.0,20.0,5.8,5.683396194317826,36.605018858295345
3230,17.5,26.525999069213867,88.0,0.0,20.5,6.2,11.854027465775236,21.05620823973257
3231,28.4,26.525999069213867,88.0,0.0,20.7,6.0,26.781108974690973,36.43433269240729
3232,35.9,26.525999069213867,88.0,0.0,20.6,6.4,21.213556879694245,42.26406706390827
3233,22.1,26.525999069213867,88.0,0.0,20.2,5.5,6.9193160180210445,24.175794805406316
3234,21.7,26.525999069213867,88.0,0.0,19.9,5.9,25.309111104876127,29.292733331462838
3235,20.0,26.525999069213867,88.0,0.0,19.6,6.2,12.118166747539897,23.63545002426197
3236,35.6,26.525999069213867,88.0,0.0,19.1,6.1,27.66007298782593,43.89802189634778
3237,32.8,26.525999069213867,88.0,0.0,20.7,6.1,21.58275664991787,39.274826994975356
3238,36.7,26.525999069213867,88.0,0.0,19.2,5.7,29.383657724758155,45.51509731742745
3239,26.5,26.525999069213867,88.0,0.0,19.1,6.0,6.268618852137992,28.380585655641397
3240,30.3,26.47599983215332,89.0,0.0,20.2,6.0,25.892290846173616,38.067687253852085
3241,38.2,26.47599983215332,89.0,0.0,20.8,5.9,17.204182683886188,43.361254805165856
3242,32.6,26.47599983215332,89.0,0.0,19.3,6.0,16.648541438846685,37.594562431654005
3243,39.8,26.47599983215332,89.0,0.0,20.4,5.8,13.076479559550398,43.72294386786512
3244,37.5,26.47599983215332,89.0,0.0,20.2,5.8,13.622207582388636,41.58666227471659
3245,31.0,26.47599983215332,89.0,0.0,20.0,6.2,29.926032519820264,39.97780975594608
3246,28.6,26.47599983215332,89.0,0.0,20.4,6.0,11.124857316839924,31.937457195051977
3247,21.6,26.47599983215332,89.0,0.0,20.3,5.6,20.77366725505227,27.83210017651568
3248,23.9,26.47599983215332,89.0,0.0,20.9,6.0,17.816997615243714,29.24509928457311
3249,26.6,26.47599983215332,89.0,0.0,20.5,5.9,20.12196803830159,32.63659041149048
3250,21.4,26.47599983215332,89.0,0.0,20.5,5.8,7.803201642350156,23.740960492705046
3251,31.6,26.47599983215332,89.0,0.0,20.4,6.4,11.505283464861886,35.051585039458566
3252,18.4,26.47599983215332,89.0,0.0,19.6,5.9,17.476290339217893,23.642887101765368
3253,19.9,26.47599983215332,89.0,0.0,20.3,5.8,20.686866775343887,26.106060032603164
3254,31.4,26.47599983215332,89.0,0.0,19.4,6.0,26.890062648105157,39.467018794431546
3255,23.6,26.47599983215332,89.0,0.0,20.9,6.1,12.420436547067288,27.32613096412019
3256,35.9,26.47599983215332,89.0,0.0,20.9,5.7,10.133458040734379,38.94003741222031
3257,29.0,26.47599983215332,89.0,0.0,19.3,5.6,21.637659542004844,35.491297862601456
3258,23.5,26.47599983215332,89.0,0.0,20.3,6.2,17.083498181381948,28.625049454414583
3259,17.5,26.47599983215332,89.0,0.0,19.8,5.5,11.773608391375802,21.03208251741274
3260,39.8,26.47599983215332,89.0,0.0,20.6,6.4,11.249909789037305,43.174972936711185
3261,31.4,26.47599983215332,89.0,0.0,20.1,6.2,25.808373014269836,39.14251190428095
3262,18.8,26.47599983215332,89.0,0.0,19.8,6.3,14.749616353619315,23.224884906085794
3263,15.7,26.47599983215332,89.0,0.0,20.9,5.9,11.16109070395103,19.04832721118531
3264,26.0,26.47599983215332,89.0,0.0,20.3,6.0,27.917308907916915,34.37519267237508
3265,33.9,26.47599983215332,89.0,0.0,20.8,6.1,6.616080164968405,35.88482404949052
3266,30.9,26.47599983215332,89.0,0.0,19.9,6.2,17.262871013860206,36.07886130415806
3267,34.2,26.47599983215332,89.0,0.0,20.0,5.7,18.81091847490613,39.843275542471844
3268,25.2,26.47599983215332,89.0,0.0,20.2,5.8,23.282095420213995,32.184628626064196
3269,25.6,26.47599983215332,89.0,0.0,19.8,5.7,16.700168830403676,30.610050649121103
3270,21.0,26.47599983215332,89.0,0.0,20.1,6.1,22.19815558112631,27.659446674337893
3271,37.1,26.47599983215332,89.0,0.0,21.0,6.1,16.826131178575306,42.14783935357259
3272,33.4,26.47599983215332,89.0,0.0,19.2,6.3,23.118814448440556,40.33564433453216
3273,35.8,26.47599983215332,89.0,0.0,20.1,5.9,27.992924662852644,44.19787739885579
3274,27.5,26.47599983215332,89.0,0.0,19.7,6.1,21.460464109166928,33.938139232750075
3275,19.9,26.47599983215332,89.0,0.0,20.9,6.3,17.946307641277265,25.28389229238318
3276,32.0,26.47599983215332,89.0,0.0,19.3,6.0,15.003459752277433,36.50103792568323
3277,36.3,26.47599983215332,89.0,0.0,19.1,6.3,12.623388435364959,40.08701653060948
3278,29.4,26.47599983215332,89.0,0.0,20.3,6.0,19.588181818127417,35.27645454543823
3279,34.1,26.47599983215332,89.0,0.0,20.4,6.1,19.17130767335736,39.85139230200721
3280,20.6,26.47599983215332,89.0,0.0,20.6,5.5,28.130578993970914,29.039173698191277
3281,38.1,26.47599983215332,89.0,0.0,20.2,5.8,10.6756048485736,41.30268145457208
3282,22.5,26.47599983215332,89.0,0.0,19.7,5.7,24.885897319205732,29.96576919576172
3283,18.0,26.47599983215332,89.0,0.0,19.4,6.4,26.498384083578106,25.949515225073434
3284,25.2,26.47599983215332,89.0,0.0,20.3,6.3,22.27318164206154,31.881954492618462
3285,34.1,26.47599983215332,89.0,0.0,19.1,5.6,11.935388894217969,37.680616668265394
3286,35.6,26.47599983215332,89.0,0.0,19.3,6.1,20.71341726031787,41.81402517809536
3287,22.8,26.47599983215332,89.0,0.0,19.2,5.9,26.076740997923206,30.623022299376963
3288,22.2,26.47599983215332,89.0,0.0,20.9,5.7,29.51921989522626,31.055765968567876
3289,39.2,26.47599983215332,89.0,0.0,20.4,6.4,25.488408047671,46.846522414301305
3290,31.4,26.47599983215332,89.0,0.0,20.7,6.4,23.112596658020834,38.33377899740625
3291,38.8,26.47599983215332,89.0,0.0,20.9,5.9,14.819868209755498,43.24596046292665
3292,29.8,26.47599983215332,89.0,0.0,19.3,6.4,27.597984576708807,38.079395373012645
3293,26.9,26.47599983215332,89.0,0.0,20.8,6.1,22.041076501054395,33.51232295031632
3294,18.0,26.47599983215332,89.0,0.0,19.0,5.6,29.325871299155875,26.79776138974676
3295,35.9,26.47599983215332,89.0,0.0,20.1,6.1,14.921094482708206,40.376328344812464
3296,19.1,26.47599983215332,89.0,0.0,19.6,5.7,10.847138973187846,22.354141691956354
3297,20.3,26.47599983215332,89.0,0.0,19.6,6.2,25.303568827576797,27.89107064827304
3298,20.9,26.47599983215332,89.0,0.0,20.0,5.8,22.46087443009405,27.638262329028215
3299,24.9,26.47599983215332,89.0,0.0,20.3,5.7,17.623398014965392,30.187019404489618
3300,34.1,27.67599868774414,85.0,0.0,19.5,6.2,21.095572878094977,40.42867186342849
3301,24.8,27.67599868774414,85.0,0.0,19.8,6.3,26.519718569769974,32.755915570930995
3302,20.2,27.67599868774414,85.0,0.0,19.7,5.8,12.776390203789521,24.032917061136857
3303,36.3,27.67599868774414,85.0,0.0,20.7,5.9,25.930444001770095,44.079133200531025
3304,19.3,27.67599868774414,85.0,0.0,19.7,5.9,5.163811605666872,20.84914348170006
3305,38.7,27.67599868774414,85.0,0.0,19.1,6.1,20.44837881831411,44.83451364549423
3306,30.8,27.67599868774414,85.0,0.0,20.2,5.7,18.101032893243175,36.230309867972956
3307,40.0,27.67599868774414,85.0,0.0,19.9,5.8,16.82333546210323,45.04700063863097
3308,36.0,27.67599868774414,85.0,0.0,19.2,5.6,12.779259759606276,39.83377792788188
3309,27.6,27.67599868774414,85.0,0.0,19.7,6.4,27.734020018526223,35.920206005557866
3310,37.8,27.67599868774414,85.0,0.0,19.3,6.2,13.524678361654829,41.857403508496446
3311,16.5,27.67599868774414,85.0,0.0,20.7,6.2,6.206067845931393,18.361820353779418
3312,21.9,27.67599868774414,85.0,0.0,19.3,6.2,25.27290563091067,29.4818716892732
3313,34.0,27.67599868774414,85.0,0.0,20.2,6.1,5.559744552463284,35.667923365738986
3314,23.9,27.67599868774414,85.0,0.0,19.7,6.0,27.849513524476375,32.25485405734291
3315,26.8,27.67599868774414,85.0,0.0,20.6,6.1,9.807762267169498,29.742328680150848
3316,39.1,27.67599868774414,85.0,0.0,20.9,5.5,23.666823135583645,46.200046940675094
3317,37.2,27.67599868774414,85.0,0.0,20.5,5.8,15.284055047330693,41.78521651419921
3318,25.5,27.67599868774414,85.0,0.0,19.3,6.3,22.86545578271883,32.35963673481565
3319,39.2,27.67599868774414,85.0,0.0,20.9,5.6,11.503690922556501,42.65110727676695
3320,23.6,27.67599868774414,85.0,0.0,19.8,6.3,14.88209605501823,28.06462881650547
3321,17.9,27.67599868774414,85.0,0.0,19.3,6.4,6.8907437347130855,19.967223120413923
3322,31.5,27.67599868774414,85.0,0.0,19.6,6.2,23.267784214080702,38.48033526422421
3323,33.5,27.67599868774414,85.0,0.0,20.4,6.3,26.84199435195568,41.552598305586706
3324,19.7,27.67599868774414,85.0,0.0,19.3,5.8,21.125937821849234,26.03778134655477
3325,36.8,27.67599868774414,85.0,0.0,20.4,5.8,16.01312145829351,41.60393643748805
3326,33.7,27.67599868774414,85.0,0.0,20.8,5.7,11.514125895423067,37.15423776862692
3327,20.1,27.67599868774414,85.0,0.0,19.6,6.0,26.40313584567781,28.020940753703343
3328,17.3,27.67599868774414,85.0,0.0,19.4,6.1,10.607422636520145,20.482226790956044
3329,25.3,27.67599868774414,85.0,0.0,19.7,6.2,22.589150328945333,32.0767450986836
3330,32.0,27.67599868774414,85.0,0.0,20.6,5.6,15.457585449626968,36.63727563488809
3331,16.3,27.67599868774414,85.0,0.0,19.3,6.1,28.594051068542075,24.878215320562624
3332,15.7,27.67599868774414,85.0,0.0,19.9,6.4,6.500129573010916,17.650038871903273
3333,33.1,27.67599868774414,85.0,0.0,20.5,6.4,26.691502511680845,41.10745075350425
3334,15.5,27.67599868774414,85.0,0.0,19.2,5.9,10.411121830766364,18.623336549229908
3335,35.8,27.67599868774414,85.0,0.0,19.9,6.1,22.171414304892046,42.45142429146761
3336,15.2,27.67599868774414,85.0,0.0,20.1,6.4,19.280608946312004,20.9841826838936
3337,27.0,27.67599868774414,85.0,0.0,19.8,6.5,14.908106138013714,31.472431841404113
3338,22.8,27.67599868774414,85.0,0.0,20.3,6.1,9.351361541745508,25.605408462523652
3339,27.4,27.67599868774414,85.0,0.0,19.5,6.5,28.745398757848573,36.02361962735457
3340,19.8,27.67599868774414,85.0,0.0,20.9,6.1,10.11521608875989,22.834564826627968
3341,24.3,27.67599868774414,85.0,0.0,20.4,5.5,21.48831024229636,30.74649307268891
3342,29.5,27.67599868774414,85.0,0.0,20.1,5.9,8.526989048149126,32.05809671444474
3343,38.3,27.67599868774414,85.0,0.0,20.2,6.0,27.121601893916466,46.436480568174936
3344,30.4,27.67599868774414,85.0,0.0,19.3,6.3,27.35824103877249,38.607472311631746
3345,19.4,27.67599868774414,85.0,0.0,19.9,6.5,18.081796738476232,24.82453902154287
3346,37.8,27.67599868774414,85.0,0.0,20.9,6.4,11.562722993452109,41.26881689803563
3347,34.4,27.67599868774414,85.0,0.0,19.4,5.6,27.115364481934638,42.53460934458039
3348,24.2,27.67599868774414,85.0,0.0,19.2,5.6,24.84424396351578,31.653273189054733
3349,33.9,27.67599868774414,85.0,0.0,19.6,5.9,13.304614198437843,37.89138425953135
3350,19.9,27.67599868774414,85.0,0.0,21.0,5.7,10.202501389606892,22.960750416882068
3351,16.8,27.67599868774414,85.0,0.0,20.6,5.6,9.983261449601587,19.794978434880477
3352,26.3,27.67599868774414,85.0,0.0,19.5,6.1,18.857509357944025,31.957252807383206
3353,30.0,27.67599868774414,85.0,0.0,20.0,5.5,11.173437035615603,33.35203111068468
3354,25.2,27.67599868774414,85.0,0.0,20.0,6.2,19.38136110102371,31.014408330307113
3355,27.4,27.67599868774414,85.0,0.0,20.1,5.6,6.011114906079072,29.20333447182372
3356,35.6,27.67599868774414,85.0,0.0,20.5,6.4,20.541392428968553,41.762417728690565
3357,29.2,27.67599868774414,85.0,0.0,20.0,5.8,29.42279594815119,38.02683878444536
3358,19.0,27.67599868774414,85.0,0.0,20.9,5.9,27.214608319475147,27.164382495842545
3359,38.2,27.67599868774414,85.0,0.0,20.7,5.8,20.917734371096927,44.47532031132908
3360,29.7,29.575998306274418,76.0,0.0,19.6,5.6,29.49738156138969,38.549214468416906
3361,29.8,29.575998306274418,76.0,0.0,19.3,6.5,21.625136439820015,36.287540931946005
3362,34.5,29.575998306274418,76.0,0.0,19.5,5.6,17.454833463879424,39.73645003916383
3363,21.4,29.575998306274418,76.0,0.0,19.1,6.2,24.129479000375312,28.63884370011259
3364,15.3,29.575998306274418,76.0,0.0,20.3,6.1,18.485845209953567,20.84575356298607
3365,34.6,29.575998306274418,76.0,0.0,20.5,5.7,9.325276068795647,37.397582820638696
3366,22.5,29.575998306274418,76.0,0.0,20.4,5.6,29.184454458702646,31.255336337610792
3367,38.8,29.575998306274418,76.0,0.0,20.3,5.7,8.38502019277092,41.31550605783127
3368,32.6,29.575998306274418,76.0,0.0,19.1,5.5,20.27674712636974,38.68302413791093
3369,23.2,29.575998306274418,76.0,0.0,20.3,5.7,17.235797191611066,28.37073915748332
3370,17.0,29.575998306274418,76.0,0.0,19.2,6.2,17.659300447623767,22.29779013428713
3371,29.8,29.575998306274418,76.0,0.0,19.5,5.7,21.81144344044808,36.34343303213443
3372,33.9,29.575998306274418,76.0,0.0,20.6,6.5,7.956659527578919,36.28699785827367
3373,28.9,29.575998306274418,76.0,0.0,19.7,5.9,23.61035031431728,35.98310509429518
3374,33.4,29.575998306274418,76.0,0.0,19.6,5.8,15.11685465739145,37.93505639721744
3375,37.0,29.575998306274418,76.0,0.0,19.8,5.8,14.848747124915484,41.454624137474646
3376,37.6,29.575998306274418,76.0,0.0,19.8,5.8,24.051554703654617,44.81546641109639
3377,30.1,29.575998306274418,76.0,0.0,19.0,6.2,7.372946975137125,32.31188409254114
3378,23.9,29.575998306274418,76.0,0.0,20.3,5.8,6.788748956768255,25.936624687030474
3379,22.9,29.575998306274418,76.0,0.0,20.5,5.9,7.753119809104248,25.225935942731272
3380,38.7,29.575998306274418,76.0,0.0,20.7,5.5,17.958947305019446,44.087684191505836
3381,20.3,29.575998306274418,76.0,0.0,19.2,5.6,26.69685967252959,28.309057901758877
3382,26.8,29.575998306274418,76.0,0.0,20.7,5.9,26.834405510065835,34.85032165301975
3383,25.0,29.575998306274418,76.0,0.0,19.7,6.3,26.938042571426955,33.081412771428084
3384,22.9,29.575998306274418,76.0,0.0,19.0,6.1,10.27835070233098,25.983505210699292
3385,19.4,29.575998306274418,76.0,0.0,19.9,5.7,21.968222252745928,25.990466675823775
3386,17.5,29.575998306274418,76.0,0.0,20.6,6.0,12.826744066361677,21.3480232199085
3387,15.3,29.575998306274418,76.0,0.0,19.6,5.8,17.97711384801391,20.693134154404174
3388,21.2,29.575998306274418,76.0,0.0,20.0,6.2,9.417733371417654,24.025320011425297
3389,29.3,29.575998306274418,76.0,0.0,20.7,6.0,11.241093160892452,32.672327948267736
3390,29.3,29.575998306274418,76.0,0.0,19.5,6.0,26.39749214303458,37.219247642910375
3391,23.1,29.575998306274418,76.0,0.0,19.5,5.9,13.372031383057768,27.111609414917332
3392,22.8,29.575998306274418,76.0,0.0,19.7,6.0,17.017161542442985,27.905148462732896
3393,27.8,29.575998306274418,76.0,0.0,19.7,6.1,24.538388665795143,35.16151659973854
3394,18.5,29.575998306274418,76.0,0.0,20.1,6.0,9.393494998433015,21.318048499529905
3395,17.8,29.575998306274418,76.0,0.0,20.4,6.3,28.680023932403586,26.404007179721077
3396,26.0,29.575998306274418,76.0,0.0,19.3,5.9,8.542128529134207,28.56263855874026
3397,31.4,29.575998306274418,76.0,0.0,19.5,6.1,18.89192861444654,37.06757858433396
3398,35.6,29.575998306274418,76.0,0.0,20.7,5.8,5.300856586136772,37.19025697584103
3399,22.3,29.575998306274418,76.0,0.0,19.2,5.8,14.362433987384605,26.608730196215383
3400,18.3,29.575998306274418,76.0,0.0,20.2,6.5,17.147082855500123,23.44412485665004
3401,27.2,29.575998306274418,76.0,0.0,19.9,6.4,21.27225406523926,33.581676219571776
3402,34.1,29.575998306274418,76.0,0.0,19.0,6.3,12.503921757904312,37.851176527371294
3403,23.4,29.575998306274418,76.0,0.0,20.9,6.4,20.549766884099654,29.564930065229895
3404,28.2,29.575998306274418,76.0,0.0,19.8,6.4,16.216266046592665,33.0648798139778
3405,19.9,29.575998306274418,76.0,0.0,20.1,6.1,8.561144625367447,22.468343387610233
3406,29.5,29.575998306274418,76.0,0.0,21.0,6.3,17.920055472070345,34.876016641621106
3407,30.6,29.575998306274418,76.0,0.0,19.7,6.0,16.760518769094382,35.628155630728315
3408,38.1,29.575998306274418,76.0,0.0,19.7,6.4,16.40565207021764,43.02169562106529
3409,16.8,29.575998306274418,76.0,0.0,19.8,6.4,22.107888991095894,23.432366697328767
3410,26.9,29.575998306274418,76.0,0.0,20.0,5.6,5.773992286540226,28.632197685962065
3411,30.4,29.575998306274418,76.0,0.0,20.6,6.4,9.367108548648979,33.210132564594694
3412,23.6,29.575998306274418,76.0,0.0,19.8,5.7,16.90704349737904,28.672113049213714
3413,36.5,29.575998306274418,76.0,0.0,19.4,6.1,18.92523740335718,42.177571221007156
3414,31.3,29.575998306274418,76.0,0.0,20.8,5.7,17.29052325773504,36.48715697732051
3415,37.1,29.575998306274418,76.0,0.0,20.0,6.3,6.6746382720160105,39.102391481604805
3416,32.2,29.575998306274418,76.0,0.0,19.3,5.6,6.9251014590092845,34.27753043770279
3417,36.3,29.575998306274418,76.0,0.0,19.4,5.6,13.866187954774873,40.459856386432456
3418,33.6,29.575998306274418,76.0,0.0,19.4,6.1,21.027665651103067,39.908299695330925
3419,35.0,29.575998306274418,76.0,0.0,19.4,6.4,10.648968032578358,38.19469040977351
3420,38.7,31.375999450683594,67.0,0.0,20.0,6.3,13.1589457489078,42.64768372467234
3421,36.4,31.375999450683594,67.0,0.0,19.2,6.0,20.767604692521715,42.63028140775651
3422,15.8,31.375999450683594,67.0,0.0,20.6,6.3,29.475885636513517,24.642765690954057
3423,25.5,31.375999450683594,67.0,0.0,20.5,5.7,6.021828901535201,27.30654867046056
3424,28.4,31.375999450683594,67.0,0.0,20.8,6.0,15.24622319415141,32.973866958245424
3425,36.6,31.375999450683594,67.0,0.0,20.4,5.8,21.186652996391825,42.95599589891755
3426,34.8,31.375999450683594,67.0,0.0,19.6,6.3,11.925495279919119,38.377648583975734
3427,38.6,31.375999450683594,67.0,0.0,20.0,6.1,6.7014513214932,40.61043539644796
3428,17.2,31.375999450683594,67.0,0.0,19.3,6.4,12.800174734102008,21.0400524202306
3429,37.8,31.375999450683594,67.0,0.0,20.2,5.7,26.911697021624693,45.873509106487404
3430,31.9,31.375999450683594,67.0,0.0,19.5,6.4,29.287192576622274,40.68615777298668
3431,18.5,31.375999450683594,67.0,0.0,19.5,5.9,18.606389186272885,24.081916755881863
3432,20.4,31.375999450683594,67.0,0.0,20.8,6.3,22.63833917759577,27.19150175327873
3433,15.4,31.375999450683594,67.0,0.0,20.7,5.7,8.256298535820683,17.876889560746207
3434,32.2,31.375999450683594,67.0,0.0,19.5,6.0,29.987259809595518,41.196177942878656
3435,33.0,31.375999450683594,67.0,0.0,19.6,5.7,7.945782533582003,35.3837347600746
3436,26.7,31.375999450683594,67.0,0.0,19.4,6.1,20.875690706139935,32.96270721184198
3437,29.1,31.375999450683594,67.0,0.0,20.5,5.9,7.796661488324295,31.43899844649729
3438,30.8,31.375999450683594,67.0,0.0,19.2,6.4,27.819599175186028,39.14587975255581
3439,17.3,31.375999450683594,67.0,0.0,19.4,5.8,24.41902698811702,24.625708096435105
3440,31.3,31.375999450683594,67.0,0.0,19.5,6.2,15.854426256255637,36.05632787687669
3441,19.5,31.375999450683594,67.0,0.0,20.9,6.0,13.697142721529591,23.609142816458878
3442,23.5,31.375999450683594,67.0,0.0,20.6,6.3,6.158169503053766,25.34745085091613
3443,24.6,31.375999450683594,67.0,0.0,20.1,5.5,25.180214546513586,32.15406436395408
3444,16.3,31.375999450683594,67.0,0.0,20.6,5.9,5.901623609872076,18.070487082961623
3445,38.8,31.375999450683594,67.0,0.0,19.5,6.4,21.97880320374505,45.39364096112351
3446,26.5,31.375999450683594,67.0,0.0,19.5,5.6,25.977929931482922,34.293378979444874
3447,17.2,31.375999450683594,67.0,0.0,19.1,6.2,6.0483821849924,19.01451465549772
3448,38.8,31.375999450683594,67.0,0.0,20.0,6.4,14.27667183101389,43.083001549304164
3449,24.9,31.375999450683594,67.0,0.0,20.3,6.1,20.18453498520467,30.9553604955614
3450,35.9,31.375999450683594,67.0,0.0,20.3,6.2,25.952862440106543,43.68585873203196
3451,20.6,31.375999450683594,67.0,0.0,20.8,6.0,19.053341980683125,26.31600259420494
3452,37.4,31.375999450683594,67.0,0.0,19.3,5.8,9.029263456037807,40.10877903681134
3453,34.3,31.375999450683594,67.0,0.0,20.6,6.4,17.336466396657798,39.50093991899734
3454,37.7,31.375999450683594,67.0,0.0,20.2,5.9,22.1488090716881,44.34464272150643
3455,25.5,31.375999450683594,67.0,0.0,19.3,5.9,21.88557156816058,32.06567147044817
3456,18.1,31.375999450683594,67.0,0.0,19.6,5.7,20.286865346356432,24.18605960390693
3457,26.7,31.375999450683594,67.0,0.0,19.0,6.4,21.937337361447234,33.28120120843417
3458,23.7,31.375999450683594,67.0,0.0,20.8,6.3,14.019258097155971,27.90577742914679
3459,20.1,31.375999450683594,67.0,0.0,20.1,6.3,23.159731108145554,27.04791933244367
3460,17.2,31.375999450683594,67.0,0.0,20.2,6.1,24.4574924506667,24.53724773520001
3461,30.9,31.375999450683594,67.0,0.0,19.7,6.0,16.28133752644654,35.78440125793396
3462,27.6,31.375999450683594,67.0,0.0,20.8,6.2,25.763699268248978,35.329109780474695
3463,31.3,31.375999450683594,67.0,0.0,19.7,6.1,9.382873352861257,34.11486200585838
3464,27.4,31.375999450683594,67.0,0.0,20.7,5.5,25.62193897993339,35.086581693980015
3465,35.7,31.375999450683594,67.0,0.0,19.3,6.4,20.106525355971606,41.73195760679148
3466,19.7,31.375999450683594,67.0,0.0,20.5,5.6,23.982007349680703,26.89460220490421
3467,19.9,31.375999450683594,67.0,0.0,19.5,6.1,9.9337662095431,22.88012986286293
3468,30.0,31.375999450683594,67.0,0.0,19.8,5.9,13.945410815457,34.1836232446371
3469,23.2,31.375999450683594,67.0,0.0,19.5,5.7,10.991290722432879,26.497387216729862
3470,36.9,31.375999450683594,67.0,0.0,20.4,5.8,14.091989933930591,41.12759698017918
3471,37.1,31.375999450683594,67.0,0.0,19.6,5.6,12.196445488627617,40.75893364658829
3472,26.1,31.375999450683594,67.0,0.0,19.4,5.8,5.2934881976369095,27.688046459291073
3473,39.6,31.375999450683594,67.0,0.0,19.1,6.0,17.996709986873405,44.99901299606202
3474,18.4,31.375999450683594,67.0,0.0,19.5,6.1,12.40812553990596,22.122437661971787
3475,39.2,31.375999450683594,67.0,0.0,20.7,5.9,16.701055785270327,44.2103167355811
3476,33.7,31.375999450683594,67.0,0.0,19.8,5.7,14.191233889302659,37.9573701667908
3477,25.2,31.375999450683594,67.0,0.0,19.7,5.8,8.392073489294251,27.717622046788275
3478,35.5,31.375999450683594,67.0,0.0,20.6,6.0,21.370974815803603,41.91129244474108
3479,22.4,31.375999450683594,67.0,0.0,20.5,6.3,19.748596693682146,28.324579008104642
3480,19.7,32.926002502441406,59.0,0.0,19.3,5.7,23.883187839669407,26.864956351900823
3481,30.8,32.926002502441406,59.0,0.0,20.4,6.3,6.510950377404341,32.7532851132213
3482,16.7,32.926002502441406,59.0,0.0,20.0,6.3,8.667243204526935,19.30017296135808
3483,16.4,32.926002502441406,59.0,0.0,20.7,6.4,16.34141433595451,21.302424300786353
3484,23.1,32.926002502441406,59.0,0.0,19.9,5.8,21.21267574028525,29.463802722085575
3485,33.6,32.926002502441406,59.0,0.0,19.6,6.3,25.227216823815592,41.168165047144676
3486,39.4,32.926002502441406,59.0,0.0,20.4,5.6,13.226030106154159,43.36780903184625
3487,37.1,32.926002502441406,59.0,0.0,19.2,5.8,8.365681299863263,39.60970438995898
3488,27.6,32.926002502441406,59.0,0.0,20.2,6.1,18.04115727903339,33.01234718371002
3489,35.7,32.926002502441406,59.0,0.0,19.6,6.3,8.072996939176297,38.12189908175289
3490,34.6,32.926002502441406,59.0,0.0,20.7,5.6,20.529045997784642,40.758713799335396
3491,23.5,32.926002502441406,59.0,0.0,20.7,5.5,5.082469787448653,25.024740936234597
3492,34.9,32.926002502441406,59.0,0.0,19.0,6.3,12.378763442690008,38.613629032807
3493,30.7,32.926002502441406,59.0,0.0,20.2,5.8,8.840212984993702,33.35206389549811
3494,31.4,32.926002502441406,59.0,0.0,20.5,5.8,24.201090509815767,38.66032715294473
3495,19.5,32.926002502441406,59.0,0.0,20.4,6.3,13.34416502743256,23.503249508229768
3496,22.6,32.926002502441406,59.0,0.0,19.6,5.7,25.232880761448673,30.169864228434605
3497,38.2,32.926002502441406,59.0,0.0,20.7,6.3,19.39172303277015,44.017516909831045
3498,39.0,32.926002502441406,59.0,0.0,20.6,6.5,21.973390660601538,45.592017198180464
3499,24.9,32.926002502441406,59.0,0.0,19.2,6.2,8.658796029129205,27.49763880873876
3500,36.0,32.926002502441406,59.0,0.0,19.7,6.0,17.47384685142844,41.24215405542853
3501,24.0,32.926002502441406,59.0,0.0,19.4,5.6,5.67486563933738,25.702459691801213
3502,17.1,32.926002502441406,59.0,0.0,20.8,5.8,9.740003082680989,20.0220009248043
3503,23.3,32.926002502441406,59.0,0.0,19.3,6.1,27.96622733370034,31.6898682001101
3504,34.6,32.926002502441406,59.0,0.0,19.7,6.5,22.74951545268136,41.42485463580441
3505,32.1,32.926002502441406,59.0,0.0,19.1,5.9,11.030189672001388,35.409056901600415
3506,21.2,32.926002502441406,59.0,0.0,20.0,5.8,12.593939669788451,24.978181900936534
3507,15.2,32.926002502441406,59.0,0.0,20.9,6.0,21.15870662051132,21.547611986153395
3508,29.0,32.926002502441406,59.0,0.0,19.5,6.0,21.580890038461163,35.47426701153835
3509,19.4,32.926002502441406,59.0,0.0,20.6,6.5,7.503460438167934,21.651038131450377
3510,17.7,32.926002502441406,59.0,0.0,19.3,5.9,25.427459716553205,25.32823791496596
3511,34.8,32.926002502441406,59.0,0.0,19.2,6.1,25.421096892436864,42.426329067731054
3512,39.7,32.926002502441406,59.0,0.0,20.0,5.9,16.4041480161643,44.62124440484929
3513,17.6,32.926002502441406,59.0,0.0,20.2,5.8,22.354940072445324,24.306482021733597
3514,15.6,32.926002502441406,59.0,0.0,20.6,6.4,22.49824662621002,22.349473987863007
3515,34.6,32.926002502441406,59.0,0.0,20.2,6.3,16.663295943896355,39.598988783168906
3516,38.0,32.926002502441406,59.0,0.0,20.8,6.1,13.287399813584488,41.986219944075344
3517,37.2,32.926002502441406,59.0,0.0,19.0,6.3,12.42256580820242,40.92676974246073
3518,37.4,32.926002502441406,59.0,0.0,19.8,5.5,29.44366695432069,46.233100086296204
3519,35.6,32.926002502441406,59.0,0.0,20.0,5.9,20.80305492799856,41.84091647839957
3520,34.0,32.926002502441406,59.0,0.0,19.5,6.1,23.288226713646264,40.98646801409388
3521,38.6,32.926002502441406,59.0,0.0,20.0,6.3,9.260649863602598,41.37819495908078
3522,29.3,32.926002502441406,59.0,0.0,20.5,5.7,7.760842437498506,31.628252731249553
3523,15.7,32.926002502441406,59.0,0.0,20.7,5.6,6.585325739400201,17.67559772182006
3524,37.2,32.926002502441406,59.0,0.0,20.5,6.1,5.511058649769436,38.853317594930836
3525,22.2,32.926002502441406,59.0,0.0,20.5,6.4,19.901295253175988,28.170388575952796
3526,36.4,32.926002502441406,59.0,0.0,19.2,6.1,12.73789911976482,40.22136973592944
3527,29.5,32.926002502441406,59.0,0.0,19.0,5.7,16.432148727788103,34.42964461833643
3528,20.7,32.926002502441406,59.0,0.0,19.7,6.4,26.637345192708334,28.6912035578125
3529,37.0,32.926002502441406,59.0,0.0,19.7,6.0,16.73698513357094,42.02109554007128
3530,20.3,32.926002502441406,59.0,0.0,19.2,6.4,8.218484115322626,22.76554523459679
3531,32.2,32.926002502441406,59.0,0.0,20.1,5.8,19.099761967949117,37.92992859038474
3532,32.8,32.926002502441406,59.0,0.0,20.6,6.4,9.807359888099551,35.74220796642986
3533,35.7,32.926002502441406,59.0,0.0,20.0,5.7,23.450155865449204,42.73504675963476
3534,36.0,32.926002502441406,59.0,0.0,20.4,6.5,8.063907228824618,38.419172168647385
3535,21.0,32.926002502441406,59.0,0.0,20.9,6.3,15.22514841818534,25.567544525455602
3536,30.6,32.926002502441406,59.0,0.0,19.8,6.3,24.426677607586583,37.928003282275974
3537,33.1,32.926002502441406,59.0,0.0,20.4,5.9,14.099767351677357,37.32993020550321
3538,27.6,32.926002502441406,59.0,0.0,20.6,6.1,14.059458239385435,31.817837471815633
3539,27.2,32.926002502441406,59.0,0.0,20.0,6.2,10.286006159558315,30.285801847867493
3540,39.1,34.426002502441406,52.0,0.0,19.7,5.7,20.75650903463628,45.326952710390884
3541,17.6,34.426002502441406,52.0,0.0,20.9,5.8,16.968316321369656,22.690494896410897
3542,20.1,34.426002502441406,52.0,0.0,21.0,5.8,10.141759610557166,23.14252788316715
3543,15.4,34.426002502441406,52.0,0.0,19.4,5.7,28.31507885321608,23.894523655964825
3544,28.4,34.426002502441406,52.0,0.0,19.0,6.4,29.68471593597171,37.30541478079151
3545,19.3,34.426002502441406,52.0,0.0,20.5,5.5,15.55244793397636,23.96573438019291
3546,26.3,34.426002502441406,52.0,0.0,19.8,6.1,23.132561794266014,33.239768538279804
3547,26.4,34.426002502441406,52.0,0.0,19.6,6.2,15.578934328386882,31.073680298516063
3548,25.7,34.426002502441406,52.0,0.0,19.5,6.2,21.799654598827022,32.23989637964811
3549,24.5,34.426002502441406,52.0,0.0,20.0,6.3,5.276686535467946,26.083005960640385
3550,21.8,34.426002502441406,52.0,0.0,19.6,5.8,22.61015678990709,28.58304703697213
3551,15.6,34.426002502441406,52.0,0.0,20.6,6.1,8.133388150274623,18.040016445082387
3552,23.9,34.426002502441406,52.0,0.0,20.7,5.8,28.391855326615957,32.417556597984785
3553,17.0,34.426002502441406,52.0,0.0,19.4,5.5,20.490950617242703,23.147285185172812
3554,38.7,34.426002502441406,52.0,0.0,20.5,5.8,17.366542002815763,43.90996260084473
3555,20.7,34.426002502441406,52.0,0.0,19.4,6.3,18.16406987915311,26.149220963745933
3556,24.8,34.426002502441406,52.0,0.0,20.6,6.1,12.622324128979322,28.586697238693798
3557,33.6,34.426002502441406,52.0,0.0,20.8,5.5,28.550815743788984,42.165244723136695
3558,38.0,34.426002502441406,52.0,0.0,20.0,5.7,9.554346358647743,40.86630390759432
3559,39.5,34.426002502441406,52.0,0.0,19.7,6.4,16.739922028576988,44.5219766085731
3560,26.7,34.426002502441406,52.0,0.0,20.0,6.2,19.8623877262052,32.65871631786156
3561,35.8,34.426002502441406,52.0,0.0,19.7,6.2,5.662890814087891,37.49886724422637
3562,18.7,34.426002502441406,52.0,0.0,19.2,5.8,23.162801790093656,25.648840537028097
3563,20.5,34.426002502441406,52.0,0.0,20.2,6.4,14.292442582630969,24.78773277478929
3564,38.1,34.426002502441406,52.0,0.0,20.8,5.5,10.293509618956495,41.18805288568695
3565,27.8,34.426002502441406,52.0,0.0,20.2,6.2,27.588274343647704,36.07648230309431
3566,19.7,34.426002502441406,52.0,0.0,20.1,6.2,19.04473926881849,25.413421780645546
3567,31.7,34.426002502441406,52.0,0.0,19.0,6.4,5.463186767677437,33.33895603030323
3568,33.3,34.426002502441406,52.0,0.0,19.5,6.5,16.864478663128548,38.35934359893856
3569,29.4,34.426002502441406,52.0,0.0,19.8,6.0,15.233043594924753,33.969913078477425
3570,19.5,34.426002502441406,52.0,0.0,19.2,5.6,9.374813894973306,22.312444168491993
3571,38.1,34.426002502441406,52.0,0.0,19.8,6.4,28.976178480698724,46.79285354420962
3572,38.3,34.426002502441406,52.0,0.0,20.7,6.3,13.131621220069876,42.23948636602096
3573,22.9,34.426002502441406,52.0,0.0,20.8,6.0,22.342457242052415,29.602737172615722
3574,27.1,34.426002502441406,52.0,0.0,19.7,5.8,7.830758047087825,29.449227414126348
3575,33.2,34.426002502441406,52.0,0.0,19.5,5.8,19.316631368337738,38.994989410501326
3576,20.9,34.426002502441406,52.0,0.0,19.0,6.1,11.854441830327847,24.456332549098352
3577,20.1,34.426002502441406,52.0,0.0,19.7,6.1,20.753006760416948,26.325902028125086
3578,18.1,34.426002502441406,52.0,0.0,20.8,5.7,29.94091592203451,27.082274776610355
3579,19.7,34.426002502441406,52.0,0.0,20.6,6.1,17.21333570278638,24.864000710835914
3580,30.8,34.426002502441406,52.0,0.0,19.7,6.4,21.811520510632633,37.34345615318979
3581,36.7,34.426002502441406,52.0,0.0,19.7,6.4,11.907876917125709,40.27236307513772
3582,18.3,34.426002502441406,52.0,0.0,20.8,6.1,18.294221906868458,23.788266572060536
3583,24.8,34.426002502441406,52.0,0.0,19.0,6.1,24.47458637183524,32.14237591155057
3584,37.7,34.426002502441406,52.0,0.0,19.8,6.3,23.496875312775767,44.74906259383273
3585,35.6,34.426002502441406,52.0,0.0,19.0,5.6,29.769884289178062,44.53096528675342
3586,15.0,34.426002502441406,52.0,0.0,19.7,5.9,13.975402648715008,19.192620794614502
3587,21.3,34.426002502441406,52.0,0.0,20.6,6.1,26.931247409349787,29.379374222804934
3588,27.0,34.426002502441406,52.0,0.0,20.6,6.0,7.366028697638081,29.209808609291425
3589,33.6,34.426002502441406,52.0,0.0,20.5,5.8,19.29727468633535,39.389182405900605
3590,31.8,34.426002502441406,52.0,0.0,19.8,6.2,23.026883515819154,38.708065054745745
3591,34.7,34.426002502441406,52.0,0.0,20.9,6.2,6.19961315353275,36.55988394605983
3592,38.5,34.426002502441406,52.0,0.0,20.6,5.6,17.716668715623566,43.81500061468707
3593,33.9,34.426002502441406,52.0,0.0,19.3,5.7,23.83401022674993,41.05020306802498
3594,27.2,34.426002502441406,52.0,0.0,19.3,6.3,12.94205294412036,31.08261588323611
3595,21.1,34.426002502441406,52.0,0.0,19.7,6.0,26.122407148628785,28.936722144588636
3596,31.8,34.426002502441406,52.0,0.0,20.7,5.8,20.88813773235525,38.06644131970658
3597,21.4,34.426002502441406,52.0,0.0,19.9,5.8,10.999786729182185,24.699936018754656
3598,23.7,34.426002502441406,52.0,0.0,20.6,5.8,10.780893854307939,26.93426815629238
3599,36.3,34.426002502441406,52.0,0.0,19.3,6.0,24.487453339281895,43.646236001784565
3600,33.6,35.82600021362305,47.0,0.0,19.5,6.2,23.784131916731674,40.735239575019506
3601,17.5,35.82600021362305,47.0,0.0,19.3,6.4,19.44668384035456,23.334005152106368
3602,27.5,35.82600021362305,47.0,0.0,20.2,5.9,12.498246101309782,31.249473830392933
3603,19.6,35.82600021362305,47.0,0.0,21.0,6.5,28.71235977835312,28.213707933505937
3604,27.3,35.82600021362305,47.0,0.0,19.4,6.2,13.40400401526607,31.321201204579822
3605,32.7,35.82600021362305,47.0,0.0,20.2,5.8,18.001280671832234,38.10038420154967
3606,24.9,35.82600021362305,47.0,0.0,20.5,6.0,13.788812258046752,29.036643677414023
3607,31.4,35.82600021362305,47.0,0.0,20.0,5.8,8.536351976676077,33.96090559300282
3608,28.8,35.82600021362305,47.0,0.0,19.3,5.6,20.412903130779632,34.92387093923389
3609,17.4,35.82600021362305,47.0,0.0,19.2,6.2,14.429481461888209,21.728844438566462
3610,33.6,35.82600021362305,47.0,0.0,20.0,5.9,8.929383542624132,36.27881506278724
3611,32.9,35.82600021362305,47.0,0.0,20.3,6.3,10.061615864929259,35.91848475947877
3612,27.7,35.82600021362305,47.0,0.0,19.1,5.8,26.869491942762586,35.760847582828774
3613,35.9,35.82600021362305,47.0,0.0,20.0,6.0,25.18640710509797,43.45592213152939
3614,19.3,35.82600021362305,47.0,0.0,20.4,6.2,17.25950452776234,24.477851358328703
3615,28.9,35.82600021362305,47.0,0.0,19.9,5.5,14.827169569567499,33.34815087087025
3616,15.4,35.82600021362305,47.0,0.0,19.9,5.9,7.077191874070206,17.523157562221062
3617,21.7,35.82600021362305,47.0,0.0,19.1,6.0,5.912607317039455,23.473782195111834
3618,21.2,35.82600021362305,47.0,0.0,19.7,5.6,8.404818013006832,23.72144540390205
3619,35.9,35.82600021362305,47.0,0.0,19.7,6.2,7.779098069549718,38.23372942086491
3620,21.4,35.82600021362305,47.0,0.0,20.6,6.4,22.904808827077655,28.271442648123294
3621,31.6,35.82600021362305,47.0,0.0,20.9,5.7,6.934300609256173,33.68029018277685
3622,38.9,35.82600021362305,47.0,0.0,20.8,5.8,24.695463560645283,46.308639068193585
3623,39.8,35.82600021362305,47.0,0.0,20.1,6.5,25.658122679855936,47.497436803956774
3624,23.1,35.82600021362305,47.0,0.0,20.1,6.1,11.130906393532776,26.439271918059834
3625,21.7,35.82600021362305,47.0,0.0,20.0,5.5,11.413029791986695,25.123908937596006
3626,30.5,35.82600021362305,47.0,0.0,21.0,5.9,18.439912506361235,36.03197375190837
3627,24.4,35.82600021362305,47.0,0.0,20.3,6.0,25.655773605042242,32.09673208151267
3628,33.7,35.82600021362305,47.0,0.0,20.5,5.9,8.186789678287631,36.156036903486296
3629,25.0,35.82600021362305,47.0,0.0,20.0,5.9,29.480227684299443,33.84406830528983
3630,26.3,35.82600021362305,47.0,0.0,19.6,5.9,22.68824036512957,33.10647210953887
3631,37.8,35.82600021362305,47.0,0.0,20.0,5.5,16.120208769586906,42.63606263087607
3632,28.0,35.82600021362305,47.0,0.0,19.4,6.1,15.925180264447794,32.77755407933434
3633,26.5,35.82600021362305,47.0,0.0,20.0,5.5,23.43110734828152,33.529332204484454
3634,21.9,35.82600021362305,47.0,0.0,19.8,6.1,11.369700121523902,25.31091003645717
3635,25.7,35.82600021362305,47.0,0.0,19.1,5.8,18.21156221817388,31.163468665452164
3636,17.3,35.82600021362305,47.0,0.0,20.7,5.9,24.21973212440075,24.565919637320224
3637,25.2,35.82600021362305,47.0,0.0,19.8,5.7,24.4446095146822,32.53338285440466
3638,15.9,35.82600021362305,47.0,0.0,19.7,6.2,29.01707834355915,24.605123503067745
3639,26.8,35.82600021362305,47.0,0.0,20.1,6.2,28.014228981458135,35.204268694437445
3640,17.0,35.82600021362305,47.0,0.0,21.0,6.3,21.127652627527127,23.338295788258137
3641,20.5,35.82600021362305,47.0,0.0,19.7,6.2,19.932869227364932,26.47986076820948
3642,25.9,35.82600021362305,47.0,0.0,20.6,6.0,26.986876909623295,33.99606307288698
3643,27.4,35.82600021362305,47.0,0.0,20.2,6.0,6.942953991632862,29.482886197489858
3644,35.7,35.82600021362305,47.0,0.0,20.1,6.0,28.889340456137667,44.3668021368413
3645,27.3,35.82600021362305,47.0,0.0,19.4,5.5,14.939025122577247,31.781707536773176
3646,24.0,35.82600021362305,47.0,0.0,19.8,5.7,10.266400844528318,27.079920253358495
3647,30.8,35.82600021362305,47.0,0.0,20.0,5.9,14.683006520986822,35.20490195629605
3648,34.4,35.82600021362305,47.0,0.0,20.8,5.9,15.763043713028377,39.12891311390851
3649,30.6,35.82600021362305,47.0,0.0,19.5,6.1,8.87250375027654,33.26175112508297
3650,32.3,35.82600021362305,47.0,0.0,20.1,6.3,16.47307286413848,37.24192185924154
3651,15.5,35.82600021362305,47.0,0.0,19.4,6.2,22.73220581572276,22.31966174471683
3652,21.6,35.82600021362305,47.0,0.0,20.9,5.6,20.349295278219127,27.70478858346574
3653,31.6,35.82600021362305,47.0,0.0,19.2,6.0,11.032929626539932,34.90987888796198
3654,27.0,35.82600021362305,47.0,0.0,20.4,6.3,10.097537582152867,30.02926127464586
3655,32.6,35.82600021362305,47.0,0.0,19.2,5.9,9.86036420757419,35.55810926227226
3656,19.1,35.82600021362305,47.0,0.0,19.5,5.6,9.228773253698556,21.86863197610957
3657,39.3,35.82600021362305,47.0,0.0,19.9,5.9,11.982233038597604,42.89466991157928
3658,18.1,35.82600021362305,47.0,0.0,20.7,5.6,21.296609289295453,24.488982786788636
3659,15.1,35.82600021362305,47.0,0.0,20.1,5.9,16.73491636288502,20.120474908865503
3660,27.4,36.7760009765625,43.0,0.0,20.9,5.7,17.00942940360624,32.50282882108187
3661,30.9,36.7760009765625,43.0,0.0,19.1,6.4,16.051060633018444,35.71531818990553
3662,22.9,36.7760009765625,43.0,0.0,19.0,6.1,15.11671948597052,27.435015845791156
3663,37.2,36.7760009765625,43.0,0.0,19.2,6.3,16.7071115576422,42.21213346729266
3664,35.0,36.7760009765625,43.0,0.0,19.7,5.8,11.53714822091657,38.46114446627497
3665,31.7,36.7760009765625,43.0,0.0,19.9,6.0,25.74801274895699,39.4244038246871
3666,27.3,36.7760009765625,43.0,0.0,20.1,6.3,24.476572315899435,34.642971694769834
3667,39.9,36.7760009765625,43.0,0.0,19.3,5.7,25.10912125646598,47.43273637693979
3668,17.6,36.7760009765625,43.0,0.0,20.8,6.4,25.301747675243845,25.190524302573156
3669,21.0,36.7760009765625,43.0,0.0,19.9,5.7,25.159170033008706,28.547751009902612
3670,25.3,36.7760009765625,43.0,0.0,20.9,6.2,13.788837377885411,29.436651213365625
3671,34.9,36.7760009765625,43.0,0.0,20.7,5.7,23.707614307049187,42.01228429211476
3672,24.2,36.7760009765625,43.0,0.0,20.5,5.7,28.4172686261112,32.72518058783336
3673,30.3,36.7760009765625,43.0,0.0,20.9,5.7,25.038314220777885,37.81149426623337
3674,27.8,36.7760009765625,43.0,0.0,19.2,6.2,23.415209644205923,34.82456289326178
3675,25.4,36.7760009765625,43.0,0.0,19.8,6.4,17.30209515864273,30.590628547592818
3676,30.1,36.7760009765625,43.0,0.0,19.1,5.7,7.092271497320186,32.227681449196055
3677,23.1,36.7760009765625,43.0,0.0,20.3,6.5,23.22886940310238,30.068660820930717
3678,29.4,36.7760009765625,43.0,0.0,20.0,5.7,22.939460045217878,36.28183801356536
3679,33.0,36.7760009765625,43.0,0.0,19.7,5.8,9.005897776870153,35.701769333061044
3680,17.1,36.7760009765625,43.0,0.0,20.1,6.0,7.81472393826305,19.444417181478915
3681,23.0,36.7760009765625,43.0,0.0,19.7,6.4,10.544609654830657,26.163382896449196
3682,15.5,36.7760009765625,43.0,0.0,20.9,6.1,7.4022128070101125,17.720663842103033
3683,15.2,36.7760009765625,43.0,0.0,20.7,6.1,8.311830501736418,17.693549150520923
3684,28.7,36.7760009765625,43.0,0.0,19.3,5.5,9.685697911877192,31.60570937356316
3685,31.9,36.7760009765625,43.0,0.0,19.6,6.4,21.814900947626942,38.44447028428808
3686,36.7,36.7760009765625,43.0,0.0,20.9,6.0,24.188656592830196,43.95659697784906
3687,22.4,36.7760009765625,43.0,0.0,20.9,5.9,19.394556887289575,28.21836706618687
3688,38.9,36.7760009765625,43.0,0.0,20.3,5.6,15.776619746125016,43.6329859238375
3689,23.0,36.7760009765625,43.0,0.0,20.3,6.3,17.692235440926897,28.307670632278068
3690,25.6,36.7760009765625,43.0,0.0,19.1,5.6,24.92292922703009,33.076878768109026
3691,39.0,36.7760009765625,43.0,0.0,19.7,6.1,12.969268010424287,42.89078040312729
3692,31.6,36.7760009765625,43.0,0.0,19.2,6.1,21.95306295179767,38.1859188855393
3693,18.6,36.7760009765625,43.0,0.0,20.3,5.9,16.81464118247298,23.644392354741896
3694,30.9,36.7760009765625,43.0,0.0,19.6,6.3,24.86307044364454,38.35892113309336
3695,20.5,36.7760009765625,43.0,0.0,20.8,5.9,6.882015841267642,22.56460475238029
3696,25.4,36.7760009765625,43.0,0.0,19.9,6.2,27.975828537235657,33.7927485611707
3697,17.7,36.7760009765625,43.0,0.0,20.9,6.0,28.855191627741526,26.35655748832246
3698,34.7,36.7760009765625,43.0,0.0,19.3,5.6,14.154214193664888,38.94626425809947
3699,31.9,36.7760009765625,43.0,0.0,20.8,6.1,29.148651979119627,40.644595593735886
3700,28.9,36.7760009765625,43.0,0.0,20.0,5.5,29.380971480827935,37.714291444248374
3701,17.5,36.7760009765625,43.0,0.0,19.5,5.6,5.1067466269267126,19.032023988078013
3702,15.6,36.7760009765625,43.0,0.0,20.5,5.8,24.773608562212505,23.03208256866375
3703,39.1,36.7760009765625,43.0,0.0,20.3,6.2,24.783840953142164,46.53515228594265
3704,35.7,36.7760009765625,43.0,0.0,20.0,6.4,16.948938714163937,40.78468161424918
3705,15.0,36.7760009765625,43.0,0.0,19.9,6.1,7.153273693451443,17.145982108035433
3706,31.0,36.7760009765625,43.0,0.0,20.0,6.0,28.76332836625015,39.628998509875046
3707,34.2,36.7760009765625,43.0,0.0,19.1,6.1,15.989412446891192,38.99682373406736
3708,36.5,36.7760009765625,43.0,0.0,20.4,5.7,16.19101625677476,41.357304877032426
3709,38.6,36.7760009765625,43.0,0.0,20.8,5.5,16.851161234466797,43.65534837034004
3710,26.9,36.7760009765625,43.0,0.0,20.2,6.2,25.1059265818554,34.43177797455662
3711,38.0,36.7760009765625,43.0,0.0,21.0,6.3,20.40143062348734,44.1204291870462
3712,37.7,36.7760009765625,43.0,0.0,19.5,5.5,23.86327061562603,44.85898118468781
3713,15.5,36.7760009765625,43.0,0.0,20.5,6.1,12.637656575964623,19.291296972789386
3714,37.4,36.7760009765625,43.0,0.0,20.9,6.2,19.322877065025704,43.19686311950771
3715,37.3,36.7760009765625,43.0,0.0,20.3,6.2,5.730514704691926,39.01915441140758
3716,28.9,36.7760009765625,43.0,0.0,19.2,5.7,11.909791554835856,32.47293746645076
3717,29.7,36.7760009765625,43.0,0.0,20.1,5.7,15.739385835359826,34.42181575060795
3718,37.4,36.7760009765625,43.0,0.0,20.1,5.6,17.049757298668183,42.514927189600456
3719,28.2,36.7760009765625,43.0,0.0,19.5,5.6,10.406706699901466,31.32201200997044
3720,16.8,37.426002502441406,40.0,0.0,19.5,6.3,7.980653696050123,19.19419610881504
3721,23.6,37.426002502441406,40.0,0.0,19.4,5.6,18.19682076407266,29.0590462292218
3722,18.5,37.426002502441406,40.0,0.0,20.4,5.9,24.334318683091762,25.800295604927527
3723,28.2,37.426002502441406,40.0,0.0,20.4,5.8,14.547746090063367,32.56432382701901
3724,25.0,37.426002502441406,40.0,0.0,20.9,5.6,5.425291353735546,26.627587406120664
3725,37.0,37.426002502441406,40.0,0.0,19.0,6.3,23.974207871785868,44.19226236153576
3726,23.2,37.426002502441406,40.0,0.0,19.1,6.2,22.17064455132632,29.851193365397894
3727,39.2,37.426002502441406,40.0,0.0,19.5,5.6,19.20960084537477,44.96288025361243
3728,16.8,37.426002502441406,40.0,0.0,19.4,6.2,27.52714713113817,25.05814413934145
3729,25.0,37.426002502441406,40.0,0.0,19.7,6.0,20.3211592874591,31.09634778623773
3730,25.5,37.426002502441406,40.0,0.0,20.9,5.6,17.456335848177787,30.736900754453337
3731,35.9,37.426002502441406,40.0,0.0,19.1,5.6,20.30272302116436,41.99081690634931
3732,29.4,37.426002502441406,40.0,0.0,21.0,5.6,11.775005537920142,32.932501661376044
3733,34.7,37.426002502441406,40.0,0.0,19.2,5.7,8.929398060681763,37.37881941820453
3734,33.0,37.426002502441406,40.0,0.0,19.7,6.1,19.759381231000475,38.927814369300144
3735,23.9,37.426002502441406,40.0,0.0,19.2,5.7,22.179086524678276,30.55372595740348
3736,35.2,37.426002502441406,40.0,0.0,19.1,6.2,22.941280821894075,42.082384246568225
3737,23.0,37.426002502441406,40.0,0.0,19.6,5.9,25.63461615612217,30.69038484683665
3738,26.1,37.426002502441406,40.0,0.0,19.1,6.4,18.057595243104586,31.517278572931378
3739,25.1,37.426002502441406,40.0,0.0,19.2,6.5,17.34607764345899,30.3038232930377
3740,27.5,37.426002502441406,40.0,0.0,20.8,6.5,18.684012615959976,33.10520378478799
3741,16.5,37.426002502441406,40.0,0.0,20.9,5.7,8.961785450625385,19.188535635187616
3742,30.7,37.426002502441406,40.0,0.0,19.4,6.1,27.46491234719548,38.939473704158644
3743,35.7,37.426002502441406,40.0,0.0,19.1,5.9,12.804900465136397,39.54147013954092
3744,24.5,37.426002502441406,40.0,0.0,19.0,6.4,22.531315083297578,31.259394524989272
3745,29.1,37.426002502441406,40.0,0.0,20.5,5.8,12.197268223849147,32.75918046715474
3746,35.1,37.426002502441406,40.0,0.0,19.3,6.1,14.729699154408088,39.51890974632243
3747,36.0,37.426002502441406,40.0,0.0,20.0,5.8,18.099036515415765,41.42971095462473
3748,34.5,37.426002502441406,40.0,0.0,20.7,6.4,8.522002839332497,37.05660085179975
3749,24.7,37.426002502441406,40.0,0.0,20.2,6.5,6.698097731736562,26.709429319520968
3750,18.2,37.426002502441406,40.0,0.0,20.9,6.2,15.127793221537848,22.73833796646135
3751,36.7,37.426002502441406,40.0,0.0,20.2,5.6,24.91803668612754,44.175411005838264
3752,30.2,37.426002502441406,40.0,0.0,19.5,6.0,23.72618594741272,37.317855784223816
3753,32.6,37.426002502441406,40.0,0.0,19.1,5.5,9.834508542414177,35.55035256272426
3754,26.3,37.426002502441406,40.0,0.0,19.3,5.6,23.269789054231094,33.28093671626933
3755,19.7,37.426002502441406,40.0,0.0,19.5,5.9,11.257128813953656,23.077138644186096
3756,18.2,37.426002502441406,40.0,0.0,20.1,6.4,14.878495696105027,22.663548708831506
3757,22.9,37.426002502441406,40.0,0.0,19.0,6.2,13.366570504699625,26.909971151409884
3758,29.3,37.426002502441406,40.0,0.0,19.1,6.3,13.861178335925917,33.458353500777775
3759,37.3,37.426002502441406,40.0,0.0,21.0,6.3,29.29460322890503,46.0883809686715
3760,22.7,37.426002502441406,40.0,0.0,19.3,6.4,27.856869056014233,31.05706071680427
3761,15.4,37.426002502441406,40.0,0.0,20.3,5.7,28.30060819004154,23.890182457012465
3762,34.5,37.426002502441406,40.0,0.0,19.8,6.1,18.18982315335129,39.95694694600539
3763,23.4,37.426002502441406,40.0,0.0,20.4,5.5,18.372083526326694,28.911625057898007
3764,31.5,37.426002502441406,40.0,0.0,19.6,5.6,10.77465469219181,34.732396407657546
3765,15.9,37.426002502441406,40.0,0.0,20.9,6.1,17.7304673410369,21.21914020231107
3766,23.6,37.426002502441406,40.0,0.0,20.7,6.5,8.245911007304203,26.073773302191263
3767,24.9,37.426002502441406,40.0,0.0,19.7,5.9,17.084973026060645,30.025491907818193
3768,31.5,37.426002502441406,40.0,0.0,20.5,5.9,7.681792441670081,33.804537732501025
3769,16.5,37.426002502441406,40.0,0.0,19.8,5.7,13.959036435788303,20.68771093073649
3770,15.1,37.426002502441406,40.0,0.0,20.9,5.6,18.123858871507377,20.537157661452213
3771,35.7,37.426002502441406,40.0,0.0,20.6,6.2,17.493335312136736,40.94800059364103
3772,18.5,37.426002502441406,40.0,0.0,19.4,6.1,16.95248427909092,23.585745283727277
3773,32.5,37.426002502441406,40.0,0.0,20.4,5.9,29.12120569005582,41.23636170701675
3774,21.8,37.426002502441406,40.0,0.0,19.9,5.7,21.982277129237016,28.394683138771107
3775,22.3,37.426002502441406,40.0,0.0,20.2,6.4,12.235500254401817,25.970650076320545
3776,31.0,37.426002502441406,40.0,0.0,20.5,5.7,9.727446981509821,33.91823409445295
3777,38.8,37.426002502441406,40.0,0.0,19.6,5.6,28.961150748576078,47.48834522457282
3778,18.2,37.426002502441406,40.0,0.0,20.6,6.3,18.47189477393288,23.741568432179864
3779,26.5,37.426002502441406,40.0,0.0,20.3,6.2,7.369000049890199,28.71070001496706
3780,24.9,37.375999450683594,38.0,0.0,20.1,5.7,28.20620075599013,33.361860226797035
3781,20.1,37.375999450683594,38.0,0.0,20.6,5.8,23.874374279741986,27.262312283922597
3782,23.3,37.375999450683594,38.0,0.0,20.1,5.7,23.178730081711045,30.253619024513313
3783,28.3,37.375999450683594,38.0,0.0,21.0,6.2,9.721915587623304,31.216574676286992
3784,35.0,37.375999450683594,38.0,0.0,20.6,5.9,18.50065286481839,40.550195859445516
3785,32.6,37.375999450683594,38.0,0.0,20.2,5.7,6.638389057026929,34.59151671710808
3786,18.7,37.375999450683594,38.0,0.0,20.1,5.6,5.7736837811022825,20.432105134330683
3787,25.5,37.375999450683594,38.0,0.0,20.1,6.0,9.56444115845093,28.369332347535277
3788,15.6,37.375999450683594,38.0,0.0,19.6,5.9,7.572343734685139,17.87170312040554
3789,39.8,37.375999450683594,38.0,0.0,20.9,6.3,6.5510476349930995,41.765314290497926
3790,31.4,37.375999450683594,38.0,0.0,20.3,6.3,12.034291848044646,35.010287554413395
3791,18.5,37.375999450683594,38.0,0.0,19.7,5.9,11.510598802513215,21.953179640753966
3792,19.0,37.375999450683594,38.0,0.0,19.7,6.4,20.981799663144866,25.29453989894346
3793,32.5,37.375999450683594,38.0,0.0,20.1,5.7,25.20995548687985,40.062986646063955
3794,20.0,37.375999450683594,38.0,0.0,20.0,6.4,25.647741198777236,27.69432235963317
3795,36.7,37.375999450683594,38.0,0.0,20.9,5.9,19.079182245182096,42.42375467355463
3796,26.2,37.375999450683594,38.0,0.0,20.8,6.1,25.27924311811703,33.78377293543511
3797,30.8,37.375999450683594,38.0,0.0,19.8,5.6,11.646037421505955,34.29381122645179
3798,15.5,37.375999450683594,38.0,0.0,20.4,6.2,16.277906427400318,20.383371928220093
3799,29.4,37.375999450683594,38.0,0.0,19.3,5.8,20.287550109050077,35.486265032715025
3800,31.0,37.375999450683594,38.0,0.0,19.4,5.8,22.700716187836246,37.810214856350875
3801,32.1,37.375999450683594,38.0,0.0,19.1,6.4,28.719343773108765,40.71580313193263
3802,34.8,37.375999450683594,38.0,0.0,20.9,6.3,24.661940691648073,42.19858220749442
3803,29.7,37.375999450683594,38.0,0.0,20.3,5.9,8.27217563102418,32.181652689307256
3804,27.9,37.375999450683594,38.0,0.0,21.0,6.1,16.496523926986804,32.84895717809604
3805,25.3,37.375999450683594,38.0,0.0,20.0,5.9,6.3631208933225665,27.20893626799677
3806,23.6,37.375999450683594,38.0,0.0,20.1,5.6,11.843688880456703,27.153106664137013
3807,26.5,37.375999450683594,38.0,0.0,19.9,5.9,9.555017739270351,29.366505321781105
3808,36.9,37.375999450683594,38.0,0.0,20.6,5.7,14.320018375127592,41.19600551253828
3809,16.7,37.375999450683594,38.0,0.0,19.4,5.8,16.69545232238913,21.708635696716737
3810,39.4,37.375999450683594,38.0,0.0,20.6,6.5,25.449790315166467,47.03493709454994
3811,38.5,37.375999450683594,38.0,0.0,20.9,5.7,15.336370232212793,43.10091106966384
3812,32.2,37.375999450683594,38.0,0.0,20.8,6.2,6.065034794157177,34.01951043824715
3813,25.8,37.375999450683594,38.0,0.0,20.9,6.2,22.488865583855866,32.54665967515676
3814,23.0,37.375999450683594,38.0,0.0,20.1,5.7,28.55295458118383,31.56588637435515
3815,21.4,37.375999450683594,38.0,0.0,20.0,5.9,14.389669970790884,25.716900991237264
3816,35.6,37.375999450683594,38.0,0.0,19.4,6.0,19.523921034230508,41.457176310269155
3817,28.1,37.375999450683594,38.0,0.0,20.1,6.2,10.084377023451655,31.1253131070355
3818,26.4,37.375999450683594,38.0,0.0,19.8,6.0,15.118573715011086,30.935572114503323
3819,27.4,37.375999450683594,38.0,0.0,19.6,6.3,24.074200647412304,34.62226019422369
3820,30.6,37.375999450683594,38.0,0.0,19.0,6.1,6.314629939045381,32.49438898171361
3821,33.3,37.375999450683594,38.0,0.0,19.5,5.5,7.804269679867777,35.64128090396033
3822,18.3,37.375999450683594,38.0,0.0,19.5,6.3,17.208889686137354,23.462666905841207
3823,36.0,37.375999450683594,38.0,0.0,20.8,6.2,27.744856482718276,44.32345694481548
3824,17.4,37.375999450683594,38.0,0.0,20.9,5.9,9.533794471955769,20.260138341586728
3825,37.7,37.375999450683594,38.0,0.0,20.3,6.3,18.218647823201728,43.16559434696052
3826,37.0,37.375999450683594,38.0,0.0,21.0,5.7,21.47403160824517,43.44220948247355
3827,28.3,37.375999450683594,38.0,0.0,20.6,6.1,20.33045609239361,34.39913682771808
3828,30.4,37.375999450683594,38.0,0.0,20.3,6.0,6.105263899435221,32.23157916983057
3829,22.0,37.375999450683594,38.0,0.0,19.1,5.9,12.293031237859193,25.687909371357758
3830,35.2,37.375999450683594,38.0,0.0,20.7,5.9,12.842825134176504,39.052847540252955
3831,33.1,37.375999450683594,38.0,0.0,19.9,5.5,24.646257325938752,40.49387719778163
3832,34.1,37.375999450683594,38.0,0.0,19.9,6.1,19.759799874646195,40.02793996239386
3833,39.7,37.375999450683594,38.0,0.0,21.0,6.3,8.398716631857734,42.21961498955732
3834,27.1,37.375999450683594,38.0,0.0,19.3,6.3,7.066442072298153,29.21993262168945
3835,36.9,37.375999450683594,38.0,0.0,20.3,6.2,24.917996305872133,44.37539889176164
3836,29.0,37.375999450683594,38.0,0.0,19.4,6.2,14.7060387081254,33.41181161243762
3837,16.7,37.375999450683594,38.0,0.0,19.4,5.8,16.538430401369233,21.66152912041077
3838,22.9,37.375999450683594,38.0,0.0,19.5,6.1,16.333604529297855,27.800081358789356
3839,34.6,37.375999450683594,38.0,0.0,20.4,5.5,23.247991204205437,41.57439736126163
3840,38.9,37.07600021362305,38.0,0.0,20.0,6.3,28.564639116119,47.469391734835696
3841,26.5,37.07600021362305,38.0,0.0,19.9,6.4,29.561056985547324,35.368317095664196
3842,28.5,37.07600021362305,38.0,0.0,20.3,6.5,20.42870975317118,34.62861292595135
3843,39.3,37.07600021362305,38.0,0.0,20.3,6.4,12.38720697382761,43.01616209214828
3844,35.6,37.07600021362305,38.0,0.0,20.5,5.8,19.7117728148621,41.51353184445863
3845,20.9,37.07600021362305,38.0,0.0,20.1,6.5,5.157256632021255,22.447176989606376
3846,35.1,37.07600021362305,38.0,0.0,20.6,6.4,15.365486847259648,39.709646054177895
3847,21.4,37.07600021362305,38.0,0.0,19.9,5.9,14.04064427389623,25.612193282168867
3848,23.1,37.07600021362305,38.0,0.0,20.6,6.4,5.947301647607154,24.884190494282148
3849,22.2,37.07600021362305,38.0,0.0,19.3,5.8,26.777554361592237,30.23326630847767
3850,27.8,37.07600021362305,38.0,0.0,20.5,6.3,24.98338791399438,35.29501637419831
3851,24.6,37.07600021362305,38.0,0.0,20.6,6.2,7.179394051137934,26.753818215341383
3852,32.7,37.07600021362305,38.0,0.0,19.2,6.3,25.09237651000208,40.227712953000626
3853,20.2,37.07600021362305,38.0,0.0,20.8,6.3,7.851708311857095,22.555512493557128
3854,33.3,37.07600021362305,38.0,0.0,19.3,5.6,10.82028656180767,36.5460859685423
3855,30.3,37.07600021362305,38.0,0.0,19.3,6.1,17.8359734379272,35.65079203137816
3856,39.8,37.07600021362305,38.0,0.0,19.4,6.2,15.218924729571995,44.3656774188716
3857,36.1,37.07600021362305,38.0,0.0,19.7,5.7,11.012098947618385,39.40362968428552
3858,17.7,37.07600021362305,38.0,0.0,20.7,6.3,8.425721749898674,20.2277165249696
3859,18.8,37.07600021362305,38.0,0.0,20.1,6.3,18.710594670175908,24.41317840105277
3860,22.0,37.07600021362305,38.0,0.0,20.6,6.3,17.848270741148898,27.35448122234467
3861,24.8,37.07600021362305,38.0,0.0,20.2,6.4,25.124710331853624,32.33741309955609
3862,32.4,37.07600021362305,38.0,0.0,20.8,6.3,27.19664506017979,40.55899351805394
3863,16.9,37.07600021362305,38.0,0.0,19.7,5.9,15.132632962817048,21.439789888845112
3864,34.9,37.07600021362305,38.0,0.0,20.1,5.6,23.947798318435417,42.08433949553062
3865,36.7,37.07600021362305,38.0,0.0,19.9,5.8,12.991322735157905,40.597396820547374
3866,37.3,37.07600021362305,38.0,0.0,20.6,5.7,14.663528075182509,41.69905842255475
3867,20.9,37.07600021362305,38.0,0.0,20.0,5.5,13.132341720648476,24.839702516194542
3868,17.2,37.07600021362305,38.0,0.0,19.3,6.3,22.848137605068988,24.054441281520695
3869,25.3,37.07600021362305,38.0,0.0,20.5,5.5,22.59727850709903,32.079183552129706
3870,19.6,37.07600021362305,38.0,0.0,19.1,6.2,22.38939431418877,26.31681829425663
3871,17.1,37.07600021362305,38.0,0.0,19.8,6.4,11.212613452356177,20.463784035706855
3872,27.9,37.07600021362305,38.0,0.0,20.0,5.8,7.477474952776462,30.143242485832936
3873,36.1,37.07600021362305,38.0,0.0,19.6,5.6,17.857027322527607,41.457108196758284
3874,32.1,37.07600021362305,38.0,0.0,20.5,6.3,28.876960656831486,40.76308819704945
3875,15.7,37.07600021362305,38.0,0.0,19.9,6.5,12.53748080407857,19.461244241223568
3876,25.2,37.07600021362305,38.0,0.0,20.6,6.4,7.935227329392317,27.580568198817694
3877,32.0,37.07600021362305,38.0,0.0,19.2,6.1,16.29213122352411,36.88763936705723
3878,27.8,37.07600021362305,38.0,0.0,20.4,6.0,10.656722007205499,30.99701660216165
3879,25.8,37.07600021362305,38.0,0.0,20.0,5.6,20.41454650408157,31.92436395122447
3880,21.9,37.07600021362305,38.0,0.0,20.0,6.4,27.32798414725952,30.098395244177855
3881,15.4,37.07600021362305,38.0,0.0,19.7,6.2,22.285938251146597,22.08578147534398
3882,30.5,37.07600021362305,38.0,0.0,19.1,5.8,7.325269787779388,32.697580936333814
3883,15.0,37.07600021362305,38.0,0.0,19.2,6.4,8.808705003342475,17.642611501002744
3884,16.5,37.07600021362305,38.0,0.0,19.2,5.7,24.46853714377878,23.840561143133634
3885,31.6,37.07600021362305,38.0,0.0,19.5,6.2,17.95948209759907,36.98784462927972
3886,38.7,37.07600021362305,38.0,0.0,19.3,6.3,5.512740019813513,40.35382200594405
3887,30.6,37.07600021362305,38.0,0.0,20.0,6.4,5.13308860830199,32.139926582490595
3888,25.0,37.07600021362305,38.0,0.0,20.1,5.6,22.063638158944645,31.619091447683395
3889,32.4,37.07600021362305,38.0,0.0,20.7,5.9,22.215337371024,39.0646012113072
3890,18.6,37.07600021362305,38.0,0.0,20.4,6.0,27.847686013134552,26.954305803940365
3891,17.4,37.07600021362305,38.0,0.0,21.0,5.5,12.775468639316754,21.232640591795025
3892,35.2,37.07600021362305,38.0,0.0,19.7,6.1,21.952848801512605,41.785854640453785
3893,23.6,37.07600021362305,38.0,0.0,20.3,5.7,22.236715595749292,30.27101467872479
3894,35.3,37.07600021362305,38.0,0.0,19.7,6.1,22.201148684183583,41.960344605255074
3895,35.1,37.07600021362305,38.0,0.0,20.0,6.1,17.77422882987208,40.432268648961625
3896,34.0,37.07600021362305,38.0,0.0,19.7,5.9,25.88754866402778,41.766264599208334
3897,20.5,37.07600021362305,38.0,0.0,19.4,6.4,7.481736695233794,22.74452100857014
3898,35.1,37.07600021362305,38.0,0.0,20.5,5.8,12.915470483486875,38.974641145046064
3899,31.9,37.07600021362305,38.0,0.0,20.7,6.4,11.050998866923027,35.21529966007691
3900,28.1,36.47600173950195,39.0,0.0,20.0,6.0,9.75362388482049,31.02608716544615
3901,36.7,36.47600173950195,39.0,0.0,19.6,5.7,28.47416807441437,45.24225042232431
3902,26.6,36.47600173950195,39.0,0.0,20.2,6.4,21.35946779174993,33.00784033752498
3903,15.6,36.47600173950195,39.0,0.0,20.3,5.7,10.316190569629173,18.694857170888753
3904,38.5,36.47600173950195,39.0,0.0,19.7,6.4,15.002658138211226,43.00079744146337
3905,35.3,36.47600173950195,39.0,0.0,20.1,6.3,19.179517076814157,41.053855123044244
3906,39.4,36.47600173950195,39.0,0.0,20.0,6.4,9.237271162380571,42.17118134871417
3907,36.4,36.47600173950195,39.0,0.0,19.6,6.3,23.73947970473809,43.52184391142143
3908,30.0,36.47600173950195,39.0,0.0,19.2,6.2,5.969017316294416,31.790705194888325
3909,36.9,36.47600173950195,39.0,0.0,19.9,5.6,26.80567535623372,44.941702606870116
3910,21.3,36.47600173950195,39.0,0.0,19.9,5.8,14.571310775399636,25.67139323261989
3911,26.3,36.47600173950195,39.0,0.0,19.2,5.5,12.426339410370463,30.02790182311114
3912,36.2,36.47600173950195,39.0,0.0,19.5,5.6,29.382608852727998,45.0147826558184
3913,34.3,36.47600173950195,39.0,0.0,20.0,6.1,11.521431529710046,37.75642945891301
3914,27.0,36.47600173950195,39.0,0.0,19.8,6.1,16.117475137544034,31.83524254126321
3915,22.5,36.47600173950195,39.0,0.0,19.9,5.7,7.02123659873337,24.60637097962001
3916,37.6,36.47600173950195,39.0,0.0,19.7,6.0,15.990475162503266,42.39714254875098
3917,28.4,36.47600173950195,39.0,0.0,19.4,6.1,17.1524142704196,33.54572428112588
3918,30.8,36.47600173950195,39.0,0.0,20.3,5.6,20.366441547313393,36.90993246419402
3919,35.4,36.47600173950195,39.0,0.0,20.8,5.5,24.60565610416448,42.78169683124934
3920,21.9,36.47600173950195,39.0,0.0,19.7,5.6,11.100329281743761,25.230098784523125
3921,17.7,36.47600173950195,39.0,0.0,20.2,6.0,14.575012663957308,22.072503799187192
3922,21.6,36.47600173950195,39.0,0.0,21.0,6.3,22.617285103962473,28.385185531188743
3923,15.7,36.47600173950195,39.0,0.0,19.3,6.2,20.037419584917423,21.711225875475225
3924,28.7,36.47600173950195,39.0,0.0,19.5,5.7,14.769987666174949,33.130996299852484
3925,36.7,36.47600173950195,39.0,0.0,20.0,6.2,16.186592633409717,41.555977790022915
3926,36.3,36.47600173950195,39.0,0.0,19.3,5.6,9.672603440608924,39.20178103218267
3927,32.6,36.47600173950195,39.0,0.0,19.2,5.9,5.967848057118631,34.39035441713559
3928,26.6,36.47600173950195,39.0,0.0,19.6,6.3,9.865331083688787,29.55959932510664
3929,21.8,36.47600173950195,39.0,0.0,20.5,5.8,17.290419185573363,26.98712575567201
3930,34.9,36.47600173950195,39.0,0.0,19.1,6.0,12.20696064791501,38.5620881943745
3931,26.9,36.47600173950195,39.0,0.0,20.8,6.4,23.52816170750822,33.95844851225247
3932,28.7,36.47600173950195,39.0,0.0,19.1,5.6,9.901910188445253,31.670573056533577
3933,16.7,36.47600173950195,39.0,0.0,20.0,6.2,22.5844195839524,23.475325875185717
3934,32.7,36.47600173950195,39.0,0.0,19.6,5.5,24.132275746649327,39.9396827239948
3935,29.5,36.47600173950195,39.0,0.0,19.4,5.6,21.304680589027825,35.89140417670835
3936,39.1,36.47600173950195,39.0,0.0,20.7,5.9,21.1163194106402,45.434895823192065
3937,16.3,36.47600173950195,39.0,0.0,19.6,5.6,15.387567919991364,20.91627037599741
3938,32.8,36.47600173950195,39.0,0.0,20.9,6.1,21.184611673149256,39.155383501944776
3939,24.4,36.47600173950195,39.0,0.0,19.7,5.9,25.884827931594184,32.165448379478256
3940,19.1,36.47600173950195,39.0,0.0,19.3,6.2,10.133515026623392,22.14005450798702
3941,23.3,36.47600173950195,39.0,0.0,20.8,5.7,7.518163180070304,25.55544895402109
3942,37.0,36.47600173950195,39.0,0.0,20.6,5.7,10.471626988815508,40.14148809664465
3943,15.9,36.47600173950195,39.0,0.0,20.0,6.0,21.82489196819069,22.447467590457208
3944,31.5,36.47600173950195,39.0,0.0,19.6,5.7,11.852984734968453,35.055895420490536
3945,29.5,36.47600173950195,39.0,0.0,19.2,5.8,12.442024396262662,33.2326073188788
3946,15.6,36.47600173950195,39.0,0.0,20.9,6.3,26.065101728026605,23.41953051840798
3947,34.1,36.47600173950195,39.0,0.0,19.3,6.1,8.700639802040982,36.7101919406123
3948,28.5,36.47600173950195,39.0,0.0,20.4,5.6,25.368252568777645,36.11047577063329
3949,22.8,36.47600173950195,39.0,0.0,20.7,5.7,25.02060827091774,30.30618248127532
3950,32.6,36.47600173950195,39.0,0.0,19.0,6.1,7.05509885665571,34.71652965699671
3951,34.9,36.47600173950195,39.0,0.0,20.9,6.0,9.218225130313336,37.665467539093996
3952,15.9,36.47600173950195,39.0,0.0,19.1,5.6,21.123696641193163,22.23710899235795
3953,15.6,36.47600173950195,39.0,0.0,20.1,6.2,27.115510846988442,23.734653254096532
3954,38.0,36.47600173950195,39.0,0.0,20.1,6.2,14.71600742128304,42.414802226384914
3955,19.0,36.47600173950195,39.0,0.0,20.8,5.8,9.211099735107695,21.763329920532307
3956,36.7,36.47600173950195,39.0,0.0,20.0,5.7,13.588007627858799,40.776402288357644
3957,24.8,36.47600173950195,39.0,0.0,19.0,6.4,18.423577689189905,30.327073306756972
3958,32.3,36.47600173950195,39.0,0.0,20.1,6.1,7.1236291134189065,34.43708873402567
3959,28.8,36.47600173950195,39.0,0.0,20.4,5.6,17.64019206335705,34.092057619007115
3960,33.7,34.72600173950195,45.0,0.0,20.1,6.0,24.790425919053302,41.137127775715996
3961,32.1,34.72600173950195,45.0,0.0,19.1,5.6,16.73572643660911,37.120717930982735
3962,37.3,34.72600173950195,45.0,0.0,19.8,6.5,16.11328182294846,42.133984546884534
3963,22.6,34.72600173950195,45.0,0.0,20.6,6.4,28.177698071264857,31.05330942137946
3964,26.5,34.72600173950195,45.0,0.0,19.9,6.3,26.721322553028983,34.516396765908695
3965,24.8,34.72600173950195,45.0,0.0,19.2,6.5,19.198138544223152,30.559441563266947
3966,15.1,34.72600173950195,45.0,0.0,19.0,6.5,29.787995089780253,24.036398526934075
3967,35.9,34.72600173950195,45.0,0.0,20.4,5.8,7.1824123243094355,38.05472369729283
3968,24.9,34.72600173950195,45.0,0.0,19.3,5.7,18.792303036338232,30.537690910901468
3969,34.2,34.72600173950195,45.0,0.0,20.3,6.3,26.811243197092146,42.24337295912765
3970,28.2,34.72600173950195,45.0,0.0,19.2,5.6,7.223440114400491,30.367032034320147
3971,32.8,34.72600173950195,45.0,0.0,20.3,6.4,7.902314615530907,35.17069438465927
3972,28.2,34.72600173950195,45.0,0.0,19.5,5.6,10.053988637532846,31.216196591259852
3973,23.8,34.72600173950195,45.0,0.0,19.2,5.6,6.741123465791331,25.8223370397374
3974,33.2,34.72600173950195,45.0,0.0,20.8,6.0,17.740839841120405,38.52225195233613
3975,23.2,34.72600173950195,45.0,0.0,20.0,6.5,12.897202679938836,27.06916080398165
3976,28.6,34.72600173950195,45.0,0.0,20.9,5.9,25.37966059521086,36.21389817856326
3977,30.9,34.72600173950195,45.0,0.0,20.5,6.0,22.45108407973427,37.635325223920276
3978,30.6,34.72600173950195,45.0,0.0,20.3,5.7,23.441150745786896,37.63234522373607
3979,39.9,34.72600173950195,45.0,0.0,19.8,5.8,19.390830377883344,45.717249113365
3980,39.1,34.72600173950195,45.0,0.0,20.4,5.9,29.63515999233501,47.9905479977005
3981,20.0,34.72600173950195,45.0,0.0,20.4,5.6,22.352669870344194,26.705800961103257
3982,36.6,34.72600173950195,45.0,0.0,20.7,5.8,7.199159858885608,38.75974795766568
3983,38.2,34.72600173950195,45.0,0.0,19.7,6.4,26.028349985501386,46.00850499565042
3984,22.9,34.72600173950195,45.0,0.0,20.0,6.3,8.20532571829705,25.361597715489115
3985,19.0,34.72600173950195,45.0,0.0,20.7,6.2,13.165889004839007,22.9497667014517
3986,33.8,34.72600173950195,45.0,0.0,20.9,6.4,6.829638933756184,35.848891680126854
3987,19.5,34.72600173950195,45.0,0.0,20.5,6.1,26.364261367653018,27.409278410295904
3988,15.0,34.72600173950195,45.0,0.0,19.3,6.1,8.523747262066255,17.557124178619876
3989,27.1,34.72600173950195,45.0,0.0,19.3,5.5,7.963343871889523,29.48900316156686
3990,17.6,34.72600173950195,45.0,0.0,19.7,5.5,14.337634068751685,21.901290220625505
3991,35.4,34.72600173950195,45.0,0.0,19.7,6.5,25.457561847247195,43.037268554174155
3992,19.8,34.72600173950195,45.0,0.0,20.2,6.2,14.451887538472514,24.135566261541754
3993,31.2,34.72600173950195,45.0,0.0,20.6,5.7,15.34337742025992,35.80301322607797
3994,19.0,34.72600173950195,45.0,0.0,19.9,6.1,12.489304506564736,22.74679135196942
3995,18.9,34.72600173950195,45.0,0.0,20.0,6.1,19.236122679461474,24.67083680383844
3996,31.8,34.72600173950195,45.0,0.0,20.1,6.1,24.07616689120701,39.0228500673621
3997,30.7,34.72600173950195,45.0,0.0,19.8,6.1,26.379472675014856,38.61384180250445
3998,23.8,34.72600173950195,45.0,0.0,20.8,5.5,24.438364752963242,31.13150942588897
3999,32.6,34.72600173950195,45.0,0.0,20.0,5.9,6.861609871281358,34.65848296138441
4000,15.1,34.72600173950195,45.0,0.0,21.0,6.0,12.71143728278634,18.9134311848359
4001,29.6,34.72600173950195,45.0,0.0,19.1,6.1,14.222216828706935,33.866665048612084
4002,39.2,34.72600173950195,45.0,0.0,20.2,5.6,22.262397922769374,45.878719376830816
4003,28.4,34.72600173950195,45.0,0.0,20.3,5.7,12.209089587933445,32.06272687638003
4004,20.6,34.72600173950195,45.0,0.0,19.4,5.6,24.224329268351738,27.86729878050552
4005,33.9,34.72600173950195,45.0,0.0,20.2,6.2,10.266200057895254,36.97986001736857
4006,24.0,34.72600173950195,45.0,0.0,19.8,6.1,20.510372470241286,30.153111741072387
4007,25.3,34.72600173950195,45.0,0.0,19.5,6.2,17.275203339554807,30.482561001866443
4008,26.1,34.72600173950195,45.0,0.0,19.9,6.2,19.721403576231822,32.01642107286955
4009,34.4,34.72600173950195,45.0,0.0,20.2,6.2,16.916748017325002,39.4750244051975
4010,19.8,34.72600173950195,45.0,0.0,20.8,5.8,6.9773884326720115,21.893216529801606
4011,21.3,34.72600173950195,45.0,0.0,20.9,6.1,6.6089345519211395,23.282680365576343
4012,36.3,34.72600173950195,45.0,0.0,20.7,5.6,8.851816259018783,38.955544877705634
4013,16.9,34.72600173950195,45.0,0.0,20.1,5.7,19.851607669291184,22.855482300787354
4014,22.3,34.72600173950195,45.0,0.0,20.8,6.5,11.874383446049794,25.862315033814937
4015,40.0,34.72600173950195,45.0,0.0,20.5,5.6,20.582226430915522,46.174667929274655
4016,28.5,34.72600173950195,45.0,0.0,19.7,5.6,29.773293325252613,37.43198799757578
4017,27.1,34.72600173950195,45.0,0.0,19.8,6.1,10.792511878678255,30.337753563603478
4018,27.1,34.72600173950195,45.0,0.0,19.4,6.0,29.27031613642818,35.881094840928455
4019,25.0,34.72600173950195,45.0,0.0,19.9,6.2,12.449817186801198,28.73494515604036
4020,23.8,30.825998306274418,67.0,0.0,19.2,5.5,18.271270101880358,29.28138103056411
4021,25.0,30.825998306274418,67.0,0.0,20.8,6.2,20.33144085744393,31.09943225723318
4022,17.8,30.825998306274418,67.0,0.0,20.2,6.5,25.123631171365357,25.33708935140961
4023,30.7,30.825998306274418,67.0,0.0,20.9,6.0,21.4494408388062,37.13483225164186
4024,37.0,30.825998306274418,67.0,0.0,20.7,5.5,8.424778532581085,39.52743355977432
4025,17.2,30.825998306274418,67.0,0.0,20.0,5.6,26.537074014809722,25.161122204442915
4026,36.3,30.825998306274418,67.0,0.0,19.9,5.7,5.895550163331069,38.06866504899932
4027,18.0,30.825998306274418,67.0,0.0,19.7,6.4,5.337611159462403,19.60128334783872
4028,15.7,30.825998306274418,67.0,0.0,19.5,6.0,11.574048999408733,19.172214699822618
4029,35.0,30.825998306274418,67.0,0.0,20.8,6.0,15.434110960296703,39.63023328808901
4030,37.6,30.825998306274418,67.0,0.0,19.2,5.5,20.15339679044023,43.64601903713207
4031,34.8,30.825998306274418,67.0,0.0,19.3,5.6,20.971948529791447,41.091584558937434
4032,28.7,30.825998306274418,67.0,0.0,19.2,6.3,8.743275394855958,31.322982618456788
4033,16.0,30.825998306274418,67.0,0.0,20.2,6.0,29.61283173234285,24.883849519702856
4034,20.3,30.825998306274418,67.0,0.0,20.1,6.1,16.4639085000693,25.23917255002079
4035,34.0,30.825998306274418,67.0,0.0,19.4,5.9,19.0332328906012,39.70996986718036
4036,36.3,30.825998306274418,67.0,0.0,20.7,6.0,18.829241772040557,41.948772531612164
4037,30.1,30.825998306274418,67.0,0.0,20.6,5.9,11.859356266425962,33.65780687992779
4038,17.9,30.825998306274418,67.0,0.0,20.8,5.9,28.01015440325351,26.30304632097605
4039,18.2,30.825998306274418,67.0,0.0,19.7,6.4,24.46561833955346,25.539685501866035
4040,18.9,30.825998306274418,67.0,0.0,19.8,6.4,16.03048317412101,23.7091449522363
4041,39.6,30.825998306274418,67.0,0.0,19.2,6.4,5.569137350678189,41.27074120520346
4042,23.4,30.825998306274418,67.0,0.0,20.2,6.0,22.342227115455174,30.102668134636552
4043,17.0,30.825998306274418,67.0,0.0,19.1,6.1,26.91916351491568,25.075749054474706
4044,30.3,30.825998306274418,67.0,0.0,20.9,5.9,23.960906763137768,37.48827202894133
4045,23.2,30.825998306274418,67.0,0.0,19.2,5.6,18.801030865390572,28.84030925961717
4046,39.6,30.825998306274418,67.0,0.0,19.4,5.7,25.244095267740533,47.17322858032216
4047,31.7,30.825998306274418,67.0,0.0,19.8,5.7,12.00436108945942,35.30130832683783
4048,34.9,30.825998306274418,67.0,0.0,19.8,5.7,25.33217910566905,42.49965373170071
4049,32.4,30.825998306274418,67.0,0.0,19.7,6.2,12.057666210031172,36.01729986300935
4050,24.1,30.825998306274418,67.0,0.0,19.3,6.5,18.384278538900794,29.61528356167024
4051,19.9,30.825998306274418,67.0,0.0,20.3,6.1,18.276211411402528,25.38286342342076
4052,27.3,30.825998306274418,67.0,0.0,21.0,5.9,14.881144686486056,31.764343405945816
4053,37.7,30.825998306274418,67.0,0.0,19.1,6.3,9.589957797816446,40.57698733934494
4054,26.3,30.825998306274418,67.0,0.0,20.9,6.2,15.65091703387006,30.995275110161018
4055,28.4,30.825998306274418,67.0,0.0,19.4,5.7,8.316234783381027,30.894870435014308
4056,18.6,30.825998306274418,67.0,0.0,19.2,6.4,20.809262808554504,24.842778842566354
4057,30.4,30.825998306274418,67.0,0.0,19.8,6.2,10.511318736976854,33.55339562109305
4058,30.4,30.825998306274418,67.0,0.0,20.0,5.7,5.59589525425949,32.078768576277845
4059,30.5,30.825998306274418,67.0,0.0,20.0,5.6,29.383420835562344,39.3150262506687
4060,28.7,30.825998306274418,67.0,0.0,20.2,5.7,11.03928539572483,32.01178561871745
4061,37.7,30.825998306274418,67.0,0.0,19.4,5.7,11.905594164936343,41.27167824948091
4062,25.5,30.825998306274418,67.0,0.0,20.7,6.1,9.451119749661059,28.335335924898317
4063,35.5,30.825998306274418,67.0,0.0,20.0,5.9,7.54490240841421,37.76347072252426
4064,32.3,30.825998306274418,67.0,0.0,19.9,6.2,11.57254561285785,35.77176368385735
4065,32.1,30.825998306274418,67.0,0.0,19.9,6.2,20.797888785569594,38.33936663567088
4066,15.4,30.825998306274418,67.0,0.0,19.7,5.7,24.969986185108333,22.890995855532502
4067,34.5,30.825998306274418,67.0,0.0,20.7,5.5,29.003568688424018,43.2010706065272
4068,22.8,30.825998306274418,67.0,0.0,20.5,5.8,13.451301422848264,26.83539042685448
4069,31.2,30.825998306274418,67.0,0.0,19.2,5.6,28.53646539748229,39.76093961924469
4070,29.7,30.825998306274418,67.0,0.0,19.6,6.0,24.369113171298814,37.01073395138964
4071,20.4,30.825998306274418,67.0,0.0,19.5,6.1,28.74355443708873,29.023066331126618
4072,16.7,30.825998306274418,67.0,0.0,19.9,5.8,25.979157058627244,24.49374711758817
4073,23.0,30.825998306274418,67.0,0.0,19.3,6.0,23.690887536917565,30.107266261075267
4074,18.6,30.825998306274418,67.0,0.0,19.1,6.4,7.114370360775386,20.734311108232617
4075,20.3,30.825998306274418,67.0,0.0,20.0,6.4,14.03741900041633,24.5112257001249
4076,37.4,30.825998306274418,67.0,0.0,19.9,6.0,13.07071256940263,41.32121377082079
4077,35.0,30.825998306274418,67.0,0.0,20.5,5.6,12.26184958680663,38.678554876041986
4078,34.7,30.825998306274418,67.0,0.0,19.6,6.2,9.27992257496151,37.483976772488454
4079,33.2,30.825998306274418,67.0,0.0,20.7,6.4,17.71010781167721,38.51303234350317
4080,37.0,30.625999450683594,62.0,0.0,19.5,6.1,23.78152650906575,44.13445795271973
4081,36.1,30.625999450683594,62.0,0.0,19.6,5.6,15.859214716104828,40.85776441483145
4082,15.5,30.625999450683594,62.0,0.0,20.4,6.3,19.380748406194726,21.314224521858417
4083,39.7,30.625999450683594,62.0,0.0,20.5,6.3,26.005067915336507,47.50152037460096
4084,15.7,30.625999450683594,62.0,0.0,21.0,5.7,21.433508158339922,22.130052447501974
4085,29.6,30.625999450683594,62.0,0.0,19.7,6.2,13.4055485152833,33.62166455458499
4086,32.0,30.625999450683594,62.0,0.0,20.3,5.5,29.790703876686553,40.93721116300597
4087,18.2,30.625999450683594,62.0,0.0,19.2,5.5,25.06860034980868,25.720580104942602
4088,34.9,30.625999450683594,62.0,0.0,20.8,5.9,11.200172069876656,38.260051620963
4089,18.2,30.625999450683594,62.0,0.0,19.3,5.8,16.91248709930546,23.273746129791636
4090,17.6,30.625999450683594,62.0,0.0,20.5,6.4,27.617269219561933,25.885180765868583
4091,38.7,30.625999450683594,62.0,0.0,19.1,6.3,16.825023653408767,43.74750709602263
4092,38.9,30.625999450683594,62.0,0.0,19.1,6.3,26.738474973751394,46.92154249212542
4093,16.9,30.625999450683594,62.0,0.0,20.4,5.6,13.502312661561776,20.95069379846853
4094,18.7,30.625999450683594,62.0,0.0,20.9,6.3,20.220079792702037,24.76602393781061
4095,27.4,30.625999450683594,62.0,0.0,19.5,5.5,24.59965165760667,34.779895497282
4096,37.7,30.625999450683594,62.0,0.0,19.2,6.4,20.345853592646115,43.803756077793835
4097,24.5,30.625999450683594,62.0,0.0,20.2,5.8,18.48227019461779,30.044681058385336
4098,17.8,30.625999450683594,62.0,0.0,19.3,5.7,18.456989779724292,23.337096933917287
4099,30.8,30.625999450683594,62.0,0.0,19.6,5.9,8.338054003376303,33.30141620101289
4100,30.1,30.625999450683594,62.0,0.0,19.3,6.5,16.643983218660242,35.09319496559807
4101,33.4,30.625999450683594,62.0,0.0,19.6,5.8,6.574548415913613,35.372364524774085
4102,35.0,30.625999450683594,62.0,0.0,20.8,6.0,26.24160816440699,42.8724824493221
4103,18.4,30.625999450683594,62.0,0.0,19.4,5.9,22.80601591594458,25.241804774783372
4104,15.8,30.625999450683594,62.0,0.0,19.2,6.1,6.661116284628797,17.79833488538864
4105,24.7,30.625999450683594,62.0,0.0,19.4,6.5,20.808288435504714,30.942486530651415
4106,16.3,30.625999450683594,62.0,0.0,19.9,5.8,14.86071177016989,20.75821353105097
4107,37.4,30.625999450683594,62.0,0.0,19.7,5.6,24.643503291897897,44.793050987569366
4108,15.1,30.625999450683594,62.0,0.0,19.7,6.0,18.62011393631395,20.686034180894183
4109,25.7,30.625999450683594,62.0,0.0,19.1,6.0,20.7610876488854,31.92832629466562
4110,15.0,30.625999450683594,62.0,0.0,20.9,6.1,27.21071514777397,23.16321454433219
4111,31.2,30.625999450683594,62.0,0.0,20.5,5.8,5.082328627501663,32.7246985882505
4112,15.7,30.625999450683594,62.0,0.0,19.9,6.1,28.57814166877966,24.273442500633898
4113,21.2,30.625999450683594,62.0,0.0,19.8,6.1,13.917437609483517,25.375231282845053
4114,33.5,30.625999450683594,62.0,0.0,20.0,6.3,6.923817085617424,35.57714512568523
4115,22.0,30.625999450683594,62.0,0.0,20.6,6.2,24.881618176945725,29.464485453083718
4116,20.0,30.625999450683594,62.0,0.0,20.4,5.9,7.108477014207278,22.132543104262183
4117,27.5,30.625999450683594,62.0,0.0,20.8,6.2,25.97194995424252,35.29158498627275
4118,21.1,30.625999450683594,62.0,0.0,20.0,6.0,16.45202341268739,26.035607023806218
4119,17.1,30.625999450683594,62.0,0.0,19.0,6.4,14.015022174555265,21.30450665236658
4120,36.9,30.625999450683594,62.0,0.0,20.8,6.5,22.101208429881535,43.53036252896446
4121,19.5,30.625999450683594,62.0,0.0,21.0,5.6,14.859979747870176,23.957993924361052
4122,17.5,30.625999450683594,62.0,0.0,19.3,5.7,12.619926296931206,21.285977889079362
4123,22.2,30.625999450683594,62.0,0.0,19.4,6.0,28.162261706194958,30.648678511858485
4124,20.6,30.625999450683594,62.0,0.0,20.2,6.3,12.327934032796367,24.29838020983891
4125,38.9,30.625999450683594,62.0,0.0,20.3,6.1,20.234739548432557,44.97042186452977
4126,22.2,30.625999450683594,62.0,0.0,20.8,5.6,11.65166118863649,25.695498356590946
4127,35.1,30.625999450683594,62.0,0.0,19.8,6.4,15.959920206970311,39.8879760620911
4128,39.6,30.625999450683594,62.0,0.0,20.0,6.0,12.41542288410256,43.32462686523077
4129,20.5,30.625999450683594,62.0,0.0,20.1,5.5,9.693565561234204,23.40806966837026
4130,34.5,30.625999450683594,62.0,0.0,19.7,6.3,26.850567153825388,42.55517014614762
4131,21.1,30.625999450683594,62.0,0.0,20.8,5.6,12.509965651436529,24.85298969543096
4132,34.5,30.625999450683594,62.0,0.0,19.9,6.1,6.102383318108613,36.33071499543259
4133,31.0,30.625999450683594,62.0,0.0,19.3,5.7,7.6049793030850665,33.28149379092552
4134,29.8,30.625999450683594,62.0,0.0,19.7,5.7,14.086390209248812,34.025917062774646
4135,28.5,30.625999450683594,62.0,0.0,20.9,6.4,13.734183801171683,32.6202551403515
4136,25.7,30.625999450683594,62.0,0.0,19.1,5.6,11.250500796782235,29.07515023903467
4137,34.5,30.625999450683594,62.0,0.0,20.7,6.0,29.951680069455943,43.485504020836785
4138,30.7,30.625999450683594,62.0,0.0,19.2,6.0,21.067175869779955,37.02015276093398
4139,17.6,30.625999450683594,62.0,0.0,19.3,6.1,7.013056518211262,19.70391695546338
4140,21.0,29.97599983215332,62.0,0.0,21.0,6.0,22.398772891158487,27.719631867347545
4141,32.1,29.97599983215332,62.0,0.0,20.0,5.6,19.47994266874037,37.94398280062211
4142,35.0,29.97599983215332,62.0,0.0,20.7,6.0,11.22297438551973,38.36689231565592
4143,16.7,29.97599983215332,62.0,0.0,20.3,5.5,28.971326784135687,25.391398035240705
4144,35.0,29.97599983215332,62.0,0.0,20.2,5.6,22.821302629995653,41.8463907889987
4145,17.0,29.97599983215332,62.0,0.0,20.2,6.3,21.09141678017242,23.327425034051725
4146,23.5,29.97599983215332,62.0,0.0,20.8,5.7,14.38572759131476,27.815718277394428
4147,28.5,29.97599983215332,62.0,0.0,19.1,6.3,17.326465887844282,33.69793976635329
4148,16.4,29.97599983215332,62.0,0.0,19.6,6.3,14.475224164071486,20.742567249221445
4149,32.5,29.97599983215332,62.0,0.0,19.0,6.4,8.41951797949331,35.02585539384799
4150,22.1,29.97599983215332,62.0,0.0,19.3,5.7,22.866637675842895,28.95999130275287
4151,19.1,29.97599983215332,62.0,0.0,20.9,5.8,14.72144456527459,23.51643336958238
4152,26.5,29.97599983215332,62.0,0.0,20.2,6.1,18.297619757205666,31.9892859271617
4153,36.3,29.97599983215332,62.0,0.0,20.5,5.7,27.103621375749018,44.4310864127247
4154,25.4,29.97599983215332,62.0,0.0,19.9,6.5,25.34881139958781,33.004643419876345
4155,31.8,29.97599983215332,62.0,0.0,19.6,6.4,15.70313620605984,36.51094086181795
4156,34.2,29.97599983215332,62.0,0.0,20.4,5.8,21.66301493270744,40.698904479812235
4157,38.9,29.97599983215332,62.0,0.0,19.7,5.9,5.314399754777791,40.494319926433334
4158,38.8,29.97599983215332,62.0,0.0,20.7,6.4,9.446106160944913,41.63383184828347
4159,26.9,29.97599983215332,62.0,0.0,19.7,6.2,27.34498266651416,35.10349479995425
4160,18.3,29.97599983215332,62.0,0.0,20.5,6.3,18.710024991584376,23.913007497475313
4161,24.1,29.97599983215332,62.0,0.0,20.0,5.9,6.437120254614275,26.031136076384286
4162,32.1,29.97599983215332,62.0,0.0,20.9,5.7,12.355108066971905,35.80653242009157
4163,29.7,29.97599983215332,62.0,0.0,20.3,6.4,22.552206217634335,36.4656618652903
4164,22.6,29.97599983215332,62.0,0.0,20.6,5.9,26.184966707383452,30.455490012215037
4165,25.9,29.97599983215332,62.0,0.0,19.6,5.9,5.3572310549367606,27.507169316481026
4166,22.1,29.97599983215332,62.0,0.0,19.1,5.8,25.899326098937703,29.86979782968131
4167,32.4,29.97599983215332,62.0,0.0,19.3,5.8,6.799331508543372,34.43979945256301
4168,19.8,29.97599983215332,62.0,0.0,20.0,5.9,17.525805256465706,25.057741576939712
4169,15.9,29.97599983215332,62.0,0.0,20.7,6.4,17.21489479843809,21.064468439531428
4170,24.0,29.97599983215332,62.0,0.0,20.0,6.2,14.831053817041443,28.449316145112434
4171,34.3,29.97599983215332,62.0,0.0,20.4,5.6,10.013992896578088,37.304197868973425
4172,31.3,29.97599983215332,62.0,0.0,19.7,6.0,9.174718419377863,34.05241552581336
4173,18.7,29.97599983215332,62.0,0.0,19.4,5.9,22.096429541759793,25.32892886252794
4174,36.7,29.97599983215332,62.0,0.0,20.3,6.5,29.006184239137944,45.40185527174138
4175,23.1,29.97599983215332,62.0,0.0,20.9,6.4,8.4947453873226,25.64842361619678
4176,21.4,29.97599983215332,62.0,0.0,20.6,5.8,14.182967062898943,25.65489011886968
4177,23.8,29.97599983215332,62.0,0.0,19.3,6.4,27.02870457166508,31.908611371499525
4178,28.1,29.97599983215332,62.0,0.0,20.2,6.0,20.033933360430503,34.11018000812915
4179,32.7,29.97599983215332,62.0,0.0,19.6,5.9,7.95701425259727,35.08710427577918
4180,24.0,29.97599983215332,62.0,0.0,21.0,5.7,7.148456915293115,26.144537074587934
4181,36.9,29.97599983215332,62.0,0.0,19.4,6.4,6.022099398506082,38.70662981955182
4182,23.8,29.97599983215332,62.0,0.0,19.0,6.0,14.582154454670613,28.174646336401185
4183,22.7,29.97599983215332,62.0,0.0,19.2,6.0,11.78263473772343,26.23479042131703
4184,24.7,29.97599983215332,62.0,0.0,19.8,5.7,5.663284981668913,26.398985494500675
4185,30.6,29.97599983215332,62.0,0.0,19.3,6.5,12.148466472064463,34.24453994161934
4186,36.0,29.97599983215332,62.0,0.0,20.1,5.6,25.523816857753125,43.657145057325934
4187,21.2,29.97599983215332,62.0,0.0,19.8,6.0,27.687060359944578,29.506118107983372
4188,18.3,29.97599983215332,62.0,0.0,20.9,6.4,11.81683413195969,21.845050239587906
4189,38.8,29.97599983215332,62.0,0.0,19.2,6.1,29.278121120412393,47.58343633612371
4190,31.2,29.97599983215332,62.0,0.0,19.3,6.3,23.695799914654636,38.30873997439639
4191,15.4,29.97599983215332,62.0,0.0,19.2,6.3,27.120841827340737,23.53625254820222
4192,28.1,29.97599983215332,62.0,0.0,20.6,5.6,18.158552673701678,33.547565802110505
4193,20.2,29.97599983215332,62.0,0.0,19.2,6.2,26.10602992903779,28.031808978711336
4194,37.1,29.97599983215332,62.0,0.0,20.3,5.6,23.56552632029123,44.16965789608737
4195,34.0,29.97599983215332,62.0,0.0,20.0,6.1,17.38990432058511,39.21697129617553
4196,28.6,29.97599983215332,62.0,0.0,20.8,6.1,14.319662183693705,32.89589865510811
4197,28.7,29.97599983215332,62.0,0.0,20.9,6.0,27.703978592570618,37.01119357777118
4198,37.7,29.97599983215332,62.0,0.0,20.6,6.0,25.399866323777,45.3199598971331
4199,20.2,29.97599983215332,62.0,0.0,20.0,5.8,16.650943997529566,25.195283199258867
4200,24.6,29.325998306274418,69.0,0.0,19.6,6.2,13.616020479921755,28.684806143976527
4201,25.7,29.325998306274418,69.0,0.0,20.4,5.5,11.949587939068593,29.284876381720576
4202,22.2,29.325998306274418,69.0,0.0,20.6,6.1,14.546555472194928,26.563966641658478
4203,35.1,29.325998306274418,69.0,0.0,19.8,5.6,15.508041882868993,39.7524125648607
4204,21.5,29.325998306274418,69.0,0.0,19.2,6.4,14.508201043357484,25.852460313007246
4205,24.4,29.325998306274418,69.0,0.0,19.8,5.6,9.596674759638272,27.27900242789148
4206,26.1,29.325998306274418,69.0,0.0,19.8,6.1,6.7196846562266614,28.115905396868
4207,34.4,29.325998306274418,69.0,0.0,19.6,5.8,20.862409407792065,40.658722822337616
4208,25.4,29.325998306274418,69.0,0.0,19.7,6.4,16.77554522120964,30.43266356636289
4209,29.2,29.325998306274418,69.0,0.0,20.5,5.6,20.009327172108797,35.202798151632635
4210,15.6,29.325998306274418,69.0,0.0,20.2,6.3,6.437623207153758,17.531286962146126
4211,20.9,29.325998306274418,69.0,0.0,20.9,5.6,28.738065477448835,29.52141964323465
4212,31.3,29.325998306274418,69.0,0.0,19.8,6.3,20.517721522258036,37.45531645667741
4213,33.4,29.325998306274418,69.0,0.0,19.5,5.7,8.72707645702506,36.01812293710751
4214,23.2,29.325998306274418,69.0,0.0,19.7,5.6,5.287598689846677,24.786279606954004
4215,34.4,29.325998306274418,69.0,0.0,20.3,6.5,20.393683010792206,40.518104903237656
4216,28.3,29.325998306274418,69.0,0.0,20.2,5.9,15.907536551587842,33.07226096547635
4217,29.5,29.325998306274418,69.0,0.0,20.7,5.5,21.828944637576125,36.04868339127284
4218,32.1,29.325998306274418,69.0,0.0,20.9,6.0,26.694777627693945,40.108433288308184
4219,27.0,29.325998306274418,69.0,0.0,20.2,5.6,6.103186212573018,28.830955863771905
4220,16.6,29.325998306274418,69.0,0.0,19.8,5.8,12.269492268205743,20.280847680461726
4221,15.0,29.325998306274418,69.0,0.0,20.9,5.6,15.3319198030177,19.59957594090531
4222,19.6,29.325998306274418,69.0,0.0,20.5,5.8,21.04573848984449,25.913721546953347
4223,32.6,29.325998306274418,69.0,0.0,20.2,6.0,26.967706901280966,40.690312070384294
4224,28.1,29.325998306274418,69.0,0.0,19.0,5.7,14.221541284801521,32.36646238544046
4225,17.3,29.325998306274418,69.0,0.0,19.0,6.1,21.163557081725223,23.64906712451757
4226,31.5,29.325998306274418,69.0,0.0,20.1,5.7,19.85074491473472,37.455223474420414
4227,32.4,29.325998306274418,69.0,0.0,20.8,5.7,12.258766263489832,36.077629879046945
4228,36.0,29.325998306274418,69.0,0.0,20.9,5.6,19.817910027241616,41.94537300817248
4229,27.1,29.325998306274418,69.0,0.0,19.5,5.5,26.6170740475051,35.08512221425153
4230,17.5,29.325998306274418,69.0,0.0,20.6,5.8,6.551889338534079,19.465566801560225
4231,23.7,29.325998306274418,69.0,0.0,20.6,6.5,12.425314551688302,27.42759436550649
4232,23.7,29.325998306274418,69.0,0.0,20.4,6.5,12.318015318715538,27.39540459561466
4233,32.0,29.325998306274418,69.0,0.0,20.0,5.9,21.7270288749269,38.51810866247807
4234,17.8,29.325998306274418,69.0,0.0,19.1,6.2,7.6647582873661975,20.09942748620986
4235,31.5,29.325998306274418,69.0,0.0,20.0,6.4,16.44867557355751,36.43460267206725
4236,37.6,29.325998306274418,69.0,0.0,19.1,6.3,20.966768008898693,43.89003040266961
4237,25.6,29.325998306274418,69.0,0.0,19.5,6.4,8.095395217667168,28.028618565300153
4238,25.7,29.325998306274418,69.0,0.0,20.0,5.7,22.630519584823773,32.48915587544713
4239,25.2,29.325998306274418,69.0,0.0,20.2,5.5,11.91779967796205,28.775339903388613
4240,21.1,29.325998306274418,69.0,0.0,20.0,6.2,16.467622520684234,26.040286756205273
4241,24.9,29.325998306274418,69.0,0.0,20.6,5.7,20.17450085169122,30.952350255507366
4242,38.4,29.325998306274418,69.0,0.0,20.2,5.5,9.301622267662605,41.19048668029878
4243,23.9,29.325998306274418,69.0,0.0,19.7,6.3,17.612405080716652,29.183721524214995
4244,22.3,29.325998306274418,69.0,0.0,20.3,5.5,6.450108552021459,24.23503256560644
4245,26.5,29.325998306274418,69.0,0.0,19.2,6.2,27.566597777566685,34.76997933327
4246,24.5,29.325998306274418,69.0,0.0,20.1,6.1,7.036245620106616,26.610873686031987
4247,21.6,29.325998306274418,69.0,0.0,19.9,6.1,8.686257670798762,24.20587730123963
4248,29.5,29.325998306274418,69.0,0.0,20.8,6.0,25.619483697933767,37.18584510938013
4249,38.5,29.325998306274418,69.0,0.0,20.7,5.8,23.146272387207908,45.44388171616237
4250,18.3,29.325998306274418,69.0,0.0,19.8,6.3,23.273761204213717,25.282128361264114
4251,35.6,29.325998306274418,69.0,0.0,20.5,6.0,21.68167722233585,42.10450316670076
4252,24.5,29.325998306274418,69.0,0.0,21.0,6.0,16.28058183968671,29.384174551906014
4253,16.7,29.325998306274418,69.0,0.0,19.9,6.5,19.626689819436265,22.588006945830877
4254,37.4,29.325998306274418,69.0,0.0,20.7,5.7,27.786662104641806,45.73599863139254
4255,37.2,29.325998306274418,69.0,0.0,20.3,6.5,12.888548331086497,41.06656449932595
4256,17.7,29.325998306274418,69.0,0.0,20.6,6.0,6.6225409407144475,19.68676228221433
4257,21.1,29.325998306274418,69.0,0.0,19.6,5.5,25.567922156049047,28.770376646814714
4258,17.0,29.325998306274418,69.0,0.0,19.9,6.4,5.713992052073243,18.714197615621973
4259,15.8,29.325998306274418,69.0,0.0,19.2,6.2,20.851111726056267,22.05533351781688
4260,16.8,28.92599868774414,75.0,0.0,20.5,6.0,6.608979338151952,18.782693801445586
4261,15.9,28.92599868774414,75.0,0.0,20.1,6.3,20.044795067896985,21.913438520369095
4262,27.9,28.92599868774414,75.0,0.0,19.4,6.3,6.455265907273787,29.836579772182134
4263,16.8,28.92599868774414,75.0,0.0,20.4,6.3,26.424289766773274,24.727286930031983
4264,33.1,28.92599868774414,75.0,0.0,20.0,6.3,21.20633895514347,39.461901686543044
4265,36.2,28.92599868774414,75.0,0.0,20.5,6.1,14.689367034164398,40.60681011024932
4266,37.7,28.92599868774414,75.0,0.0,20.0,5.9,16.702745914719134,42.71082377441574
4267,29.0,28.92599868774414,75.0,0.0,19.3,5.7,17.95521515906775,34.386564547720326
4268,26.4,28.92599868774414,75.0,0.0,19.2,6.3,24.64030303998887,33.79209091199666
4269,20.7,28.92599868774414,75.0,0.0,20.7,6.2,26.28399969225438,28.585199907676312
4270,33.3,28.92599868774414,75.0,0.0,19.9,5.9,24.93400263399875,40.78020079019962
4271,24.2,28.92599868774414,75.0,0.0,19.7,5.6,6.818077069735413,26.245423120920623
4272,24.8,28.92599868774414,75.0,0.0,19.6,6.4,15.722078669350148,29.516623600805044
4273,18.1,28.92599868774414,75.0,0.0,20.8,6.1,16.378372953484117,23.013511886045237
4274,33.5,28.92599868774414,75.0,0.0,20.4,5.7,8.541925566440193,36.06257766993206
4275,30.7,28.92599868774414,75.0,0.0,20.0,5.7,21.05158547934879,37.015475643804635
4276,35.9,28.92599868774414,75.0,0.0,19.4,6.4,25.655974935609095,43.59679248068272
4277,23.9,28.92599868774414,75.0,0.0,20.2,6.0,17.976218781099597,29.29286563432988
4278,28.6,28.92599868774414,75.0,0.0,20.3,6.4,5.647252643786286,30.29417579313589
4279,16.0,28.92599868774414,75.0,0.0,20.7,6.0,18.70105110205384,21.610315330616153
4280,25.6,28.92599868774414,75.0,0.0,20.7,6.3,6.248636184549454,27.474590855364838
4281,29.6,28.92599868774414,75.0,0.0,19.5,5.8,21.17125794374445,35.95137738312334
4282,17.2,28.92599868774414,75.0,0.0,20.8,6.4,28.537996297887165,25.76139888936615
4283,36.4,28.92599868774414,75.0,0.0,20.6,6.2,23.23754509830104,43.371263529490314
4284,34.1,28.92599868774414,75.0,0.0,19.2,6.2,13.969751612636676,38.29092548379101
4285,24.4,28.92599868774414,75.0,0.0,19.2,5.9,13.413422588323899,28.42402677649717
4286,30.6,28.92599868774414,75.0,0.0,19.4,5.8,7.916943040122616,32.97508291203678
4287,39.1,28.92599868774414,75.0,0.0,19.3,6.0,16.14968751185691,43.94490625355707
4288,16.4,28.92599868774414,75.0,0.0,20.9,5.7,17.909633116623265,21.772889934986978
4289,22.1,28.92599868774414,75.0,0.0,19.2,5.6,14.466158122458015,26.439847436737406
4290,32.6,28.92599868774414,75.0,0.0,20.5,5.8,26.133563011999417,40.44006890359982
4291,26.4,28.92599868774414,75.0,0.0,19.1,5.6,8.638629776421476,28.99158893292644
4292,21.9,28.92599868774414,75.0,0.0,20.9,6.3,20.376903891986444,28.013071167595932
4293,20.8,28.92599868774414,75.0,0.0,20.9,6.4,12.164376632037936,24.449312989611382
4294,18.1,28.92599868774414,75.0,0.0,19.0,5.8,18.919560865162797,23.77586825954884
4295,23.7,28.92599868774414,75.0,0.0,20.8,6.3,28.505527418615085,32.25165822558452
4296,20.4,28.92599868774414,75.0,0.0,20.3,5.7,10.770135115966857,23.631040534790056
4297,31.3,28.92599868774414,75.0,0.0,19.3,6.0,15.322508085199807,35.896752425559946
4298,30.3,28.92599868774414,75.0,0.0,19.1,5.7,27.62605508105264,38.58781652431579
4299,34.0,28.92599868774414,75.0,0.0,19.0,5.9,17.790069743541466,39.33702092306244
4300,29.5,28.92599868774414,75.0,0.0,20.1,5.9,16.709890649116236,34.51296719473487
4301,33.7,28.92599868774414,75.0,0.0,21.0,6.4,22.601697719466394,40.480509315839925
4302,36.7,28.92599868774414,75.0,0.0,20.4,6.2,13.050160157762729,40.61504804732882
4303,23.3,28.92599868774414,75.0,0.0,19.2,6.1,23.864968898651828,30.45949066959555
4304,16.4,28.92599868774414,75.0,0.0,19.4,5.8,7.630026672379268,18.68900800171378
4305,36.7,28.92599868774414,75.0,0.0,20.5,6.0,5.19914811643372,38.25974443493012
4306,39.2,28.92599868774414,75.0,0.0,20.5,6.4,23.770467109108257,46.33114013273248
4307,31.8,28.92599868774414,75.0,0.0,20.4,6.0,17.59132087919015,37.077396263757045
4308,28.4,28.92599868774414,75.0,0.0,20.8,5.9,13.93603475366086,32.58081042609825
4309,34.4,28.92599868774414,75.0,0.0,20.6,5.7,19.94033494058648,40.38210048217594
4310,23.5,28.92599868774414,75.0,0.0,20.2,6.1,18.953600796808633,29.18608023904259
4311,34.2,28.92599868774414,75.0,0.0,20.1,6.1,6.0600511614183095,36.01801534842549
4312,26.9,28.92599868774414,75.0,0.0,19.3,6.1,22.478650342422007,33.6435951027266
4313,38.7,28.92599868774414,75.0,0.0,19.9,5.8,26.89978590941148,46.769935772823445
4314,39.0,28.92599868774414,75.0,0.0,19.0,6.4,18.86758404650235,44.660275213950705
4315,33.9,28.92599868774414,75.0,0.0,19.9,5.9,6.373060844243657,35.8119182532731
4316,28.1,28.92599868774414,75.0,0.0,20.6,6.1,9.29767487852449,30.88930246355735
4317,19.1,28.92599868774414,75.0,0.0,20.6,5.6,15.340417105546567,23.702125131663973
4318,31.6,28.92599868774414,75.0,0.0,20.9,6.4,7.389886134635022,33.81696584039051
4319,21.9,28.92599868774414,75.0,0.0,20.7,6.4,21.83363940255701,28.450091820767103
4320,39.9,28.575998306274418,78.0,0.0,20.6,5.7,26.249988824640624,47.774996647392186
4321,28.9,28.575998306274418,78.0,0.0,19.8,6.0,21.150588038798745,35.24517641163962
4322,20.2,28.575998306274418,78.0,0.0,19.2,6.2,26.289487928340474,28.08684637850214
4323,18.3,28.575998306274418,78.0,0.0,20.3,6.1,13.869279250508264,22.46078377515248
4324,33.8,28.575998306274418,78.0,0.0,19.1,5.8,20.285632261031765,39.885689678309525
4325,39.7,28.575998306274418,78.0,0.0,20.3,6.4,11.956789849126547,43.287036954737964
4326,15.1,28.575998306274418,78.0,0.0,20.0,6.0,16.896430949597722,20.168929284879315
4327,23.4,28.575998306274418,78.0,0.0,20.7,5.6,17.615854876992437,28.684756463097727
4328,23.8,28.575998306274418,78.0,0.0,19.2,6.4,7.649763208134506,26.094928962440353
4329,25.7,28.575998306274418,78.0,0.0,19.3,5.8,26.76085286646336,33.728255859939004
4330,18.2,28.575998306274418,78.0,0.0,20.8,5.8,14.16348816978007,22.44904645093402
4331,32.2,28.575998306274418,78.0,0.0,19.9,6.2,26.440823560229266,40.13224706806878
4332,17.9,28.575998306274418,78.0,0.0,20.5,6.4,16.557389589197555,22.867216876759265
4333,17.8,28.575998306274418,78.0,0.0,20.3,5.5,29.189837647030043,26.556951294109012
4334,31.8,28.575998306274418,78.0,0.0,21.0,6.5,13.16463451723147,35.74939035516944
4335,21.2,28.575998306274418,78.0,0.0,20.6,5.8,8.802037801501882,23.840611340450565
4336,18.8,28.575998306274418,78.0,0.0,19.7,5.6,22.608567349151905,25.582570204745572
4337,17.7,28.575998306274418,78.0,0.0,19.9,5.5,19.586513130597652,23.575953939179293
4338,17.6,28.575998306274418,78.0,0.0,19.1,6.1,7.192425501019496,19.75772765030585
4339,22.5,28.575998306274418,78.0,0.0,20.8,6.3,8.343566670387654,25.003070001116296
4340,20.0,28.575998306274418,78.0,0.0,20.8,6.3,13.98481054322825,24.195443162968473
4341,39.8,28.575998306274418,78.0,0.0,19.1,6.1,29.16340840062363,48.54902252018709
4342,32.7,28.575998306274418,78.0,0.0,21.0,6.0,21.072438235648846,39.021731470694654
4343,35.5,28.575998306274418,78.0,0.0,20.5,5.8,23.133028994983285,42.43990869849499
4344,23.9,28.575998306274418,78.0,0.0,20.2,6.4,24.238804727812987,31.171641418343896
4345,18.5,28.575998306274418,78.0,0.0,20.2,6.4,5.649146511208248,20.194743953362476
4346,21.1,28.575998306274418,78.0,0.0,20.6,6.0,6.555441722579742,23.066632516773925
4347,38.9,28.575998306274418,78.0,0.0,19.3,6.0,5.41542330319834,40.5246269909595
4348,20.1,28.575998306274418,78.0,0.0,20.0,6.4,6.517271947784035,22.055181584335212
4349,36.4,28.575998306274418,78.0,0.0,19.6,6.3,12.12605241478607,40.037815724435816
4350,27.1,28.575998306274418,78.0,0.0,20.3,6.1,25.466940070833754,34.740082021250124
4351,18.0,28.575998306274418,78.0,0.0,19.3,6.3,22.987916867338612,24.896375060201585
4352,22.3,28.575998306274418,78.0,0.0,19.9,6.1,28.567935392340427,30.87038061770213
4353,22.7,28.575998306274418,78.0,0.0,20.0,5.5,18.39824807903916,28.21947442371175
4354,37.6,28.575998306274418,78.0,0.0,19.7,5.6,5.896395105896572,39.368918531768976
4355,24.3,28.575998306274418,78.0,0.0,20.4,5.7,28.073730402241555,32.72211912067247
4356,32.4,28.575998306274418,78.0,0.0,19.2,5.5,15.22167414119258,36.96650224235777
4357,23.4,28.575998306274418,78.0,0.0,20.9,5.7,8.858249878570835,26.05747496357125
4358,38.8,28.575998306274418,78.0,0.0,19.4,6.2,12.852857214319567,42.65585716429587
4359,38.7,28.575998306274418,78.0,0.0,19.2,6.3,26.343995402045618,46.60319862061369
4360,22.4,28.575998306274418,78.0,0.0,19.1,5.8,22.2476724573771,29.074301737213126
4361,15.2,28.575998306274418,78.0,0.0,19.8,5.7,13.429830469981345,19.228949140994402
4362,15.3,28.575998306274418,78.0,0.0,20.5,5.6,26.67011930058412,23.301035790175234
4363,38.7,28.575998306274418,78.0,0.0,19.2,5.6,27.979849212444368,47.093954763733315
4364,39.1,28.575998306274418,78.0,0.0,19.5,5.8,23.973504477635487,46.292051343290645
4365,36.7,28.575998306274418,78.0,0.0,20.6,5.7,9.77097277335503,39.63129183200651
4366,22.2,28.575998306274418,78.0,0.0,19.9,5.6,5.727855529805163,23.918356658941548
4367,20.9,28.575998306274418,78.0,0.0,20.0,6.3,29.23392622591061,29.670177867773184
4368,16.9,28.575998306274418,78.0,0.0,20.9,6.4,29.725444718797096,25.81763341563913
4369,30.8,28.575998306274418,78.0,0.0,19.4,5.6,17.174633649599244,35.952390094879775
4370,20.1,28.575998306274418,78.0,0.0,19.6,5.7,20.521215920882653,26.256364776264796
4371,21.1,28.575998306274418,78.0,0.0,19.3,6.3,17.73339910547552,26.420019731642657
4372,34.5,28.575998306274418,78.0,0.0,20.0,5.6,16.694539932426732,39.50836197972802
4373,21.2,28.575998306274418,78.0,0.0,19.3,6.2,11.264924263509922,24.579477279052977
4374,19.3,28.575998306274418,78.0,0.0,19.1,6.1,28.335271644199295,27.80058149325979
4375,36.6,28.575998306274418,78.0,0.0,19.1,5.6,5.83599668933447,38.350799006800344
4376,39.1,28.575998306274418,78.0,0.0,20.2,5.5,20.990439592239166,45.397131877671754
4377,37.9,28.575998306274418,78.0,0.0,19.0,6.2,6.560209152311892,39.868062745693564
4378,25.8,28.575998306274418,78.0,0.0,20.2,6.1,23.186187740834434,32.75585632225033
4379,23.8,28.575998306274418,78.0,0.0,19.1,6.1,6.559978467119019,25.767993540135706
4380,34.2,28.22599983215332,81.0,0.0,19.1,5.7,9.412352627773089,37.02370578833193
4381,22.2,28.22599983215332,81.0,0.0,20.7,6.0,8.817790859731463,24.84533725791944
4382,18.2,28.22599983215332,81.0,0.0,19.9,5.5,14.410794561517271,22.523238368455182
4383,20.8,28.22599983215332,81.0,0.0,20.6,5.7,23.974488127310423,27.992346438193128
4384,35.5,28.22599983215332,81.0,0.0,20.5,5.6,17.21798754346254,40.665396263038765
4385,21.7,28.22599983215332,81.0,0.0,19.2,5.6,25.529106216678723,29.358731865003616
4386,30.1,28.22599983215332,81.0,0.0,19.5,6.4,22.35319650986498,36.80595895295949
4387,34.3,28.22599983215332,81.0,0.0,20.9,6.3,16.41512649005533,39.22453794701659
4388,29.3,28.22599983215332,81.0,0.0,19.1,5.6,7.263452374265213,31.479035712279565
4389,26.6,28.22599983215332,81.0,0.0,20.6,6.5,15.889951445804119,31.366985433741238
4390,34.4,28.22599983215332,81.0,0.0,20.4,6.0,27.57311826948516,42.67193548084555
4391,35.3,28.22599983215332,81.0,0.0,19.1,5.8,11.023478009198874,38.60704340275966
4392,28.8,28.22599983215332,81.0,0.0,19.3,6.1,8.385362704449724,31.31560881133492
4393,16.6,28.22599983215332,81.0,0.0,19.3,5.6,21.62140461458252,23.08642138437476
4394,15.7,28.22599983215332,81.0,0.0,20.2,5.6,24.549507962484594,23.06485238874538
4395,37.0,28.22599983215332,81.0,0.0,21.0,6.2,16.043511555635348,41.813053466690604
4396,19.9,28.22599983215332,81.0,0.0,19.2,5.8,12.606731833082218,23.682019549924664
4397,27.4,28.22599983215332,81.0,0.0,20.5,5.8,27.734633470844056,35.72039004125321
4398,29.5,28.22599983215332,81.0,0.0,20.0,5.5,22.304532756954725,36.191359827086416
4399,32.8,28.22599983215332,81.0,0.0,19.6,6.4,10.474652550123597,35.94239576503708
4400,18.6,28.22599983215332,81.0,0.0,21.0,6.0,14.691726530666628,23.00751795919999
4401,23.9,28.22599983215332,81.0,0.0,19.6,6.2,17.393488621630503,29.11804658648915
4402,31.7,28.22599983215332,81.0,0.0,20.9,5.6,27.132647121801362,39.839794136540405
4403,23.1,28.22599983215332,81.0,0.0,19.1,6.3,27.814680032901695,31.44440400987051
4404,23.9,28.22599983215332,81.0,0.0,19.1,6.3,14.070049933439748,28.121014980031923
4405,38.0,28.22599983215332,81.0,0.0,19.2,6.3,10.109464747437686,41.032839424231305
4406,37.2,28.22599983215332,81.0,0.0,20.5,5.9,14.913313809327024,41.67399414279811
4407,39.6,28.22599983215332,81.0,0.0,19.7,6.0,21.55052380432062,46.06515714129619
4408,34.9,28.22599983215332,81.0,0.0,19.7,6.1,17.732830125733898,40.21984903772017
4409,27.1,28.22599983215332,81.0,0.0,19.4,5.9,8.368394123681856,29.610518237104557
4410,19.8,28.22599983215332,81.0,0.0,20.0,6.3,25.64245759224916,27.49273727767475
4411,37.3,28.22599983215332,81.0,0.0,19.4,6.2,10.251811822345992,40.375543546703796
4412,31.1,28.22599983215332,81.0,0.0,19.0,6.0,23.754219866593107,38.22626595997794
4413,33.8,28.22599983215332,81.0,0.0,19.1,6.2,26.747721386780597,41.82431641603418
4414,36.2,28.22599983215332,81.0,0.0,19.2,5.9,13.522489533014642,40.256746859904396
4415,32.2,28.22599983215332,81.0,0.0,19.9,5.7,19.61134224719481,38.08340267415844
4416,26.9,28.22599983215332,81.0,0.0,19.7,6.2,21.68535410006921,33.40560623002076
4417,32.9,28.22599983215332,81.0,0.0,19.4,6.2,21.961770082633507,39.48853102479005
4418,17.7,28.22599983215332,81.0,0.0,20.5,5.8,13.640456904246557,21.792137071273967
4419,35.2,28.22599983215332,81.0,0.0,19.6,5.6,27.966941234566445,43.590082370369934
4420,35.4,28.22599983215332,81.0,0.0,19.4,6.2,15.129874606729587,39.93896238201887
4421,27.3,28.22599983215332,81.0,0.0,19.7,5.6,12.192847548428288,30.957854264528486
4422,32.2,28.22599983215332,81.0,0.0,19.5,6.0,9.39128254516751,35.017384763550254
4423,22.7,28.22599983215332,81.0,0.0,19.0,6.0,16.26943173779958,27.580829521339872
4424,31.1,28.22599983215332,81.0,0.0,20.5,6.3,19.21774769454557,36.86532430836367
4425,36.5,28.22599983215332,81.0,0.0,19.8,5.8,28.659589438460056,45.09787683153802
4426,29.2,28.22599983215332,81.0,0.0,19.8,6.3,26.172744928054307,37.05182347841629
4427,37.3,28.22599983215332,81.0,0.0,19.5,5.6,15.906576556391615,42.071972966917485
4428,32.9,28.22599983215332,81.0,0.0,20.0,5.9,5.382213309765492,34.51466399292965
4429,16.5,28.22599983215332,81.0,0.0,19.8,6.4,25.950800431012333,24.2852401293037
4430,38.1,28.22599983215332,81.0,0.0,19.5,5.9,10.159584621573266,41.14787538647198
4431,27.6,28.22599983215332,81.0,0.0,19.7,5.7,13.190848356792198,31.557254507037662
4432,34.1,28.22599983215332,81.0,0.0,19.5,5.8,16.218206127046763,38.96546183811403
4433,16.7,28.22599983215332,81.0,0.0,21.0,6.5,24.307548368519033,23.992264510555707
4434,25.8,28.22599983215332,81.0,0.0,19.5,6.4,6.518724862058909,27.755617458617674
4435,21.0,28.22599983215332,81.0,0.0,20.8,5.6,9.43831058006608,23.831493174019823
4436,33.2,28.22599983215332,81.0,0.0,20.4,5.8,28.42958798527469,41.72887639558241
4437,33.6,28.22599983215332,81.0,0.0,20.6,6.4,16.722780287631792,38.616834086289536
4438,35.5,28.22599983215332,81.0,0.0,20.8,6.0,10.49127516981915,38.64738255094574
4439,22.8,28.22599983215332,81.0,0.0,19.2,6.2,19.377459202556373,28.613237760766914
4440,29.3,27.825998306274418,84.0,0.0,20.6,6.4,20.577208932829812,35.47316267984895
4441,34.4,27.825998306274418,84.0,0.0,20.4,6.2,16.23293234188116,39.269879702564346
4442,25.5,27.825998306274418,84.0,0.0,20.8,5.9,13.393575625987069,29.51807268779612
4443,29.3,27.825998306274418,84.0,0.0,20.0,6.0,15.110432674518254,33.83312980235548
4444,19.8,27.825998306274418,84.0,0.0,20.1,6.4,21.710775654128273,26.313232696238483
4445,21.2,27.825998306274418,84.0,0.0,19.2,5.5,25.18649224800021,28.755947674400062
4446,24.3,27.825998306274418,84.0,0.0,19.9,5.8,17.614468020182418,29.584340406054725
4447,35.4,27.825998306274418,84.0,0.0,20.4,6.4,10.417294728285068,38.52518841848552
4448,25.0,27.825998306274418,84.0,0.0,19.3,5.6,28.553506723002503,33.56605201690075
4449,31.3,27.825998306274418,84.0,0.0,19.8,6.2,5.361512861565943,32.908453858469784
4450,29.0,27.825998306274418,84.0,0.0,19.7,6.1,22.719825298646878,35.81594758959406
4451,25.2,27.825998306274418,84.0,0.0,19.9,6.0,11.21630551396635,28.564891654189903
4452,15.4,27.825998306274418,84.0,0.0,20.2,6.1,7.043431552030817,17.513029465609247
4453,27.0,27.825998306274418,84.0,0.0,19.2,5.8,29.122847550567514,35.73685426517025
4454,22.8,27.825998306274418,84.0,0.0,20.3,6.0,14.12656779221583,27.03797033766475
4455,20.0,27.825998306274418,84.0,0.0,19.1,6.1,11.072180861816934,23.32165425854508
4456,29.3,27.825998306274418,84.0,0.0,20.6,5.9,21.993605301636144,35.89808159049085
4457,30.0,27.825998306274418,84.0,0.0,20.8,5.7,10.630468515667467,33.18914055470024
4458,29.2,27.825998306274418,84.0,0.0,19.3,6.2,29.128481061089232,37.93854431832677
4459,34.5,27.825998306274418,84.0,0.0,19.6,6.3,17.28659640183188,39.685978920549566
4460,23.3,27.825998306274418,84.0,0.0,20.6,6.0,12.12323137250716,26.93696941175215
4461,32.6,27.825998306274418,84.0,0.0,19.8,6.0,7.463004014775164,34.83890120443255
4462,31.7,27.825998306274418,84.0,0.0,19.3,5.7,19.057215529363013,37.4171646588089
4463,37.9,27.825998306274418,84.0,0.0,20.1,5.6,25.174384759081835,45.45231542772455
4464,36.3,27.825998306274418,84.0,0.0,20.9,6.4,27.11526572876092,44.43457971862827
4465,27.3,27.825998306274418,84.0,0.0,19.7,6.1,21.165851344630834,33.64975540338925
4466,25.8,27.825998306274418,84.0,0.0,19.7,5.5,27.386420893086342,34.015926267925906
4467,16.6,27.825998306274418,84.0,0.0,19.6,6.4,8.615356514338385,19.18460695430152
4468,21.4,27.825998306274418,84.0,0.0,20.0,5.5,11.55126553001614,24.86537965900484
4469,18.5,27.825998306274418,84.0,0.0,19.7,5.8,6.698813859545725,20.50964415786372
4470,30.8,27.825998306274418,84.0,0.0,20.8,6.0,11.927455810177793,34.378236743053336
4471,19.6,27.825998306274418,84.0,0.0,19.7,6.2,28.433195439262626,28.12995863177879
4472,33.7,27.825998306274418,84.0,0.0,20.8,6.5,10.38128398401477,36.81438519520444
4473,22.7,27.825998306274418,84.0,0.0,20.7,6.4,9.831751639487006,25.649525491846102
4474,29.3,27.825998306274418,84.0,0.0,19.4,6.4,13.935546947133432,33.48066408414003
4475,20.5,27.825998306274418,84.0,0.0,20.7,5.6,21.67253140138671,27.001759420416015
4476,38.8,27.825998306274418,84.0,0.0,20.9,6.3,10.373604475326621,41.912081342597986
4477,18.9,27.825998306274418,84.0,0.0,19.6,5.8,14.341837317479348,23.202551195243803
4478,16.1,27.825998306274418,84.0,0.0,19.2,5.9,5.151090129317902,17.645327038795372
4479,19.3,27.825998306274418,84.0,0.0,19.2,5.7,10.498319846460085,22.449495953938026
4480,24.9,27.825998306274418,84.0,0.0,19.3,5.6,21.421470053707754,31.326441016112327
4481,38.2,27.825998306274418,84.0,0.0,20.7,6.5,18.109889118062014,43.632966735418606
4482,17.2,27.825998306274418,84.0,0.0,20.9,5.5,27.29138859491219,25.387416578473655
4483,31.3,27.825998306274418,84.0,0.0,20.6,5.8,15.25391077797077,35.87617323339123
4484,36.9,27.825998306274418,84.0,0.0,19.5,6.4,15.926543971201653,41.6779631913605
4485,21.5,27.825998306274418,84.0,0.0,20.3,6.4,11.108855344212188,24.832656603263658
4486,33.3,27.825998306274418,84.0,0.0,20.3,6.1,12.525754448656755,37.05772633459702
4487,27.0,27.825998306274418,84.0,0.0,20.8,6.4,20.409377835208844,33.12281335056265
4488,17.2,27.825998306274418,84.0,0.0,20.8,5.8,27.10501608657374,25.33150482597212
4489,35.4,27.825998306274418,84.0,0.0,20.2,5.6,5.247566545146894,36.97426996354407
4490,29.3,27.825998306274418,84.0,0.0,19.3,5.8,28.321513042084597,37.79645391262538
4491,38.9,27.825998306274418,84.0,0.0,19.3,5.6,26.589019919383574,46.87670597581507
4492,18.0,27.825998306274418,84.0,0.0,20.0,6.2,11.247088972106376,21.37412669163191
4493,20.8,27.825998306274418,84.0,0.0,20.4,6.0,23.114237983935354,27.734271395180606
4494,15.6,27.825998306274418,84.0,0.0,20.2,6.1,6.392687893809202,17.51780636814276
4495,38.7,27.825998306274418,84.0,0.0,19.9,6.3,29.947016447349764,47.68410493420493
4496,26.3,27.825998306274418,84.0,0.0,19.6,6.4,11.878174762775801,29.86345242883274
4497,36.9,27.825998306274418,84.0,0.0,19.5,6.2,11.190842418310712,40.25725272549321
4498,35.2,27.825998306274418,84.0,0.0,19.1,5.9,25.56723086073118,42.870169258219356
4499,38.1,27.825998306274418,84.0,0.0,19.9,5.6,26.465026081056084,46.03950782431683
4500,15.5,27.47599983215332,87.0,0.0,19.5,5.5,29.067109614652875,24.220132884395863
4501,24.7,27.47599983215332,87.0,0.0,20.7,5.8,29.600668190385434,33.58020045711563
4502,21.1,27.47599983215332,87.0,0.0,19.8,6.3,17.889197641761214,26.466759292528366
4503,15.9,27.47599983215332,87.0,0.0,20.7,6.2,24.00412427645744,23.101237282937234
4504,38.1,27.47599983215332,87.0,0.0,19.8,6.4,14.38617131749342,42.415851395248026
4505,35.4,27.47599983215332,87.0,0.0,19.4,5.6,13.585962111971842,39.47578863359155
4506,28.8,27.47599983215332,87.0,0.0,19.8,6.0,15.773988145685905,33.53219644370577
4507,22.9,27.47599983215332,87.0,0.0,20.0,5.7,11.749185079421292,26.424755523826384
4508,37.4,27.47599983215332,87.0,0.0,20.0,5.7,10.899764155553788,40.669929246666136
4509,29.0,27.47599983215332,87.0,0.0,21.0,5.8,25.031218079117902,36.50936542373537
4510,23.6,27.47599983215332,87.0,0.0,21.0,6.0,29.47710704660706,32.44313211398212
4511,37.1,27.47599983215332,87.0,0.0,20.0,6.2,20.397091102177637,43.21912733065329
4512,27.3,27.47599983215332,87.0,0.0,19.0,6.0,19.43502792315521,33.130508376946565
4513,32.4,27.47599983215332,87.0,0.0,19.5,6.4,26.329336073366324,40.298800822009895
4514,15.7,27.47599983215332,87.0,0.0,19.6,5.6,5.876158042759068,17.46284741282772
4515,37.0,27.47599983215332,87.0,0.0,20.7,5.5,8.479615560861642,39.54388466825849
4516,15.4,27.47599983215332,87.0,0.0,19.4,5.6,11.95672581954289,18.987017745862868
4517,26.1,27.47599983215332,87.0,0.0,20.2,5.7,28.52530923968953,34.65759277190686
4518,18.8,27.47599983215332,87.0,0.0,20.1,5.7,18.08801660591095,24.226404981773285
4519,26.8,27.47599983215332,87.0,0.0,19.7,6.4,12.065303189329219,30.419590956798768
4520,20.6,27.47599983215332,87.0,0.0,20.8,6.2,10.976588330553927,23.89297649916618
4521,35.1,27.47599983215332,87.0,0.0,20.0,6.2,12.908472961089345,38.9725418883268
4522,38.4,27.47599983215332,87.0,0.0,20.4,5.5,20.89769368597156,44.669308105791465
4523,17.1,27.47599983215332,87.0,0.0,20.5,6.4,6.419462257581239,19.025838677274372
4524,30.5,27.47599983215332,87.0,0.0,19.5,5.9,17.07316534967302,35.62194960490191
4525,30.8,27.47599983215332,87.0,0.0,20.6,5.9,9.625591517199357,33.68767745515981
4526,36.7,27.47599983215332,87.0,0.0,19.4,6.1,18.391009288700037,42.21730278661001
4527,29.8,27.47599983215332,87.0,0.0,20.0,6.4,5.4134651310559345,31.42403953931678
4528,24.7,27.47599983215332,87.0,0.0,20.6,6.5,16.399303388009223,29.619791016402765
4529,27.5,27.47599983215332,87.0,0.0,19.9,6.4,11.202215998896897,30.86066479966907
4530,25.3,27.47599983215332,87.0,0.0,20.1,6.1,13.541506890594647,29.362452067178396
4531,30.5,27.47599983215332,87.0,0.0,19.8,5.5,25.045395853504306,38.013618756051294
4532,39.3,27.47599983215332,87.0,0.0,19.2,5.8,15.778759416384728,44.03362782491541
4533,24.8,27.47599983215332,87.0,0.0,19.4,6.1,14.166388300582431,29.04991649017473
4534,32.5,27.47599983215332,87.0,0.0,20.1,6.5,9.980745248383379,35.49422357451501
4535,28.8,27.47599983215332,87.0,0.0,19.7,5.9,27.10991846037383,36.932975538112146
4536,21.2,27.47599983215332,87.0,0.0,19.9,6.1,7.669514647618579,23.50085439428557
4537,28.9,27.47599983215332,87.0,0.0,20.3,5.6,24.944279594548288,36.38328387836449
4538,32.7,27.47599983215332,87.0,0.0,19.7,5.6,16.42821441916138,37.62846432574842
4539,35.4,27.47599983215332,87.0,0.0,20.3,5.8,20.6773604111698,41.60320812335094
4540,30.0,27.47599983215332,87.0,0.0,20.5,6.0,14.52841634830699,34.3585249044921
4541,38.8,27.47599983215332,87.0,0.0,20.8,5.7,24.681673596974147,46.204502079092244
4542,24.2,27.47599983215332,87.0,0.0,19.5,6.1,25.857725122589603,31.95731753677688
4543,27.6,27.47599983215332,87.0,0.0,19.0,5.5,24.011163194613044,34.803348958383914
4544,38.3,27.47599983215332,87.0,0.0,19.5,6.4,23.493256341130238,45.34797690233907
4545,22.6,27.47599983215332,87.0,0.0,20.1,5.6,23.177385939397556,29.55321578181927
4546,27.4,27.47599983215332,87.0,0.0,19.1,6.1,12.39943295245142,31.119829885735424
4547,28.1,27.47599983215332,87.0,0.0,19.8,6.1,24.98893444550794,35.59668033365239
4548,22.8,27.47599983215332,87.0,0.0,19.8,6.0,24.29405337884785,30.088216013654353
4549,38.4,27.47599983215332,87.0,0.0,19.4,6.2,25.017600690322894,45.905280207096865
4550,28.6,27.47599983215332,87.0,0.0,19.8,6.0,24.33809865607899,35.9014295968237
4551,28.6,27.47599983215332,87.0,0.0,21.0,6.3,22.654635837593126,35.39639075127794
4552,23.4,27.47599983215332,87.0,0.0,19.2,5.9,22.074415036880144,30.022324511064042
4553,16.3,27.47599983215332,87.0,0.0,19.9,5.9,6.93004458354924,18.379013375064773
4554,18.9,27.47599983215332,87.0,0.0,19.4,6.0,10.812649014158886,22.143794704247664
4555,23.5,27.47599983215332,87.0,0.0,19.9,5.7,17.822002678280494,28.846600803484147
4556,21.2,27.47599983215332,87.0,0.0,20.9,5.7,19.510117502204697,27.05303525066141
4557,37.6,27.47599983215332,87.0,0.0,20.0,6.1,7.0040680451407225,39.70122041354222
4558,24.1,27.47599983215332,87.0,0.0,19.6,6.1,5.599686446080219,25.779905933824068
4559,28.5,27.47599983215332,87.0,0.0,19.5,5.6,24.615292335166515,35.88458770054996
4560,35.6,27.325998306274418,88.0,0.0,20.1,5.8,10.613060012078627,38.78391800362359
4561,22.2,27.325998306274418,88.0,0.0,20.3,6.2,23.0857030282162,29.12571090846486
4562,38.9,27.325998306274418,88.0,0.0,20.0,5.6,19.470157282805857,44.741047184841754
4563,25.7,27.325998306274418,88.0,0.0,19.0,5.9,19.995521363959732,31.69865640918792
4564,36.0,27.325998306274418,88.0,0.0,19.4,5.7,14.05943266858473,40.217829800575416
4565,19.0,27.325998306274418,88.0,0.0,20.5,5.6,7.682832000886975,21.304849600266092
4566,25.7,27.325998306274418,88.0,0.0,20.8,5.7,5.950886547248716,27.485265964174616
4567,19.2,27.325998306274418,88.0,0.0,19.7,5.6,5.083352544070136,20.72500576322104
4568,32.2,27.325998306274418,88.0,0.0,19.5,6.5,23.47973120149496,39.24391936044849
4569,36.9,27.325998306274418,88.0,0.0,19.7,6.4,28.42636651432476,45.42790995429743
4570,18.7,27.325998306274418,88.0,0.0,19.1,6.4,8.999619940861404,21.39988598225842
4571,31.5,27.325998306274418,88.0,0.0,20.1,5.8,22.06247651339631,38.11874295401889
4572,38.8,27.325998306274418,88.0,0.0,19.8,6.2,14.997695969998638,43.29930879099959
4573,27.9,27.325998306274418,88.0,0.0,20.3,6.0,28.4696402700388,36.44089208101164
4574,27.6,27.325998306274418,88.0,0.0,19.3,5.8,15.1379879322618,32.14139637967854
4575,15.2,27.325998306274418,88.0,0.0,19.3,6.1,15.167300458926482,19.750190137677944
4576,29.0,27.325998306274418,88.0,0.0,20.1,5.8,6.924896587064781,31.077468976119434
4577,38.4,27.325998306274418,88.0,0.0,19.9,5.5,21.02932884165115,44.70879865249535
4578,16.8,27.325998306274418,88.0,0.0,19.0,6.3,6.342779273121389,18.702833781936416
4579,22.8,27.325998306274418,88.0,0.0,19.6,5.9,21.94920832652379,29.384762497957137
4580,25.6,27.325998306274418,88.0,0.0,19.1,6.4,14.510269553589826,29.95308086607695
4581,32.8,27.325998306274418,88.0,0.0,19.2,5.8,10.14742125551442,35.844226376654326
4582,35.9,27.325998306274418,88.0,0.0,19.3,5.8,20.06472813071447,41.91941843921434
4583,28.7,27.325998306274418,88.0,0.0,20.2,6.0,21.223140248819114,35.06694207464573
4584,31.5,27.325998306274418,88.0,0.0,20.0,6.2,11.132644435248672,34.8397933305746
4585,23.4,27.325998306274418,88.0,0.0,20.0,6.4,21.605490778100865,29.881647233430257
4586,32.4,27.325998306274418,88.0,0.0,20.9,5.6,21.931777009735246,38.97953310292057
4587,15.6,27.325998306274418,88.0,0.0,19.8,6.2,10.741632685194762,18.82248980555843
4588,29.2,27.325998306274418,88.0,0.0,20.6,5.8,23.311068987741987,36.193320696322594
4589,20.1,27.325998306274418,88.0,0.0,20.7,6.2,12.758618088248738,23.92758542647462
4590,32.7,27.325998306274418,88.0,0.0,19.6,6.4,12.010250957306855,36.30307528719206
4591,28.7,27.325998306274418,88.0,0.0,19.6,6.1,27.303623092197306,36.89108692765919
4592,33.4,27.325998306274418,88.0,0.0,20.2,6.2,27.1498622830561,41.54495868491683
4593,35.8,27.325998306274418,88.0,0.0,20.4,6.0,24.42065042222213,43.12619512666664
4594,29.0,27.325998306274418,88.0,0.0,20.8,6.2,11.03244206165774,32.30973261849732
4595,16.3,27.325998306274418,88.0,0.0,19.9,6.0,6.960685754166039,18.38820572624981
4596,30.2,27.325998306274418,88.0,0.0,20.5,5.6,7.456409547602769,32.43692286428083
4597,33.6,27.325998306274418,88.0,0.0,19.9,6.0,25.301216057302426,41.190364817190726
4598,39.5,27.325998306274418,88.0,0.0,19.2,5.6,11.999573893768007,43.0998721681304
4599,39.9,27.325998306274418,88.0,0.0,20.3,5.6,13.710499024863763,44.01314970745913
4600,34.9,27.325998306274418,88.0,0.0,20.3,5.6,27.5799941883595,43.17399825650785
4601,22.6,27.325998306274418,88.0,0.0,20.9,5.7,10.604075454351554,25.78122263630547
4602,33.8,27.325998306274418,88.0,0.0,19.2,5.8,9.058827845946167,36.51764835378385
4603,17.4,27.325998306274418,88.0,0.0,20.1,6.1,24.868705963119748,24.860611788935923
4604,16.6,27.325998306274418,88.0,0.0,20.7,5.5,26.131321047821867,24.43939631434656
4605,20.1,27.325998306274418,88.0,0.0,19.6,6.1,18.719082586112588,25.715724775833777
4606,35.6,27.325998306274418,88.0,0.0,20.4,6.4,9.860212807885405,38.55806384236562
4607,29.0,27.325998306274418,88.0,0.0,20.8,5.5,15.314292220542725,33.59428766616282
4608,18.3,27.325998306274418,88.0,0.0,19.2,5.7,21.244111595646366,24.67323347869391
4609,33.5,27.325998306274418,88.0,0.0,19.3,5.7,5.292788868510977,35.08783666055329
4610,37.0,27.325998306274418,88.0,0.0,19.4,5.8,16.515547941843487,41.95466438255305
4611,17.9,27.325998306274418,88.0,0.0,20.8,5.5,16.08165513747332,22.724496541241994
4612,24.5,27.325998306274418,88.0,0.0,19.8,6.3,14.68844032422656,28.90653209726797
4613,16.0,27.325998306274418,88.0,0.0,19.1,5.7,21.42403234979867,22.4272097049396
4614,25.9,27.325998306274418,88.0,0.0,19.7,6.2,21.103917866659575,32.23117535999787
4615,30.5,27.325998306274418,88.0,0.0,20.5,6.3,10.559814200689312,33.667944260206795
4616,36.8,27.325998306274418,88.0,0.0,20.8,6.4,10.275058620035145,39.88251758601054
4617,18.1,27.325998306274418,88.0,0.0,19.6,6.4,28.669713335326275,26.700914000597884
4618,23.5,27.325998306274418,88.0,0.0,20.7,5.9,17.43007738982313,28.72902321694694
4619,20.6,27.325998306274418,88.0,0.0,19.5,6.1,27.57221520624031,28.871664561872095
4620,28.7,27.42599868774414,89.0,0.0,20.6,6.0,27.478702193255593,36.94361065797668
4621,38.1,27.42599868774414,89.0,0.0,20.0,6.0,21.862552744095407,44.65876582322862
4622,16.5,27.42599868774414,89.0,0.0,19.1,6.1,19.107154696585795,22.232146408975737
4623,19.2,27.42599868774414,89.0,0.0,20.3,5.5,24.22480676640385,26.467442029921155
4624,22.7,27.42599868774414,89.0,0.0,19.1,6.3,29.609833881193456,31.582950164358035
4625,31.9,27.42599868774414,89.0,0.0,19.5,6.4,28.346733473338688,40.404020042001605
4626,15.3,27.42599868774414,89.0,0.0,19.8,5.6,18.639084437437738,20.89172533123132
4627,25.5,27.42599868774414,89.0,0.0,19.8,5.7,18.515149170323355,31.054544751097005
4628,27.3,27.42599868774414,89.0,0.0,20.7,6.3,12.38091377349365,31.014274132048094
4629,16.8,27.42599868774414,89.0,0.0,20.9,6.3,14.84057133729059,21.252171401187177
4630,32.8,27.42599868774414,89.0,0.0,20.5,6.4,13.718509644687392,36.915552893406215
4631,32.1,27.42599868774414,89.0,0.0,19.2,5.6,26.88719330965646,40.16615799289694
4632,25.9,27.42599868774414,89.0,0.0,19.7,5.6,20.039014207871908,31.91170426236157
4633,21.1,27.42599868774414,89.0,0.0,20.6,5.6,9.714321485981523,24.014296445794457
4634,30.2,27.42599868774414,89.0,0.0,20.2,6.3,13.228270803222301,34.16848124096669
4635,15.4,27.42599868774414,89.0,0.0,19.6,5.6,27.6297459896513,23.688923796895388
4636,36.2,27.42599868774414,89.0,0.0,19.9,6.0,10.54417230376869,39.36325169113061
4637,20.6,27.42599868774414,89.0,0.0,19.3,5.9,16.06004617220284,25.418013851660852
4638,33.1,27.42599868774414,89.0,0.0,19.3,5.8,26.772318245750903,41.13169547372527
4639,35.0,27.42599868774414,89.0,0.0,19.1,6.4,16.241722258856313,39.8725166776569
4640,16.4,27.42599868774414,89.0,0.0,20.8,5.7,22.318202593061592,23.095460777918476
4641,25.9,27.42599868774414,89.0,0.0,20.6,6.2,15.193051346943033,30.457915404082907
4642,33.0,27.42599868774414,89.0,0.0,19.5,5.9,21.2545311623495,39.37635934870485
4643,34.0,27.42599868774414,89.0,0.0,20.7,6.3,19.760811799220768,39.92824353976623
4644,29.8,27.42599868774414,89.0,0.0,21.0,5.9,23.087878806474464,36.72636364194234
4645,20.5,27.42599868774414,89.0,0.0,20.0,5.9,5.06505291976619,22.01951587592986
4646,39.2,27.42599868774414,89.0,0.0,19.7,5.7,19.891866927609414,45.167560078282825
4647,15.9,27.42599868774414,89.0,0.0,19.9,6.4,6.8952949808819675,17.96858849426459
4648,16.1,27.42599868774414,89.0,0.0,19.5,5.8,24.030559207865636,23.309167762359692
4649,19.9,27.42599868774414,89.0,0.0,19.2,6.1,23.121996316931266,26.836598895079376
4650,15.6,27.42599868774414,89.0,0.0,19.5,6.4,8.627858896696864,18.188357669009058
4651,16.2,27.42599868774414,89.0,0.0,19.5,5.7,20.743212450434818,22.422963735130445
4652,24.9,27.42599868774414,89.0,0.0,19.9,6.0,6.153305261389789,26.745991578416934
4653,37.1,27.42599868774414,89.0,0.0,20.2,5.6,13.632766158575572,41.189829847572675
4654,38.9,27.42599868774414,89.0,0.0,20.7,6.3,10.6741038610405,42.10223115831215
4655,38.2,27.42599868774414,89.0,0.0,19.8,5.8,28.416312892778144,46.724893867833444
4656,21.1,27.42599868774414,89.0,0.0,19.5,6.4,11.808920177769348,24.642676053330806
4657,38.3,27.42599868774414,89.0,0.0,19.1,6.5,21.855939360805085,44.85678180824152
4658,22.2,27.42599868774414,89.0,0.0,20.3,6.2,6.441237460830836,24.13237123824925
4659,32.5,27.42599868774414,89.0,0.0,20.8,5.6,26.008113105578026,40.302433931673406
4660,25.8,27.42599868774414,89.0,0.0,19.5,6.1,22.23127367861119,32.46938210358336
4661,26.9,27.42599868774414,89.0,0.0,20.6,6.4,22.65289085001496,33.69586725500449
4662,21.8,27.42599868774414,89.0,0.0,19.1,5.9,10.093851261881666,24.8281553785645
4663,15.5,27.42599868774414,89.0,0.0,19.7,5.7,8.048840215985035,17.91465206479551
4664,25.1,27.42599868774414,89.0,0.0,20.4,5.6,17.39546383749012,30.318639151247037
4665,16.6,27.42599868774414,89.0,0.0,19.3,5.9,21.74055864045193,23.12216759213558
4666,28.5,27.42599868774414,89.0,0.0,20.0,5.5,18.32945529352676,33.998836588058026
4667,15.4,27.42599868774414,89.0,0.0,19.1,5.8,7.832863546523864,17.74985906395716
4668,25.4,27.42599868774414,89.0,0.0,19.7,6.2,19.616939972267875,31.28508199168036
4669,17.0,27.42599868774414,89.0,0.0,20.8,6.5,8.429212780873176,19.52876383426195
4670,24.7,27.42599868774414,89.0,0.0,20.3,5.9,29.65810659416064,33.59743197824819
4671,17.3,27.42599868774414,89.0,0.0,19.1,5.8,19.723734229671997,23.2171202689016
4672,27.4,27.42599868774414,89.0,0.0,20.1,6.1,29.159622000509113,36.14788660015273
4673,28.3,27.42599868774414,89.0,0.0,20.1,6.1,8.915840364295303,30.97475210928859
4674,34.3,27.42599868774414,89.0,0.0,20.4,6.3,19.32909227487186,40.09872768246156
4675,32.4,27.42599868774414,89.0,0.0,19.4,5.5,9.268279072858167,35.18048372185745
4676,21.2,27.42599868774414,89.0,0.0,20.6,6.5,23.097618629837623,28.129285588951287
4677,32.8,27.42599868774414,89.0,0.0,19.2,6.1,21.248721443943413,39.17461643318302
4678,23.0,27.42599868774414,89.0,0.0,20.3,6.2,17.132727852946935,28.13981835588408
4679,31.8,27.42599868774414,89.0,0.0,20.2,5.7,16.688418760907773,36.80652562827233
4680,18.8,27.775999069213867,88.0,0.0,20.3,6.1,13.393500432695799,22.81805012980874
4681,33.4,27.775999069213867,88.0,0.0,19.1,6.3,12.747934192384676,37.2243802577154
4682,20.5,27.775999069213867,88.0,0.0,19.2,5.8,24.55118553605478,27.865355660816434
4683,20.1,27.775999069213867,88.0,0.0,19.5,5.9,10.928029793651628,23.37840893809549
4684,39.3,27.775999069213867,88.0,0.0,19.7,6.3,25.230071526473672,46.8690214579421
4685,24.3,27.775999069213867,88.0,0.0,20.9,6.3,24.109542009083803,31.532862602725142
4686,25.2,27.775999069213867,88.0,0.0,20.6,6.0,20.00002964335218,31.200008893005652
4687,23.6,27.775999069213867,88.0,0.0,19.0,6.3,20.133669542680522,29.640100862804157
4688,25.5,27.775999069213867,88.0,0.0,19.4,6.0,19.520693419117187,31.356208025735157
4689,33.4,27.775999069213867,88.0,0.0,19.5,6.4,15.933704913672216,38.180111474101665
4690,35.8,27.775999069213867,88.0,0.0,20.4,5.5,19.056238316051687,41.516871494815504
4691,26.7,27.775999069213867,88.0,0.0,20.4,5.7,13.335910093411073,30.70077302802332
4692,38.0,27.775999069213867,88.0,0.0,20.7,6.3,6.744054864088279,40.02321645922648
4693,15.4,27.775999069213867,88.0,0.0,19.2,5.5,5.978461509837472,17.19353845295124
4694,37.5,27.775999069213867,88.0,0.0,19.9,5.7,12.488996709383592,41.24669901281508
4695,36.6,27.775999069213867,88.0,0.0,20.8,5.6,15.089699211879315,41.126909763563795
4696,26.9,27.775999069213867,88.0,0.0,20.5,5.8,9.854109506940379,29.856232852082112
4697,32.3,27.775999069213867,88.0,0.0,20.8,6.2,21.771279956640022,38.831383986992
4698,25.1,27.775999069213867,88.0,0.0,20.1,5.7,25.646729397096067,32.79401881912882
4699,26.9,27.775999069213867,88.0,0.0,19.5,6.1,18.454414437541963,32.43632433126259
4700,36.9,27.775999069213867,88.0,0.0,21.0,5.7,11.870583129842363,40.46117493895271
4701,28.6,27.775999069213867,88.0,0.0,19.1,5.6,29.31406814370036,37.39422044311011
4702,21.2,27.775999069213867,88.0,0.0,20.5,6.1,27.293922915573496,29.388176874672048
4703,35.3,27.775999069213867,88.0,0.0,20.6,6.0,16.612687546595744,40.28380626397872
4704,32.5,27.775999069213867,88.0,0.0,20.6,6.5,5.971086355733711,34.29132590672011
4705,29.4,27.775999069213867,88.0,0.0,20.7,5.8,9.08907233688648,32.12672170106594
4706,36.0,27.775999069213867,88.0,0.0,19.8,5.6,10.937564785373723,39.28126943561212
4707,33.1,27.775999069213867,88.0,0.0,20.5,5.9,24.39036129720054,40.41710838916016
4708,35.1,27.775999069213867,88.0,0.0,20.3,5.8,15.00588455822362,39.60176536746709
4709,31.1,27.775999069213867,88.0,0.0,20.6,6.4,9.07027015319977,33.82108104595993
4710,35.5,27.775999069213867,88.0,0.0,20.9,6.1,12.521869254555803,39.25656077636674
4711,36.5,27.775999069213867,88.0,0.0,20.1,6.0,23.07775479662931,43.423326438988795
4712,33.9,27.775999069213867,88.0,0.0,19.6,5.5,16.876596139713612,38.96297884191408
4713,30.4,27.775999069213867,88.0,0.0,20.1,5.8,22.02205267088863,37.00661580126659
4714,17.3,27.775999069213867,88.0,0.0,20.6,5.9,14.252271887637646,21.575681566291294
4715,32.8,27.775999069213867,88.0,0.0,19.7,6.2,23.486084482559548,39.84582534476786
4716,22.0,27.775999069213867,88.0,0.0,19.5,6.4,23.491272323227676,29.0473816969683
4717,37.6,27.775999069213867,88.0,0.0,19.3,5.5,10.982162428439086,40.89464872853173
4718,26.2,27.775999069213867,88.0,0.0,19.6,6.4,29.948623232506776,35.18458696975203
4719,37.2,27.775999069213867,88.0,0.0,19.9,6.1,15.200342088792858,41.76010262663786
4720,31.2,27.775999069213867,88.0,0.0,19.0,5.7,23.481066843461367,38.24432005303841
4721,27.2,27.775999069213867,88.0,0.0,20.2,6.0,22.882961633803205,34.06488849014096
4722,29.5,27.775999069213867,88.0,0.0,20.3,5.6,10.085095317793272,32.52552859533798
4723,15.7,27.775999069213867,88.0,0.0,19.3,5.8,18.319812462104693,21.195943738631406
4724,23.4,27.775999069213867,88.0,0.0,20.9,6.2,10.150618653298526,26.445185595989557
4725,20.6,27.775999069213867,88.0,0.0,21.0,5.9,27.631338407543293,28.88940152226299
4726,17.9,27.775999069213867,88.0,0.0,20.4,5.9,13.281014452765733,21.884304335829718
4727,16.4,27.775999069213867,88.0,0.0,19.6,5.8,23.457994614746095,23.437398384423826
4728,26.9,27.775999069213867,88.0,0.0,19.5,6.1,7.752994321922408,29.22589829657672
4729,32.5,27.775999069213867,88.0,0.0,20.8,6.5,28.747396445060243,41.12421893351807
4730,36.5,27.775999069213867,88.0,0.0,19.7,6.5,27.76944860791976,44.83083458237593
4731,21.1,27.775999069213867,88.0,0.0,19.6,5.7,17.18263695055208,26.254791085165625
4732,28.6,27.775999069213867,88.0,0.0,20.0,5.6,15.742814422708092,33.32284432681243
4733,26.1,27.775999069213867,88.0,0.0,20.4,6.3,10.957805338024745,29.387341601407424
4734,21.7,27.775999069213867,88.0,0.0,20.3,6.1,9.952526068787325,24.685757820636198
4735,15.9,27.775999069213867,88.0,0.0,19.1,6.5,9.268210310113602,18.68046309303408
4736,20.5,27.775999069213867,88.0,0.0,20.7,6.2,13.678806190397687,24.603641857119307
4737,35.0,27.775999069213867,88.0,0.0,20.2,5.5,29.39309994250693,43.81792998275208
4738,20.8,27.775999069213867,88.0,0.0,20.0,6.0,25.217369038597536,28.36521071157926
4739,26.8,27.775999069213867,88.0,0.0,19.9,6.3,11.52798488451819,30.25839546535546
4740,19.2,28.375999450683594,86.0,0.0,19.2,6.1,12.834957593405353,23.050487278021606
4741,18.2,28.375999450683594,86.0,0.0,20.2,6.3,22.377867961940723,24.913360388582216
4742,33.5,28.375999450683594,86.0,0.0,19.2,6.5,11.02836916452017,36.80851074935605
4743,30.8,28.375999450683594,86.0,0.0,19.6,5.6,18.48588534711137,36.34576560413341
4744,22.2,28.375999450683594,86.0,0.0,19.3,6.4,5.7272162621420355,23.91816487864261
4745,30.2,28.375999450683594,86.0,0.0,20.6,6.4,12.934787785994459,34.08043633579834
4746,32.5,28.375999450683594,86.0,0.0,19.8,5.9,18.551233097078473,38.06536992912354
4747,18.2,28.375999450683594,86.0,0.0,20.7,6.3,21.360783738705383,24.608235121611614
4748,38.2,28.375999450683594,86.0,0.0,19.7,6.3,18.04388577929655,43.61316573378897
4749,21.0,28.375999450683594,86.0,0.0,21.0,5.8,6.400381264181916,22.920114379254574
4750,27.6,28.375999450683594,86.0,0.0,20.9,6.0,20.884592910690372,33.865377873207116
4751,26.2,28.375999450683594,86.0,0.0,20.2,6.1,14.66406495868303,30.59921948760491
4752,15.8,28.375999450683594,86.0,0.0,20.3,6.1,23.632772446978183,22.889831734093455
4753,36.8,28.375999450683594,86.0,0.0,20.8,5.7,12.902867465548525,40.670860239664556
4754,28.9,28.375999450683594,86.0,0.0,20.8,5.7,26.595385746527946,36.87861572395838
4755,28.0,28.375999450683594,86.0,0.0,20.9,6.2,15.819109017143308,32.74573270514299
4756,27.8,28.375999450683594,86.0,0.0,19.2,5.6,7.032992301831596,29.909897690549478
4757,34.6,28.375999450683594,86.0,0.0,19.3,6.5,20.781945362432307,40.834583608729695
4758,19.4,28.375999450683594,86.0,0.0,19.8,5.5,12.15540760558501,23.0466222816755
4759,32.9,28.375999450683594,86.0,0.0,20.7,5.5,11.35215444929646,36.30564633478894
4760,22.1,28.375999450683594,86.0,0.0,19.9,5.9,11.083251931837548,25.424975579551266
4761,37.5,28.375999450683594,86.0,0.0,20.6,5.9,12.945618011192288,41.38368540335769
4762,38.3,28.375999450683594,86.0,0.0,19.9,6.4,22.629378769567644,45.08881363087029
4763,20.5,28.375999450683594,86.0,0.0,19.5,5.9,18.2038598178517,25.96115794535551
4764,26.6,28.375999450683594,86.0,0.0,20.9,6.0,23.68312382820305,33.704937148460914
4765,30.0,28.375999450683594,86.0,0.0,19.2,6.4,23.204721283265798,36.96141638497974
4766,18.5,28.375999450683594,86.0,0.0,19.1,6.3,12.10749917909479,22.132249753728438
4767,35.7,28.375999450683594,86.0,0.0,20.6,6.3,24.339393040739377,43.00181791222182
4768,29.2,28.375999450683594,86.0,0.0,19.9,6.3,12.601846700982081,32.980554010294625
4769,30.2,28.375999450683594,86.0,0.0,19.9,5.5,23.776435045886082,37.332930513765824
4770,29.8,28.375999450683594,86.0,0.0,20.4,6.4,13.056405885399457,33.71692176561984
4771,37.3,28.375999450683594,86.0,0.0,19.3,5.9,7.541912543227523,39.562573762968256
4772,36.8,28.375999450683594,86.0,0.0,19.6,6.3,11.865148076738054,40.35954442302141
4773,27.7,28.375999450683594,86.0,0.0,19.2,5.5,8.75212926070407,30.32563877821122
4774,32.9,28.375999450683594,86.0,0.0,19.3,6.1,7.814453559101008,35.2443360677303
4775,32.2,28.375999450683594,86.0,0.0,20.4,6.2,15.536929046735018,36.86107871402051
4776,36.2,28.375999450683594,86.0,0.0,19.2,5.5,26.48995928514335,44.146987785543004
4777,27.3,28.375999450683594,86.0,0.0,20.4,5.6,5.334376658955374,28.900312997686612
4778,33.6,28.375999450683594,86.0,0.0,20.6,5.9,21.88275781763346,40.16482734529004
4779,38.1,28.375999450683594,86.0,0.0,20.4,6.2,14.637830969426759,42.491349290828026
4780,16.2,28.375999450683594,86.0,0.0,20.0,6.2,18.18617482379729,21.655852447139186
4781,32.7,28.375999450683594,86.0,0.0,19.1,5.9,17.093083267197464,37.82792498015924
4782,18.1,28.375999450683594,86.0,0.0,19.7,5.9,28.026223931401073,26.507867179420323
4783,30.4,28.375999450683594,86.0,0.0,19.0,6.5,21.65429361074298,36.89628808322289
4784,31.1,28.375999450683594,86.0,0.0,19.0,6.3,21.87008665473109,37.661025996419326
4785,18.0,28.375999450683594,86.0,0.0,19.5,6.3,12.466480226353362,21.73994406790601
4786,26.2,28.375999450683594,86.0,0.0,19.3,6.2,20.163243498412342,32.2489730495237
4787,27.2,28.375999450683594,86.0,0.0,19.3,6.3,16.244422696142742,32.07332680884282
4788,20.9,28.375999450683594,86.0,0.0,20.9,6.1,15.071435961183386,25.421430788355014
4789,38.4,28.375999450683594,86.0,0.0,19.8,5.6,27.186063477022614,46.55581904310678
4790,16.2,28.375999450683594,86.0,0.0,20.8,6.3,16.965666956563354,21.289700086969006
4791,21.6,28.375999450683594,86.0,0.0,20.1,5.7,14.059481644754241,25.81784449342627
4792,19.0,28.375999450683594,86.0,0.0,20.3,6.4,25.0590629767358,26.51771889302074
4793,28.4,28.375999450683594,86.0,0.0,20.1,6.1,8.968727246717316,31.090618174015194
4794,29.4,28.375999450683594,86.0,0.0,20.5,6.5,17.131561510634313,34.539468453190295
4795,37.2,28.375999450683594,86.0,0.0,19.6,6.1,7.531188345423613,39.459356503627085
4796,25.8,28.375999450683594,86.0,0.0,20.4,6.2,24.044308993693484,33.013292698108046
4797,18.1,28.375999450683594,86.0,0.0,20.9,5.8,13.42093375593875,22.126280126781626
4798,25.3,28.375999450683594,86.0,0.0,19.5,6.0,9.53459180089412,28.160377540268236
4799,17.1,28.375999450683594,86.0,0.0,20.7,5.7,12.734097559641391,20.920229267892417
4800,16.1,29.42599868774414,80.0,0.0,19.3,6.3,8.166312341451944,18.549893702435583
4801,27.8,29.42599868774414,80.0,0.0,19.9,5.7,13.457571389233252,31.837271416769976
4802,37.2,29.42599868774414,80.0,0.0,19.8,5.6,10.609331269006038,40.38279938070181
4803,28.5,29.42599868774414,80.0,0.0,19.5,5.8,26.40395964940215,36.42118789482065
4804,31.5,29.42599868774414,80.0,0.0,19.3,6.3,22.26127842771596,38.17838352831479
4805,30.5,29.42599868774414,80.0,0.0,19.7,6.0,12.3098510068397,34.192955302051914
4806,37.4,29.42599868774414,80.0,0.0,19.6,6.5,8.969640791590894,40.09089223747727
4807,19.9,29.42599868774414,80.0,0.0,19.6,6.3,23.825723389783946,27.04771701693518
4808,25.0,29.42599868774414,80.0,0.0,20.8,6.1,29.044345029973556,33.71330350899207
4809,31.0,29.42599868774414,80.0,0.0,19.6,6.3,19.265699999339112,36.77970999980173
4810,15.2,29.42599868774414,80.0,0.0,20.4,6.0,21.33463036920645,21.600389110761935
4811,29.4,29.42599868774414,80.0,0.0,19.3,6.1,18.892957120784928,35.06788713623548
4812,33.2,29.42599868774414,80.0,0.0,20.4,6.1,23.52444705867452,40.25733411760236
4813,22.2,29.42599868774414,80.0,0.0,19.5,5.9,22.862607459792716,29.058782237937812
4814,17.0,29.42599868774414,80.0,0.0,21.0,6.4,11.59507262653361,20.478521787960084
4815,16.9,29.42599868774414,80.0,0.0,19.6,6.0,8.672119259111279,19.501635777733384
4816,18.7,29.42599868774414,80.0,0.0,19.1,6.3,22.61731678174113,25.485195034522338
4817,30.4,29.42599868774414,80.0,0.0,19.4,5.7,19.5977398984421,36.27932196953263
4818,23.7,29.42599868774414,80.0,0.0,19.4,5.8,15.14221674647939,28.242665023943815
4819,32.9,29.42599868774414,80.0,0.0,20.4,5.6,5.496982149111361,34.54909464473341
4820,35.2,29.42599868774414,80.0,0.0,19.3,5.9,24.712001984966786,42.61360059549004
4821,30.7,29.42599868774414,80.0,0.0,20.4,5.5,24.02934669382929,37.908804008148785
4822,19.5,29.42599868774414,80.0,0.0,20.4,6.3,24.50960124008749,26.85288037202625
4823,31.1,29.42599868774414,80.0,0.0,19.2,6.2,23.069984500581825,38.02099535017455
4824,21.2,29.42599868774414,80.0,0.0,20.8,6.4,6.368385789097615,23.110515736729283
4825,37.0,29.42599868774414,80.0,0.0,19.6,5.7,23.79478707758936,44.138436123276804
4826,37.9,29.42599868774414,80.0,0.0,20.8,6.1,29.84539764617349,46.85361929385205
4827,19.2,29.42599868774414,80.0,0.0,20.9,6.3,5.841125478870816,20.952337643661245
4828,35.1,29.42599868774414,80.0,0.0,20.6,6.5,21.32441190305802,41.49732357091741
4829,37.2,29.42599868774414,80.0,0.0,19.7,5.9,28.823472754450272,45.84704182633509
4830,32.0,29.42599868774414,80.0,0.0,20.2,6.0,15.500030973368041,36.65000929201041
4831,26.9,29.42599868774414,80.0,0.0,19.1,6.0,9.393445411222746,29.71803362336682
4832,33.5,29.42599868774414,80.0,0.0,19.3,5.8,28.3866179145273,42.01598537435819
4833,26.1,29.42599868774414,80.0,0.0,19.1,5.7,21.043301159145955,32.412990347743786
4834,23.4,29.42599868774414,80.0,0.0,19.7,5.6,9.286635359351969,26.18599060780559
4835,19.7,29.42599868774414,80.0,0.0,20.3,5.8,23.01807138562891,26.605421415688674
4836,30.2,29.42599868774414,80.0,0.0,19.9,5.6,26.40778480290288,38.12233544087086
4837,32.8,29.42599868774414,80.0,0.0,20.1,5.9,26.063142969084097,40.61894289072522
4838,29.5,29.42599868774414,80.0,0.0,19.3,5.7,17.899199997211436,34.86975999916343
4839,37.5,29.42599868774414,80.0,0.0,19.2,5.5,7.100613960398901,39.63018418811967
4840,32.7,29.42599868774414,80.0,0.0,20.4,6.2,20.135873757129428,38.74076212713883
4841,19.1,29.42599868774414,80.0,0.0,19.5,5.9,18.34080652059916,24.60224195617975
4842,17.9,29.42599868774414,80.0,0.0,19.4,5.9,6.172262128046919,19.751678638414074
4843,32.2,29.42599868774414,80.0,0.0,21.0,6.4,25.328792752394268,39.79863782571828
4844,36.3,29.42599868774414,80.0,0.0,21.0,5.6,26.404302819060213,44.22129084571806
4845,24.1,29.42599868774414,80.0,0.0,20.7,6.1,15.675166516672633,28.80254995500179
4846,25.0,29.42599868774414,80.0,0.0,19.3,6.0,10.074254849322905,28.02227645479687
4847,32.7,29.42599868774414,80.0,0.0,20.1,5.9,29.137284269915817,41.44118528097475
4848,33.7,29.42599868774414,80.0,0.0,20.1,5.9,25.668161799123546,41.40044853973707
4849,30.9,29.42599868774414,80.0,0.0,20.6,5.8,21.64411070559166,37.3932332116775
4850,19.7,29.42599868774414,80.0,0.0,20.3,6.4,19.37633126553653,25.512899379660958
4851,28.4,29.42599868774414,80.0,0.0,20.0,5.7,5.23931097541651,29.97179329262495
4852,32.7,29.42599868774414,80.0,0.0,20.5,5.8,23.75130366183571,39.82539109855072
4853,37.9,29.42599868774414,80.0,0.0,21.0,6.1,5.300678337149199,39.490203501144755
4854,29.9,29.42599868774414,80.0,0.0,20.9,6.2,10.076923830600215,32.92307714918006
4855,22.4,29.42599868774414,80.0,0.0,20.4,6.3,25.769324724015085,30.130797417204523
4856,37.3,29.42599868774414,80.0,0.0,19.9,5.9,12.412928565351145,41.023878569605344
4857,20.9,29.42599868774414,80.0,0.0,20.8,6.0,23.84203677942757,28.05261103382827
4858,34.8,29.42599868774414,80.0,0.0,19.1,6.1,12.86230863440101,38.6586925903203
4859,19.6,29.42599868774414,80.0,0.0,20.8,5.7,6.40698034904638,21.522094104713915
4860,30.3,30.72599983215332,73.0,0.0,19.8,6.3,24.75917596072886,37.72775278821866
4861,32.4,30.72599983215332,73.0,0.0,20.9,5.9,22.41537123747239,39.12461137124171
4862,20.2,30.72599983215332,73.0,0.0,19.2,5.8,9.006408687000024,22.901922606100005
4863,33.8,30.72599983215332,73.0,0.0,19.5,5.7,23.027067764847235,40.70812032945417
4864,30.4,30.72599983215332,73.0,0.0,20.4,6.0,11.448834872769883,33.83465046183096
4865,28.0,30.72599983215332,73.0,0.0,20.8,6.3,13.718855647551493,32.115656694265446
4866,16.1,30.72599983215332,73.0,0.0,20.4,6.4,24.259589374578713,23.377876812373614
4867,38.9,30.72599983215332,73.0,0.0,20.6,5.9,7.992845281169343,41.297853584350804
4868,33.3,30.72599983215332,73.0,0.0,21.0,5.5,18.65648702119516,38.89694610635855
4869,39.7,30.72599983215332,73.0,0.0,20.3,6.0,6.873788373521282,41.76213651205639
4870,33.4,30.72599983215332,73.0,0.0,19.7,5.6,5.437022380554633,35.03110671416639
4871,39.1,30.72599983215332,73.0,0.0,21.0,5.6,20.726346706533796,45.31790401196014
4872,38.2,30.72599983215332,73.0,0.0,19.8,5.6,5.097199460483341,39.72915983814501
4873,29.6,30.72599983215332,73.0,0.0,19.1,5.6,13.368105034781543,33.610431510434466
4874,38.7,30.72599983215332,73.0,0.0,19.7,6.5,12.84861281678918,42.55458384503676
4875,32.2,30.72599983215332,73.0,0.0,20.7,5.7,26.540442612278202,40.16213278368346
4876,18.4,30.72599983215332,73.0,0.0,20.4,5.6,13.253260397601514,22.375978119280454
4877,18.9,30.72599983215332,73.0,0.0,19.4,5.9,27.399711257218026,27.119913377165407
4878,24.7,30.72599983215332,73.0,0.0,19.4,5.8,29.380871943185742,33.514261582955726
4879,23.4,30.72599983215332,73.0,0.0,20.6,6.4,15.451137137533943,28.035341141260183
4880,36.3,30.72599983215332,73.0,0.0,19.3,6.1,12.398679811837553,40.01960394355126
4881,36.4,30.72599983215332,73.0,0.0,19.4,6.2,7.9131849910760845,38.773955497322824
4882,23.7,30.72599983215332,73.0,0.0,20.3,5.8,20.71092629308676,29.91327788792603
4883,23.5,30.72599983215332,73.0,0.0,20.2,6.1,10.557657888442964,26.66729736653289
4884,20.9,30.72599983215332,73.0,0.0,19.4,5.8,24.63846994576515,28.291540983729544
4885,30.2,30.72599983215332,73.0,0.0,19.6,5.8,29.38297718264277,39.01489315479283
4886,32.7,30.72599983215332,73.0,0.0,20.1,5.7,13.27577445371961,36.68273233611588
4887,27.2,30.72599983215332,73.0,0.0,20.3,6.2,14.916043224371073,31.674812967311322
4888,39.1,30.72599983215332,73.0,0.0,19.5,5.6,17.83623091697885,44.45086927509366
4889,28.7,30.72599983215332,73.0,0.0,19.5,6.3,29.164325021114617,37.44929750633438
4890,16.0,30.72599983215332,73.0,0.0,20.0,6.2,16.900831950438896,21.07024958513167
4891,18.9,30.72599983215332,73.0,0.0,20.2,5.9,16.938861569618354,23.981658470885506
4892,32.4,30.72599983215332,73.0,0.0,20.5,5.7,16.205412463615815,37.26162373908474
4893,28.4,30.72599983215332,73.0,0.0,20.6,6.1,24.80972044722736,35.842916134168206
4894,32.1,30.72599983215332,73.0,0.0,20.2,5.9,13.940125271173157,36.28203758135195
4895,39.1,30.72599983215332,73.0,0.0,20.0,6.3,22.905581926085077,45.971674577825524
4896,30.4,30.72599983215332,73.0,0.0,19.0,5.5,7.3520762489941305,32.60562287469824
4897,25.1,30.72599983215332,73.0,0.0,20.0,6.0,14.970833712671737,29.59125011380152
4898,27.2,30.72599983215332,73.0,0.0,20.5,5.8,13.527573190405263,31.25827195712158
4899,18.6,30.72599983215332,73.0,0.0,21.0,6.4,20.50060956614873,24.750182869844622
4900,36.0,30.72599983215332,73.0,0.0,19.9,6.4,15.483334286316119,40.64500028589484
4901,37.8,30.72599983215332,73.0,0.0,20.5,6.4,16.191771494598047,42.65753144837941
4902,27.1,30.72599983215332,73.0,0.0,19.7,5.8,10.032953699947026,30.10988610998411
4903,33.6,30.72599983215332,73.0,0.0,19.7,5.8,15.810640380495547,38.343192114148664
4904,25.7,30.72599983215332,73.0,0.0,19.1,5.7,17.5460436869499,30.96381310608497
4905,27.6,30.72599983215332,73.0,0.0,20.8,5.7,13.719429690596868,31.715828907179063
4906,39.8,30.72599983215332,73.0,0.0,19.7,6.5,10.33556012940396,42.90066803882119
4907,25.1,30.72599983215332,73.0,0.0,20.8,6.1,14.507353888771405,29.452206166631424
4908,39.5,30.72599983215332,73.0,0.0,19.4,5.8,7.878266513782171,41.863479954134654
4909,38.9,30.72599983215332,73.0,0.0,19.7,5.7,11.365819631308009,42.3097458893924
4910,30.2,30.72599983215332,73.0,0.0,20.5,5.5,17.532913000592824,35.45987390017785
4911,31.1,30.72599983215332,73.0,0.0,19.8,5.6,13.114336272731325,35.0343008818194
4912,34.3,30.72599983215332,73.0,0.0,19.6,6.4,7.862460153287944,36.65873804598638
4913,33.7,30.72599983215332,73.0,0.0,20.5,6.0,11.038108661115718,37.01143259833472
4914,24.5,30.72599983215332,73.0,0.0,19.5,6.3,27.043546648826833,32.61306399464805
4915,24.6,30.72599983215332,73.0,0.0,19.7,5.9,29.561331116615424,33.468399334984625
4916,34.9,30.72599983215332,73.0,0.0,19.0,5.5,29.936607900197114,43.88098237005913
4917,38.7,30.72599983215332,73.0,0.0,20.0,5.9,6.1495120475850245,40.54485361427551
4918,39.2,30.72599983215332,73.0,0.0,20.2,6.1,14.80590382919076,43.64177114875723
4919,32.5,30.72599983215332,73.0,0.0,20.7,6.5,25.161272102782693,40.04838163083481
4920,22.2,31.92599868774414,66.0,0.0,19.9,6.4,9.235783234355491,24.970734970306648
4921,35.2,31.92599868774414,66.0,0.0,21.0,5.6,20.88371451040188,41.46511435312057
4922,35.2,31.92599868774414,66.0,0.0,19.5,5.9,10.544887611706368,38.36346628351191
4923,24.9,31.92599868774414,66.0,0.0,19.9,6.1,10.217630141758983,27.965289042527694
4924,21.3,31.92599868774414,66.0,0.0,20.2,5.7,28.531082160166253,29.859324648049878
4925,33.7,31.92599868774414,66.0,0.0,20.7,6.1,24.63583002767492,41.09074900830248
4926,34.1,31.92599868774414,66.0,0.0,19.6,6.0,14.132589391386675,38.339776817416
4927,20.3,31.92599868774414,66.0,0.0,20.2,6.4,17.382156890472068,25.51464706714162
4928,15.7,31.92599868774414,66.0,0.0,19.4,6.2,21.769359663789114,22.230807899136735
4929,34.5,31.92599868774414,66.0,0.0,19.6,5.8,15.594803301995231,39.17844099059857
4930,24.1,31.92599868774414,66.0,0.0,19.6,6.5,6.07382624009322,25.922147872027967
4931,38.0,31.92599868774414,66.0,0.0,20.7,5.6,10.322643442891403,41.096793032867424
4932,15.6,31.92599868774414,66.0,0.0,19.3,5.7,8.19004705716878,18.057014117150633
4933,25.6,31.92599868774414,66.0,0.0,20.3,5.9,7.79763891242043,27.93929167372613
4934,23.1,31.92599868774414,66.0,0.0,20.6,6.5,5.626153593009226,24.78784607790277
4935,23.5,31.92599868774414,66.0,0.0,20.6,6.3,5.0660283779942645,25.019808513398278
4936,37.1,31.92599868774414,66.0,0.0,20.3,6.2,25.226342287822725,44.66790268634682
4937,34.0,31.92599868774414,66.0,0.0,20.4,6.0,26.080612850923085,41.82418385527693
4938,29.3,31.92599868774414,66.0,0.0,20.1,6.4,23.306407306947367,36.29192219208421
4939,34.1,31.92599868774414,66.0,0.0,19.5,5.5,22.316700036973685,40.79501001109211
4940,23.3,31.92599868774414,66.0,0.0,20.4,6.2,23.527021098105326,30.3581063294316
4941,30.0,31.92599868774414,66.0,0.0,20.3,5.9,10.312242460371284,33.09367273811139
4942,29.5,31.92599868774414,66.0,0.0,20.7,6.0,25.221705415494878,37.06651162464846
4943,32.8,31.92599868774414,66.0,0.0,20.1,5.7,24.551058503513875,40.16531755105416
4944,22.8,31.92599868774414,66.0,0.0,20.5,6.3,20.001181469012717,28.800354440703817
4945,16.4,31.92599868774414,66.0,0.0,19.9,5.8,17.24103438573696,21.572310315721086
4946,15.6,31.92599868774414,66.0,0.0,20.6,5.8,13.856491784368794,19.756947535310637
4947,30.9,31.92599868774414,66.0,0.0,19.1,6.0,13.895585306295512,35.06867559188865
4948,40.0,31.92599868774414,66.0,0.0,20.7,6.3,20.556691722479577,46.16700751674387
4949,16.2,31.92599868774414,66.0,0.0,20.8,5.8,27.07462180413789,24.322386541241364
4950,21.0,31.92599868774414,66.0,0.0,20.4,6.0,28.944269642191244,29.683280892657372
4951,21.7,31.92599868774414,66.0,0.0,20.5,5.9,16.757127595314707,26.72713827859441
4952,16.4,31.92599868774414,66.0,0.0,19.5,6.5,24.610142904322075,23.783042871296622
4953,30.6,31.92599868774414,66.0,0.0,19.2,6.0,27.970562910268086,38.991168873080426
4954,16.9,31.92599868774414,66.0,0.0,19.4,6.4,27.69381921451141,25.20814576435342
4955,17.6,31.92599868774414,66.0,0.0,19.3,5.9,11.383829885218494,21.01514896556555
4956,39.0,31.92599868774414,66.0,0.0,19.1,5.5,25.470654056254016,46.6411962168762
4957,20.3,31.92599868774414,66.0,0.0,19.3,6.1,16.706391894699074,25.311917568409722
4958,32.5,31.92599868774414,66.0,0.0,20.5,5.9,11.68113076726624,36.00433923017987
4959,17.7,31.92599868774414,66.0,0.0,19.7,6.0,5.946545836178572,19.483963750853572
4960,20.3,31.92599868774414,66.0,0.0,20.6,5.6,27.07814890964571,28.423444672893712
4961,35.0,31.92599868774414,66.0,0.0,20.1,6.3,20.250249212121318,41.075074763636394
4962,18.6,31.92599868774414,66.0,0.0,20.5,5.6,27.39841176622996,26.819523529868988
4963,15.3,31.92599868774414,66.0,0.0,19.2,6.4,11.148801360529266,18.64464040815878
4964,35.8,31.92599868774414,66.0,0.0,19.4,5.9,6.771769853083782,37.83153095592513
4965,19.4,31.92599868774414,66.0,0.0,19.3,5.7,13.787655888421316,23.536296766526394
4966,37.2,31.92599868774414,66.0,0.0,20.9,6.4,19.526532634710122,43.05795979041304
4967,19.1,31.92599868774414,66.0,0.0,20.4,5.7,7.993240222604845,21.497972066781454
4968,22.6,31.92599868774414,66.0,0.0,20.7,5.5,27.38489977393904,30.815469932181713
4969,28.7,31.92599868774414,66.0,0.0,19.9,6.0,12.9620488325612,32.58861464976836
4970,34.4,31.92599868774414,66.0,0.0,19.5,6.1,18.547974059102934,39.964392217730875
4971,30.9,31.92599868774414,66.0,0.0,20.5,5.8,13.360026543613705,34.90800796308411
4972,28.4,31.92599868774414,66.0,0.0,19.5,5.7,23.602791166640085,35.48083734999202
4973,18.1,31.92599868774414,66.0,0.0,19.4,6.1,19.06959797452057,23.820879392356172
4974,31.4,31.92599868774414,66.0,0.0,20.2,5.8,7.459417641096865,33.637825292329055
4975,28.2,31.92599868774414,66.0,0.0,20.9,6.0,11.115095589709718,31.534528676912913
4976,35.2,31.92599868774414,66.0,0.0,19.7,5.9,27.400407713711775,43.420122314113534
4977,37.3,31.92599868774414,66.0,0.0,19.3,6.4,29.75585095445794,46.22675528633738
4978,31.1,31.92599868774414,66.0,0.0,20.6,5.7,14.29596514615199,35.3887895438456
4979,29.3,31.92599868774414,66.0,0.0,20.9,6.1,15.383007996935737,33.914902399080724
4980,22.4,32.875999450683594,62.0,0.0,20.7,6.5,24.56875617579317,29.770626852737948
4981,22.1,32.875999450683594,62.0,0.0,20.9,6.5,27.29790727132741,30.289372181398225
4982,21.1,32.875999450683594,62.0,0.0,19.3,5.7,10.08564050386741,24.125692151160223
4983,34.7,32.875999450683594,62.0,0.0,19.4,6.0,12.714147591017284,38.51424427730519
4984,30.5,32.875999450683594,62.0,0.0,20.2,5.5,16.238213022425327,35.3714639067276
4985,36.4,32.875999450683594,62.0,0.0,20.3,5.9,6.0261989454248415,38.207859683627454
4986,23.0,32.875999450683594,62.0,0.0,19.3,6.3,27.363277863531827,31.20898335905955
4987,21.3,32.875999450683594,62.0,0.0,19.9,5.9,15.427381987973497,25.92821459639205
4988,28.4,32.875999450683594,62.0,0.0,20.0,5.6,15.874004957329788,33.162201487198935
4989,19.8,32.875999450683594,62.0,0.0,20.1,5.7,17.916469576456272,25.174940872936883
4990,21.6,32.875999450683594,62.0,0.0,19.5,6.0,23.84853292954375,28.754559878863127
4991,38.5,32.875999450683594,62.0,0.0,19.4,6.2,27.17482860231946,46.65244858069584
4992,27.3,32.875999450683594,62.0,0.0,19.7,6.3,17.651957802168802,32.59558734065064
4993,16.7,32.875999450683594,62.0,0.0,20.0,6.1,8.866590774774433,19.35997723243233
4994,27.0,32.875999450683594,62.0,0.0,19.7,5.9,24.511296538242263,34.353388961472675
4995,16.2,32.875999450683594,62.0,0.0,20.6,6.3,13.442555359552154,20.232766607865646
4996,39.2,32.875999450683594,62.0,0.0,19.6,6.3,21.576598745139194,45.672979623541764
4997,31.0,32.875999450683594,62.0,0.0,19.6,6.1,12.148036572421423,34.64441097172643
4998,15.3,32.875999450683594,62.0,0.0,20.9,5.6,14.776351918128764,19.73290557543863
4999,31.4,32.875999450683594,62.0,0.0,20.5,6.2,11.69847545952205,34.90954263785662
5000,27.4,32.875999450683594,62.0,0.0,19.4,6.3,27.32903714376702,35.5987111431301
5001,31.4,32.875999450683594,62.0,0.0,19.7,6.0,19.474160157048416,37.24224804711452
5002,37.5,32.875999450683594,62.0,0.0,20.1,6.3,16.21374935893875,42.36412480768163
5003,29.6,32.875999450683594,62.0,0.0,19.2,6.4,27.932341767628625,37.97970253028859
5004,27.7,32.875999450683594,62.0,0.0,21.0,5.5,7.084087808931207,29.82522634267936
5005,30.1,32.875999450683594,62.0,0.0,19.3,5.9,29.874694832382783,39.06240844971484
5006,28.5,32.875999450683594,62.0,0.0,20.5,6.3,26.196109940327318,36.35883298209819
5007,20.9,32.875999450683594,62.0,0.0,19.5,5.9,24.557648490339126,28.267294547101734
5008,21.4,32.875999450683594,62.0,0.0,20.4,5.9,9.327542190940564,24.198262657282168
5009,29.1,32.875999450683594,62.0,0.0,19.2,5.7,14.806144432256911,33.54184332967707
5010,36.0,32.875999450683594,62.0,0.0,19.3,6.4,16.823082482232245,41.046924744669674
5011,37.8,32.875999450683594,62.0,0.0,20.9,5.8,10.230494967655456,40.86914849029663
5012,37.1,32.875999450683594,62.0,0.0,20.6,5.8,24.61844101427915,44.485532304283744
5013,19.6,32.875999450683594,62.0,0.0,20.3,5.8,9.565415512971777,22.469624653891536
5014,29.7,32.875999450683594,62.0,0.0,20.8,6.3,23.58262315205719,36.77478694561716
5015,35.0,32.875999450683594,62.0,0.0,20.3,6.5,20.308620503529603,41.09258615105888
5016,29.8,32.875999450683594,62.0,0.0,20.8,5.7,20.74133835884686,36.02240150765406
5017,17.9,32.875999450683594,62.0,0.0,19.6,6.4,22.067438414018294,24.520231524205485
5018,31.6,32.875999450683594,62.0,0.0,19.4,6.2,20.331507228123485,37.69945216843705
5019,23.4,32.875999450683594,62.0,0.0,19.2,5.7,15.547823343420553,28.064347003026164
5020,16.5,32.875999450683594,62.0,0.0,19.8,5.6,6.5126662139470834,18.453799864184123
5021,39.7,32.875999450683594,62.0,0.0,20.9,5.8,6.273385903723787,41.58201577111714
5022,36.6,32.875999450683594,62.0,0.0,20.7,5.9,20.94598301153693,42.88379490346108
5023,35.0,32.875999450683594,62.0,0.0,20.5,6.2,27.79457911448409,43.338373734345225
5024,20.5,32.875999450683594,62.0,0.0,19.4,5.9,12.148674599089974,24.14460237972699
5025,23.8,32.875999450683594,62.0,0.0,19.6,5.6,24.76255900283823,31.22876770085147
5026,27.6,32.875999450683594,62.0,0.0,19.5,6.2,27.87762341325033,35.9632870239751
5027,34.7,32.875999450683594,62.0,0.0,20.1,6.4,21.1432639219175,41.04297917657525
5028,25.8,32.875999450683594,62.0,0.0,20.7,5.9,10.944380234259262,29.08331407027778
5029,29.4,32.875999450683594,62.0,0.0,20.6,6.0,23.66765655445743,36.50029696633723
5030,25.7,32.875999450683594,62.0,0.0,19.9,5.6,27.800799388971345,34.040239816691404
5031,31.5,32.875999450683594,62.0,0.0,19.5,6.3,10.360336993477464,34.60810109804324
5032,20.4,32.875999450683594,62.0,0.0,20.4,6.2,9.216520798275809,23.16495623948274
5033,39.1,32.875999450683594,62.0,0.0,20.6,6.1,16.94334825539994,44.183004476619985
5034,25.5,32.875999450683594,62.0,0.0,19.5,5.7,24.849690868377035,32.95490726051311
5035,35.4,32.875999450683594,62.0,0.0,20.3,6.5,21.18204502190597,41.754613506571786
5036,26.2,32.875999450683594,62.0,0.0,19.5,6.2,10.48327388036291,29.34498216410887
5037,29.4,32.875999450683594,62.0,0.0,20.4,5.9,7.72130552418719,31.716391657256157
5038,29.7,32.875999450683594,62.0,0.0,19.2,6.4,20.660245599257912,35.898073679777376
5039,33.6,32.875999450683594,62.0,0.0,19.4,6.5,28.07254788262348,42.021764364787046
5040,23.9,33.676002502441406,59.0,0.0,20.4,5.8,22.609329796881713,30.68279893906451
5041,29.9,33.676002502441406,59.0,0.0,20.0,6.0,11.212068972159917,33.26362069164797
5042,20.3,33.676002502441406,59.0,0.0,20.3,6.4,24.398435446253217,27.619530633875964
5043,17.6,33.676002502441406,59.0,0.0,20.0,5.7,9.176485569253998,20.3529456707762
5044,19.1,33.676002502441406,59.0,0.0,20.7,5.8,23.10422696858829,26.03126809057649
5045,32.7,33.676002502441406,59.0,0.0,20.6,6.3,13.979985934875648,36.893995780462696
5046,25.4,33.676002502441406,59.0,0.0,19.2,5.8,21.142916834841188,31.742875050452355
5047,37.8,33.676002502441406,59.0,0.0,19.4,5.5,24.12970713018488,45.03891213905546
5048,37.1,33.676002502441406,59.0,0.0,19.8,6.2,19.975953493999775,43.09278604819993
5049,31.2,33.676002502441406,59.0,0.0,19.0,6.1,23.674143877018718,38.302243163105615
5050,29.9,33.676002502441406,59.0,0.0,19.1,6.3,20.426926554554008,36.0280779663662
5051,28.1,33.676002502441406,59.0,0.0,19.3,6.2,11.27064413365846,31.48119324009754
5052,32.0,33.676002502441406,59.0,0.0,19.3,5.8,11.03372342417763,35.31011702725329
5053,25.4,33.676002502441406,59.0,0.0,19.1,6.2,10.721568464425115,28.616470539327533
5054,17.0,33.676002502441406,59.0,0.0,19.2,6.0,21.706644925084593,23.51199347752538
5055,28.0,33.676002502441406,59.0,0.0,20.2,5.9,12.362807703397165,31.70884231101915
5056,15.0,33.676002502441406,59.0,0.0,20.1,6.2,28.62680421396105,23.588041264188313
5057,33.6,33.676002502441406,59.0,0.0,19.8,6.1,9.77082058175882,36.531246174527645
5058,16.9,33.676002502441406,59.0,0.0,20.9,6.1,6.113620344477442,18.73408610334323
5059,22.7,33.676002502441406,59.0,0.0,19.4,6.0,15.453971548619212,27.336191464585763
5060,25.5,33.676002502441406,59.0,0.0,19.6,5.9,20.240366474172603,31.57210994225178
5061,33.9,33.676002502441406,59.0,0.0,21.0,6.1,11.890752244461837,37.46722567333855
5062,36.8,33.676002502441406,59.0,0.0,19.2,6.4,23.633335508043658,43.89000065241309
5063,27.4,33.676002502441406,59.0,0.0,19.6,5.6,11.458365766733074,30.83750973001992
5064,27.5,33.676002502441406,59.0,0.0,19.5,6.3,21.860499752749273,34.05814992582478
5065,25.6,33.676002502441406,59.0,0.0,19.2,5.7,28.602769293833916,34.180830788150175
5066,31.9,33.676002502441406,59.0,0.0,20.2,5.9,5.33962529313098,33.501887587939294
5067,24.5,33.676002502441406,59.0,0.0,21.0,6.0,29.368809533798434,33.31064286013953
5068,24.0,33.676002502441406,59.0,0.0,19.5,6.3,18.271128096532713,29.481338428959813
5069,19.2,33.676002502441406,59.0,0.0,20.2,6.2,24.99645008274393,26.69893502482318
5070,23.6,33.676002502441406,59.0,0.0,20.4,6.5,26.242806948520588,31.472842084556177
5071,17.0,33.676002502441406,59.0,0.0,20.3,6.3,12.482121550193146,20.744636465057944
5072,16.8,33.676002502441406,59.0,0.0,19.6,5.8,22.786432598656248,23.635929779596875
5073,32.0,33.676002502441406,59.0,0.0,19.7,6.0,22.060241108357545,38.61807233250726
5074,24.3,33.676002502441406,59.0,0.0,20.8,5.7,23.760998953676573,31.428299686102974
5075,34.9,33.676002502441406,59.0,0.0,20.8,5.7,10.287681083748634,37.986304325124586
5076,30.2,33.676002502441406,59.0,0.0,20.7,5.7,22.90971655985475,37.07291496795642
5077,16.4,33.676002502441406,59.0,0.0,20.2,6.1,19.35455665869335,22.206366997608004
5078,33.0,33.676002502441406,59.0,0.0,20.0,6.4,7.4111726578822905,35.223351797364685
5079,27.5,33.676002502441406,59.0,0.0,19.2,5.9,18.311412047909105,32.99342361437273
5080,29.0,33.676002502441406,59.0,0.0,19.6,6.2,7.523928694693484,31.257178608408044
5081,32.4,33.676002502441406,59.0,0.0,20.4,5.7,12.127869105642482,36.03836073169274
5082,26.1,33.676002502441406,59.0,0.0,19.7,6.2,11.74564778111559,29.62369433433468
5083,23.8,33.676002502441406,59.0,0.0,19.4,5.9,10.714060662762773,27.014218198828832
5084,24.2,33.676002502441406,59.0,0.0,20.7,5.7,19.54800351978187,30.06440105593456
5085,30.4,33.676002502441406,59.0,0.0,19.6,5.6,10.352408741788281,33.50572262253648
5086,36.1,33.676002502441406,59.0,0.0,19.8,6.0,18.120367077623893,41.536110123287166
5087,25.8,33.676002502441406,59.0,0.0,19.9,6.2,11.928986153003638,29.378695845901092
5088,27.5,33.676002502441406,59.0,0.0,19.3,5.7,20.759720007127363,33.72791600213821
5089,29.1,33.676002502441406,59.0,0.0,19.7,6.4,14.21323156905679,33.36396947071704
5090,15.3,33.676002502441406,59.0,0.0,19.0,5.7,10.404390002938257,18.421317000881476
5091,29.4,33.676002502441406,59.0,0.0,20.1,5.6,15.361503673391434,34.00845110201743
5092,34.6,33.676002502441406,59.0,0.0,19.3,5.8,5.365119737009429,36.20953592110283
5093,26.6,33.676002502441406,59.0,0.0,20.0,5.7,12.145923611494506,30.243777083448354
5094,31.5,33.676002502441406,59.0,0.0,20.2,5.8,13.78760535338419,35.63628160601526
5095,23.7,33.676002502441406,59.0,0.0,20.1,5.6,13.818433182467794,27.845529954740336
5096,24.5,33.676002502441406,59.0,0.0,19.9,5.5,6.193166196190932,26.35794985885728
5097,33.4,33.676002502441406,59.0,0.0,20.6,6.1,16.12889005704389,38.238667017113166
5098,34.7,33.676002502441406,59.0,0.0,19.4,6.0,19.473311392432453,40.54199341772974
5099,26.4,33.676002502441406,59.0,0.0,20.2,5.7,22.558888453369683,33.167666536010906
5100,23.6,34.22600173950195,56.0,0.0,19.0,5.6,21.400569202904173,30.020170760871252
5101,23.2,34.22600173950195,56.0,0.0,20.3,6.3,19.33966509974765,29.001899529924295
5102,35.3,34.22600173950195,56.0,0.0,19.3,6.5,12.183232926625127,38.95496987798754
5103,28.7,34.22600173950195,56.0,0.0,19.6,5.6,25.27949500882852,36.28384850264855
5104,25.3,34.22600173950195,56.0,0.0,20.9,6.1,29.19189589531747,34.05756876859524
5105,16.3,34.22600173950195,56.0,0.0,19.5,6.0,6.036922020373632,18.11107660611209
5106,34.5,34.22600173950195,56.0,0.0,20.7,5.7,11.793049659836836,38.03791489795105
5107,39.7,34.22600173950195,56.0,0.0,19.3,6.3,7.300987647001349,41.89029629410041
5108,17.1,34.22600173950195,56.0,0.0,19.4,6.3,14.278517949901588,21.383555384970478
5109,31.2,34.22600173950195,56.0,0.0,20.2,5.9,10.722761376989965,34.41682841309699
5110,16.6,34.22600173950195,56.0,0.0,20.6,6.4,10.61595802702121,19.784787408106364
5111,30.9,34.22600173950195,56.0,0.0,20.4,6.1,6.187331175157524,32.756199352547256
5112,31.3,34.22600173950195,56.0,0.0,19.5,6.2,18.082936523237777,36.72488095697133
5113,31.3,34.22600173950195,56.0,0.0,20.2,5.5,20.4781000397365,37.44343001192095
5114,24.1,34.22600173950195,56.0,0.0,19.8,5.7,23.260558157119327,31.078167447135797
5115,26.2,34.22600173950195,56.0,0.0,19.3,5.5,15.506864250820064,30.85205927524602
5116,38.0,34.22600173950195,56.0,0.0,20.4,5.8,26.210420900907355,45.863126270272204
5117,19.0,34.22600173950195,56.0,0.0,20.8,5.7,24.811741246063423,26.44352237381903
5118,32.9,34.22600173950195,56.0,0.0,19.1,6.1,12.02076566189373,36.50622969856812
5119,23.2,34.22600173950195,56.0,0.0,20.8,6.2,9.79164117509061,26.137492352527183
5120,34.9,34.22600173950195,56.0,0.0,20.5,5.6,24.17500327625722,42.152500982877164
5121,20.2,34.22600173950195,56.0,0.0,19.5,5.8,28.230660461146037,28.66919813834381
5122,21.7,34.22600173950195,56.0,0.0,19.2,5.6,8.575628714954963,24.272688614486487
5123,18.5,34.22600173950195,56.0,0.0,20.1,6.3,28.01241032655766,26.903723097967298
5124,35.1,34.22600173950195,56.0,0.0,19.3,5.9,5.063118210180782,36.618935463054235
5125,37.1,34.22600173950195,56.0,0.0,19.8,5.7,5.509179012178423,38.752753703653525
5126,33.6,34.22600173950195,56.0,0.0,20.0,5.5,5.961045981285075,35.388313794385525
5127,18.6,34.22600173950195,56.0,0.0,19.4,5.6,5.300760576125553,20.190228172837667
5128,37.5,34.22600173950195,56.0,0.0,19.8,5.8,12.918814114046885,41.375644234214064
5129,16.1,34.22600173950195,56.0,0.0,20.4,6.2,22.194907179140902,22.75847215374227
5130,39.1,34.22600173950195,56.0,0.0,20.1,5.8,28.190094585992973,47.55702837579789
5131,28.5,34.22600173950195,56.0,0.0,19.4,6.1,6.602737435918977,30.480821230775692
5132,24.8,34.22600173950195,56.0,0.0,20.7,6.2,20.545257527510586,30.963577258253174
5133,36.3,34.22600173950195,56.0,0.0,19.2,5.5,28.316857173319033,44.79505715199571
5134,16.7,34.22600173950195,56.0,0.0,19.9,6.4,11.156841368299908,20.04705241048997
5135,28.2,34.22600173950195,56.0,0.0,20.1,5.6,16.03889748913402,33.011669246740205
5136,39.4,34.22600173950195,56.0,0.0,20.8,5.6,13.475271525111868,43.44258145753356
5137,31.3,34.22600173950195,56.0,0.0,19.7,5.8,24.776323797191743,38.73289713915752
5138,29.1,34.22600173950195,56.0,0.0,19.9,5.8,24.980305230300992,36.594091569090295
5139,23.0,34.22600173950195,56.0,0.0,20.9,6.0,11.298809031409185,26.389642709422755
5140,27.7,34.22600173950195,56.0,0.0,19.8,5.8,23.717914595521044,34.815374378656315
5141,32.8,34.22600173950195,56.0,0.0,19.9,6.3,7.256075741056426,34.976822722316925
5142,30.5,34.22600173950195,56.0,0.0,19.2,5.9,13.296260936820286,34.488878281046084
5143,16.7,34.22600173950195,56.0,0.0,20.4,5.8,9.83283506599836,19.649850519799507
5144,16.0,34.22600173950195,56.0,0.0,19.6,5.7,12.678744289986032,19.80362328699581
5145,25.0,34.22600173950195,56.0,0.0,19.2,6.1,12.993978859982729,28.898193657994817
5146,30.6,34.22600173950195,56.0,0.0,19.2,6.2,9.909315869460073,33.57279476083802
5147,22.5,34.22600173950195,56.0,0.0,20.5,6.0,8.948692531543422,25.184607759463027
5148,23.9,34.22600173950195,56.0,0.0,20.0,5.9,15.182570262891849,28.45477107886755
5149,15.8,34.22600173950195,56.0,0.0,19.9,6.0,22.901939554601196,22.67058186638036
5150,28.1,34.22600173950195,56.0,0.0,20.0,5.5,28.348318637535804,36.60449559126074
5151,22.0,34.22600173950195,56.0,0.0,20.1,5.9,6.751241893257735,24.02537256797732
5152,22.2,34.22600173950195,56.0,0.0,20.0,5.6,18.856727059239745,27.857018117771922
5153,29.0,34.22600173950195,56.0,0.0,20.4,5.8,11.091617805755353,32.32748534172661
5154,27.0,34.22600173950195,56.0,0.0,19.5,5.7,24.87335028608675,34.46200508582602
5155,38.7,34.22600173950195,56.0,0.0,20.4,6.3,20.556516178390442,44.866954853517136
5156,17.2,34.22600173950195,56.0,0.0,19.7,6.2,8.286736289407521,19.686020886822256
5157,36.4,34.22600173950195,56.0,0.0,19.9,5.7,13.669978405455286,40.50099352163659
5158,24.9,34.22600173950195,56.0,0.0,20.6,6.2,12.905510510700115,28.771653153210032
5159,38.5,34.22600173950195,56.0,0.0,19.7,6.4,19.976727565674615,44.49301826970238
5160,26.7,34.676002502441406,53.0,0.0,20.8,6.4,14.014605624128016,30.904381687238406
5161,23.4,34.676002502441406,53.0,0.0,19.2,6.4,20.346373084989526,29.50391192549686
5162,20.1,34.676002502441406,53.0,0.0,20.6,6.1,23.41220037168346,27.12366011150504
5163,22.5,34.676002502441406,53.0,0.0,19.1,5.9,26.633121286574422,30.489936385972328
5164,25.6,34.676002502441406,53.0,0.0,20.3,5.7,25.10547042590449,33.131641127771346
5165,33.0,34.676002502441406,53.0,0.0,20.7,5.9,28.809522807726875,41.64285684231806
5166,36.0,34.676002502441406,53.0,0.0,20.5,6.0,19.132036224959904,41.73961086748797
5167,18.5,34.676002502441406,53.0,0.0,19.2,5.8,7.517372602002821,20.755211780600845
5168,35.6,34.676002502441406,53.0,0.0,20.5,6.5,6.0026262596215645,37.40078787788647
5169,26.3,34.676002502441406,53.0,0.0,20.9,6.2,27.149357833116667,34.444807349935004
5170,18.9,34.676002502441406,53.0,0.0,20.7,6.2,23.12671723903866,25.838015171711596
5171,23.5,34.676002502441406,53.0,0.0,19.1,5.9,13.243293702847465,27.47298811085424
5172,36.7,34.676002502441406,53.0,0.0,21.0,6.3,22.05177168909236,43.31553150672771
5173,31.0,34.676002502441406,53.0,0.0,19.6,5.8,29.32565769898771,39.79769730969631
5174,28.2,34.676002502441406,53.0,0.0,19.9,6.2,18.73441461412095,33.82032438423629
5175,32.9,34.676002502441406,53.0,0.0,19.7,5.8,5.40852558385632,34.5225576751569
5176,38.6,34.676002502441406,53.0,0.0,19.9,5.8,26.335321114583042,46.50059633437491
5177,26.9,34.676002502441406,53.0,0.0,20.0,5.9,8.013022763451858,29.303906829035554
5178,15.4,34.676002502441406,53.0,0.0,19.3,6.3,8.436786361017294,17.931035908305187
5179,24.1,34.676002502441406,53.0,0.0,20.9,6.2,29.93163997012003,33.07949199103601
5180,28.1,34.676002502441406,53.0,0.0,19.1,6.4,25.40054182178979,35.72016254653694
5181,28.7,34.676002502441406,53.0,0.0,20.6,6.1,27.247660225554192,36.87429806766626
5182,17.6,34.676002502441406,53.0,0.0,20.0,5.6,28.426598122410763,26.12797943672323
5183,24.7,34.676002502441406,53.0,0.0,20.4,5.6,23.95820758365837,31.887462275097512
5184,17.3,34.676002502441406,53.0,0.0,19.9,6.3,18.76823926003791,22.930471778011373
5185,31.0,34.676002502441406,53.0,0.0,19.5,5.9,20.19486384843978,37.05845915453193
5186,25.8,34.676002502441406,53.0,0.0,20.7,6.3,9.766820881995628,28.730046264598688
5187,28.1,34.676002502441406,53.0,0.0,19.7,5.7,16.310790104887353,32.99323703146621
5188,27.4,34.676002502441406,53.0,0.0,20.3,6.0,9.950564898652704,30.38516946959581
5189,22.0,34.676002502441406,53.0,0.0,19.3,6.4,18.554560844211586,27.566368253263477
5190,34.0,34.676002502441406,53.0,0.0,19.4,6.2,13.738550107783366,38.12156503233501
5191,39.6,34.676002502441406,53.0,0.0,20.1,5.6,13.742896467996633,43.72286894039899
5192,21.1,34.676002502441406,53.0,0.0,20.7,5.7,6.262824027637965,22.97884720829139
5193,24.3,34.676002502441406,53.0,0.0,20.6,6.4,6.878050250490307,26.363415075147092
5194,27.0,34.676002502441406,53.0,0.0,19.3,5.9,14.28413022487932,31.285239067463795
5195,23.7,34.676002502441406,53.0,0.0,19.0,5.7,21.87866586586672,30.263599759760016
5196,15.9,34.676002502441406,53.0,0.0,19.3,6.4,28.592728163587644,24.477818449076295
5197,25.7,34.676002502441406,53.0,0.0,19.5,5.8,27.2525297251052,33.875758917531556
5198,30.1,34.676002502441406,53.0,0.0,20.8,6.0,26.977234395666226,38.19317031869987
5199,30.9,34.676002502441406,53.0,0.0,20.4,5.9,20.473980263934322,37.0421940791803
5200,36.3,34.676002502441406,53.0,0.0,19.3,6.1,10.540411074613763,39.46212332238412
5201,27.7,34.676002502441406,53.0,0.0,19.6,6.3,18.868646035433347,33.36059381063
5202,16.0,34.676002502441406,53.0,0.0,19.8,6.2,11.308306926872392,19.392492078061718
5203,29.6,34.676002502441406,53.0,0.0,19.4,6.5,24.442724451931735,36.93281733557952
5204,28.0,34.676002502441406,53.0,0.0,21.0,5.5,17.629414226412884,33.288824267923864
5205,20.1,34.676002502441406,53.0,0.0,19.4,6.1,14.502934917662238,24.45088047529867
5206,22.0,34.676002502441406,53.0,0.0,20.4,5.6,18.265963314941082,27.479788994482323
5207,30.0,34.676002502441406,53.0,0.0,19.2,6.0,11.50014350371383,33.45004305111415
5208,33.8,34.676002502441406,53.0,0.0,19.3,5.8,17.842706198017737,39.15281185940532
5209,28.6,34.676002502441406,53.0,0.0,20.7,6.3,29.315342232698008,37.3946026698094
5210,29.0,34.676002502441406,53.0,0.0,20.4,6.1,22.24848472641491,35.67454541792447
5211,35.5,34.676002502441406,53.0,0.0,20.0,6.1,27.4283896148976,43.72851688446928
5212,39.3,34.676002502441406,53.0,0.0,19.6,5.8,11.415243456598159,42.72457303697944
5213,18.5,34.676002502441406,53.0,0.0,20.5,5.8,16.83318450997622,23.549955352992868
5214,21.0,34.676002502441406,53.0,0.0,19.4,5.9,26.862324524075717,29.058697357222712
5215,37.1,34.676002502441406,53.0,0.0,20.3,6.3,27.16466105513591,45.24939831654078
5216,30.7,34.676002502441406,53.0,0.0,20.5,6.5,27.969560304085164,39.090868091225545
5217,25.0,34.676002502441406,53.0,0.0,19.7,6.2,14.71196760500035,29.413590281500106
5218,30.1,34.676002502441406,53.0,0.0,20.7,5.9,27.15214131759088,38.245642395277265
5219,19.9,34.676002502441406,53.0,0.0,20.4,5.8,12.7227216663255,23.716816499897647
5220,19.5,34.926002502441406,51.0,0.0,20.7,5.6,18.080007937542135,24.92400238126264
5221,32.5,34.926002502441406,51.0,0.0,20.1,6.2,20.25433638018848,38.576300914056546
5222,27.4,34.926002502441406,51.0,0.0,20.3,6.0,10.088885518854156,30.426665655656244
5223,35.3,34.926002502441406,51.0,0.0,20.6,6.4,15.601798895588491,39.98053966867654
5224,39.7,34.926002502441406,51.0,0.0,19.9,6.2,16.436583132819308,44.63097493984579
5225,19.7,34.926002502441406,51.0,0.0,19.1,6.1,23.934101393948907,26.88023041818467
5226,16.0,34.926002502441406,51.0,0.0,19.1,5.9,19.266079985918445,21.779823995775534
5227,35.2,34.926002502441406,51.0,0.0,19.2,5.6,24.0107251001092,42.40321753003276
5228,33.6,34.926002502441406,51.0,0.0,19.1,5.8,29.39532153373596,42.41859646012079
5229,21.8,34.926002502441406,51.0,0.0,20.8,6.4,25.43577315547719,29.430731946643157
5230,33.2,34.926002502441406,51.0,0.0,20.3,6.2,23.046019285508844,40.11380578565266
5231,39.5,34.926002502441406,51.0,0.0,19.3,6.3,6.206568869234193,41.36197066077026
5232,38.9,34.926002502441406,51.0,0.0,19.6,6.4,21.892779666676823,45.46783390000304
5233,18.7,34.926002502441406,51.0,0.0,20.3,6.1,27.082908090923677,26.8248724272771
5234,15.4,34.926002502441406,51.0,0.0,20.9,5.6,18.14978458976415,20.844935376929243
5235,20.3,34.926002502441406,51.0,0.0,20.2,5.6,9.529013423466328,23.1587040270399
5236,16.5,34.926002502441406,51.0,0.0,20.2,6.5,16.895283783748948,21.568585135124685
5237,27.6,34.926002502441406,51.0,0.0,20.7,6.1,23.046664749975626,34.51399942499269
5238,30.3,34.926002502441406,51.0,0.0,19.3,5.6,25.011294494625535,37.803388348387664
5239,32.1,34.926002502441406,51.0,0.0,20.4,6.4,17.93327403214831,37.4799822096445
5240,32.1,34.926002502441406,51.0,0.0,20.7,5.5,27.371463841972748,40.311439152591824
5241,24.8,34.926002502441406,51.0,0.0,19.5,5.7,14.067885466587395,29.02036563997622
5242,39.2,34.926002502441406,51.0,0.0,20.6,5.7,23.96105339974904,46.388316019924716
5243,37.3,34.926002502441406,51.0,0.0,20.9,5.8,8.93721154910879,39.98116346473263
5244,34.4,34.926002502441406,51.0,0.0,19.2,6.0,14.091902087596655,38.627570626278995
5245,29.9,34.926002502441406,51.0,0.0,20.7,5.7,11.04173736010472,33.21252120803141
5246,29.7,34.926002502441406,51.0,0.0,20.8,6.2,10.40269081519968,32.8208072445599
5247,16.3,34.926002502441406,51.0,0.0,19.8,5.8,29.68381501516422,25.205144504549267
5248,32.6,34.926002502441406,51.0,0.0,20.1,6.0,24.832398138183905,40.049719441455174
5249,15.1,34.926002502441406,51.0,0.0,20.3,6.3,6.640530025882189,17.092159007764657
5250,20.4,34.926002502441406,51.0,0.0,19.3,5.6,23.682317788011055,27.504695336403316
5251,22.2,34.926002502441406,51.0,0.0,19.2,5.6,14.880916962423822,26.664275088727145
5252,30.1,34.926002502441406,51.0,0.0,19.8,6.1,16.88249429449105,35.16474828834732
5253,15.4,34.926002502441406,51.0,0.0,21.0,6.2,23.083193093700043,22.324957928110013
5254,19.6,34.926002502441406,51.0,0.0,19.8,5.7,7.920177217986625,21.97605316539599
5255,17.8,34.926002502441406,51.0,0.0,19.2,5.8,9.464313405411227,20.639294021623368
5256,36.2,34.926002502441406,51.0,0.0,19.6,6.0,20.31683711772152,42.295051135316456
5257,33.0,34.926002502441406,51.0,0.0,20.0,5.5,27.37826912090751,41.21348073627225
5258,33.5,34.926002502441406,51.0,0.0,19.9,6.1,14.570001637714935,37.87100049131448
5259,28.4,34.926002502441406,51.0,0.0,19.8,6.4,11.629329621467036,31.88879888644011
5260,20.4,34.926002502441406,51.0,0.0,20.3,5.6,27.02348128719628,28.50704438615888
5261,22.8,34.926002502441406,51.0,0.0,19.4,6.2,7.700914487172968,25.11027434615189
5262,21.1,34.926002502441406,51.0,0.0,20.1,5.9,20.90862083481766,27.3725862504453
5263,19.9,34.926002502441406,51.0,0.0,19.7,5.8,8.010358286231217,22.303107485869365
5264,32.9,34.926002502441406,51.0,0.0,20.2,5.9,27.068600136749552,41.020580041024864
5265,38.1,34.926002502441406,51.0,0.0,19.9,5.8,12.936320278947509,41.98089608368426
5266,27.2,34.926002502441406,51.0,0.0,20.9,5.9,21.617488649743283,33.68524659492299
5267,26.6,34.926002502441406,51.0,0.0,20.0,6.4,5.454988878062032,28.23649666341861
5268,16.4,34.926002502441406,51.0,0.0,20.8,5.8,7.634897147311086,18.690469144193322
5269,32.5,34.926002502441406,51.0,0.0,20.4,5.7,23.099889091688507,39.42996672750655
5270,23.1,34.926002502441406,51.0,0.0,20.9,6.5,8.427959747950501,25.62838792438515
5271,35.8,34.926002502441406,51.0,0.0,20.8,5.5,14.543260115877192,40.16297803476316
5272,25.1,34.926002502441406,51.0,0.0,20.0,6.2,13.373578380412766,29.112073514123832
5273,37.4,34.926002502441406,51.0,0.0,20.8,5.8,6.716148887868984,39.41484466636069
5274,25.6,34.926002502441406,51.0,0.0,20.5,6.0,13.077862580462492,29.52335877413875
5275,21.0,34.926002502441406,51.0,0.0,20.5,6.5,22.181801971097304,27.65454059132919
5276,19.6,34.926002502441406,51.0,0.0,19.9,5.7,25.447903726164355,27.234371117849307
5277,38.8,34.926002502441406,51.0,0.0,19.6,6.3,9.605741664904203,41.681722499471256
5278,16.6,34.926002502441406,51.0,0.0,19.1,5.7,8.83847546646173,19.25154263993852
5279,37.5,34.926002502441406,51.0,0.0,19.4,6.0,29.29741713526164,46.289225140578495
5280,27.7,34.47600173950195,52.0,0.0,20.6,6.4,12.462517578960956,31.438755273688287
5281,29.4,34.47600173950195,52.0,0.0,20.3,6.3,6.909936584697489,31.472980975409246
5282,22.5,34.47600173950195,52.0,0.0,20.2,6.3,21.995216239527103,29.09856487185813
5283,37.3,34.47600173950195,52.0,0.0,20.9,6.0,26.17529100611407,45.15258730183422
5284,23.2,34.47600173950195,52.0,0.0,20.0,6.2,29.17159648982089,31.951478946946267
5285,30.0,34.47600173950195,52.0,0.0,19.2,5.8,25.472903321032483,37.64187099630975
5286,37.2,34.47600173950195,52.0,0.0,19.3,5.7,15.673877480926656,41.902163244278
5287,30.9,34.47600173950195,52.0,0.0,20.4,6.3,7.634878823509023,33.1904636470527
5288,34.4,34.47600173950195,52.0,0.0,20.3,5.7,27.324092946438228,42.59722788393147
5289,34.4,34.47600173950195,52.0,0.0,20.3,5.8,13.481715423362047,38.444514627008616
5290,20.8,34.47600173950195,52.0,0.0,20.4,6.4,19.962700826761402,26.788810248028422
5291,38.3,34.47600173950195,52.0,0.0,20.3,6.1,13.434752799905601,42.330425839971674
5292,18.9,34.47600173950195,52.0,0.0,19.4,5.7,15.834227166236253,23.650268149870875
5293,24.0,34.47600173950195,52.0,0.0,20.8,5.8,11.946522403958948,27.583956721187683
5294,37.8,34.47600173950195,52.0,0.0,20.2,5.5,28.61520231419087,46.38456069425726
5295,29.9,34.47600173950195,52.0,0.0,20.1,5.5,26.48994887580491,37.84698466274147
5296,25.8,34.47600173950195,52.0,0.0,19.1,5.8,7.87985007224402,28.163955021673207
5297,24.4,34.47600173950195,52.0,0.0,19.9,6.4,27.63958320822251,32.691874962466756
5298,15.4,34.47600173950195,52.0,0.0,20.1,6.2,7.662069264651176,17.698620779395352
5299,29.8,34.47600173950195,52.0,0.0,19.3,6.2,13.621025091597033,33.88630752747911
5300,17.7,34.47600173950195,52.0,0.0,20.0,5.9,16.676409722957892,22.702922916887367
5301,24.5,34.47600173950195,52.0,0.0,19.6,6.5,10.08154890518782,27.524464671556345
5302,38.8,34.47600173950195,52.0,0.0,19.1,6.0,18.492654497124875,44.34779634913746
5303,16.5,34.47600173950195,52.0,0.0,20.2,5.7,5.113701570964212,18.034110471289264
5304,20.0,34.47600173950195,52.0,0.0,20.0,6.4,22.683096334925622,26.804928900477687
5305,36.6,34.47600173950195,52.0,0.0,19.5,6.5,13.959728650071131,40.78791859502134
5306,16.4,34.47600173950195,52.0,0.0,19.2,5.9,17.53784484104402,21.661353452313204
5307,39.5,34.47600173950195,52.0,0.0,19.1,5.9,18.849279828820933,45.15478394864628
5308,31.4,34.47600173950195,52.0,0.0,19.5,6.0,18.261053655155592,36.878316096546676
5309,23.7,34.47600173950195,52.0,0.0,19.1,6.2,28.94733642263561,32.38420092679068
5310,27.4,34.47600173950195,52.0,0.0,20.5,6.5,10.052948453575922,30.415884536072774
5311,24.8,34.47600173950195,52.0,0.0,19.3,5.6,22.894516264882686,31.668354879464808
5312,39.7,34.47600173950195,52.0,0.0,20.1,6.1,11.11686711299918,43.035060133899755
5313,25.4,34.47600173950195,52.0,0.0,20.4,6.2,25.03646925042445,32.91094077512733
5314,35.7,34.47600173950195,52.0,0.0,19.5,6.4,23.340492411137916,42.702147723341376
5315,19.0,34.47600173950195,52.0,0.0,20.8,5.6,11.655462098230036,22.49663862946901
5316,21.5,34.47600173950195,52.0,0.0,20.3,6.2,29.860354169229506,30.45810625076885
5317,32.4,34.47600173950195,52.0,0.0,19.2,6.4,16.722843969717566,37.41685319091527
5318,23.9,34.47600173950195,52.0,0.0,20.3,6.0,27.581202238011702,32.174360671403505
5319,22.6,34.47600173950195,52.0,0.0,20.1,5.8,15.382277013670926,27.21468310410128
5320,36.8,34.47600173950195,52.0,0.0,19.8,6.3,29.62047460513465,45.68614238154039
5321,31.2,34.47600173950195,52.0,0.0,20.8,5.8,19.067877963093196,36.92036338892796
5322,38.6,34.47600173950195,52.0,0.0,20.2,5.7,17.874954673320072,43.962486401996024
5323,29.1,34.47600173950195,52.0,0.0,19.4,6.3,20.649743364518102,35.29492300935543
5324,15.3,34.47600173950195,52.0,0.0,19.2,6.2,5.902582158218776,17.070774647465633
5325,35.7,34.47600173950195,52.0,0.0,19.3,6.2,12.963513239802396,39.58905397194072
5326,37.3,34.47600173950195,52.0,0.0,19.6,5.8,10.344879754533416,40.40346392636002
5327,39.2,34.47600173950195,52.0,0.0,19.5,6.1,7.592896067426747,41.477868820228025
5328,18.4,34.47600173950195,52.0,0.0,20.3,6.1,23.749251736095538,25.52477552082866
5329,20.3,34.47600173950195,52.0,0.0,19.6,6.4,14.388186103567628,24.61645583107029
5330,25.3,34.47600173950195,52.0,0.0,19.4,5.6,25.02011977468199,32.8060359324046
5331,29.2,34.47600173950195,52.0,0.0,20.7,5.7,14.706024451117596,33.61180733533528
5332,18.5,34.47600173950195,52.0,0.0,19.4,6.2,17.607920078087986,23.782376023426394
5333,25.2,34.47600173950195,52.0,0.0,19.3,5.9,12.541588498773777,28.962476549632132
5334,24.3,34.47600173950195,52.0,0.0,20.7,6.1,19.391188068633312,30.117356420589992
5335,25.9,34.47600173950195,52.0,0.0,20.2,6.3,6.677883369083624,27.903365010725086
5336,15.7,34.47600173950195,52.0,0.0,19.6,6.4,20.578886131128662,21.8736658393386
5337,30.4,34.47600173950195,52.0,0.0,20.7,6.1,19.654657802759786,36.29639734082794
5338,34.4,34.47600173950195,52.0,0.0,19.4,6.5,27.874925049444833,42.76247751483345
5339,16.9,34.47600173950195,52.0,0.0,19.0,6.2,15.261620194630638,21.47848605838919
5340,15.8,32.875999450683594,59.0,0.0,19.5,5.8,21.802924896391065,22.34087746891732
5341,35.9,32.875999450683594,59.0,0.0,20.3,5.5,28.895436025748083,44.568630807724425
5342,21.3,32.875999450683594,59.0,0.0,20.4,5.6,16.143296321617175,26.142988896485154
5343,18.9,32.875999450683594,59.0,0.0,20.3,5.6,20.200358671161972,24.96010760134859
5344,15.6,32.875999450683594,59.0,0.0,19.1,5.7,10.594150390178374,18.778245117053512
5345,36.4,32.875999450683594,59.0,0.0,20.2,5.8,17.51913139120474,41.65573941736142
5346,18.8,32.875999450683594,59.0,0.0,20.5,5.6,19.818803067005774,24.74564092010173
5347,23.4,32.875999450683594,59.0,0.0,21.0,6.3,28.817567757594546,32.04527032727836
5348,30.2,32.875999450683594,59.0,0.0,19.7,6.2,19.58812184267868,36.07643655280361
5349,37.5,32.875999450683594,59.0,0.0,19.9,6.5,7.0261091569943295,39.6078327470983
5350,30.9,32.875999450683594,59.0,0.0,20.5,5.8,13.460497113634869,34.93814913409046
5351,20.3,32.875999450683594,59.0,0.0,20.4,5.8,16.08475083248183,25.12542524974455
5352,17.0,32.875999450683594,59.0,0.0,19.0,6.4,18.4366806586399,22.53100419759197
5353,28.1,32.875999450683594,59.0,0.0,19.5,6.3,26.636800859371096,36.09104025781133
5354,25.7,32.875999450683594,59.0,0.0,20.9,6.3,8.578617159350788,28.273585147805235
5355,22.5,32.875999450683594,59.0,0.0,19.2,5.6,15.858453226380202,27.25753596791406
5356,27.3,32.875999450683594,59.0,0.0,20.0,6.5,29.546900623280816,36.16407018698425
5357,29.4,32.875999450683594,59.0,0.0,19.1,5.9,16.237291333865933,34.271187400159775
5358,33.7,32.875999450683594,59.0,0.0,20.6,6.0,20.141253007644654,39.7423759022934
5359,20.6,32.875999450683594,59.0,0.0,20.8,6.0,8.499269550074056,23.14978086502222
5360,38.8,32.875999450683594,59.0,0.0,19.3,6.1,9.945009738038667,41.783502921411596
5361,16.8,32.875999450683594,59.0,0.0,20.4,6.0,6.801489480968202,18.84044684429046
5362,23.6,32.875999450683594,59.0,0.0,19.9,5.9,26.63858729418448,31.591576188255345
5363,20.6,32.875999450683594,59.0,0.0,20.9,5.8,17.549955868217552,25.864986760465268
5364,23.7,32.875999450683594,59.0,0.0,19.0,6.5,27.366300954521957,31.909890286356585
5365,31.4,32.875999450683594,59.0,0.0,20.7,6.2,27.386890353212348,39.6160671059637
5366,22.6,32.875999450683594,59.0,0.0,19.1,6.5,24.620331413234364,29.98609942397031
5367,15.7,32.875999450683594,59.0,0.0,19.0,5.7,29.919382720086634,24.67581481602599
5368,31.6,32.875999450683594,59.0,0.0,20.6,6.0,17.838814700883503,36.951644410265054
5369,31.3,32.875999450683594,59.0,0.0,19.2,6.4,8.255301153688645,33.776590346106595
5370,32.6,32.875999450683594,59.0,0.0,20.7,6.1,11.210063324675405,35.96301899740262
5371,34.6,32.875999450683594,59.0,0.0,20.0,6.2,26.905553329049773,42.671665998714936
5372,30.8,32.875999450683594,59.0,0.0,19.4,5.7,27.471183801831412,39.04135514054943
5373,27.4,32.875999450683594,59.0,0.0,19.2,6.4,22.61003241568656,34.18300972470597
5374,21.4,32.875999450683594,59.0,0.0,20.7,5.6,21.912847217634038,27.97385416529021
5375,19.1,32.875999450683594,59.0,0.0,19.0,6.1,10.142441167049538,22.142732350114862
5376,37.9,32.875999450683594,59.0,0.0,19.3,6.4,12.00611674384449,41.50183502315335
5377,18.4,32.875999450683594,59.0,0.0,20.3,6.3,15.31183091297881,22.993549273893642
5378,32.3,32.875999450683594,59.0,0.0,20.8,5.7,25.121489721619113,39.83644691648573
5379,31.0,32.875999450683594,59.0,0.0,20.8,5.9,15.154681836670425,35.546404551001125
5380,16.2,32.875999450683594,59.0,0.0,19.7,5.6,20.16979970719854,22.25093991215956
5381,23.0,32.875999450683594,59.0,0.0,19.9,5.8,17.83687116666023,28.35106134999807
5382,34.0,32.875999450683594,59.0,0.0,20.3,6.0,25.562848965950767,41.66885468978523
5383,27.5,32.875999450683594,59.0,0.0,20.5,5.5,26.732199170297744,35.51965975108932
5384,19.5,32.875999450683594,59.0,0.0,19.2,6.2,16.457695825286176,24.437308747585853
5385,29.2,32.875999450683594,59.0,0.0,19.5,6.5,13.88452944821536,33.36535883446461
5386,26.5,32.875999450683594,59.0,0.0,20.0,5.7,24.38848500435008,33.81654550130502
5387,16.5,32.875999450683594,59.0,0.0,19.6,5.8,19.5035525243309,22.35106575729927
5388,34.6,32.875999450683594,59.0,0.0,20.5,5.5,26.988353121149363,42.696505936344806
5389,17.2,32.875999450683594,59.0,0.0,20.7,6.4,17.403268092329508,22.42098042769885
5390,22.8,32.875999450683594,59.0,0.0,20.5,5.8,17.297559923602115,27.989267977080637
5391,20.0,32.875999450683594,59.0,0.0,19.2,6.5,12.207437018775313,23.662231105632593
5392,22.9,32.875999450683594,59.0,0.0,20.5,5.9,28.58977536141022,31.476932608423063
5393,25.0,32.875999450683594,59.0,0.0,19.8,6.0,24.343949782736484,32.30318493482095
5394,33.2,32.875999450683594,59.0,0.0,19.9,5.9,17.910191250375505,38.573057375112654
5395,23.2,32.875999450683594,59.0,0.0,19.7,5.6,25.5271823925849,30.85815471777547
5396,20.8,32.875999450683594,59.0,0.0,20.1,5.9,29.4677872291083,29.64033616873249
5397,28.1,32.875999450683594,59.0,0.0,20.3,6.2,21.38543724624316,34.51563117387295
5398,16.8,32.875999450683594,59.0,0.0,20.3,5.8,17.546170839690895,22.06385125190727
5399,29.6,32.875999450683594,59.0,0.0,20.9,5.6,27.051055080865897,37.71531652425977
5400,36.2,30.575998306274418,70.0,0.0,19.9,6.0,16.682912253709855,41.20487367611296
5401,22.1,30.575998306274418,70.0,0.0,20.9,5.6,7.428627866150721,24.328588359845217
5402,21.2,30.575998306274418,70.0,0.0,20.5,5.5,17.36985039700424,26.41095511910127
5403,16.3,30.575998306274418,70.0,0.0,19.7,6.0,24.943120980807354,23.782936294242205
5404,23.0,30.575998306274418,70.0,0.0,20.7,6.2,8.70879197085037,25.612637591255112
5405,26.5,30.575998306274418,70.0,0.0,20.5,6.1,19.259467537748755,32.27784026132463
5406,32.4,30.575998306274418,70.0,0.0,20.8,6.4,10.599106194371643,35.57973185831149
5407,29.4,30.575998306274418,70.0,0.0,19.3,6.2,28.40464634870117,37.92139390461035
5408,39.6,30.575998306274418,70.0,0.0,19.9,5.8,17.06070575515495,44.718211726546485
5409,37.4,30.575998306274418,70.0,0.0,19.4,5.6,14.66193317940322,41.79857995382096
5410,17.5,30.575998306274418,70.0,0.0,19.0,5.6,26.511227699998393,25.45336830999952
5411,33.0,30.575998306274418,70.0,0.0,20.2,5.5,10.936060678436217,36.28081820353086
5412,37.6,30.575998306274418,70.0,0.0,19.2,6.0,20.661576267080754,43.79847288012423
5413,30.0,30.575998306274418,70.0,0.0,20.6,6.3,10.885111677590597,33.265533503277176
5414,32.2,30.575998306274418,70.0,0.0,19.3,5.8,15.280966633666164,36.78428999009985
5415,23.3,30.575998306274418,70.0,0.0,21.0,5.7,29.794991933287037,32.23849757998611
5416,35.3,30.575998306274418,70.0,0.0,20.2,5.5,26.62945606811273,43.288836820433815
5417,28.1,30.575998306274418,70.0,0.0,20.6,6.3,14.340880492500187,32.40226414775006
5418,20.8,30.575998306274418,70.0,0.0,19.7,6.4,17.38164871049949,26.014494613149846
5419,18.7,30.575998306274418,70.0,0.0,19.9,5.5,25.868377818739198,26.46051334562176
5420,19.9,30.575998306274418,70.0,0.0,20.7,5.8,5.437862080480111,21.531358624144033
5421,19.8,30.575998306274418,70.0,0.0,20.1,5.8,12.932094387071828,23.679628316121548
5422,21.6,30.575998306274418,70.0,0.0,20.2,6.2,22.76387219326664,28.429161657979993
5423,15.1,30.575998306274418,70.0,0.0,20.8,6.2,7.102571686086985,17.230771505826095
5424,29.7,30.575998306274418,70.0,0.0,19.9,6.4,11.916824619702913,33.275047385910874
5425,22.7,30.575998306274418,70.0,0.0,19.3,6.3,12.756621099033463,26.526986329710038
5426,36.6,30.575998306274418,70.0,0.0,20.7,5.5,26.332551212076083,44.49976536362283
5427,22.3,30.575998306274418,70.0,0.0,19.6,5.9,9.730729509616685,25.219218852885007
5428,16.2,30.575998306274418,70.0,0.0,20.2,5.8,6.840645114121267,18.25219353423638
5429,35.4,30.575998306274418,70.0,0.0,19.7,6.2,25.0311622482075,42.90934867446225
5430,16.9,30.575998306274418,70.0,0.0,20.3,5.8,12.326747299403486,20.598024189821043
5431,33.5,30.575998306274418,70.0,0.0,19.8,5.6,8.569829909955473,36.07094897298664
5432,29.9,30.575998306274418,70.0,0.0,21.0,6.4,22.6888905989555,36.70666717968665
5433,22.7,30.575998306274418,70.0,0.0,19.8,6.2,21.562059541798853,29.168617862539655
5434,19.4,30.575998306274418,70.0,0.0,20.7,6.1,15.07157981097582,23.921473943292746
5435,35.3,30.575998306274418,70.0,0.0,20.3,5.9,7.36175667538403,37.5085270026152
5436,24.5,30.575998306274418,70.0,0.0,20.2,5.7,10.355707431925453,27.606712229577635
5437,22.8,30.575998306274418,70.0,0.0,20.5,6.3,22.784863079279727,29.63545892378392
5438,16.3,30.575998306274418,70.0,0.0,19.0,6.1,15.565016471723068,20.96950494151692
5439,25.3,30.575998306274418,70.0,0.0,19.5,6.0,22.02394232206327,31.90718269661898
5440,35.4,30.575998306274418,70.0,0.0,19.8,5.6,18.33613036474464,40.90083910942339
5441,21.0,30.575998306274418,70.0,0.0,20.4,5.8,21.03453233881162,27.310359701643485
5442,38.0,30.575998306274418,70.0,0.0,20.0,6.2,12.918577874567612,41.87557336237028
5443,31.0,30.575998306274418,70.0,0.0,20.4,5.7,14.26136521438826,35.278409564316476
5444,33.9,30.575998306274418,70.0,0.0,19.0,6.1,5.1320127328565235,35.439603819856956
5445,24.6,30.575998306274418,70.0,0.0,20.0,6.4,25.795254407171218,32.33857632215137
5446,25.8,30.575998306274418,70.0,0.0,19.5,5.8,25.21694397092564,33.36508319127769
5447,20.1,30.575998306274418,70.0,0.0,19.7,6.3,7.627223349195567,22.38816700475867
5448,37.9,30.575998306274418,70.0,0.0,19.4,6.0,8.860914932645635,40.55827447979369
5449,35.0,30.575998306274418,70.0,0.0,20.5,6.2,24.75772675959689,42.42731802787907
5450,36.7,30.575998306274418,70.0,0.0,19.8,5.8,9.77001673903003,39.631005021709015
5451,39.6,30.575998306274418,70.0,0.0,19.1,6.0,28.550660470959603,48.16519814128788
5452,21.4,30.575998306274418,70.0,0.0,20.0,5.6,20.029899366559793,27.408969809967935
5453,22.3,30.575998306274418,70.0,0.0,20.7,6.2,22.54454433988875,29.063363301966625
5454,27.3,30.575998306274418,70.0,0.0,19.2,5.5,9.422101007213486,30.126630302164045
5455,24.4,30.575998306274418,70.0,0.0,20.2,6.0,26.50445905511364,32.35133771653409
5456,35.6,30.575998306274418,70.0,0.0,20.9,6.3,11.15659335954916,38.94697800786475
5457,15.6,30.575998306274418,70.0,0.0,19.9,6.4,27.48738040091816,23.846214120275448
5458,16.1,30.575998306274418,70.0,0.0,19.1,5.6,23.977644521684542,23.293293356505366
5459,26.0,30.575998306274418,70.0,0.0,19.9,6.1,29.922910046172717,34.976873013851815
5460,16.4,28.875999450683594,79.0,0.0,20.9,6.4,19.736328257128317,22.320898477138492
5461,30.3,28.875999450683594,79.0,0.0,20.9,5.7,21.22803104900771,36.668409314702316
5462,15.3,28.875999450683594,79.0,0.0,19.5,5.7,14.363361962312599,19.60900858869378
5463,30.9,28.875999450683594,79.0,0.0,19.6,6.2,28.402248769097877,39.420674630729366
5464,18.5,28.875999450683594,79.0,0.0,19.8,5.8,13.373475482094728,22.51204264462842
5465,26.2,28.875999450683594,79.0,0.0,20.9,6.1,14.639203754503969,30.59176112635119
5466,27.6,28.875999450683594,79.0,0.0,20.0,6.1,23.468238925269507,34.640471677580855
5467,27.2,28.875999450683594,79.0,0.0,20.9,6.2,26.896444766947234,35.26893343008417
5468,20.4,28.875999450683594,79.0,0.0,19.4,6.2,12.256967764220978,24.07709032926629
5469,30.0,28.875999450683594,79.0,0.0,19.9,5.8,17.072870201361635,35.12186106040849
5470,17.3,28.875999450683594,79.0,0.0,19.5,6.0,8.76841893788612,19.930525681365836
5471,19.5,28.875999450683594,79.0,0.0,20.7,5.9,10.66401805000591,22.69920541500177
5472,26.4,28.875999450683594,79.0,0.0,19.5,6.5,17.682580929399755,31.704774278819926
5473,33.4,28.875999450683594,79.0,0.0,21.0,6.3,21.15602559656299,39.74680767896889
5474,16.1,28.875999450683594,79.0,0.0,21.0,5.9,21.79885350620304,22.639656051860914
5475,30.4,28.875999450683594,79.0,0.0,20.4,5.8,21.950110486012324,36.9850331458037
5476,18.4,28.875999450683594,79.0,0.0,19.2,6.1,10.879734693992855,21.663920408197853
5477,29.0,28.875999450683594,79.0,0.0,20.8,6.2,21.52487975715928,35.457463927147785
5478,33.0,28.875999450683594,79.0,0.0,20.6,5.7,20.012133398017774,39.00364001940533
5479,22.4,28.875999450683594,79.0,0.0,20.3,6.4,21.76100077797524,28.92830023339257
5480,39.9,28.875999450683594,79.0,0.0,20.1,5.9,13.951339034422725,44.08540171032681
5481,26.0,28.875999450683594,79.0,0.0,19.2,6.4,16.664829289614087,30.999448786884226
5482,16.1,28.875999450683594,79.0,0.0,20.2,5.6,22.51862558382518,22.855587675147554
5483,28.2,28.875999450683594,79.0,0.0,19.8,6.3,17.047121055462448,33.31413631663873
5484,28.7,28.875999450683594,79.0,0.0,20.1,6.4,13.504252161540252,32.75127564846208
5485,33.0,28.875999450683594,79.0,0.0,20.4,6.1,27.923361018234477,41.37700830547034
5486,24.9,28.875999450683594,79.0,0.0,19.6,6.2,19.15468932318717,30.64640679695615
5487,20.7,28.875999450683594,79.0,0.0,19.7,6.5,29.876308054265255,29.662892416279576
5488,24.3,28.875999450683594,79.0,0.0,19.4,6.4,11.931938942347852,27.879581682704355
5489,19.5,28.875999450683594,79.0,0.0,19.3,6.3,18.77870881682202,25.133612645046608
5490,27.4,28.875999450683594,79.0,0.0,20.7,5.7,17.90386969373542,32.77116090812062
5491,25.6,28.875999450683594,79.0,0.0,19.2,6.4,25.32315494863968,33.196946484591905
5492,18.3,28.875999450683594,79.0,0.0,19.8,5.6,26.903201791838963,26.37096053755169
5493,17.7,28.875999450683594,79.0,0.0,19.8,6.1,6.936610446233736,19.78098313387012
5494,33.8,28.875999450683594,79.0,0.0,20.0,6.0,28.997687239911734,42.499306171973515
5495,33.0,28.875999450683594,79.0,0.0,19.0,6.4,17.083919027925866,38.12517570837776
5496,23.7,28.875999450683594,79.0,0.0,20.0,5.7,15.398272574283087,28.319481772284924
5497,30.7,28.875999450683594,79.0,0.0,20.3,6.2,26.733843387573174,38.72015301627195
5498,27.5,28.875999450683594,79.0,0.0,19.3,5.7,21.062769992044053,33.81883099761322
5499,19.5,28.875999450683594,79.0,0.0,19.4,6.4,28.998214920318624,28.199464476095585
5500,17.6,28.875999450683594,79.0,0.0,20.1,5.9,19.140016583151258,23.34200497494538
5501,28.7,28.875999450683594,79.0,0.0,20.1,5.6,18.744067562593617,34.32322026877809
5502,29.9,28.875999450683594,79.0,0.0,20.6,5.8,15.160537515042234,34.44816125451267
5503,36.7,28.875999450683594,79.0,0.0,20.4,5.8,9.62160933889168,39.58648280166751
5504,23.6,28.875999450683594,79.0,0.0,19.9,6.2,21.293670389826744,29.988101116948023
5505,18.9,28.875999450683594,79.0,0.0,20.8,6.3,19.80517759558111,24.841553278674333
5506,34.8,28.875999450683594,79.0,0.0,20.2,5.6,24.26755703432955,42.08026711029886
5507,21.7,28.875999450683594,79.0,0.0,20.7,6.0,8.783924756991597,24.335177427097477
5508,35.4,28.875999450683594,79.0,0.0,19.3,6.3,23.350353574275847,42.40510607228275
5509,24.4,28.875999450683594,79.0,0.0,19.1,6.3,13.596358960735632,28.478907688220687
5510,15.3,28.875999450683594,79.0,0.0,19.3,6.2,7.789208956392633,17.63676268691779
5511,30.3,28.875999450683594,79.0,0.0,20.1,6.5,18.135676212181227,35.74070286365437
5512,37.4,28.875999450683594,79.0,0.0,20.1,6.3,29.952208750422624,46.385662625126784
5513,29.9,28.875999450683594,79.0,0.0,20.2,6.1,18.24808875180322,35.37442662554096
5514,38.4,28.875999450683594,79.0,0.0,20.6,5.8,20.731249397119495,44.61937481913585
5515,24.0,28.875999450683594,79.0,0.0,19.9,6.0,7.262665898173943,26.178799769452183
5516,30.2,28.875999450683594,79.0,0.0,19.6,6.0,11.87226336976143,33.761679010928425
5517,31.6,28.875999450683594,79.0,0.0,20.9,6.4,13.837886255097713,35.75136587652931
5518,22.1,28.875999450683594,79.0,0.0,20.3,5.7,23.674678559964903,29.20240356798947
5519,32.4,28.875999450683594,79.0,0.0,19.1,6.1,11.483926960854822,35.845178088256446
5520,25.2,28.325998306274418,83.0,0.0,20.0,6.2,23.806742970081896,32.34202289102457
5521,17.9,28.325998306274418,83.0,0.0,19.5,5.8,19.42830622853117,23.72849186855935
5522,16.7,28.325998306274418,83.0,0.0,20.6,5.6,16.252619948599637,21.57578598457989
5523,29.1,28.325998306274418,83.0,0.0,20.1,5.8,6.82554109016081,31.147662327048245
5524,32.8,28.325998306274418,83.0,0.0,19.4,6.4,18.122805414065844,38.23684162421975
5525,27.7,28.325998306274418,83.0,0.0,19.2,5.7,14.905245631195609,32.17157368935868
5526,16.4,28.325998306274418,83.0,0.0,20.7,5.8,13.243375099709201,20.37301252991276
5527,17.2,28.325998306274418,83.0,0.0,21.0,6.3,10.999265104490732,20.49977953134722
5528,27.5,28.325998306274418,83.0,0.0,20.7,5.6,19.539857199214357,33.36195715976431
5529,17.1,28.325998306274418,83.0,0.0,19.4,6.1,8.509106502550727,19.65273195076522
5530,24.0,28.325998306274418,83.0,0.0,20.4,6.5,19.412905474456792,29.82387164233704
5531,39.0,28.325998306274418,83.0,0.0,19.5,6.3,16.386407214811577,43.91592216444347
5532,29.4,28.325998306274418,83.0,0.0,20.8,5.7,6.499191700048128,31.349757510014438
5533,22.4,28.325998306274418,83.0,0.0,20.7,5.6,25.694498596378484,30.108349578913543
5534,22.6,28.325998306274418,83.0,0.0,19.4,5.9,17.63630912285192,27.890892736855577
5535,31.9,28.325998306274418,83.0,0.0,19.3,6.1,28.114868287587335,40.3344604862762
5536,39.2,28.325998306274418,83.0,0.0,21.0,6.0,29.827466172662323,48.1482398517987
5537,36.7,28.325998306274418,83.0,0.0,20.9,5.7,9.693116038124135,39.60793481143725
5538,25.3,28.325998306274418,83.0,0.0,20.0,6.4,18.63494682518152,30.890484047554455
5539,37.7,28.325998306274418,83.0,0.0,19.7,6.2,17.762295123501936,43.028688537050584
5540,33.8,28.325998306274418,83.0,0.0,21.0,6.4,29.817921989624807,42.74537659688744
5541,28.5,28.325998306274418,83.0,0.0,20.5,6.3,23.959864090087713,35.68795922702631
5542,37.7,28.325998306274418,83.0,0.0,20.6,6.2,7.80250584689403,40.04075175406821
5543,24.3,28.325998306274418,83.0,0.0,19.7,6.0,13.607060614354356,28.382118184306307
5544,21.8,28.325998306274418,83.0,0.0,20.6,6.3,19.795792461005256,27.738737738301577
5545,28.1,28.325998306274418,83.0,0.0,19.4,5.7,19.251290864626533,33.87538725938796
5546,15.5,28.325998306274418,83.0,0.0,19.2,5.7,16.472559290794628,20.441767787238387
5547,25.2,28.325998306274418,83.0,0.0,20.3,6.4,20.98905239758942,31.496715719276825
5548,16.6,28.325998306274418,83.0,0.0,20.6,6.0,26.393717245122172,24.518115173536653
5549,30.6,28.325998306274418,83.0,0.0,20.3,6.2,21.81132181907432,37.1433965457223
5550,25.0,28.325998306274418,83.0,0.0,20.8,6.4,9.95432690759062,27.986298072277187
5551,36.0,28.325998306274418,83.0,0.0,20.1,5.9,20.508854158458238,42.15265624753747
5552,38.7,28.325998306274418,83.0,0.0,19.8,6.2,10.774075733210646,41.9322227199632
5553,21.5,28.325998306274418,83.0,0.0,19.0,5.8,7.971609668943476,23.891482900683044
5554,17.4,28.325998306274418,83.0,0.0,19.8,5.7,16.670065688214002,22.401019706464197
5555,38.9,28.325998306274418,83.0,0.0,19.4,5.6,9.01764482988167,41.6052934489645
5556,29.2,28.325998306274418,83.0,0.0,19.4,6.0,12.30837203221037,32.89251160966311
5557,23.8,28.325998306274418,83.0,0.0,20.7,5.8,19.14719641500477,29.54415892450143
5558,18.6,28.325998306274418,83.0,0.0,19.1,6.1,26.43513148509473,26.53053944552842
5559,21.3,28.325998306274418,83.0,0.0,19.9,6.2,5.397628121892798,22.91928843656784
5560,38.7,28.325998306274418,83.0,0.0,19.2,5.7,9.920533318641857,41.676159995592556
5561,28.7,28.325998306274418,83.0,0.0,20.7,5.8,16.7378537074882,33.72135611224646
5562,30.5,28.325998306274418,83.0,0.0,20.5,5.9,22.247953400714223,37.174386020214264
5563,30.9,28.325998306274418,83.0,0.0,19.7,5.9,7.522563639388836,33.15676909181665
5564,28.4,28.325998306274418,83.0,0.0,19.0,6.4,11.012541100887209,31.703762330266162
5565,22.0,28.325998306274418,83.0,0.0,20.7,5.8,26.337513176457467,29.90125395293724
5566,36.5,28.325998306274418,83.0,0.0,19.9,6.1,27.489730671290445,44.74691920138713
5567,30.1,28.325998306274418,83.0,0.0,19.8,6.3,27.72154274825368,38.416462824476106
5568,17.7,28.325998306274418,83.0,0.0,20.2,6.0,17.988617806303967,23.09658534189119
5569,23.1,28.325998306274418,83.0,0.0,20.7,5.8,29.53944612089138,31.961833836267417
5570,35.4,28.325998306274418,83.0,0.0,19.3,5.9,20.345218811277164,41.50356564338315
5571,26.3,28.325998306274418,83.0,0.0,19.5,5.6,21.772625457135064,32.83178763714052
5572,30.2,28.325998306274418,83.0,0.0,19.9,6.2,13.057694484727246,34.117308345418174
5573,27.5,28.325998306274418,83.0,0.0,20.3,5.7,16.6971958869704,32.50915876609112
5574,22.8,28.325998306274418,83.0,0.0,20.6,5.8,11.614414329080079,26.284324298724023
5575,16.9,28.325998306274418,83.0,0.0,20.2,5.6,12.812386772335703,20.74371603170071
5576,26.8,28.325998306274418,83.0,0.0,20.4,6.2,28.67002565040899,35.4010076951227
5577,16.1,28.325998306274418,83.0,0.0,19.2,6.4,24.24810426612318,23.374431279836955
5578,33.7,28.325998306274418,83.0,0.0,20.0,6.2,8.32059356438733,36.196178069316204
5579,33.7,28.325998306274418,83.0,0.0,19.9,5.6,22.3762693007133,40.41288079021399
5580,24.0,28.375999450683594,85.0,0.0,20.4,5.6,7.611926849781882,26.283578054934566
5581,15.6,28.375999450683594,85.0,0.0,20.7,6.4,14.240302897417346,19.872090869225204
5582,32.9,28.375999450683594,85.0,0.0,19.3,6.0,17.080037843160586,38.02401135294817
5583,17.4,28.375999450683594,85.0,0.0,20.2,6.2,12.703382172764506,21.211014651829352
5584,21.8,28.375999450683594,85.0,0.0,20.0,6.5,17.910821909719992,27.173246572916
5585,27.7,28.375999450683594,85.0,0.0,19.1,6.4,14.818398214796481,32.14551946443894
5586,39.0,28.375999450683594,85.0,0.0,20.4,6.2,22.787151005131285,45.83614530153939
5587,27.5,28.375999450683594,85.0,0.0,20.0,5.9,29.799078369122267,36.439723510736684
5588,16.2,28.375999450683594,85.0,0.0,20.1,6.2,8.570923875785006,18.7712771627355
5589,39.8,28.375999450683594,85.0,0.0,19.5,5.7,29.995062170937224,48.798518651281164
5590,37.2,28.375999450683594,85.0,0.0,19.2,5.6,24.375611544939115,44.512683463481736
5591,39.9,28.375999450683594,85.0,0.0,19.7,6.2,19.969360347131214,45.89080810413936
5592,28.2,28.375999450683594,85.0,0.0,20.8,5.9,9.988391932631734,31.196517579789518
5593,32.3,28.375999450683594,85.0,0.0,19.8,6.3,23.881037273826106,39.46431118214783
5594,25.5,28.375999450683594,85.0,0.0,19.7,6.2,10.714739013811883,28.714421704143565
5595,29.5,28.375999450683594,85.0,0.0,19.7,6.2,21.00614960256402,35.8018448807692
5596,26.5,28.375999450683594,85.0,0.0,20.2,5.7,5.275394769727802,28.08261843091834
5597,33.6,28.375999450683594,85.0,0.0,20.7,6.3,9.478559269577719,36.443567780873316
5598,34.8,28.375999450683594,85.0,0.0,19.7,5.5,24.795748691205915,42.238724607361775
5599,22.3,28.375999450683594,85.0,0.0,20.5,5.5,10.45995798893022,25.437987396679066
5600,21.8,28.375999450683594,85.0,0.0,19.6,6.5,18.075639909237623,27.222691972771287
5601,25.2,28.375999450683594,85.0,0.0,19.1,5.6,14.175904987004568,29.45277149610137
5602,28.3,28.375999450683594,85.0,0.0,20.2,6.0,14.784246764988305,32.735274029496495
5603,23.2,28.375999450683594,85.0,0.0,19.3,5.8,13.904859591537642,27.371457877461292
5604,32.5,28.375999450683594,85.0,0.0,20.6,6.1,24.2336110162595,39.77008330487785
5605,26.6,28.375999450683594,85.0,0.0,19.0,6.4,5.249321973617361,28.174796592085208
5606,20.4,28.375999450683594,85.0,0.0,20.3,5.9,10.811455244866318,23.643436573459894
5607,33.3,28.375999450683594,85.0,0.0,20.2,5.9,26.657235082402575,41.29717052472077
5608,25.3,28.375999450683594,85.0,0.0,20.6,6.4,7.885709538700645,27.665712861610196
5609,16.2,28.375999450683594,85.0,0.0,20.0,6.0,13.489647326273179,20.246894197881954
5610,17.4,28.375999450683594,85.0,0.0,19.3,6.2,24.02256517449573,24.606769552348716
5611,36.2,28.375999450683594,85.0,0.0,19.7,5.8,19.865384229164718,42.15961526874942
5612,34.5,28.375999450683594,85.0,0.0,19.8,5.7,18.378370439675383,40.01351113190262
5613,21.3,28.375999450683594,85.0,0.0,19.6,6.4,9.491487725086174,24.14744631752585
5614,33.3,28.375999450683594,85.0,0.0,20.0,5.8,28.567507603267916,41.870252280980374
5615,25.5,28.375999450683594,85.0,0.0,20.3,6.3,23.720426364269684,32.616127909280905
5616,24.4,28.375999450683594,85.0,0.0,20.7,5.8,12.515097693390647,28.154529308017192
5617,36.1,28.375999450683594,85.0,0.0,19.1,6.3,13.517330990608347,40.155199297182506
5618,29.3,28.375999450683594,85.0,0.0,19.6,6.5,6.259678911779963,31.17790367353399
5619,36.9,28.375999450683594,85.0,0.0,20.6,5.8,5.8577277574903786,38.65731832724711
5620,22.4,28.375999450683594,85.0,0.0,19.6,5.7,19.37826667668888,28.213480003006662
5621,29.7,28.375999450683594,85.0,0.0,19.6,6.4,14.722595743941318,34.11677872318239
5622,25.8,28.375999450683594,85.0,0.0,20.2,6.4,26.485010904740893,33.745503271422265
5623,23.7,28.375999450683594,85.0,0.0,20.1,6.5,25.65487658323863,31.396462974971588
5624,19.6,28.375999450683594,85.0,0.0,19.7,5.8,15.520190093435563,24.25605702803067
5625,26.9,28.375999450683594,85.0,0.0,19.5,5.8,18.423753277069522,32.42712598312085
5626,37.7,28.375999450683594,85.0,0.0,19.9,5.8,20.348906068727665,43.8046718206183
5627,21.9,28.375999450683594,85.0,0.0,20.1,6.3,15.38648652596971,26.515945957790912
5628,21.7,28.375999450683594,85.0,0.0,20.0,6.4,19.391363558056824,27.517409067417045
5629,28.7,28.375999450683594,85.0,0.0,19.2,6.2,11.403777866154833,32.121133359846446
5630,15.1,28.375999450683594,85.0,0.0,19.6,5.9,6.147370658768807,16.944211197630644
5631,35.4,28.375999450683594,85.0,0.0,20.4,6.0,22.228803422672673,42.0686410268018
5632,19.6,28.375999450683594,85.0,0.0,20.4,5.8,29.217901593466333,28.3653704780399
5633,21.2,28.375999450683594,85.0,0.0,20.6,6.3,6.160250251309472,23.04807507539284
5634,29.2,28.375999450683594,85.0,0.0,20.4,6.4,24.21634528488433,36.4649035854653
5635,32.0,28.375999450683594,85.0,0.0,19.8,6.4,19.416393156716403,37.824917947014924
5636,18.6,28.375999450683594,85.0,0.0,19.6,6.0,27.716199223261782,26.914859766978537
5637,22.1,28.375999450683594,85.0,0.0,20.9,6.4,12.114617666248607,25.73438529987458
5638,19.9,28.375999450683594,85.0,0.0,20.8,6.3,19.30361259614604,25.69108377884381
5639,31.1,28.375999450683594,85.0,0.0,19.3,5.7,28.398823371477643,39.61964701144329
5640,15.5,28.325998306274418,87.0,0.0,19.2,6.1,25.988209512902824,23.296462853870846
5641,18.1,28.325998306274418,87.0,0.0,19.8,6.1,9.817906077723977,21.045371823317193
5642,39.3,28.325998306274418,87.0,0.0,20.8,5.9,19.73877385736497,45.221632157209484
5643,21.7,28.325998306274418,87.0,0.0,20.7,5.9,5.1982321097252715,23.25946963291758
5644,23.8,28.325998306274418,87.0,0.0,19.3,6.4,21.084074577485453,30.125222373245634
5645,30.8,28.325998306274418,87.0,0.0,20.6,6.0,22.948629488483494,37.68458884654505
5646,22.3,28.325998306274418,87.0,0.0,20.2,6.1,11.897695729431227,25.86930871882937
5647,35.5,28.325998306274418,87.0,0.0,19.0,6.1,24.33147748130535,42.799443244391604
5648,17.0,28.325998306274418,87.0,0.0,20.4,5.9,8.969391533477697,19.69081746004331
5649,29.3,28.325998306274418,87.0,0.0,20.9,5.8,7.7121016592440625,31.61363049777322
5650,17.6,28.325998306274418,87.0,0.0,20.3,5.8,5.094204146544668,19.1282612439634
5651,26.4,28.325998306274418,87.0,0.0,19.2,6.1,25.581190632863215,34.074357189858965
5652,22.3,28.325998306274418,87.0,0.0,20.5,5.5,8.810518975355306,24.94315569260659
5653,34.7,28.325998306274418,87.0,0.0,19.6,6.0,19.028731829195806,40.40861954875874
5654,30.3,28.325998306274418,87.0,0.0,19.3,5.6,14.05675267761029,34.51702580328309
5655,28.5,28.325998306274418,87.0,0.0,20.0,6.2,29.972447091934814,37.49173412758044
5656,20.6,28.325998306274418,87.0,0.0,19.2,5.6,15.624093277923127,25.28722798337694
5657,26.3,28.325998306274418,87.0,0.0,20.3,6.0,10.012164380811164,29.30364931424335
5658,31.6,28.325998306274418,87.0,0.0,19.7,5.7,5.610281271418916,33.283084381425674
5659,26.9,28.325998306274418,87.0,0.0,19.8,5.7,13.551589810684204,30.96547694320526
5660,28.7,28.325998306274418,87.0,0.0,20.0,6.1,10.613888663585254,31.884166599075577
5661,36.0,28.325998306274418,87.0,0.0,19.7,5.9,25.032577773944073,43.50977333218322
5662,28.5,28.325998306274418,87.0,0.0,20.9,6.4,13.00900567571405,32.40270170271422
5663,32.3,28.325998306274418,87.0,0.0,19.6,5.9,20.463434047192646,38.43903021415779
5664,28.3,28.325998306274418,87.0,0.0,20.9,6.3,25.87835199209487,36.06350559762846
5665,19.9,28.325998306274418,87.0,0.0,20.6,5.6,27.553830531529478,28.16614915945884
5666,25.6,28.325998306274418,87.0,0.0,19.6,6.2,29.021318711169023,34.30639561335071
5667,29.4,28.325998306274418,87.0,0.0,19.7,6.5,13.933236399654998,33.579970919896496
5668,35.4,28.325998306274418,87.0,0.0,19.5,5.5,18.344991815969323,40.903497544790795
5669,35.1,28.325998306274418,87.0,0.0,20.6,5.9,27.93455346053462,43.48036603816038
5670,15.1,28.325998306274418,87.0,0.0,19.9,6.0,28.564310327559557,23.669293098267865
5671,26.3,28.325998306274418,87.0,0.0,19.2,5.8,13.635211160362385,30.390563348108717
5672,22.8,28.325998306274418,87.0,0.0,19.5,6.2,20.942588439486624,29.082776531845987
5673,25.1,28.325998306274418,87.0,0.0,19.0,6.0,27.605014282610863,33.38150428478326
5674,31.3,28.325998306274418,87.0,0.0,19.7,5.9,15.681162721921034,36.00434881657631
5675,17.4,28.325998306274418,87.0,0.0,20.6,5.8,27.865329627270654,25.759598888181195
5676,30.8,28.325998306274418,87.0,0.0,19.4,5.5,24.669085617927543,38.20072568537826
5677,36.5,28.325998306274418,87.0,0.0,20.2,6.1,18.40225153796493,42.02067546138948
5678,36.7,28.325998306274418,87.0,0.0,19.1,6.2,6.122970029265414,38.53689100877963
5679,38.4,28.325998306274418,87.0,0.0,19.3,6.2,11.457733550071971,41.837320065021586
5680,34.0,28.325998306274418,87.0,0.0,20.0,5.7,25.22940505543255,41.56882151662977
5681,24.9,28.325998306274418,87.0,0.0,20.5,6.0,9.96705017838496,27.890115053515487
5682,23.0,28.325998306274418,87.0,0.0,20.9,5.7,15.196441911148044,27.558932573344414
5683,30.1,28.325998306274418,87.0,0.0,20.3,5.6,12.860858782218703,33.958257634665614
5684,33.4,28.325998306274418,87.0,0.0,20.9,6.2,9.884170800073221,36.36525124002196
5685,28.4,28.325998306274418,87.0,0.0,20.3,5.7,28.43726108093995,36.93117832428199
5686,27.6,28.325998306274418,87.0,0.0,19.0,5.7,16.97271851001676,32.69181555300503
5687,32.5,28.325998306274418,87.0,0.0,19.4,6.4,9.880212239795256,35.464063671938575
5688,36.2,28.325998306274418,87.0,0.0,19.1,6.1,12.129072903536745,39.838721871061026
5689,17.8,28.325998306274418,87.0,0.0,19.5,5.9,22.25743797587671,24.477231392763013
5690,27.1,28.325998306274418,87.0,0.0,19.9,6.2,16.41650992528344,32.02495297758503
5691,26.1,28.325998306274418,87.0,0.0,19.3,6.2,5.047136269420692,27.61414088082621
5692,36.8,28.325998306274418,87.0,0.0,20.5,6.5,23.044853070510097,43.71345592115303
5693,35.6,28.325998306274418,87.0,0.0,19.3,5.8,21.781756291495714,42.134526887448715
5694,33.7,28.325998306274418,87.0,0.0,20.8,5.9,9.338408918911751,36.50152267567353
5695,38.3,28.325998306274418,87.0,0.0,19.1,6.1,25.027003442950583,45.80810103288517
5696,39.4,28.325998306274418,87.0,0.0,20.0,6.2,11.362827883876381,42.808848365162916
5697,15.6,28.325998306274418,87.0,0.0,20.3,6.4,22.029811574263178,22.208943472278953
5698,31.7,28.325998306274418,87.0,0.0,19.3,6.4,24.29485963755836,38.98845789126751
5699,20.8,28.325998306274418,87.0,0.0,20.4,5.7,6.278644372757992,22.683593311827398
5700,17.2,28.025999069213867,89.0,0.0,20.9,5.6,23.89485038559218,24.36845511567765
5701,20.6,28.025999069213867,89.0,0.0,19.9,6.0,18.01194684298318,26.003584052894954
5702,18.7,28.025999069213867,89.0,0.0,19.6,5.9,25.076063473008762,26.22281904190263
5703,36.1,28.025999069213867,89.0,0.0,20.5,5.5,19.935449413439038,42.08063482403171
5704,30.0,28.025999069213867,89.0,0.0,19.1,5.7,26.553387984410133,37.96601639532304
5705,26.4,28.025999069213867,89.0,0.0,19.3,5.8,26.58074865485012,34.374224596455036
5706,28.1,28.025999069213867,89.0,0.0,19.6,6.0,16.662591067923643,33.098777320377096
5707,22.4,28.025999069213867,89.0,0.0,19.6,6.1,23.446971953018938,29.43409158590568
5708,17.0,28.025999069213867,89.0,0.0,19.3,5.5,9.330217310470982,19.799065193141296
5709,17.2,28.025999069213867,89.0,0.0,19.9,6.2,12.950361299519837,21.08510838985595
5710,39.4,28.025999069213867,89.0,0.0,20.4,6.2,29.53112310719688,48.25933693215906
5711,26.1,28.025999069213867,89.0,0.0,19.5,6.2,18.237318862176764,31.571195658653032
5712,28.2,28.025999069213867,89.0,0.0,20.5,5.5,28.499872022579222,36.749961606773766
5713,29.0,28.025999069213867,89.0,0.0,19.2,6.3,23.432387823279015,36.029716346983705
5714,16.6,28.025999069213867,89.0,0.0,20.2,6.1,8.658109320449213,19.197432796134766
5715,29.6,28.025999069213867,89.0,0.0,20.1,5.5,23.70166158137942,36.710498474413825
5716,30.7,28.025999069213867,89.0,0.0,19.2,5.6,28.992633809357866,39.39779014280736
5717,20.8,28.025999069213867,89.0,0.0,19.9,6.4,16.17249478612269,25.651748435836808
5718,36.1,28.025999069213867,89.0,0.0,19.0,5.7,25.00113582841437,43.60034074852431
5719,17.6,28.025999069213867,89.0,0.0,19.1,5.9,17.64925048424359,22.89477514527308
5720,39.5,28.025999069213867,89.0,0.0,19.8,5.8,29.666976215958716,48.40009286478762
5721,29.5,28.025999069213867,89.0,0.0,20.2,5.7,29.476752800220584,38.343025840066176
5722,35.5,28.025999069213867,89.0,0.0,20.7,6.1,17.652625674053603,40.79578770221608
5723,25.6,28.025999069213867,89.0,0.0,20.4,6.0,5.682239638442239,27.304671891532674
5724,28.9,28.025999069213867,89.0,0.0,20.8,6.3,27.627645428040204,37.18829362841206
5725,22.6,28.025999069213867,89.0,0.0,19.9,5.8,18.130702174253052,28.039210652275916
5726,35.2,28.025999069213867,89.0,0.0,19.8,6.1,8.780792690248902,37.83423780707467
5727,30.2,28.025999069213867,89.0,0.0,20.1,6.4,23.64350611241513,37.29305183372454
5728,16.5,28.025999069213867,89.0,0.0,19.7,6.0,13.7755321600231,20.63265964800693
5729,23.3,28.025999069213867,89.0,0.0,19.2,6.1,6.9130944520972974,25.37392833562919
5730,23.5,28.025999069213867,89.0,0.0,20.1,6.0,8.152254364527955,25.945676309358387
5731,26.6,28.025999069213867,89.0,0.0,20.3,6.3,9.668257869333278,29.500477360799984
5732,34.7,28.025999069213867,89.0,0.0,20.5,6.5,19.3441235404637,40.503237062139114
5733,22.4,28.025999069213867,89.0,0.0,19.7,5.5,22.917383928259,29.275215178477698
5734,24.1,28.025999069213867,89.0,0.0,19.5,6.1,17.442183292733844,29.332654987820156
5735,25.2,28.025999069213867,89.0,0.0,20.0,5.8,22.029966445668503,31.808989933700552
5736,35.1,28.025999069213867,89.0,0.0,19.7,6.0,10.404632991067444,38.221389897320236
5737,17.3,28.025999069213867,89.0,0.0,20.3,5.7,14.461330559753103,21.638399167925932
5738,19.1,28.025999069213867,89.0,0.0,20.3,6.3,21.553651576901867,25.56609547307056
5739,37.3,28.025999069213867,89.0,0.0,19.9,5.7,22.831811149319364,44.14954334479581
5740,18.3,28.025999069213867,89.0,0.0,20.0,5.9,8.847467877396067,20.954240363218823
5741,28.0,28.025999069213867,89.0,0.0,20.3,6.3,17.01420184584833,33.1042605537545
5742,39.2,28.025999069213867,89.0,0.0,20.1,6.3,19.535591560958192,45.06067746828746
5743,33.3,28.025999069213867,89.0,0.0,19.3,6.4,11.298139257058324,36.689441777117494
5744,36.1,28.025999069213867,89.0,0.0,19.6,6.3,24.457023033048547,43.43710690991456
5745,20.2,28.025999069213867,89.0,0.0,19.7,5.9,12.500541371992023,23.950162411597606
5746,15.4,28.025999069213867,89.0,0.0,19.6,5.8,11.73514410099825,18.920543230299476
5747,37.4,28.025999069213867,89.0,0.0,19.4,6.0,15.279969033542272,41.98399071006268
5748,20.6,28.025999069213867,89.0,0.0,19.2,5.9,19.01465430023535,26.304396290070606
5749,31.7,28.025999069213867,89.0,0.0,19.7,5.7,10.826783009085268,34.94803490272558
5750,15.5,28.025999069213867,89.0,0.0,19.6,6.3,22.82043600654936,22.346130801964808
5751,27.4,28.025999069213867,89.0,0.0,19.2,5.6,11.81310608575664,30.94393182572699
5752,33.6,28.025999069213867,89.0,0.0,19.2,6.0,21.40137462443428,40.02041238733028
5753,35.7,28.025999069213867,89.0,0.0,20.1,6.1,8.056274960912242,38.116882488273674
5754,31.6,28.025999069213867,89.0,0.0,20.1,5.9,5.26279732187681,33.17883919656305
5755,19.3,28.025999069213867,89.0,0.0,19.2,6.4,27.1496332055407,27.44488996166221
5756,24.5,28.025999069213867,89.0,0.0,20.4,5.7,27.951873403093423,32.88556202092803
5757,24.1,28.025999069213867,89.0,0.0,20.2,6.1,22.026703600965828,30.70801108028975
5758,15.4,28.025999069213867,89.0,0.0,20.0,6.2,25.500503890765323,23.050151167229597
5759,37.7,28.025999069213867,89.0,0.0,20.1,6.2,26.371260163536025,45.61137804906081
5760,22.4,27.67599868774414,90.0,0.0,19.1,5.5,20.92072623836386,28.676217871509156
5761,37.4,27.67599868774414,90.0,0.0,20.5,5.5,19.383933915697263,43.215180174709175
5762,35.4,27.67599868774414,90.0,0.0,20.8,5.6,22.423468553568643,42.12704056607059
5763,30.0,27.67599868774414,90.0,0.0,20.0,6.4,6.455092167333763,31.93652765020013
5764,17.4,27.67599868774414,90.0,0.0,20.8,6.4,11.607603661187596,20.882281098356277
5765,19.6,27.67599868774414,90.0,0.0,20.3,5.8,19.482778142783097,25.44483344283493
5766,22.7,27.67599868774414,90.0,0.0,19.6,5.8,7.837786455246338,25.0513359365739
5767,35.7,27.67599868774414,90.0,0.0,20.1,5.6,8.230601881393108,38.169180564417935
5768,25.6,27.67599868774414,90.0,0.0,20.2,6.0,27.25678008402863,33.77703402520859
5769,26.3,27.67599868774414,90.0,0.0,20.3,6.2,6.3730354889202605,28.211910646676078
5770,27.4,27.67599868774414,90.0,0.0,19.6,6.1,13.485195021393787,31.445558506418134
5771,16.2,27.67599868774414,90.0,0.0,19.4,6.1,20.09170160725963,22.227510482177887
5772,26.7,27.67599868774414,90.0,0.0,19.5,6.0,23.892098500947885,33.86762955028436
5773,39.3,27.67599868774414,90.0,0.0,19.4,5.8,5.5170431212598805,40.95511293637796
5774,38.5,27.67599868774414,90.0,0.0,19.4,6.2,27.46883765484661,46.74065129645398
5775,24.6,27.67599868774414,90.0,0.0,20.4,6.2,11.111182713516932,27.933354814055082
5776,36.1,27.67599868774414,90.0,0.0,19.6,5.7,11.434536069747482,39.530360820924244
5777,38.5,27.67599868774414,90.0,0.0,19.9,5.7,19.053247798468597,44.21597433954058
5778,25.7,27.67599868774414,90.0,0.0,19.2,6.2,19.959538634848965,31.687861590454688
5779,27.6,27.67599868774414,90.0,0.0,20.2,5.8,17.855027018237347,32.95650810547121
5780,35.9,27.67599868774414,90.0,0.0,19.9,5.9,14.809320125784774,40.34279603773543
5781,36.4,27.67599868774414,90.0,0.0,19.3,5.8,19.7014606721417,42.31043820164251
5782,22.7,27.67599868774414,90.0,0.0,20.0,5.9,29.103854604151273,31.43115638124538
5783,33.5,27.67599868774414,90.0,0.0,19.1,6.3,25.22135646068783,41.06640693820635
5784,25.2,27.67599868774414,90.0,0.0,19.8,5.9,14.785310203231623,29.635593060969484
5785,17.2,27.67599868774414,90.0,0.0,21.0,5.8,7.417689964324341,19.4253069892973
5786,28.0,27.67599868774414,90.0,0.0,20.9,5.7,17.644484351883467,33.29334530556504
5787,15.4,27.67599868774414,90.0,0.0,19.3,5.6,23.7521969240594,22.52565907721782
5788,29.5,27.67599868774414,90.0,0.0,20.5,6.2,25.294079327181134,37.08822379815434
5789,30.8,27.67599868774414,90.0,0.0,20.2,6.3,18.908356592913403,36.47250697787402
5790,24.6,27.67599868774414,90.0,0.0,20.9,6.5,21.386832150551854,31.01604964516556
5791,29.4,27.67599868774414,90.0,0.0,20.2,6.3,25.79457847357334,37.138373542072
5792,32.5,27.67599868774414,90.0,0.0,20.3,6.2,22.963922454770277,39.38917673643108
5793,36.0,27.67599868774414,90.0,0.0,19.6,5.9,11.79533727914334,39.538601183743005
5794,35.9,27.67599868774414,90.0,0.0,19.3,5.8,13.1017608133649,39.83052824400947
5795,38.1,27.67599868774414,90.0,0.0,19.8,6.3,23.774292203735424,45.23228766112063
5796,30.0,27.67599868774414,90.0,0.0,20.8,6.0,9.560326816727816,32.86809804501834
5797,21.1,27.67599868774414,90.0,0.0,19.7,5.6,12.44805228010527,24.834415684031583
5798,22.0,27.67599868774414,90.0,0.0,20.1,5.9,20.975399020525487,28.292619706157645
5799,18.3,27.67599868774414,90.0,0.0,19.9,5.8,23.6609852348829,25.39829557046487
5800,19.1,27.67599868774414,90.0,0.0,20.1,5.6,17.145967168571364,24.24379015057141
5801,37.4,27.67599868774414,90.0,0.0,19.7,5.8,23.187112386585504,44.35613371597565
5802,17.2,27.67599868774414,90.0,0.0,20.5,5.8,12.71565227848215,21.014695683544645
5803,36.8,27.67599868774414,90.0,0.0,20.0,5.8,28.819997818651256,45.445999345595375
5804,19.8,27.67599868774414,90.0,0.0,19.8,5.9,20.585892390866576,25.975767717259973
5805,36.2,27.67599868774414,90.0,0.0,19.9,5.6,10.689039745827085,39.40671192374813
5806,37.2,27.67599868774414,90.0,0.0,20.1,5.9,14.826782159334565,41.64803464780037
5807,15.9,27.67599868774414,90.0,0.0,20.1,5.9,21.99985616706646,22.49995685011994
5808,20.8,27.67599868774414,90.0,0.0,20.8,6.0,25.2836330185463,28.38508990556389
5809,39.8,27.67599868774414,90.0,0.0,19.7,6.2,24.886048167030516,47.265814450109154
5810,21.8,27.67599868774414,90.0,0.0,19.6,5.8,29.323271306868396,30.59698139206052
5811,37.7,27.67599868774414,90.0,0.0,19.9,5.5,8.556705604685614,40.267011681405684
5812,23.8,27.67599868774414,90.0,0.0,19.7,5.7,22.33727596598378,30.501182789795134
5813,35.3,27.67599868774414,90.0,0.0,20.0,5.7,7.5231234416038975,37.556937032481166
5814,22.3,27.67599868774414,90.0,0.0,20.4,6.0,20.331803559276793,28.399541067783037
5815,17.4,27.67599868774414,90.0,0.0,20.7,5.8,26.50005785670626,25.350017357011875
5816,16.7,27.67599868774414,90.0,0.0,20.0,6.1,19.5304114173186,22.55912342519558
5817,32.5,27.67599868774414,90.0,0.0,19.0,6.3,26.35980512547883,40.40794153764365
5818,25.4,27.67599868774414,90.0,0.0,19.4,6.1,9.648372028122127,28.294511608436636
5819,36.1,27.67599868774414,90.0,0.0,19.8,6.4,27.88248678550652,44.464746035651956
5820,15.9,27.325998306274418,91.0,0.0,19.3,6.4,26.625410084535897,23.887623025360767
5821,29.4,27.325998306274418,91.0,0.0,20.8,5.5,27.245362497707497,37.57360874931225
5822,26.6,27.325998306274418,91.0,0.0,20.3,6.4,28.684958680006243,35.205487604001874
5823,17.2,27.325998306274418,91.0,0.0,20.4,5.7,5.256828363517744,18.777048509055323
5824,36.1,27.325998306274418,91.0,0.0,20.1,6.0,19.034188160313956,41.81025644809419
5825,31.8,27.325998306274418,91.0,0.0,19.8,5.9,15.59323069346122,36.47796920803837
5826,39.6,27.325998306274418,91.0,0.0,20.3,5.8,16.096881653508696,44.42906449605261
5827,39.3,27.325998306274418,91.0,0.0,19.5,5.5,6.045753539498131,41.113726061849434
5828,18.6,27.325998306274418,91.0,0.0,20.9,6.2,22.259784291602532,25.277935287480762
5829,32.3,27.325998306274418,91.0,0.0,19.2,6.0,26.143536959666626,40.14306108789999
5830,29.7,27.325998306274418,91.0,0.0,20.2,5.9,16.894178542257833,34.76825356267735
5831,25.6,27.325998306274418,91.0,0.0,19.8,5.7,24.457766721518542,32.93733001645556
5832,20.7,27.325998306274418,91.0,0.0,19.4,6.5,7.981485713499909,23.09444571404997
5833,16.2,27.325998306274418,91.0,0.0,20.3,6.3,15.7493865394488,20.92481596183464
5834,16.5,27.325998306274418,91.0,0.0,20.3,5.9,18.028938061901815,21.908681418570545
5835,26.7,27.325998306274418,91.0,0.0,19.1,5.8,9.28541319566477,29.48562395869943
5836,33.7,27.325998306274418,91.0,0.0,19.3,6.4,29.536999093401512,42.56109972802046
5837,36.7,27.325998306274418,91.0,0.0,20.8,5.6,5.184861262078639,38.255458378623594
5838,32.8,27.325998306274418,91.0,0.0,20.4,6.4,10.440718815240594,35.932215644572175
5839,31.0,27.325998306274418,91.0,0.0,20.6,5.6,9.771872264754581,33.93156167942637
5840,15.0,27.325998306274418,91.0,0.0,20.7,5.6,8.877440456725555,17.663232137017665
5841,32.3,27.325998306274418,91.0,0.0,19.5,6.4,25.196801590337966,39.85904047710139
5842,26.4,27.325998306274418,91.0,0.0,19.2,5.7,6.106064078914615,28.231819223674382
5843,26.9,27.325998306274418,91.0,0.0,20.7,6.2,19.587913292731457,32.77637398781943
5844,18.7,27.325998306274418,91.0,0.0,20.0,6.3,23.26432026097175,25.679296078291525
5845,27.3,27.325998306274418,91.0,0.0,20.7,6.1,27.110406606732553,35.43312198201977
5846,30.3,27.325998306274418,91.0,0.0,19.5,5.8,16.12500586190088,35.13750175857027
5847,26.2,27.325998306274418,91.0,0.0,19.0,5.8,28.808394343564295,34.84251830306928
5848,15.3,27.325998306274418,91.0,0.0,19.7,5.8,11.251953385018897,18.67558601550567
5849,24.0,27.325998306274418,91.0,0.0,19.7,6.4,10.859559787564217,27.257867936269264
5850,30.5,27.325998306274418,91.0,0.0,20.0,6.3,10.514043321451986,33.6542129964356
5851,25.7,27.325998306274418,91.0,0.0,20.2,5.7,22.487357246424242,32.44620717392727
5852,30.8,27.325998306274418,91.0,0.0,19.9,6.4,23.865118531855586,37.95953555955668
5853,37.4,27.325998306274418,91.0,0.0,20.0,6.5,13.059460913774764,41.31783827413243
5854,22.2,27.325998306274418,91.0,0.0,19.8,5.9,28.337869880060172,30.70136096401805
5855,36.5,27.325998306274418,91.0,0.0,19.6,5.7,11.25465098218154,39.876395294654465
5856,22.7,27.325998306274418,91.0,0.0,19.7,6.0,21.23693678094456,29.071081034283367
5857,23.8,27.325998306274418,91.0,0.0,20.5,5.9,16.658194603400368,28.79745838102011
5858,27.5,27.325998306274418,91.0,0.0,20.9,6.0,19.619535014006964,33.385860504202086
5859,33.5,27.325998306274418,91.0,0.0,20.5,5.7,23.52565249590162,40.557695748770485
5860,33.1,27.325998306274418,91.0,0.0,19.9,6.3,23.231476449098395,40.06944293472952
5861,29.3,27.325998306274418,91.0,0.0,19.1,5.8,21.12557949829594,35.637673849488785
5862,35.5,27.325998306274418,91.0,0.0,20.4,5.6,9.641715411681517,38.392514623504454
5863,22.4,27.325998306274418,91.0,0.0,20.0,5.6,9.955198012177156,25.386559403653145
5864,39.3,27.325998306274418,91.0,0.0,19.1,5.9,7.287458141816758,41.486237442545026
5865,16.6,27.325998306274418,91.0,0.0,19.4,6.0,22.540932507082264,23.36227975212468
5866,21.0,27.325998306274418,91.0,0.0,20.8,6.2,5.953188026061669,22.7859564078185
5867,26.0,27.325998306274418,91.0,0.0,19.9,5.7,10.989884366305269,29.29696530989158
5868,39.6,27.325998306274418,91.0,0.0,20.4,6.4,14.2265444011731,43.86796332035193
5869,26.5,27.325998306274418,91.0,0.0,20.0,5.9,11.576384277582154,29.972915283274645
5870,15.7,27.325998306274418,91.0,0.0,20.8,6.2,5.8580713194410645,17.45742139583232
5871,23.0,27.325998306274418,91.0,0.0,20.7,5.8,9.988892391200938,25.996667717360282
5872,26.4,27.325998306274418,91.0,0.0,21.0,5.9,13.389982660697784,30.416994798209334
5873,22.2,27.325998306274418,91.0,0.0,19.4,6.3,17.293442969893285,27.388032890967985
5874,16.6,27.325998306274418,91.0,0.0,21.0,6.3,11.46007485642148,20.038022456926445
5875,23.1,27.325998306274418,91.0,0.0,19.6,5.8,6.059956613127177,24.917986983938153
5876,24.7,27.325998306274418,91.0,0.0,19.1,6.3,10.670287507752644,27.901086252325793
5877,25.8,27.325998306274418,91.0,0.0,20.3,6.2,18.41877260222649,31.325631780667948
5878,17.3,27.325998306274418,91.0,0.0,20.5,6.3,9.163085951306151,20.048925785391845
5879,18.7,27.325998306274418,91.0,0.0,20.0,6.3,27.316629600829465,26.89498888024884
5880,29.9,26.92599868774414,92.0,0.0,20.2,6.5,24.422227306535415,37.22666819196062
5881,21.2,26.92599868774414,92.0,0.0,20.7,6.0,13.309130379054977,25.19273911371649
5882,37.0,26.92599868774414,92.0,0.0,21.0,6.3,5.77014933979849,38.73104480193955
5883,22.4,26.92599868774414,92.0,0.0,20.9,5.5,20.158316699817462,28.447495009945236
5884,17.7,26.92599868774414,92.0,0.0,20.5,5.5,27.080860196946876,25.824258059084062
5885,21.6,26.92599868774414,92.0,0.0,20.2,5.6,5.863187462011234,23.358956238603373
5886,27.8,26.92599868774414,92.0,0.0,19.1,5.9,24.502776158274187,35.150832847482256
5887,35.9,26.92599868774414,92.0,0.0,19.0,6.3,24.05343700272746,43.11603110081823
5888,18.8,26.92599868774414,92.0,0.0,19.5,6.2,18.034537309915653,24.210361192974695
5889,34.4,26.92599868774414,92.0,0.0,21.0,6.0,10.643315773723774,37.592994732117134
5890,16.5,26.92599868774414,92.0,0.0,20.6,5.6,6.33682702949946,18.40104810884984
5891,36.9,26.92599868774414,92.0,0.0,20.9,5.7,8.814086652417528,39.544225995725256
5892,33.7,26.92599868774414,92.0,0.0,19.1,5.9,24.81102745644874,41.14330823693462
5893,32.8,26.92599868774414,92.0,0.0,19.2,5.6,23.29670421304628,39.78901126391388
5894,30.7,26.92599868774414,92.0,0.0,20.5,6.4,8.218540916136046,33.165562274840816
5895,36.3,26.92599868774414,92.0,0.0,19.1,5.9,29.597998658000105,45.17939959740003
5896,34.0,26.92599868774414,92.0,0.0,19.9,6.1,6.353596803883741,35.90607904116512
5897,32.5,26.92599868774414,92.0,0.0,20.4,6.0,29.04118105209497,41.21235431562849
5898,20.0,26.92599868774414,92.0,0.0,19.9,6.1,6.401037163559229,21.920311149067768
5899,27.9,26.92599868774414,92.0,0.0,20.6,6.2,22.8381896342161,34.751456890264826
5900,35.4,26.92599868774414,92.0,0.0,19.1,6.4,12.19745190327462,39.05923557098239
5901,17.9,26.92599868774414,92.0,0.0,20.0,5.7,5.065723872603474,19.41971716178104
5902,16.1,26.92599868774414,92.0,0.0,20.4,5.5,17.56573969158375,21.369721907475125
5903,26.3,26.92599868774414,92.0,0.0,19.8,5.7,5.023761982117282,27.807128594635184
5904,39.0,26.92599868774414,92.0,0.0,19.7,6.2,21.474083547532956,45.44222506425989
5905,32.0,26.92599868774414,92.0,0.0,19.0,6.5,23.908339575429487,39.17250187262884
5906,24.4,26.92599868774414,92.0,0.0,20.8,5.7,22.36244261161144,31.10873278348343
5907,26.5,26.92599868774414,92.0,0.0,20.0,6.2,27.51537767974221,34.75461330392266
5908,25.8,26.92599868774414,92.0,0.0,20.5,6.3,23.556110931612118,32.866833279483636
5909,32.6,26.92599868774414,92.0,0.0,20.4,5.5,17.805979191597668,37.9417937574793
5910,24.4,26.92599868774414,92.0,0.0,19.7,5.6,28.29395448307362,32.88818634492208
5911,39.7,26.92599868774414,92.0,0.0,20.8,6.1,5.741971335082647,41.422591400524794
5912,29.8,26.92599868774414,92.0,0.0,19.8,5.6,27.895282906811467,38.16858487204344
5913,27.6,26.92599868774414,92.0,0.0,19.2,6.0,11.531883007523131,31.05956490225694
5914,34.1,26.92599868774414,92.0,0.0,20.2,6.3,14.363364511757274,38.40900935352718
5915,35.1,26.92599868774414,92.0,0.0,20.7,6.5,18.139162819777987,40.5417488459334
5916,38.1,26.92599868774414,92.0,0.0,19.2,5.8,27.69563661366498,46.40869098409949
5917,24.5,26.92599868774414,92.0,0.0,19.9,6.3,11.480833835551131,27.94425015066534
5918,28.3,26.92599868774414,92.0,0.0,19.1,5.9,8.077883348815726,30.72336500464472
5919,19.4,26.92599868774414,92.0,0.0,20.7,6.0,6.940569640037268,21.48217089201118
5920,38.2,26.92599868774414,92.0,0.0,20.4,6.1,8.68581295397378,40.80574388619214
5921,17.2,26.92599868774414,92.0,0.0,19.1,6.4,15.82018186152791,21.94605455845837
5922,33.1,26.92599868774414,92.0,0.0,19.5,6.1,21.227310859955683,39.468193257986705
5923,31.3,26.92599868774414,92.0,0.0,20.9,6.3,13.384716634320888,35.31541499029627
5924,38.5,26.92599868774414,92.0,0.0,19.5,6.0,5.481179180501987,40.14435375415059
5925,24.9,26.92599868774414,92.0,0.0,20.3,5.9,8.103918144097628,27.331175443229288
5926,39.3,26.92599868774414,92.0,0.0,19.4,6.3,22.022810927829983,45.906843278348994
5927,34.5,26.92599868774414,92.0,0.0,19.9,6.4,16.07781660095984,39.32334498028795
5928,32.3,26.92599868774414,92.0,0.0,20.1,5.6,22.870163312108957,39.16104899363268
5929,31.1,26.92599868774414,92.0,0.0,20.5,6.3,6.982024575735725,33.19460737272072
5930,35.6,26.92599868774414,92.0,0.0,19.6,5.7,25.202319282730897,43.16069578481927
5931,25.4,26.92599868774414,92.0,0.0,19.2,6.4,21.345670063361933,31.803701019008578
5932,23.2,26.92599868774414,92.0,0.0,19.4,6.4,7.277431407679864,25.38322942230396
5933,23.6,26.92599868774414,92.0,0.0,20.0,6.1,17.33124481545364,28.799373444636093
5934,27.9,26.92599868774414,92.0,0.0,19.6,5.9,17.85962676667384,33.25788803000215
5935,38.3,26.92599868774414,92.0,0.0,19.1,6.5,18.60219309059859,43.88065792717958
5936,33.5,26.92599868774414,92.0,0.0,19.1,6.1,11.126098775086097,36.83782963252583
5937,21.6,26.92599868774414,92.0,0.0,19.1,6.4,22.019354667523174,28.205806400256954
5938,15.8,26.92599868774414,92.0,0.0,20.0,6.5,8.788475785248643,18.436542735574594
5939,21.9,26.92599868774414,92.0,0.0,19.7,6.2,11.382370167412152,25.314711050223643
5940,25.1,26.575998306274418,94.0,0.0,19.6,6.1,8.817812624443928,27.74534378733318
5941,24.9,26.575998306274418,94.0,0.0,20.7,6.4,16.750708739592312,29.92521262187769
5942,17.6,26.575998306274418,94.0,0.0,19.6,6.4,15.223991372277762,22.16719741168333
5943,16.2,26.575998306274418,94.0,0.0,19.4,5.5,28.2436125817957,24.67308377453871
5944,18.4,26.575998306274418,94.0,0.0,20.9,5.6,24.336182175162662,25.7008546525488
5945,34.5,26.575998306274418,94.0,0.0,20.2,5.9,18.297810221945582,39.98934306658367
5946,15.7,26.575998306274418,94.0,0.0,19.7,5.9,27.237361071698963,23.871208321509688
5947,29.9,26.575998306274418,94.0,0.0,20.8,6.4,9.812162337837648,32.84364870135129
5948,36.9,26.575998306274418,94.0,0.0,20.2,6.0,18.060551887363822,42.318165566209146
5949,39.7,26.575998306274418,94.0,0.0,20.3,5.5,11.446983195720701,43.13409495871621
5950,28.6,26.575998306274418,94.0,0.0,19.8,6.0,21.957672143896005,35.1873016431688
5951,28.7,26.575998306274418,94.0,0.0,20.6,5.8,18.32802189956051,34.198406569868155
5952,26.1,26.575998306274418,94.0,0.0,20.9,6.0,5.162249875094428,27.64867496252833
5953,39.9,26.575998306274418,94.0,0.0,19.8,6.5,18.15395703747969,45.34618711124391
5954,27.0,26.575998306274418,94.0,0.0,19.5,6.2,23.673694270814224,34.10210828124427
5955,15.2,26.575998306274418,94.0,0.0,20.1,6.0,12.50464943554312,18.951394830662935
5956,28.7,26.575998306274418,94.0,0.0,20.3,5.8,7.898102596714056,31.069430779014215
5957,29.4,26.575998306274418,94.0,0.0,19.4,6.5,20.75980883685001,35.627942651055
5958,17.7,26.575998306274418,94.0,0.0,19.7,6.1,9.29049916176718,20.487149748530154
5959,23.5,26.575998306274418,94.0,0.0,20.1,5.6,26.688294890859424,31.506488467257824
5960,17.4,26.575998306274418,94.0,0.0,20.4,5.6,12.474131624290662,21.142239487287195
5961,28.4,26.575998306274418,94.0,0.0,19.8,6.4,25.842183825058918,36.15265514751768
5962,35.1,26.575998306274418,94.0,0.0,19.8,6.0,11.236265862441195,38.47087975873236
5963,25.8,26.575998306274418,94.0,0.0,20.2,5.8,10.881519694745377,29.064455908423614
5964,25.9,26.575998306274418,94.0,0.0,19.3,5.9,24.10093434892163,33.13028030467649
5965,33.5,26.575998306274418,94.0,0.0,19.6,6.1,10.49186118597923,36.64755835579377
5966,30.0,26.575998306274418,94.0,0.0,19.3,5.6,5.202312738107158,31.560693821432146
5967,19.1,26.575998306274418,94.0,0.0,19.1,5.6,10.499015464825746,22.249704639447724
5968,34.0,26.575998306274418,94.0,0.0,19.1,6.3,21.785423965974328,40.5356271897923
5969,33.7,26.575998306274418,94.0,0.0,19.1,6.1,18.881821623279592,39.36454648698388
5970,36.4,26.575998306274418,94.0,0.0,20.7,5.6,23.997489356221926,43.599246806866574
5971,19.8,26.575998306274418,94.0,0.0,19.2,5.9,14.084015726983944,24.025204718095182
5972,20.1,26.575998306274418,94.0,0.0,20.6,6.3,27.164637295748342,28.249391188724502
5973,37.2,26.575998306274418,94.0,0.0,20.7,6.4,12.376859450767338,40.913057835230205
5974,40.0,26.575998306274418,94.0,0.0,20.8,6.3,21.198980718074246,46.35969421542227
5975,35.9,26.575998306274418,94.0,0.0,20.1,6.1,5.714489681817357,37.61434690454521
5976,32.6,26.575998306274418,94.0,0.0,19.8,6.3,22.784418309950034,39.435325492985015
5977,27.2,26.575998306274418,94.0,0.0,20.9,5.9,19.03682445802018,32.91104733740605
5978,18.3,26.575998306274418,94.0,0.0,20.5,6.0,19.907605221110746,24.272281566333223
5979,26.9,26.575998306274418,94.0,0.0,20.4,5.7,23.926018513255137,34.07780555397654
5980,28.7,26.575998306274418,94.0,0.0,19.5,5.9,6.971401377090359,30.791420413127106
5981,38.7,26.575998306274418,94.0,0.0,19.3,6.2,10.110485843550785,41.73314575306524
5982,28.0,26.575998306274418,94.0,0.0,20.0,6.2,29.24521968774239,36.773565906322716
5983,25.4,26.575998306274418,94.0,0.0,20.3,5.9,15.124432270548587,29.937329681164574
5984,38.6,26.575998306274418,94.0,0.0,19.4,5.7,21.39850397506954,45.019551192520865
5985,31.5,26.575998306274418,94.0,0.0,20.4,5.7,10.794045604114988,34.7382136812345
5986,31.6,26.575998306274418,94.0,0.0,20.9,6.4,7.2858568066301235,33.78575704198904
5987,29.3,26.575998306274418,94.0,0.0,19.3,6.5,5.0830471306065315,30.82491413918196
5988,18.0,26.575998306274418,94.0,0.0,19.5,5.8,25.714903041982375,25.714470912594713
5989,32.6,26.575998306274418,94.0,0.0,20.5,5.5,12.639617720242123,36.39188531607264
5990,24.4,26.575998306274418,94.0,0.0,19.0,5.8,24.769746351274332,31.8309239053823
5991,19.8,26.575998306274418,94.0,0.0,20.6,5.7,25.947753649433114,27.584326094829933
5992,36.8,26.575998306274418,94.0,0.0,20.8,5.7,26.81895402452748,44.84568620735824
5993,29.8,26.575998306274418,94.0,0.0,19.9,6.4,19.454550342897118,35.636365102869135
5994,33.6,26.575998306274418,94.0,0.0,19.0,6.2,16.419149930796635,38.52574497923899
5995,20.8,26.575998306274418,94.0,0.0,19.7,6.2,12.339782596320259,24.50193477889608
5996,25.4,26.575998306274418,94.0,0.0,20.9,6.4,26.95265063714392,33.485795191143175
5997,33.6,26.575998306274418,94.0,0.0,19.4,5.7,9.361222766852105,36.408366830055634
5998,28.9,26.575998306274418,94.0,0.0,19.0,5.7,8.247348806736758,31.374204642021027
5999,26.0,26.575998306274418,94.0,0.0,20.4,6.0,22.26791224563433,32.6803736736903
6000,15.8,26.375999450683594,94.0,0.0,20.8,6.4,28.31742195632702,24.295226586898107
6001,29.5,26.375999450683594,94.0,0.0,19.4,6.5,23.5115449553877,36.55346348661631
6002,22.6,26.375999450683594,94.0,0.0,19.8,6.0,10.380800362855368,25.71424010885661
6003,18.4,26.375999450683594,94.0,0.0,20.9,5.8,6.990963486586739,20.49728904597602
6004,15.3,26.375999450683594,94.0,0.0,20.6,5.9,19.685015956662838,21.20550478699885
6005,22.8,26.375999450683594,94.0,0.0,20.7,6.2,7.192851791688883,24.957855537506667
6006,32.1,26.375999450683594,94.0,0.0,21.0,6.0,6.476440096357143,34.042932028907146
6007,32.2,26.375999450683594,94.0,0.0,20.6,5.5,6.497072993329946,34.14912189799899
6008,39.8,26.375999450683594,94.0,0.0,21.0,6.2,27.41257467893159,48.02377240367947
6009,19.4,26.375999450683594,94.0,0.0,20.8,6.0,27.37204634857495,27.611613904572483
6010,35.7,26.375999450683594,94.0,0.0,20.3,6.3,14.442104595438055,40.03263137863142
6011,35.0,26.375999450683594,94.0,0.0,20.9,5.8,29.438068623257,43.8314205869771
6012,25.2,26.375999450683594,94.0,0.0,19.3,6.5,20.513783389389918,31.354135016816976
6013,29.8,26.375999450683594,94.0,0.0,19.2,5.7,23.75003291770031,36.925009875310096
6014,22.3,26.375999450683594,94.0,0.0,20.0,5.7,18.9513894865291,27.98541684595873
6015,27.4,26.375999450683594,94.0,0.0,19.2,6.3,26.568632238995516,35.37058967169865
6016,39.1,26.375999450683594,94.0,0.0,20.6,6.1,25.660773982104057,46.79823219463122
6017,36.6,26.375999450683594,94.0,0.0,19.0,6.3,23.048962604390645,43.5146887813172
6018,31.3,26.375999450683594,94.0,0.0,20.9,5.6,5.959098619793128,33.087729585937936
6019,31.9,26.375999450683594,94.0,0.0,19.5,5.7,20.61002316599098,38.083006949797294
6020,18.2,26.375999450683594,94.0,0.0,19.6,5.8,29.889143804971546,27.166743141491462
6021,39.5,26.375999450683594,94.0,0.0,19.1,6.0,25.751364158070253,47.22540924742108
6022,23.8,26.375999450683594,94.0,0.0,20.7,6.1,20.35609435630585,29.906828306891754
6023,38.2,26.375999450683594,94.0,0.0,19.0,5.8,5.328375262983563,39.79851257889507
6024,29.0,26.375999450683594,94.0,0.0,20.5,6.5,15.612666264426615,33.683799879327985
6025,16.5,26.375999450683594,94.0,0.0,20.5,6.5,11.161139617698367,19.84834188530951
6026,38.3,26.375999450683594,94.0,0.0,20.2,6.4,19.42960247528077,44.12888074258423
6027,35.0,26.375999450683594,94.0,0.0,19.5,5.8,11.06027297550375,38.31808189265112
6028,28.2,26.375999450683594,94.0,0.0,20.9,6.3,26.785908326173132,36.23577249785194
6029,31.4,26.375999450683594,94.0,0.0,19.2,5.9,10.371744745144259,34.511523423543274
6030,25.6,26.375999450683594,94.0,0.0,20.3,6.0,21.728793811149874,32.11863814334497
6031,33.8,26.375999450683594,94.0,0.0,19.3,6.0,6.540682860527615,35.762204858158285
6032,16.5,26.375999450683594,94.0,0.0,20.6,5.8,28.07008783575165,24.921026350725494
6033,27.1,26.375999450683594,94.0,0.0,19.8,6.2,26.675549269572073,35.10266478087162
6034,35.6,26.375999450683594,94.0,0.0,20.8,6.0,29.444202517652027,44.433260755295606
6035,26.4,26.375999450683594,94.0,0.0,19.3,5.8,13.974576951279001,30.5923730853837
6036,29.4,26.375999450683594,94.0,0.0,19.6,5.5,7.670348395317254,31.701104518595173
6037,38.1,26.375999450683594,94.0,0.0,19.0,5.5,20.300578390327466,44.190173517098245
6038,27.2,26.375999450683594,94.0,0.0,20.1,5.8,24.691535530833967,34.60746065925019
6039,30.7,26.375999450683594,94.0,0.0,19.9,5.7,17.290122062880076,35.88703661886402
6040,33.0,26.375999450683594,94.0,0.0,20.5,6.0,14.902193750138785,37.47065812504164
6041,33.6,26.375999450683594,94.0,0.0,19.9,5.5,25.40969634855726,41.22290890456718
6042,23.1,26.375999450683594,94.0,0.0,20.6,5.7,23.78493666815383,30.23548100044615
6043,33.4,26.375999450683594,94.0,0.0,20.0,6.5,5.479896242217218,35.04396887266516
6044,29.1,26.375999450683594,94.0,0.0,20.0,6.0,26.52940997208109,37.058822991624325
6045,39.7,26.375999450683594,94.0,0.0,20.6,6.5,21.593438089976054,46.17803142699282
6046,17.2,26.375999450683594,94.0,0.0,20.0,5.7,27.4618442149479,25.43855326448437
6047,18.2,26.375999450683594,94.0,0.0,19.8,6.2,16.503345460671895,23.151003638201566
6048,36.5,26.375999450683594,94.0,0.0,19.2,5.6,16.419098000612983,41.4257294001839
6049,15.4,26.375999450683594,94.0,0.0,20.8,6.2,19.1532585989616,21.14597757968848
6050,21.2,26.375999450683594,94.0,0.0,20.9,5.6,25.67830389429606,28.903491168288816
6051,31.6,26.375999450683594,94.0,0.0,19.6,5.7,7.88733891558321,33.96620167467496
6052,29.6,26.375999450683594,94.0,0.0,20.9,5.5,17.218396305258825,34.76551889157765
6053,33.6,26.375999450683594,94.0,0.0,20.3,6.0,5.862675147577904,35.358802544273374
6054,27.0,26.375999450683594,94.0,0.0,19.2,6.5,24.038708519006324,34.2116125557019
6055,31.2,26.375999450683594,94.0,0.0,19.9,6.1,10.181349166586081,34.254404749975826
6056,24.5,26.375999450683594,94.0,0.0,19.6,5.5,14.333030889059051,28.799909266717716
6057,36.3,26.375999450683594,94.0,0.0,20.3,5.9,9.136558977546127,39.04096769326384
6058,20.7,26.375999450683594,94.0,0.0,20.2,6.0,21.19407399929751,27.058222199789252
6059,31.1,26.375999450683594,94.0,0.0,20.9,5.6,26.92908157921743,39.17872447376523
6060,34.4,26.325998306274418,94.0,0.0,20.0,6.3,6.655657830621735,36.39669734918652
6061,31.3,26.325998306274418,94.0,0.0,20.9,5.6,19.7788738803987,37.23366216411961
6062,17.5,26.325998306274418,94.0,0.0,19.2,6.3,19.4289102092391,23.328673062771728
6063,31.0,26.325998306274418,94.0,0.0,20.5,6.2,7.983589903946262,33.395076971183876
6064,23.5,26.325998306274418,94.0,0.0,20.0,6.2,20.271005140935387,29.581301542280617
6065,36.3,26.325998306274418,94.0,0.0,19.5,5.7,24.46503548459539,43.639510645378614
6066,29.6,26.325998306274418,94.0,0.0,19.3,6.1,19.315820159115166,35.39474604773455
6067,19.3,26.325998306274418,94.0,0.0,20.5,5.9,25.600445718869793,26.980133715660937
6068,23.5,26.325998306274418,94.0,0.0,19.4,5.6,28.794750822407202,32.138425246722164
6069,32.5,26.325998306274418,94.0,0.0,20.3,6.4,14.841474354104724,36.95244230623142
6070,27.6,26.325998306274418,94.0,0.0,20.5,6.4,14.388021358488244,31.916406407546475
6071,24.4,26.325998306274418,94.0,0.0,19.2,5.7,26.833079299477408,32.44992378984322
6072,30.0,26.325998306274418,94.0,0.0,20.9,6.3,16.99923408846086,35.099770226538254
6073,37.7,26.325998306274418,94.0,0.0,19.5,6.2,16.722390704460004,42.71671721133801
6074,27.7,26.325998306274418,94.0,0.0,20.2,6.0,19.693026958970712,33.607908087691214
6075,26.0,26.325998306274418,94.0,0.0,20.5,6.0,19.926449329539253,31.977934798861774
6076,30.6,26.325998306274418,94.0,0.0,20.3,6.2,20.241480059429847,36.67244401782896
6077,22.3,26.325998306274418,94.0,0.0,20.2,5.7,24.60930068585211,29.682790205755634
6078,31.7,26.325998306274418,94.0,0.0,19.1,5.7,11.931625251015971,35.27948757530479
6079,19.0,26.325998306274418,94.0,0.0,20.2,6.4,25.16680015417509,26.550040046252526
6080,15.4,26.325998306274418,94.0,0.0,20.3,6.0,7.443554682286139,17.63306640468584
6081,28.5,26.325998306274418,94.0,0.0,20.6,5.9,25.275473878616484,36.08264216358494
6082,26.7,26.325998306274418,94.0,0.0,19.5,6.4,15.161048861692286,31.248314658507685
6083,17.4,26.325998306274418,94.0,0.0,20.9,5.6,11.461556088951781,20.838466826685533
6084,39.1,26.325998306274418,94.0,0.0,19.8,5.9,5.316581688823344,40.69497450664701
6085,32.7,26.325998306274418,94.0,0.0,20.9,6.0,27.384326470676637,40.915297941202994
6086,16.7,26.325998306274418,94.0,0.0,20.9,6.3,25.846566037747067,24.453969811324118
6087,33.9,26.325998306274418,94.0,0.0,19.9,5.9,10.487910463269182,37.046373138980755
6088,16.4,26.325998306274418,94.0,0.0,20.4,5.9,9.446380298067018,19.233914089420104
6089,20.4,26.325998306274418,94.0,0.0,20.3,5.9,10.975714644197282,23.692714393259184
6090,16.0,26.325998306274418,94.0,0.0,20.1,5.6,8.423812663709175,18.527143799112753
6091,26.2,26.325998306274418,94.0,0.0,20.0,5.5,27.539491493006114,34.46184744790183
6092,30.1,26.325998306274418,94.0,0.0,20.6,6.3,21.719256163944152,36.61577684918325
6093,25.3,26.325998306274418,94.0,0.0,20.4,6.4,22.169528276293445,31.950858482888034
6094,19.8,26.325998306274418,94.0,0.0,20.9,5.7,5.604494094182331,21.4813482282547
6095,18.4,26.325998306274418,94.0,0.0,20.4,5.7,28.09039598011611,26.82711879403483
6096,32.3,26.325998306274418,94.0,0.0,20.7,5.8,11.28701581565656,35.68610474469696
6097,32.5,26.325998306274418,94.0,0.0,19.5,6.0,16.515396673588732,37.45461900207662
6098,39.9,26.325998306274418,94.0,0.0,19.9,6.3,16.778326416153654,44.933497924846094
6099,27.9,26.325998306274418,94.0,0.0,20.3,5.6,26.586375147383322,35.875912544215
6100,34.1,26.325998306274418,94.0,0.0,20.1,5.7,19.161985424078587,39.848595627223574
6101,18.2,26.325998306274418,94.0,0.0,20.5,6.1,27.668371212338347,26.500511363701502
6102,28.3,26.325998306274418,94.0,0.0,20.1,5.6,27.118957898553624,36.43568736956609
6103,30.5,26.325998306274418,94.0,0.0,20.1,5.5,15.325091581711968,35.09752747451359
6104,15.9,26.325998306274418,94.0,0.0,20.1,6.2,10.350209602887396,19.00506288086622
6105,25.0,26.325998306274418,94.0,0.0,21.0,6.0,21.735634984302074,31.520690495290623
6106,34.5,26.325998306274418,94.0,0.0,20.1,5.6,16.54438495662113,39.46331548698634
6107,21.4,26.325998306274418,94.0,0.0,19.0,5.7,13.63029385988098,25.489088157964293
6108,15.4,26.325998306274418,94.0,0.0,20.7,5.8,27.37952452951954,23.61385735885586
6109,32.1,26.325998306274418,94.0,0.0,19.1,5.7,8.874779030159123,34.76243370904774
6110,25.6,26.325998306274418,94.0,0.0,19.7,6.2,26.144156687109035,33.44324700613271
6111,34.7,26.325998306274418,94.0,0.0,20.7,6.3,16.38484448084175,39.61545334425253
6112,27.8,26.325998306274418,94.0,0.0,20.6,5.7,19.502616136505452,33.65078484095164
6113,24.3,26.325998306274418,94.0,0.0,20.0,6.2,17.208467791289728,29.46254033738692
6114,24.7,26.325998306274418,94.0,0.0,21.0,6.3,8.145690672550245,27.14370720176507
6115,20.7,26.325998306274418,94.0,0.0,20.8,5.8,18.25711105032797,26.17713331509839
6116,34.4,26.325998306274418,94.0,0.0,20.6,6.1,21.617891720307508,40.88536751609225
6117,28.0,26.325998306274418,94.0,0.0,20.4,6.3,19.96612358414731,33.989837075244196
6118,39.1,26.325998306274418,94.0,0.0,19.9,6.3,22.596856931498237,45.879057079449474
6119,37.4,26.325998306274418,94.0,0.0,20.4,5.6,20.116555102455592,43.43496653073667
6120,25.6,26.42599868774414,93.0,0.0,20.3,6.5,8.286163808789631,28.085849142636892
6121,33.4,26.42599868774414,93.0,0.0,20.2,6.0,7.416327201710694,35.624898160513204
6122,32.0,26.42599868774414,93.0,0.0,20.7,6.3,5.098130461397561,33.52943913841927
6123,17.2,26.42599868774414,93.0,0.0,21.0,5.9,25.25136755433362,24.775410266300085
6124,25.9,26.42599868774414,93.0,0.0,19.2,6.4,21.770103817753316,32.431031145325996
6125,24.9,26.42599868774414,93.0,0.0,20.8,5.9,26.38780176967783,32.81634053090335
6126,24.9,26.42599868774414,93.0,0.0,19.9,6.4,12.058721860008813,28.517616558002644
6127,20.0,26.42599868774414,93.0,0.0,19.8,6.3,24.384086137553403,27.31522584126602
6128,30.2,26.42599868774414,93.0,0.0,20.1,5.8,14.766456410087217,34.629936923026165
6129,28.4,26.42599868774414,93.0,0.0,19.5,6.3,28.492015727246745,36.94760471817402
6130,35.5,26.42599868774414,93.0,0.0,20.9,6.3,22.615983752691683,42.284795125807506
6131,34.1,26.42599868774414,93.0,0.0,20.1,5.8,25.289916781496753,41.68697503444903
6132,16.1,26.42599868774414,93.0,0.0,20.8,5.6,12.992678469876076,19.997803540962824
6133,16.5,26.42599868774414,93.0,0.0,19.6,5.9,27.232200253080727,24.66966007592422
6134,17.2,26.42599868774414,93.0,0.0,19.4,6.4,27.364109426212273,25.409232827863683
6135,34.6,26.42599868774414,93.0,0.0,19.3,6.4,13.911116519574309,38.77333495587229
6136,29.2,26.42599868774414,93.0,0.0,19.7,5.5,25.950644575482407,36.98519337264472
6137,33.9,26.42599868774414,93.0,0.0,20.2,5.6,8.883164456819955,36.56494933704599
6138,24.9,26.42599868774414,93.0,0.0,20.8,5.6,22.08001916249257,31.52400574874777
6139,36.5,26.42599868774414,93.0,0.0,19.4,5.5,25.778125519270326,44.233437655781096
6140,16.7,26.42599868774414,93.0,0.0,19.6,6.2,24.61332057555104,24.08399617266531
6141,26.1,26.42599868774414,93.0,0.0,19.2,5.7,13.191988639573308,30.057596591871995
6142,36.3,26.42599868774414,93.0,0.0,20.6,6.3,18.495478446002075,41.84864353380062
6143,37.7,26.42599868774414,93.0,0.0,20.5,6.4,17.70365614965744,43.01109684489724
6144,25.7,26.42599868774414,93.0,0.0,20.2,6.2,19.424340238734914,31.527302071620472
6145,22.1,26.42599868774414,93.0,0.0,19.2,5.7,20.025434842734917,28.107630452820477
6146,27.2,26.42599868774414,93.0,0.0,20.7,6.4,11.295828732152302,30.58874861964569
6147,21.9,26.42599868774414,93.0,0.0,20.6,6.4,26.146162649982983,29.743848794994893
6148,38.2,26.42599868774414,93.0,0.0,19.2,5.7,7.234922203015785,40.370476660904735
6149,19.7,26.42599868774414,93.0,0.0,19.7,5.8,9.83980028453792,22.651940085361375
6150,19.8,26.42599868774414,93.0,0.0,20.1,5.6,17.421202555271883,25.026360766581565
6151,19.2,26.42599868774414,93.0,0.0,20.8,5.9,13.881723373999009,23.364517012199702
6152,33.9,26.42599868774414,93.0,0.0,20.6,5.6,22.040806967401434,40.512242090220425
6153,30.9,26.42599868774414,93.0,0.0,19.0,6.2,25.298439838717165,38.48953195161515
6154,27.3,26.42599868774414,93.0,0.0,20.4,5.7,28.701477448910154,35.910443234673046
6155,31.4,26.42599868774414,93.0,0.0,19.2,5.5,9.187560244444871,34.15626807333346
6156,19.5,26.42599868774414,93.0,0.0,20.2,5.5,11.620723207962806,22.98621696238884
6157,17.8,26.42599868774414,93.0,0.0,20.4,5.6,23.626576307333753,24.887972892200125
6158,18.0,26.42599868774414,93.0,0.0,19.4,5.6,18.134529321049264,23.44035879631478
6159,32.0,26.42599868774414,93.0,0.0,19.9,5.9,9.295088046077764,34.78852641382333
6160,31.7,26.42599868774414,93.0,0.0,21.0,6.5,16.407143919217518,36.62214317576525
6161,26.3,26.42599868774414,93.0,0.0,19.3,6.0,7.843395286287503,28.65301858588625
6162,29.7,26.42599868774414,93.0,0.0,19.0,5.8,13.503567096451922,33.751070128935574
6163,34.1,26.42599868774414,93.0,0.0,20.8,5.5,6.4553244761941,36.03659734285823
6164,31.2,26.42599868774414,93.0,0.0,19.2,6.4,27.21122176233771,39.36336652870131
6165,25.5,26.42599868774414,93.0,0.0,19.6,6.1,12.816778935917522,29.345033680775256
6166,21.3,26.42599868774414,93.0,0.0,19.4,5.5,28.34512323548994,29.80353697064698
6167,39.7,26.42599868774414,93.0,0.0,19.6,5.6,12.957796558248013,43.58733896747441
6168,32.1,26.42599868774414,93.0,0.0,19.7,6.2,7.973419206605871,34.492025761981765
6169,15.5,26.42599868774414,93.0,0.0,20.0,6.4,26.69238980328322,23.507716940984963
6170,27.8,26.42599868774414,93.0,0.0,20.6,5.8,29.07710823827382,36.52313247148214
6171,35.1,26.42599868774414,93.0,0.0,20.3,6.0,13.123016455947063,39.03690493678412
6172,36.1,26.42599868774414,93.0,0.0,20.2,6.4,13.011676188161527,40.003502856448456
6173,39.5,26.42599868774414,93.0,0.0,19.8,5.6,13.603477928146475,43.581043378443944
6174,16.3,26.42599868774414,93.0,0.0,20.3,6.5,24.17736915078598,23.553210745235795
6175,37.0,26.42599868774414,93.0,0.0,20.4,5.8,21.66173896560183,43.49852168968055
6176,28.9,26.42599868774414,93.0,0.0,19.1,6.0,15.92343251292523,33.67702975387757
6177,30.0,26.42599868774414,93.0,0.0,20.1,5.5,9.789028554324092,32.93670856629723
6178,37.9,26.42599868774414,93.0,0.0,20.1,6.2,14.185284275507714,42.15558528265231
6179,22.4,26.42599868774414,93.0,0.0,20.9,6.1,28.383477362530314,30.915043208759094
6180,17.8,26.97599983215332,90.0,0.0,19.6,5.9,28.281885991818427,26.28456579754553
6181,16.9,26.97599983215332,90.0,0.0,19.2,6.0,9.499114393648771,19.74973431809463
6182,28.1,26.97599983215332,90.0,0.0,20.3,5.9,29.387947470460478,36.91638424113815
6183,23.1,26.97599983215332,90.0,0.0,20.1,6.5,24.326018148238983,30.397805444471697
6184,16.7,26.97599983215332,90.0,0.0,21.0,6.4,26.50220165777174,24.650660497331522
6185,33.5,26.97599983215332,90.0,0.0,20.8,5.8,19.673515484102357,39.402054645230706
6186,34.9,26.97599983215332,90.0,0.0,19.6,6.3,19.248328533929932,40.674498560178975
6187,39.9,26.97599983215332,90.0,0.0,19.4,5.6,18.903188747097847,45.57095662412935
6188,30.5,26.97599983215332,90.0,0.0,20.1,6.2,25.11255332217204,38.03376599665161
6189,23.4,26.97599983215332,90.0,0.0,20.0,5.6,29.585959031734753,32.27578770952042
6190,39.3,26.97599983215332,90.0,0.0,20.7,5.9,13.693896012554179,43.40816880376625
6191,33.6,26.97599983215332,90.0,0.0,20.1,5.7,7.687525837212301,35.90625775116369
6192,38.2,26.97599983215332,90.0,0.0,20.0,5.6,28.582859392587935,46.77485781777638
6193,28.6,26.97599983215332,90.0,0.0,19.2,5.9,23.350147763853254,35.60504432915598
6194,29.3,26.97599983215332,90.0,0.0,19.4,6.3,13.784213413205991,33.4352640239618
6195,26.8,26.97599983215332,90.0,0.0,19.4,5.7,10.998705888198602,30.09961176645958
6196,26.0,26.97599983215332,90.0,0.0,20.6,5.8,7.400753307286715,28.220225992186016
6197,25.1,26.97599983215332,90.0,0.0,20.2,6.0,24.611576764448877,32.48347302933466
6198,39.7,26.97599983215332,90.0,0.0,19.7,5.9,8.892819645651162,42.36784589369535
6199,20.3,26.97599983215332,90.0,0.0,19.6,6.2,13.823156113346728,24.44694683400402
6200,19.0,26.97599983215332,90.0,0.0,20.0,6.5,17.79115231875071,24.337345695625213
6201,30.0,26.97599983215332,90.0,0.0,19.6,6.0,13.606135274978891,34.08184058249367
6202,33.7,26.97599983215332,90.0,0.0,19.1,6.4,10.22689950382966,36.7680698511489
6203,26.2,26.97599983215332,90.0,0.0,20.4,5.6,28.297068803792,34.6891206411376
6204,31.8,26.97599983215332,90.0,0.0,20.4,6.4,7.490232653090244,34.04706979592707
6205,15.2,26.97599983215332,90.0,0.0,20.0,6.0,17.279080245067377,20.383724073520213
6206,16.5,26.97599983215332,90.0,0.0,20.0,6.4,10.646856867581377,19.694057060274414
6207,34.2,26.97599983215332,90.0,0.0,19.1,6.4,6.969163581280153,36.290749074384046
6208,15.7,26.97599983215332,90.0,0.0,20.4,5.6,12.773812353807937,19.53214370614238
6209,18.7,26.97599983215332,90.0,0.0,19.9,5.9,15.421942559884101,23.326582767965228
6210,20.8,26.97599983215332,90.0,0.0,19.3,6.3,12.656003828533063,24.59680114855992
6211,21.6,26.97599983215332,90.0,0.0,19.7,6.3,23.14368084935088,28.543104254805264
6212,18.7,26.97599983215332,90.0,0.0,19.6,5.6,18.263712339519056,24.179113701855716
6213,37.2,26.97599983215332,90.0,0.0,19.3,6.2,14.889976975527059,41.66699309265812
6214,16.6,26.97599983215332,90.0,0.0,20.4,6.0,25.652111841294886,24.295633552388466
6215,31.4,26.97599983215332,90.0,0.0,20.6,6.2,25.682728733687537,39.10481862010626
6216,20.6,26.97599983215332,90.0,0.0,19.2,5.9,8.801035407242018,23.240310622172608
6217,40.0,26.97599983215332,90.0,0.0,20.0,6.2,6.28246945765402,41.88474083729621
6218,30.2,26.97599983215332,90.0,0.0,20.1,5.7,11.782801854951845,33.73484055648555
6219,33.5,26.97599983215332,90.0,0.0,19.6,6.3,11.032679690355735,36.80980390710672
6220,33.8,26.97599983215332,90.0,0.0,20.2,6.3,12.719250523546084,37.61577515706382
6221,36.7,26.97599983215332,90.0,0.0,20.8,5.8,26.284459085611804,44.585337725683544
6222,19.9,26.97599983215332,90.0,0.0,19.3,5.8,18.581943780970384,25.474583134291112
6223,36.8,26.97599983215332,90.0,0.0,20.4,6.1,23.550981221527277,43.86529436645818
6224,15.1,26.97599983215332,90.0,0.0,19.5,5.8,24.594212478054462,22.47826374341634
6225,31.1,26.97599983215332,90.0,0.0,20.8,6.0,21.802940186708014,37.64088205601241
6226,35.8,26.97599983215332,90.0,0.0,19.3,6.5,16.915026446608987,40.87450793398269
6227,24.1,26.97599983215332,90.0,0.0,20.1,5.8,7.822642777173398,26.44679283315202
6228,30.7,26.97599983215332,90.0,0.0,20.0,5.7,23.25507327916877,37.67652198375063
6229,23.5,26.97599983215332,90.0,0.0,19.6,6.1,5.613285773856146,25.183985732156845
6230,28.3,26.97599983215332,90.0,0.0,19.4,6.1,9.840052432568692,31.25201572977061
6231,25.1,26.97599983215332,90.0,0.0,20.5,6.4,13.492925042435514,29.147877512730656
6232,35.8,26.97599983215332,90.0,0.0,19.6,6.5,17.689446388031584,41.10683391640947
6233,30.0,26.97599983215332,90.0,0.0,19.4,5.8,25.80446638738939,37.741339916216816
6234,30.3,26.97599983215332,90.0,0.0,20.2,5.7,14.259533686113308,34.57786010583399
6235,20.5,26.97599983215332,90.0,0.0,19.7,5.9,6.338644030208028,22.40159320906241
6236,32.0,26.97599983215332,90.0,0.0,19.1,5.9,23.92498789493245,39.17749636847974
6237,29.8,26.97599983215332,90.0,0.0,19.6,6.2,24.805489274347018,37.2416467823041
6238,24.4,26.97599983215332,90.0,0.0,19.4,6.2,18.55396142091061,29.96618842627318
6239,36.5,26.97599983215332,90.0,0.0,20.8,5.7,6.427378045635766,38.42821341369073
6240,35.2,28.375999450683594,83.0,0.0,19.1,5.6,29.82516340167688,44.147549020503064
6241,28.7,28.375999450683594,83.0,0.0,20.8,5.7,7.6730553195532885,31.001916595865985
6242,37.5,28.375999450683594,83.0,0.0,19.4,6.2,9.490395797323535,40.34711873919706
6243,21.3,28.375999450683594,83.0,0.0,20.5,6.4,8.389718600162766,23.816915580048832
6244,27.3,28.375999450683594,83.0,0.0,20.9,5.8,29.97990203808487,36.293970611425465
6245,21.0,28.375999450683594,83.0,0.0,20.2,5.8,9.012394209600112,23.703718262880034
6246,33.9,28.375999450683594,83.0,0.0,19.8,6.5,21.441564332408902,40.33246929972267
6247,24.4,28.375999450683594,83.0,0.0,19.6,5.9,11.293242905980994,27.787972871794295
6248,32.9,28.375999450683594,83.0,0.0,20.2,6.1,16.19180398754218,37.75754119626265
6249,34.8,28.375999450683594,83.0,0.0,20.6,6.0,15.78995404155198,39.53698621246559
6250,21.0,28.375999450683594,83.0,0.0,19.2,5.6,14.261561025917938,25.27846830777538
6251,26.9,28.375999450683594,83.0,0.0,20.4,5.6,21.232601435462787,33.26978043063883
6252,32.4,28.375999450683594,83.0,0.0,20.0,5.6,18.58125828181172,37.97437748454352
6253,19.5,28.375999450683594,83.0,0.0,20.2,5.5,28.24948702770113,27.974846108310338
6254,37.0,28.375999450683594,83.0,0.0,20.7,5.9,23.909191694312764,44.17275750829383
6255,38.7,28.375999450683594,83.0,0.0,19.4,6.4,29.783370149431878,47.63501104482957
6256,34.1,28.375999450683594,83.0,0.0,20.2,5.9,26.175354905644888,41.95260647169347
6257,38.1,28.375999450683594,83.0,0.0,20.4,6.1,11.457220697812478,41.537166209343745
6258,31.0,28.375999450683594,83.0,0.0,19.6,6.3,23.98177622833369,38.194532868500104
6259,29.3,28.375999450683594,83.0,0.0,20.0,5.6,28.518885069052033,37.85566552071561
6260,26.2,28.375999450683594,83.0,0.0,19.6,6.2,25.1522034294362,33.74566102883086
6261,22.5,28.375999450683594,83.0,0.0,19.1,6.4,17.9738066329327,27.89214198987981
6262,22.5,28.375999450683594,83.0,0.0,19.6,6.1,6.824727856417772,24.54741835692533
6263,21.9,28.375999450683594,83.0,0.0,19.5,6.2,27.59866606796967,30.179599820390898
6264,22.1,28.375999450683594,83.0,0.0,20.4,5.8,25.363138213036343,29.708941463910904
6265,26.6,28.375999450683594,83.0,0.0,20.4,5.9,17.694501158472683,31.908350347541806
6266,18.5,28.375999450683594,83.0,0.0,19.6,5.9,15.431447741674804,23.12943432250244
6267,20.6,28.375999450683594,83.0,0.0,19.4,6.3,19.302989827454937,26.39089694823648
6268,24.4,28.375999450683594,83.0,0.0,20.7,6.2,28.79305034038496,33.037915102115484
6269,26.9,28.375999450683594,83.0,0.0,20.3,5.6,7.845870067061915,29.253761020118574
6270,32.9,28.375999450683594,83.0,0.0,20.5,6.0,9.44002764284729,35.73200829285419
6271,29.6,28.375999450683594,83.0,0.0,20.0,5.9,25.14471450362302,37.1434143510869
6272,22.0,28.375999450683594,83.0,0.0,19.8,5.9,5.227410192787561,23.568223057836267
6273,36.2,28.375999450683594,83.0,0.0,20.4,6.0,16.729233012655968,41.21876990379679
6274,35.1,28.375999450683594,83.0,0.0,21.0,5.9,7.6721005320926885,37.40163015962781
6275,25.1,28.375999450683594,83.0,0.0,19.6,5.6,20.360069325503204,31.208020797650963
6276,23.9,28.375999450683594,83.0,0.0,20.2,5.9,13.561927751125594,27.968578325337678
6277,30.9,28.375999450683594,83.0,0.0,19.6,6.1,25.481233550512652,38.54437006515379
6278,21.9,28.375999450683594,83.0,0.0,19.6,5.6,29.85644725518228,30.85693417655468
6279,31.3,28.375999450683594,83.0,0.0,19.9,5.7,9.493623605916962,34.14808708177509
6280,24.2,28.375999450683594,83.0,0.0,20.6,5.9,15.406287969762754,28.821886390928825
6281,33.6,28.375999450683594,83.0,0.0,19.8,6.3,5.581672111282447,35.27450163338474
6282,36.1,28.375999450683594,83.0,0.0,19.6,5.8,18.212187902373614,41.56365637071209
6283,38.5,28.375999450683594,83.0,0.0,20.7,5.9,18.309961727290148,43.99298851818705
6284,37.6,28.375999450683594,83.0,0.0,20.8,6.4,8.79893786179713,40.23968135853914
6285,36.2,28.375999450683594,83.0,0.0,20.8,6.0,7.045025308102172,38.31350759243065
6286,26.0,28.375999450683594,83.0,0.0,20.9,6.1,14.756810048235984,30.427043014470794
6287,19.1,28.375999450683594,83.0,0.0,20.6,6.0,21.21002390746166,25.4630071722385
6288,27.2,28.375999450683594,83.0,0.0,19.9,5.9,21.489623766756417,33.646887130026926
6289,33.6,28.375999450683594,83.0,0.0,19.3,5.8,29.939256699475916,42.581777009842774
6290,34.3,28.375999450683594,83.0,0.0,19.5,6.4,28.899082397270636,42.96972471918119
6291,25.3,28.375999450683594,83.0,0.0,20.1,5.5,16.41128245614474,30.22338473684342
6292,21.8,28.375999450683594,83.0,0.0,19.0,6.1,23.173166094681804,28.75194982840454
6293,38.5,28.375999450683594,83.0,0.0,19.8,6.2,19.116312026994294,44.23489360809829
6294,38.1,28.375999450683594,83.0,0.0,19.9,5.8,5.2039970715985415,39.66119912147956
6295,28.6,28.375999450683594,83.0,0.0,19.9,6.0,25.995320484094947,36.39859614522848
6296,24.2,28.375999450683594,83.0,0.0,19.7,6.5,20.695203020818944,30.408560906245683
6297,30.8,28.375999450683594,83.0,0.0,20.6,6.0,25.131524623931835,38.33945738717955
6298,36.3,28.375999450683594,83.0,0.0,19.6,6.3,11.10732924265058,39.63219877279517
6299,37.0,28.375999450683594,83.0,0.0,20.0,6.3,27.108637456654094,45.13259123699623
6300,29.7,30.17599868774414,75.0,0.0,19.2,5.8,18.57755127313947,35.27326538194184
6301,34.2,30.17599868774414,75.0,0.0,19.6,5.7,13.660195409335971,38.298058622800795
6302,38.5,30.17599868774414,75.0,0.0,20.2,6.1,13.486288235025308,42.54588647050759
6303,36.0,30.17599868774414,75.0,0.0,19.5,5.9,18.5315442283363,41.55946326850089
6304,25.2,30.17599868774414,75.0,0.0,20.8,6.0,6.388592713787693,27.116577814136306
6305,34.3,30.17599868774414,75.0,0.0,19.2,6.1,18.569059686473775,39.87071790594213
6306,34.4,30.17599868774414,75.0,0.0,19.4,6.2,28.449011754623363,42.93470352638701
6307,26.2,30.17599868774414,75.0,0.0,21.0,5.9,18.987124110944478,31.89613723328334
6308,27.2,30.17599868774414,75.0,0.0,19.1,6.4,15.37817073419,31.813451220257
6309,38.1,30.17599868774414,75.0,0.0,19.1,6.3,10.457262281129763,41.23717868433893
6310,34.9,30.17599868774414,75.0,0.0,20.9,6.4,29.2435143645469,43.67305430936407
6311,36.7,30.17599868774414,75.0,0.0,19.4,6.5,9.066245850581367,39.419873755174414
6312,39.6,30.17599868774414,75.0,0.0,19.6,5.9,29.07538240009068,48.322614720027204
6313,22.3,30.17599868774414,75.0,0.0,19.3,6.2,6.701361876975351,24.310408563092608
6314,29.3,30.17599868774414,75.0,0.0,20.6,5.8,12.359601177213138,33.00788035316394
6315,28.1,30.17599868774414,75.0,0.0,19.3,6.5,11.616397783301771,31.584919334990534
6316,29.1,30.17599868774414,75.0,0.0,19.8,5.6,26.862915412501607,37.158874623750485
6317,24.9,30.17599868774414,75.0,0.0,19.6,6.2,6.80099466255551,26.94029839876665
6318,25.9,30.17599868774414,75.0,0.0,20.6,6.4,11.208019909731297,29.26240597291939
6319,20.6,30.17599868774414,75.0,0.0,20.5,5.5,21.918048974792683,27.175414692437805
6320,33.4,30.17599868774414,75.0,0.0,19.4,5.9,27.940963759413485,41.78228912782404
6321,25.3,30.17599868774414,75.0,0.0,19.3,6.0,27.312114103950854,33.493634231185254
6322,26.8,30.17599868774414,75.0,0.0,19.6,6.3,19.148967772209367,32.544690331662814
6323,19.4,30.17599868774414,75.0,0.0,20.4,5.9,29.57050857392795,28.271152572178384
6324,21.4,30.17599868774414,75.0,0.0,20.1,6.2,14.937635546201475,25.88129066386044
6325,39.7,30.17599868774414,75.0,0.0,19.9,5.5,8.977827168691316,42.393348150607395
6326,35.7,30.17599868774414,75.0,0.0,19.5,6.3,13.938931288366431,39.88167938650993
6327,31.9,30.17599868774414,75.0,0.0,20.0,6.2,18.31182083147303,37.39354624944191
6328,38.6,30.17599868774414,75.0,0.0,19.7,5.6,28.987539480813542,47.296261844244064
6329,37.0,30.17599868774414,75.0,0.0,20.9,6.4,21.1436866103201,43.34310598309603
6330,25.1,30.17599868774414,75.0,0.0,19.4,5.8,24.81671004617024,32.545013013851076
6331,36.5,30.17599868774414,75.0,0.0,19.8,6.0,17.027945508635156,41.60838365259055
6332,29.3,30.17599868774414,75.0,0.0,19.4,5.9,5.72540069495215,31.017620208485646
6333,36.4,30.17599868774414,75.0,0.0,20.9,6.1,19.29735651952248,42.18920695585674
6334,38.7,30.17599868774414,75.0,0.0,19.2,5.5,23.234263107985576,45.670278932395675
6335,17.4,30.17599868774414,75.0,0.0,20.3,6.1,12.532417954943543,21.15972538648306
6336,36.8,30.17599868774414,75.0,0.0,20.1,5.6,28.836690139056273,45.45100704171688
6337,37.7,30.17599868774414,75.0,0.0,19.2,6.2,17.229630230925864,42.86888906927776
6338,29.4,30.17599868774414,75.0,0.0,20.5,5.6,7.733488100844308,31.72004643025329
6339,16.0,30.17599868774414,75.0,0.0,19.6,6.5,10.24379891089854,19.073139673269562
6340,28.6,30.17599868774414,75.0,0.0,19.4,6.2,27.388991075851592,36.81669732275548
6341,37.5,30.17599868774414,75.0,0.0,19.3,5.5,17.077366698591156,42.62321000957735
6342,31.3,30.17599868774414,75.0,0.0,19.2,6.1,15.203107980931774,35.86093239427953
6343,19.2,30.17599868774414,75.0,0.0,20.8,5.7,21.175152685361688,25.552545805608506
6344,16.6,30.17599868774414,75.0,0.0,20.5,5.5,25.066478822583615,24.119943646775084
6345,18.3,30.17599868774414,75.0,0.0,20.8,6.2,10.074772680801967,21.32243180424059
6346,39.0,30.17599868774414,75.0,0.0,20.4,6.0,15.196790834924377,43.55903725047731
6347,37.4,30.17599868774414,75.0,0.0,19.0,5.9,12.253346805992255,41.076004041797674
6348,38.3,30.17599868774414,75.0,0.0,20.0,6.3,26.39594459776147,46.218783379328436
6349,31.9,30.17599868774414,75.0,0.0,19.9,5.7,12.119042228388057,35.53571266851642
6350,19.8,30.17599868774414,75.0,0.0,20.6,6.3,20.4348744653102,25.93046233959306
6351,37.0,30.17599868774414,75.0,0.0,20.9,5.9,25.81603518954273,44.74481055686282
6352,27.4,30.17599868774414,75.0,0.0,20.6,6.2,19.971870882161554,33.391561264648466
6353,30.9,30.17599868774414,75.0,0.0,20.7,5.7,25.98451918958219,38.695355756874655
6354,18.7,30.17599868774414,75.0,0.0,19.4,5.9,19.64226897120124,24.59268069136037
6355,27.2,30.17599868774414,75.0,0.0,20.1,6.4,25.39979909609174,34.81993972882752
6356,35.7,30.17599868774414,75.0,0.0,19.5,6.5,13.63420992868345,39.790262978605035
6357,21.7,30.17599868774414,75.0,0.0,19.5,6.4,7.434968599417278,23.930490579825182
6358,27.3,30.17599868774414,75.0,0.0,19.7,6.3,29.60531940625266,36.1815958218758
6359,23.6,30.17599868774414,75.0,0.0,20.2,6.4,18.233288076125085,29.069986422837527
6360,28.8,31.625999450683594,68.0,0.0,19.6,6.0,13.493274043550878,32.847982213065265
6361,36.4,31.625999450683594,68.0,0.0,20.1,5.6,17.877035199119053,41.763110559735715
6362,27.5,31.625999450683594,68.0,0.0,20.6,6.2,20.1739485367811,33.55218456103433
6363,37.2,31.625999450683594,68.0,0.0,19.0,6.0,14.970223857283514,41.69106715718506
6364,31.9,31.625999450683594,68.0,0.0,19.1,5.7,23.678734827208153,39.003620448162444
6365,25.1,31.625999450683594,68.0,0.0,19.1,6.3,16.967096632089564,30.19012898962687
6366,38.5,31.625999450683594,68.0,0.0,19.0,5.6,25.635427125183096,46.19062813755493
6367,29.0,31.625999450683594,68.0,0.0,20.9,5.7,15.175246731647405,33.55257401949422
6368,37.2,31.625999450683594,68.0,0.0,20.1,5.8,28.633433333695812,45.79003000010874
6369,28.5,31.625999450683594,68.0,0.0,20.6,5.6,15.203648955481789,33.06109468664454
6370,19.3,31.625999450683594,68.0,0.0,20.3,6.0,22.322388778915098,25.99671663367453
6371,38.6,31.625999450683594,68.0,0.0,21.0,5.5,29.309403970798694,47.392821191239605
6372,33.5,31.625999450683594,68.0,0.0,19.7,5.8,14.11102817294069,37.73330845188221
6373,39.8,31.625999450683594,68.0,0.0,19.6,5.7,11.409146273873548,43.222743882162064
6374,36.0,31.625999450683594,68.0,0.0,19.1,5.6,8.253589710730944,38.47607691321928
6375,31.1,31.625999450683594,68.0,0.0,19.2,5.7,14.58117528065802,35.474352584197405
6376,25.1,31.625999450683594,68.0,0.0,20.3,6.5,20.980120556524426,31.394036166957328
6377,39.0,31.625999450683594,68.0,0.0,19.4,5.7,10.178556302517443,42.053566890755235
6378,15.2,31.625999450683594,68.0,0.0,19.4,6.4,5.845638397756754,16.953691519327027
6379,36.7,31.625999450683594,68.0,0.0,19.7,5.7,19.476809295942566,42.54304278878277
6380,17.4,31.625999450683594,68.0,0.0,19.0,5.9,17.14668931773708,22.544006795321124
6381,29.6,31.625999450683594,68.0,0.0,20.6,6.2,21.160860841503304,35.94825825245099
6382,18.6,31.625999450683594,68.0,0.0,19.7,5.8,9.472716606046625,21.441814981813987
6383,32.3,31.625999450683594,68.0,0.0,19.1,6.2,25.38169382960137,39.91450814888041
6384,36.2,31.625999450683594,68.0,0.0,19.8,5.7,8.836490150340705,38.85094704510222
6385,29.3,31.625999450683594,68.0,0.0,19.3,5.6,20.97157392181815,35.591472176545444
6386,22.8,31.625999450683594,68.0,0.0,19.7,6.4,22.028806979894277,29.408642093968282
6387,18.4,31.625999450683594,68.0,0.0,20.6,6.5,27.305630883764103,26.59168926512923
6388,34.9,31.625999450683594,68.0,0.0,19.3,5.5,29.137498486135268,43.64124954584058
6389,22.6,31.625999450683594,68.0,0.0,20.1,6.4,10.668872620988225,25.80066178629647
6390,24.5,31.625999450683594,68.0,0.0,19.4,6.5,12.925475204175003,28.3776425612525
6391,35.9,31.625999450683594,68.0,0.0,20.8,6.4,8.128717848633809,38.33861535459014
6392,32.3,31.625999450683594,68.0,0.0,19.7,6.5,8.858375154305138,34.95751254629154
6393,33.1,31.625999450683594,68.0,0.0,20.5,5.9,20.31095763818334,39.193287291455
6394,29.6,31.625999450683594,68.0,0.0,20.4,5.7,11.55138747245482,33.06541624173645
6395,27.4,31.625999450683594,68.0,0.0,19.4,6.4,8.787537391895164,30.036261217568548
6396,23.8,31.625999450683594,68.0,0.0,20.2,5.7,17.455266861670694,29.036580058501208
6397,28.6,31.625999450683594,68.0,0.0,20.1,6.2,15.076992221100364,33.12309766633011
6398,32.0,31.625999450683594,68.0,0.0,20.3,5.8,10.533532788769467,35.16005983663084
6399,21.2,31.625999450683594,68.0,0.0,20.3,5.7,12.271687767826393,24.881506330347918
6400,20.9,31.625999450683594,68.0,0.0,19.8,5.7,29.3146321203978,29.69438963611934
6401,39.5,31.625999450683594,68.0,0.0,19.5,5.7,22.9488759579454,46.38466278738362
6402,26.6,31.625999450683594,68.0,0.0,20.6,6.4,9.51602517979562,29.454807553938686
6403,36.2,31.625999450683594,68.0,0.0,20.7,6.3,19.303028893716657,41.990908668115
6404,30.4,31.625999450683594,68.0,0.0,19.1,5.7,7.854955207750606,32.75648656232518
6405,31.8,31.625999450683594,68.0,0.0,20.5,6.3,20.607039190409616,37.98211175712289
6406,15.6,31.625999450683594,68.0,0.0,20.3,6.0,16.100333385159885,20.430100015547964
6407,19.8,31.625999450683594,68.0,0.0,20.6,6.3,20.401333723660805,25.920400117098243
6408,25.2,31.625999450683594,68.0,0.0,20.5,5.7,14.86787824844181,29.66036347453254
6409,35.4,31.625999450683594,68.0,0.0,19.6,5.6,11.221524864990865,38.76645745949726
6410,25.9,31.625999450683594,68.0,0.0,20.3,5.7,11.288802806534942,29.28664084196048
6411,16.5,31.625999450683594,68.0,0.0,20.8,5.7,11.673591552878907,20.00207746586367
6412,23.6,31.625999450683594,68.0,0.0,20.7,5.5,12.370551861297539,27.311165558389263
6413,23.9,31.625999450683594,68.0,0.0,20.5,6.4,19.472281392935066,29.741684417880517
6414,23.7,31.625999450683594,68.0,0.0,19.3,5.6,13.1072647424345,27.63217942273035
6415,24.9,31.625999450683594,68.0,0.0,20.5,6.0,11.586264195770756,28.375879258731224
6416,28.0,31.625999450683594,68.0,0.0,20.1,5.6,20.814758156141288,34.24442744684239
6417,38.6,31.625999450683594,68.0,0.0,19.9,6.3,7.40976490321613,40.82292947096484
6418,16.2,31.625999450683594,68.0,0.0,20.0,5.8,27.101651669920873,24.330495500976262
6419,35.0,31.625999450683594,68.0,0.0,20.2,6.4,7.830902709218355,37.3492708127655
6420,37.4,32.375999450683594,64.0,0.0,19.7,6.3,15.3686535470423,42.01059606411269
6421,35.3,32.375999450683594,64.0,0.0,20.7,6.1,25.966854441404767,43.090056332421426
6422,33.9,32.375999450683594,64.0,0.0,19.4,5.5,15.65066384521651,38.59519915356495
6423,28.8,32.375999450683594,64.0,0.0,19.9,6.0,8.182266130800047,31.254679839240016
6424,18.7,32.375999450683594,64.0,0.0,20.0,5.7,11.415740322728887,22.124722096818665
6425,21.4,32.375999450683594,64.0,0.0,20.8,5.6,27.3995732140497,29.61987196421491
6426,26.5,32.375999450683594,64.0,0.0,20.6,6.5,26.36797417289485,34.41039225186846
6427,35.8,32.375999450683594,64.0,0.0,19.2,5.5,14.435218879751309,40.13056566392539
6428,35.1,32.375999450683594,64.0,0.0,20.1,6.4,13.277184890885476,39.08315546726564
6429,32.6,32.375999450683594,64.0,0.0,20.3,5.9,21.7389424871449,39.12168274614347
6430,28.6,32.375999450683594,64.0,0.0,19.7,5.7,23.34464057913713,35.60339217374114
6431,26.5,32.375999450683594,64.0,0.0,20.0,6.0,17.721951841100037,31.81658555233001
6432,27.9,32.375999450683594,64.0,0.0,20.6,6.2,17.274843172841138,33.08245295185234
6433,21.2,32.375999450683594,64.0,0.0,19.5,6.1,26.88630158288445,29.265890474865333
6434,19.5,32.375999450683594,64.0,0.0,19.6,6.2,17.113721438048856,24.634116431414657
6435,15.5,32.375999450683594,64.0,0.0,19.8,6.1,19.646656487799255,21.393996946339776
6436,34.1,32.375999450683594,64.0,0.0,20.5,5.9,19.962042162667007,40.0886126488001
6437,36.5,32.375999450683594,64.0,0.0,19.7,5.8,12.572027126831937,40.27160813804958
6438,29.7,32.375999450683594,64.0,0.0,20.5,6.3,6.186742044686678,31.556022613406004
6439,27.4,32.375999450683594,64.0,0.0,19.7,5.8,21.113156401231926,33.733946920369576
6440,23.9,32.375999450683594,64.0,0.0,19.7,5.7,23.889182717980706,31.066754815394212
6441,37.4,32.375999450683594,64.0,0.0,20.1,5.8,15.493351740941536,42.04800552228246
6442,37.7,32.375999450683594,64.0,0.0,20.3,6.1,11.452652046265133,41.135795613879544
6443,33.7,32.375999450683594,64.0,0.0,20.3,5.7,16.341031938630657,38.602309581589196
6444,35.3,32.375999450683594,64.0,0.0,19.5,6.3,28.314921997618814,43.794476599285645
6445,25.6,32.375999450683594,64.0,0.0,20.1,6.5,27.609678073970016,33.882903422191006
6446,32.5,32.375999450683594,64.0,0.0,20.5,6.2,13.104627000212975,36.43138810006389
6447,19.1,32.375999450683594,64.0,0.0,20.1,6.3,13.45762508987698,23.137287526963096
6448,16.0,32.375999450683594,64.0,0.0,20.5,6.4,26.426055737576384,23.927816721272915
6449,37.2,32.375999450683594,64.0,0.0,20.3,5.6,21.406057421389857,43.62181722641696
6450,36.8,32.375999450683594,64.0,0.0,20.6,6.0,28.387064305178868,45.316119291553655
6451,36.1,32.375999450683594,64.0,0.0,19.9,5.6,15.111404906203877,40.63342147186116
6452,23.6,32.375999450683594,64.0,0.0,20.8,6.4,13.24889022131802,27.574667066395406
6453,19.4,32.375999450683594,64.0,0.0,19.5,6.4,6.36670806231331,21.31001241869399
6454,27.1,32.375999450683594,64.0,0.0,20.5,6.4,6.781168233271954,29.134350469981587
6455,39.1,32.375999450683594,64.0,0.0,19.4,5.9,22.722660475463826,45.91679814263915
6456,18.8,32.375999450683594,64.0,0.0,20.9,6.0,7.393272517224823,21.017981755167447
6457,19.4,32.375999450683594,64.0,0.0,19.6,6.4,5.625750390518606,21.087725117155582
6458,15.8,32.375999450683594,64.0,0.0,20.9,5.6,11.863700929546109,19.359110278863835
6459,22.2,32.375999450683594,64.0,0.0,19.7,6.3,6.094047554884805,24.02821426646544
6460,17.3,32.375999450683594,64.0,0.0,20.2,5.7,14.113199040727812,21.533959712218344
6461,20.8,32.375999450683594,64.0,0.0,19.8,6.5,23.56070132895609,27.868210398686827
6462,26.1,32.375999450683594,64.0,0.0,19.7,5.9,12.739909125464703,29.92197273763941
6463,29.6,32.375999450683594,64.0,0.0,19.7,6.4,7.455659255917794,31.83669777677534
6464,35.8,32.375999450683594,64.0,0.0,19.9,6.5,25.130201956064504,43.33906058681935
6465,28.0,32.375999450683594,64.0,0.0,20.4,5.7,10.788835426679555,31.236650628003865
6466,37.5,32.375999450683594,64.0,0.0,20.9,6.4,10.770912231076384,40.73127366932292
6467,35.9,32.375999450683594,64.0,0.0,20.0,6.3,18.562396879791223,41.468719063937364
6468,32.5,32.375999450683594,64.0,0.0,20.8,5.6,25.215947100203017,40.06478413006091
6469,30.3,32.375999450683594,64.0,0.0,20.0,6.4,13.404781347557972,34.32143440426739
6470,31.7,32.375999450683594,64.0,0.0,20.6,5.8,7.5255064392875255,33.95765193178626
6471,16.4,32.375999450683594,64.0,0.0,21.0,5.7,23.157801112251487,23.347340333675444
6472,26.3,32.375999450683594,64.0,0.0,19.6,6.0,27.842877492200234,34.65286324766007
6473,32.8,32.375999450683594,64.0,0.0,19.1,6.0,23.855857814340144,39.95675734430204
6474,18.7,32.375999450683594,64.0,0.0,20.1,6.4,24.73425300614271,26.12027590184281
6475,26.3,32.375999450683594,64.0,0.0,19.5,6.3,17.902415102536693,31.670724530761007
6476,22.2,32.375999450683594,64.0,0.0,21.0,5.9,28.27855118234772,30.683565354704314
6477,25.1,32.375999450683594,64.0,0.0,20.7,6.1,29.627644718935795,33.988293415680744
6478,31.9,32.375999450683594,64.0,0.0,20.2,6.0,26.538558359098957,39.86156750772969
6479,20.6,32.375999450683594,64.0,0.0,20.7,6.2,9.115020073956321,23.334506022186897
6480,30.4,32.72600173950195,63.0,0.0,20.9,6.1,24.2617091093808,37.67851273281424
6481,24.6,32.72600173950195,63.0,0.0,20.8,5.8,5.040705316123671,26.112211594837103
6482,16.3,32.72600173950195,63.0,0.0,20.7,5.6,12.100296091450275,19.930088827435082
6483,23.5,32.72600173950195,63.0,0.0,19.2,6.4,9.719511116617916,26.415853334985375
6484,17.9,32.72600173950195,63.0,0.0,21.0,5.7,25.353545926657826,25.506063777997348
6485,30.8,32.72600173950195,63.0,0.0,19.2,5.7,18.910553515101412,36.473166054530424
6486,39.2,32.72600173950195,63.0,0.0,20.3,6.4,8.457303490939717,41.73719104728192
6487,17.5,32.72600173950195,63.0,0.0,20.7,5.7,25.497838000496067,25.14935140014882
6488,25.4,32.72600173950195,63.0,0.0,19.9,5.8,21.79293786811344,31.93788136043403
6489,25.5,32.72600173950195,63.0,0.0,20.8,6.3,24.19285167028472,32.757855501085416
6490,36.2,32.72600173950195,63.0,0.0,20.5,6.1,26.6594815267137,44.19784445801411
6491,25.2,32.72600173950195,63.0,0.0,19.8,6.4,19.209603151883627,30.962880945565086
6492,21.6,32.72600173950195,63.0,0.0,21.0,6.2,19.634296048266435,27.490288814479932
6493,28.3,32.72600173950195,63.0,0.0,19.3,6.0,27.814097983575042,36.644229395072514
6494,24.2,32.72600173950195,63.0,0.0,19.8,6.3,20.216159344886748,30.264847803466022
6495,23.6,32.72600173950195,63.0,0.0,19.1,6.0,11.114504382194898,26.93435131465847
6496,35.1,32.72600173950195,63.0,0.0,19.2,5.7,23.999706871348792,42.29991206140464
6497,24.6,32.72600173950195,63.0,0.0,19.2,5.9,28.78085653210418,33.23425695963125
6498,24.8,32.72600173950195,63.0,0.0,19.0,6.0,24.46881719471778,32.14064515841533
6499,24.8,32.72600173950195,63.0,0.0,19.8,5.8,27.33175995105114,32.99952798531534
6500,28.0,32.72600173950195,63.0,0.0,19.6,5.7,14.438324746011023,32.331497423803306
6501,20.3,32.72600173950195,63.0,0.0,19.5,5.8,12.882410064761626,24.16472301942849
6502,33.4,32.72600173950195,63.0,0.0,20.0,6.5,11.947236814207935,36.98417104426238
6503,24.5,32.72600173950195,63.0,0.0,19.2,5.7,19.997637434509837,30.499291230352952
6504,23.5,32.72600173950195,63.0,0.0,20.6,5.7,12.119663734440229,27.13589912033207
6505,39.2,32.72600173950195,63.0,0.0,20.4,6.3,9.791905214920071,42.137571564476026
6506,38.2,32.72600173950195,63.0,0.0,19.8,5.9,9.903200478763907,41.17096014362917
6507,35.8,32.72600173950195,63.0,0.0,20.3,5.7,18.690250574559684,41.407075172367904
6508,22.9,32.72600173950195,63.0,0.0,20.2,6.3,21.356417753975084,29.306925326192523
6509,38.9,32.72600173950195,63.0,0.0,19.2,5.7,17.106560532370096,44.03196815971103
6510,21.6,32.72600173950195,63.0,0.0,20.2,5.9,7.35785960214,23.807357880642
6511,17.7,32.72600173950195,63.0,0.0,20.1,5.9,11.654993240217742,21.196497972065323
6512,26.3,32.72600173950195,63.0,0.0,20.6,6.4,8.323270558444964,28.796981167533488
6513,37.9,32.72600173950195,63.0,0.0,19.4,6.2,9.429903845669962,40.72897115370099
6514,34.2,32.72600173950195,63.0,0.0,20.6,5.6,16.477169473142794,39.14315084194284
6515,37.3,32.72600173950195,63.0,0.0,19.8,6.3,27.63613366381638,45.59084009914491
6516,17.2,32.72600173950195,63.0,0.0,20.0,5.9,27.550762402619295,25.465228720785788
6517,24.8,32.72600173950195,63.0,0.0,19.0,5.7,16.729291842439324,29.8187875527318
6518,30.8,32.72600173950195,63.0,0.0,20.3,5.8,28.37536525252474,39.31260957575742
6519,24.7,32.72600173950195,63.0,0.0,21.0,5.9,20.241832015930513,30.77254960477915
6520,19.9,32.72600173950195,63.0,0.0,20.6,5.9,10.112391934455088,22.933717580336523
6521,33.8,32.72600173950195,63.0,0.0,20.4,5.8,10.86325347683564,37.05897604305069
6522,36.2,32.72600173950195,63.0,0.0,19.6,5.8,10.990295755856486,39.49708872675695
6523,30.3,32.72600173950195,63.0,0.0,19.4,6.2,19.134474044922456,36.040342213476734
6524,31.7,32.72600173950195,63.0,0.0,20.0,6.1,21.98172335260965,38.29451700578289
6525,37.2,32.72600173950195,63.0,0.0,20.1,6.2,20.519839292221576,43.35595178766648
6526,23.4,32.72600173950195,63.0,0.0,20.4,6.2,20.10903643218292,29.432710929654874
6527,27.3,32.72600173950195,63.0,0.0,19.9,5.9,14.067107570747845,31.520132271224355
6528,35.7,32.72600173950195,63.0,0.0,19.9,6.1,5.3736299179905895,37.31208897539718
6529,19.2,32.72600173950195,63.0,0.0,19.0,6.4,15.525778333242894,23.857733499972866
6530,30.8,32.72600173950195,63.0,0.0,20.8,6.2,27.92703599060614,39.178110797181844
6531,35.9,32.72600173950195,63.0,0.0,19.8,5.7,17.207466533272488,41.062239959981746
6532,24.3,32.72600173950195,63.0,0.0,19.3,6.3,24.64099647873012,31.692298943619036
6533,29.0,32.72600173950195,63.0,0.0,19.2,5.9,15.262257295190416,33.57867718855712
6534,17.4,32.72600173950195,63.0,0.0,20.7,5.9,9.947389047379447,20.38421671421383
6535,19.6,32.72600173950195,63.0,0.0,19.2,6.0,7.802935115752877,21.940880534725864
6536,26.8,32.72600173950195,63.0,0.0,19.7,5.6,5.600834525865531,28.48025035775966
6537,17.6,32.72600173950195,63.0,0.0,20.2,6.3,24.678272593997654,25.003481778199298
6538,27.0,32.72600173950195,63.0,0.0,19.1,6.2,26.256405727954764,34.87692171838643
6539,20.4,32.72600173950195,63.0,0.0,19.1,6.3,18.27952304686805,25.883856914060413
6540,15.6,32.625999450683594,63.0,0.0,20.2,6.2,27.022328307974618,23.706698492392384
6541,24.0,32.625999450683594,63.0,0.0,20.3,6.1,13.488018324167202,28.04640549725016
6542,16.0,32.625999450683594,63.0,0.0,20.0,5.6,22.616128807393075,22.78483864221792
6543,31.3,32.625999450683594,63.0,0.0,20.9,6.4,7.618595258904858,33.585578577671455
6544,30.2,32.625999450683594,63.0,0.0,20.7,6.5,10.90218582797831,33.47065574839349
6545,36.0,32.625999450683594,63.0,0.0,20.4,6.2,20.852791508787284,42.255837452636186
6546,15.0,32.625999450683594,63.0,0.0,19.0,5.8,19.433652601819233,20.83009578054577
6547,27.7,32.625999450683594,63.0,0.0,20.0,6.4,14.351135129554166,32.00534053886625
6548,19.3,32.625999450683594,63.0,0.0,19.8,5.9,12.47226058153942,23.041678174461826
6549,16.8,32.625999450683594,63.0,0.0,19.7,5.9,23.543521689928628,23.863056506978587
6550,22.2,32.625999450683594,63.0,0.0,19.4,6.1,24.629453207035837,29.58883596211075
6551,33.0,32.625999450683594,63.0,0.0,19.1,6.4,8.449179770143509,35.534753931043056
6552,34.5,32.625999450683594,63.0,0.0,19.6,6.3,23.91170923262678,41.67351276978803
6553,17.7,32.625999450683594,63.0,0.0,20.6,6.4,17.247000065689573,22.874100019706873
6554,32.6,32.625999450683594,63.0,0.0,20.4,5.9,8.106328473228961,35.03189854196869
6555,32.4,32.625999450683594,63.0,0.0,19.6,6.4,14.129822907576049,36.63894687227281
6556,35.3,32.625999450683594,63.0,0.0,20.6,6.2,13.90252831751734,39.4707584952552
6557,29.1,32.625999450683594,63.0,0.0,20.3,5.6,16.251109744970854,33.97533292349126
6558,35.9,32.625999450683594,63.0,0.0,20.7,6.1,21.801922763633883,42.44057682909016
6559,20.0,32.625999450683594,63.0,0.0,20.2,5.9,25.544425557311026,27.663327667193307
6560,23.5,32.625999450683594,63.0,0.0,20.8,6.2,6.75393768359875,25.526181305079625
6561,38.3,32.625999450683594,63.0,0.0,19.9,6.4,13.620124156081449,42.38603724682443
6562,24.6,32.625999450683594,63.0,0.0,20.2,5.9,5.819902012476578,26.345970603742973
6563,15.5,32.625999450683594,63.0,0.0,20.9,5.6,7.039654947680599,17.61189648430418
6564,31.7,32.625999450683594,63.0,0.0,20.7,6.2,5.808926212500774,33.442677863750234
6565,19.3,32.625999450683594,63.0,0.0,20.5,6.4,29.635780031007673,28.190734009302304
6566,17.6,32.625999450683594,63.0,0.0,19.4,6.5,23.097782931041543,24.529334879312465
6567,22.7,32.625999450683594,63.0,0.0,20.9,6.2,29.24107575364414,31.47232272609324
6568,29.1,32.625999450683594,63.0,0.0,19.5,5.6,5.857452236835362,30.85723567105061
6569,22.7,32.625999450683594,63.0,0.0,20.2,6.0,20.174242856078834,28.752272856823648
6570,26.6,32.625999450683594,63.0,0.0,19.7,5.9,7.665320245913527,28.89959607377406
6571,29.5,32.625999450683594,63.0,0.0,20.8,5.9,9.799253116166,32.4397759348498
6572,16.2,32.625999450683594,63.0,0.0,19.4,6.3,23.580644569628905,23.27419337088867
6573,34.1,32.625999450683594,63.0,0.0,20.0,5.8,26.6407003547975,42.09221010643925
6574,22.4,32.625999450683594,63.0,0.0,19.0,6.5,16.152480414787327,27.245744124436197
6575,33.0,32.625999450683594,63.0,0.0,19.1,6.4,15.39583353092197,37.61875005927659
6576,36.0,32.625999450683594,63.0,0.0,19.3,6.5,6.22307784586429,37.86692335375929
6577,19.9,32.625999450683594,63.0,0.0,20.4,5.6,23.576621985748346,26.972986595724503
6578,35.8,32.625999450683594,63.0,0.0,20.3,5.9,25.247194891940502,43.37415846758215
6579,32.6,32.625999450683594,63.0,0.0,19.4,6.2,20.358934050907607,38.70768021527228
6580,31.4,32.625999450683594,63.0,0.0,20.1,6.3,13.973795152729295,35.592138545818784
6581,23.1,32.625999450683594,63.0,0.0,19.6,5.6,17.076532693123944,28.222959807937183
6582,22.8,32.625999450683594,63.0,0.0,19.1,6.3,7.223239056787854,24.96697171703636
6583,22.0,32.625999450683594,63.0,0.0,20.7,5.9,13.57932705348707,26.07379811604612
6584,32.0,32.625999450683594,63.0,0.0,20.4,5.6,19.776620597673794,37.93298617930214
6585,17.5,32.625999450683594,63.0,0.0,19.9,5.7,15.58629118671403,22.175887356014208
6586,17.4,32.625999450683594,63.0,0.0,20.0,5.9,19.227604627924293,23.168281388377288
6587,33.8,32.625999450683594,63.0,0.0,19.7,6.0,21.45614795237193,40.23684438571158
6588,37.2,32.625999450683594,63.0,0.0,19.3,6.1,29.66825043817004,46.10047513145101
6589,16.7,32.625999450683594,63.0,0.0,20.6,6.0,9.079775101026003,19.423932530307802
6590,35.3,32.625999450683594,63.0,0.0,20.5,6.0,15.228447994461396,39.86853439833842
6591,26.2,32.625999450683594,63.0,0.0,19.5,6.2,17.957510879138134,31.587253263741438
6592,29.4,32.625999450683594,63.0,0.0,19.3,5.7,25.032198081283944,36.90965942438518
6593,36.3,32.625999450683594,63.0,0.0,20.9,5.7,14.84041520376094,40.75212456112828
6594,36.7,32.625999450683594,63.0,0.0,19.5,5.8,24.978992744671647,44.19369782340149
6595,39.2,32.625999450683594,63.0,0.0,20.9,5.7,8.490072991568159,41.747021897470454
6596,29.5,32.625999450683594,63.0,0.0,20.1,5.6,24.240042570602526,36.772012771180755
6597,32.9,32.625999450683594,63.0,0.0,19.0,6.0,7.760342559674358,35.22810276790231
6598,33.5,32.625999450683594,63.0,0.0,19.8,5.9,11.9552245647114,37.08656736941342
6599,33.7,32.625999450683594,63.0,0.0,19.9,5.9,16.052893277661482,38.51586798329845
6600,31.6,31.875999450683594,66.0,0.0,20.7,6.1,18.353728249341362,37.10611847480241
6601,16.3,31.875999450683594,66.0,0.0,19.3,5.8,8.136565642376388,18.740969692712916
6602,18.4,31.875999450683594,66.0,0.0,20.3,6.3,25.504588650889175,26.051376595266753
6603,17.4,31.875999450683594,66.0,0.0,20.5,6.4,13.196427879429907,21.35892836382897
6604,35.7,31.875999450683594,66.0,0.0,19.1,5.9,20.696907366819335,41.90907221004581
6605,16.6,31.875999450683594,66.0,0.0,19.9,6.1,27.16872746795881,24.750618240387645
6606,21.0,31.875999450683594,66.0,0.0,20.4,5.8,8.191666429631198,23.45749992888936
6607,18.4,31.875999450683594,66.0,0.0,19.7,5.5,21.384333873471547,24.815300162041463
6608,18.8,31.875999450683594,66.0,0.0,19.3,5.6,24.471210140389093,26.14136304211673
6609,38.8,31.875999450683594,66.0,0.0,19.9,6.1,9.274255058857834,41.58227651765735
6610,21.6,31.875999450683594,66.0,0.0,19.2,5.8,10.984645947352451,24.895393784205737
6611,19.9,31.875999450683594,66.0,0.0,19.3,6.0,28.503734557399998,28.45112036722
6612,24.2,31.875999450683594,66.0,0.0,20.4,5.8,6.363585776967632,26.10907573309029
6613,30.6,31.875999450683594,66.0,0.0,19.2,5.7,27.26968001761178,38.78090400528353
6614,23.2,31.875999450683594,66.0,0.0,19.8,6.5,8.213096914223614,25.663929074267084
6615,18.5,31.875999450683594,66.0,0.0,19.7,6.1,9.231143637394144,21.269343091218243
6616,16.2,31.875999450683594,66.0,0.0,19.7,6.0,10.29704502657759,19.289113507973276
6617,38.9,31.875999450683594,66.0,0.0,19.3,6.1,28.8236165782969,47.54708497348907
6618,28.3,31.875999450683594,66.0,0.0,20.7,5.8,16.827006443590385,33.34810193307712
6619,30.9,31.875999450683594,66.0,0.0,20.1,6.1,16.595293300897747,35.878587990269324
6620,34.7,31.875999450683594,66.0,0.0,20.6,5.6,18.413765041328034,40.22412951239841
6621,22.9,31.875999450683594,66.0,0.0,20.7,5.7,5.39462232488571,24.51838669746571
6622,22.1,31.875999450683594,66.0,0.0,19.7,6.3,5.352829216884082,23.705848765065227
6623,19.3,31.875999450683594,66.0,0.0,20.5,5.9,27.847119599402077,27.654135879820622
6624,26.0,31.875999450683594,66.0,0.0,19.4,5.5,21.19090224024443,32.35727067207333
6625,31.7,31.875999450683594,66.0,0.0,20.4,6.3,7.248487073315511,33.874546121994655
6626,16.1,31.875999450683594,66.0,0.0,19.8,5.5,17.93130474406307,21.47939142321892
6627,22.5,31.875999450683594,66.0,0.0,20.8,5.9,6.750800076001822,24.525240022800546
6628,37.2,31.875999450683594,66.0,0.0,19.8,6.0,5.723790375381231,38.91713711261437
6629,15.5,31.875999450683594,66.0,0.0,19.7,5.6,22.410278912576928,22.22308367377308
6630,25.5,31.875999450683594,66.0,0.0,20.7,5.6,12.33027559635104,29.199082678905313
6631,16.7,31.875999450683594,66.0,0.0,19.8,5.7,23.328570522350873,23.69857115670526
6632,37.8,31.875999450683594,66.0,0.0,19.6,6.5,20.544910766407764,43.96347322992233
6633,24.8,31.875999450683594,66.0,0.0,19.2,5.5,19.909944518805197,30.77298335564156
6634,38.7,31.875999450683594,66.0,0.0,20.7,5.6,13.782637174515246,42.834791152354576
6635,30.6,31.875999450683594,66.0,0.0,20.6,6.0,23.99633064863621,37.79889919459087
6636,37.2,31.875999450683594,66.0,0.0,20.7,6.3,12.901428154382339,41.07042844631471
6637,28.9,31.875999450683594,66.0,0.0,19.9,5.6,15.022547315334782,33.406764194600434
6638,28.4,31.875999450683594,66.0,0.0,19.5,6.3,7.228113212175336,30.5684339636526
6639,17.6,31.875999450683594,66.0,0.0,19.5,5.5,23.072980225813716,24.521894067744114
6640,15.2,31.875999450683594,66.0,0.0,20.6,6.2,27.229349266653532,23.368804779996058
6641,23.8,31.875999450683594,66.0,0.0,20.0,5.7,19.556038129311922,29.666811438793577
6642,19.2,31.875999450683594,66.0,0.0,20.2,6.4,24.503169412737055,26.550950823821115
6643,36.5,31.875999450683594,66.0,0.0,20.3,6.3,20.478416901131375,42.643525070339415
6644,26.9,31.875999450683594,66.0,0.0,20.3,6.0,14.39628631373843,31.218885894121527
6645,23.2,31.875999450683594,66.0,0.0,19.3,5.5,28.800741494489998,31.840222448347
6646,29.6,31.875999450683594,66.0,0.0,20.3,6.1,29.789154910961216,38.53674647328837
6647,32.4,31.875999450683594,66.0,0.0,19.2,5.8,27.83829352293055,40.75148805687916
6648,38.7,31.875999450683594,66.0,0.0,21.0,6.3,6.03376549980613,40.510129649941845
6649,23.3,31.875999450683594,66.0,0.0,19.8,6.3,5.281051622881259,24.884315486864377
6650,33.0,31.875999450683594,66.0,0.0,19.5,5.6,11.889139284907355,36.5667417854722
6651,29.9,31.875999450683594,66.0,0.0,20.4,5.6,9.140433379487105,32.64213001384613
6652,26.1,31.875999450683594,66.0,0.0,20.5,6.2,25.912857573381014,33.873857272014305
6653,21.4,31.875999450683594,66.0,0.0,20.3,6.4,19.22348021017406,27.167044063052217
6654,31.5,31.875999450683594,66.0,0.0,20.0,5.6,20.15466012906755,37.54639803872026
6655,34.3,31.875999450683594,66.0,0.0,19.9,5.6,19.232618900057783,40.06978567001733
6656,32.2,31.875999450683594,66.0,0.0,19.8,6.2,26.850860780627904,40.255258234188375
6657,31.5,31.875999450683594,66.0,0.0,19.5,5.5,22.832990313277353,38.3498970939832
6658,25.1,31.875999450683594,66.0,0.0,19.6,5.7,12.198697351038296,28.75960920531149
6659,28.3,31.875999450683594,66.0,0.0,19.4,5.9,17.140971289939785,33.442291386981935
6660,21.9,30.625999450683594,70.0,0.0,19.6,6.1,13.495479947621948,25.948643984286583
6661,27.4,30.625999450683594,70.0,0.0,19.3,6.3,8.8775192322288,30.06325576966864
6662,27.0,30.625999450683594,70.0,0.0,19.5,5.7,8.274562256225998,29.4823686768678
6663,33.7,30.625999450683594,70.0,0.0,19.1,6.3,24.281118540559973,40.98433556216799
6664,27.4,30.625999450683594,70.0,0.0,19.8,5.9,5.267760013521229,28.980328004056368
6665,20.1,30.625999450683594,70.0,0.0,20.1,6.4,11.33528211201207,23.500584633603623
6666,27.2,30.625999450683594,70.0,0.0,20.6,5.8,8.656310178241242,29.79689305347237
6667,39.1,30.625999450683594,70.0,0.0,19.9,6.5,12.209665442422732,42.76289963272682
6668,23.9,30.625999450683594,70.0,0.0,19.3,6.1,25.158732634208228,31.447619790262465
6669,21.3,30.625999450683594,70.0,0.0,19.8,6.2,23.524361681167242,28.357308504350172
6670,19.6,30.625999450683594,70.0,0.0,20.8,6.1,8.131128709017181,22.039338612705155
6671,28.5,30.625999450683594,70.0,0.0,19.0,6.4,21.518578061270357,34.95557341838111
6672,32.8,30.625999450683594,70.0,0.0,20.1,5.8,14.524330132154061,37.15729903964622
6673,35.1,30.625999450683594,70.0,0.0,19.6,5.9,20.604725091375286,41.281417527412586
6674,16.0,30.625999450683594,70.0,0.0,20.3,5.6,5.706425786304895,17.711927735891468
6675,16.4,30.625999450683594,70.0,0.0,20.5,5.8,16.442789597178567,21.332836879153568
6676,35.3,30.625999450683594,70.0,0.0,19.3,6.0,22.73612859084204,42.120838577252606
6677,31.0,30.625999450683594,70.0,0.0,20.9,6.3,6.3175156806392785,32.895254704191785
6678,38.8,30.625999450683594,70.0,0.0,20.9,5.5,19.857576913272453,44.757273073981736
6679,27.7,30.625999450683594,70.0,0.0,20.8,6.1,22.50008930059024,34.45002679017707
6680,23.5,30.625999450683594,70.0,0.0,21.0,5.8,22.893566624455833,30.36806998733675
6681,22.1,30.625999450683594,70.0,0.0,19.4,5.6,25.85529606904618,29.856588820713853
6682,19.2,30.625999450683594,70.0,0.0,20.4,6.2,9.182976189860305,21.95489285695809
6683,23.4,30.625999450683594,70.0,0.0,21.0,6.3,6.8289666623764305,25.44868999871293
6684,16.0,30.625999450683594,70.0,0.0,20.0,5.8,23.281396010548388,22.984418803164516
6685,35.7,30.625999450683594,70.0,0.0,19.4,6.4,29.925081864520617,44.677524559356186
6686,26.6,30.625999450683594,70.0,0.0,19.9,6.2,28.96243328695795,35.28872998608739
6687,31.7,30.625999450683594,70.0,0.0,20.9,6.2,11.91256821337373,35.27377046401212
6688,29.2,30.625999450683594,70.0,0.0,20.0,6.2,8.900299450271412,31.870089835081423
6689,35.2,30.625999450683594,70.0,0.0,20.1,6.0,19.017399757152766,40.905219927145836
6690,21.9,30.625999450683594,70.0,0.0,20.9,5.9,14.420079675447182,26.226023902634154
6691,19.9,30.625999450683594,70.0,0.0,19.0,5.9,15.676023184762732,24.602806955428818
6692,22.2,30.625999450683594,70.0,0.0,19.1,6.3,27.229223705867916,30.368767111760373
6693,27.3,30.625999450683594,70.0,0.0,19.4,5.6,7.750231794345915,29.625069538303777
6694,16.3,30.625999450683594,70.0,0.0,19.5,5.5,5.300757933387763,17.89022738001633
6695,26.1,30.625999450683594,70.0,0.0,20.4,6.4,21.01835331011933,32.4055059930358
6696,19.8,30.625999450683594,70.0,0.0,19.1,6.2,29.0602992605344,28.51808977816032
6697,23.3,30.625999450683594,70.0,0.0,20.6,6.0,6.035599161385278,25.110679748415585
6698,26.5,30.625999450683594,70.0,0.0,20.6,6.0,27.2369998977029,34.67109996931087
6699,37.2,30.625999450683594,70.0,0.0,20.6,6.5,22.515891320997977,43.954767396299395
6700,39.4,30.625999450683594,70.0,0.0,19.8,5.6,7.229682753774778,41.56890482613243
6701,28.4,30.625999450683594,70.0,0.0,19.2,6.3,8.050853665500808,30.81525609965024
6702,17.9,30.625999450683594,70.0,0.0,19.9,6.1,23.82996585565482,25.048989756696443
6703,24.9,30.625999450683594,70.0,0.0,19.4,5.7,20.773550296693166,31.13206508900795
6704,15.4,30.625999450683594,70.0,0.0,20.6,6.1,9.19167241580263,18.15750172474079
6705,24.5,30.625999450683594,70.0,0.0,20.9,6.2,12.587721386822091,28.276316416046626
6706,25.7,30.625999450683594,70.0,0.0,19.6,6.3,15.441574577923188,30.332472373376955
6707,29.2,30.625999450683594,70.0,0.0,20.7,5.8,23.785675942367305,36.33570278271019
6708,38.5,30.625999450683594,70.0,0.0,19.8,6.4,24.307061288430003,45.792118386529
6709,16.9,30.625999450683594,70.0,0.0,20.5,6.3,21.154816762066435,23.24644502861993
6710,24.8,30.625999450683594,70.0,0.0,20.2,6.5,10.565258435168083,27.969577530550424
6711,35.5,30.625999450683594,70.0,0.0,20.8,5.6,5.119879069667189,37.035963720900156
6712,19.4,30.625999450683594,70.0,0.0,19.9,6.0,11.562032742811489,22.868609822843446
6713,38.1,30.625999450683594,70.0,0.0,19.2,6.4,20.795134764706845,44.338540429412056
6714,18.5,30.625999450683594,70.0,0.0,19.6,6.1,10.17494508577338,21.552483525732015
6715,27.5,30.625999450683594,70.0,0.0,19.9,5.6,13.175173392518722,31.452552017755615
6716,31.7,30.625999450683594,70.0,0.0,19.4,6.1,12.130956659053219,35.339286997715966
6717,18.5,30.625999450683594,70.0,0.0,20.5,6.3,23.53291740986183,25.55987522295855
6718,30.6,30.625999450683594,70.0,0.0,19.1,6.1,18.929759802290878,36.27892794068727
6719,39.7,30.625999450683594,70.0,0.0,20.4,6.0,17.405726287074383,44.921717886122316
6720,20.4,29.575998306274418,75.0,0.0,19.3,5.7,13.37367968180077,24.41210390454023
6721,22.0,29.575998306274418,75.0,0.0,21.0,5.6,13.611317164088222,26.083395149226465
6722,34.1,29.575998306274418,75.0,0.0,20.3,5.9,27.7780097254871,42.433402917646134
6723,25.2,29.575998306274418,75.0,0.0,20.1,5.8,24.870731186306106,32.66121935589183
6724,25.2,29.575998306274418,75.0,0.0,20.1,6.3,5.427000191551061,26.828100057465317
6725,33.9,29.575998306274418,75.0,0.0,19.4,6.2,15.009872094953911,38.402961628486175
6726,30.0,29.575998306274418,75.0,0.0,19.0,6.1,14.943112179688383,34.482933653906514
6727,39.8,29.575998306274418,75.0,0.0,20.1,5.9,27.056845651526196,47.91705369545785
6728,25.9,29.575998306274418,75.0,0.0,19.5,6.1,22.188902079554158,32.556670623866246
6729,20.3,29.575998306274418,75.0,0.0,20.7,6.0,9.423235294764872,23.12697058842946
6730,29.5,29.575998306274418,75.0,0.0,19.2,6.5,24.795936504595787,36.93878095137873
6731,22.7,29.575998306274418,75.0,0.0,19.4,5.8,14.96377896788952,27.189133690366855
6732,28.0,29.575998306274418,75.0,0.0,19.9,6.3,8.614921180561797,30.58447635416854
6733,36.4,29.575998306274418,75.0,0.0,19.3,5.8,23.66932276364091,43.50079682909227
6734,34.7,29.575998306274418,75.0,0.0,19.8,5.8,5.450399932309272,36.335119979692784
6735,27.0,29.575998306274418,75.0,0.0,19.1,6.1,5.561282741765718,28.668384822529717
6736,27.0,29.575998306274418,75.0,0.0,19.8,6.3,29.441726784684402,35.83251803540532
6737,34.5,29.575998306274418,75.0,0.0,19.7,5.8,10.615219935582974,37.68456598067489
6738,39.3,29.575998306274418,75.0,0.0,19.0,5.8,5.367761349652182,40.91032840489565
6739,32.2,29.575998306274418,75.0,0.0,20.1,6.2,6.7052383994956255,34.21157151984869
6740,20.5,29.575998306274418,75.0,0.0,19.8,6.5,21.7786479536476,27.03359438609428
6741,23.4,29.575998306274418,75.0,0.0,20.8,6.1,7.494988721121177,25.648496616336352
6742,15.1,29.575998306274418,75.0,0.0,19.2,5.7,13.218270116709817,19.065481035012944
6743,18.0,29.575998306274418,75.0,0.0,21.0,5.8,15.882386276944597,22.76471588308338
6744,28.6,29.575998306274418,75.0,0.0,20.2,5.7,6.6780656346639695,30.603419690399193
6745,24.2,29.575998306274418,75.0,0.0,20.5,6.1,6.649941591526377,26.194982477457913
6746,26.1,29.575998306274418,75.0,0.0,20.6,6.5,13.930996463415338,30.279298939024603
6747,28.1,29.575998306274418,75.0,0.0,19.4,6.1,15.89493436305985,32.86848030891795
6748,25.2,29.575998306274418,75.0,0.0,19.8,6.1,29.45191668992773,34.03557500697832
6749,34.4,29.575998306274418,75.0,0.0,19.2,5.6,11.836572438852478,37.95097173165574
6750,18.8,29.575998306274418,75.0,0.0,19.6,6.4,13.419997801598642,22.825999340479594
6751,28.7,29.575998306274418,75.0,0.0,19.1,5.5,17.204326652459443,33.86129799573783
6752,26.0,29.575998306274418,75.0,0.0,20.7,6.4,10.24035029552444,29.07210508865733
6753,37.9,29.575998306274418,75.0,0.0,19.4,6.0,24.518144159965527,45.25544324798965
6754,22.6,29.575998306274418,75.0,0.0,20.7,6.3,21.806968038048296,29.14209041141449
6755,34.3,29.575998306274418,75.0,0.0,19.4,5.7,18.64863736975291,39.89459121092587
6756,20.0,29.575998306274418,75.0,0.0,19.8,6.3,14.950606803192136,24.48518204095764
6757,25.0,29.575998306274418,75.0,0.0,19.7,5.5,17.579275996428976,30.273782798928693
6758,21.3,29.575998306274418,75.0,0.0,19.9,5.9,8.586127537346858,23.87583826120406
6759,22.1,29.575998306274418,75.0,0.0,20.6,5.9,20.241825027362566,28.172547508208773
6760,32.5,29.575998306274418,75.0,0.0,20.0,6.2,29.783181939292863,41.434954581787856
6761,21.7,29.575998306274418,75.0,0.0,19.2,6.2,25.405564300484187,29.321669290145255
6762,37.3,29.575998306274418,75.0,0.0,19.0,5.9,12.513948754357884,41.05418462630736
6763,16.3,29.575998306274418,75.0,0.0,20.0,6.5,29.288801074316883,25.086640322295064
6764,16.1,29.575998306274418,75.0,0.0,19.5,6.3,24.829587044812865,23.54887611344386
6765,31.3,29.575998306274418,75.0,0.0,19.9,5.9,5.435885556282292,32.93076566688469
6766,17.6,29.575998306274418,75.0,0.0,20.5,5.7,24.948982933536918,25.084694880061075
6767,33.9,29.575998306274418,75.0,0.0,19.6,6.3,19.862188328485768,39.85865649854573
6768,26.3,29.575998306274418,75.0,0.0,20.1,6.0,7.499784695149815,28.549935408544947
6769,31.6,29.575998306274418,75.0,0.0,19.4,5.9,20.220206835368113,37.666062050610435
6770,31.0,29.575998306274418,75.0,0.0,20.1,5.8,26.83612518559521,39.05083755567856
6771,29.3,29.575998306274418,75.0,0.0,19.3,5.8,8.284767669471943,31.785430300841583
6772,25.5,29.575998306274418,75.0,0.0,20.4,6.1,21.974443767119816,32.09233313013594
6773,33.0,29.575998306274418,75.0,0.0,19.1,6.3,18.638182505227782,38.591454751568335
6774,18.2,29.575998306274418,75.0,0.0,20.4,6.1,13.494693751087269,22.24840812532618
6775,26.0,29.575998306274418,75.0,0.0,19.4,5.5,6.909483220157249,28.072844966047175
6776,38.2,29.575998306274418,75.0,0.0,20.7,5.9,15.257256152787903,42.77717684583637
6777,19.9,29.575998306274418,75.0,0.0,20.2,6.5,24.833458065266118,27.350037419579834
6778,33.3,29.575998306274418,75.0,0.0,19.7,5.8,29.262863122450877,42.07885893673526
6779,19.0,29.575998306274418,75.0,0.0,19.3,5.6,22.07164842801827,25.62149452840548
6780,36.5,28.825998306274418,79.0,0.0,19.3,6.2,11.275892154803717,39.88276764644112
6781,34.3,28.825998306274418,79.0,0.0,19.6,6.5,20.00778120799538,40.30233436239861
6782,16.6,28.825998306274418,79.0,0.0,19.2,6.0,12.060815989011044,20.218244796703313
6783,38.5,28.825998306274418,79.0,0.0,19.5,6.0,10.5989995637619,41.67969986912857
6784,37.9,28.825998306274418,79.0,0.0,20.6,6.3,21.91142519598464,44.47342755879539
6785,39.9,28.825998306274418,79.0,0.0,19.6,6.0,8.500798029713465,42.45023940891404
6786,28.4,28.825998306274418,79.0,0.0,20.0,5.8,25.591424250881076,36.07742727526432
6787,26.7,28.825998306274418,79.0,0.0,20.7,6.2,18.20882525425776,32.16264757627733
6788,35.8,28.825998306274418,79.0,0.0,19.1,6.2,24.76843283700065,43.230529851100194
6789,21.6,28.825998306274418,79.0,0.0,20.3,5.9,7.054208319810738,23.716262495943223
6790,37.7,28.825998306274418,79.0,0.0,19.6,5.6,13.107334099625001,41.6322002298875
6791,20.2,28.825998306274418,79.0,0.0,19.0,5.7,22.36480355719777,26.90944106715933
6792,37.9,28.825998306274418,79.0,0.0,19.4,6.1,16.25168493896623,42.77550548168987
6793,24.8,28.825998306274418,79.0,0.0,19.6,5.7,8.14770481885602,27.244311445656805
6794,20.4,28.825998306274418,79.0,0.0,19.5,6.2,23.19472253485845,27.358416760457533
6795,32.1,28.825998306274418,79.0,0.0,19.3,6.2,23.95586486116724,39.286759458350176
6796,19.1,28.825998306274418,79.0,0.0,20.4,5.7,24.26121940270768,26.378365820812306
6797,27.9,28.825998306274418,79.0,0.0,20.4,5.6,5.166206336674249,29.449861901002272
6798,28.4,28.825998306274418,79.0,0.0,19.7,5.9,24.714818210182273,35.81444546305468
6799,34.6,28.825998306274418,79.0,0.0,19.8,5.6,26.07193491857938,42.42158047557382
6800,30.9,28.825998306274418,79.0,0.0,20.1,6.3,14.680170469994396,35.30405114099832
6801,35.3,28.825998306274418,79.0,0.0,20.4,6.1,10.10213859533151,38.33064157859945
6802,18.3,28.825998306274418,79.0,0.0,19.7,6.2,27.60394111923907,26.58118233577172
6803,36.7,28.825998306274418,79.0,0.0,19.3,6.0,27.701653236275707,45.010495970882715
6804,25.3,28.825998306274418,79.0,0.0,20.6,6.3,16.794020038010643,30.338206011403194
6805,38.9,28.825998306274418,79.0,0.0,19.5,6.5,29.869426836486237,47.86082805094587
6806,21.8,28.825998306274418,79.0,0.0,20.8,6.1,23.770973632275226,28.931292089682568
6807,27.7,28.825998306274418,79.0,0.0,20.3,5.8,5.594131897987812,29.378239569396342
6808,17.9,28.825998306274418,79.0,0.0,19.3,5.9,26.26912798293506,25.780738394880515
6809,33.6,28.825998306274418,79.0,0.0,20.2,6.4,8.654593537541366,36.19637806126241
6810,34.4,28.825998306274418,79.0,0.0,20.0,6.3,26.608563084791335,42.3825689254374
6811,30.1,28.825998306274418,79.0,0.0,20.7,6.0,23.678923974854968,37.20367719245649
6812,33.3,28.825998306274418,79.0,0.0,20.7,6.5,22.346802455329673,40.004040736598895
6813,29.9,28.825998306274418,79.0,0.0,20.2,6.5,11.191446555348165,33.257433966604445
6814,22.4,28.825998306274418,79.0,0.0,20.2,6.4,16.23855802284748,27.271567406854242
6815,18.8,28.825998306274418,79.0,0.0,21.0,6.1,20.529157540575053,24.958747262172515
6816,21.7,28.825998306274418,79.0,0.0,20.6,5.8,14.247118353733363,25.974135506120007
6817,33.6,28.825998306274418,79.0,0.0,19.3,6.4,13.652056049915661,37.6956168149747
6818,39.6,28.825998306274418,79.0,0.0,20.8,6.0,15.127537622298204,44.13826128668946
6819,36.8,28.825998306274418,79.0,0.0,19.2,5.5,23.082981875303872,43.72489456259116
6820,25.5,28.825998306274418,79.0,0.0,19.1,6.3,20.26832593261353,31.580497779784057
6821,32.1,28.825998306274418,79.0,0.0,20.9,5.6,14.171764003716639,36.35152920111499
6822,18.2,28.825998306274418,79.0,0.0,20.4,5.7,12.79412651501043,22.038237954503128
6823,22.3,28.825998306274418,79.0,0.0,20.6,6.2,13.776074595319539,26.432822378595862
6824,19.4,28.825998306274418,79.0,0.0,19.5,5.7,12.519652018829987,23.155895605648993
6825,32.0,28.825998306274418,79.0,0.0,20.2,5.7,5.7090516656012955,33.712715499680385
6826,24.3,28.825998306274418,79.0,0.0,19.5,5.9,13.138486437487854,28.241545931246357
6827,26.3,28.825998306274418,79.0,0.0,19.2,6.5,17.72510085394427,31.61753025618328
6828,24.7,28.825998306274418,79.0,0.0,20.6,5.7,21.28830228774982,31.086490686324943
6829,25.0,28.825998306274418,79.0,0.0,20.4,5.7,17.02128006142505,30.106384018427516
6830,15.1,28.825998306274418,79.0,0.0,19.2,6.3,28.748244637091233,23.72447339112737
6831,23.5,28.825998306274418,79.0,0.0,20.6,5.7,23.457947338684868,30.53738420160546
6832,30.6,28.825998306274418,79.0,0.0,19.5,5.7,27.84533280592492,38.953599841777475
6833,21.7,28.825998306274418,79.0,0.0,19.1,6.4,27.155901636189114,29.846770490856734
6834,36.5,28.825998306274418,79.0,0.0,19.5,5.6,5.1941841480532585,38.058255244415975
6835,33.2,28.825998306274418,79.0,0.0,20.6,5.6,24.97044360962112,40.69113308288634
6836,25.8,28.825998306274418,79.0,0.0,20.4,5.8,15.361772869521168,30.40853186085635
6837,28.5,28.825998306274418,79.0,0.0,20.9,6.1,22.82847439936536,35.34854231980961
6838,39.7,28.825998306274418,79.0,0.0,19.6,6.4,11.376982056566714,43.11309461697002
6839,18.7,28.825998306274418,79.0,0.0,19.2,5.6,8.401985499292302,21.22059564978769
6840,36.7,28.22599983215332,83.0,0.0,20.5,6.4,22.0408522986241,43.31225568958723
6841,20.2,28.22599983215332,83.0,0.0,20.3,5.5,25.318000570967524,27.795400171290254
6842,20.2,28.22599983215332,83.0,0.0,19.7,6.4,17.995448063230825,25.598634418969247
6843,27.4,28.22599983215332,83.0,0.0,19.6,6.3,16.855241733043684,32.4565725199131
6844,33.4,28.22599983215332,83.0,0.0,20.2,5.7,23.49522377518603,40.44856713255581
6845,32.2,28.22599983215332,83.0,0.0,20.8,5.6,16.097733460176144,37.029320038052845
6846,21.8,28.22599983215332,83.0,0.0,20.1,5.5,23.90926051467651,28.972778154402953
6847,36.2,28.22599983215332,83.0,0.0,19.5,5.5,27.27067126585729,44.38120137975719
6848,31.2,28.22599983215332,83.0,0.0,19.8,5.5,18.968055301456545,36.89041659043696
6849,15.1,28.22599983215332,83.0,0.0,19.5,6.1,28.696993751614944,23.70909812548448
6850,33.5,28.22599983215332,83.0,0.0,19.0,6.4,20.559393377930824,39.66781801337925
6851,23.7,28.22599983215332,83.0,0.0,20.0,6.1,9.663154986048102,26.59894649581443
6852,35.6,28.22599983215332,83.0,0.0,19.9,5.8,8.320407196695719,38.096122159008715
6853,29.7,28.22599983215332,83.0,0.0,20.5,6.4,12.499766806887266,33.44993004206618
6854,36.5,28.22599983215332,83.0,0.0,20.5,5.9,25.317379801221747,44.09521394036652
6855,19.4,28.22599983215332,83.0,0.0,20.9,5.8,17.84775301986578,24.754325905959732
6856,30.9,28.22599983215332,83.0,0.0,19.6,6.0,25.113536707783023,38.43406101233491
6857,20.1,28.22599983215332,83.0,0.0,20.4,6.2,13.721788914631453,24.216536674389438
6858,34.4,28.22599983215332,83.0,0.0,19.7,6.5,25.639869180406055,42.091960754121814
6859,32.9,28.22599983215332,83.0,0.0,20.4,5.6,21.404810499949953,39.32144314998499
6860,33.5,28.22599983215332,83.0,0.0,19.7,5.7,26.49980066565887,41.449940199697664
6861,31.1,28.22599983215332,83.0,0.0,19.9,6.3,8.331608762628202,33.599482628788465
6862,15.3,28.22599983215332,83.0,0.0,21.0,6.1,16.464666455313353,20.239399936594005
6863,32.0,28.22599983215332,83.0,0.0,19.5,6.3,9.224754302787659,34.7674262908363
6864,17.2,28.22599983215332,83.0,0.0,19.3,6.2,27.85123593053384,25.55537077916015
6865,37.3,28.22599983215332,83.0,0.0,20.9,6.2,9.146994991069207,40.04409849732076
6866,31.9,28.22599983215332,83.0,0.0,19.5,6.0,20.03194825687241,37.90958447706172
6867,22.9,28.22599983215332,83.0,0.0,19.8,6.5,11.892585856486491,26.467775756945947
6868,39.1,28.22599983215332,83.0,0.0,20.4,6.3,5.255930161521747,40.676779048456524
6869,24.0,28.22599983215332,83.0,0.0,19.2,5.6,8.50606133627732,26.551818400883196
6870,29.8,28.22599983215332,83.0,0.0,20.5,5.5,18.224219379009458,35.267265813702835
6871,16.4,28.22599983215332,83.0,0.0,19.4,5.6,21.17588672183779,22.752766016551334
6872,30.7,28.22599983215332,83.0,0.0,20.7,5.7,17.21715476780144,35.86514643034043
6873,38.2,28.22599983215332,83.0,0.0,20.1,6.3,10.976412142157471,41.49292364264724
6874,36.3,28.22599983215332,83.0,0.0,19.6,6.4,25.78658978762294,44.03597693628688
6875,26.1,28.22599983215332,83.0,0.0,20.6,5.6,18.150158619423518,31.545047585827056
6876,29.8,28.22599983215332,83.0,0.0,21.0,5.7,9.869944919847574,32.760983475954276
6877,18.6,28.22599983215332,83.0,0.0,19.9,5.7,11.280478601251634,21.98414358037549
6878,34.8,28.22599983215332,83.0,0.0,19.6,6.5,19.912703704569473,40.77381111137084
6879,24.7,28.22599983215332,83.0,0.0,19.8,6.1,16.100013556645386,29.530004066993616
6880,29.3,28.22599983215332,83.0,0.0,19.3,6.1,26.45906346773217,37.237719040319654
6881,23.8,28.22599983215332,83.0,0.0,20.0,6.3,20.250102994967314,29.875030898490195
6882,28.3,28.22599983215332,83.0,0.0,20.9,5.8,11.37429544468586,31.71228863340576
6883,28.2,28.22599983215332,83.0,0.0,20.2,6.2,26.18303095486424,36.05490928645927
6884,32.0,28.22599983215332,83.0,0.0,20.7,6.0,26.533606107562616,39.960081832268784
6885,26.8,28.22599983215332,83.0,0.0,20.6,5.7,15.46846413384147,31.44053924015244
6886,26.9,28.22599983215332,83.0,0.0,19.8,5.7,22.382127238331975,33.61463817149959
6887,38.3,28.22599983215332,83.0,0.0,20.1,5.7,15.490922776265535,42.94727683287966
6888,21.8,28.22599983215332,83.0,0.0,19.5,6.3,18.970064680552085,27.491019404165627
6889,35.2,28.22599983215332,83.0,0.0,19.3,6.4,16.666139346180522,40.199841803854156
6890,24.6,28.22599983215332,83.0,0.0,19.2,6.0,20.50294942208587,30.75088482662576
6891,19.6,28.22599983215332,83.0,0.0,20.3,5.9,26.39522334801421,27.518567004404265
6892,23.8,28.22599983215332,83.0,0.0,20.2,6.1,8.490780074859135,26.34723402245774
6893,19.5,28.22599983215332,83.0,0.0,19.4,5.8,22.06215187338765,26.118645562016294
6894,31.9,28.22599983215332,83.0,0.0,19.4,6.0,23.791338672476556,39.037401601742964
6895,39.5,28.22599983215332,83.0,0.0,20.4,5.7,15.283115899318457,44.08493476979554
6896,23.8,28.22599983215332,83.0,0.0,20.8,5.8,25.832483486872803,31.54974504606184
6897,26.7,28.22599983215332,83.0,0.0,19.4,5.8,6.6357253656242765,28.690717609687283
6898,39.5,28.22599983215332,83.0,0.0,19.5,6.2,5.658305141443047,41.197491542432914
6899,30.3,28.22599983215332,83.0,0.0,19.6,5.6,19.65091132409585,36.19527339722875
6900,15.0,27.775999069213867,86.0,0.0,20.0,5.7,22.881439628568447,21.864431888570536
6901,38.7,27.775999069213867,86.0,0.0,19.4,6.1,9.540969944676698,41.56229098340301
6902,16.2,27.775999069213867,86.0,0.0,20.8,5.9,25.86983251486761,23.96094975446028
6903,24.8,27.775999069213867,86.0,0.0,19.1,6.4,9.174538337045808,27.552361501113744
6904,20.4,27.775999069213867,86.0,0.0,19.5,5.7,9.149028628516247,23.144708588554874
6905,19.3,27.775999069213867,86.0,0.0,19.9,6.2,19.45183243213905,25.135549729641717
6906,34.2,27.775999069213867,86.0,0.0,20.2,5.7,24.099044687639076,41.429713406291725
6907,17.3,27.775999069213867,86.0,0.0,19.4,6.0,6.5783243346173865,19.273497300385216
6908,20.1,27.775999069213867,86.0,0.0,19.1,5.8,11.275455200779263,23.48263656023378
6909,38.1,27.775999069213867,86.0,0.0,19.5,5.7,26.079995170239968,45.92399855107199
6910,24.4,27.775999069213867,86.0,0.0,19.6,6.4,7.335034131629738,26.60051023948892
6911,29.4,27.775999069213867,86.0,0.0,20.5,5.9,7.062741394974682,31.5188224184924
6912,24.2,27.775999069213867,86.0,0.0,20.5,6.1,15.106404145271236,28.73192124358137
6913,26.7,27.775999069213867,86.0,0.0,19.7,6.2,23.409070147135004,33.7227210441405
6914,19.3,27.775999069213867,86.0,0.0,20.4,5.5,14.49137513781115,23.647412541343346
6915,37.4,27.775999069213867,86.0,0.0,20.7,6.4,18.259283778707317,42.87778513361219
6916,22.5,27.775999069213867,86.0,0.0,19.0,5.8,5.968510883576911,24.290553265073072
6917,30.8,27.775999069213867,86.0,0.0,19.9,5.7,20.79570068968602,37.038710206905805
6918,23.1,27.775999069213867,86.0,0.0,19.3,6.3,13.884684414125305,27.26540532423759
6919,39.4,27.775999069213867,86.0,0.0,19.5,6.2,29.725253827744265,48.317576148323276
6920,37.7,27.775999069213867,86.0,0.0,21.0,6.1,15.560289554803257,42.368086866440976
6921,29.8,27.775999069213867,86.0,0.0,20.6,6.1,8.27152840263133,32.2814585207894
6922,26.3,27.775999069213867,86.0,0.0,19.2,6.1,13.526622353605198,30.35798670608156
6923,20.5,27.775999069213867,86.0,0.0,20.7,6.4,16.318947513395237,25.39568425401857
6924,33.7,27.775999069213867,86.0,0.0,21.0,6.3,23.68359897666778,40.80507969300034
6925,27.0,27.775999069213867,86.0,0.0,19.7,5.9,9.70899474804051,29.912698424412152
6926,30.2,27.775999069213867,86.0,0.0,19.9,6.1,12.500628776914686,33.950188633074404
6927,27.7,27.775999069213867,86.0,0.0,20.5,6.2,27.115901219094063,35.83477036572822
6928,25.0,27.775999069213867,86.0,0.0,19.1,5.7,13.583220632692548,29.074966189807764
6929,39.4,27.775999069213867,86.0,0.0,20.6,5.9,19.615975980178398,45.284792794053516
6930,25.3,27.775999069213867,86.0,0.0,19.9,5.5,11.605278430175172,28.781583529052554
6931,28.7,27.775999069213867,86.0,0.0,19.1,6.0,20.763270996732615,34.92898129901978
6932,29.6,27.775999069213867,86.0,0.0,20.7,5.6,17.285216725661083,34.785565017698325
6933,22.7,27.775999069213867,86.0,0.0,19.1,6.4,19.923858488854133,28.67715754665624
6934,30.9,27.775999069213867,86.0,0.0,19.2,6.1,19.06365094796857,36.61909528439057
6935,29.0,27.775999069213867,86.0,0.0,20.3,5.9,10.288209744180017,32.086462923254004
6936,17.3,27.775999069213867,86.0,0.0,20.4,6.0,13.933940432071127,21.48018212962134
6937,25.6,27.775999069213867,86.0,0.0,20.6,5.9,10.212891715849025,28.66386751475471
6938,34.3,27.775999069213867,86.0,0.0,20.3,6.5,28.8512582733829,42.95537748201487
6939,15.3,27.775999069213867,86.0,0.0,19.8,6.5,9.617484373803876,18.185245312141163
6940,24.1,27.775999069213867,86.0,0.0,20.1,5.6,21.557498255505546,30.567249476651664
6941,31.9,27.775999069213867,86.0,0.0,19.9,5.9,17.2537188538984,37.07611565616952
6942,39.4,27.775999069213867,86.0,0.0,19.9,5.8,5.05055049689712,40.91516514906913
6943,19.5,27.775999069213867,86.0,0.0,20.3,6.3,20.000057233204544,25.500017169961364
6944,36.7,27.775999069213867,86.0,0.0,20.2,6.0,25.308901283494755,44.29267038504843
6945,26.9,27.775999069213867,86.0,0.0,20.5,5.6,17.10245351745185,32.03073605523555
6946,39.0,27.775999069213867,86.0,0.0,20.0,6.1,19.612057920800453,44.88361737624014
6947,25.1,27.775999069213867,86.0,0.0,19.0,6.0,25.275611741574952,32.68268352247249
6948,37.1,27.775999069213867,86.0,0.0,20.5,6.5,16.75373625362538,42.12612087608761
6949,17.8,27.775999069213867,86.0,0.0,20.9,6.1,26.529304838172937,25.75879145145188
6950,18.3,27.775999069213867,86.0,0.0,20.5,6.3,13.923258739519072,22.476977621855724
6951,30.9,27.775999069213867,86.0,0.0,19.5,6.4,29.7777140198879,39.83331420596637
6952,22.0,27.775999069213867,86.0,0.0,20.5,6.2,12.231771973604598,25.66953159208138
6953,25.7,27.775999069213867,86.0,0.0,19.1,5.8,6.405343232981957,27.621602969894585
6954,24.3,27.775999069213867,86.0,0.0,20.6,6.2,11.803672115767423,27.84110163473023
6955,38.8,27.775999069213867,86.0,0.0,19.4,5.8,12.97631013791587,42.69289304137476
6956,24.8,27.775999069213867,86.0,0.0,20.6,5.7,27.348472154431732,33.00454164632952
6957,29.9,27.775999069213867,86.0,0.0,20.0,6.4,29.06625865443183,38.619877596329545
6958,26.4,27.775999069213867,86.0,0.0,20.2,6.1,12.7601489043838,30.22804467131514
6959,29.5,27.775999069213867,86.0,0.0,19.1,6.1,18.395303020991676,35.018590906297504
6960,28.6,27.525999069213867,88.0,0.0,20.6,6.1,16.071954642723462,33.42158639281704
6961,30.3,27.525999069213867,88.0,0.0,19.8,6.2,15.70674706169866,35.0120241185096
6962,29.2,27.525999069213867,88.0,0.0,19.8,5.5,22.568004369154846,35.97040131074645
6963,33.6,27.525999069213867,88.0,0.0,19.9,5.8,11.608100657871564,37.08243019736147
6964,24.7,27.525999069213867,88.0,0.0,19.7,5.6,13.59466037224351,28.778398111673052
6965,37.3,27.525999069213867,88.0,0.0,20.2,5.6,11.270653062297207,40.681195918689156
6966,23.8,27.525999069213867,88.0,0.0,19.6,5.8,12.428549794016021,27.528564938204806
6967,26.8,27.525999069213867,88.0,0.0,19.3,6.4,13.845551570576232,30.95366547117287
6968,19.2,27.525999069213867,88.0,0.0,20.2,6.1,10.553399120732694,22.36601973621981
6969,20.1,27.525999069213867,88.0,0.0,20.4,6.1,19.849225055960016,26.054767516788004
6970,22.0,27.525999069213867,88.0,0.0,19.5,6.2,25.134717082466913,29.540415124740072
6971,17.4,27.525999069213867,88.0,0.0,19.0,6.0,11.619722120767122,20.885916636230135
6972,27.3,27.525999069213867,88.0,0.0,19.5,6.3,23.737073967629385,34.42112219028881
6973,16.7,27.525999069213867,88.0,0.0,20.3,6.1,20.8738349659671,22.96215048979013
6974,30.6,27.525999069213867,88.0,0.0,20.1,5.6,5.887808516087047,32.36634255482612
6975,39.8,27.525999069213867,88.0,0.0,19.2,6.5,8.587404531084035,42.37622135932521
6976,35.0,27.525999069213867,88.0,0.0,20.7,5.9,27.49799713165276,43.24939913949583
6977,36.1,27.525999069213867,88.0,0.0,20.2,5.7,9.190440908255024,38.857132272476505
6978,27.1,27.525999069213867,88.0,0.0,20.6,5.6,6.009849467888504,28.902954840366554
6979,39.4,27.525999069213867,88.0,0.0,19.8,5.7,15.801337980417946,44.140401394125384
6980,31.1,27.525999069213867,88.0,0.0,20.3,6.2,27.336352305561956,39.30090569166859
6981,39.0,27.525999069213867,88.0,0.0,19.9,5.9,17.65712398046366,44.2971371941391
6982,28.2,27.525999069213867,88.0,0.0,19.4,5.5,22.87837826248016,35.06351347874405
6983,35.0,27.525999069213867,88.0,0.0,20.1,6.2,13.934731430265758,39.18041942907973
6984,15.8,27.525999069213867,88.0,0.0,20.0,6.3,18.350329236305207,21.30509877089156
6985,22.7,27.525999069213867,88.0,0.0,20.0,5.5,8.91986419329777,25.37595925798933
6986,32.9,27.525999069213867,88.0,0.0,19.4,6.4,15.152606929918065,37.44578207897542
6987,28.2,27.525999069213867,88.0,0.0,19.8,6.1,12.29509984522675,31.888529953568025
6988,39.0,27.525999069213867,88.0,0.0,20.6,5.6,11.16085593266989,42.34825677980097
6989,24.7,27.525999069213867,88.0,0.0,19.5,6.3,5.017979109983984,26.205393732995194
6990,34.2,27.525999069213867,88.0,0.0,20.7,6.3,28.33292943415297,42.69987883024589
6991,18.2,27.525999069213867,88.0,0.0,19.6,6.3,21.30007750933571,24.590023252800712
6992,27.5,27.525999069213867,88.0,0.0,20.3,6.3,14.974288318716743,31.992286495615023
6993,29.7,27.525999069213867,88.0,0.0,19.0,6.4,20.41544908056291,35.824634724168874
6994,25.0,27.525999069213867,88.0,0.0,20.9,5.7,20.962504759495882,31.288751427848766
6995,20.6,27.525999069213867,88.0,0.0,20.1,6.3,13.266572592592947,24.579971777777885
6996,34.3,27.525999069213867,88.0,0.0,20.0,5.9,12.875238686017894,38.16257160580537
6997,19.8,27.525999069213867,88.0,0.0,20.1,6.4,16.605042677241844,24.781512803172554
6998,26.4,27.525999069213867,88.0,0.0,19.2,5.8,16.103943884929627,31.231183165478885
6999,15.2,27.525999069213867,88.0,0.0,20.4,5.9,11.457472735974907,18.63724182079247
7000,15.8,27.525999069213867,88.0,0.0,20.0,6.1,24.711066311440646,23.213319893432192
7001,21.0,27.525999069213867,88.0,0.0,19.6,5.9,7.119417876501098,23.135825362950328
7002,17.3,27.525999069213867,88.0,0.0,19.6,5.5,23.271327156812468,24.281398147043742
7003,21.3,27.525999069213867,88.0,0.0,19.9,5.6,19.209859345217286,27.062957803565187
7004,23.1,27.525999069213867,88.0,0.0,19.2,5.7,29.03073052602267,31.8092191578068
7005,25.9,27.525999069213867,88.0,0.0,19.2,5.9,5.006562517095807,27.401968755128742
7006,32.6,27.525999069213867,88.0,0.0,20.2,5.6,20.894255131426362,38.86827653942791
7007,18.2,27.525999069213867,88.0,0.0,20.0,5.6,28.404007950881898,26.72120238526457
7008,18.1,27.525999069213867,88.0,0.0,20.8,6.5,26.373096630447318,26.011928989134198
7009,33.1,27.525999069213867,88.0,0.0,20.6,6.2,21.87643403859222,39.66293021157767
7010,17.0,27.525999069213867,88.0,0.0,19.8,6.0,14.050191968134383,21.215057590440317
7011,15.8,27.525999069213867,88.0,0.0,19.7,6.1,26.49070970399865,23.747212911199597
7012,19.5,27.525999069213867,88.0,0.0,20.4,6.2,15.434532577617734,24.13035977328532
7013,17.3,27.525999069213867,88.0,0.0,19.2,6.1,27.60578642493842,25.581735927481525
7014,39.9,27.525999069213867,88.0,0.0,19.1,5.9,9.556932984747839,42.76707989542435
7015,19.3,27.525999069213867,88.0,0.0,19.0,6.2,13.512354919186185,23.353706475755857
7016,18.3,27.525999069213867,88.0,0.0,19.5,6.1,16.553197313304675,23.265959193991403
7017,33.4,27.525999069213867,88.0,0.0,20.0,5.8,15.54438632115367,38.0633158963461
7018,29.2,27.525999069213867,88.0,0.0,19.9,5.8,24.107795577317813,36.432338673195346
7019,37.2,27.525999069213867,88.0,0.0,19.3,6.1,9.223138772169596,39.96694163165088
7020,22.3,27.47599983215332,88.0,0.0,19.2,5.7,9.998030853410416,25.299409256023125
7021,15.7,27.47599983215332,88.0,0.0,20.0,5.6,21.24297497015573,22.072892491046716
7022,25.0,27.47599983215332,88.0,0.0,19.7,6.0,26.146948608013126,32.84408458240394
7023,28.4,27.47599983215332,88.0,0.0,19.3,6.0,25.754049770103883,36.126214931031164
7024,24.4,27.47599983215332,88.0,0.0,19.2,5.7,6.712427926841389,26.413728378052415
7025,23.2,27.47599983215332,88.0,0.0,19.8,5.5,9.320839792137928,25.99625193764138
7026,16.0,27.47599983215332,88.0,0.0,19.1,6.4,26.29847719580937,23.88954315874281
7027,30.7,27.47599983215332,88.0,0.0,19.4,6.1,18.736184205598896,36.32085526167967
7028,38.1,27.47599983215332,88.0,0.0,20.7,6.4,16.654800644483235,43.096440193344975
7029,27.9,27.47599983215332,88.0,0.0,19.3,6.3,17.881866055789096,33.26455981673673
7030,28.8,27.47599983215332,88.0,0.0,20.8,5.8,23.456519435522353,35.836955830656706
7031,17.8,27.47599983215332,88.0,0.0,20.6,6.1,7.743945119980018,20.123183535994006
7032,30.2,27.47599983215332,88.0,0.0,20.7,6.0,5.805119668201668,31.9415359004605
7033,25.4,27.47599983215332,88.0,0.0,19.1,6.5,24.97511850102899,32.89253555030869
7034,39.1,27.47599983215332,88.0,0.0,20.0,6.1,23.53353136157649,46.16005940847295
7035,34.0,27.47599983215332,88.0,0.0,20.6,5.7,19.53493760494124,39.86048128148237
7036,29.3,27.47599983215332,88.0,0.0,20.4,6.4,25.72867363969823,37.01860209190947
7037,31.9,27.47599983215332,88.0,0.0,19.8,6.2,5.072693887021375,33.42180816610641
7038,28.7,27.47599983215332,88.0,0.0,19.2,5.9,27.16222071079665,36.84866621323899
7039,26.1,27.47599983215332,88.0,0.0,20.8,5.5,12.75373391045786,29.92612017313736
7040,32.6,27.47599983215332,88.0,0.0,20.6,6.2,22.319727013373747,39.295918104012124
7041,21.1,27.47599983215332,88.0,0.0,20.3,6.2,19.93713222006808,27.081139666020427
7042,26.6,27.47599983215332,88.0,0.0,19.7,6.3,23.94054788566831,33.782164365700496
7043,27.7,27.47599983215332,88.0,0.0,20.0,6.2,29.916491195892522,36.67494735876775
7044,35.8,27.47599983215332,88.0,0.0,19.5,6.3,29.567762713652165,44.67032881409565
7045,33.9,27.47599983215332,88.0,0.0,21.0,6.2,12.050573805580424,37.51517214167413
7046,27.5,27.47599983215332,88.0,0.0,20.0,5.7,28.47418662852426,36.04225598855728
7047,32.1,27.47599983215332,88.0,0.0,20.3,6.5,8.012708998099757,34.50381269942993
7048,36.9,27.47599983215332,88.0,0.0,20.2,5.7,22.04057471882675,43.512172415648024
7049,34.5,27.47599983215332,88.0,0.0,19.5,6.1,29.009932740516902,43.20297982215507
7050,27.4,27.47599983215332,88.0,0.0,20.0,5.6,5.665508474859769,29.099652542457928
7051,32.1,27.47599983215332,88.0,0.0,20.3,6.1,14.047415604190768,36.31422468125723
7052,15.7,27.47599983215332,88.0,0.0,20.3,5.6,24.950984912394027,23.185295473718206
7053,22.4,27.47599983215332,88.0,0.0,20.7,5.6,9.461709196845469,25.238512759053638
7054,21.4,27.47599983215332,88.0,0.0,20.3,6.1,10.903161713559676,24.670948514067902
7055,17.5,27.47599983215332,88.0,0.0,20.2,5.6,9.372997960149377,20.311899388044814
7056,21.9,27.47599983215332,88.0,0.0,19.2,5.5,16.517603520871283,26.855281056261383
7057,37.4,27.47599983215332,88.0,0.0,19.4,5.9,22.27230533030461,44.081691599091386
7058,17.8,27.47599983215332,88.0,0.0,20.8,6.5,17.369363431202764,23.01080902936083
7059,21.7,27.47599983215332,88.0,0.0,19.9,6.0,10.790276567894004,24.937082970368202
7060,40.0,27.47599983215332,88.0,0.0,19.9,6.1,24.89502950131577,47.46850885039473
7061,15.5,27.47599983215332,88.0,0.0,20.0,5.6,24.987898181467283,22.996369454440185
7062,31.7,27.47599983215332,88.0,0.0,19.5,5.9,24.235986482834676,38.9707959448504
7063,23.9,27.47599983215332,88.0,0.0,20.9,5.7,8.096533886240424,26.328960165872125
7064,18.0,27.47599983215332,88.0,0.0,20.3,5.8,9.812568112300244,20.943770433690073
7065,18.3,27.47599983215332,88.0,0.0,20.0,5.7,16.365664846060497,23.20969945381815
7066,22.4,27.47599983215332,88.0,0.0,21.0,5.7,20.365136533528748,28.509540960058622
7067,24.7,27.47599983215332,88.0,0.0,20.4,5.7,23.169856761551618,31.650957028465484
7068,26.0,27.47599983215332,88.0,0.0,19.9,6.1,6.983720618883533,28.09511618566506
7069,32.8,27.47599983215332,88.0,0.0,19.1,5.7,23.535897027090652,39.860769108127194
7070,32.4,27.47599983215332,88.0,0.0,19.5,5.8,27.21288264678531,40.563864794035595
7071,26.9,27.47599983215332,88.0,0.0,19.4,6.3,7.783552836115777,29.235065850834733
7072,20.1,27.47599983215332,88.0,0.0,20.3,5.6,22.91427930199391,26.974283790598175
7073,28.7,27.47599983215332,88.0,0.0,19.4,5.9,15.304606421178592,33.29138192635358
7074,17.7,27.47599983215332,88.0,0.0,20.3,5.7,17.122292556920943,22.83668776707628
7075,21.7,27.47599983215332,88.0,0.0,19.6,5.6,11.007194301976082,25.002158290592824
7076,36.3,27.47599983215332,88.0,0.0,20.1,5.7,15.835440640795483,41.050632192238645
7077,39.0,27.47599983215332,88.0,0.0,19.1,6.2,6.36574232040261,40.90972269612078
7078,33.4,27.47599983215332,88.0,0.0,19.7,6.1,24.930357006757784,40.879107102027334
7079,27.6,27.47599983215332,88.0,0.0,19.7,6.5,21.214237858741114,33.96427135762234
7080,34.1,27.375999450683594,89.0,0.0,20.1,6.3,26.866057905396413,42.15981737161893
7081,36.3,27.375999450683594,89.0,0.0,19.9,6.0,29.788838752542777,45.23665162576283
7082,20.1,27.375999450683594,89.0,0.0,20.8,6.0,21.845128853273536,26.65353865598206
7083,15.9,27.375999450683594,89.0,0.0,20.1,5.8,28.351960214696398,24.405588064408917
7084,35.8,27.375999450683594,89.0,0.0,19.9,6.3,5.709085220499397,37.51272556614982
7085,29.3,27.375999450683594,89.0,0.0,20.2,6.4,15.527953071531575,33.958385921459474
7086,16.2,27.375999450683594,89.0,0.0,19.1,5.9,12.955866497375965,20.086759949212787
7087,26.7,27.375999450683594,89.0,0.0,20.9,5.5,28.95711334513086,35.38713400353926
7088,19.5,27.375999450683594,89.0,0.0,20.5,6.5,18.63445253795367,25.0903357613861
7089,16.1,27.375999450683594,89.0,0.0,19.7,6.4,28.692078974146437,24.70762369224393
7090,39.7,27.375999450683594,89.0,0.0,19.2,6.1,7.910883829574623,42.07326514887239
7091,25.3,27.375999450683594,89.0,0.0,20.4,5.8,6.798901305033415,27.339670391510026
7092,30.8,27.375999450683594,89.0,0.0,20.9,6.3,14.85685224962573,35.25705567488772
7093,20.8,27.375999450683594,89.0,0.0,19.6,6.1,12.568527158142421,24.57055814744273
7094,39.8,27.375999450683594,89.0,0.0,20.3,5.8,29.523768061167004,48.6571304183501
7095,34.4,27.375999450683594,89.0,0.0,19.8,6.3,14.067884082904932,38.62036522487148
7096,18.4,27.375999450683594,89.0,0.0,20.6,6.4,27.798558688063977,26.739567606419193
7097,25.2,27.375999450683594,89.0,0.0,19.1,6.2,16.440768134422257,30.132230440326676
7098,25.1,27.375999450683594,89.0,0.0,19.8,6.4,20.99680806328894,31.39904241898668
7099,38.3,27.375999450683594,89.0,0.0,19.3,6.2,17.947446724631604,43.68423401738948
7100,25.5,27.375999450683594,89.0,0.0,19.9,6.0,7.099092266308328,27.629727679892497
7101,19.1,27.375999450683594,89.0,0.0,20.8,6.3,8.079380017265091,21.523814005179528
7102,29.1,27.375999450683594,89.0,0.0,20.1,6.2,19.242873327332646,34.872861998199795
7103,39.3,27.375999450683594,89.0,0.0,19.2,5.7,6.2096668676142786,41.16290006028428
7104,15.2,27.375999450683594,89.0,0.0,19.8,6.2,9.565000316235707,18.069500094870712
7105,25.8,27.375999450683594,89.0,0.0,20.0,5.6,11.999646187090566,29.39989385612717
7106,17.4,27.375999450683594,89.0,0.0,20.1,5.7,11.91555052156575,20.974665156469722
7107,16.9,27.375999450683594,89.0,0.0,19.7,6.2,7.840882232372893,19.252264669711867
7108,35.9,27.375999450683594,89.0,0.0,19.5,6.1,5.598123164173103,37.57943694925193
7109,15.8,27.375999450683594,89.0,0.0,19.0,6.2,12.029956673551546,19.408987002065466
7110,37.8,27.375999450683594,89.0,0.0,19.8,5.9,7.99256613158442,40.19776983947532
7111,19.7,27.375999450683594,89.0,0.0,19.8,5.9,13.158592542441415,23.647577762732425
7112,29.9,27.375999450683594,89.0,0.0,19.6,6.4,7.789623017939702,32.23688690538191
7113,24.7,27.375999450683594,89.0,0.0,20.1,6.1,22.67395622623736,31.50218686787121
7114,22.2,27.375999450683594,89.0,0.0,19.2,6.5,11.069260003570953,25.520778001071285
7115,25.8,27.375999450683594,89.0,0.0,20.6,5.9,12.13289969630321,29.439869908890962
7116,37.7,27.375999450683594,89.0,0.0,19.7,6.5,12.598952414720713,41.479685724416214
7117,32.3,27.375999450683594,89.0,0.0,20.2,5.5,27.843301547529745,40.65299046425892
7118,34.9,27.375999450683594,89.0,0.0,20.4,6.0,24.766580350512754,42.32997410515382
7119,16.7,27.375999450683594,89.0,0.0,19.0,5.7,24.790193964431374,24.137058189329412
7120,17.7,27.375999450683594,89.0,0.0,20.4,5.8,8.754939217153419,20.326481765146024
7121,33.2,27.375999450683594,89.0,0.0,19.7,5.7,24.438941476487457,40.53168244294624
7122,21.9,27.375999450683594,89.0,0.0,19.1,6.2,25.825957150772958,29.647787145231884
7123,16.8,27.375999450683594,89.0,0.0,20.0,6.2,7.055342402183322,18.916602720654996
7124,29.7,27.375999450683594,89.0,0.0,19.2,5.7,28.329936197589802,38.19898085927694
7125,18.2,27.375999450683594,89.0,0.0,20.4,5.7,16.805845131172006,23.2417535393516
7126,30.8,27.375999450683594,89.0,0.0,20.3,5.8,26.673852036048128,38.80215561081444
7127,38.2,27.375999450683594,89.0,0.0,19.5,6.3,12.01717489365402,41.80515246809621
7128,28.1,27.375999450683594,89.0,0.0,19.7,5.8,5.1282187212696515,29.6384656163809
7129,31.1,27.375999450683594,89.0,0.0,20.7,6.5,22.4339397609164,37.83018192827492
7130,34.4,27.375999450683594,89.0,0.0,20.5,5.9,26.240006042558782,42.272001812767634
7131,31.0,27.375999450683594,89.0,0.0,20.2,5.8,25.78469455288214,38.73540836586464
7132,23.4,27.375999450683594,89.0,0.0,20.3,5.7,14.310182947886972,27.69305488436609
7133,25.9,27.375999450683594,89.0,0.0,20.0,5.8,5.227985421867475,27.46839562656024
7134,35.9,27.375999450683594,89.0,0.0,20.1,5.7,24.167321463619864,43.15019643908596
7135,37.3,27.375999450683594,89.0,0.0,19.8,5.9,26.477558722160705,45.24326761664821
7136,21.2,27.375999450683594,89.0,0.0,20.5,6.2,18.779170971990624,26.833751291597185
7137,17.8,27.375999450683594,89.0,0.0,19.0,6.1,23.70631837065285,24.911895511195855
7138,17.4,27.375999450683594,89.0,0.0,20.2,6.3,7.2518322410463645,19.575549672313908
7139,32.7,27.375999450683594,89.0,0.0,20.7,5.9,29.43808747962501,41.53142624388751
7140,32.7,27.17599868774414,89.0,0.0,19.5,6.4,7.3784087302095385,34.91352261906287
7141,35.0,27.17599868774414,89.0,0.0,20.1,6.2,10.375290616056983,38.112587184817095
7142,26.7,27.17599868774414,89.0,0.0,19.4,6.2,24.07198792472889,33.921596377418666
7143,27.5,27.17599868774414,89.0,0.0,20.1,6.3,6.627923366651876,29.488377009995563
7144,20.7,27.17599868774414,89.0,0.0,20.7,6.1,12.529017944128928,24.458705383238676
7145,17.9,27.17599868774414,89.0,0.0,19.9,5.7,5.094218329204479,19.42826549876134
7146,18.3,27.17599868774414,89.0,0.0,20.3,6.4,7.219591891730966,20.46587756751929
7147,34.5,27.17599868774414,89.0,0.0,19.0,6.3,14.74589317196091,38.923767951588275
7148,18.5,27.17599868774414,89.0,0.0,20.0,6.4,14.929953457757337,22.9789860373272
7149,34.6,27.17599868774414,89.0,0.0,19.8,5.8,29.661317338221323,43.498395201466394
7150,36.1,27.17599868774414,89.0,0.0,20.3,6.1,10.315632529192634,39.19468975875779
7151,17.4,27.17599868774414,89.0,0.0,20.7,5.5,10.686993118449095,20.606097935534727
7152,22.9,27.17599868774414,89.0,0.0,20.7,5.8,24.769318008285005,30.3307954024855
7153,28.0,27.17599868774414,89.0,0.0,19.9,6.3,19.9625436947248,33.98876310841744
7154,19.4,27.17599868774414,89.0,0.0,20.5,6.2,21.53596147453763,25.860788442361287
7155,27.5,27.17599868774414,89.0,0.0,19.3,6.4,12.985414707215796,31.39562441216474
7156,33.9,27.17599868774414,89.0,0.0,20.4,6.0,26.56020488170628,41.86806146451188
7157,25.3,27.17599868774414,89.0,0.0,20.7,5.9,8.547406567785096,27.864221970335528
7158,35.6,27.17599868774414,89.0,0.0,20.6,6.3,10.070835878351964,38.62125076350559
7159,22.0,27.17599868774414,89.0,0.0,20.1,6.5,9.644650691823973,24.893395207547194
7160,17.3,27.17599868774414,89.0,0.0,20.7,5.9,12.88901837105183,21.16670551131555
7161,17.8,27.17599868774414,89.0,0.0,20.4,6.1,18.390864670272272,23.31725940108168
7162,38.9,27.17599868774414,89.0,0.0,19.4,6.0,26.79813451167828,46.939440353503485
7163,21.8,27.17599868774414,89.0,0.0,19.9,6.4,7.2048386767866495,23.961451603035997
7164,26.0,27.17599868774414,89.0,0.0,20.5,6.4,8.863315570623902,28.65899467118717
7165,30.0,27.17599868774414,89.0,0.0,20.1,6.4,7.2746627925046194,32.182398837751386
7166,28.3,27.17599868774414,89.0,0.0,20.1,5.6,26.4843750697714,36.24531252093142
7167,22.3,27.17599868774414,89.0,0.0,20.8,5.9,23.32233000822347,29.296699002467044
7168,27.4,27.17599868774414,89.0,0.0,20.1,6.1,7.159871621976131,29.54796148659284
7169,20.9,27.17599868774414,89.0,0.0,19.5,6.3,11.375879586718058,24.312763876015417
7170,38.0,27.17599868774414,89.0,0.0,20.4,5.8,14.720035915394012,42.4160107746182
7171,34.1,27.17599868774414,89.0,0.0,21.0,6.4,16.649382275103036,39.09481468253091
7172,20.6,27.17599868774414,89.0,0.0,20.3,5.8,29.865368961681558,29.55961068850447
7173,31.1,27.17599868774414,89.0,0.0,20.8,6.1,25.633977741222065,38.79019332236662
7174,34.8,27.17599868774414,89.0,0.0,20.7,6.0,20.492773265575842,40.94783197967275
7175,29.2,27.17599868774414,89.0,0.0,20.4,6.4,5.224237895883281,30.767271368764984
7176,22.4,27.17599868774414,89.0,0.0,20.8,5.6,17.87580620062993,27.762741860188978
7177,32.3,27.17599868774414,89.0,0.0,20.1,6.0,7.708084332545665,34.6124252997637
7178,38.9,27.17599868774414,89.0,0.0,20.6,5.5,21.61225080543269,45.3836752416298
7179,26.8,27.17599868774414,89.0,0.0,19.2,5.9,7.291166953287362,28.987350085986208
7180,31.5,27.17599868774414,89.0,0.0,20.6,5.7,29.912618426655015,40.473785527996505
7181,36.7,27.17599868774414,89.0,0.0,20.9,6.1,9.69967001341164,39.60990100402349
7182,24.6,27.17599868774414,89.0,0.0,20.1,5.6,11.188874234610822,27.956662270383248
7183,15.0,27.17599868774414,89.0,0.0,19.7,5.9,12.558876454783137,18.76766293643494
7184,21.6,27.17599868774414,89.0,0.0,19.9,5.6,17.77717958177818,26.933153874533456
7185,35.1,27.17599868774414,89.0,0.0,19.5,6.4,13.072993298762507,39.021897989628755
7186,27.9,27.17599868774414,89.0,0.0,20.4,5.9,27.35986613193673,36.107959839581014
7187,15.7,27.17599868774414,89.0,0.0,20.1,6.2,17.976322831095928,21.092896849328778
7188,21.3,27.17599868774414,89.0,0.0,20.7,6.4,16.513534081623447,26.254060224487034
7189,23.6,27.17599868774414,89.0,0.0,20.5,6.4,23.932418148762565,30.77972544462877
7190,25.1,27.17599868774414,89.0,0.0,19.6,5.8,23.47084986761934,32.141254960285806
7191,18.3,27.17599868774414,89.0,0.0,19.6,6.1,12.595159010197943,22.078547703059385
7192,32.1,27.17599868774414,89.0,0.0,19.4,5.9,23.01873695342406,39.00562108602722
7193,21.7,27.17599868774414,89.0,0.0,19.1,5.8,23.248840913764468,28.67465227412934
7194,17.4,27.17599868774414,89.0,0.0,19.6,6.0,8.331738919175017,19.899521675752503
7195,21.0,27.17599868774414,89.0,0.0,19.9,6.0,19.76683022911883,26.93004906873565
7196,38.7,27.17599868774414,89.0,0.0,20.0,5.8,20.032347611408184,44.70970428342246
7197,37.5,27.17599868774414,89.0,0.0,20.0,6.0,17.434644157247426,42.73039324717423
7198,39.7,27.17599868774414,89.0,0.0,19.1,6.0,11.85909211629107,43.257727634887324
7199,16.0,27.17599868774414,89.0,0.0,19.3,5.7,17.080461598461586,21.124138479538477
7200,27.2,26.92599868774414,90.0,0.0,20.8,5.8,15.403994486961384,31.821198346088416
7201,16.8,26.92599868774414,90.0,0.0,20.7,6.3,26.50368277112564,24.751104831337692
7202,24.2,26.92599868774414,90.0,0.0,19.7,5.5,6.494708573005502,26.14841257190165
7203,26.2,26.92599868774414,90.0,0.0,19.9,6.2,8.728423196065322,28.818526958819596
7204,32.2,26.92599868774414,90.0,0.0,20.9,5.8,7.975373749200827,34.59261212476025
7205,15.4,26.92599868774414,90.0,0.0,20.3,6.0,12.638379430240729,19.191513829072218
7206,29.1,26.92599868774414,90.0,0.0,19.1,5.8,12.81537873372951,32.94461362011886
7207,34.4,26.92599868774414,90.0,0.0,19.0,5.8,15.319637419479594,38.99589122584388
7208,15.4,26.92599868774414,90.0,0.0,20.6,6.4,24.203643659469673,22.6610930978409
7209,20.9,26.92599868774414,90.0,0.0,19.3,5.8,10.31799444991074,23.99539833497322
7210,37.0,26.92599868774414,90.0,0.0,19.2,6.1,15.589568107068178,41.67687043212045
7211,30.6,26.92599868774414,90.0,0.0,20.6,6.1,16.74389541404846,35.62316862421454
7212,18.7,26.92599868774414,90.0,0.0,20.0,6.2,14.04264770941498,22.912794312824495
7213,24.8,26.92599868774414,90.0,0.0,20.1,6.2,5.175059741044631,26.35251792231339
7214,24.9,26.92599868774414,90.0,0.0,20.8,5.9,15.38484021929245,29.515452065787734
7215,23.3,26.92599868774414,90.0,0.0,20.6,5.5,28.34840881695002,31.804522645085008
7216,27.1,26.92599868774414,90.0,0.0,19.1,5.7,23.533259382961482,34.15997781488845
7217,25.7,26.92599868774414,90.0,0.0,20.5,5.6,23.570105687908512,32.771031706372554
7218,32.6,26.92599868774414,90.0,0.0,21.0,6.3,6.972108074054535,34.691632422216365
7219,21.8,26.92599868774414,90.0,0.0,20.5,6.1,15.192206049354041,26.357661814806214
7220,19.9,26.92599868774414,90.0,0.0,19.2,5.6,16.086221388901436,24.725866416670428
7221,18.3,26.92599868774414,90.0,0.0,19.5,5.5,15.139730049553561,22.84191901486607
7222,39.9,26.92599868774414,90.0,0.0,20.1,6.5,8.502466851922499,42.450740055576745
7223,28.4,26.92599868774414,90.0,0.0,20.0,6.1,29.852525387670138,37.35575761630104
7224,21.5,26.92599868774414,90.0,0.0,20.8,5.9,11.066472234057319,24.819941670217197
7225,37.2,26.92599868774414,90.0,0.0,20.2,5.7,8.441490488752727,39.73244714662582
7226,22.2,26.92599868774414,90.0,0.0,19.9,5.6,8.018556651324737,24.60556699539742
7227,21.8,26.92599868774414,90.0,0.0,20.5,6.0,20.914658237172517,28.074397471151755
7228,33.9,26.92599868774414,90.0,0.0,20.8,6.3,23.281418006913935,40.88442540207418
7229,33.2,26.92599868774414,90.0,0.0,19.2,5.6,20.97290913362989,39.49187274008897
7230,39.4,26.92599868774414,90.0,0.0,20.7,6.0,6.778911291470059,41.43367338744102
7231,30.5,26.92599868774414,90.0,0.0,20.2,5.8,5.104946435893768,32.03148393076813
7232,28.4,26.92599868774414,90.0,0.0,20.2,5.6,28.309946413074762,36.89298392392243
7233,35.0,26.92599868774414,90.0,0.0,20.3,5.8,21.506121920185663,41.4518365760557
7234,30.9,26.92599868774414,90.0,0.0,20.3,6.2,17.141190554318264,36.042357166295474
7235,24.6,26.92599868774414,90.0,0.0,19.6,5.6,19.237283945407995,30.3711851836224
7236,30.9,26.92599868774414,90.0,0.0,19.3,5.9,27.381740341837077,39.11452210255112
7237,23.7,26.92599868774414,90.0,0.0,19.7,5.7,19.148089053481872,29.44442671604456
7238,35.3,26.92599868774414,90.0,0.0,19.6,6.3,14.18220528170482,39.55466158451144
7239,33.9,26.92599868774414,90.0,0.0,20.8,6.1,23.217696158357263,40.86530884750718
7240,37.4,26.92599868774414,90.0,0.0,20.5,5.6,25.00512208775691,44.90153662632707
7241,22.9,26.92599868774414,90.0,0.0,20.7,6.4,20.233569550178366,28.970070865053508
7242,21.8,26.92599868774414,90.0,0.0,20.5,5.5,5.75194093951507,23.525582281854522
7243,16.6,26.92599868774414,90.0,0.0,20.8,6.1,6.54859862844301,18.564579588532904
7244,18.8,26.92599868774414,90.0,0.0,20.1,6.2,7.153672907235918,20.946101872170775
7245,30.5,26.92599868774414,90.0,0.0,19.3,6.3,9.773219924807677,33.4319659774423
7246,23.1,26.92599868774414,90.0,0.0,19.7,5.6,28.48292632232256,31.64487789669677
7247,23.4,26.92599868774414,90.0,0.0,19.8,5.7,27.029684102408357,31.508905230722505
7248,32.2,26.92599868774414,90.0,0.0,19.9,6.3,21.15905563727502,38.54771669118251
7249,24.2,26.92599868774414,90.0,0.0,19.5,6.3,6.324226079121732,26.09726782373652
7250,28.0,26.92599868774414,90.0,0.0,19.1,5.7,17.116507755181527,33.134952326554455
7251,38.5,26.92599868774414,90.0,0.0,19.6,5.5,9.811195334298743,41.44335860028962
7252,18.5,26.92599868774414,90.0,0.0,20.4,5.8,29.417257897386172,27.32517736921585
7253,21.6,26.92599868774414,90.0,0.0,20.0,6.1,7.47219878006262,23.84165963401879
7254,33.3,26.92599868774414,90.0,0.0,20.3,5.9,21.791824142236962,39.837547242671086
7255,25.8,26.92599868774414,90.0,0.0,19.2,5.6,8.437729759247318,28.331318927774195
7256,32.5,26.92599868774414,90.0,0.0,19.4,5.8,17.33818537027974,37.70145561108392
7257,31.9,26.92599868774414,90.0,0.0,19.7,5.8,16.56199682984063,36.86859904895219
7258,19.3,26.92599868774414,90.0,0.0,19.6,5.7,18.137766968936134,24.74133009068084
7259,35.7,26.92599868774414,90.0,0.0,19.4,6.2,22.420832704614007,42.4262498113842
7260,29.9,26.67599868774414,90.0,0.0,19.5,5.7,9.851369027518343,32.855410708255505
7261,35.2,26.67599868774414,90.0,0.0,20.5,6.0,11.118150819738089,38.53544524592143
7262,24.0,26.67599868774414,90.0,0.0,19.9,5.7,20.510612824844074,30.15318384745322
7263,19.8,26.67599868774414,90.0,0.0,20.3,5.7,20.9893466543212,26.09680399629636
7264,32.6,26.67599868774414,90.0,0.0,19.3,5.7,24.517250527198563,39.95517515815957
7265,32.0,26.67599868774414,90.0,0.0,20.2,6.0,9.297559897478676,34.7892679692436
7266,27.5,26.67599868774414,90.0,0.0,19.0,5.6,19.318614173229783,33.29558425196893
7267,23.3,26.67599868774414,90.0,0.0,20.3,5.9,10.23795032245076,26.371385096735228
7268,19.6,26.67599868774414,90.0,0.0,20.6,6.0,28.909328653741156,28.27279859612235
7269,33.2,26.67599868774414,90.0,0.0,20.8,5.6,24.796872328238006,40.6390616984714
7270,39.5,26.67599868774414,90.0,0.0,19.2,6.2,27.91205379934725,47.87361613980418
7271,37.9,26.67599868774414,90.0,0.0,19.4,6.0,10.31215568746872,40.99364670624062
7272,21.2,26.67599868774414,90.0,0.0,19.6,5.6,23.353516191100088,28.206054857330024
7273,36.5,26.67599868774414,90.0,0.0,20.9,6.2,12.010963617443718,40.103289085233115
7274,34.5,26.67599868774414,90.0,0.0,19.1,6.1,7.787912697466297,36.83637380923989
7275,19.1,26.67599868774414,90.0,0.0,19.3,6.0,11.585606474474387,22.575681942342317
7276,26.4,26.67599868774414,90.0,0.0,20.1,6.1,19.353418913964873,32.20602567418946
7277,21.7,26.67599868774414,90.0,0.0,20.8,6.3,19.703923526976943,27.611177058093084
7278,17.7,26.67599868774414,90.0,0.0,20.5,6.4,24.57007310675871,25.071021932027612
7279,31.3,26.67599868774414,90.0,0.0,19.7,6.4,28.97248490351397,39.99174547105419
7280,23.4,26.67599868774414,90.0,0.0,20.2,5.9,27.35038468105633,31.605115404316898
7281,37.3,26.67599868774414,90.0,0.0,20.8,6.5,18.75126301734911,42.92537890520473
7282,25.1,26.67599868774414,90.0,0.0,19.6,5.8,5.444874618259755,26.733462385477928
7283,39.0,26.67599868774414,90.0,0.0,20.3,5.9,18.206896457720795,44.46206893731624
7284,37.0,26.67599868774414,90.0,0.0,20.8,6.5,6.193951236362908,38.85818537090887
7285,37.2,26.67599868774414,90.0,0.0,19.3,5.8,7.669451458352581,39.50083543750578
7286,29.7,26.67599868774414,90.0,0.0,20.9,5.6,6.900398518472629,31.77011955554179
7287,29.5,26.67599868774414,90.0,0.0,20.7,6.4,24.577539017298445,36.873261705189535
7288,34.1,26.67599868774414,90.0,0.0,20.3,6.2,10.110311204729221,37.133093361418766
7289,39.2,26.67599868774414,90.0,0.0,19.4,5.6,29.668534377080466,48.10056031312414
7290,39.9,26.67599868774414,90.0,0.0,19.7,6.1,12.925438828620809,43.777631648586244
7291,29.4,26.67599868774414,90.0,0.0,20.9,6.4,21.261698563249013,35.778509568974705
7292,30.5,26.67599868774414,90.0,0.0,19.7,6.3,27.00460420576677,38.60138126173003
7293,34.0,26.67599868774414,90.0,0.0,20.2,6.1,20.154777375091292,40.04643321252739
7294,27.3,26.67599868774414,90.0,0.0,19.6,6.0,25.314690214454348,34.894407064336306
7295,31.5,26.67599868774414,90.0,0.0,20.4,6.4,8.13954683517004,33.94186405055101
7296,25.2,26.67599868774414,90.0,0.0,19.8,5.8,12.447033492832203,28.93411004784966
7297,17.1,26.67599868774414,90.0,0.0,20.6,6.5,6.32090400847604,18.996271202542815
7298,32.8,26.67599868774414,90.0,0.0,20.1,5.8,23.256556426808945,39.77696692804268
7299,26.1,26.67599868774414,90.0,0.0,19.9,6.2,14.04400429704531,30.313201289113593
7300,29.5,26.67599868774414,90.0,0.0,20.5,5.9,13.985637728128962,33.69569131843869
7301,16.2,26.67599868774414,90.0,0.0,20.8,5.6,9.818677431791851,19.145603229537556
7302,22.9,26.67599868774414,90.0,0.0,21.0,6.3,22.01338317933401,29.5040149538002
7303,17.6,26.67599868774414,90.0,0.0,20.9,5.9,24.013965627535566,24.80418968826067
7304,35.4,26.67599868774414,90.0,0.0,19.3,6.5,9.895633292047307,38.36868998761419
7305,26.3,26.67599868774414,90.0,0.0,20.2,6.5,15.157808088706096,30.84734242661183
7306,37.8,26.67599868774414,90.0,0.0,20.7,6.0,26.37254016123085,45.71176204836925
7307,15.0,26.67599868774414,90.0,0.0,20.2,5.5,11.704736461393543,18.511420938418063
7308,31.4,26.67599868774414,90.0,0.0,19.9,5.7,27.468123512492955,39.64043705374789
7309,34.5,26.67599868774414,90.0,0.0,20.7,5.6,24.23406746380538,41.770220239141615
7310,38.6,26.67599868774414,90.0,0.0,19.8,5.7,19.033502670390867,44.310050801117264
7311,38.6,26.67599868774414,90.0,0.0,19.4,6.0,24.295398050048057,45.88861941501442
7312,23.2,26.67599868774414,90.0,0.0,19.3,6.2,29.176663732953365,31.95299911988601
7313,31.6,26.67599868774414,90.0,0.0,20.5,5.5,7.428821411180504,33.82864642335415
7314,29.2,26.67599868774414,90.0,0.0,20.4,6.4,8.332804720941173,31.69984141628235
7315,28.6,26.67599868774414,90.0,0.0,19.2,5.6,23.545934229147896,35.66378026874437
7316,24.1,26.67599868774414,90.0,0.0,20.0,5.8,8.183400427512586,26.555020128253776
7317,25.3,26.67599868774414,90.0,0.0,20.5,5.8,18.168078537288324,30.750423561186498
7318,17.7,26.67599868774414,90.0,0.0,19.2,5.9,8.50060672405084,20.250182017215252
7319,32.2,26.67599868774414,90.0,0.0,19.1,5.6,14.418489999619958,36.52554699988599
7320,38.3,26.42599868774414,91.0,0.0,19.3,6.1,9.007054055353068,41.00211621660592
7321,28.4,26.42599868774414,91.0,0.0,20.7,5.5,19.414862093175007,34.2244586279525
7322,36.1,26.42599868774414,91.0,0.0,20.2,5.5,17.669545491034214,41.40086364731027
7323,32.9,26.42599868774414,91.0,0.0,21.0,6.5,7.288173016132156,35.08645190483965
7324,16.1,26.42599868774414,91.0,0.0,20.1,5.7,7.307974049977044,18.292392214993114
7325,17.6,26.42599868774414,91.0,0.0,19.3,5.9,17.203460967736802,22.761038290321043
7326,20.3,26.42599868774414,91.0,0.0,20.9,5.6,8.467505368602122,22.840251610580637
7327,38.0,26.42599868774414,91.0,0.0,20.3,5.7,6.288498826834966,39.88654964805049
7328,26.6,26.42599868774414,91.0,0.0,19.1,5.8,24.357173183137146,33.90715195494114
7329,35.0,26.42599868774414,91.0,0.0,20.1,5.9,19.48258496903639,40.844775490710916
7330,23.1,26.42599868774414,91.0,0.0,20.0,5.6,24.221404790099623,30.36642143702989
7331,15.4,26.42599868774414,91.0,0.0,20.7,6.4,21.117529643189254,21.735258892956775
7332,28.1,26.42599868774414,91.0,0.0,21.0,6.4,21.376480516445973,34.51294415493379
7333,27.5,26.42599868774414,91.0,0.0,19.1,5.6,13.905914721391165,31.67177441641735
7334,36.2,26.42599868774414,91.0,0.0,19.1,6.3,9.624639199823804,39.087391759947145
7335,36.5,26.42599868774414,91.0,0.0,19.8,5.9,9.590450036244581,39.377135010873374
7336,27.5,26.42599868774414,91.0,0.0,20.1,6.1,12.308859857247995,31.192657957174397
7337,38.9,26.42599868774414,91.0,0.0,19.2,5.9,5.4789240667534775,40.54367722002604
7338,24.1,26.42599868774414,91.0,0.0,19.3,5.5,22.037810883635462,30.71134326509064
7339,21.7,26.42599868774414,91.0,0.0,20.0,5.9,15.827466228279315,26.448239868483792
7340,18.7,26.42599868774414,91.0,0.0,19.4,6.3,5.346450995324823,20.303935298597445
7341,38.3,26.42599868774414,91.0,0.0,20.4,6.4,15.18483177621011,42.855449532863034
7342,28.7,26.42599868774414,91.0,0.0,19.3,6.2,27.551902192259995,36.965570657678
7343,39.7,26.42599868774414,91.0,0.0,20.2,6.2,9.185832054937517,42.455749616481256
7344,16.1,26.42599868774414,91.0,0.0,20.0,5.8,28.45851383648718,24.637554150946155
7345,31.3,26.42599868774414,91.0,0.0,19.3,5.5,19.599793596714896,37.17993807901447
7346,21.3,26.42599868774414,91.0,0.0,20.7,6.0,25.073209430328227,28.821962829098467
7347,22.8,26.42599868774414,91.0,0.0,19.8,5.9,15.426548707115952,27.427964612134787
7348,39.8,26.42599868774414,91.0,0.0,20.9,6.5,29.65965754031843,48.69789726209552
7349,16.5,26.42599868774414,91.0,0.0,19.7,6.3,17.45327290611204,21.735981871833612
7350,36.6,26.42599868774414,91.0,0.0,19.4,5.8,18.89538554228391,42.26861566268518
7351,29.0,26.42599868774414,91.0,0.0,20.4,6.3,17.61499274552586,34.28449782365776
7352,32.4,26.42599868774414,91.0,0.0,20.8,6.3,17.278951558546645,37.583685467563996
7353,38.0,26.42599868774414,91.0,0.0,19.6,6.0,29.925453576517036,46.97763607295511
7354,20.3,26.42599868774414,91.0,0.0,20.9,6.4,19.01030012716877,26.00309003815063
7355,35.8,26.42599868774414,91.0,0.0,19.3,6.2,16.33167129403799,40.699501388211395
7356,17.0,26.42599868774414,91.0,0.0,19.3,6.5,28.860323409113736,25.65809702273412
7357,15.0,26.42599868774414,91.0,0.0,20.8,5.9,10.080599801687372,18.02417994050621
7358,38.0,26.42599868774414,91.0,0.0,20.7,5.7,21.970754171404085,44.591226251421226
7359,31.0,26.42599868774414,91.0,0.0,20.8,6.0,10.800897746857192,34.24026932405716
7360,29.2,26.42599868774414,91.0,0.0,19.4,5.7,24.576929080906613,36.57307872427198
7361,21.9,26.42599868774414,91.0,0.0,20.0,6.1,9.220228055457595,24.666068416637277
7362,20.6,26.42599868774414,91.0,0.0,20.3,6.2,18.882412169502587,26.264723650850776
7363,23.8,26.42599868774414,91.0,0.0,20.5,6.0,16.352153001961312,28.705645900588394
7364,22.2,26.42599868774414,91.0,0.0,19.6,6.1,24.21262312323437,29.46378693697031
7365,19.1,26.42599868774414,91.0,0.0,20.7,6.3,20.760936377004896,25.32828091310147
7366,18.9,26.42599868774414,91.0,0.0,19.2,6.3,13.631108997765283,22.989332699329584
7367,31.0,26.42599868774414,91.0,0.0,20.3,5.6,26.997491824927163,39.09924754747815
7368,31.5,26.42599868774414,91.0,0.0,20.1,6.4,29.522075049362357,40.356622514808706
7369,17.3,26.42599868774414,91.0,0.0,20.9,6.0,25.634779774999966,24.99043393249999
7370,31.1,26.42599868774414,91.0,0.0,20.3,5.9,13.505154833206419,35.15154644996193
7371,21.5,26.42599868774414,91.0,0.0,20.8,5.5,25.322106879657753,29.096632063897324
7372,24.2,26.42599868774414,91.0,0.0,20.6,6.5,10.995889441112684,27.498766832333803
7373,38.0,26.42599868774414,91.0,0.0,19.2,6.3,8.610689856151023,40.58320695684531
7374,27.7,26.42599868774414,91.0,0.0,19.4,5.6,7.082039786112938,29.82461193583388
7375,23.1,26.42599868774414,91.0,0.0,20.9,6.1,6.490118225934878,25.047035467780464
7376,31.1,26.42599868774414,91.0,0.0,20.6,5.9,13.114622135066949,35.03438664052008
7377,27.7,26.42599868774414,91.0,0.0,19.6,5.5,14.470477333109345,32.041143199932804
7378,15.3,26.42599868774414,91.0,0.0,20.4,5.9,15.06138559259464,19.818415677778393
7379,35.1,26.42599868774414,91.0,0.0,19.8,5.8,11.182702336759018,38.454810701027704
7380,34.7,26.22599983215332,92.0,0.0,20.6,6.2,23.24619000022295,41.67385700006689
7381,17.1,26.22599983215332,92.0,0.0,20.3,5.8,24.01737774293717,24.30521332288115
7382,38.5,26.22599983215332,92.0,0.0,19.0,5.6,18.815434568964605,44.144630370689384
7383,16.8,26.22599983215332,92.0,0.0,20.9,6.2,7.497490721214485,19.049247216364346
7384,16.1,26.22599983215332,92.0,0.0,19.7,6.5,23.339545157923194,23.101863547376958
7385,18.5,26.22599983215332,92.0,0.0,21.0,5.7,10.375069689557872,21.61252090686736
7386,31.8,26.22599983215332,92.0,0.0,19.6,6.5,18.390528536165384,37.31715856084961
7387,25.9,26.22599983215332,92.0,0.0,19.6,5.9,20.314091455037698,31.99422743651131
7388,32.7,26.22599983215332,92.0,0.0,19.3,5.7,11.124599597790128,36.03737987933704
7389,25.2,26.22599983215332,92.0,0.0,20.2,6.4,9.925146174810116,28.177543852443034
7390,19.3,26.22599983215332,92.0,0.0,20.0,5.8,25.482399254897494,26.94471977646925
7391,28.3,26.22599983215332,92.0,0.0,19.7,5.9,20.860490108441766,34.55814703253253
7392,19.6,26.22599983215332,92.0,0.0,19.9,6.5,19.552472182407048,25.465741654722116
7393,24.1,26.22599983215332,92.0,0.0,20.5,6.3,23.09579371620614,31.02873811486184
7394,28.3,26.22599983215332,92.0,0.0,19.1,5.7,25.98296540270278,36.09488962081083
7395,37.4,26.22599983215332,92.0,0.0,20.9,6.2,19.405186642672543,43.22155599280176
7396,23.7,26.22599983215332,92.0,0.0,19.9,6.4,8.567137323635475,26.27014119709064
7397,17.0,26.22599983215332,92.0,0.0,20.5,6.0,25.341302704964427,24.60239081148933
7398,35.3,26.22599983215332,92.0,0.0,20.4,6.2,7.585528314240546,37.57565849427216
7399,21.5,26.22599983215332,92.0,0.0,20.3,6.0,15.453158737348398,26.13594762120452
7400,39.6,26.22599983215332,92.0,0.0,19.5,5.9,6.969244914867646,41.69077347446029
7401,26.8,26.22599983215332,92.0,0.0,20.1,5.5,15.024442489367303,31.30733274681019
7402,31.7,26.22599983215332,92.0,0.0,19.9,6.4,20.636033010154005,37.890809903046204
7403,34.8,26.22599983215332,92.0,0.0,19.7,6.1,24.950700056129513,42.28521001683885
7404,26.4,26.22599983215332,92.0,0.0,19.1,6.3,12.42824694621152,30.128474083863455
7405,35.0,26.22599983215332,92.0,0.0,20.6,5.9,21.62051333933704,41.48615400180111
7406,32.5,26.22599983215332,92.0,0.0,20.0,6.4,8.822415718471706,35.14672471554151
7407,17.8,26.22599983215332,92.0,0.0,20.3,5.9,22.76071503009681,24.628214509029043
7408,18.4,26.22599983215332,92.0,0.0,19.4,6.0,24.577512408112277,25.77325372243368
7409,36.2,26.22599983215332,92.0,0.0,20.5,5.6,6.155228601565769,38.04656858046973
7410,18.3,26.22599983215332,92.0,0.0,20.8,6.2,15.747040660492127,23.024112198147638
7411,32.1,26.22599983215332,92.0,0.0,20.2,6.0,13.56352171164588,36.169056513493764
7412,40.0,26.22599983215332,92.0,0.0,19.1,6.4,12.850060363191595,43.85501810895748
7413,27.0,26.22599983215332,92.0,0.0,19.1,5.7,18.90768105722479,32.67230431716744
7414,37.6,26.22599983215332,92.0,0.0,20.8,6.2,24.015728252868357,44.80471847586051
7415,25.8,26.22599983215332,92.0,0.0,20.0,6.1,22.268500315426458,32.48055009462794
7416,22.0,26.22599983215332,92.0,0.0,20.4,6.1,12.42892682685653,25.72867804805696
7417,28.6,26.22599983215332,92.0,0.0,19.4,5.6,16.600496259100485,33.580148877730146
7418,38.7,26.22599983215332,92.0,0.0,19.5,6.3,29.891687188703013,47.667506156610905
7419,39.6,26.22599983215332,92.0,0.0,20.6,6.0,14.680167302346346,44.00405019070391
7420,17.9,26.22599983215332,92.0,0.0,19.8,6.4,9.451821923862063,20.73554657715862
7421,22.8,26.22599983215332,92.0,0.0,19.5,6.3,24.286285448365913,30.085885634509772
7422,32.5,26.22599983215332,92.0,0.0,20.9,6.3,15.18088776993288,37.054266330979864
7423,32.6,26.22599983215332,92.0,0.0,20.0,5.5,27.038576377087274,40.71157291312618
7424,17.4,26.22599983215332,92.0,0.0,19.9,6.4,10.692420660403325,20.607726198120996
7425,29.3,26.22599983215332,92.0,0.0,20.6,6.1,21.276054316758565,35.68281629502757
7426,26.2,26.22599983215332,92.0,0.0,20.9,6.2,5.846364755410903,27.95390942662327
7427,16.7,26.22599983215332,92.0,0.0,20.4,5.8,20.570859545329082,22.871257863598725
7428,25.4,26.22599983215332,92.0,0.0,20.4,6.1,20.25057683835462,31.475173051506385
7429,39.7,26.22599983215332,92.0,0.0,20.6,5.7,17.207410135684746,44.86222304070543
7430,18.3,26.22599983215332,92.0,0.0,19.0,6.2,9.486590505805573,21.145977151741672
7431,23.7,26.22599983215332,92.0,0.0,19.3,5.7,11.803876746781654,27.241163024034496
7432,23.3,26.22599983215332,92.0,0.0,20.0,6.4,27.358407066671717,31.507522120001518
7433,30.8,26.22599983215332,92.0,0.0,20.7,6.5,20.10785334164287,36.83235600249286
7434,33.6,26.22599983215332,92.0,0.0,19.6,6.5,27.401337966977742,41.82040139009332
7435,26.3,26.22599983215332,92.0,0.0,19.6,5.6,24.680604480261536,33.704181344078464
7436,33.2,26.22599983215332,92.0,0.0,20.1,5.6,15.190348930653434,37.75710467919603
7437,33.9,26.22599983215332,92.0,0.0,19.5,5.9,9.438397524454807,36.731519257336444
7438,33.8,26.22599983215332,92.0,0.0,20.5,5.8,5.338395449910989,35.40151863497329
7439,28.2,26.22599983215332,92.0,0.0,19.9,6.0,12.971926684816857,32.09157800544506
7440,27.8,26.125999450683594,93.0,0.0,19.6,6.4,29.62014945860834,36.6860448375825
7441,31.0,26.125999450683594,93.0,0.0,20.2,5.9,11.626920594075298,34.48807617822259
7442,23.5,26.125999450683594,93.0,0.0,20.0,5.9,26.546534757195776,31.46396042715873
7443,27.4,26.125999450683594,93.0,0.0,19.4,5.7,21.095680742757565,33.72870422282727
7444,22.3,26.125999450683594,93.0,0.0,19.5,6.5,13.469422324918312,26.340826697475492
7445,35.5,26.125999450683594,93.0,0.0,20.6,5.6,7.1355615634349405,37.64066846903048
7446,15.1,26.125999450683594,93.0,0.0,20.8,6.5,22.45691742712845,21.837075228138534
7447,17.6,26.125999450683594,93.0,0.0,20.0,6.3,8.320444095534473,20.096133228660342
7448,38.4,26.125999450683594,93.0,0.0,20.3,5.7,22.633209582029426,45.189962874608824
7449,22.3,26.125999450683594,93.0,0.0,20.4,6.5,5.244131385369315,23.873239415610794
7450,17.5,26.125999450683594,93.0,0.0,19.8,6.1,27.737459725820795,25.821237917746238
7451,19.9,26.125999450683594,93.0,0.0,20.7,5.6,12.893682358665806,23.76810470759974
7452,19.6,26.125999450683594,93.0,0.0,19.7,6.4,21.92633078865694,26.177899236597085
7453,23.1,26.125999450683594,93.0,0.0,20.2,5.7,9.870931914663496,26.06127957439905
7454,33.1,26.125999450683594,93.0,0.0,20.9,5.7,9.563398191985602,35.969019457595685
7455,22.1,26.125999450683594,93.0,0.0,20.7,5.8,23.46928567541781,29.140785702625344
7456,31.5,26.125999450683594,93.0,0.0,19.9,6.4,15.313408685031483,36.094022605509444
7457,20.8,26.125999450683594,93.0,0.0,20.2,6.4,26.301811900451767,28.69054357013553
7458,24.0,26.125999450683594,93.0,0.0,20.7,6.0,15.927307743498622,28.778192323049588
7459,38.0,26.125999450683594,93.0,0.0,20.8,5.6,9.264697219019055,40.779409165705715
7460,28.5,26.125999450683594,93.0,0.0,20.3,6.2,14.742123920229606,32.92263717606888
7461,35.5,26.125999450683594,93.0,0.0,20.5,5.9,6.599445875587261,37.47983376267618
7462,26.8,26.125999450683594,93.0,0.0,19.9,5.6,25.991565105545305,34.59746953166359
7463,37.2,26.125999450683594,93.0,0.0,19.3,6.3,28.09248255873471,45.62774476762041
7464,29.9,26.125999450683594,93.0,0.0,19.2,5.7,25.352558473460316,37.50576754203809
7465,27.3,26.125999450683594,93.0,0.0,19.6,6.3,23.69100089751904,34.407300269255714
7466,34.9,26.125999450683594,93.0,0.0,20.9,6.3,26.65115927022136,42.895347781066405
7467,28.8,26.125999450683594,93.0,0.0,20.3,5.7,28.050190387957574,37.21505711638727
7468,16.7,26.125999450683594,93.0,0.0,20.6,6.3,11.823165950264748,20.246949785079423
7469,25.9,26.125999450683594,93.0,0.0,19.4,6.1,17.6073071194271,31.182192135828128
7470,34.6,26.125999450683594,93.0,0.0,19.5,5.9,22.973981164157582,41.49219434924728
7471,30.0,26.125999450683594,93.0,0.0,20.6,6.3,26.652222289397145,37.99566668681914
7472,20.3,26.125999450683594,93.0,0.0,19.7,6.1,26.46501712316111,28.239505136948335
7473,40.0,26.125999450683594,93.0,0.0,20.3,5.7,13.941130872817887,44.182339261845364
7474,35.1,26.125999450683594,93.0,0.0,20.5,5.9,6.06136207612483,36.91840862283745
7475,37.5,26.125999450683594,93.0,0.0,19.4,6.3,29.23791729035655,46.27137518710696
7476,26.3,26.125999450683594,93.0,0.0,19.9,6.1,10.45078133788225,29.435234401364674
7477,30.8,26.125999450683594,93.0,0.0,20.2,6.1,16.014960935591994,35.6044882806776
7478,24.3,26.125999450683594,93.0,0.0,20.1,5.9,27.77654851772783,32.63296455531835
7479,31.1,26.125999450683594,93.0,0.0,20.8,6.0,26.733814507512612,39.12014435225379
7480,26.9,26.125999450683594,93.0,0.0,19.4,5.5,14.966197155583142,31.38985914667494
7481,16.6,26.125999450683594,93.0,0.0,19.9,6.3,18.03732203798331,22.011196611394993
7482,32.0,26.125999450683594,93.0,0.0,20.4,5.5,25.729049347623928,39.718714804287174
7483,33.3,26.125999450683594,93.0,0.0,19.2,5.6,10.671980185997235,36.50159405579917
7484,28.0,26.125999450683594,93.0,0.0,20.1,5.6,15.68236488696514,32.70470946608954
7485,28.3,26.125999450683594,93.0,0.0,19.1,5.9,11.857707660517832,31.85731229815535
7486,26.9,26.125999450683594,93.0,0.0,19.9,6.0,23.771949318902347,34.0315847956707
7487,39.6,26.125999450683594,93.0,0.0,19.8,6.2,27.492382480971106,47.84771474429133
7488,25.1,26.125999450683594,93.0,0.0,20.1,6.4,10.661797437912158,28.29853923137365
7489,39.9,26.125999450683594,93.0,0.0,20.4,5.5,14.079282493257981,44.123784747977396
7490,18.9,26.125999450683594,93.0,0.0,19.7,5.6,12.122712452763846,22.536813735829153
7491,15.2,26.125999450683594,93.0,0.0,19.2,5.8,22.659537554624688,21.997861266387407
7492,23.3,26.125999450683594,93.0,0.0,20.5,5.6,5.317928590547478,24.895378577164244
7493,17.4,26.125999450683594,93.0,0.0,19.5,6.4,18.31048631209477,22.89314589362843
7494,36.9,26.125999450683594,93.0,0.0,19.9,5.7,11.323029721949435,40.296908916584826
7495,32.2,26.125999450683594,93.0,0.0,19.9,5.6,9.294778495636223,34.98843354869087
7496,29.1,26.125999450683594,93.0,0.0,19.9,5.8,10.923584670934815,32.37707540128044
7497,16.9,26.125999450683594,93.0,0.0,19.3,6.3,5.490128492436378,18.547038547730914
7498,37.2,26.125999450683594,93.0,0.0,19.5,6.2,8.665317288264596,39.79959518647938
7499,37.2,26.125999450683594,93.0,0.0,20.2,6.0,24.31845197440968,44.49553559232291
7500,25.2,26.17599868774414,93.0,0.0,19.7,5.8,18.434518354597138,30.73035550637914
7501,21.9,26.17599868774414,93.0,0.0,20.4,5.9,26.208315906388382,29.762494771916515
7502,23.7,26.17599868774414,93.0,0.0,19.1,6.2,29.90423477566528,32.671270432699586
7503,27.1,26.17599868774414,93.0,0.0,19.2,6.5,12.143875621186343,30.743162686355905
7504,38.9,26.17599868774414,93.0,0.0,19.6,6.2,15.561119154854259,43.56833574645628
7505,23.0,26.17599868774414,93.0,0.0,19.5,5.9,15.866097493107718,27.759829247932316
7506,30.6,26.17599868774414,93.0,0.0,19.8,5.6,19.094435874686493,36.32833076240595
7507,28.8,26.17599868774414,93.0,0.0,20.3,5.9,21.84766209711764,35.35429862913529
7508,35.1,26.17599868774414,93.0,0.0,20.6,6.4,21.835615409728337,41.650684622918504
7509,30.9,26.17599868774414,93.0,0.0,20.4,6.4,28.21883083438866,39.365649250316594
7510,19.7,26.17599868774414,93.0,0.0,20.2,6.2,13.41461339335496,23.72438401800649
7511,26.9,26.17599868774414,93.0,0.0,20.1,6.3,26.418966173020628,34.82568985190619
7512,31.8,26.17599868774414,93.0,0.0,20.0,6.4,22.782000463649275,38.634600139094786
7513,26.5,26.17599868774414,93.0,0.0,19.4,6.0,14.480027635681726,30.84400829070452
7514,26.1,26.17599868774414,93.0,0.0,20.6,6.0,16.932622569292544,31.179786770787764
7515,16.7,26.17599868774414,93.0,0.0,19.7,6.0,27.402300327877263,24.920690098363178
7516,19.5,26.17599868774414,93.0,0.0,19.6,5.9,7.870460615783635,21.86113818473509
7517,21.1,26.17599868774414,93.0,0.0,20.1,5.5,22.615780495020747,27.884734148506226
7518,39.8,26.17599868774414,93.0,0.0,20.4,6.2,29.598568552360792,48.67957056570823
7519,18.4,26.17599868774414,93.0,0.0,20.3,5.8,11.78207152977468,21.9346214589324
7520,29.7,26.17599868774414,93.0,0.0,19.2,5.9,19.54836438647103,35.56450931594131
7521,39.0,26.17599868774414,93.0,0.0,19.4,6.2,29.557213199330103,47.86716395979903
7522,32.2,26.17599868774414,93.0,0.0,19.5,6.4,14.717060552413487,36.61511816572405
7523,28.1,26.17599868774414,93.0,0.0,19.3,6.0,19.223999070948018,33.86719972128441
7524,17.6,26.17599868774414,93.0,0.0,20.9,5.9,13.252572639359688,21.57577179180791
7525,32.5,26.17599868774414,93.0,0.0,19.3,5.6,16.32967976769297,37.39890393030789
7526,23.2,26.17599868774414,93.0,0.0,20.7,5.7,29.72197293877186,32.11659188163156
7527,38.6,26.17599868774414,93.0,0.0,20.7,5.7,13.526365229617388,42.657909568885216
7528,32.8,26.17599868774414,93.0,0.0,20.4,5.7,17.354936528106233,38.006480958431865
7529,33.3,26.17599868774414,93.0,0.0,20.5,6.3,9.015005919030498,36.004501775709144
7530,20.7,26.17599868774414,93.0,0.0,19.1,5.9,7.932560963079517,23.079768288923855
7531,25.4,26.17599868774414,93.0,0.0,20.5,6.5,9.961838668408264,28.388551600522476
7532,16.1,26.17599868774414,93.0,0.0,19.6,6.3,20.481130923454813,22.244339277036445
7533,15.5,26.17599868774414,93.0,0.0,19.1,6.0,13.48817234025218,19.546451702075654
7534,33.3,26.17599868774414,93.0,0.0,20.8,6.1,28.673786523416187,41.90213595702485
7535,37.8,26.17599868774414,93.0,0.0,20.7,6.4,20.258540110617794,43.877562033185335
7536,22.9,26.17599868774414,93.0,0.0,20.1,5.9,24.68611716271664,30.305835148814992
7537,28.8,26.17599868774414,93.0,0.0,19.2,5.6,22.08010624806494,35.424031874419484
7538,20.4,26.17599868774414,93.0,0.0,19.3,5.7,21.798953360321324,26.939686008096395
7539,15.3,26.17599868774414,93.0,0.0,20.5,5.8,7.131635705174286,17.43949071155229
7540,32.8,26.17599868774414,93.0,0.0,19.7,5.9,19.781164406978405,38.73434932209352
7541,26.0,26.17599868774414,93.0,0.0,20.3,6.4,11.182891495608576,29.354867448682572
7542,19.0,26.17599868774414,93.0,0.0,20.2,5.7,28.955606849877018,27.686682054963107
7543,38.2,26.17599868774414,93.0,0.0,20.3,5.5,6.5347622454555765,40.16042867363667
7544,33.8,26.17599868774414,93.0,0.0,20.4,6.4,26.667227497849687,41.800168249354904
7545,32.6,26.17599868774414,93.0,0.0,19.3,6.1,25.736730459269243,40.32101913778077
7546,19.2,26.17599868774414,93.0,0.0,19.6,6.0,21.452622741920013,25.635786822576
7547,28.5,26.17599868774414,93.0,0.0,19.2,6.5,9.622553773236298,31.38676613197089
7548,18.4,26.17599868774414,93.0,0.0,19.3,5.8,28.388273443941678,26.916482033182504
7549,24.4,26.17599868774414,93.0,0.0,19.3,6.4,25.67383960707026,32.10215188212108
7550,19.8,26.17599868774414,93.0,0.0,20.1,6.0,13.65732478747365,23.897197436242095
7551,24.8,26.17599868774414,93.0,0.0,19.1,5.7,20.689197677689208,31.00675930330676
7552,28.4,26.17599868774414,93.0,0.0,19.8,6.2,11.024499362940603,31.707349808882178
7553,39.7,26.17599868774414,93.0,0.0,20.6,5.6,11.408893144317648,43.1226679432953
7554,31.8,26.17599868774414,93.0,0.0,20.5,6.0,24.98829794001327,39.29648938200398
7555,16.3,26.17599868774414,93.0,0.0,20.4,5.7,28.43534147017232,24.830602441051695
7556,16.6,26.17599868774414,93.0,0.0,19.7,5.9,21.17489376397203,22.952468129191608
7557,22.4,26.17599868774414,93.0,0.0,19.8,5.9,14.957838302963095,26.887351490888925
7558,15.5,26.17599868774414,93.0,0.0,19.2,6.0,16.470748234696195,20.44122447040886
7559,25.0,26.17599868774414,93.0,0.0,20.0,5.9,24.322618587088833,32.29678557612665
7560,36.3,26.325998306274418,93.0,0.0,19.8,5.5,22.272837778068116,42.98185133342043
7561,17.9,26.325998306274418,93.0,0.0,19.2,5.6,22.220089828915018,24.566026948674505
7562,18.7,26.325998306274418,93.0,0.0,20.6,6.4,23.24730699693231,25.67419209907969
7563,15.4,26.325998306274418,93.0,0.0,19.8,5.9,23.151890604690635,22.34556718140719
7564,20.1,26.325998306274418,93.0,0.0,20.3,6.3,20.38633110590542,26.215899331771627
7565,18.3,26.325998306274418,93.0,0.0,20.3,5.9,15.248991029217272,22.87469730876518
7566,17.2,26.325998306274418,93.0,0.0,20.1,6.2,6.549312933225871,19.16479387996776
7567,35.2,26.325998306274418,93.0,0.0,19.6,6.5,12.838384826427925,39.05151544792838
7568,22.8,26.325998306274418,93.0,0.0,21.0,6.1,10.585620652423088,25.975686195726926
7569,19.1,26.325998306274418,93.0,0.0,19.6,5.7,7.154330161183404,21.246299048355024
7570,15.2,26.325998306274418,93.0,0.0,20.0,5.7,21.175557934315908,21.55266738029477
7571,18.4,26.325998306274418,93.0,0.0,20.6,6.4,23.37088946677854,25.411266840033562
7572,23.5,26.325998306274418,93.0,0.0,19.9,5.8,24.785925448481336,30.9357776345444
7573,33.4,26.325998306274418,93.0,0.0,20.9,6.4,28.53499610206857,41.960498830620566
7574,28.7,26.325998306274418,93.0,0.0,19.5,6.4,5.910799661308717,30.473239898392613
7575,26.7,26.325998306274418,93.0,0.0,20.6,5.6,25.09381715101791,34.22814514530537
7576,30.6,26.325998306274418,93.0,0.0,20.1,5.5,27.879388094354304,38.963816428306295
7577,31.4,26.325998306274418,93.0,0.0,19.6,5.7,22.72039913620015,38.216119740860044
7578,35.0,26.325998306274418,93.0,0.0,19.8,5.9,21.747252264686256,41.52417567940588
7579,16.2,26.325998306274418,93.0,0.0,20.2,6.2,7.330131207491609,18.399039362247482
7580,35.5,26.325998306274418,93.0,0.0,19.6,6.2,26.269703426792027,43.38091102803761
7581,35.2,26.325998306274418,93.0,0.0,20.5,5.5,16.779375456198032,40.23381263685941
7582,26.3,26.325998306274418,93.0,0.0,20.6,5.6,26.809501350284226,34.34285040508527
7583,29.5,26.325998306274418,93.0,0.0,19.9,5.8,25.696440509161,37.208932152748304
7584,39.6,26.325998306274418,93.0,0.0,19.2,6.5,9.199460244754661,42.3598380734264
7585,33.6,26.325998306274418,93.0,0.0,19.8,6.0,22.19303141227013,40.25790942368104
7586,29.2,26.325998306274418,93.0,0.0,19.9,6.1,6.849781847761234,31.25493455432837
7587,20.4,26.325998306274418,93.0,0.0,20.9,6.3,22.38563311409459,27.115689934228374
7588,31.7,26.325998306274418,93.0,0.0,20.7,5.6,24.41115244665099,39.0233457339953
7589,30.8,26.325998306274418,93.0,0.0,19.0,6.0,26.41128695978036,38.72338608793411
7590,19.5,26.325998306274418,93.0,0.0,19.2,5.8,25.56468733353327,27.16940620005998
7591,19.3,26.325998306274418,93.0,0.0,20.6,6.1,6.459777863299328,21.2379333589898
7592,37.4,26.325998306274418,93.0,0.0,20.4,5.5,10.554077851353181,40.56622335540595
7593,31.8,26.325998306274418,93.0,0.0,20.4,6.0,17.605184640612173,37.08155539218365
7594,26.8,26.325998306274418,93.0,0.0,20.8,5.5,14.768083169511202,31.23042495085336
7595,24.1,26.325998306274418,93.0,0.0,20.9,5.6,17.12658560596887,29.23797568179066
7596,32.6,26.325998306274418,93.0,0.0,19.4,5.8,23.96449410815287,39.78934823244586
7597,16.5,26.325998306274418,93.0,0.0,20.1,6.0,5.966297421102552,18.289889226330764
7598,21.1,26.325998306274418,93.0,0.0,19.4,6.1,17.65945305536113,26.39783591660834
7599,29.0,26.325998306274418,93.0,0.0,20.5,6.1,21.72207172503429,35.51662151751029
7600,23.9,26.325998306274418,93.0,0.0,19.7,5.8,29.936348508555962,32.88090455256679
7601,16.2,26.325998306274418,93.0,0.0,19.4,5.6,20.308607583837183,22.292582275151155
7602,20.6,26.325998306274418,93.0,0.0,20.5,6.3,16.333203161517535,25.49996094845526
7603,23.4,26.325998306274418,93.0,0.0,20.3,6.1,29.114452002017327,32.1343356006052
7604,17.7,26.325998306274418,93.0,0.0,19.2,6.3,17.83932209596189,23.051796628788566
7605,16.8,26.325998306274418,93.0,0.0,19.4,5.5,5.374441860069529,18.41233255802086
7606,31.9,26.325998306274418,93.0,0.0,19.8,5.6,28.15913148635028,40.347739445905084
7607,30.6,26.325998306274418,93.0,0.0,20.4,6.0,25.340645542909638,38.202193662872894
7608,18.5,26.325998306274418,93.0,0.0,19.8,5.7,7.925551825436462,20.87766554763094
7609,21.1,26.325998306274418,93.0,0.0,19.1,5.8,7.348231854017619,23.304469556205287
7610,29.2,26.325998306274418,93.0,0.0,19.4,6.4,25.611115508821047,36.88333465264631
7611,26.1,26.325998306274418,93.0,0.0,20.0,5.8,9.875621653264151,29.062686495979246
7612,23.6,26.325998306274418,93.0,0.0,19.1,5.6,12.842033938139478,27.452610181441845
7613,38.4,26.325998306274418,93.0,0.0,19.8,5.7,8.587210615386693,40.976163184616006
7614,28.9,26.325998306274418,93.0,0.0,20.6,5.9,28.210628290102868,37.36318848703086
7615,35.2,26.325998306274418,93.0,0.0,19.9,6.2,18.282726047122278,40.684817814136686
7616,26.6,26.325998306274418,93.0,0.0,20.9,5.8,29.326092231674146,35.39782766950225
7617,18.4,26.325998306274418,93.0,0.0,21.0,5.9,7.2374861456458754,20.57124584369376
7618,24.3,26.325998306274418,93.0,0.0,19.8,5.7,8.01025898632864,26.703077695898592
7619,26.6,26.325998306274418,93.0,0.0,19.0,6.1,27.356678127544225,34.807003438263266
7620,30.6,26.775999069213867,91.0,0.0,19.2,5.7,13.025190435051796,34.507557130515536
7621,29.4,26.775999069213867,91.0,0.0,20.7,5.7,28.022125707191083,37.806637712157325
7622,17.5,26.775999069213867,91.0,0.0,21.0,6.5,10.090813182662632,20.52724395479879
7623,37.1,26.775999069213867,91.0,0.0,19.6,6.3,8.013049415415633,39.503914824624694
7624,25.3,26.775999069213867,91.0,0.0,20.7,6.2,19.76324052319472,31.228972156958417
7625,35.1,26.775999069213867,91.0,0.0,19.9,5.9,11.819451849899231,38.64583555496977
7626,38.4,26.775999069213867,91.0,0.0,19.6,6.4,19.052650419648472,44.11579512589454
7627,37.5,26.775999069213867,91.0,0.0,20.2,5.8,25.09294455114223,45.02788336534267
7628,22.0,26.775999069213867,91.0,0.0,19.4,5.5,17.942524090823447,27.382757227247033
7629,31.5,26.775999069213867,91.0,0.0,20.7,5.7,13.013240227974663,35.4039720683924
7630,34.5,26.775999069213867,91.0,0.0,20.8,5.7,29.262822206555114,43.27884666196653
7631,22.4,26.775999069213867,91.0,0.0,19.7,6.0,13.561127725569479,26.46833831767084
7632,18.6,26.775999069213867,91.0,0.0,20.6,6.1,24.876333990552965,26.06290019716589
7633,38.7,26.775999069213867,91.0,0.0,20.4,6.5,19.492382674654127,44.54771480239624
7634,29.1,26.775999069213867,91.0,0.0,19.5,5.8,12.727427888364113,32.91822836650923
7635,32.2,26.775999069213867,91.0,0.0,20.3,6.2,9.164237199420556,34.94927115982617
7636,21.1,26.775999069213867,91.0,0.0,20.2,5.9,13.368853232052837,25.110655969615852
7637,34.8,26.775999069213867,91.0,0.0,19.8,5.8,29.896621398962555,43.768986419688765
7638,38.2,26.775999069213867,91.0,0.0,19.4,5.8,16.83430441564816,43.25029132469445
7639,25.1,26.775999069213867,91.0,0.0,19.7,6.0,12.544395879177129,28.86331876375314
7640,37.8,26.775999069213867,91.0,0.0,19.5,6.3,27.267129948999514,45.98013898469985
7641,27.6,26.775999069213867,91.0,0.0,20.4,6.3,13.101561900189743,31.530468570056925
7642,21.6,26.775999069213867,91.0,0.0,20.4,6.1,11.81668458294821,25.145005374884462
7643,21.7,26.775999069213867,91.0,0.0,20.3,6.0,7.09509206129854,23.82852761838956
7644,38.3,26.775999069213867,91.0,0.0,19.2,6.3,23.55546281304311,45.36663884391293
7645,18.2,26.775999069213867,91.0,0.0,19.8,5.9,28.852353863128542,26.85570615893856
7646,25.1,26.775999069213867,91.0,0.0,20.6,6.4,16.809782059619593,30.142934617885878
7647,17.6,26.775999069213867,91.0,0.0,20.3,6.1,19.604475492261788,23.481342647678538
7648,36.4,26.775999069213867,91.0,0.0,21.0,6.4,5.816181505957944,38.14485445178738
7649,30.5,26.775999069213867,91.0,0.0,19.6,6.5,17.996781402211127,35.89903442066334
7650,37.7,26.775999069213867,91.0,0.0,19.5,5.6,29.62136974315187,46.58641092294556
7651,23.7,26.775999069213867,91.0,0.0,19.2,5.8,6.522359637371645,25.656707891211493
7652,38.3,26.775999069213867,91.0,0.0,19.5,6.2,22.726485303104248,45.11794559093127
7653,35.9,26.775999069213867,91.0,0.0,20.1,5.8,9.552874337149987,38.76586230114499
7654,23.4,26.775999069213867,91.0,0.0,19.7,5.8,15.92498344330398,28.177495032991192
7655,39.3,26.775999069213867,91.0,0.0,19.8,6.4,24.27168564289238,46.58150569286771
7656,26.2,26.775999069213867,91.0,0.0,20.7,5.5,12.37604034079688,29.912812102239062
7657,39.0,26.775999069213867,91.0,0.0,19.2,5.8,14.394354737442653,43.3183064212328
7658,30.1,26.775999069213867,91.0,0.0,19.5,6.3,7.307390594391065,32.29221717831732
7659,22.4,26.775999069213867,91.0,0.0,19.4,6.0,24.97484291431921,29.892452874295763
7660,33.1,26.775999069213867,91.0,0.0,20.0,5.8,18.261082428026736,38.57832472840802
7661,17.0,26.775999069213867,91.0,0.0,21.0,6.4,6.7885327415989725,19.036559822479692
7662,37.6,26.775999069213867,91.0,0.0,20.6,6.2,28.219728702817676,46.0659186108453
7663,16.6,26.775999069213867,91.0,0.0,20.7,5.8,10.810963423168758,19.84328902695063
7664,33.1,26.775999069213867,91.0,0.0,19.7,6.0,11.61976681442506,36.58593004432752
7665,27.2,26.775999069213867,91.0,0.0,20.4,6.0,15.36823675652087,31.81047102695626
7666,31.1,26.775999069213867,91.0,0.0,20.3,6.2,27.793339788657864,39.43800193659736
7667,32.6,26.775999069213867,91.0,0.0,20.6,5.6,22.80923235544114,39.44276970663234
7668,30.2,26.775999069213867,91.0,0.0,19.6,6.0,20.656197150064827,36.39685914501945
7669,33.4,26.775999069213867,91.0,0.0,20.0,5.6,22.375266340051144,40.11257990201534
7670,24.7,26.775999069213867,91.0,0.0,19.1,5.8,14.972301481808316,29.191690444542495
7671,22.4,26.775999069213867,91.0,0.0,19.5,6.0,20.812815229424288,28.643844568827284
7672,33.8,26.775999069213867,91.0,0.0,20.7,5.8,10.553175404195827,36.965952621258744
7673,34.2,26.775999069213867,91.0,0.0,19.5,6.2,12.795555291365307,38.038666587409594
7674,29.3,26.775999069213867,91.0,0.0,19.9,6.1,21.96632940790567,35.8898988223717
7675,19.7,26.775999069213867,91.0,0.0,20.4,6.0,19.04293685153705,25.412881055461114
7676,33.0,26.775999069213867,91.0,0.0,20.6,5.7,22.70233786436599,39.810701359309796
7677,17.7,26.775999069213867,91.0,0.0,19.4,5.6,23.8663847027923,24.85991541083769
7678,19.2,26.775999069213867,91.0,0.0,20.5,6.3,7.177672911526954,21.353301873458086
7679,23.4,26.775999069213867,91.0,0.0,20.8,5.6,29.371225326675926,32.211367598002774
7680,29.1,27.67599868774414,86.0,0.0,20.7,5.7,17.996152486381654,34.498845745914494
7681,36.3,27.67599868774414,86.0,0.0,20.5,5.9,11.952678529551754,39.885803558865526
7682,32.1,27.67599868774414,86.0,0.0,20.1,6.3,6.379247729587005,34.0137743188761
7683,29.6,27.67599868774414,86.0,0.0,20.6,6.5,22.20102178365846,36.26030653509754
7684,31.8,27.67599868774414,86.0,0.0,20.4,5.6,27.26456523969248,39.979369571907746
7685,30.0,27.67599868774414,86.0,0.0,20.4,5.8,27.360325273330016,38.208097581999006
7686,22.4,27.67599868774414,86.0,0.0,19.8,6.1,10.098328581481374,25.42949857444441
7687,22.8,27.67599868774414,86.0,0.0,19.2,6.1,25.131827741335957,30.339548322400788
7688,27.8,27.67599868774414,86.0,0.0,20.9,5.9,24.013975002132657,35.004192500639796
7689,31.2,27.67599868774414,86.0,0.0,21.0,6.3,16.54457596494555,36.16337278948367
7690,38.2,27.67599868774414,86.0,0.0,20.6,6.2,22.259054876100684,44.87771646283021
7691,36.6,27.67599868774414,86.0,0.0,19.1,6.5,22.287067685991435,43.28612030579743
7692,37.8,27.67599868774414,86.0,0.0,19.6,5.7,25.43711459920934,45.431134379762796
7693,30.6,27.67599868774414,86.0,0.0,20.0,5.7,27.175121464875527,38.75253643946266
7694,20.2,27.67599868774414,86.0,0.0,20.0,5.6,22.967232511529538,27.09016975345886
7695,24.0,27.67599868774414,86.0,0.0,20.5,5.6,15.372079544221172,28.611623863266352
7696,21.9,27.67599868774414,86.0,0.0,20.2,6.2,8.55255467046348,24.465766401139042
7697,24.1,27.67599868774414,86.0,0.0,19.2,6.0,12.334033401434178,27.800210020430256
7698,32.2,27.67599868774414,86.0,0.0,19.7,5.8,25.32292420351992,39.79687726105598
7699,39.5,27.67599868774414,86.0,0.0,20.4,5.9,28.143294648822874,47.94298839464686
7700,29.2,27.67599868774414,86.0,0.0,19.6,6.1,5.95345518046053,30.98603655413816
7701,21.2,27.67599868774414,86.0,0.0,20.4,5.8,18.65822328135731,26.79746698440719
7702,23.0,27.67599868774414,86.0,0.0,19.2,5.8,12.819539448359569,26.845861834507872
7703,35.7,27.67599868774414,86.0,0.0,19.2,5.6,23.252941132924818,42.67588233987745
7704,39.1,27.67599868774414,86.0,0.0,20.8,6.1,26.378125164410847,47.01343754932326
7705,25.7,27.67599868774414,86.0,0.0,21.0,6.2,18.504032920194312,31.251209876058294
7706,30.9,27.67599868774414,86.0,0.0,20.9,6.4,26.846812065029898,38.954043619508965
7707,24.4,27.67599868774414,86.0,0.0,19.4,6.1,9.003669509285206,27.10110085278556
7708,26.2,27.67599868774414,86.0,0.0,19.1,6.4,9.044425148267543,28.91332754448026
7709,38.1,27.67599868774414,86.0,0.0,20.1,5.8,29.742353671506546,47.022706101451966
7710,19.7,27.67599868774414,86.0,0.0,20.4,6.1,5.9779054266026765,21.493371627980803
7711,23.8,27.67599868774414,86.0,0.0,20.0,6.2,11.230934802303645,27.169280440691093
7712,22.3,27.67599868774414,86.0,0.0,20.0,5.6,21.720861541821293,28.816258462546386
7713,29.9,27.67599868774414,86.0,0.0,20.2,6.1,28.99821974934041,38.59946592480212
7714,33.0,27.67599868774414,86.0,0.0,20.3,6.0,9.082010126571681,35.724603037971505
7715,36.3,27.67599868774414,86.0,0.0,20.5,6.2,16.4347592481257,41.23042777443771
7716,15.8,27.67599868774414,86.0,0.0,19.0,5.6,5.285443757360334,17.385633127208102
7717,30.6,27.67599868774414,86.0,0.0,19.7,6.1,19.382853988665083,36.41485619659953
7718,31.4,27.67599868774414,86.0,0.0,19.0,6.0,8.70500215673901,34.0115006470217
7719,34.7,27.67599868774414,86.0,0.0,20.5,5.9,22.22120218461238,41.366360655383716
7720,28.1,27.67599868774414,86.0,0.0,19.5,5.6,23.149622591570306,35.04488677747109
7721,33.9,27.67599868774414,86.0,0.0,20.9,6.3,25.67943191238441,41.60382957371532
7722,23.5,27.67599868774414,86.0,0.0,19.3,6.4,8.727201304753782,26.118160391426134
7723,37.9,27.67599868774414,86.0,0.0,19.9,5.7,23.266622675742614,44.87998680272278
7724,22.0,27.67599868774414,86.0,0.0,19.7,5.8,26.593733279781958,29.978119983934587
7725,20.1,27.67599868774414,86.0,0.0,19.7,6.0,19.578135039733723,25.973440511920117
7726,34.6,27.67599868774414,86.0,0.0,19.3,5.8,8.880535812849892,37.26416074385497
7727,15.1,27.67599868774414,86.0,0.0,19.8,6.5,11.192979686525408,18.457893905957622
7728,20.3,27.67599868774414,86.0,0.0,20.5,5.8,28.55827004668652,28.867481014005957
7729,30.4,27.67599868774414,86.0,0.0,20.8,6.2,21.44488787474023,36.833466362422065
7730,38.8,27.67599868774414,86.0,0.0,20.2,5.7,14.83644036346168,43.2509321090385
7731,32.6,27.67599868774414,86.0,0.0,19.3,5.9,8.043816994296039,35.01314509828881
7732,23.1,27.67599868774414,86.0,0.0,20.2,6.5,22.817513782903177,29.945254134870954
7733,32.4,27.67599868774414,86.0,0.0,20.6,5.6,24.24575953117935,39.673727859353804
7734,20.8,27.67599868774414,86.0,0.0,19.3,5.5,21.95897243321982,27.387691729965947
7735,15.0,27.67599868774414,86.0,0.0,19.3,5.9,29.79741514787773,23.93922454436332
7736,30.1,27.67599868774414,86.0,0.0,19.2,6.2,14.462424906513853,34.43872747195416
7737,22.6,27.67599868774414,86.0,0.0,20.7,5.5,6.458037113257743,24.537411133977326
7738,27.9,27.67599868774414,86.0,0.0,19.4,5.9,27.8822982787753,36.26468948363259
7739,37.7,27.67599868774414,86.0,0.0,20.6,5.6,16.819597275000124,42.74587918250004
7740,18.7,28.875999450683594,79.0,0.0,19.0,6.5,11.9145580644281,22.274367419328428
7741,38.4,28.875999450683594,79.0,0.0,20.1,6.1,21.017777657362746,44.705333297208824
7742,34.0,28.875999450683594,79.0,0.0,20.7,6.1,14.832134230874354,38.449640269262304
7743,15.1,28.875999450683594,79.0,0.0,20.2,6.0,21.514426356100014,21.554327906830004
7744,36.5,28.875999450683594,79.0,0.0,19.1,6.4,10.105627241495117,39.53168817244853
7745,31.1,28.875999450683594,79.0,0.0,20.5,6.1,21.505185615109646,37.55155568453289
7746,16.4,28.875999450683594,79.0,0.0,19.9,6.1,19.841396400902415,22.352418920270722
7747,26.8,28.875999450683594,79.0,0.0,20.0,5.8,26.776076060532866,34.83282281815986
7748,22.7,28.875999450683594,79.0,0.0,19.5,5.7,6.516045935007357,24.654813780502206
7749,19.7,28.875999450683594,79.0,0.0,21.0,6.0,6.1794190462618115,21.553825713878542
7750,32.3,28.875999450683594,79.0,0.0,20.8,6.0,15.086109271289272,36.82583278138678
7751,33.1,28.875999450683594,79.0,0.0,19.4,5.8,29.423674640830377,41.92710239224911
7752,38.4,28.875999450683594,79.0,0.0,20.3,5.7,16.630856388806805,43.38925691664204
7753,19.3,28.875999450683594,79.0,0.0,20.7,5.7,16.64410131206873,24.293230393620618
7754,17.7,28.875999450683594,79.0,0.0,20.3,6.2,26.568048863779996,25.670414659133996
7755,27.2,28.875999450683594,79.0,0.0,20.8,5.9,24.2938263982617,34.48814791947851
7756,17.6,28.875999450683594,79.0,0.0,20.6,6.5,29.432764444896492,26.42982933346895
7757,20.1,28.875999450683594,79.0,0.0,19.7,6.1,8.684379785033512,22.705313935510056
7758,23.5,28.875999450683594,79.0,0.0,19.5,6.1,22.50568488242114,30.251705464726342
7759,29.2,28.875999450683594,79.0,0.0,19.5,5.8,5.50962152618905,30.852886457856712
7760,20.9,28.875999450683594,79.0,0.0,21.0,6.2,29.057124747772416,29.617137424331723
7761,39.7,28.875999450683594,79.0,0.0,19.7,5.9,23.18328246310995,46.65498473893299
7762,27.9,28.875999450683594,79.0,0.0,19.3,5.8,9.165959452768565,30.64978783583057
7763,39.4,28.875999450683594,79.0,0.0,19.5,5.9,17.554465746685096,44.666339724005525
7764,31.9,28.875999450683594,79.0,0.0,20.7,6.3,14.289216302219106,36.18676489066573
7765,29.1,28.875999450683594,79.0,0.0,20.4,6.0,15.05497765051807,33.61649329515542
7766,27.6,28.875999450683594,79.0,0.0,20.8,6.4,7.73669500488472,29.921008501465415
7767,19.5,28.875999450683594,79.0,0.0,20.0,5.6,10.97004916408967,22.7910147492269
7768,33.3,28.875999450683594,79.0,0.0,20.2,5.5,8.861667994211043,35.95850039826331
7769,33.5,28.875999450683594,79.0,0.0,20.9,6.4,29.76352932868954,42.42905879860686
7770,35.5,28.875999450683594,79.0,0.0,19.9,5.9,14.752661154083809,39.92579834622514
7771,19.9,28.875999450683594,79.0,0.0,19.6,6.0,10.884779454625441,23.16543383638763
7772,29.2,28.875999450683594,79.0,0.0,20.6,6.1,15.297642135005924,33.78929264050178
7773,15.8,28.875999450683594,79.0,0.0,20.8,5.6,5.797758376892391,17.539327513067718
7774,30.4,28.875999450683594,79.0,0.0,20.2,5.5,12.290830284146166,34.08724908524385
7775,34.1,28.875999450683594,79.0,0.0,20.4,6.0,21.84168981813183,40.65250694543955
7776,16.5,28.875999450683594,79.0,0.0,20.2,6.0,15.045289405405363,21.013586821621608
7777,21.0,28.875999450683594,79.0,0.0,20.4,6.1,5.08885387876196,22.526656163628587
7778,31.0,28.875999450683594,79.0,0.0,19.6,5.6,21.236796946550196,37.37103908396506
7779,19.2,28.875999450683594,79.0,0.0,20.3,6.0,26.41107394125705,27.123322182377116
7780,21.3,28.875999450683594,79.0,0.0,20.0,6.3,12.048902062697163,24.91467061880915
7781,16.8,28.875999450683594,79.0,0.0,20.7,5.7,29.470992977342192,25.64129789320266
7782,16.2,28.875999450683594,79.0,0.0,19.1,6.1,27.593371348158108,24.47801140444743
7783,20.1,28.875999450683594,79.0,0.0,19.8,5.5,15.485370686965007,24.745611206089503
7784,27.8,28.875999450683594,79.0,0.0,20.7,5.7,18.96562009168284,33.48968602750485
7785,18.8,28.875999450683594,79.0,0.0,20.3,5.7,15.698999823422039,23.50969994702661
7786,38.3,28.875999450683594,79.0,0.0,20.6,6.3,11.442100542649959,41.73263016279498
7787,28.2,28.875999450683594,79.0,0.0,20.5,5.9,17.526377645563503,33.45791329366905
7788,28.3,28.875999450683594,79.0,0.0,19.6,6.1,12.256470387581654,31.976941116274496
7789,34.6,28.875999450683594,79.0,0.0,20.1,6.1,11.865602739833484,38.15968082195005
7790,34.6,28.875999450683594,79.0,0.0,19.1,6.3,23.614929531703037,41.68447885951091
7791,32.8,28.875999450683594,79.0,0.0,20.5,6.4,13.746183952998107,36.92385518589943
7792,26.1,28.875999450683594,79.0,0.0,19.2,6.4,26.37083810803021,34.01125143240906
7793,39.1,28.875999450683594,79.0,0.0,20.2,6.1,10.039395437749185,42.11181863132476
7794,37.5,28.875999450683594,79.0,0.0,20.7,5.5,8.463983529579748,40.03919505887392
7795,27.7,28.875999450683594,79.0,0.0,19.5,6.0,21.196705165995915,34.059011549798775
7796,21.5,28.875999450683594,79.0,0.0,20.4,6.2,27.725823911241104,29.817747173372332
7797,33.0,28.875999450683594,79.0,0.0,20.4,6.3,22.134394595795648,39.6403183787387
7798,36.1,28.875999450683594,79.0,0.0,19.2,5.7,24.884706179610806,43.56541185388324
7799,25.4,28.875999450683594,79.0,0.0,20.2,6.4,21.43038479868231,31.829115439604692
7800,19.2,29.97599983215332,74.0,0.0,20.9,6.4,7.601718610208772,21.48051558306263
7801,25.7,29.97599983215332,74.0,0.0,19.1,6.4,26.795144623080077,33.73854338692402
7802,36.7,29.97599983215332,74.0,0.0,19.8,6.3,11.806567975454481,40.24197039263635
7803,30.3,29.97599983215332,74.0,0.0,19.3,6.1,15.4825558263968,34.94476674791904
7804,28.1,29.97599983215332,74.0,0.0,19.6,5.5,23.934351327420732,35.28030539822622
7805,30.6,29.97599983215332,74.0,0.0,20.1,6.5,6.800702839330745,32.640210851799225
7806,18.0,29.97599983215332,74.0,0.0,19.1,5.9,19.9906648542267,23.99719945626801
7807,27.0,29.97599983215332,74.0,0.0,19.3,6.1,11.259642045661174,30.377892613698354
7808,30.4,29.97599983215332,74.0,0.0,20.7,5.5,17.045122425779045,35.51353672773371
7809,33.4,29.97599983215332,74.0,0.0,20.3,6.1,24.60987571718988,40.78296271515696
7810,35.1,29.97599983215332,74.0,0.0,19.3,6.5,19.916273090851924,41.074881927255575
7811,36.6,29.97599983215332,74.0,0.0,19.2,6.3,8.78827534812639,39.23648260443792
7812,38.1,29.97599983215332,74.0,0.0,19.9,6.2,21.82112807036355,44.646338421109064
7813,33.4,29.97599983215332,74.0,0.0,19.2,6.0,9.234720626124638,36.17041618783739
7814,22.4,29.97599983215332,74.0,0.0,20.7,5.8,17.34924282452362,27.604772847357083
7815,32.9,29.97599983215332,74.0,0.0,20.6,5.6,7.673533738751688,35.20206012162551
7816,15.8,29.97599983215332,74.0,0.0,19.0,6.1,23.722491599683565,22.91674747990507
7817,30.0,29.97599983215332,74.0,0.0,20.8,5.6,17.601149174125005,35.280344752237504
7818,34.2,29.97599983215332,74.0,0.0,20.7,6.1,15.42230378966982,38.82669113690095
7819,27.9,29.97599983215332,74.0,0.0,19.3,5.8,11.816374427737824,31.444912328321344
7820,26.1,29.97599983215332,74.0,0.0,20.7,5.8,16.727700049251958,31.118310014775588
7821,26.0,29.97599983215332,74.0,0.0,20.3,6.3,28.68751619983143,34.60625485994943
7822,39.5,29.97599983215332,74.0,0.0,20.0,5.9,19.454144902154106,45.33624347064623
7823,22.6,29.97599983215332,74.0,0.0,20.1,6.5,25.67998845014956,30.303996535044867
7824,21.5,29.97599983215332,74.0,0.0,20.1,5.5,13.493420535275495,25.548026160582648
7825,24.8,29.97599983215332,74.0,0.0,19.4,6.1,28.28871244352383,33.28661373305715
7826,25.0,29.97599983215332,74.0,0.0,20.7,6.2,24.86160984962751,32.458482954888254
7827,17.4,29.97599983215332,74.0,0.0,19.0,6.0,8.41938861654183,19.925816584962547
7828,18.2,29.97599983215332,74.0,0.0,20.6,5.7,19.943849503315434,24.18315485099463
7829,29.1,29.97599983215332,74.0,0.0,19.4,6.4,22.51912576992533,35.8557377309776
7830,24.1,29.97599983215332,74.0,0.0,19.6,6.1,18.286883983723175,29.586065195116955
7831,31.8,29.97599983215332,74.0,0.0,20.1,5.9,23.05928947698008,38.717786843094025
7832,25.8,29.97599983215332,74.0,0.0,20.8,5.5,6.049013852727931,27.61470415581838
7833,21.5,29.97599983215332,74.0,0.0,19.1,6.1,9.96171312381244,24.488513937143733
7834,38.2,29.97599983215332,74.0,0.0,20.0,6.1,26.46489209652484,46.139467628957455
7835,34.3,29.97599983215332,74.0,0.0,19.9,5.9,17.14460942646449,39.443382827939345
7836,29.6,29.97599983215332,74.0,0.0,19.8,5.8,26.53756065315764,37.56126819594729
7837,19.9,29.97599983215332,74.0,0.0,19.4,6.0,6.718607438147296,21.915582231444187
7838,32.3,29.97599983215332,74.0,0.0,20.2,6.1,7.330856656557792,34.49925699696733
7839,32.0,29.97599983215332,74.0,0.0,19.1,6.4,27.448129687158467,40.23443890614754
7840,39.6,29.97599983215332,74.0,0.0,20.3,6.2,5.575634467722236,41.27269034031667
7841,19.6,29.97599983215332,74.0,0.0,20.6,6.1,26.401265362454286,27.520379608736285
7842,38.8,29.97599983215332,74.0,0.0,20.0,5.6,8.011562666555772,41.20346879996673
7843,35.9,29.97599983215332,74.0,0.0,20.1,5.7,13.334503623149908,39.90035108694497
7844,21.4,29.97599983215332,74.0,0.0,20.7,6.4,23.213167488608235,28.36395024658247
7845,34.0,29.97599983215332,74.0,0.0,20.9,5.8,18.46843558977574,39.54053067693272
7846,21.7,29.97599983215332,74.0,0.0,19.9,5.7,5.316838562268895,23.29505156868067
7847,16.9,29.97599983215332,74.0,0.0,20.1,6.0,17.59300706070296,22.177902118210888
7848,20.9,29.97599983215332,74.0,0.0,19.3,5.6,13.014712679835728,24.804413803950716
7849,34.6,29.97599983215332,74.0,0.0,20.9,6.1,28.17518855125821,43.052556565377465
7850,34.3,29.97599983215332,74.0,0.0,19.3,6.5,10.851504849518669,37.5554514548556
7851,15.2,29.97599983215332,74.0,0.0,20.7,6.5,24.17201614291856,22.451604842875568
7852,15.2,29.97599983215332,74.0,0.0,19.3,6.4,28.27772859191022,23.683318577573065
7853,39.1,29.97599983215332,74.0,0.0,19.5,5.9,9.558282943322181,41.96748488299666
7854,23.8,29.97599983215332,74.0,0.0,20.5,5.6,15.803745960643765,28.54112378819313
7855,17.8,29.97599983215332,74.0,0.0,20.3,5.7,10.83659611967069,21.05097883590121
7856,36.2,29.97599983215332,74.0,0.0,20.7,5.6,24.236910061027814,43.471073018308346
7857,28.4,29.97599983215332,74.0,0.0,20.8,5.7,22.817703360074873,35.24531100802246
7858,17.1,29.97599983215332,74.0,0.0,20.7,5.9,6.352647375808849,19.005794212742657
7859,36.1,29.97599983215332,74.0,0.0,20.8,6.4,14.746252056882032,40.52387561706461
7860,27.0,30.92599868774414,70.0,0.0,19.6,6.0,9.585285289607558,29.875585586882266
7861,35.8,30.92599868774414,70.0,0.0,20.8,5.9,21.948219929640786,42.38446597889223
7862,33.0,30.92599868774414,70.0,0.0,19.2,5.8,8.119042571120179,35.43571277133606
7863,27.6,30.92599868774414,70.0,0.0,20.5,6.4,18.796468053748075,33.23894041612442
7864,24.0,30.92599868774414,70.0,0.0,19.8,6.3,9.283322349621018,26.784996704886304
7865,23.5,30.92599868774414,70.0,0.0,20.0,6.1,17.829121538179443,28.848736461453832
7866,15.5,30.92599868774414,70.0,0.0,20.7,5.6,9.855370773459597,18.45661123203788
7867,25.0,30.92599868774414,70.0,0.0,19.7,6.0,14.644295140016482,29.393288542004946
7868,36.9,30.92599868774414,70.0,0.0,19.3,5.6,15.963976789295696,41.68919303678871
7869,18.4,30.92599868774414,70.0,0.0,19.9,6.3,14.013505142762032,22.604051542828607
7870,27.0,30.92599868774414,70.0,0.0,19.2,6.4,24.648687133408426,34.394606140022525
7871,34.8,30.92599868774414,70.0,0.0,19.4,5.9,6.722262074007791,36.81667862220233
7872,25.4,30.92599868774414,70.0,0.0,19.9,6.2,10.6297258362621,28.58891775087863
7873,28.0,30.92599868774414,70.0,0.0,20.1,5.9,27.704587997976603,36.311376399392984
7874,25.3,30.92599868774414,70.0,0.0,19.5,6.0,18.10800384299064,30.732401152897193
7875,18.5,30.92599868774414,70.0,0.0,20.4,5.8,21.10961433793667,24.832884301381
7876,22.8,30.92599868774414,70.0,0.0,19.7,5.6,5.989263609071714,24.596779082721515
7877,22.3,30.92599868774414,70.0,0.0,19.1,6.1,25.26606935398003,29.879820806194008
7878,33.2,30.92599868774414,70.0,0.0,20.4,6.0,10.365550253119782,36.30966507593594
7879,30.3,30.92599868774414,70.0,0.0,19.9,6.0,21.51869685495275,36.755609056485824
7880,40.0,30.92599868774414,70.0,0.0,20.1,6.2,16.130546299222456,44.83916388976674
7881,24.9,30.92599868774414,70.0,0.0,19.2,5.6,19.36154150365615,30.708462451096842
7882,38.4,30.92599868774414,70.0,0.0,19.1,6.2,22.19301852488624,45.05790555746587
7883,36.3,30.92599868774414,70.0,0.0,19.1,5.5,6.699980320630187,38.30999409618905
7884,22.5,30.92599868774414,70.0,0.0,20.2,5.9,16.993951525248377,27.598185457574512
7885,24.5,30.92599868774414,70.0,0.0,19.3,6.3,6.252992660352597,26.37589779810578
7886,17.6,30.92599868774414,70.0,0.0,19.4,5.7,15.349823372003891,22.20494701160117
7887,21.0,30.92599868774414,70.0,0.0,20.5,5.6,23.87623886165253,28.16287165849576
7888,26.9,30.92599868774414,70.0,0.0,20.5,6.5,26.858704079294363,34.957611223788305
7889,21.6,30.92599868774414,70.0,0.0,20.8,6.4,24.40754680312308,28.922264040936923
7890,32.3,30.92599868774414,70.0,0.0,19.5,5.7,10.144173720962788,35.34325211628883
7891,18.5,30.92599868774414,70.0,0.0,19.1,5.8,28.824514723797847,27.147354417139354
7892,35.4,30.92599868774414,70.0,0.0,19.5,6.4,26.265351464378412,43.27960543931352
7893,36.8,30.92599868774414,70.0,0.0,19.6,5.9,27.764083416455385,45.129225024936616
7894,17.7,30.92599868774414,70.0,0.0,19.1,5.6,14.346847787037271,22.00405433611118
7895,18.0,30.92599868774414,70.0,0.0,20.0,5.9,5.824453745961998,19.7473361237886
7896,31.1,30.92599868774414,70.0,0.0,20.6,5.8,6.415342978851935,33.02460289365558
7897,35.0,30.92599868774414,70.0,0.0,19.1,6.5,29.167615322679232,43.750284596803766
7898,35.0,30.92599868774414,70.0,0.0,19.6,6.0,7.917042527225708,37.37511275816771
7899,25.0,30.92599868774414,70.0,0.0,20.5,6.5,8.120510417554705,27.43615312526641
7900,25.7,30.92599868774414,70.0,0.0,19.9,5.7,8.592876876611125,28.277863062983336
7901,39.0,30.92599868774414,70.0,0.0,19.4,5.6,20.144488871524977,45.04334666145749
7902,18.0,30.92599868774414,70.0,0.0,19.1,5.7,18.301711465453494,23.490513439636047
7903,22.0,30.92599868774414,70.0,0.0,20.7,6.1,12.105416401208192,25.63162492036246
7904,19.5,30.92599868774414,70.0,0.0,19.5,5.8,6.925546429446387,21.577663928833914
7905,25.0,30.92599868774414,70.0,0.0,20.5,6.2,24.96883057943454,32.49064917383036
7906,16.4,30.92599868774414,70.0,0.0,20.0,5.6,21.364832471052065,22.809449741315618
7907,18.0,30.92599868774414,70.0,0.0,21.0,6.2,28.414804431864564,26.52444132955937
7908,27.5,30.92599868774414,70.0,0.0,19.8,6.0,20.088082785211245,33.526424835563375
7909,37.6,30.92599868774414,70.0,0.0,21.0,6.4,20.221546184528577,43.66646385535857
7910,31.0,30.92599868774414,70.0,0.0,20.1,5.6,25.670316556581163,38.70109496697435
7911,30.2,30.92599868774414,70.0,0.0,20.0,6.3,24.958208892116026,37.687462667634804
7912,31.6,30.92599868774414,70.0,0.0,20.2,5.6,9.911306213124409,34.573391863937324
7913,29.2,30.92599868774414,70.0,0.0,20.5,6.3,15.045029908063864,33.713508972419156
7914,16.5,30.92599868774414,70.0,0.0,20.4,5.5,20.751447607500708,22.725434282250212
7915,20.5,30.92599868774414,70.0,0.0,20.0,6.4,10.524146626767788,23.657243988030338
7916,26.0,30.92599868774414,70.0,0.0,19.6,5.5,12.37778685761981,29.713336057285943
7917,32.1,30.92599868774414,70.0,0.0,20.0,6.2,24.629176660197462,39.48875299805924
7918,20.8,30.92599868774414,70.0,0.0,19.1,5.5,24.381466964397067,28.11444008931912
7919,19.1,30.92599868774414,70.0,0.0,20.1,5.8,29.111884422433278,27.833565326729982
7920,39.0,31.775999069213867,67.0,0.0,19.2,6.2,18.672697834420525,44.60180935032616
7921,37.3,31.775999069213867,67.0,0.0,19.9,6.4,10.067616515476677,40.320284954643
7922,32.8,31.775999069213867,67.0,0.0,19.2,6.1,16.635062525237014,37.7905187575711
7923,33.6,31.775999069213867,67.0,0.0,19.7,6.2,12.613491727636905,37.38404751829107
7924,27.8,31.775999069213867,67.0,0.0,19.6,6.2,23.769251445851406,34.93077543375542
7925,39.5,31.775999069213867,67.0,0.0,19.6,6.1,16.34044932169414,44.40213479650824
7926,24.5,31.775999069213867,67.0,0.0,20.3,6.2,10.373139884659997,27.611941965398
7927,33.9,31.775999069213867,67.0,0.0,19.4,6.2,11.756502042289661,37.426950612686895
7928,19.0,31.775999069213867,67.0,0.0,19.1,6.0,7.207990385281941,21.162397115584582
7929,31.7,31.775999069213867,67.0,0.0,20.6,6.5,8.944998506306701,34.38349955189201
7930,21.3,31.775999069213867,67.0,0.0,20.0,6.4,28.59338161894593,29.878014485683778
7931,26.3,31.775999069213867,67.0,0.0,20.2,6.4,26.02225442719301,34.1066763281579
7932,30.8,31.775999069213867,67.0,0.0,20.4,6.1,24.187727855749266,38.05631835672478
7933,28.3,31.775999069213867,67.0,0.0,20.6,6.1,20.352326218582903,34.40569786557487
7934,39.3,31.775999069213867,67.0,0.0,20.6,6.5,28.462824014091698,47.838847204227505
7935,19.1,31.775999069213867,67.0,0.0,19.0,6.0,25.426134919946335,26.727840475983903
7936,30.1,31.775999069213867,67.0,0.0,19.8,5.7,20.561422046973632,36.26842661409209
7937,36.9,31.775999069213867,67.0,0.0,19.2,6.2,19.10249946396983,42.63074983919095
7938,38.2,31.775999069213867,67.0,0.0,20.9,6.2,17.94026965911618,43.582080897734855
7939,28.5,31.775999069213867,67.0,0.0,21.0,6.1,19.424218892121154,34.32726566763635
7940,26.5,31.775999069213867,67.0,0.0,19.1,6.4,24.876833703328444,33.96305011099853
7941,22.3,31.775999069213867,67.0,0.0,20.6,6.0,7.202069863635289,24.460620959090587
7942,24.4,31.775999069213867,67.0,0.0,20.7,6.4,29.86332565745366,33.3589976972361
7943,17.3,31.775999069213867,67.0,0.0,19.3,6.2,10.369207118358096,20.41076213550743
7944,38.5,31.775999069213867,67.0,0.0,20.5,5.9,7.47738352312257,40.74321505693677
7945,30.4,31.775999069213867,67.0,0.0,19.2,5.7,24.536796058786308,37.76103881763589
7946,36.2,31.775999069213867,67.0,0.0,19.9,5.7,6.899514172800107,38.26985425184004
7947,35.5,31.775999069213867,67.0,0.0,19.4,5.9,26.913527659323705,43.57405829779711
7948,20.6,31.775999069213867,67.0,0.0,20.1,6.2,7.191407502345912,22.757422250703776
7949,30.6,31.775999069213867,67.0,0.0,19.6,5.7,5.894862296926963,32.36845868907809
7950,18.8,31.775999069213867,67.0,0.0,20.9,6.5,24.605347055948446,26.181604116784534
7951,19.9,31.775999069213867,67.0,0.0,20.5,5.7,28.760740444645975,28.52822213339379
7952,26.0,31.775999069213867,67.0,0.0,19.6,5.6,29.14836560139484,34.74450968041845
7953,34.2,31.775999069213867,67.0,0.0,20.5,6.3,13.468810668165293,38.24064320044959
7954,33.6,31.775999069213867,67.0,0.0,20.9,5.6,28.128851239089276,42.03865537172678
7955,30.3,31.775999069213867,67.0,0.0,19.1,5.8,23.089669954474846,37.22690098634246
7956,34.4,31.775999069213867,67.0,0.0,20.8,6.4,24.828245239749172,41.84847357192475
7957,31.6,31.775999069213867,67.0,0.0,19.8,6.5,27.894420902744137,39.96832627082324
7958,35.1,31.775999069213867,67.0,0.0,21.0,6.0,28.261787605033863,43.57853628151016
7959,38.9,31.775999069213867,67.0,0.0,20.7,5.8,9.13847953360367,41.6415438600811
7960,18.9,31.775999069213867,67.0,0.0,19.6,6.0,11.819245589575484,22.445773676872644
7961,24.7,31.775999069213867,67.0,0.0,19.9,5.8,15.385758692210647,29.31572760766319
7962,27.1,31.775999069213867,67.0,0.0,19.1,6.2,21.96486045349078,33.689458136047236
7963,17.5,31.775999069213867,67.0,0.0,20.9,5.9,16.637381702315693,22.491214510694707
7964,27.1,31.775999069213867,67.0,0.0,19.1,6.0,23.615132736109313,34.184539820832796
7965,37.0,31.775999069213867,67.0,0.0,19.2,5.6,20.42130821532973,43.12639246459892
7966,37.9,31.775999069213867,67.0,0.0,21.0,6.4,12.370847524690763,41.611254257407225
7967,24.9,31.775999069213867,67.0,0.0,20.2,6.4,24.049543308958906,32.11486299268767
7968,25.8,31.775999069213867,67.0,0.0,19.3,6.0,5.648422320478439,27.49452669614353
7969,34.4,31.775999069213867,67.0,0.0,20.8,6.0,18.878191599619225,40.06345747988576
7970,25.5,31.775999069213867,67.0,0.0,19.8,6.4,13.202861792136815,29.460858537641045
7971,36.2,31.775999069213867,67.0,0.0,19.9,5.9,26.363835011929616,44.10915050357889
7972,27.6,31.775999069213867,67.0,0.0,21.0,5.9,15.347656284756853,32.204296885427055
7973,35.7,31.775999069213867,67.0,0.0,20.9,5.7,26.475689271469207,43.642706781440765
7974,38.6,31.775999069213867,67.0,0.0,19.9,6.4,21.14101000876004,44.942303002628016
7975,22.0,31.775999069213867,67.0,0.0,19.1,5.8,28.43767633025429,30.531302899076287
7976,30.1,31.775999069213867,67.0,0.0,20.0,6.2,19.500631829017227,35.95018954870517
7977,17.9,31.775999069213867,67.0,0.0,19.8,5.7,18.124696248018218,23.33740887440546
7978,23.2,31.775999069213867,67.0,0.0,19.7,5.6,22.623571804716,29.9870715414148
7979,38.1,31.775999069213867,67.0,0.0,20.5,5.7,5.8152467496810925,39.84457402490433
7980,31.2,32.07600021362305,67.0,0.0,20.5,5.8,14.755163937451645,35.62654918123549
7981,21.2,32.07600021362305,67.0,0.0,19.5,6.0,25.382671169389297,28.814801350816786
7982,34.1,32.07600021362305,67.0,0.0,21.0,6.4,13.476476212754115,38.142942863826235
7983,19.8,32.07600021362305,67.0,0.0,20.9,6.5,5.173205287985584,21.351961586395674
7984,20.2,32.07600021362305,67.0,0.0,20.8,6.1,25.499174305400807,27.84975229162024
7985,35.2,32.07600021362305,67.0,0.0,20.2,6.3,19.80033153767218,41.14009946130166
7986,17.2,32.07600021362305,67.0,0.0,20.5,5.9,29.197946289350643,25.959383886805192
7987,20.3,32.07600021362305,67.0,0.0,20.7,6.1,20.75779925753729,26.527339777261187
7988,16.9,32.07600021362305,67.0,0.0,20.1,5.6,25.45666492428162,24.536999477284482
7989,24.7,32.07600021362305,67.0,0.0,19.9,6.2,6.043489600822792,26.513046880246836
7990,21.3,32.07600021362305,67.0,0.0,20.3,6.2,29.391380568310623,30.117414170493188
7991,23.9,32.07600021362305,67.0,0.0,19.9,5.9,13.151630510347726,27.845489153104317
7992,36.1,32.07600021362305,67.0,0.0,21.0,6.0,8.85253369327856,38.75576010798357
7993,36.0,32.07600021362305,67.0,0.0,19.9,5.7,10.184266931720844,39.05528007951625
7994,26.9,32.07600021362305,67.0,0.0,19.8,6.0,26.970377753370222,34.99111332601107
7995,23.2,32.07600021362305,67.0,0.0,19.5,5.8,9.13192933151316,25.939578799453948
7996,36.2,32.07600021362305,67.0,0.0,19.3,5.6,21.899417153404695,42.76982514602141
7997,28.1,32.07600021362305,67.0,0.0,20.5,5.6,27.127087382887865,36.23812621486636
7998,20.5,32.07600021362305,67.0,0.0,20.7,5.7,8.57526598027058,23.072579794081175
7999,35.7,32.07600021362305,67.0,0.0,20.6,5.7,22.315672733314173,42.39470181999425
8000,39.1,32.07600021362305,67.0,0.0,19.4,6.0,18.81421972657053,44.74426591797116
8001,19.3,32.07600021362305,67.0,0.0,20.9,5.5,18.85328750484109,24.955986251452327
8002,20.4,32.07600021362305,67.0,0.0,20.0,6.0,6.777043137954582,22.433112941386373
8003,32.2,32.07600021362305,67.0,0.0,20.4,6.1,9.908018617535358,35.17240558526061
8004,26.3,32.07600021362305,67.0,0.0,19.0,5.9,5.1865694777419185,27.855970843322577
8005,25.5,32.07600021362305,67.0,0.0,20.5,6.3,9.670893012184315,28.401267903655295
8006,38.7,32.07600021362305,67.0,0.0,21.0,5.8,18.316098135320807,44.194829440596244
8007,33.8,32.07600021362305,67.0,0.0,20.2,5.5,7.320136867753833,35.99604106032615
8008,23.8,32.07600021362305,67.0,0.0,19.8,5.7,22.35778257010863,30.50733477103259
8009,31.8,32.07600021362305,67.0,0.0,19.2,5.7,11.192984490052869,35.15789534701586
8010,28.0,32.07600021362305,67.0,0.0,20.7,5.9,17.991188666416118,33.397356599924834
8011,19.3,32.07600021362305,67.0,0.0,20.3,5.9,16.950549620833904,24.385164886250173
8012,16.0,32.07600021362305,67.0,0.0,19.3,5.9,25.088430238427563,23.52652907152827
8013,36.8,32.07600021362305,67.0,0.0,19.0,6.4,12.072278655407047,40.42168359662211
8014,32.8,32.07600021362305,67.0,0.0,20.8,6.5,17.367273495802305,38.01018204874069
8015,25.5,32.07600021362305,67.0,0.0,19.9,5.8,8.910307803273103,28.17309234098193
8016,35.1,32.07600021362305,67.0,0.0,20.9,6.1,23.032709672713164,42.00981290181395
8017,34.9,32.07600021362305,67.0,0.0,19.1,5.7,21.08042696431865,41.22412808929559
8018,18.1,32.07600021362305,67.0,0.0,19.3,6.0,6.492698529053896,20.04780955871617
8019,38.6,32.07600021362305,67.0,0.0,20.1,5.7,11.539588398308174,42.06187651949245
8020,24.0,32.07600021362305,67.0,0.0,20.4,5.7,28.517017054358995,32.5551051163077
8021,31.9,32.07600021362305,67.0,0.0,20.2,6.2,14.328154954570739,36.19844648637122
8022,37.7,32.07600021362305,67.0,0.0,20.4,6.1,25.015322719842,45.204596815952605
8023,24.6,32.07600021362305,67.0,0.0,20.6,5.8,14.332494501872349,28.899748350561705
8024,30.0,32.07600021362305,67.0,0.0,20.3,6.5,12.328193754111972,33.69845812623359
8025,23.3,32.07600021362305,67.0,0.0,20.9,5.5,6.517206777106411,25.255162033131924
8026,38.5,32.07600021362305,67.0,0.0,20.5,6.0,19.798920241252336,44.439676072375704
8027,34.9,32.07600021362305,67.0,0.0,20.8,6.2,9.781370011822887,37.83441100354686
8028,35.7,32.07600021362305,67.0,0.0,19.2,5.6,19.371338838129336,41.5114016514388
8029,17.1,32.07600021362305,67.0,0.0,19.1,6.1,12.212482747340834,20.763744824202252
8030,35.8,32.07600021362305,67.0,0.0,19.6,5.8,24.136861340399864,43.04105840211996
8031,19.2,32.07600021362305,67.0,0.0,19.2,5.6,29.657554188680578,28.097266256604172
8032,26.1,32.07600021362305,67.0,0.0,20.6,6.2,6.396940090968895,28.01908202729067
8033,17.4,32.07600021362305,67.0,0.0,20.7,6.1,7.890741419309636,19.767222425792887
8034,15.3,32.07600021362305,67.0,0.0,20.3,5.6,16.007477119420088,20.102243135826026
8035,28.1,32.07600021362305,67.0,0.0,19.2,6.5,20.32983638741731,34.19895091622519
8036,27.4,32.07600021362305,67.0,0.0,20.2,5.5,18.29817154859034,32.8894514645771
8037,19.5,32.07600021362305,67.0,0.0,20.0,5.8,5.824840107503835,21.24745203225115
8038,27.5,32.07600021362305,67.0,0.0,20.7,6.2,9.567881759844976,30.37036452795349
8039,27.5,32.07600021362305,67.0,0.0,20.8,5.6,27.801209399172766,35.84036281975183
8040,30.9,31.47599983215332,70.0,0.0,19.0,5.7,17.70290239560874,36.21087071868262
8041,17.3,31.47599983215332,70.0,0.0,19.4,6.1,25.980124063302476,25.094037218990742
8042,39.9,31.47599983215332,70.0,0.0,19.2,5.9,11.925824947046298,43.47774748411389
8043,18.1,31.47599983215332,70.0,0.0,20.9,6.0,27.076982421272888,26.223094726381866
8044,30.8,31.47599983215332,70.0,0.0,19.0,6.4,6.562679507756168,32.768803852326855
8045,34.7,31.47599983215332,70.0,0.0,19.0,5.6,18.830723445969518,40.34921703379086
8046,37.3,31.47599983215332,70.0,0.0,19.2,6.4,8.45406513191471,39.83621953957441
8047,29.3,31.47599983215332,70.0,0.0,20.0,5.7,24.26250683428149,36.57875205028445
8048,34.1,31.47599983215332,70.0,0.0,20.6,6.0,15.258833787879459,38.67765013636384
8049,36.1,31.47599983215332,70.0,0.0,19.4,6.3,19.532312394254042,41.95969371827621
8050,32.0,31.47599983215332,70.0,0.0,20.7,6.2,9.610122806279609,34.883036841883886
8051,38.9,31.47599983215332,70.0,0.0,19.2,6.3,15.552269651478232,43.56568089544347
8052,21.3,31.47599983215332,70.0,0.0,19.3,6.2,16.35089894643666,26.205269683931
8053,19.6,31.47599983215332,70.0,0.0,19.1,6.4,24.538831526665522,26.961649457999656
8054,17.6,31.47599983215332,70.0,0.0,20.6,5.9,13.62849182474836,21.68854754742451
8055,33.9,31.47599983215332,70.0,0.0,20.0,6.1,18.17277138816224,39.35183141644867
8056,33.9,31.47599983215332,70.0,0.0,20.4,6.0,7.423462851769975,36.12703885553099
8057,20.7,31.47599983215332,70.0,0.0,20.6,5.9,7.177075195174419,22.853122558552325
8058,33.7,31.47599983215332,70.0,0.0,20.2,5.7,10.243110808786387,36.77293324263592
8059,21.3,31.47599983215332,70.0,0.0,20.8,5.9,25.37049536412679,28.911148609238037
8060,21.2,31.47599983215332,70.0,0.0,20.7,6.1,25.56762562259702,28.870287686779104
8061,29.9,31.47599983215332,70.0,0.0,19.5,6.0,10.076835711758179,32.92305071352745
8062,22.1,31.47599983215332,70.0,0.0,19.0,6.0,22.980688449453957,28.994206534836188
8063,31.1,31.47599983215332,70.0,0.0,19.9,5.5,17.81860978904809,36.44558293671443
8064,34.6,31.47599983215332,70.0,0.0,20.5,5.8,27.542297537956347,42.862689261386905
8065,27.6,31.47599983215332,70.0,0.0,19.4,6.1,8.815974779224721,30.24479243376742
8066,38.1,31.47599983215332,70.0,0.0,20.2,5.8,9.344163160119965,40.903248948035994
8067,16.6,31.47599983215332,70.0,0.0,19.8,5.6,16.407263324598766,21.52217899737963
8068,37.7,31.47599983215332,70.0,0.0,19.3,5.6,14.407046985265263,42.02211409557958
8069,29.4,31.47599983215332,70.0,0.0,20.2,6.3,25.166811559367613,36.95004346781028
8070,25.2,31.47599983215332,70.0,0.0,20.5,6.3,28.918153393291814,33.87544601798754
8071,33.6,31.47599983215332,70.0,0.0,20.3,5.9,7.441156644432879,35.832346993329864
8072,33.4,31.47599983215332,70.0,0.0,20.0,6.3,27.251817766357053,41.575545329907115
8073,18.2,31.47599983215332,70.0,0.0,19.3,6.2,10.67423182969145,21.402269548907434
8074,28.4,31.47599983215332,70.0,0.0,19.9,5.6,5.891712658919236,30.16751379767577
8075,39.9,31.47599983215332,70.0,0.0,19.3,5.6,8.808817417785686,42.542645225335704
8076,19.3,31.47599983215332,70.0,0.0,19.9,6.4,7.532025808326874,21.559607742498063
8077,16.4,31.47599983215332,70.0,0.0,19.1,6.0,17.845902836815014,21.753770851044504
8078,26.7,31.47599983215332,70.0,0.0,19.1,6.3,20.91811168521062,32.97543350556319
8079,24.6,31.47599983215332,70.0,0.0,20.9,6.1,16.733202095040035,29.61996062851201
8080,34.7,31.47599983215332,70.0,0.0,20.6,5.9,21.875333805594643,41.2626001416784
8081,26.0,31.47599983215332,70.0,0.0,20.8,6.4,9.233763971489621,28.770129191446888
8082,29.1,31.47599983215332,70.0,0.0,19.6,5.9,11.766374123187553,32.629912236956265
8083,33.0,31.47599983215332,70.0,0.0,20.4,5.8,13.795850193939945,37.138755058181985
8084,35.4,31.47599983215332,70.0,0.0,20.8,5.9,21.529054312477754,41.85871629374333
8085,29.7,31.47599983215332,70.0,0.0,20.0,5.6,9.101325117555065,32.43039753526652
8086,21.2,31.47599983215332,70.0,0.0,19.5,6.5,17.902532242290796,26.570759672687238
8087,32.4,31.47599983215332,70.0,0.0,20.8,5.7,8.1914941067785,34.85744823203355
8088,34.3,31.47599983215332,70.0,0.0,20.1,5.9,7.272342353992487,36.481702706197744
8089,37.9,31.47599983215332,70.0,0.0,19.7,6.1,13.93285302713949,42.079855908141845
8090,31.4,31.47599983215332,70.0,0.0,20.9,5.8,27.317756692215614,39.59532700766468
8091,16.1,31.47599983215332,70.0,0.0,20.7,6.3,16.014394134849322,20.9043182404548
8092,18.1,31.47599983215332,70.0,0.0,19.6,5.5,5.8083933884137275,19.84251801652412
8093,18.1,31.47599983215332,70.0,0.0,19.2,6.4,17.2403866839667,23.27211600519001
8094,28.0,31.47599983215332,70.0,0.0,19.1,6.3,15.691431652605377,32.70742949578161
8095,18.9,31.47599983215332,70.0,0.0,20.9,5.7,26.16643754076535,26.7499312622296
8096,30.4,31.47599983215332,70.0,0.0,19.4,6.0,28.047174340497637,38.81415230214929
8097,15.3,31.47599983215332,70.0,0.0,20.0,6.2,27.58332960367503,23.57499888110251
8098,25.3,31.47599983215332,70.0,0.0,19.8,6.3,17.343409974419565,30.50302299232587
8099,15.8,31.47599983215332,70.0,0.0,20.7,6.5,10.424129231068578,18.927238769320574
8100,16.9,30.325998306274418,75.0,0.0,19.9,5.6,10.555580686799097,20.06667420603973
8101,19.2,30.325998306274418,75.0,0.0,19.7,6.4,25.606647686697055,26.881994306009116
8102,31.3,30.325998306274418,75.0,0.0,20.9,6.2,7.070316763804936,33.42109502914148
8103,21.1,30.325998306274418,75.0,0.0,20.6,6.2,24.40168056534733,28.4205041696042
8104,22.8,30.325998306274418,75.0,0.0,19.8,6.1,18.708781416467815,28.412634424940343
8105,37.9,30.325998306274418,75.0,0.0,19.5,6.1,24.683618048614075,45.30508541458422
8106,20.4,30.325998306274418,75.0,0.0,20.7,6.2,25.975016988086246,28.192505096425872
8107,33.5,30.325998306274418,75.0,0.0,20.6,5.9,15.749537445295084,38.22486123358853
8108,27.8,30.325998306274418,75.0,0.0,19.3,5.8,11.707618622266956,31.312285586680087
8109,31.6,30.325998306274418,75.0,0.0,19.4,5.6,10.096324638224075,34.62889739146723
8110,19.4,30.325998306274418,75.0,0.0,19.2,6.1,5.548702388117831,21.064610716435347
8111,15.9,30.325998306274418,75.0,0.0,20.6,6.1,16.178097258615836,20.75342917758475
8112,26.6,30.325998306274418,75.0,0.0,20.2,5.5,25.839937562549064,34.35198126876472
8113,24.1,30.325998306274418,75.0,0.0,19.2,6.4,26.18946215045717,31.956838645137154
8114,39.9,30.325998306274418,75.0,0.0,20.1,6.0,28.230161392203055,48.36904841766091
8115,22.6,30.325998306274418,75.0,0.0,19.6,6.0,7.718337866488849,24.915501359946656
8116,23.9,30.325998306274418,75.0,0.0,20.3,6.2,14.765205537602808,28.32956166128084
8117,22.9,30.325998306274418,75.0,0.0,20.6,6.1,17.794903272013464,28.23847098160404
8118,37.7,30.325998306274418,75.0,0.0,19.1,6.2,6.532968732087605,39.65989061962628
8119,23.8,30.325998306274418,75.0,0.0,20.4,6.2,25.050458401497977,31.315137520449394
8120,18.8,30.325998306274418,75.0,0.0,19.8,6.0,22.71300513284792,25.613901539854375
8121,20.2,30.325998306274418,75.0,0.0,19.1,6.1,23.227699938827637,27.168309981648292
8122,22.5,30.325998306274418,75.0,0.0,20.6,5.8,6.566636253661005,24.4699908760983
8123,37.2,30.325998306274418,75.0,0.0,20.8,5.7,10.893431971348898,40.46802959140467
8124,33.5,30.325998306274418,75.0,0.0,20.5,6.2,5.621329625178035,35.18639888755341
8125,16.2,30.325998306274418,75.0,0.0,19.5,5.5,14.405761364858932,20.52172840945768
8126,28.7,30.325998306274418,75.0,0.0,20.9,5.9,22.76298653315641,35.52889595994692
8127,37.0,30.325998306274418,75.0,0.0,19.7,6.4,11.440778049872744,40.43223341496182
8128,37.1,30.325998306274418,75.0,0.0,19.5,6.0,26.08789875225904,44.926369625677715
8129,34.7,30.325998306274418,75.0,0.0,19.2,5.9,9.246969992864605,37.474090997859385
8130,15.3,30.325998306274418,75.0,0.0,20.4,6.0,6.144025498767548,17.143207649630266
8131,34.3,30.325998306274418,75.0,0.0,19.5,6.0,21.686533227981084,40.80595996839432
8132,25.8,30.325998306274418,75.0,0.0,20.8,6.4,10.027220883766384,28.808166265129916
8133,17.2,30.325998306274418,75.0,0.0,19.3,5.8,11.720871093911953,20.716261328173584
8134,30.1,30.325998306274418,75.0,0.0,19.6,5.6,14.968112026445159,34.59043360793355
8135,25.6,30.325998306274418,75.0,0.0,19.8,6.0,26.765054135247304,33.62951624057419
8136,25.7,30.325998306274418,75.0,0.0,20.7,6.3,25.970071928743607,33.491021578623084
8137,23.7,30.325998306274418,75.0,0.0,20.3,5.6,24.468721652214786,31.040616495664434
8138,24.3,30.325998306274418,75.0,0.0,20.6,6.1,29.37790456655689,33.11337136996707
8139,16.7,30.325998306274418,75.0,0.0,19.7,6.1,23.69609588156109,23.808828764468327
8140,33.0,30.325998306274418,75.0,0.0,19.9,6.1,5.6280132972920045,34.6884039891876
8141,31.9,30.325998306274418,75.0,0.0,19.4,5.9,26.10618043970261,39.73185413191078
8142,37.8,30.325998306274418,75.0,0.0,19.6,5.9,25.659238541465193,45.49777156243955
8143,25.6,30.325998306274418,75.0,0.0,19.7,6.3,28.036744377096436,34.01102331312893
8144,23.4,30.325998306274418,75.0,0.0,19.2,5.9,19.90331560346671,29.37099468104001
8145,27.0,30.325998306274418,75.0,0.0,19.4,5.9,11.174118746781414,30.352235624034424
8146,15.7,30.325998306274418,75.0,0.0,20.4,6.0,11.839253647160318,19.251776094148095
8147,33.6,30.325998306274418,75.0,0.0,19.0,5.9,13.225022788242548,37.56750683647277
8148,30.3,30.325998306274418,75.0,0.0,20.9,6.5,7.099583653051315,32.42987509591539
8149,22.5,30.325998306274418,75.0,0.0,20.1,6.1,10.406709024439554,25.622012707331866
8150,27.9,30.325998306274418,75.0,0.0,20.0,5.6,10.844615483317522,31.153384644995256
8151,29.2,30.325998306274418,75.0,0.0,20.9,5.5,5.041666123348608,30.712499837004582
8152,30.0,30.325998306274418,75.0,0.0,20.2,6.2,13.39465937552631,34.018397812657895
8153,23.9,30.325998306274418,75.0,0.0,20.5,6.1,26.49506363959508,31.848519091878522
8154,20.5,30.325998306274418,75.0,0.0,20.8,6.4,11.76100625992321,24.028301877976965
8155,35.3,30.325998306274418,75.0,0.0,19.5,6.5,24.417227767747818,42.62516833032434
8156,16.2,30.325998306274418,75.0,0.0,19.5,5.7,26.160218301034334,24.0480654903103
8157,36.7,30.325998306274418,75.0,0.0,19.3,6.2,17.11722848707724,41.83516854612318
8158,39.7,30.325998306274418,75.0,0.0,19.4,5.6,15.790533201736979,44.4371599605211
8159,18.4,30.325998306274418,75.0,0.0,19.0,6.3,18.29384158061299,23.888152474183897
8160,38.3,29.325998306274418,80.0,0.0,19.1,6.1,13.610383824997319,42.38311514749919
8161,19.2,29.325998306274418,80.0,0.0,20.1,6.0,24.038156769284612,26.411447030785382
8162,39.5,29.325998306274418,80.0,0.0,19.7,6.0,24.121874657463323,46.736562397239
8163,35.7,29.325998306274418,80.0,0.0,20.2,6.0,21.10371165998389,42.03111349799517
8164,18.2,29.325998306274418,80.0,0.0,19.7,6.0,21.800907088945007,24.7402721266835
8165,35.5,29.325998306274418,80.0,0.0,20.0,6.1,29.78455468522678,44.43536640556803
8166,22.8,29.325998306274418,80.0,0.0,19.9,5.6,7.3821315996359065,25.01463947989077
8167,28.1,29.325998306274418,80.0,0.0,20.5,6.3,15.5989715781418,32.77969147344254
8168,21.2,29.325998306274418,80.0,0.0,19.0,5.6,29.28728752213964,29.98618625664189
8169,32.6,29.325998306274418,80.0,0.0,19.7,5.7,19.098284895832396,38.32948546874972
8170,25.8,29.325998306274418,80.0,0.0,20.0,5.9,25.447571113285747,33.43427133398573
8171,38.9,29.325998306274418,80.0,0.0,19.8,5.8,12.168452697874606,42.55053580936238
8172,37.2,29.325998306274418,80.0,0.0,21.0,5.9,28.910929483533042,45.873278845059914
8173,28.5,29.325998306274418,80.0,0.0,20.1,5.7,7.711699356232389,30.813509806869718
8174,16.6,29.325998306274418,80.0,0.0,20.5,6.0,5.280490675927172,18.184147202778153
8175,16.1,29.325998306274418,80.0,0.0,19.4,5.9,8.120915014540776,18.536274504362233
8176,31.1,29.325998306274418,80.0,0.0,20.9,6.1,16.191902097595726,35.95757062927872
8177,33.4,29.325998306274418,80.0,0.0,20.2,6.0,8.412744581233,35.923823374369896
8178,29.4,29.325998306274418,80.0,0.0,19.2,5.7,14.193867009751719,33.658160102925514
8179,39.1,29.325998306274418,80.0,0.0,20.6,5.6,5.032232527236323,40.609669758170895
8180,33.0,29.325998306274418,80.0,0.0,19.6,6.2,5.999112916605968,34.79973387498179
8181,15.4,29.325998306274418,80.0,0.0,20.0,6.3,10.047971152850689,18.414391345855208
8182,15.2,29.325998306274418,80.0,0.0,21.0,6.0,21.05354285880681,21.51606285764204
8183,32.5,29.325998306274418,80.0,0.0,20.6,5.6,8.845416260490827,35.15362487814725
8184,15.6,29.325998306274418,80.0,0.0,20.8,5.6,14.956431881930472,20.08692956457914
8185,24.9,29.325998306274418,80.0,0.0,19.7,5.9,7.158492525269204,27.04754775758076
8186,15.0,29.325998306274418,80.0,0.0,20.4,6.3,17.56595166739885,20.269785500219655
8187,25.3,29.325998306274418,80.0,0.0,20.4,5.6,23.44952404989222,32.33485721496767
8188,31.5,29.325998306274418,80.0,0.0,19.7,6.3,20.2000816595637,37.56002449786911
8189,27.4,29.325998306274418,80.0,0.0,20.6,5.8,19.393815819875748,33.218144745962725
8190,23.3,29.325998306274418,80.0,0.0,20.7,5.6,24.883237038698145,30.764971111609444
8191,31.4,29.325998306274418,80.0,0.0,19.5,6.5,29.943320062732855,40.38299601881985
8192,29.5,29.325998306274418,80.0,0.0,19.3,5.9,7.95714208090955,31.887142624272865
8193,36.9,29.325998306274418,80.0,0.0,20.7,6.3,12.104650688072265,40.53139520642168
8194,36.4,29.325998306274418,80.0,0.0,20.0,5.8,22.620152737359277,43.186045821207784
8195,37.5,29.325998306274418,80.0,0.0,20.7,6.1,13.739851920964414,41.621955576289324
8196,25.7,29.325998306274418,80.0,0.0,20.8,5.7,12.657836698312622,29.497351009493784
8197,17.5,29.325998306274418,80.0,0.0,19.6,6.3,8.040115857964087,19.912034757389225
8198,30.6,29.325998306274418,80.0,0.0,20.7,5.7,16.425616560267002,35.5276849680801
8199,17.1,29.325998306274418,80.0,0.0,20.5,6.5,22.967938007463587,23.990381402239077
8200,27.8,29.325998306274418,80.0,0.0,20.2,6.3,6.629314953342664,29.7887944860028
8201,26.0,29.325998306274418,80.0,0.0,19.5,5.6,25.324146410099008,33.5972439230297
8202,33.3,29.325998306274418,80.0,0.0,19.1,6.3,5.5047169072862765,34.95141507218588
8203,32.9,29.325998306274418,80.0,0.0,19.7,5.8,26.388955374205832,40.81668661226175
8204,33.6,29.325998306274418,80.0,0.0,20.8,5.5,28.255342718048613,42.07660281541459
8205,17.4,29.325998306274418,80.0,0.0,19.6,6.0,15.057460009340547,21.91723800280216
8206,28.6,29.325998306274418,80.0,0.0,19.2,6.3,12.138931525908557,32.24167945777257
8207,39.2,29.325998306274418,80.0,0.0,20.8,6.1,18.52541043125555,44.75762312937667
8208,26.7,29.325998306274418,80.0,0.0,20.8,5.6,27.811814745447332,35.0435444236342
8209,23.0,29.325998306274418,80.0,0.0,20.9,5.6,29.66779393894519,31.90033818168356
8210,39.7,29.325998306274418,80.0,0.0,19.4,6.4,25.587784626784174,47.37633538803526
8211,17.5,29.325998306274418,80.0,0.0,19.1,6.1,21.299660638675192,23.88989819160256
8212,29.7,29.325998306274418,80.0,0.0,20.5,5.9,22.01588937225445,36.30476681167633
8213,29.1,29.325998306274418,80.0,0.0,20.9,6.3,24.060321651599065,36.31809649547972
8214,23.5,29.325998306274418,80.0,0.0,19.6,5.9,9.668419300628472,26.400525790188542
8215,37.2,29.325998306274418,80.0,0.0,20.5,6.4,20.315072096297264,43.294521628889186
8216,37.3,29.325998306274418,80.0,0.0,19.4,6.1,27.508958903409766,45.55268767102292
8217,18.1,29.325998306274418,80.0,0.0,19.3,5.5,25.06436531761773,25.619309595285323
8218,16.5,29.325998306274418,80.0,0.0,19.4,6.2,5.174363835089231,18.05230915052677
8219,29.2,29.325998306274418,80.0,0.0,20.0,5.7,10.194741700800046,32.25842251024001
8220,17.6,28.775999069213867,83.0,0.0,20.3,6.5,8.233032461780835,20.069909738534253
8221,15.4,28.775999069213867,83.0,0.0,19.4,6.4,6.0555741941732695,17.216672258251982
8222,39.2,28.775999069213867,83.0,0.0,20.0,6.4,17.4140349573564,44.42421048720692
8223,15.0,28.775999069213867,83.0,0.0,20.0,6.0,7.668074923213909,17.300422476964172
8224,38.0,28.775999069213867,83.0,0.0,20.8,6.3,28.013861414563948,46.404158424369186
8225,31.1,28.775999069213867,83.0,0.0,20.9,6.3,28.526662500752906,39.65799875022587
8226,35.5,28.775999069213867,83.0,0.0,19.1,6.2,16.376470431944746,40.41294112958342
8227,21.7,28.775999069213867,83.0,0.0,20.0,6.0,19.057084422624094,27.41712532678723
8228,32.5,28.775999069213867,83.0,0.0,20.2,5.9,27.67928731451758,40.803786194355276
8229,27.8,28.775999069213867,83.0,0.0,19.2,5.6,7.4970859183615355,30.04912577550846
8230,18.6,28.775999069213867,83.0,0.0,19.2,6.0,23.67658774686973,25.70297632406092
8231,27.1,28.775999069213867,83.0,0.0,21.0,5.6,7.9725373112482885,29.491761193374487
8232,30.1,28.775999069213867,83.0,0.0,19.7,6.2,11.75310375587928,33.62593112676379
8233,35.2,28.775999069213867,83.0,0.0,20.0,5.7,15.96516033228837,39.989548099686516
8234,33.9,28.775999069213867,83.0,0.0,20.1,5.9,17.13497860274743,39.040493580824226
8235,19.2,28.775999069213867,83.0,0.0,19.3,6.1,28.885428897700585,27.865628669310176
8236,28.3,28.775999069213867,83.0,0.0,20.3,5.6,20.6627176129066,34.49881528387198
8237,37.8,28.775999069213867,83.0,0.0,20.0,6.4,15.219071791052384,42.365721537315714
8238,32.1,28.775999069213867,83.0,0.0,20.4,6.1,26.397779787050467,40.01933393611514
8239,37.1,28.775999069213867,83.0,0.0,19.3,5.8,12.906328863901216,40.971898659170364
8240,23.4,28.775999069213867,83.0,0.0,20.9,6.2,21.66821496601651,29.900464489804953
8241,31.0,28.775999069213867,83.0,0.0,19.9,5.8,29.14108367141816,39.74232510142545
8242,31.9,28.775999069213867,83.0,0.0,20.1,5.5,13.972085664237312,36.09162569927119
8243,28.6,28.775999069213867,83.0,0.0,20.4,6.0,28.267957327936408,37.080387198380926
8244,24.8,28.775999069213867,83.0,0.0,20.0,5.9,12.918611030387694,28.67558330911631
8245,18.3,28.775999069213867,83.0,0.0,19.2,6.3,11.666875516507679,21.800062654952303
8246,23.7,28.775999069213867,83.0,0.0,19.3,5.9,27.65022221633565,31.995066664900694
8247,15.1,28.775999069213867,83.0,0.0,19.2,6.4,21.407423127382486,21.522226938214747
8248,35.5,28.775999069213867,83.0,0.0,20.2,5.6,29.28425037912184,44.28527511373655
8249,31.6,28.775999069213867,83.0,0.0,20.7,5.8,6.580175113735407,33.574052534120625
8250,23.1,28.775999069213867,83.0,0.0,19.9,5.7,28.078797152602817,31.523639145780848
8251,21.0,28.775999069213867,83.0,0.0,20.6,6.2,11.488793209349625,24.446637962804886
8252,21.5,28.775999069213867,83.0,0.0,19.8,6.4,28.652331760732974,30.095699528219892
8253,33.6,28.775999069213867,83.0,0.0,20.0,6.0,12.59675193439093,37.37902558031728
8254,22.0,28.775999069213867,83.0,0.0,20.7,5.7,13.005726590477028,25.901717977143107
8255,36.5,28.775999069213867,83.0,0.0,19.7,5.5,6.612965750861653,38.48388972525849
8256,29.6,28.775999069213867,83.0,0.0,20.4,5.7,15.467580001910552,34.240274000573166
8257,25.2,28.775999069213867,83.0,0.0,20.0,6.1,21.468146762790905,31.640444028837273
8258,32.9,28.775999069213867,83.0,0.0,19.4,5.8,22.280393438436974,39.58411803153109
8259,19.0,28.775999069213867,83.0,0.0,19.7,5.6,10.596605927370025,22.178981778211007
8260,36.9,28.775999069213867,83.0,0.0,19.6,6.3,13.043494782208615,40.81304843466258
8261,31.0,28.775999069213867,83.0,0.0,19.7,5.6,10.204695030623334,34.061408509187004
8262,27.9,28.775999069213867,83.0,0.0,19.9,5.6,25.96076123942736,35.6882283718282
8263,17.9,28.775999069213867,83.0,0.0,19.9,5.9,7.225627186411019,20.067688155923303
8264,27.1,28.775999069213867,83.0,0.0,19.5,5.9,14.452782326834175,31.435834698050254
8265,16.7,28.775999069213867,83.0,0.0,20.5,6.1,11.784865646243235,20.23545969387297
8266,30.9,28.775999069213867,83.0,0.0,20.0,5.6,12.56318171438742,34.668954514316226
8267,26.4,28.775999069213867,83.0,0.0,20.7,5.7,25.707947005885355,34.112384101765606
8268,15.6,28.775999069213867,83.0,0.0,19.7,5.8,15.509561903689812,20.252868571106944
8269,36.2,28.775999069213867,83.0,0.0,20.3,5.5,14.05982840182133,40.4179485205464
8270,31.5,28.775999069213867,83.0,0.0,20.4,6.2,12.411739866128483,35.22352195983854
8271,23.4,28.775999069213867,83.0,0.0,19.0,6.0,15.249142953295845,27.974742885988753
8272,26.8,28.775999069213867,83.0,0.0,19.2,5.6,8.256916231759405,29.277074869527823
8273,19.9,28.775999069213867,83.0,0.0,20.1,5.7,26.013717931710477,27.70411537951314
8274,19.5,28.775999069213867,83.0,0.0,20.3,6.3,16.779832444243837,24.53394973327315
8275,29.3,28.775999069213867,83.0,0.0,20.0,6.2,20.390928364748493,35.41727850942455
8276,27.4,28.775999069213867,83.0,0.0,20.9,5.9,28.579233696703255,35.97377010901097
8277,33.5,28.775999069213867,83.0,0.0,20.0,5.6,21.543884287862422,39.96316528635872
8278,24.2,28.775999069213867,83.0,0.0,20.6,5.7,26.18185465258372,32.054556395775116
8279,31.9,28.775999069213867,83.0,0.0,19.5,6.4,26.658092804946392,39.89742784148392
8280,20.8,28.325998306274418,85.0,0.0,19.0,6.5,28.982403830573773,29.494721149172133
8281,16.9,28.325998306274418,85.0,0.0,19.6,6.4,8.408981274835407,19.422694382450622
8282,23.7,28.325998306274418,85.0,0.0,19.5,5.6,17.347868424436157,28.904360527330844
8283,28.4,28.325998306274418,85.0,0.0,20.8,6.3,23.174756601388314,35.352426980416496
8284,37.2,28.325998306274418,85.0,0.0,20.0,6.1,11.112740945529188,40.53382228365876
8285,19.4,28.325998306274418,85.0,0.0,20.6,6.1,17.858653827681113,24.757596148304334
8286,15.4,28.325998306274418,85.0,0.0,20.2,5.9,17.988693449573347,20.796608034872005
8287,37.3,28.325998306274418,85.0,0.0,20.9,5.9,12.107222853144757,40.93216685594342
8288,18.7,28.325998306274418,85.0,0.0,20.3,5.8,6.870693801467638,20.761208140440292
8289,29.6,28.325998306274418,85.0,0.0,19.0,5.9,27.275665351881354,37.7826996055644
8290,19.4,28.325998306274418,85.0,0.0,19.2,6.5,15.944720251227904,24.18341607536837
8291,31.3,28.325998306274418,85.0,0.0,20.9,6.0,28.310532637114072,39.79315979113422
8292,20.8,28.325998306274418,85.0,0.0,21.0,6.5,24.882544383823912,28.264763315147174
8293,35.8,28.325998306274418,85.0,0.0,20.9,6.2,17.036727902250618,40.91101837067518
8294,27.8,28.325998306274418,85.0,0.0,19.3,5.8,16.24111340619456,32.67233402185837
8295,16.5,28.325998306274418,85.0,0.0,20.0,6.0,11.593719857120895,19.978115957136268
8296,30.6,28.325998306274418,85.0,0.0,19.4,6.0,11.92876402961884,34.17862920888565
8297,33.5,28.325998306274418,85.0,0.0,19.1,6.3,6.6713734720189946,35.5014120416057
8298,25.5,28.325998306274418,85.0,0.0,19.4,6.0,8.126009015950057,27.937802704785017
8299,29.1,28.325998306274418,85.0,0.0,19.8,6.4,17.084397963472146,34.225319389041644
8300,24.5,28.325998306274418,85.0,0.0,19.6,6.4,27.704252843357633,32.81127585300729
8301,36.6,28.325998306274418,85.0,0.0,21.0,6.2,9.695005765798484,39.50850172973955
8302,23.6,28.325998306274418,85.0,0.0,20.4,5.7,13.606125021299748,27.681837506389925
8303,37.0,28.325998306274418,85.0,0.0,19.1,6.3,5.055788587238204,38.51673657617146
8304,37.7,28.325998306274418,85.0,0.0,20.2,5.5,6.158600547933034,39.547580164379916
8305,22.3,28.325998306274418,85.0,0.0,20.1,6.2,27.280116037907703,30.48403481137231
8306,38.4,28.325998306274418,85.0,0.0,20.6,5.6,13.365590358242697,42.40967710747281
8307,23.5,28.325998306274418,85.0,0.0,19.5,5.8,22.372758975924018,30.211827692777206
8308,36.6,28.325998306274418,85.0,0.0,20.3,5.5,5.313504407766807,38.19405132233004
8309,31.3,28.325998306274418,85.0,0.0,19.0,6.5,28.505738452652665,39.851721535795804
8310,21.2,28.325998306274418,85.0,0.0,20.9,5.9,23.112620920820213,28.133786276246063
8311,18.5,28.325998306274418,85.0,0.0,20.4,6.2,26.75388453375362,26.526165360126086
8312,29.7,28.325998306274418,85.0,0.0,19.7,6.1,16.286795371140528,34.58603861134216
8313,29.1,28.325998306274418,85.0,0.0,20.4,5.6,5.973291747389873,30.89198752421696
8314,32.7,28.325998306274418,85.0,0.0,19.8,5.8,5.556502164516673,34.366950649355005
8315,36.3,28.325998306274418,85.0,0.0,19.2,5.8,6.549324543110559,38.264797362933166
8316,30.4,28.325998306274418,85.0,0.0,20.8,5.6,29.772512381134163,39.331753714340245
8317,27.9,28.325998306274418,85.0,0.0,19.8,5.5,13.11694681585185,31.835084044755554
8318,18.6,28.325998306274418,85.0,0.0,20.3,6.3,26.64661594140127,26.59398478242038
8319,23.2,28.325998306274418,85.0,0.0,20.7,5.9,5.283375456370106,24.78501263691103
8320,22.5,28.325998306274418,85.0,0.0,20.8,5.6,18.234963260807042,27.970488978242113
8321,22.4,28.325998306274418,85.0,0.0,20.8,5.6,20.2544045681969,28.47632137045907
8322,33.1,28.325998306274418,85.0,0.0,20.7,6.0,20.307711569033998,39.192313470710204
8323,36.2,28.325998306274418,85.0,0.0,20.8,6.1,23.596598788082712,43.278979636424815
8324,23.7,28.325998306274418,85.0,0.0,19.3,6.1,21.832182729806096,30.249654818941828
8325,17.4,28.325998306274418,85.0,0.0,19.2,5.6,24.68323751551882,24.804971254655644
8326,17.6,28.325998306274418,85.0,0.0,19.3,6.1,22.455620687415223,24.33668620622457
8327,39.8,28.325998306274418,85.0,0.0,20.6,6.1,5.846704539668938,41.55401136190068
8328,22.4,28.325998306274418,85.0,0.0,19.5,5.9,10.733471235599126,25.620041370679736
8329,18.2,28.325998306274418,85.0,0.0,19.7,5.5,22.969738631578817,25.090921589473645
8330,36.2,28.325998306274418,85.0,0.0,20.5,6.2,17.234193217752008,41.37025796532561
8331,34.6,28.325998306274418,85.0,0.0,19.5,5.6,24.67379896004537,42.002139688013614
8332,38.9,28.325998306274418,85.0,0.0,20.5,5.8,14.101062555773476,43.13031876673204
8333,24.9,28.325998306274418,85.0,0.0,19.2,5.9,26.677217415086954,32.903165224526084
8334,36.7,28.325998306274418,85.0,0.0,20.8,5.9,15.115446194172648,41.2346338582518
8335,25.5,28.325998306274418,85.0,0.0,19.2,6.1,25.335814418533264,33.10074432555998
8336,37.7,28.325998306274418,85.0,0.0,20.5,6.1,25.994808629203263,45.49844258876098
8337,31.7,28.325998306274418,85.0,0.0,19.5,6.5,19.185678092350912,37.455703427705274
8338,19.4,28.325998306274418,85.0,0.0,20.4,6.1,13.678571396464957,23.503571418939487
8339,17.6,28.325998306274418,85.0,0.0,20.6,6.4,17.63531615801043,22.89059484740313
8340,19.1,27.97599983215332,87.0,0.0,19.5,5.6,18.509567394290734,24.65287021828722
8341,28.2,27.97599983215332,87.0,0.0,19.6,5.6,17.835215878463224,33.550564763538965
8342,21.6,27.97599983215332,87.0,0.0,19.3,6.3,15.574602919784084,26.272380875935227
8343,38.3,27.97599983215332,87.0,0.0,20.0,5.7,9.575128542200035,41.17253856266001
8344,22.6,27.97599983215332,87.0,0.0,21.0,6.0,19.111871586031302,28.333561475809393
8345,23.8,27.97599983215332,87.0,0.0,20.5,5.7,12.317433511587154,27.495230053476146
8346,36.1,27.97599983215332,87.0,0.0,20.9,5.8,19.8386488322913,42.05159464968739
8347,16.8,27.97599983215332,87.0,0.0,19.6,5.8,25.22290711409623,24.36687213422887
8348,31.3,27.97599983215332,87.0,0.0,19.5,6.1,24.151555172934295,38.54546655188029
8349,15.2,27.97599983215332,87.0,0.0,20.5,5.6,20.127016413716888,21.238104924115063
8350,16.2,27.97599983215332,87.0,0.0,19.9,5.5,28.66392051624034,24.7991761548721
8351,36.5,27.97599983215332,87.0,0.0,20.2,5.6,17.81767409240811,41.845302227722435
8352,28.0,27.97599983215332,87.0,0.0,19.1,6.4,28.78096073245689,36.634288219737066
8353,18.4,27.97599983215332,87.0,0.0,19.8,6.2,25.749846037515063,26.124953811254517
8354,20.4,27.97599983215332,87.0,0.0,19.1,6.1,22.15258290426483,27.04577487127945
8355,36.3,27.97599983215332,87.0,0.0,19.6,5.8,5.9226508486473355,38.076795254594195
8356,30.3,27.97599983215332,87.0,0.0,20.9,5.9,9.548565023354172,33.16456950700625
8357,17.3,27.97599983215332,87.0,0.0,19.4,6.0,16.606699267031512,22.282009780109455
8358,22.8,27.97599983215332,87.0,0.0,20.2,6.4,25.433266683613784,30.429980005084136
8359,16.6,27.97599983215332,87.0,0.0,20.8,5.7,22.716001926701903,23.41480057801057
8360,23.8,27.97599983215332,87.0,0.0,19.2,6.0,29.72465799164388,32.717397397493166
8361,19.3,27.97599983215332,87.0,0.0,19.6,6.3,9.513809686116648,22.154142905834995
8362,15.7,27.97599983215332,87.0,0.0,19.7,6.0,6.113406473080644,17.53402194192419
8363,22.0,27.97599983215332,87.0,0.0,19.2,6.5,25.920492677908776,29.77614780337263
8364,35.0,27.97599983215332,87.0,0.0,21.0,5.5,13.652979363593563,39.09589380907807
8365,33.9,27.97599983215332,87.0,0.0,19.9,6.5,27.647164512581234,42.19414935377437
8366,23.3,27.97599983215332,87.0,0.0,20.0,6.2,21.193708534354634,29.658112560306392
8367,28.2,27.97599983215332,87.0,0.0,20.0,6.3,10.39125858881612,31.317377576644834
8368,24.6,27.97599983215332,87.0,0.0,19.5,6.2,17.35007299807033,29.8050218994211
8369,38.5,27.97599983215332,87.0,0.0,20.9,6.2,18.300464788784854,43.99013943663546
8370,26.2,27.97599983215332,87.0,0.0,19.4,5.6,11.07136990018827,29.52141097005648
8371,19.3,27.97599983215332,87.0,0.0,19.4,6.4,26.540625360902865,27.26218760827086
8372,38.2,27.97599983215332,87.0,0.0,20.9,5.7,9.317458336872377,40.995237501061716
8373,34.6,27.97599983215332,87.0,0.0,20.4,5.9,17.307146904918604,39.79214407147558
8374,16.5,27.97599983215332,87.0,0.0,19.5,5.8,6.191489010366576,18.35744670310997
8375,35.6,27.97599983215332,87.0,0.0,20.6,5.9,17.470456147729784,40.84113684431894
8376,17.1,27.97599983215332,87.0,0.0,20.3,6.0,25.496257910391343,24.748877373117402
8377,36.3,27.97599983215332,87.0,0.0,19.4,6.1,12.813743725952055,40.14412311778561
8378,39.5,27.97599983215332,87.0,0.0,19.5,6.1,23.865571951323833,46.65967158539715
8379,32.8,27.97599983215332,87.0,0.0,19.7,6.4,6.29388759840599,34.688166279521795
8380,24.2,27.97599983215332,87.0,0.0,19.6,6.3,5.780643187633872,25.93419295629016
8381,16.9,27.97599983215332,87.0,0.0,19.4,6.3,10.275269745226488,19.982580923567944
8382,23.2,27.97599983215332,87.0,0.0,19.7,5.9,13.331907987799683,27.199572396339903
8383,17.5,27.97599983215332,87.0,0.0,19.3,6.2,17.192161675950548,22.657648502785165
8384,25.2,27.97599983215332,87.0,0.0,20.5,6.1,27.495637178598805,33.44869115357964
8385,21.0,27.97599983215332,87.0,0.0,19.8,5.7,16.24897470247079,25.874692410741236
8386,16.5,27.97599983215332,87.0,0.0,19.6,6.4,21.2718726787637,22.88156180362911
8387,35.8,27.97599983215332,87.0,0.0,20.8,5.6,21.850054060794488,42.35501621823834
8388,22.3,27.97599983215332,87.0,0.0,20.9,6.3,26.227650893386315,30.168295268015896
8389,23.9,27.97599983215332,87.0,0.0,20.6,5.9,8.446356412970259,26.433906923891076
8390,33.1,27.97599983215332,87.0,0.0,19.2,6.0,14.484109539138345,37.4452328617415
8391,25.7,27.97599983215332,87.0,0.0,20.6,6.0,25.41560041805168,33.324680125415505
8392,37.1,27.97599983215332,87.0,0.0,19.4,6.2,22.655461352367233,43.89663840571017
8393,30.5,27.97599983215332,87.0,0.0,19.5,6.4,12.576789476238325,34.2730368428715
8394,39.5,27.97599983215332,87.0,0.0,19.3,5.6,24.0119222879081,46.70357668637243
8395,34.4,27.97599983215332,87.0,0.0,20.1,6.2,22.055040682182852,41.01651220465485
8396,32.4,27.97599983215332,87.0,0.0,21.0,6.4,23.808185166078424,39.54245554982353
8397,20.2,27.97599983215332,87.0,0.0,19.8,6.4,28.852839365091015,28.8558518095273
8398,30.9,27.97599983215332,87.0,0.0,19.8,6.2,24.806413692019873,38.34192410760596
8399,26.5,27.97599983215332,87.0,0.0,19.2,5.6,21.440132198109133,32.93203965943274
8400,30.2,27.67599868774414,89.0,0.0,19.9,6.3,16.988816031584648,35.296644809475396
8401,38.1,27.67599868774414,89.0,0.0,20.3,6.3,13.41661247098117,42.12498374129435
8402,20.6,27.67599868774414,89.0,0.0,19.8,5.8,16.182465296549104,25.45473958896473
8403,16.1,27.67599868774414,89.0,0.0,19.6,5.9,11.166909238198148,19.450072771459446
8404,37.7,27.67599868774414,89.0,0.0,19.6,5.9,16.22207949156359,42.56662384746908
8405,21.3,27.67599868774414,89.0,0.0,20.3,6.3,11.865274644129554,24.859582393238867
8406,26.2,27.67599868774414,89.0,0.0,20.0,5.6,5.2611605258083465,27.778348157742503
8407,29.9,27.67599868774414,89.0,0.0,19.5,6.1,17.81107880879224,35.24332364263767
8408,35.8,27.67599868774414,89.0,0.0,20.1,6.1,21.449258760862644,42.23477762825879
8409,34.0,27.67599868774414,89.0,0.0,20.8,6.3,14.890068766450147,38.46702062993504
8410,16.8,27.67599868774414,89.0,0.0,20.8,6.1,19.323485135568063,22.59704554067042
8411,37.8,27.67599868774414,89.0,0.0,20.2,5.5,14.341673513345217,42.102502054003565
8412,29.1,27.67599868774414,89.0,0.0,20.6,6.2,29.32127033634001,37.896381100902005
8413,26.5,27.67599868774414,89.0,0.0,20.6,5.7,28.135486855881563,34.940646056764464
8414,26.5,27.67599868774414,89.0,0.0,21.0,5.7,8.756651390144299,29.12699541704329
8415,37.9,27.67599868774414,89.0,0.0,19.1,5.5,5.896038164100707,39.66881144923021
8416,22.7,27.67599868774414,89.0,0.0,20.7,5.8,9.664888597899758,25.599466579369928
8417,28.0,27.67599868774414,89.0,0.0,20.0,5.9,12.427372511385974,31.728211753415792
8418,32.6,27.67599868774414,89.0,0.0,19.9,6.0,23.684511583555892,39.70535347506677
8419,19.6,27.67599868774414,89.0,0.0,20.7,6.3,15.337157823899865,24.20114734716996
8420,33.0,27.67599868774414,89.0,0.0,20.5,5.9,18.269969300121392,38.480990790036415
8421,37.0,27.67599868774414,89.0,0.0,19.2,6.1,22.94779660270923,43.88433898081277
8422,31.5,27.67599868774414,89.0,0.0,20.9,5.9,7.748940041443548,33.824682012433065
8423,27.9,27.67599868774414,89.0,0.0,19.3,6.1,10.013681245840761,30.904104373752226
8424,22.6,27.67599868774414,89.0,0.0,19.9,5.9,11.9803682360501,26.194110470815033
8425,39.7,27.67599868774414,89.0,0.0,20.0,5.8,14.148911294626547,43.94467338838797
8426,36.8,27.67599868774414,89.0,0.0,20.1,6.1,25.39979666457439,44.41993899937231
8427,39.6,27.67599868774414,89.0,0.0,19.4,5.9,17.69543735142044,44.90863120542613
8428,31.6,27.67599868774414,89.0,0.0,20.0,5.6,17.836472384682622,36.95094171540479
8429,33.1,27.67599868774414,89.0,0.0,20.4,6.2,20.700798716978326,39.3102396150935
8430,18.2,27.67599868774414,89.0,0.0,20.2,6.2,29.878904987789777,27.16367149633693
8431,38.1,27.67599868774414,89.0,0.0,19.4,6.3,12.306752984819997,41.792025895446
8432,17.0,27.67599868774414,89.0,0.0,19.3,6.3,17.5587301566622,22.26761904699866
8433,34.7,27.67599868774414,89.0,0.0,20.4,6.4,9.467405164781576,37.54022154943448
8434,30.5,27.67599868774414,89.0,0.0,19.5,6.2,8.08504775004154,32.925514325012465
8435,26.9,27.67599868774414,89.0,0.0,19.1,6.0,11.893643454639136,30.46809303639174
8436,24.3,27.67599868774414,89.0,0.0,20.9,5.8,14.728353629569654,28.718506088870896
8437,33.3,27.67599868774414,89.0,0.0,20.1,6.5,29.387286733739526,42.11618602012186
8438,25.3,27.67599868774414,89.0,0.0,19.0,5.7,27.899894915722903,33.66996847471687
8439,28.2,27.67599868774414,89.0,0.0,19.6,6.4,19.508938946563894,34.05268168396917
8440,30.8,27.67599868774414,89.0,0.0,20.7,5.8,14.708521757885116,35.212556527365535
8441,17.6,27.67599868774414,89.0,0.0,19.9,6.1,18.67894212399778,23.203682637199336
8442,28.5,27.67599868774414,89.0,0.0,19.4,5.5,8.273233529446642,30.981970058833994
8443,18.2,27.67599868774414,89.0,0.0,19.6,5.7,14.80351819871884,22.64105545961565
8444,20.8,27.67599868774414,89.0,0.0,20.9,6.0,5.61729677165313,22.48518903149594
8445,30.1,27.67599868774414,89.0,0.0,19.0,6.1,21.141134571282773,36.44234037138483
8446,37.8,27.67599868774414,89.0,0.0,19.7,5.8,7.552762839999842,40.06582885199995
8447,29.7,27.67599868774414,89.0,0.0,19.8,6.5,11.489481961409785,33.14684458842294
8448,20.7,27.67599868774414,89.0,0.0,20.7,6.4,19.34595629745576,26.50378688923673
8449,35.7,27.67599868774414,89.0,0.0,19.7,6.1,26.900005080254306,43.77000152407629
8450,19.3,27.67599868774414,89.0,0.0,20.1,5.5,7.751839563721322,21.625551869116396
8451,36.7,27.67599868774414,89.0,0.0,20.9,6.4,6.964509911149448,38.78935297334484
8452,19.0,27.67599868774414,89.0,0.0,20.3,5.8,8.767498791022453,21.630249637306736
8453,36.5,27.67599868774414,89.0,0.0,20.3,6.5,12.303933679981395,40.19118010399442
8454,19.4,27.67599868774414,89.0,0.0,19.7,6.1,15.077666355875959,23.923299906762786
8455,32.2,27.67599868774414,89.0,0.0,19.6,6.3,22.289463736145727,38.88683912084372
8456,29.4,27.67599868774414,89.0,0.0,19.2,6.2,20.59150017408367,35.5774500522251
8457,16.3,27.67599868774414,89.0,0.0,20.9,5.6,20.95617730910181,22.586853192730544
8458,29.0,27.67599868774414,89.0,0.0,20.6,5.8,25.206528193871577,36.56195845816147
8459,36.1,27.67599868774414,89.0,0.0,20.9,6.3,18.473869101739155,41.642160730521745
8460,30.3,27.42599868774414,90.0,0.0,19.7,6.3,11.681759106582906,33.80452773197487
8461,20.9,27.42599868774414,90.0,0.0,19.4,5.8,6.454468602115461,22.836340580634637
8462,16.2,27.42599868774414,90.0,0.0,19.7,5.8,28.44977442350184,24.73493232705055
8463,17.5,27.42599868774414,90.0,0.0,20.4,5.9,14.272602021914949,21.781780606574486
8464,32.5,27.42599868774414,90.0,0.0,20.4,6.5,18.833150193932386,38.14994505817972
8465,23.7,27.42599868774414,90.0,0.0,19.0,6.0,17.43529994169959,28.930589982509876
8466,37.8,27.42599868774414,90.0,0.0,20.0,6.4,16.29912511049308,42.68973753314792
8467,39.9,27.42599868774414,90.0,0.0,20.9,6.4,9.860449578435311,42.858134873530595
8468,18.1,27.42599868774414,90.0,0.0,19.2,6.3,15.090999932454292,22.62729997973629
8469,15.9,27.42599868774414,90.0,0.0,19.6,6.1,28.081975706162414,24.324592711848723
8470,28.7,27.42599868774414,90.0,0.0,20.1,6.0,11.03088177359712,32.009264532079136
8471,16.6,27.42599868774414,90.0,0.0,19.3,5.6,24.488544549828866,23.94656336494866
8472,33.7,27.42599868774414,90.0,0.0,19.4,5.8,27.17806029646265,41.853418088938795
8473,26.9,27.42599868774414,90.0,0.0,19.8,6.4,14.73046229697069,31.319138689091204
8474,39.6,27.42599868774414,90.0,0.0,19.7,5.6,23.426465913242787,46.62793977397284
8475,15.1,27.42599868774414,90.0,0.0,19.0,6.2,13.90592002249624,19.271776006748873
8476,21.9,27.42599868774414,90.0,0.0,20.1,6.0,24.89923804925012,29.369771414775034
8477,36.5,27.42599868774414,90.0,0.0,19.5,6.3,24.82658995695389,43.947976987086165
8478,30.0,27.42599868774414,90.0,0.0,20.9,6.1,29.139142944177177,38.74174288325315
8479,19.1,27.42599868774414,90.0,0.0,20.3,5.6,12.656905106745818,22.897071532023745
8480,28.4,27.42599868774414,90.0,0.0,19.0,6.1,21.854978899223852,34.956493669767156
8481,22.8,27.42599868774414,90.0,0.0,20.3,6.5,21.875480132474667,29.3626440397424
8482,35.0,27.42599868774414,90.0,0.0,19.6,6.1,22.50049528245691,41.750148584737076
8483,16.0,27.42599868774414,90.0,0.0,19.1,5.8,6.964164873826019,18.089249462147805
8484,35.8,27.42599868774414,90.0,0.0,20.6,5.8,13.289180921434298,39.78675427643029
8485,23.3,27.42599868774414,90.0,0.0,19.9,5.7,6.445382642058979,25.233614792617693
8486,28.6,27.42599868774414,90.0,0.0,20.9,5.6,13.803983985792918,32.74119519573787
8487,26.5,27.42599868774414,90.0,0.0,20.1,6.1,13.737851317138375,30.621355395141514
8488,19.9,27.42599868774414,90.0,0.0,19.7,6.4,23.22234834956289,26.866704504868864
8489,27.6,27.42599868774414,90.0,0.0,19.3,5.8,28.19514034927545,36.05854210478264
8490,38.9,27.42599868774414,90.0,0.0,20.9,5.9,17.889237045284915,44.26677111358547
8491,35.9,27.42599868774414,90.0,0.0,20.6,6.5,19.18276521984584,41.65482956595375
8492,25.9,27.42599868774414,90.0,0.0,20.5,6.2,19.993066913054413,31.89792007391632
8493,28.4,27.42599868774414,90.0,0.0,20.2,5.8,11.714853772679946,31.91445613180398
8494,21.2,27.42599868774414,90.0,0.0,19.1,6.2,27.14815675594816,29.344447026784447
8495,36.7,27.42599868774414,90.0,0.0,20.0,5.6,22.35378170388299,43.4061345111649
8496,23.2,27.42599868774414,90.0,0.0,20.5,5.6,26.021277893936148,31.006383368180842
8497,25.8,27.42599868774414,90.0,0.0,19.7,6.0,11.367803711682384,29.210341113504715
8498,24.1,27.42599868774414,90.0,0.0,20.3,6.3,13.976657551187284,28.292997265356185
8499,33.4,27.42599868774414,90.0,0.0,20.6,6.0,13.077279054826873,37.32318371644806
8500,37.9,27.42599868774414,90.0,0.0,19.8,6.3,14.814680583193697,42.34440417495811
8501,22.5,27.42599868774414,90.0,0.0,20.1,5.9,9.872903450786914,25.461871035236076
8502,27.7,27.42599868774414,90.0,0.0,19.5,5.9,27.396010773776208,35.91880323213286
8503,18.6,27.42599868774414,90.0,0.0,20.4,5.6,17.275876495467422,23.782762948640226
8504,21.5,27.42599868774414,90.0,0.0,20.2,6.0,20.70592898893142,27.711778696679424
8505,36.4,27.42599868774414,90.0,0.0,19.7,6.1,14.323620131826369,40.69708603954791
8506,15.8,27.42599868774414,90.0,0.0,20.5,5.9,13.914210332006212,19.974263099601863
8507,20.7,27.42599868774414,90.0,0.0,20.4,5.7,25.12812320142024,28.23843696042607
8508,18.8,27.42599868774414,90.0,0.0,20.8,6.1,15.54127619104499,23.462382857313496
8509,32.7,27.42599868774414,90.0,0.0,19.0,6.0,28.642758161095486,41.29282744832865
8510,26.4,27.42599868774414,90.0,0.0,19.2,6.1,7.473391038940775,28.64201731168223
8511,33.7,27.42599868774414,90.0,0.0,19.7,5.6,6.906862047079636,35.77205861412389
8512,30.0,27.42599868774414,90.0,0.0,19.0,5.9,6.267495603565285,31.880248681069585
8513,30.8,27.42599868774414,90.0,0.0,19.9,6.2,29.432214224511107,39.629664267353334
8514,27.7,27.42599868774414,90.0,0.0,20.9,5.8,14.673424175905811,32.10202725277174
8515,16.2,27.42599868774414,90.0,0.0,20.6,6.5,6.650540562099784,18.195162168629935
8516,36.2,27.42599868774414,90.0,0.0,20.8,6.1,13.378986417277472,40.213695925183245
8517,32.7,27.42599868774414,90.0,0.0,19.9,6.2,18.16874967276195,38.150624901828586
8518,25.2,27.42599868774414,90.0,0.0,19.8,5.9,18.074955025298557,30.622486507589567
8519,16.1,27.42599868774414,90.0,0.0,19.2,6.5,21.52227126484679,22.556681379454037
8520,36.9,27.17599868774414,91.0,0.0,20.2,5.9,29.548259764732947,45.76447792941988
8521,23.0,27.17599868774414,91.0,0.0,20.4,6.0,18.601560528333138,28.58046815849994
8522,30.3,27.17599868774414,91.0,0.0,20.1,6.5,19.409893373685023,36.12296801210551
8523,30.3,27.17599868774414,91.0,0.0,19.0,6.5,27.023034568359613,38.40691037050789
8524,18.3,27.17599868774414,91.0,0.0,20.5,6.2,7.735414560505828,20.62062436815175
8525,25.9,27.17599868774414,91.0,0.0,19.6,6.1,29.50818922218061,34.752456766654184
8526,29.1,27.17599868774414,91.0,0.0,20.4,6.4,25.184796205842616,36.655438861752785
8527,16.9,27.17599868774414,91.0,0.0,19.0,6.3,26.517842502159308,24.85535275064779
8528,19.2,27.17599868774414,91.0,0.0,20.8,5.9,26.090138826213412,27.027041647864024
8529,26.3,27.17599868774414,91.0,0.0,19.1,6.0,25.188340680666112,33.856502204199835
8530,19.8,27.17599868774414,91.0,0.0,19.6,6.2,10.78560750958302,23.035682252874906
8531,24.8,27.17599868774414,91.0,0.0,20.5,6.3,21.852917099823706,31.355875129947112
8532,29.1,27.17599868774414,91.0,0.0,19.5,5.7,20.95468151696207,35.38640445508862
8533,18.9,27.17599868774414,91.0,0.0,20.8,6.1,8.010288338277228,21.30308650148317
8534,34.3,27.17599868774414,91.0,0.0,19.1,6.2,22.422548419710385,41.02676452591311
8535,34.4,27.17599868774414,91.0,0.0,20.3,6.4,7.5018341842904634,36.650550255287136
8536,21.0,27.17599868774414,91.0,0.0,20.0,5.7,26.7497488212684,29.02492464638052
8537,25.4,27.17599868774414,91.0,0.0,20.1,6.1,20.039713768221475,31.411914130466442
8538,23.3,27.17599868774414,91.0,0.0,20.9,5.7,26.24885737221602,31.174657211664808
8539,33.1,27.17599868774414,91.0,0.0,19.8,5.7,16.007768389570266,37.90233051687108
8540,29.8,27.17599868774414,91.0,0.0,20.1,6.1,24.202304007060572,37.06069120211817
8541,15.8,27.17599868774414,91.0,0.0,19.0,5.9,10.482613653689455,18.944784096106837
8542,30.1,27.17599868774414,91.0,0.0,19.1,5.7,11.179048983259023,33.453714694977705
8543,30.9,27.17599868774414,91.0,0.0,20.2,5.6,28.39425650933433,39.4182769528003
8544,36.5,27.17599868774414,91.0,0.0,20.1,6.1,7.227155063122496,38.66814651893675
8545,25.2,27.17599868774414,91.0,0.0,19.3,6.4,22.811098138463837,32.04332944153915
8546,26.8,27.17599868774414,91.0,0.0,19.2,5.9,24.33812974623966,34.101438923871896
8547,31.2,27.17599868774414,91.0,0.0,19.7,5.6,14.424916932352806,35.52747507970584
8548,18.2,27.17599868774414,91.0,0.0,20.4,6.1,18.16900959030003,23.65070287709001
8549,20.7,27.17599868774414,91.0,0.0,19.5,6.5,10.62290365847361,23.886871097542084
8550,17.0,27.17599868774414,91.0,0.0,20.9,6.3,24.543541491050366,24.36306244731511
8551,26.3,27.17599868774414,91.0,0.0,19.7,6.2,18.79149814986051,31.937449444958155
8552,37.7,27.17599868774414,91.0,0.0,20.1,6.4,23.004990304459817,44.60149709133795
8553,19.0,27.17599868774414,91.0,0.0,20.8,5.8,15.20005555580677,23.56001666674203
8554,33.3,27.17599868774414,91.0,0.0,20.4,5.9,5.644554834841848,34.993366450452555
8555,27.3,27.17599868774414,91.0,0.0,19.4,5.6,25.48645411519804,34.94593623455941
8556,26.2,27.17599868774414,91.0,0.0,19.5,5.7,12.992054225273101,30.09761626758193
8557,15.7,27.17599868774414,91.0,0.0,19.7,5.6,8.235884567535269,18.17076537026058
8558,31.1,27.17599868774414,91.0,0.0,20.6,6.1,20.934500021546388,37.380350006463914
8559,28.1,27.17599868774414,91.0,0.0,19.3,6.4,28.49131760358873,36.64739528107662
8560,36.9,27.17599868774414,91.0,0.0,21.0,6.3,9.764081316791486,39.82922439503744
8561,32.8,27.17599868774414,91.0,0.0,20.2,6.5,20.79205733639065,39.03761720091719
8562,34.7,27.17599868774414,91.0,0.0,19.9,5.6,27.350158973068744,42.90504769192063
8563,21.4,27.17599868774414,91.0,0.0,19.8,6.2,14.618364026467873,25.78550920794036
8564,24.5,27.17599868774414,91.0,0.0,19.7,5.6,19.27289893037995,30.281869679113985
8565,27.4,27.17599868774414,91.0,0.0,20.0,5.8,12.03429976840371,31.01028993052111
8566,38.7,27.17599868774414,91.0,0.0,20.2,6.3,12.169098121384057,42.35072943641522
8567,22.3,27.17599868774414,91.0,0.0,20.7,6.2,17.956621592149748,27.686986477644925
8568,20.6,27.17599868774414,91.0,0.0,21.0,6.0,27.559589475962742,28.867876842788824
8569,15.8,27.17599868774414,91.0,0.0,20.0,5.7,16.116307538815438,20.63489226164463
8570,35.3,27.17599868774414,91.0,0.0,19.6,5.7,23.782678334715364,42.4348035004146
8571,31.8,27.17599868774414,91.0,0.0,20.3,5.6,5.4692782432626945,33.44078347297881
8572,34.6,27.17599868774414,91.0,0.0,20.7,6.5,27.34838091996749,42.80451427599025
8573,30.3,27.17599868774414,91.0,0.0,19.4,5.8,18.069150211529703,35.720745063458914
8574,20.2,27.17599868774414,91.0,0.0,20.7,6.1,14.362934081206625,24.508880224361988
8575,36.4,27.17599868774414,91.0,0.0,19.5,6.2,7.075522610619066,38.52265678318572
8576,20.8,27.17599868774414,91.0,0.0,20.4,5.7,24.53707384783992,28.161122154351975
8577,31.5,27.17599868774414,91.0,0.0,19.3,6.3,20.918430985252158,37.775529295575645
8578,36.4,27.17599868774414,91.0,0.0,20.3,5.8,8.632765950803044,38.989829785240914
8579,20.6,27.17599868774414,91.0,0.0,20.1,6.3,5.6885927397528855,22.306577821925867
8580,16.5,26.875999450683594,92.0,0.0,20.3,6.3,28.29720850174691,24.98916255052407
8581,16.5,26.875999450683594,92.0,0.0,21.0,6.1,17.032818579511364,21.60984557385341
8582,38.2,26.875999450683594,92.0,0.0,19.4,5.9,7.628173556903657,40.4884520670711
8583,31.8,26.875999450683594,92.0,0.0,20.0,5.6,22.000852426130432,38.40025572783913
8584,21.7,26.875999450683594,92.0,0.0,19.2,5.7,6.364377186062102,23.60931315581863
8585,32.2,26.875999450683594,92.0,0.0,19.1,6.2,9.303061810182454,34.99091854305474
8586,36.8,26.875999450683594,92.0,0.0,19.0,5.7,21.80950349032976,43.342851047098925
8587,31.3,26.875999450683594,92.0,0.0,19.9,5.7,16.79047020323895,36.33714106097169
8588,33.7,26.875999450683594,92.0,0.0,19.1,6.4,19.25848777111871,39.47754633133562
8589,20.2,26.875999450683594,92.0,0.0,19.1,6.4,14.209535244622394,24.462860573386717
8590,37.4,26.875999450683594,92.0,0.0,20.5,5.7,9.300469619656832,40.19014088589705
8591,35.3,26.875999450683594,92.0,0.0,20.5,6.4,6.2787758684258215,37.18363276052774
8592,33.9,26.875999450683594,92.0,0.0,19.3,5.6,11.947666068850197,37.48429982065506
8593,39.0,26.875999450683594,92.0,0.0,20.4,6.3,25.54367833244347,46.66310349973304
8594,37.0,26.875999450683594,92.0,0.0,19.5,5.9,14.737125035292198,41.421137510587656
8595,21.0,26.875999450683594,92.0,0.0,19.9,6.1,5.253213001330566,22.57596390039917
8596,23.8,26.875999450683594,92.0,0.0,19.6,6.4,29.591451071535804,32.67743532146074
8597,25.6,26.875999450683594,92.0,0.0,20.8,6.0,24.19010414789076,32.85703124436723
8598,22.3,26.875999450683594,92.0,0.0,20.1,5.6,20.705480128430217,28.511644038529067
8599,35.5,26.875999450683594,92.0,0.0,19.8,5.9,21.538123780795374,41.961437134238615
8600,29.5,26.875999450683594,92.0,0.0,19.3,6.0,12.142588373304886,33.142776511991464
8601,35.1,26.875999450683594,92.0,0.0,21.0,5.5,29.078483932632746,43.823545179789825
8602,29.6,26.875999450683594,92.0,0.0,21.0,5.8,16.998381068636853,34.69951432059106
8603,16.3,26.875999450683594,92.0,0.0,21.0,6.0,28.90833577978051,24.972500733934154
8604,20.1,26.875999450683594,92.0,0.0,19.1,6.3,9.43886880750922,22.931660642252766
8605,18.4,26.875999450683594,92.0,0.0,19.1,5.8,13.196121577322268,22.35883647319668
8606,23.2,26.875999450683594,92.0,0.0,21.0,6.1,6.672751538897044,25.201825461669113
8607,35.8,26.875999450683594,92.0,0.0,20.0,5.7,11.725867918038109,39.31776037541143
8608,15.8,26.875999450683594,92.0,0.0,20.3,5.9,5.088616195185723,17.326584858555716
8609,17.6,26.875999450683594,92.0,0.0,19.3,5.6,20.796728259894607,23.839018477968384
8610,28.3,26.875999450683594,92.0,0.0,19.4,6.1,17.509508915520712,33.552852674656215
8611,37.1,26.875999450683594,92.0,0.0,20.6,6.3,23.042027792143188,44.01260833764296
8612,36.9,26.875999450683594,92.0,0.0,19.2,5.9,8.9572984693863,39.587189540815885
8613,31.2,26.875999450683594,92.0,0.0,19.7,5.5,9.523944021390792,34.057183206417236
8614,15.7,26.875999450683594,92.0,0.0,19.5,5.9,29.21816538206211,24.465449614618635
8615,17.6,26.875999450683594,92.0,0.0,19.1,6.1,23.264783469880516,24.579435040964157
8616,18.0,26.875999450683594,92.0,0.0,20.1,5.5,12.859699029518458,21.857909708855537
8617,16.6,26.875999450683594,92.0,0.0,19.5,5.7,10.21737484621272,19.665212453863816
8618,24.4,26.875999450683594,92.0,0.0,19.5,6.2,12.026487592813801,28.007946277844137
8619,15.7,26.875999450683594,92.0,0.0,20.4,5.9,13.200638079718663,19.6601914239156
8620,38.9,26.875999450683594,92.0,0.0,19.0,6.4,25.056185244652514,46.41685557339575
8621,29.6,26.875999450683594,92.0,0.0,20.8,5.9,16.15358203280726,34.44607460984218
8622,30.4,26.875999450683594,92.0,0.0,19.4,6.1,15.825290051284032,35.147587015385206
8623,38.3,26.875999450683594,92.0,0.0,19.1,6.2,23.169723305149706,45.25091699154491
8624,30.8,26.875999450683594,92.0,0.0,20.2,5.5,6.9591698025936,32.88775094077808
8625,36.5,26.875999450683594,92.0,0.0,19.6,6.2,6.978454322012007,38.5935362966036
8626,24.7,26.875999450683594,92.0,0.0,19.5,6.1,24.354571251570192,32.006371375471055
8627,32.0,26.875999450683594,92.0,0.0,20.8,5.8,12.279871589546993,35.6839614768641
8628,26.6,26.875999450683594,92.0,0.0,19.4,6.1,16.35138882866863,31.50541664860059
8629,17.8,26.875999450683594,92.0,0.0,20.4,6.4,29.510892301895616,26.653267690568683
8630,20.9,26.875999450683594,92.0,0.0,20.4,6.4,9.772850903065269,23.83185527091958
8631,24.2,26.875999450683594,92.0,0.0,20.9,6.0,17.09730574354548,29.329191723063644
8632,36.0,26.875999450683594,92.0,0.0,19.9,6.0,24.841542326418907,43.45246269792567
8633,26.6,26.875999450683594,92.0,0.0,19.9,5.7,12.477175802676628,30.34315274080299
8634,18.1,26.875999450683594,92.0,0.0,20.4,5.6,19.596602943481628,23.97898088304449
8635,17.6,26.875999450683594,92.0,0.0,20.7,6.3,21.00860877130546,23.90258263139164
8636,31.0,26.875999450683594,92.0,0.0,20.6,6.3,22.9239910057767,37.87719730173301
8637,17.4,26.875999450683594,92.0,0.0,20.6,5.6,22.93133921850991,24.279401765552972
8638,19.3,26.875999450683594,92.0,0.0,20.8,5.7,24.832695975785413,26.749808792735625
8639,17.6,26.875999450683594,92.0,0.0,20.7,6.2,14.449315171091625,21.93479455132749
8640,19.2,26.625999450683594,93.0,0.0,19.1,5.6,15.201009895648191,23.760302968694457
8641,25.2,26.625999450683594,93.0,0.0,20.1,6.2,26.885259703115693,33.26557791093471
8642,21.5,26.625999450683594,93.0,0.0,20.0,6.0,7.628032646173608,23.788409793852082
8643,27.7,26.625999450683594,93.0,0.0,20.8,6.3,14.857170175523637,32.15715105265709
8644,16.5,26.625999450683594,93.0,0.0,19.0,6.2,11.060275945010194,19.81808278350306
8645,31.8,26.625999450683594,93.0,0.0,19.8,5.9,12.41667211278947,35.525001633836844
8646,16.7,26.625999450683594,93.0,0.0,20.9,5.5,6.095895097628938,18.52876852928868
8647,23.1,26.625999450683594,93.0,0.0,19.4,6.0,17.932456898441465,28.47973706953244
8648,37.9,26.625999450683594,93.0,0.0,20.2,5.6,23.002166684603075,44.80065000538092
8649,31.1,26.625999450683594,93.0,0.0,19.7,5.9,13.855211664684987,35.256563499405495
8650,35.9,26.625999450683594,93.0,0.0,19.2,5.7,6.4612535224741094,37.838376056742234
8651,24.3,26.625999450683594,93.0,0.0,20.4,6.1,14.887013408033951,28.766104022410186
8652,28.1,26.625999450683594,93.0,0.0,19.9,6.0,11.366272186929447,31.509881656078836
8653,23.9,26.625999450683594,93.0,0.0,20.2,6.2,19.43252665093835,29.729757995281503
8654,20.4,26.625999450683594,93.0,0.0,20.7,5.9,12.763726299567727,24.229117889870317
8655,19.1,26.625999450683594,93.0,0.0,20.9,5.6,12.581526312698593,22.874457893809577
8656,24.5,26.625999450683594,93.0,0.0,19.6,6.0,18.86579445962566,30.1597383378877
8657,33.5,26.625999450683594,93.0,0.0,19.1,6.4,27.135494903558726,41.64064847106762
8658,30.4,26.625999450683594,93.0,0.0,20.9,5.6,18.41354338676371,35.92406301602911
8659,28.4,26.625999450683594,93.0,0.0,20.2,6.3,5.18992016549991,29.95697604964997
8660,26.3,26.625999450683594,93.0,0.0,19.3,6.4,16.61464746220241,31.284394238660724
8661,31.5,26.625999450683594,93.0,0.0,19.3,6.2,28.16222697818686,39.94866809345606
8662,30.8,26.625999450683594,93.0,0.0,20.3,5.9,14.879417950608902,35.26382538518267
8663,31.7,26.625999450683594,93.0,0.0,20.3,5.5,22.895034676217534,38.56851040286526
8664,31.0,26.625999450683594,93.0,0.0,19.8,6.4,11.482750361995787,34.444825108598735
8665,24.2,26.625999450683594,93.0,0.0,19.3,6.0,12.383048291782984,27.914914487534894
8666,33.3,26.625999450683594,93.0,0.0,20.4,5.9,15.146330097088295,37.84389902912648
8667,37.7,26.625999450683594,93.0,0.0,19.3,6.1,20.010253202862422,43.703075960858726
8668,28.0,26.625999450683594,93.0,0.0,19.4,5.8,13.820239197176086,32.146071759152825
8669,21.9,26.625999450683594,93.0,0.0,21.0,6.0,17.29341391219308,27.08802417365792
8670,26.3,26.625999450683594,93.0,0.0,20.5,5.7,22.147556394565264,32.94426691836958
8671,21.2,26.625999450683594,93.0,0.0,20.7,6.0,11.42122363854449,24.626367091563345
8672,32.5,26.625999450683594,93.0,0.0,19.8,5.9,7.974145751303431,34.892243725391026
8673,22.6,26.625999450683594,93.0,0.0,19.5,5.9,27.00051717859875,30.700155153579626
8674,25.6,26.625999450683594,93.0,0.0,20.8,6.1,24.601628236053294,32.98048847081599
8675,33.7,26.625999450683594,93.0,0.0,19.5,5.8,5.694006333500685,35.40820190005021
8676,31.1,26.625999450683594,93.0,0.0,20.5,6.4,14.584371539394548,35.475311461818364
8677,31.9,26.625999450683594,93.0,0.0,19.4,6.2,7.244769432087024,34.073430829626105
8678,19.4,26.625999450683594,93.0,0.0,19.8,5.6,15.363926683595237,24.009178005078567
8679,30.5,26.625999450683594,93.0,0.0,20.3,6.3,6.36839658571011,32.41051897571303
8680,19.8,26.625999450683594,93.0,0.0,20.4,6.1,23.718413445881414,26.915524033764424
8681,16.6,26.625999450683594,93.0,0.0,20.2,6.0,13.737494875525318,20.7212484626576
8682,18.8,26.625999450683594,93.0,0.0,19.5,5.8,18.756186429735404,24.426855928920624
8683,32.3,26.625999450683594,93.0,0.0,20.4,5.8,14.579804110156203,36.67394123304686
8684,16.9,26.625999450683594,93.0,0.0,20.0,5.9,8.6233625559796,19.487008766793878
8685,26.0,26.625999450683594,93.0,0.0,19.1,5.8,23.245479640361413,32.97364389210843
8686,34.8,26.625999450683594,93.0,0.0,19.7,6.4,27.096587545847182,42.92897626375415
8687,36.5,26.625999450683594,93.0,0.0,19.8,5.7,18.129032669172723,41.938709800751816
8688,37.5,26.625999450683594,93.0,0.0,20.8,6.2,16.13512538992571,42.34053761697771
8689,20.9,26.625999450683594,93.0,0.0,19.3,6.3,14.70439196945171,25.31131759083551
8690,20.8,26.625999450683594,93.0,0.0,19.0,6.0,23.006224334360088,27.701867300308027
8691,29.2,26.625999450683594,93.0,0.0,19.0,6.1,21.17979585289295,35.55393875586788
8692,24.3,26.625999450683594,93.0,0.0,20.7,5.6,23.23437382206086,31.27031214661826
8693,37.4,26.625999450683594,93.0,0.0,20.1,6.3,10.275305947357499,40.48259178420725
8694,26.0,26.625999450683594,93.0,0.0,19.5,6.3,22.448938904144644,32.73468167124339
8695,25.7,26.625999450683594,93.0,0.0,19.4,5.9,23.160296521269306,32.64808895638079
8696,38.7,26.625999450683594,93.0,0.0,20.1,6.2,25.143878286271946,46.24316348588159
8697,23.4,26.625999450683594,93.0,0.0,19.7,6.3,7.010145698903648,25.503043709671093
8698,37.6,26.625999450683594,93.0,0.0,19.3,5.8,7.8061996326767895,39.94185988980304
8699,30.6,26.625999450683594,93.0,0.0,19.0,5.7,12.325817648840125,34.29774529465204
8700,32.6,26.375999450683594,94.0,0.0,20.1,6.4,5.555000750588225,34.26650022517647
8701,31.0,26.375999450683594,94.0,0.0,19.8,6.2,17.069184595264353,36.120755378579304
8702,27.6,26.375999450683594,94.0,0.0,20.4,6.0,29.334090563739718,36.40022716912192
8703,26.7,26.375999450683594,94.0,0.0,20.2,5.7,15.398275163405449,31.319482549021636
8704,31.6,26.375999450683594,94.0,0.0,20.4,5.5,20.20647349463265,37.6619420483898
8705,32.1,26.375999450683594,94.0,0.0,19.5,5.9,5.199737282585069,33.65992118477552
8706,39.7,26.375999450683594,94.0,0.0,19.6,5.8,16.58065575529902,44.674196726589706
8707,20.1,26.375999450683594,94.0,0.0,20.1,6.3,16.545406021547105,25.063621806464134
8708,25.6,26.375999450683594,94.0,0.0,20.7,6.4,22.170815291296243,32.251244587388875
8709,30.2,26.375999450683594,94.0,0.0,20.9,6.3,10.353676872852489,33.306103061855744
8710,28.0,26.375999450683594,94.0,0.0,19.2,6.3,20.03614306256715,34.010842918770145
8711,30.7,26.375999450683594,94.0,0.0,20.8,5.8,23.200519028979468,37.660155708693836
8712,15.9,26.375999450683594,94.0,0.0,20.8,6.5,22.36516204674231,22.609548614022692
8713,21.5,26.375999450683594,94.0,0.0,20.6,6.2,8.086257401126788,23.925877220338037
8714,22.2,26.375999450683594,94.0,0.0,20.3,6.1,14.205789964127911,26.46173698923837
8715,29.8,26.375999450683594,94.0,0.0,20.7,5.5,16.282789101655894,34.68483673049677
8716,32.1,26.375999450683594,94.0,0.0,20.1,6.1,25.52219446603684,39.756658339811054
8717,18.1,26.375999450683594,94.0,0.0,19.9,5.9,7.150730414609258,20.24521912438278
8718,28.5,26.375999450683594,94.0,0.0,20.0,5.9,29.72274451765002,37.41682335529501
8719,34.3,26.375999450683594,94.0,0.0,20.4,5.9,9.296110061296886,37.08883301838906
8720,16.9,26.375999450683594,94.0,0.0,20.2,5.7,20.226207412184216,22.967862223655263
8721,37.2,26.375999450683594,94.0,0.0,19.4,6.2,23.009272702912817,44.10278181087385
8722,17.0,26.375999450683594,94.0,0.0,20.6,5.7,25.963162163736055,24.788948649120815
8723,19.4,26.375999450683594,94.0,0.0,19.4,5.8,20.148985275802083,25.44469558274062
8724,19.1,26.375999450683594,94.0,0.0,20.3,6.5,18.846949566292942,24.754084869887883
8725,26.9,26.375999450683594,94.0,0.0,19.5,5.9,21.542994406810106,33.36289832204303
8726,20.1,26.375999450683594,94.0,0.0,20.5,6.4,26.41328134597991,28.023984403793975
8727,22.9,26.375999450683594,94.0,0.0,19.0,6.0,14.501140712881915,27.250342213864574
8728,38.3,26.375999450683594,94.0,0.0,20.8,5.9,21.57434077064799,44.772302231194395
8729,33.1,26.375999450683594,94.0,0.0,20.2,5.9,27.203495943817256,41.26104878314518
8730,29.3,26.375999450683594,94.0,0.0,20.9,5.7,7.507860502827519,31.552358150848256
8731,19.8,26.375999450683594,94.0,0.0,19.7,5.8,16.188600206055572,24.656580061816673
8732,16.2,26.375999450683594,94.0,0.0,19.7,6.2,24.87706350735073,23.663119052205218
8733,15.3,26.375999450683594,94.0,0.0,19.4,6.1,20.646062861655185,21.493818858496557
8734,31.6,26.375999450683594,94.0,0.0,20.5,6.0,23.17896630553541,38.553689891660625
8735,36.7,26.375999450683594,94.0,0.0,19.5,6.4,20.412241989729054,42.82367259691872
8736,27.1,26.375999450683594,94.0,0.0,19.3,6.0,17.3047904373755,32.29143713121265
8737,15.5,26.375999450683594,94.0,0.0,19.0,5.7,5.485459335840502,17.14563780075215
8738,16.2,26.375999450683594,94.0,0.0,20.0,6.3,12.926752352154136,20.07802570564624
8739,38.8,26.375999450683594,94.0,0.0,20.2,5.6,23.225817634296728,45.767745290289014
8740,28.9,26.375999450683594,94.0,0.0,20.9,5.6,15.308330134925306,33.49249904047759
8741,18.4,26.375999450683594,94.0,0.0,19.3,5.9,23.075967665122857,25.322790299536855
8742,37.6,26.375999450683594,94.0,0.0,19.6,6.4,24.79613848056433,45.0388415441693
8743,38.2,26.375999450683594,94.0,0.0,19.2,6.4,23.48357617720303,45.24507285316091
8744,28.7,26.375999450683594,94.0,0.0,19.6,5.8,8.64040487898967,31.2921214636969
8745,39.4,26.375999450683594,94.0,0.0,19.1,5.6,15.592796951517647,44.077839085455295
8746,18.7,26.375999450683594,94.0,0.0,20.7,5.8,10.39316917824381,21.81795075347314
8747,31.9,26.375999450683594,94.0,0.0,19.8,6.0,24.94216285905683,39.382648857717044
8748,22.7,26.375999450683594,94.0,0.0,21.0,6.4,6.9801111753655425,24.794033352609663
8749,36.9,26.375999450683594,94.0,0.0,19.2,6.3,24.06215053418961,44.11864516025688
8750,35.5,26.375999450683594,94.0,0.0,21.0,6.0,7.410977053510119,37.723293116053036
8751,30.5,26.375999450683594,94.0,0.0,19.6,5.8,21.790657158273525,37.03719714748206
8752,20.2,26.375999450683594,94.0,0.0,20.5,6.1,27.569242186204267,28.47077265586128
8753,24.4,26.375999450683594,94.0,0.0,20.2,5.9,19.058707364991115,30.11761220949733
8754,17.2,26.375999450683594,94.0,0.0,19.0,5.9,5.385378577171294,18.81561357315139
8755,23.3,26.375999450683594,94.0,0.0,19.0,6.4,26.442853953210797,31.23285618596324
8756,38.3,26.375999450683594,94.0,0.0,20.0,5.8,27.99682111007216,46.69904633302164
8757,21.2,26.375999450683594,94.0,0.0,20.5,5.7,14.295363954755864,25.488609186426757
8758,33.6,26.375999450683594,94.0,0.0,19.2,6.3,14.792421766354357,38.03772652990631
8759,22.1,26.375999450683594,94.0,0.0,20.2,6.0,18.236719422236504,27.57101582667095
8760,30.1,26.22599983215332,94.0,0.0,20.8,5.7,14.399650708159527,34.41989521244786
8761,20.6,26.22599983215332,94.0,0.0,19.4,6.0,25.193570562428814,28.158071168728647
8762,19.6,26.22599983215332,94.0,0.0,19.1,6.0,6.778793952900173,21.633638185870055
8763,31.6,26.22599983215332,94.0,0.0,19.5,6.0,26.551686562612588,39.565505968783775
8764,34.2,26.22599983215332,94.0,0.0,20.9,5.9,23.846908900879477,41.35407267026385
8765,30.0,26.22599983215332,94.0,0.0,20.8,6.3,14.214408230366079,34.26432246910982
8766,16.7,26.22599983215332,94.0,0.0,21.0,5.6,19.577021766641924,22.573106529992575
8767,35.1,26.22599983215332,94.0,0.0,20.5,5.8,13.571093589528262,39.17132807685848
8768,22.0,26.22599983215332,94.0,0.0,20.8,6.3,14.818216689330725,26.445465006799218
8769,16.6,26.22599983215332,94.0,0.0,19.0,6.1,19.707475757360175,22.512242727208054
8770,24.7,26.22599983215332,94.0,0.0,19.8,6.2,10.632222889254582,27.889666866776373
8771,33.3,26.22599983215332,94.0,0.0,20.0,5.9,24.83099363651642,40.74929809095492
8772,36.8,26.22599983215332,94.0,0.0,20.1,6.3,15.064716053490717,41.319414816047214
8773,22.8,26.22599983215332,94.0,0.0,19.7,6.4,9.103202542849205,25.53096076285476
8774,33.2,26.22599983215332,94.0,0.0,19.8,6.0,28.358621610482874,41.707586483144865
8775,36.9,26.22599983215332,94.0,0.0,19.5,5.9,25.823210167622435,44.64696305028673
8776,33.0,26.22599983215332,94.0,0.0,20.2,6.0,18.399554335596015,38.51986630067881
8777,16.5,26.22599983215332,94.0,0.0,19.2,5.8,8.243432038331129,18.97302961149934
8778,18.7,26.22599983215332,94.0,0.0,20.2,6.2,12.433406897784725,22.430022069335415
8779,18.4,26.22599983215332,94.0,0.0,19.2,6.4,11.086436091991704,21.72593082759751
8780,35.3,26.22599983215332,94.0,0.0,20.0,6.4,28.26965450374606,43.780896351123815
8781,36.5,26.22599983215332,94.0,0.0,19.0,5.6,24.252163447186017,43.775649034155805
8782,22.1,26.22599983215332,94.0,0.0,19.7,6.5,28.796275500328036,30.73888265009841
8783,15.3,26.22599983215332,94.0,0.0,19.2,6.1,26.93524857989468,23.380574573968403
8784,22.9,26.22599983215332,94.0,0.0,19.3,6.4,28.62321851376864,31.48696555413059
8785,29.7,26.22599983215332,94.0,0.0,20.1,5.6,14.926348646681804,34.17790459400454
8786,32.7,26.22599983215332,94.0,0.0,19.5,5.9,24.513756083698844,40.054126825109655
8787,28.9,26.22599983215332,94.0,0.0,20.1,5.9,27.199576524318232,37.05987295729547
8788,19.5,26.22599983215332,94.0,0.0,20.6,5.7,29.71807937835123,28.41542381350537
8789,32.0,26.22599983215332,94.0,0.0,20.7,6.5,24.85118126919256,39.45535438075777
8790,32.7,26.22599983215332,94.0,0.0,20.0,5.9,8.837706719738112,35.35131201592144
8791,15.4,26.22599983215332,94.0,0.0,19.0,6.3,16.88135889774174,20.464407669322522
8792,19.9,26.22599983215332,94.0,0.0,19.0,6.1,10.801050227410155,23.140315068223046
8793,24.7,26.22599983215332,94.0,0.0,20.7,5.8,27.093166252789157,32.827949875836744
8794,39.3,26.22599983215332,94.0,0.0,19.2,6.3,23.19475982387365,46.25842794716209
8795,29.1,26.22599983215332,94.0,0.0,19.9,6.0,17.509845113581456,34.35295353407444
8796,27.3,26.22599983215332,94.0,0.0,19.2,6.5,14.328381604636618,31.598514481390986
8797,23.9,26.22599983215332,94.0,0.0,19.4,6.0,28.665221207826097,32.49956636234783
8798,24.0,26.22599983215332,94.0,0.0,20.7,5.8,13.460139946621945,28.038041983986584
8799,28.4,26.22599983215332,94.0,0.0,19.4,6.2,15.16602606395759,32.94980781918728
8800,20.3,26.22599983215332,94.0,0.0,20.2,6.0,10.768337795469403,23.53050133864082
8801,27.2,26.22599983215332,94.0,0.0,19.4,5.8,6.901455542721947,29.270436662816582
8802,18.3,26.22599983215332,94.0,0.0,20.3,6.2,9.463110152175283,21.138933045652585
8803,30.9,26.22599983215332,94.0,0.0,20.3,5.6,19.610324466979193,36.783097340093754
8804,34.4,26.22599983215332,94.0,0.0,20.5,6.2,11.274395939168091,37.782318781750426
8805,25.3,26.22599983215332,94.0,0.0,20.8,6.5,10.193433502953734,28.35803005088612
8806,37.3,26.22599983215332,94.0,0.0,20.0,5.6,23.782660095948994,44.4347980287847
8807,29.4,26.22599983215332,94.0,0.0,19.6,6.4,21.342912030139615,35.80287360904188
8808,20.2,26.22599983215332,94.0,0.0,19.0,6.4,29.66664359651421,29.099993078954263
8809,39.2,26.22599983215332,94.0,0.0,20.0,5.7,6.6587248787376385,41.19761746362129
8810,15.7,26.22599983215332,94.0,0.0,19.7,6.3,22.564290046872525,22.469287014061756
8811,37.1,26.22599983215332,94.0,0.0,20.5,5.5,16.236170842663306,41.970851252798994
8812,36.4,26.22599983215332,94.0,0.0,19.4,6.1,20.317326030162743,42.49519780904882
8813,18.7,26.22599983215332,94.0,0.0,19.6,5.9,8.425716396578409,21.227714918973522
8814,27.2,26.22599983215332,94.0,0.0,19.1,5.8,23.34087369139955,34.20226210741986
8815,25.7,26.22599983215332,94.0,0.0,20.3,5.9,28.88138965408883,34.36441689622665
8816,16.1,26.22599983215332,94.0,0.0,20.6,6.0,9.212635002744841,18.863790500823455
8817,24.4,26.22599983215332,94.0,0.0,20.6,6.1,20.269702611579564,30.480910783473867
8818,31.7,26.22599983215332,94.0,0.0,19.7,6.4,12.367140745911545,35.41014222377346
8819,24.4,26.22599983215332,94.0,0.0,20.6,5.7,23.271716413072056,31.381514923921614
8820,36.8,26.075998306274418,94.0,0.0,20.9,6.2,27.082079321286507,44.92462379638595
8821,19.0,26.075998306274418,94.0,0.0,20.9,5.7,21.661770916023553,25.498531274807064
8822,36.3,26.075998306274418,94.0,0.0,19.9,6.3,24.96559575383793,43.78967872615138
8823,26.2,26.075998306274418,94.0,0.0,19.8,5.6,16.812169316208887,31.243650794862667
8824,32.9,26.075998306274418,94.0,0.0,21.0,6.2,29.46187514640061,41.73856254392018
8825,26.5,26.075998306274418,94.0,0.0,20.4,5.8,7.330249653588298,28.69907489607649
8826,15.8,26.075998306274418,94.0,0.0,20.0,6.5,13.30544793123428,19.791634379370286
8827,19.1,26.075998306274418,94.0,0.0,20.0,5.7,12.910963129189245,22.973288938756774
8828,31.7,26.075998306274418,94.0,0.0,19.2,6.2,13.674481524638683,35.802344457391605
8829,35.5,26.075998306274418,94.0,0.0,20.9,5.9,5.875599186932751,37.26267975607983
8830,25.5,26.075998306274418,94.0,0.0,19.6,6.0,13.826251441951385,29.647875432585415
8831,22.0,26.075998306274418,94.0,0.0,19.4,6.4,25.701677471154856,29.71050324134646
8832,19.6,26.075998306274418,94.0,0.0,19.0,6.2,22.68476371761334,26.405429115284004
8833,28.5,26.075998306274418,94.0,0.0,20.4,5.8,5.696713063440091,30.209013919032028
8834,35.1,26.075998306274418,94.0,0.0,20.5,5.9,19.420881964878316,40.92626458946349
8835,19.6,26.075998306274418,94.0,0.0,20.7,5.6,12.881739553124337,23.464521865937304
8836,26.8,26.075998306274418,94.0,0.0,20.2,6.5,29.125192163230533,35.53755764896916
8837,29.6,26.075998306274418,94.0,0.0,21.0,5.7,21.659298295886913,36.097789488766075
8838,18.4,26.075998306274418,94.0,0.0,19.7,5.8,18.308111387781732,23.89243341633452
8839,20.1,26.075998306274418,94.0,0.0,21.0,5.7,8.070618117358478,22.521185435207546
8840,37.3,26.075998306274418,94.0,0.0,20.3,5.7,15.762119708382064,42.028635912514616
8841,18.0,26.075998306274418,94.0,0.0,21.0,5.9,16.596025942107143,22.978807782632142
8842,32.7,26.075998306274418,94.0,0.0,20.0,6.1,25.473823997905537,40.34214719937167
8843,16.2,26.075998306274418,94.0,0.0,20.0,6.0,5.9837076426556814,17.995112292796705
8844,18.3,26.075998306274418,94.0,0.0,20.1,5.9,5.5743235380715666,19.97229706142147
8845,18.1,26.075998306274418,94.0,0.0,19.6,6.5,15.763407940622702,22.829022382186814
8846,20.9,26.075998306274418,94.0,0.0,20.5,5.6,23.854378178781115,28.05631345363433
8847,37.4,26.075998306274418,94.0,0.0,19.0,5.9,20.821940788475764,43.64658223654273
8848,19.2,26.075998306274418,94.0,0.0,19.3,5.7,11.801534696637779,22.740460408991332
8849,36.2,26.075998306274418,94.0,0.0,19.6,5.5,20.901967597619098,42.47059027928573
8850,29.1,26.075998306274418,94.0,0.0,19.9,6.0,13.090909292654333,33.0272727877963
8851,17.9,26.075998306274418,94.0,0.0,20.7,5.7,6.949596808009077,19.98487904240272
8852,24.9,26.075998306274418,94.0,0.0,19.5,5.8,19.666244664358572,30.79987339930757
8853,39.9,26.075998306274418,94.0,0.0,20.2,5.5,8.00182931818749,42.300548795456244
8854,35.9,26.075998306274418,94.0,0.0,20.0,6.5,20.602216767648827,42.08066503029465
8855,16.2,26.075998306274418,94.0,0.0,20.9,6.5,9.654617706287864,19.09638531188636
8856,27.7,26.075998306274418,94.0,0.0,20.3,6.0,18.370695932465004,33.2112087797395
8857,30.2,26.075998306274418,94.0,0.0,20.9,5.7,9.981421756284266,33.19442652688528
8858,20.0,26.075998306274418,94.0,0.0,20.8,5.9,8.862141980736054,22.658642594220815
8859,33.9,26.075998306274418,94.0,0.0,20.3,5.7,23.54109272716301,40.9623278181489
8860,34.9,26.075998306274418,94.0,0.0,20.8,5.9,21.13548920039166,41.2406467601175
8861,23.9,26.075998306274418,94.0,0.0,20.0,6.3,15.52489041203616,28.55746712361085
8862,29.5,26.075998306274418,94.0,0.0,19.8,5.7,19.74751814757913,35.42425544427374
8863,18.9,26.075998306274418,94.0,0.0,20.5,6.4,22.475416729289744,25.642625018786923
8864,34.6,26.075998306274418,94.0,0.0,19.7,6.0,26.447260531868103,42.53417815956043
8865,36.6,26.075998306274418,94.0,0.0,19.3,5.9,13.522572191952097,40.65677165758563
8866,30.3,26.075998306274418,94.0,0.0,20.2,6.4,26.155364744797588,38.14660942343927
8867,30.5,26.075998306274418,94.0,0.0,19.0,6.1,19.989247145622713,36.496774143686814
8868,22.8,26.075998306274418,94.0,0.0,19.6,6.4,5.706185049187819,24.511855514756345
8869,26.1,26.075998306274418,94.0,0.0,20.4,6.4,12.43111134756644,29.82933340426993
8870,38.9,26.075998306274418,94.0,0.0,19.4,6.3,14.418918078516672,43.225675423555
8871,36.6,26.075998306274418,94.0,0.0,19.8,6.4,28.11807952662903,45.03542385798871
8872,24.6,26.075998306274418,94.0,0.0,19.2,5.5,9.316090424565413,27.394827127369624
8873,18.4,26.075998306274418,94.0,0.0,19.5,5.7,12.426613538119028,22.127984061435708
8874,15.1,26.075998306274418,94.0,0.0,20.2,6.2,18.315245040979406,20.59457351229382
8875,20.4,26.075998306274418,94.0,0.0,20.8,6.0,14.292792303301214,24.687837690990364
8876,29.3,26.075998306274418,94.0,0.0,19.9,5.9,20.90445061443243,35.571335184329726
8877,39.7,26.075998306274418,94.0,0.0,19.9,5.7,10.25102235522834,42.77530670656851
8878,21.6,26.075998306274418,94.0,0.0,20.2,6.3,5.384975880424091,23.21549276412723
8879,25.9,26.075998306274418,94.0,0.0,19.0,6.1,6.12152850727501,27.7364585521825
8880,37.0,26.125999450683594,94.0,0.0,20.6,5.9,24.60948632201872,44.382845896605616
8881,29.5,26.125999450683594,94.0,0.0,19.1,6.0,24.87094163597522,36.96128249079257
8882,32.1,26.125999450683594,94.0,0.0,20.4,5.8,11.86056162082085,35.658168486246254
8883,26.1,26.125999450683594,94.0,0.0,19.1,5.7,22.77369273118066,32.9321078193542
8884,38.2,26.125999450683594,94.0,0.0,20.0,5.9,14.366929694301836,42.51007890829055
8885,36.0,26.125999450683594,94.0,0.0,20.6,5.9,14.04177043009188,40.21253112902757
8886,19.2,26.125999450683594,94.0,0.0,19.6,5.8,25.75938884663414,26.92781665399024
8887,23.0,26.125999450683594,94.0,0.0,19.2,6.1,28.51791036608859,31.555373109826576
8888,32.9,26.125999450683594,94.0,0.0,20.8,5.6,17.73097310043918,38.21929193013175
8889,24.0,26.125999450683594,94.0,0.0,19.6,6.5,20.969916581038266,30.29097497431148
8890,22.8,26.125999450683594,94.0,0.0,19.9,5.7,11.747849189848335,26.324354756954502
8891,23.6,26.125999450683594,94.0,0.0,20.8,6.5,20.142067901325063,29.64262037039752
8892,26.8,26.125999450683594,94.0,0.0,19.6,6.4,24.38580238245942,34.115740714737825
8893,39.5,26.125999450683594,94.0,0.0,19.5,6.2,23.354993463590834,46.50649803907725
8894,17.3,26.125999450683594,94.0,0.0,20.4,5.9,13.684527409317047,21.405358222795115
8895,37.5,26.125999450683594,94.0,0.0,20.0,6.2,5.340966129904091,39.102289838971224
8896,24.4,26.125999450683594,94.0,0.0,19.2,5.8,14.809764592258608,28.84292937767758
8897,23.5,26.125999450683594,94.0,0.0,20.0,5.7,11.573635931516264,26.97209077945488
8898,32.4,26.125999450683594,94.0,0.0,19.3,6.0,15.54337983152469,37.06301394945741
8899,39.8,26.125999450683594,94.0,0.0,20.2,6.2,17.490811405610756,45.04724342168323
8900,29.7,26.125999450683594,94.0,0.0,20.8,6.5,11.179629418390443,33.053888825517134
8901,18.9,26.125999450683594,94.0,0.0,19.3,6.1,29.182644739835947,27.65479342195078
8902,36.7,26.125999450683594,94.0,0.0,19.2,5.6,10.958763449207444,39.987629034762236
8903,22.0,26.125999450683594,94.0,0.0,19.0,5.8,9.736173970121012,24.920852191036303
8904,20.3,26.125999450683594,94.0,0.0,20.2,6.4,11.0252622180574,23.607578665417222
8905,28.1,26.125999450683594,94.0,0.0,20.0,6.4,29.754361297624705,37.026308389287415
8906,24.1,26.125999450683594,94.0,0.0,20.5,6.0,10.969133072162066,27.39073992164862
8907,35.7,26.125999450683594,94.0,0.0,20.0,6.4,6.6895405777935855,37.70686217333808
8908,32.0,26.125999450683594,94.0,0.0,20.7,6.0,18.69504045749283,37.60851213724785
8909,38.4,26.125999450683594,94.0,0.0,19.7,5.6,27.93368412815018,46.78010523844505
8910,37.3,26.125999450683594,94.0,0.0,20.5,6.2,17.506329620186406,42.551898886055916
8911,20.9,26.125999450683594,94.0,0.0,19.9,5.9,25.95736955885208,28.687210867655622
8912,27.3,26.125999450683594,94.0,0.0,20.4,6.2,22.91829431540621,34.175488294621864
8913,21.9,26.125999450683594,94.0,0.0,19.5,6.3,20.928941099108926,28.178682329732677
8914,19.4,26.125999450683594,94.0,0.0,19.8,5.7,21.668875623633554,25.900662687090065
8915,39.6,26.125999450683594,94.0,0.0,19.5,6.2,13.549759582533795,43.66492787476014
8916,32.8,26.125999450683594,94.0,0.0,20.3,5.8,8.434186897871507,35.33025606936145
8917,34.1,26.125999450683594,94.0,0.0,20.5,5.5,29.301576253900144,42.890472876170044
8918,15.5,26.125999450683594,94.0,0.0,20.3,5.8,28.069208727195523,23.920762618158655
8919,30.3,26.125999450683594,94.0,0.0,20.3,6.4,5.566074359596796,31.96982230787904
8920,25.3,26.125999450683594,94.0,0.0,19.2,6.4,24.61622774509308,32.68486832352792
8921,35.2,26.125999450683594,94.0,0.0,19.9,5.9,11.216542886405948,38.564962865921785
8922,31.9,26.125999450683594,94.0,0.0,19.9,5.7,25.677877248631628,39.60336317458949
8923,22.6,26.125999450683594,94.0,0.0,19.4,5.9,18.54841705738856,28.16452511721657
8924,32.8,26.125999450683594,94.0,0.0,20.1,6.0,23.751027921910026,39.92530837657301
8925,33.4,26.125999450683594,94.0,0.0,21.0,6.0,10.881423286685465,36.66442698600564
8926,20.1,26.125999450683594,94.0,0.0,19.5,6.1,18.747710125498397,25.72431303764952
8927,17.4,26.125999450683594,94.0,0.0,20.7,5.8,12.089416010226739,21.02682480306802
8928,20.5,26.125999450683594,94.0,0.0,20.7,5.8,22.102328088390824,27.13069842651725
8929,21.4,26.125999450683594,94.0,0.0,19.6,6.2,19.53675858505092,27.261027575515275
8930,29.0,26.125999450683594,94.0,0.0,19.5,6.4,14.340384093136645,33.302115227940995
8931,35.9,26.125999450683594,94.0,0.0,20.6,5.7,9.243979900504716,38.67319397015142
8932,25.4,26.125999450683594,94.0,0.0,19.6,6.3,19.93350489847895,31.380051469543684
8933,39.3,26.125999450683594,94.0,0.0,19.3,6.5,12.577892910521395,43.073367873156414
8934,33.2,26.125999450683594,94.0,0.0,19.9,5.6,13.729722977077945,37.31891689312339
8935,24.8,26.125999450683594,94.0,0.0,20.1,6.1,14.675802960697272,29.20274088820918
8936,22.1,26.125999450683594,94.0,0.0,19.3,6.0,26.68023378862238,30.104070136586714
8937,37.8,26.125999450683594,94.0,0.0,20.8,6.4,19.067035740144945,43.52011072204348
8938,22.0,26.125999450683594,94.0,0.0,19.2,6.4,10.745874493934094,25.223762348180227
8939,16.6,26.125999450683594,94.0,0.0,20.0,5.8,14.17393017256026,20.85217905176808
8940,17.4,26.325998306274418,93.0,0.0,19.9,5.8,29.198388372439428,26.159516511731827
8941,38.8,26.325998306274418,93.0,0.0,19.0,6.0,19.330612198545154,44.59918365956354
8942,29.2,26.325998306274418,93.0,0.0,20.7,6.3,24.64099736024843,36.59229920807453
8943,20.0,26.325998306274418,93.0,0.0,20.1,6.2,14.20196836629632,24.260590509888896
8944,17.8,26.325998306274418,93.0,0.0,19.8,6.1,9.601820510769546,20.680546153230864
8945,32.4,26.325998306274418,93.0,0.0,20.4,5.7,14.579493294327623,36.773847988298286
8946,31.6,26.325998306274418,93.0,0.0,20.9,6.2,11.725981555251892,35.11779446657557
8947,16.5,26.325998306274418,93.0,0.0,20.4,6.2,28.150904875041846,24.94527146251255
8948,19.8,26.325998306274418,93.0,0.0,20.0,5.7,12.317280932244103,23.495184279673232
8949,21.1,26.325998306274418,93.0,0.0,20.4,6.3,24.038245670391042,28.311473701117315
8950,25.2,26.325998306274418,93.0,0.0,20.2,6.2,26.363552030565074,33.10906560916952
8951,33.4,26.325998306274418,93.0,0.0,19.9,5.7,16.901057003736547,38.47031710112096
8952,36.0,26.325998306274418,93.0,0.0,19.5,6.1,10.66280086209666,39.198840258629
8953,34.4,26.325998306274418,93.0,0.0,19.6,6.5,17.19330415117052,39.557991245351154
8954,39.7,26.325998306274418,93.0,0.0,19.7,5.7,17.526105384497583,44.95783161534928
8955,35.6,26.325998306274418,93.0,0.0,21.0,5.5,13.958694104694203,39.787608231408264
8956,29.0,26.325998306274418,93.0,0.0,20.0,6.2,22.00873188863862,35.602619566591585
8957,35.5,26.325998306274418,93.0,0.0,19.6,6.5,20.79849750889719,41.73954925266916
8958,19.6,26.325998306274418,93.0,0.0,19.2,6.1,23.5606174145531,26.66818522436593
8959,15.2,26.325998306274418,93.0,0.0,19.9,5.9,19.546377035850067,21.06391311075502
8960,30.0,26.325998306274418,93.0,0.0,20.4,5.7,12.157611338710637,33.647283401613194
8961,26.1,26.325998306274418,93.0,0.0,20.0,5.8,8.315798558750267,28.59473956762508
8962,25.3,26.325998306274418,93.0,0.0,19.1,6.3,9.137518629134382,28.041255588740317
8963,19.8,26.325998306274418,93.0,0.0,20.2,5.8,11.818839215351247,23.345651764605375
8964,22.1,26.325998306274418,93.0,0.0,19.7,6.3,22.41428972058793,28.82428691617638
8965,20.2,26.325998306274418,93.0,0.0,19.4,5.6,7.551935022105936,22.46558050663178
8966,25.7,26.325998306274418,93.0,0.0,19.4,5.6,26.93770831003085,33.78131249300925
8967,27.6,26.325998306274418,93.0,0.0,20.4,6.2,19.07042157109236,33.32112647132771
8968,36.2,26.325998306274418,93.0,0.0,20.8,5.6,15.729266832222628,40.91878004966679
8969,18.8,26.325998306274418,93.0,0.0,20.8,5.8,19.236183160097024,24.57085494802911
8970,24.8,26.325998306274418,93.0,0.0,20.6,5.9,29.98037636906715,33.794112910720145
8971,28.6,26.325998306274418,93.0,0.0,19.8,6.0,7.878949600509431,30.96368488015283
8972,36.5,26.325998306274418,93.0,0.0,19.1,6.3,10.881530860316936,39.76445925809508
8973,25.9,26.325998306274418,93.0,0.0,20.0,6.1,24.048444891231796,33.11453346736954
8974,27.9,26.325998306274418,93.0,0.0,20.3,6.1,19.36093829569449,33.708281488708344
8975,29.8,26.325998306274418,93.0,0.0,19.4,5.8,5.277683417194649,31.383305025158396
8976,16.6,26.325998306274418,93.0,0.0,20.0,5.7,12.365107353283683,20.309532205985107
8977,35.4,26.325998306274418,93.0,0.0,20.7,5.6,10.591941389533186,38.577582416859954
8978,16.7,26.325998306274418,93.0,0.0,19.1,6.2,23.7159028928969,23.81477086786907
8979,26.0,26.325998306274418,93.0,0.0,20.2,5.5,21.879089465719666,32.5637268397159
8980,36.5,26.325998306274418,93.0,0.0,19.2,6.5,18.97754986651823,42.19326495995547
8981,21.6,26.325998306274418,93.0,0.0,19.7,6.0,28.30766268516071,30.092298805548214
8982,34.1,26.325998306274418,93.0,0.0,21.0,5.6,8.99546559859098,36.79863967957729
8983,36.5,26.325998306274418,93.0,0.0,19.7,5.8,6.671097587327059,38.50132927619812
8984,17.4,26.325998306274418,93.0,0.0,20.4,5.7,17.352950764248554,22.605885229274563
8985,38.2,26.325998306274418,93.0,0.0,20.8,5.7,25.004438487482343,45.7013315462447
8986,25.1,26.325998306274418,93.0,0.0,19.5,5.7,28.338478220849794,33.60154346625494
8987,31.5,26.325998306274418,93.0,0.0,20.3,5.6,8.527931151220628,34.05837934536619
8988,38.9,26.325998306274418,93.0,0.0,19.5,6.0,8.011144905255753,41.303343471576724
8989,33.0,26.325998306274418,93.0,0.0,20.2,5.9,11.521505246888463,36.45645157406654
8990,26.8,26.325998306274418,93.0,0.0,19.4,6.2,11.331133864263217,30.199340159278965
8991,30.2,26.325998306274418,93.0,0.0,20.9,5.7,26.961296759007475,38.28838902770224
8992,19.2,26.325998306274418,93.0,0.0,20.3,6.1,29.04056826528937,27.91217047958681
8993,39.9,26.325998306274418,93.0,0.0,19.0,6.0,22.98552675172648,46.795658025517945
8994,16.8,26.325998306274418,93.0,0.0,20.1,6.4,16.331008607210862,21.69930258216326
8995,21.6,26.325998306274418,93.0,0.0,19.5,6.3,14.061991897262095,25.81859756917863
8996,32.0,26.325998306274418,93.0,0.0,19.5,6.3,13.342135559021616,36.00264066770649
8997,35.6,26.325998306274418,93.0,0.0,19.6,6.3,23.7602818697808,42.72808456093424
8998,26.4,26.325998306274418,93.0,0.0,20.5,5.6,20.707947970891468,32.61238439126744
8999,23.0,26.325998306274418,93.0,0.0,19.9,6.0,8.890663479744738,25.66719904392342
9000,37.6,26.625999450683594,92.0,0.0,20.3,5.6,28.235034470099418,46.07051034102983
9001,36.5,26.625999450683594,92.0,0.0,19.2,6.5,11.225449846966686,39.86763495409001
9002,36.3,26.625999450683594,92.0,0.0,19.7,6.5,14.270124248217751,40.581037274465324
9003,15.3,26.625999450683594,92.0,0.0,19.2,6.4,21.30189573527826,21.690568720583478
9004,18.3,26.625999450683594,92.0,0.0,19.7,6.4,14.077300162529648,22.523190048758895
9005,19.3,26.625999450683594,92.0,0.0,20.9,5.8,11.134137645889552,22.640241293766866
9006,26.3,26.625999450683594,92.0,0.0,20.7,6.4,8.319442164981414,28.795832649494425
9007,31.9,26.625999450683594,92.0,0.0,20.9,6.3,20.403723680472556,38.021117104141766
9008,15.3,26.625999450683594,92.0,0.0,20.8,6.3,15.56381323696396,19.96914397108919
9009,35.1,26.625999450683594,92.0,0.0,19.8,5.8,25.947223167067154,42.88416695012015
9010,27.3,26.625999450683594,92.0,0.0,20.1,5.7,15.321922384883928,31.89657671546518
9011,22.5,26.625999450683594,92.0,0.0,19.1,6.2,20.34370043170562,28.603110129511684
9012,31.3,26.625999450683594,92.0,0.0,19.2,5.6,16.94372633826712,36.383117901480134
9013,20.4,26.625999450683594,92.0,0.0,20.8,5.5,11.938110032874672,23.9814330098624
9014,21.1,26.625999450683594,92.0,0.0,19.4,5.8,21.773243539794848,27.631973061938456
9015,32.4,26.625999450683594,92.0,0.0,20.6,5.6,16.106091460878964,37.231827438263686
9016,25.6,26.625999450683594,92.0,0.0,20.5,6.3,22.38038877023197,32.314116631069595
9017,20.2,26.625999450683594,92.0,0.0,20.4,6.3,16.453240740239625,25.135972222071885
9018,36.8,26.625999450683594,92.0,0.0,20.8,5.8,24.772654710049313,44.23179641301479
9019,23.9,26.625999450683594,92.0,0.0,19.9,5.7,24.124134724578724,31.137240417373615
9020,30.3,26.625999450683594,92.0,0.0,20.7,5.6,22.10883159354588,36.932649478063766
9021,26.8,26.625999450683594,92.0,0.0,19.8,6.3,5.986319896570456,28.59589596897114
9022,33.7,26.625999450683594,92.0,0.0,19.4,6.4,29.111069499375752,42.43332084981273
9023,26.6,26.625999450683594,92.0,0.0,20.8,5.9,29.87538780180867,35.562616340542604
9024,24.3,26.625999450683594,92.0,0.0,20.9,6.0,8.145210128519308,26.74356303855579
9025,29.9,26.625999450683594,92.0,0.0,19.2,6.5,15.12763642097434,34.438290926292304
9026,37.6,26.625999450683594,92.0,0.0,19.3,6.2,6.77810983207696,39.63343294962309
9027,15.0,26.625999450683594,92.0,0.0,20.0,5.7,5.8114281863836865,16.743428455915105
9028,23.6,26.625999450683594,92.0,0.0,20.6,6.3,26.327501257852436,31.49825037735573
9029,36.9,26.625999450683594,92.0,0.0,19.9,6.4,17.14577894100278,42.04373368230083
9030,22.0,26.625999450683594,92.0,0.0,20.2,6.3,27.68376018129992,30.305128054389975
9031,26.0,26.625999450683594,92.0,0.0,20.7,6.0,8.362217737401894,28.50866532122057
9032,34.4,26.625999450683594,92.0,0.0,19.8,5.5,14.675236975400326,38.8025710926201
9033,37.8,26.625999450683594,92.0,0.0,19.8,5.6,10.877067090432735,41.06312012712982
9034,29.2,26.625999450683594,92.0,0.0,20.2,5.6,11.408644455196855,32.622593336559056
9035,29.7,26.625999450683594,92.0,0.0,20.9,5.6,29.20287010013719,38.46086103004116
9036,35.4,26.625999450683594,92.0,0.0,19.5,6.1,29.77800266913516,44.33340080074055
9037,37.6,26.625999450683594,92.0,0.0,20.3,5.7,5.601072118175866,39.28032163545276
9038,16.0,26.625999450683594,92.0,0.0,19.9,5.6,15.47004795255143,20.64101438576543
9039,33.8,26.625999450683594,92.0,0.0,20.9,6.1,14.504862470572636,38.15145874117179
9040,17.3,26.625999450683594,92.0,0.0,19.6,5.6,9.735107667325009,20.220532300197505
9041,21.4,26.625999450683594,92.0,0.0,20.7,5.9,21.42529008703006,27.827587026109015
9042,15.8,26.625999450683594,92.0,0.0,20.1,5.8,13.974094543700307,19.992228363110094
9043,29.0,26.625999450683594,92.0,0.0,20.7,6.0,24.690727140584098,36.40721814217523
9044,21.0,26.625999450683594,92.0,0.0,20.9,5.5,12.97792563858567,24.8933776915757
9045,28.0,26.625999450683594,92.0,0.0,20.9,6.3,27.464348539096306,36.23930456172889
9046,27.2,26.625999450683594,92.0,0.0,20.4,5.9,16.758043699821673,32.227413109946504
9047,32.8,26.625999450683594,92.0,0.0,20.5,6.1,7.192699983616711,34.95780999508501
9048,37.9,26.625999450683594,92.0,0.0,19.8,5.8,5.257480364076637,39.47724410922299
9049,19.2,26.625999450683594,92.0,0.0,19.2,6.2,7.1997902662117985,21.35993707986354
9050,19.6,26.625999450683594,92.0,0.0,21.0,5.8,10.056568872045005,22.616970661613504
9051,27.7,26.625999450683594,92.0,0.0,20.4,6.2,12.641464961469797,31.492439488440937
9052,29.7,26.625999450683594,92.0,0.0,19.1,6.2,9.685564399742521,32.605669319922754
9053,39.0,26.625999450683594,92.0,0.0,19.2,6.2,7.282530376618028,41.18475911298541
9054,25.6,26.625999450683594,92.0,0.0,20.8,6.3,29.351463556814114,34.405439067044234
9055,20.3,26.625999450683594,92.0,0.0,20.8,5.6,27.981502733928647,28.694450820178595
9056,16.2,26.625999450683594,92.0,0.0,19.2,5.7,21.822049496805704,22.74661484904171
9057,15.3,26.625999450683594,92.0,0.0,19.4,6.5,25.65337785442925,22.996013356328774
9058,20.0,26.625999450683594,92.0,0.0,20.7,6.3,6.123179545320232,21.83695386359607
9059,27.0,26.625999450683594,92.0,0.0,20.4,5.7,25.172983676547503,34.55189510296425
9060,21.8,27.075998306274418,90.0,0.0,19.8,6.0,27.973685690195897,30.19210570705877
9061,23.1,27.075998306274418,90.0,0.0,19.1,6.0,6.027770414392304,24.90833112431769
9062,20.5,27.075998306274418,90.0,0.0,19.8,5.8,15.160964874401444,25.048289462320433
9063,20.7,27.075998306274418,90.0,0.0,19.3,6.0,7.786456790715936,23.03593703721478
9064,22.2,27.075998306274418,90.0,0.0,19.1,6.0,14.998608710624806,26.69958261318744
9065,39.9,27.075998306274418,90.0,0.0,19.7,6.2,11.585002532972435,43.37550075989173
9066,17.5,27.075998306274418,90.0,0.0,20.4,6.0,13.732220526010787,21.619666157803238
9067,28.3,27.075998306274418,90.0,0.0,20.3,5.7,6.1704829593994495,30.151144887819836
9068,29.4,27.075998306274418,90.0,0.0,20.6,5.8,14.142788147675793,33.64283644430274
9069,34.8,27.075998306274418,90.0,0.0,20.0,5.5,15.460643792676514,39.438193137802955
9070,17.2,27.075998306274418,90.0,0.0,20.5,5.7,6.498644523957782,19.149593357187335
9071,31.8,27.075998306274418,90.0,0.0,20.1,6.0,15.546609573941131,36.46398287218234
9072,30.3,27.075998306274418,90.0,0.0,20.8,5.5,18.243467421354637,35.773040226406394
9073,18.7,27.075998306274418,90.0,0.0,19.8,6.0,29.672006229754135,27.601601868926238
9074,16.0,27.075998306274418,90.0,0.0,19.1,6.2,17.63909759088506,21.291729277265517
9075,29.2,27.075998306274418,90.0,0.0,20.8,5.9,26.83942774149029,37.25182832244708
9076,35.3,27.075998306274418,90.0,0.0,19.3,6.0,17.780751865031043,40.63422555950931
9077,32.8,27.075998306274418,90.0,0.0,19.2,6.2,12.355366957665204,36.506610087299556
9078,33.2,27.075998306274418,90.0,0.0,20.6,6.2,22.913496759075517,40.07404902772266
9079,18.6,27.075998306274418,90.0,0.0,19.6,6.3,22.728134214103047,25.418440264230917
9080,39.5,27.075998306274418,90.0,0.0,20.1,6.5,20.92824537159316,45.77847361147795
9081,25.1,27.075998306274418,90.0,0.0,19.3,5.9,22.674657115670456,31.90239713470114
9082,34.4,27.075998306274418,90.0,0.0,20.0,5.7,26.487644341105895,42.346293302331766
9083,16.8,27.075998306274418,90.0,0.0,20.4,6.0,19.86857792046074,22.760573376138222
9084,37.8,27.075998306274418,90.0,0.0,19.9,6.1,22.08917494974633,44.426752484923895
9085,29.8,27.075998306274418,90.0,0.0,19.5,6.3,18.908271117635053,35.47248133529052
9086,21.4,27.075998306274418,90.0,0.0,20.2,6.2,26.760536146473285,29.42816084394198
9087,22.8,27.075998306274418,90.0,0.0,19.2,5.7,10.2438328435289,25.87314985305867
9088,31.4,27.075998306274418,90.0,0.0,20.2,5.9,6.154998560022391,33.24649956800672
9089,26.6,27.075998306274418,90.0,0.0,20.8,5.7,21.82541330834681,33.147623992504045
9090,28.3,27.075998306274418,90.0,0.0,20.4,5.6,16.801489761358727,33.340446928407616
9091,27.2,27.075998306274418,90.0,0.0,20.7,6.0,6.115593036431522,29.034677910929457
9092,38.0,27.075998306274418,90.0,0.0,20.8,6.5,25.232335675129843,45.56970070253895
9093,19.2,27.075998306274418,90.0,0.0,19.9,6.2,16.035392034090606,24.01061761022718
9094,33.4,27.075998306274418,90.0,0.0,20.6,6.1,6.523626467321404,35.35708794019642
9095,21.2,27.075998306274418,90.0,0.0,19.8,6.0,25.865105490414752,28.959531647124425
9096,15.1,27.075998306274418,90.0,0.0,19.1,6.5,25.145680124846717,22.643704037454015
9097,21.5,27.075998306274418,90.0,0.0,19.2,5.8,26.652660899167465,29.49579826975024
9098,33.5,27.075998306274418,90.0,0.0,19.0,6.5,19.68512339132412,39.405537017397236
9099,21.6,27.075998306274418,90.0,0.0,20.8,5.8,16.623352877082098,26.58700586312463
9100,31.7,27.075998306274418,90.0,0.0,20.8,6.0,19.921406010424924,37.676421803127475
9101,34.4,27.075998306274418,90.0,0.0,20.9,6.3,16.99309255265667,39.497927765797
9102,39.8,27.075998306274418,90.0,0.0,19.0,5.7,27.570236583102947,48.07107097493088
9103,16.8,27.075998306274418,90.0,0.0,20.4,6.0,20.96948894962734,23.090846684888202
9104,39.3,27.075998306274418,90.0,0.0,20.2,6.4,24.0626307781746,46.51878923345238
9105,24.7,27.075998306274418,90.0,0.0,20.2,6.3,18.149946817457554,30.144984045237265
9106,26.0,27.075998306274418,90.0,0.0,19.8,6.4,29.43439001555929,34.83031700466779
9107,31.9,27.075998306274418,90.0,0.0,19.3,5.6,16.42092341318117,36.82627702395435
9108,17.6,27.075998306274418,90.0,0.0,19.9,6.2,20.533935106754683,23.760180532026407
9109,23.9,27.075998306274418,90.0,0.0,21.0,5.5,26.418473126349788,31.825541937904934
9110,26.0,27.075998306274418,90.0,0.0,19.2,6.3,16.69584433684235,31.008753301052703
9111,20.8,27.075998306274418,90.0,0.0,20.2,5.8,21.452150640936562,27.23564519228097
9112,16.6,27.075998306274418,90.0,0.0,20.4,6.1,29.796934986375703,25.539080495912714
9113,26.0,27.075998306274418,90.0,0.0,19.4,5.6,6.14081768750664,27.842245306251993
9114,34.6,27.075998306274418,90.0,0.0,20.9,5.8,11.117585265976633,37.93527557979299
9115,39.6,27.075998306274418,90.0,0.0,19.4,5.6,10.5937842754374,42.77813528263122
9116,35.0,27.075998306274418,90.0,0.0,20.6,6.5,16.060785505614543,39.81823565168436
9117,18.6,27.075998306274418,90.0,0.0,19.6,6.0,5.876545320077265,20.36296359602318
9118,30.5,27.075998306274418,90.0,0.0,20.9,6.2,18.352561369558096,36.00576841086743
9119,39.2,27.075998306274418,90.0,0.0,20.3,6.4,19.45641605179701,45.03692481553911
9120,22.5,27.625999450683594,88.0,0.0,19.4,5.8,12.356553084183759,26.206965925255126
9121,39.5,27.625999450683594,88.0,0.0,19.1,5.6,17.12591890998212,44.637775672994636
9122,35.9,27.625999450683594,88.0,0.0,20.4,6.4,18.845042086983725,41.55351262609511
9123,36.5,27.625999450683594,88.0,0.0,20.7,5.6,20.44185403280407,42.63255620984122
9124,35.5,27.625999450683594,88.0,0.0,19.9,6.1,18.80084891399573,41.140254674198715
9125,18.8,27.625999450683594,88.0,0.0,19.1,6.0,14.145218882935252,23.043565664880575
9126,17.4,27.625999450683594,88.0,0.0,19.7,6.3,28.104191798268616,25.831257539480582
9127,30.5,27.625999450683594,88.0,0.0,19.6,6.5,29.60408350415288,39.38122505124586
9128,29.9,27.625999450683594,88.0,0.0,19.3,6.0,15.397509574683838,34.51925287240515
9129,28.2,27.625999450683594,88.0,0.0,20.7,5.6,20.114107340648218,34.23423220219446
9130,22.8,27.625999450683594,88.0,0.0,19.9,6.5,27.408609764163597,31.02258292924908
9131,22.6,27.625999450683594,88.0,0.0,21.0,5.6,8.851839787803712,25.255551936341114
9132,19.7,27.625999450683594,88.0,0.0,20.9,6.0,15.352572933050658,24.3057718799152
9133,18.4,27.625999450683594,88.0,0.0,20.4,6.0,5.827315056468403,20.14819451694052
9134,19.1,27.625999450683594,88.0,0.0,19.2,5.5,13.451723508878557,23.135517052663566
9135,38.7,27.625999450683594,88.0,0.0,19.4,6.0,15.249405212391045,43.27482156371732
9136,17.8,27.625999450683594,88.0,0.0,19.5,5.6,29.39429142638202,26.618287427914606
9137,34.5,27.625999450683594,88.0,0.0,19.2,5.9,20.65115771373725,40.69534731412117
9138,28.7,27.625999450683594,88.0,0.0,20.9,6.3,15.784139638705318,33.4352418916116
9139,29.5,27.625999450683594,88.0,0.0,20.0,6.0,11.856101306320479,33.05683039189614
9140,34.2,27.625999450683594,88.0,0.0,19.6,6.2,13.804758750823385,38.34142762524702
9141,20.7,27.625999450683594,88.0,0.0,20.1,6.2,20.08769853364203,26.72630956009261
9142,17.2,27.625999450683594,88.0,0.0,20.3,6.4,29.05653949206084,25.91696184761825
9143,38.2,27.625999450683594,88.0,0.0,20.1,6.5,9.143104593553351,40.94293137806601
9144,33.8,27.625999450683594,88.0,0.0,19.4,5.6,29.37322521946219,42.611967565838654
9145,24.2,27.625999450683594,88.0,0.0,19.6,6.3,8.837997212692365,26.85139916380771
9146,31.6,27.625999450683594,88.0,0.0,21.0,6.2,9.95195343533551,34.58558603060065
9147,33.5,27.625999450683594,88.0,0.0,21.0,6.5,16.309723453701068,38.39291703611032
9148,24.8,27.625999450683594,88.0,0.0,20.5,5.6,13.5019719637967,28.85059158913901
9149,36.0,27.625999450683594,88.0,0.0,20.3,6.3,24.331932682353827,43.29957980470615
9150,31.1,27.625999450683594,88.0,0.0,19.4,5.9,15.837121475078316,35.8511364425235
9151,20.4,27.625999450683594,88.0,0.0,19.2,6.0,9.799530291714882,23.339859087514462
9152,29.1,27.625999450683594,88.0,0.0,19.3,6.0,9.750681186285055,32.02520435588552
9153,27.8,27.625999450683594,88.0,0.0,19.8,6.4,15.602105489659627,32.48063164689789
9154,33.7,27.625999450683594,88.0,0.0,19.1,6.0,13.791256292644235,37.837376887793276
9155,22.8,27.625999450683594,88.0,0.0,19.7,5.6,5.4662571196186045,24.43987713588558
9156,24.2,27.625999450683594,88.0,0.0,21.0,6.0,15.831366543637069,28.94940996309112
9157,21.1,27.625999450683594,88.0,0.0,19.1,6.1,13.484174809387381,25.145252442816215
9158,18.4,27.625999450683594,88.0,0.0,20.4,5.6,16.685185057666637,23.405555517299987
9159,34.6,27.625999450683594,88.0,0.0,20.8,6.1,8.608707888555987,37.1826123665668
9160,24.9,27.625999450683594,88.0,0.0,20.0,6.4,18.198355528241144,30.35950665847234
9161,18.4,27.625999450683594,88.0,0.0,19.4,6.2,5.044475882007752,19.913342764602323
9162,22.3,27.625999450683594,88.0,0.0,20.1,5.8,29.100078232703154,31.03002346981095
9163,36.8,27.625999450683594,88.0,0.0,20.2,6.2,17.456700819900306,42.03701024597009
9164,21.0,27.625999450683594,88.0,0.0,19.8,6.4,17.235834174643973,26.17075025239319
9165,26.0,27.625999450683594,88.0,0.0,19.8,6.2,11.54935643139134,29.464806929417403
9166,15.9,27.625999450683594,88.0,0.0,19.3,6.0,17.814667972174615,21.244400391652384
9167,30.9,27.625999450683594,88.0,0.0,19.8,6.4,27.798920376026977,39.23967611280809
9168,40.0,27.625999450683594,88.0,0.0,19.9,5.8,10.513976284617462,43.154192885385235
9169,24.9,27.625999450683594,88.0,0.0,19.7,5.6,5.441734838458224,26.532520451537465
9170,17.8,27.625999450683594,88.0,0.0,19.0,5.7,28.023114402337967,26.206934320701393
9171,34.9,27.625999450683594,88.0,0.0,20.7,5.8,12.903200202188692,38.770960060656606
9172,38.2,27.625999450683594,88.0,0.0,20.9,5.5,13.585396795648148,42.275619038694444
9173,26.2,27.625999450683594,88.0,0.0,19.7,6.3,24.322379657747778,33.496713897324334
9174,32.2,27.625999450683594,88.0,0.0,19.1,6.5,24.855545177608995,39.6566635532827
9175,27.7,27.625999450683594,88.0,0.0,20.6,5.7,28.40971385593516,36.22291415678055
9176,28.2,27.625999450683594,88.0,0.0,20.8,6.5,25.635859327820253,35.89075779834607
9177,31.2,27.625999450683594,88.0,0.0,20.4,6.2,18.51345262463049,36.75403578738914
9178,18.7,27.625999450683594,88.0,0.0,19.1,6.0,5.282926967338717,20.284878090201616
9179,29.6,27.625999450683594,88.0,0.0,19.5,5.8,21.623172575330948,36.086951772599285
9180,36.0,28.325998306274418,85.0,0.0,20.9,5.9,28.542432662688004,44.5627297988064
9181,19.8,28.325998306274418,85.0,0.0,19.6,5.9,27.59158935741559,28.077476807224677
9182,31.7,28.325998306274418,85.0,0.0,20.2,5.8,21.813298005044572,38.243989401513375
9183,29.1,28.325998306274418,85.0,0.0,20.3,6.2,11.522977309113536,32.556893192734066
9184,37.9,28.325998306274418,85.0,0.0,20.5,6.4,25.167530241151486,45.450259072345446
9185,23.9,28.325998306274418,85.0,0.0,20.1,5.9,17.915110368606307,29.274533110581892
9186,22.1,28.325998306274418,85.0,0.0,20.3,5.7,27.66245574801137,30.398736724403413
9187,23.1,28.325998306274418,85.0,0.0,20.5,5.6,15.392299314846836,27.717689794454053
9188,31.2,28.325998306274418,85.0,0.0,20.2,5.7,25.455028372342525,38.83650851170276
9189,17.7,28.325998306274418,85.0,0.0,20.0,6.1,7.031238915289671,19.8093716745869
9190,36.8,28.325998306274418,85.0,0.0,20.3,6.3,7.398185085314111,39.01945552559423
9191,23.7,28.325998306274418,85.0,0.0,19.4,6.2,11.873731832440189,27.262119549732056
9192,22.1,28.325998306274418,85.0,0.0,19.5,6.0,22.593474624147404,28.87804238724422
9193,18.0,28.325998306274418,85.0,0.0,20.3,6.4,29.001442311480815,26.70043269344424
9194,19.4,28.325998306274418,85.0,0.0,19.9,5.8,6.936203156582309,21.48086094697469
9195,27.0,28.325998306274418,85.0,0.0,19.1,5.7,10.508629471397475,30.15258884141924
9196,28.5,28.325998306274418,85.0,0.0,19.6,6.3,7.0893297904512,30.62679893713536
9197,25.7,28.325998306274418,85.0,0.0,20.8,6.3,23.35051038156551,32.70515311446965
9198,37.4,28.325998306274418,85.0,0.0,20.5,6.1,10.363688471470093,40.50910654144103
9199,30.6,28.325998306274418,85.0,0.0,19.5,5.7,28.562401646668405,39.168720494000524
9200,33.7,28.325998306274418,85.0,0.0,20.2,6.2,17.211701750661298,38.86351052519839
9201,27.0,28.325998306274418,85.0,0.0,19.9,6.0,12.656078249766647,30.796823474929994
9202,34.9,28.325998306274418,85.0,0.0,19.6,6.0,28.726007353470543,43.51780220604116
9203,26.3,28.325998306274418,85.0,0.0,19.3,6.0,29.780007838275623,35.23400235148269
9204,37.2,28.325998306274418,85.0,0.0,20.4,5.7,28.967098937252207,45.890129681175665
9205,23.2,28.325998306274418,85.0,0.0,19.8,5.8,16.680742000562752,28.204222600168826
9206,39.9,28.325998306274418,85.0,0.0,20.9,6.0,8.006840193454662,42.302052058036395
9207,38.3,28.325998306274418,85.0,0.0,19.8,5.8,21.482120601090617,44.744636180327184
9208,20.8,28.325998306274418,85.0,0.0,20.0,6.3,15.835383149729294,25.550614944918788
9209,20.7,28.325998306274418,85.0,0.0,19.4,5.8,11.792362046454286,24.237708613936285
9210,16.1,28.325998306274418,85.0,0.0,19.2,6.1,12.653406195947657,19.896021858784298
9211,33.7,28.325998306274418,85.0,0.0,20.8,6.2,6.784419219265546,35.73532576577966
9212,21.9,28.325998306274418,85.0,0.0,20.4,5.6,24.832129809893495,29.349638942968046
9213,24.0,28.325998306274418,85.0,0.0,20.4,5.9,12.958740997974159,27.88762229939225
9214,26.4,28.325998306274418,85.0,0.0,19.9,6.0,9.911718825615985,29.373515647684794
9215,21.6,28.325998306274418,85.0,0.0,20.9,6.3,18.02971669624656,27.00891500887397
9216,26.3,28.325998306274418,85.0,0.0,20.3,6.5,27.4300783091801,34.52902349275403
9217,33.4,28.325998306274418,85.0,0.0,20.2,5.6,14.309948203805174,37.69298446114155
9218,30.4,28.325998306274418,85.0,0.0,20.4,5.7,12.902508504821839,34.27075255144655
9219,38.9,28.325998306274418,85.0,0.0,20.1,5.6,22.22274396915245,45.56682319074574
9220,26.2,28.325998306274418,85.0,0.0,20.1,6.5,7.0826111959086315,28.32478335877259
9221,18.9,28.325998306274418,85.0,0.0,19.1,6.5,27.51849023327932,27.155547069983793
9222,27.1,28.325998306274418,85.0,0.0,19.0,6.3,10.78532139904971,30.335596419714914
9223,19.0,28.325998306274418,85.0,0.0,20.4,6.2,22.717444666256977,25.815233399877094
9224,27.2,28.325998306274418,85.0,0.0,20.5,5.9,5.382269766994933,28.81468093009848
9225,35.6,28.325998306274418,85.0,0.0,20.4,5.7,23.54216012876054,42.66264803862816
9226,17.0,28.325998306274418,85.0,0.0,19.1,5.7,29.66527912681752,25.899583738045255
9227,23.8,28.325998306274418,85.0,0.0,19.9,6.5,16.73908472194743,28.82172541658423
9228,28.4,28.325998306274418,85.0,0.0,20.3,5.6,28.88065571748019,37.06419671524405
9229,25.2,28.325998306274418,85.0,0.0,20.6,5.9,10.333437058531949,28.300031117559584
9230,28.1,28.325998306274418,85.0,0.0,19.2,5.7,23.81473610639127,35.24442083191738
9231,34.4,28.325998306274418,85.0,0.0,20.9,6.3,19.55579247656531,40.26673774296959
9232,23.4,28.325998306274418,85.0,0.0,19.0,5.8,24.36707772541868,30.7101233176256
9233,36.7,28.325998306274418,85.0,0.0,19.2,5.9,15.005879020886328,41.2017637062659
9234,27.7,28.325998306274418,85.0,0.0,19.9,6.4,15.320295238100524,32.296088571430154
9235,37.9,28.325998306274418,85.0,0.0,20.3,6.0,16.814500823882145,42.94435024716464
9236,25.0,28.325998306274418,85.0,0.0,19.7,6.2,17.611663300008622,30.283498990002585
9237,16.3,28.325998306274418,85.0,0.0,20.8,5.7,12.982300008227906,20.194690002468374
9238,27.2,28.325998306274418,85.0,0.0,19.4,6.0,19.412732757797436,33.02381982733923
9239,26.3,28.325998306274418,85.0,0.0,19.9,5.7,21.29298217143763,32.68789465143129
9240,34.7,28.97599983215332,82.0,0.0,19.6,5.9,23.31261451150767,41.6937843534523
9241,17.7,28.97599983215332,82.0,0.0,19.6,5.7,25.97087248548278,25.491261745644834
9242,20.2,28.97599983215332,82.0,0.0,20.4,5.9,24.396601386086154,27.518980415825844
9243,32.0,28.97599983215332,82.0,0.0,20.0,6.4,14.432715213969622,36.32981456419088
9244,29.3,28.97599983215332,82.0,0.0,20.8,5.6,5.385147340415509,30.915544202124654
9245,28.7,28.97599983215332,82.0,0.0,20.5,6.3,9.016802976633857,31.405040892990158
9246,16.2,28.97599983215332,82.0,0.0,20.3,5.7,14.756897751822349,20.627069325546703
9247,16.9,28.97599983215332,82.0,0.0,20.2,5.7,18.21234722836509,22.363704168509525
9248,21.3,28.97599983215332,82.0,0.0,19.4,5.9,28.81990486096436,29.945971458289307
9249,38.0,28.97599983215332,82.0,0.0,19.3,6.0,11.152054918028576,41.345616475408576
9250,22.7,28.97599983215332,82.0,0.0,19.3,6.3,6.737793654716685,24.721338096415003
9251,19.7,28.97599983215332,82.0,0.0,19.8,6.4,17.09643692345265,24.828931077035794
9252,20.5,28.97599983215332,82.0,0.0,20.0,5.6,25.39184204367387,28.11755261310216
9253,37.4,28.97599983215332,82.0,0.0,19.3,5.6,15.74859424702151,42.124578274106455
9254,32.2,28.97599983215332,82.0,0.0,20.2,6.1,14.734088817842057,36.620226645352616
9255,37.2,28.97599983215332,82.0,0.0,19.7,6.3,7.372547065128755,39.41176411953863
9256,24.3,28.97599983215332,82.0,0.0,19.0,5.6,26.702351501390932,32.31070545041728
9257,20.2,28.97599983215332,82.0,0.0,20.0,6.1,18.322206356844426,25.696661907053326
9258,34.0,28.97599983215332,82.0,0.0,19.0,5.6,26.453314211423802,41.93599426342714
9259,36.4,28.97599983215332,82.0,0.0,20.4,5.9,14.426583261335555,40.72797497840067
9260,25.2,28.97599983215332,82.0,0.0,19.1,5.6,6.169973768413044,27.050992130523912
9261,15.9,28.97599983215332,82.0,0.0,20.4,6.1,12.36214798272005,19.608644394816015
9262,21.3,28.97599983215332,82.0,0.0,20.9,5.8,11.922536202362847,24.876760860708856
9263,26.8,28.97599983215332,82.0,0.0,20.7,6.0,16.396884273122375,31.719065281936714
9264,16.6,28.97599983215332,82.0,0.0,20.5,6.2,24.06295572946611,23.818886718839835
9265,27.5,28.97599983215332,82.0,0.0,20.1,5.5,6.966395848878774,29.589918754663632
9266,32.4,28.97599983215332,82.0,0.0,19.3,6.4,24.96888897045615,39.89066669113684
9267,38.1,28.97599983215332,82.0,0.0,19.9,6.2,9.30897301997386,40.89269190599216
9268,16.6,28.97599983215332,82.0,0.0,19.4,6.0,19.344205227327937,22.40326156819838
9269,17.9,28.97599983215332,82.0,0.0,20.0,5.9,16.042689974735424,22.712806992420624
9270,33.7,28.97599983215332,82.0,0.0,20.2,5.7,19.337239189698355,39.50117175690951
9271,39.9,28.97599983215332,82.0,0.0,19.7,6.4,5.732545032723985,41.6197635098172
9272,15.8,28.97599983215332,82.0,0.0,20.3,6.5,28.350574924546578,24.305172477363975
9273,26.9,28.97599983215332,82.0,0.0,19.1,5.7,20.100208100079087,32.930062430023725
9274,15.1,28.97599983215332,82.0,0.0,19.6,6.3,8.739967498940985,17.721990249682296
9275,37.2,28.97599983215332,82.0,0.0,20.8,5.9,15.312387504874504,41.79371625146236
9276,30.3,28.97599983215332,82.0,0.0,19.8,5.7,12.99753959610814,34.199261878832445
9277,23.8,28.97599983215332,82.0,0.0,19.7,5.7,8.087968196233367,26.22639045887001
9278,29.9,28.97599983215332,82.0,0.0,20.7,5.9,22.4561265093302,36.636837952799056
9279,27.6,28.97599983215332,82.0,0.0,20.9,5.9,15.601984081111246,32.280595224333375
9280,23.8,28.97599983215332,82.0,0.0,20.1,5.5,16.232146574844432,28.66964397245333
9281,18.6,28.97599983215332,82.0,0.0,19.3,5.8,29.074187405988344,27.322256221796504
9282,24.6,28.97599983215332,82.0,0.0,20.6,6.2,28.95068474690708,33.285205424072124
9283,25.8,28.97599983215332,82.0,0.0,19.5,5.9,24.55317953209872,33.16595385962962
9284,35.7,28.97599983215332,82.0,0.0,20.0,5.9,6.898156419991581,37.76944692599748
9285,23.4,28.97599983215332,82.0,0.0,19.7,6.2,10.420209507792197,26.52606285233766
9286,28.9,28.97599983215332,82.0,0.0,19.9,6.3,29.05662306075717,37.61698691822715
9287,39.1,28.97599983215332,82.0,0.0,19.7,5.8,21.023032163974992,45.4069096491925
9288,23.4,28.97599983215332,82.0,0.0,21.0,5.6,20.792489139805202,29.63774674194156
9289,36.1,28.97599983215332,82.0,0.0,20.5,5.9,6.784881947031636,38.13546458410949
9290,32.1,28.97599983215332,82.0,0.0,19.8,6.0,13.491645056279582,36.14749351688388
9291,17.5,28.97599983215332,82.0,0.0,19.2,6.4,11.924430091198408,21.07732902735952
9292,27.6,28.97599983215332,82.0,0.0,19.8,6.5,15.503744451926128,32.25112333557784
9293,34.9,28.97599983215332,82.0,0.0,19.5,5.8,14.69733654776896,39.309200964330685
9294,38.5,28.97599983215332,82.0,0.0,20.2,6.0,6.3654341895804585,40.40963025687414
9295,36.1,28.97599983215332,82.0,0.0,19.1,6.4,26.03463929850292,43.91039178955088
9296,16.9,28.97599983215332,82.0,0.0,20.2,6.4,6.419218227589081,18.82576546827672
9297,33.7,28.97599983215332,82.0,0.0,20.5,5.5,28.990874738579034,42.397262421573714
9298,24.5,28.97599983215332,82.0,0.0,20.9,6.4,21.950675480398214,31.085202644119462
9299,30.8,28.97599983215332,82.0,0.0,19.4,5.6,22.14498850047707,37.443496550143124
9300,21.4,29.67599868774414,79.0,0.0,19.2,6.0,20.164789930560286,27.449436979168084
9301,28.5,29.67599868774414,79.0,0.0,19.3,6.4,17.11312726565314,33.633938179695946
9302,16.2,29.67599868774414,79.0,0.0,19.4,6.3,6.6556247452564925,18.196687423576947
9303,24.4,29.67599868774414,79.0,0.0,20.0,5.7,22.9376216510811,31.281286495324327
9304,15.0,29.67599868774414,79.0,0.0,19.7,5.9,8.122715536403664,17.4368146609211
9305,15.1,29.67599868774414,79.0,0.0,20.8,5.6,20.796642247573168,21.33899267427195
9306,24.3,29.67599868774414,79.0,0.0,20.1,5.8,9.696151603855498,27.20884548115665
9307,20.3,29.67599868774414,79.0,0.0,19.2,5.7,13.133798590782405,24.24013957723472
9308,33.9,29.67599868774414,79.0,0.0,19.6,5.9,24.954720614511963,41.386416184353585
9309,29.6,29.67599868774414,79.0,0.0,19.1,6.4,29.263462157864893,38.379038647359465
9310,22.2,29.67599868774414,79.0,0.0,20.6,6.0,16.700537483469564,27.21016124504087
9311,33.4,29.67599868774414,79.0,0.0,21.0,6.4,17.478283893989452,38.64348516819683
9312,32.0,29.67599868774414,79.0,0.0,19.8,6.0,23.281245784363122,38.984373735308935
9313,33.0,29.67599868774414,79.0,0.0,19.3,6.3,6.719292964138869,35.01578788924166
9314,21.6,29.67599868774414,79.0,0.0,20.8,6.1,7.214617990779136,23.76438539723374
9315,30.4,29.67599868774414,79.0,0.0,19.7,6.3,25.800454644187315,38.14013639325619
9316,36.6,29.67599868774414,79.0,0.0,20.3,5.5,6.558805878906522,38.56764176367196
9317,19.1,29.67599868774414,79.0,0.0,20.7,5.6,18.037055876753435,24.51111676302603
9318,37.4,29.67599868774414,79.0,0.0,19.2,5.9,24.539095089602487,44.761728526880745
9319,16.9,29.67599868774414,79.0,0.0,20.1,5.8,13.977796331673979,21.093338899502193
9320,30.7,29.67599868774414,79.0,0.0,20.8,5.6,25.741519103513035,38.42245573105391
9321,34.1,29.67599868774414,79.0,0.0,19.2,6.3,7.864587890040701,36.45937636701221
9322,19.0,29.67599868774414,79.0,0.0,20.7,5.6,23.92167302715604,26.17650190814681
9323,30.2,29.67599868774414,79.0,0.0,20.6,6.5,18.371598625908106,35.71147958777243
9324,24.9,29.67599868774414,79.0,0.0,20.0,5.6,7.713365383522068,27.214009615056618
9325,32.3,29.67599868774414,79.0,0.0,20.0,6.0,24.793286221497038,39.73798586644911
9326,16.1,29.67599868774414,79.0,0.0,19.7,6.1,28.590091522164133,24.677027456649242
9327,25.7,29.67599868774414,79.0,0.0,20.0,6.3,24.70223516444892,33.11067054933467
9328,34.3,29.67599868774414,79.0,0.0,20.4,5.6,9.38826579979187,37.11647973993756
9329,35.3,29.67599868774414,79.0,0.0,19.2,5.6,25.537943091731,42.961382927519296
9330,18.8,29.67599868774414,79.0,0.0,19.6,5.6,26.612146199247256,26.783643859774177
9331,20.1,29.67599868774414,79.0,0.0,20.7,6.0,26.822663014109942,28.146798904232984
9332,27.5,29.67599868774414,79.0,0.0,20.9,6.0,16.12726985472117,32.33818095641635
9333,30.0,29.67599868774414,79.0,0.0,19.5,6.2,9.111817493758817,32.73354524812765
9334,30.3,29.67599868774414,79.0,0.0,19.1,5.6,15.82483259209586,35.047449777628756
9335,30.0,29.67599868774414,79.0,0.0,20.8,6.0,13.337140564971216,34.00114216949137
9336,20.8,29.67599868774414,79.0,0.0,19.4,6.4,16.66174721458253,25.79852416437476
9337,34.6,29.67599868774414,79.0,0.0,20.5,5.7,10.842754990826313,37.8528264972479
9338,15.5,29.67599868774414,79.0,0.0,19.7,6.4,22.19907905424047,22.15972371627214
9339,28.9,29.67599868774414,79.0,0.0,20.1,6.1,7.288964846086477,31.08668945382594
9340,35.5,29.67599868774414,79.0,0.0,20.4,5.9,8.220680792826103,37.96620423784783
9341,26.7,29.67599868774414,79.0,0.0,20.2,5.6,10.8784986632132,29.963549598963958
9342,39.2,29.67599868774414,79.0,0.0,20.8,6.2,24.508582065926134,46.55257461977784
9343,15.3,29.67599868774414,79.0,0.0,20.3,5.6,23.89796571243049,22.469389713729147
9344,39.8,29.67599868774414,79.0,0.0,19.1,6.0,12.303529917920748,43.49105897537622
9345,36.3,29.67599868774414,79.0,0.0,19.4,5.8,8.824294168905851,38.947288250671754
9346,28.2,29.67599868774414,79.0,0.0,20.8,6.5,27.586785013632603,36.47603550408978
9347,32.0,29.67599868774414,79.0,0.0,19.6,5.6,14.020403948657743,36.20612118459732
9348,17.1,29.67599868774414,79.0,0.0,19.8,6.4,24.095954004721158,24.32878620141635
9349,23.5,29.67599868774414,79.0,0.0,20.6,6.0,15.234060171350043,28.070218051405014
9350,28.6,29.67599868774414,79.0,0.0,19.9,5.6,24.064756297366003,35.8194268892098
9351,26.8,29.67599868774414,79.0,0.0,19.1,6.0,23.47512616435961,33.84253784930788
9352,36.6,29.67599868774414,79.0,0.0,19.0,5.9,29.982670800533622,45.59480124016009
9353,25.1,29.67599868774414,79.0,0.0,20.6,5.8,16.710132616420267,30.11303978492608
9354,25.5,29.67599868774414,79.0,0.0,20.0,6.0,11.036032718465119,28.810809815539535
9355,20.4,29.67599868774414,79.0,0.0,19.6,5.6,18.33713345224342,25.901140035673023
9356,20.1,29.67599868774414,79.0,0.0,19.0,6.1,8.050067479205337,22.5150202437616
9357,16.0,29.67599868774414,79.0,0.0,19.1,5.7,7.584696253440172,18.275408876032053
9358,25.4,29.67599868774414,79.0,0.0,20.4,6.3,20.30027189760851,31.49008156928255
9359,25.4,29.67599868774414,79.0,0.0,19.7,6.0,5.664516969825247,27.099355090947572
9360,23.5,30.375999450683594,76.0,0.0,20.2,6.1,19.38211276386678,29.314633829160034
9361,23.8,30.375999450683594,76.0,0.0,19.6,5.9,24.020724250372194,31.00621727511166
9362,19.3,30.375999450683594,76.0,0.0,19.4,5.8,29.561559815736313,28.168467944720895
9363,24.8,30.375999450683594,76.0,0.0,20.1,6.4,24.71182803133621,32.213548409400865
9364,39.5,30.375999450683594,76.0,0.0,19.9,6.0,20.564543035120813,45.66936291053624
9365,26.8,30.375999450683594,76.0,0.0,19.3,5.9,20.54158124322679,32.96247437296804
9366,26.1,30.375999450683594,76.0,0.0,19.2,5.7,24.008485271256898,33.30254558137707
9367,30.6,30.375999450683594,76.0,0.0,19.0,6.2,6.709459749060227,32.61283792471807
9368,38.9,30.375999450683594,76.0,0.0,20.9,5.7,27.469576104180643,47.14087283125419
9369,37.0,30.375999450683594,76.0,0.0,19.1,5.9,29.641875958937515,45.89256278768126
9370,25.0,30.375999450683594,76.0,0.0,20.9,6.1,18.24351225180753,30.47305367554226
9371,16.2,30.375999450683594,76.0,0.0,20.3,6.2,6.434406276089484,18.130321882826845
9372,23.1,30.375999450683594,76.0,0.0,20.5,6.3,24.77281531415145,30.531844594245435
9373,18.6,30.375999450683594,76.0,0.0,20.2,6.4,13.202711555448936,22.56081346663468
9374,24.0,30.375999450683594,76.0,0.0,20.9,5.5,25.97797914505265,31.793393743515793
9375,19.5,30.375999450683594,76.0,0.0,19.6,5.6,21.08723577349696,25.82617073204909
9376,35.4,30.375999450683594,76.0,0.0,19.2,6.3,16.569958203264996,40.3709874609795
9377,16.8,30.375999450683594,76.0,0.0,19.6,6.1,25.512939230583957,24.453881769175187
9378,35.1,30.375999450683594,76.0,0.0,19.5,5.6,17.964447411847452,40.48933422355424
9379,24.6,30.375999450683594,76.0,0.0,20.6,6.2,13.504801161085073,28.651440348325522
9380,37.6,30.375999450683594,76.0,0.0,19.3,6.0,6.278245126970942,39.48347353809128
9381,39.6,30.375999450683594,76.0,0.0,19.9,6.3,12.850844566022275,43.455253369806684
9382,37.9,30.375999450683594,76.0,0.0,20.6,6.3,8.975419029602154,40.59262570888065
9383,39.6,30.375999450683594,76.0,0.0,20.3,6.4,24.475769683531762,46.94273090505953
9384,18.8,30.375999450683594,76.0,0.0,20.9,6.4,23.114330571425764,25.73429917142773
9385,23.8,30.375999450683594,76.0,0.0,19.2,6.2,23.148400480252615,30.744520144075786
9386,22.4,30.375999450683594,76.0,0.0,19.1,5.9,22.68338476250893,29.205015428752677
9387,26.4,30.375999450683594,76.0,0.0,19.2,6.1,10.314205938664138,29.49426178159924
9388,22.6,30.375999450683594,76.0,0.0,19.7,5.7,18.395382294899683,28.118614688469904
9389,33.6,30.375999450683594,76.0,0.0,19.7,5.5,5.7622478751075,35.328674362532254
9390,19.0,30.375999450683594,76.0,0.0,21.0,6.3,27.117701966881402,27.13531059006442
9391,33.7,30.375999450683594,76.0,0.0,19.2,6.2,16.137354144857227,38.54120624345717
9392,37.5,30.375999450683594,76.0,0.0,20.2,5.7,7.615685484025282,39.78470564520759
9393,18.6,30.375999450683594,76.0,0.0,19.7,6.4,26.479071918234734,26.54372157547042
9394,30.4,30.375999450683594,76.0,0.0,20.1,5.6,8.966638551042642,33.08999156531279
9395,27.3,30.375999450683594,76.0,0.0,19.2,6.2,25.020823953206907,34.80624718596207
9396,24.7,30.375999450683594,76.0,0.0,19.3,6.4,28.55350293763394,33.266050881290184
9397,31.8,30.375999450683594,76.0,0.0,20.6,6.2,24.587019572402063,39.17610587172062
9398,21.1,30.375999450683594,76.0,0.0,19.5,5.5,29.98638369850865,30.095915109552596
9399,34.2,30.375999450683594,76.0,0.0,19.8,6.5,18.01818334484086,39.60545500345226
9400,36.2,30.375999450683594,76.0,0.0,19.4,6.4,9.765417927405332,39.129625378221604
9401,30.8,30.375999450683594,76.0,0.0,19.6,5.8,16.77566762035,35.832700286105
9402,39.4,30.375999450683594,76.0,0.0,19.5,6.5,10.451405980052098,42.535421794015626
9403,28.9,30.375999450683594,76.0,0.0,20.5,5.8,7.110407320326985,31.033122196098095
9404,30.9,30.375999450683594,76.0,0.0,20.0,6.1,18.591754911443495,36.477526473433045
9405,19.8,30.375999450683594,76.0,0.0,19.3,6.3,19.27984128164782,25.583952384494346
9406,32.6,30.375999450683594,76.0,0.0,20.5,6.1,7.144325573085984,34.743297671925795
9407,29.7,30.375999450683594,76.0,0.0,20.0,6.4,10.62652542123741,32.887957626371225
9408,20.1,30.375999450683594,76.0,0.0,20.3,6.0,13.64031022324789,24.19209306697437
9409,39.0,30.375999450683594,76.0,0.0,20.2,5.8,23.784662528646827,46.13539875859405
9410,32.4,30.375999450683594,76.0,0.0,19.1,6.0,6.393869037179268,34.31816071115378
9411,23.6,30.375999450683594,76.0,0.0,20.4,6.4,6.253302436828097,25.47599073104843
9412,19.2,30.375999450683594,76.0,0.0,21.0,6.5,17.723362983359245,24.517008895007773
9413,38.5,30.375999450683594,76.0,0.0,19.7,6.0,14.823876206675816,42.94716286200274
9414,17.1,30.375999450683594,76.0,0.0,20.9,6.1,22.850111222124056,23.955033366637217
9415,35.3,30.375999450683594,76.0,0.0,19.5,6.1,7.237722551671883,37.47131676550156
9416,26.8,30.375999450683594,76.0,0.0,20.0,5.5,24.24993206745649,34.074979620236945
9417,36.2,30.375999450683594,76.0,0.0,19.2,6.3,20.021139736368276,42.20634192091049
9418,37.9,30.375999450683594,76.0,0.0,20.6,6.4,14.006774047522484,42.102032214256745
9419,19.8,30.375999450683594,76.0,0.0,20.7,6.3,18.68229802824056,25.40468940847217
9420,25.8,30.775999069213867,74.0,0.0,19.7,6.4,9.115511438982374,28.534653431694714
9421,28.8,30.775999069213867,74.0,0.0,20.6,6.0,26.253188474047526,36.67595654221426
9422,31.4,30.775999069213867,74.0,0.0,20.5,6.4,19.900322619808023,37.37009678594241
9423,30.4,30.775999069213867,74.0,0.0,20.0,5.6,22.904085921943114,37.27122577658293
9424,31.8,30.775999069213867,74.0,0.0,20.1,6.2,14.155311826160176,36.046593547848055
9425,28.0,30.775999069213867,74.0,0.0,20.7,5.9,23.364836193193117,35.00945085795794
9426,33.0,30.775999069213867,74.0,0.0,20.5,6.1,20.120689785407304,39.03620693562219
9427,36.2,30.775999069213867,74.0,0.0,20.3,5.7,14.023668329972127,40.40710049899164
9428,33.5,30.775999069213867,74.0,0.0,19.4,5.9,25.103008226642554,41.03090246799277
9429,23.1,30.775999069213867,74.0,0.0,20.5,5.7,8.31805289414175,25.595415868242526
9430,15.9,30.775999069213867,74.0,0.0,20.3,5.7,27.357811177017336,24.1073433531052
9431,22.5,30.775999069213867,74.0,0.0,19.6,6.1,27.69756704062128,30.809270112186383
9432,37.6,30.775999069213867,74.0,0.0,20.4,5.8,7.347963139727016,39.804388941918106
9433,38.9,30.775999069213867,74.0,0.0,19.1,6.4,18.39048669644261,44.41714600893278
9434,35.5,30.775999069213867,74.0,0.0,20.7,5.8,23.173993688048345,42.4521981064145
9435,26.2,30.775999069213867,74.0,0.0,19.1,5.6,27.83886655844018,34.55165996753205
9436,23.4,30.775999069213867,74.0,0.0,19.7,6.1,6.333456566276259,25.300036969882875
9437,27.8,30.775999069213867,74.0,0.0,19.7,6.2,15.682747145008065,32.50482414350242
9438,36.1,30.775999069213867,74.0,0.0,19.1,5.9,21.75394645216994,42.626183935650985
9439,36.1,30.775999069213867,74.0,0.0,19.2,5.8,20.867283251242597,42.36018497537278
9440,20.9,30.775999069213867,74.0,0.0,20.5,6.0,8.293866809709575,23.388160042912872
9441,24.1,30.775999069213867,74.0,0.0,20.2,5.8,10.043781860457111,27.113134558137133
9442,34.8,30.775999069213867,74.0,0.0,20.9,5.6,28.884401141906736,43.465320342572014
9443,39.4,30.775999069213867,74.0,0.0,20.3,5.7,12.388794645401344,43.1166383936204
9444,23.2,30.775999069213867,74.0,0.0,20.5,6.2,10.122581279113646,26.236774383734094
9445,34.7,30.775999069213867,74.0,0.0,20.9,6.2,23.61532574277649,41.78459772283295
9446,27.4,30.775999069213867,74.0,0.0,20.9,6.4,29.049570162706935,36.11487104881208
9447,32.9,30.775999069213867,74.0,0.0,20.5,5.6,21.140887830451234,39.24226634913537
9448,28.2,30.775999069213867,74.0,0.0,19.7,5.9,13.311492600927034,32.193447780278106
9449,17.8,30.775999069213867,74.0,0.0,19.4,5.7,20.244270202469174,23.87328106074075
9450,39.9,30.775999069213867,74.0,0.0,20.7,5.9,22.762728460824146,46.72881853824724
9451,29.2,30.775999069213867,74.0,0.0,20.7,5.8,23.19963677794359,36.159891033383076
9452,33.2,30.775999069213867,74.0,0.0,20.2,6.3,19.823392608558073,39.147017782567424
9453,25.6,30.775999069213867,74.0,0.0,19.8,6.4,14.465405082699347,29.939621524809805
9454,35.3,30.775999069213867,74.0,0.0,20.3,6.1,22.568265556899306,42.07047966706979
9455,35.6,30.775999069213867,74.0,0.0,19.7,6.1,11.370540577001133,39.01116217310034
9456,31.9,30.775999069213867,74.0,0.0,19.1,5.7,25.38354658527057,39.51506397558117
9457,33.6,30.775999069213867,74.0,0.0,21.0,5.9,27.232049094506966,41.76961472835209
9458,30.7,30.775999069213867,74.0,0.0,20.8,5.9,7.594468908495243,32.97834067254857
9459,25.8,30.775999069213867,74.0,0.0,19.4,6.3,10.055674438335972,28.816702331500792
9460,16.5,30.775999069213867,74.0,0.0,20.9,6.1,25.403366297520652,24.121009889256193
9461,26.4,30.775999069213867,74.0,0.0,19.5,6.3,7.466217082654762,28.639865124796426
9462,27.0,30.775999069213867,74.0,0.0,21.0,6.4,17.637285657362348,32.291185697208704
9463,20.2,30.775999069213867,74.0,0.0,19.4,5.9,13.973157762813075,24.391947328843923
9464,15.6,30.775999069213867,74.0,0.0,20.1,5.6,16.587182882972456,20.576154864891738
9465,16.3,30.775999069213867,74.0,0.0,19.3,6.4,28.02453293180668,24.707359879542004
9466,34.6,30.775999069213867,74.0,0.0,19.6,5.7,24.88817021896431,42.06645106568929
9467,24.3,30.775999069213867,74.0,0.0,21.0,5.5,24.51295815261771,31.653887445785315
9468,16.6,30.775999069213867,74.0,0.0,19.8,5.7,28.600888581440802,25.180266574432242
9469,32.1,30.775999069213867,74.0,0.0,19.0,5.6,27.937267597598503,40.481180279279556
9470,35.2,30.775999069213867,74.0,0.0,19.8,6.4,5.902972392125983,36.9708917176378
9471,38.5,30.775999069213867,74.0,0.0,20.8,5.5,19.489705752744484,44.34691172582335
9472,37.2,30.775999069213867,74.0,0.0,20.8,5.8,6.745840586250266,39.223752175875084
9473,33.9,30.775999069213867,74.0,0.0,20.1,6.0,17.022204986197476,39.00666149585924
9474,37.0,30.775999069213867,74.0,0.0,19.4,5.8,27.0599304276794,45.117979128303816
9475,32.9,30.775999069213867,74.0,0.0,21.0,5.9,11.29936590415428,36.28980977124628
9476,24.7,30.775999069213867,74.0,0.0,20.5,6.3,15.936042369866403,29.48081271095992
9477,39.6,30.775999069213867,74.0,0.0,19.2,6.4,9.010876439969294,42.30326293199079
9478,15.6,30.775999069213867,74.0,0.0,20.5,5.8,27.591432332295756,23.877429699688726
9479,21.8,30.775999069213867,74.0,0.0,20.6,5.6,6.512765123178167,23.75382953695345
9480,22.0,30.775999069213867,74.0,0.0,20.0,5.9,19.716401004744615,27.914920301423386
9481,15.2,30.775999069213867,74.0,0.0,19.4,6.0,23.69065318247673,22.30719595474302
9482,23.4,30.775999069213867,74.0,0.0,19.8,5.7,6.990022311038789,25.497006693311636
9483,23.3,30.775999069213867,74.0,0.0,19.1,5.8,24.11067384209477,30.53320215262843
9484,33.8,30.775999069213867,74.0,0.0,20.1,5.6,8.798958786768832,36.43968763603065
9485,29.1,30.775999069213867,74.0,0.0,20.0,6.0,6.100830631236329,30.9302491893709
9486,16.6,30.775999069213867,74.0,0.0,19.3,6.0,16.144362575238162,21.44330877257145
9487,32.3,30.775999069213867,74.0,0.0,20.3,5.8,17.675123458462494,37.602537037538745
9488,25.0,30.775999069213867,74.0,0.0,19.4,6.0,20.531928796887204,31.15957863906616
9489,32.6,30.775999069213867,74.0,0.0,19.6,5.5,17.15672541311602,37.74701762393481
9490,32.6,30.775999069213867,74.0,0.0,21.0,5.5,9.323343391508294,35.39700301745249
9491,17.7,30.775999069213867,74.0,0.0,20.4,6.1,16.103638748916165,22.53109162467485
9492,29.9,30.775999069213867,74.0,0.0,20.0,5.8,25.234864860281217,37.47045945808436
9493,31.7,30.775999069213867,74.0,0.0,21.0,6.0,8.972347340486934,34.39170420214608
9494,16.6,30.775999069213867,74.0,0.0,19.7,6.2,25.673420223101807,24.302026066930544
9495,40.0,30.775999069213867,74.0,0.0,20.0,6.1,20.718446507322156,46.215533952196644
9496,32.8,30.775999069213867,74.0,0.0,19.4,5.9,25.442819215461995,40.43284576463859
9497,15.3,30.775999069213867,74.0,0.0,19.3,6.3,7.503712151586512,17.551113645475954
9498,24.1,30.775999069213867,74.0,0.0,19.8,5.8,29.76681040271095,33.03004312081329
9499,31.6,30.775999069213867,74.0,0.0,20.9,5.6,8.680511115870356,34.20415333476111
9500,22.0,30.775999069213867,74.0,0.0,20.2,6.4,27.9701449235317,30.39104347705951
9501,29.4,30.775999069213867,74.0,0.0,19.5,6.0,24.133811366124416,36.64014340983732
9502,34.9,30.775999069213867,74.0,0.0,19.6,6.4,16.761488799889904,39.92844663996697
9503,37.7,30.775999069213867,74.0,0.0,19.3,6.4,29.385927619736457,46.51577828592094
9504,29.0,30.775999069213867,74.0,0.0,19.1,6.2,8.140126918480565,31.44203807554417
9505,39.5,30.775999069213867,74.0,0.0,20.5,6.2,28.50313767261622,48.05094130178487
9506,16.0,30.775999069213867,74.0,0.0,21.0,5.6,21.329446342261278,22.398833902678383
9507,23.2,30.775999069213867,74.0,0.0,19.5,5.7,19.60559000910327,29.08167700273098
9508,23.4,30.775999069213867,74.0,0.0,21.0,5.6,28.215776192326445,31.86473285769793
9509,27.4,30.775999069213867,74.0,0.0,19.6,5.6,7.514348872352584,29.654304661705773
9510,33.1,30.775999069213867,74.0,0.0,21.0,5.9,13.890306760396962,37.26709202811909
9511,28.4,30.775999069213867,74.0,0.0,19.4,5.7,20.53749799430525,34.56124939829157
9512,27.0,30.775999069213867,74.0,0.0,19.2,6.2,26.729745021543966,35.01892350646319
9513,20.2,30.775999069213867,74.0,0.0,20.5,5.5,7.76042170395854,22.528126511187562
9514,33.1,30.775999069213867,74.0,0.0,19.4,6.1,24.619246565856436,40.485773969756934
9515,22.2,30.775999069213867,74.0,0.0,19.3,6.2,19.16902493986767,27.9507074819603
9516,18.5,30.775999069213867,74.0,0.0,20.3,6.4,8.791838245469705,21.13755147364091
9517,18.6,30.775999069213867,74.0,0.0,19.8,5.5,19.560265982741083,24.468079794822327
9518,24.1,30.775999069213867,74.0,0.0,19.3,5.9,6.992898619066585,26.197869585719978
9519,29.0,30.775999069213867,74.0,0.0,20.6,6.1,21.10230100396683,35.330690301190046
9520,34.4,30.775999069213867,74.0,0.0,19.0,5.9,27.997879658505667,42.7993638975517
9521,23.1,30.775999069213867,74.0,0.0,19.9,6.4,22.233897695940904,29.770169308782272
9522,30.2,30.775999069213867,74.0,0.0,20.2,5.7,7.603366848588099,32.48101005457643
9523,32.2,30.775999069213867,74.0,0.0,20.9,6.4,7.051103269925989,34.3153309809778
9524,30.3,30.775999069213867,74.0,0.0,21.0,6.3,20.71032712607265,36.51309813782179
9525,38.1,30.775999069213867,74.0,0.0,19.6,5.9,23.009896136290465,45.00296884088714
9526,37.4,30.775999069213867,74.0,0.0,19.4,6.3,18.588890952202384,42.97666728566071
9527,33.7,30.775999069213867,74.0,0.0,20.4,6.0,9.405595073873926,36.52167852216218
9528,20.7,30.775999069213867,74.0,0.0,20.7,5.6,10.093022246527514,23.727906673958252
9529,28.2,30.775999069213867,74.0,0.0,19.3,6.0,21.88141596143595,34.76442478843079
9530,37.8,30.775999069213867,74.0,0.0,20.9,6.0,12.395782971983937,41.51873489159518
9531,39.6,30.775999069213867,74.0,0.0,20.9,5.9,18.017209451906993,45.0051628355721
9532,30.8,30.775999069213867,74.0,0.0,19.6,5.8,17.36976006798484,36.010928020395454
9533,22.2,30.775999069213867,74.0,0.0,19.1,6.0,26.76636842370071,30.229910527110214
9534,24.8,30.775999069213867,74.0,0.0,19.0,6.0,23.658539647536585,31.897561894260974
9535,23.7,30.775999069213867,74.0,0.0,20.5,6.4,10.740680721219373,26.922204216365813
9536,19.7,30.775999069213867,74.0,0.0,19.9,6.0,26.791881658928,27.7375644976784
9537,31.7,30.775999069213867,74.0,0.0,20.6,6.5,21.964119974912876,38.28923599247386
9538,16.2,30.775999069213867,74.0,0.0,19.8,5.5,17.52128787055862,21.456386361167585
9539,17.3,30.775999069213867,74.0,0.0,20.2,5.6,13.177449254641653,21.253234776392496
9540,21.8,30.47599983215332,75.0,0.0,20.2,5.6,25.0387889932906,29.31163669798718
9541,31.5,30.47599983215332,75.0,0.0,19.6,6.5,9.057912130367447,34.217373639110235
9542,36.9,30.47599983215332,75.0,0.0,19.1,5.6,18.42156038486466,42.42646811545939
9543,26.9,30.47599983215332,75.0,0.0,19.2,5.8,6.06933091602369,28.720799274807106
9544,21.1,30.47599983215332,75.0,0.0,20.5,6.1,9.933120153138212,24.079936045941466
9545,31.6,30.47599983215332,75.0,0.0,20.0,5.6,24.14482047284278,38.84344614185284
9546,34.0,30.47599983215332,75.0,0.0,19.3,5.8,16.460211043326886,38.93806331299807
9547,29.8,30.47599983215332,75.0,0.0,20.8,6.1,25.607307699916287,37.482192309974884
9548,28.0,30.47599983215332,75.0,0.0,20.6,5.9,9.140438060306906,30.74213141809207
9549,32.2,30.47599983215332,75.0,0.0,19.0,6.1,26.986953455840375,40.296086036752115
9550,16.6,30.47599983215332,75.0,0.0,20.4,5.5,27.33784062622283,24.80135218786685
9551,36.8,30.47599983215332,75.0,0.0,20.1,6.1,23.444624367886686,43.833387310366
9552,22.1,30.47599983215332,75.0,0.0,19.1,6.4,8.329603633348622,24.59888109000459
9553,15.7,30.47599983215332,75.0,0.0,19.6,5.8,9.034411234307743,18.41032337029232
9554,36.0,30.47599983215332,75.0,0.0,20.1,6.5,7.263854149159486,38.179156244747844
9555,26.4,30.47599983215332,75.0,0.0,19.2,5.6,29.305129198710272,35.19153875961308
9556,27.4,30.47599983215332,75.0,0.0,19.1,5.8,16.075489897784855,32.22264696933546
9557,32.9,30.47599983215332,75.0,0.0,19.6,6.4,11.69860952873056,36.40958285861917
9558,20.4,30.47599983215332,75.0,0.0,19.1,6.0,9.070873655891594,23.121262096767477
9559,20.9,30.47599983215332,75.0,0.0,20.0,5.6,12.043534772586614,24.513060431775983
9560,36.0,30.47599983215332,75.0,0.0,19.8,5.8,17.252345060020772,41.17570351800623
9561,27.1,30.47599983215332,75.0,0.0,20.6,5.8,10.54627276973374,30.263881830920123
9562,18.0,30.47599983215332,75.0,0.0,20.3,6.3,7.907560346877314,20.372268104063195
9563,15.2,30.47599983215332,75.0,0.0,20.7,5.9,27.261053726351747,23.378316117905523
9564,28.9,30.47599983215332,75.0,0.0,19.3,5.8,11.077236920307993,32.2231710760924
9565,16.2,30.47599983215332,75.0,0.0,19.5,5.7,6.3844509359555115,18.115335280786653
9566,23.3,30.47599983215332,75.0,0.0,20.0,6.3,14.342176223884296,27.60265286716529
9567,28.0,30.47599983215332,75.0,0.0,20.2,5.6,8.261590417217485,30.478477125165245
9568,39.5,30.47599983215332,75.0,0.0,20.8,6.3,17.37943687073416,44.71383106122025
9569,39.6,30.47599983215332,75.0,0.0,20.8,6.3,16.404244792825857,44.52127343784776
9570,33.3,30.47599983215332,75.0,0.0,20.8,6.3,15.242823048615165,37.87284691458455
9571,29.1,30.47599983215332,75.0,0.0,19.7,5.5,11.530433925296084,32.55913017758883
9572,36.5,30.47599983215332,75.0,0.0,20.1,6.3,27.996290916603655,44.89888727498109
9573,30.5,30.47599983215332,75.0,0.0,19.2,6.0,12.249650637921388,34.174895191376415
9574,20.4,30.47599983215332,75.0,0.0,20.4,6.1,18.379467095893148,25.913840128767944
9575,17.4,30.47599983215332,75.0,0.0,19.7,5.7,27.832615312304164,25.749784593691246
9576,34.4,30.47599983215332,75.0,0.0,20.7,6.2,14.536452383116837,38.76093571493505
9577,19.6,30.47599983215332,75.0,0.0,19.8,6.0,29.878887467418167,28.56366624022545
9578,39.3,30.47599983215332,75.0,0.0,20.8,5.8,11.845262500152696,42.853578750045806
9579,18.2,30.47599983215332,75.0,0.0,20.0,6.0,26.744458480427426,26.223337544128228
9580,22.1,30.47599983215332,75.0,0.0,19.3,5.7,22.79193328555739,28.93757998566722
9581,17.4,30.47599983215332,75.0,0.0,20.9,5.7,28.528230014547564,25.958469004364268
9582,35.8,30.47599983215332,75.0,0.0,20.1,6.3,20.95648673045914,42.08694601913774
9583,20.7,30.47599983215332,75.0,0.0,19.6,6.0,16.84015782522695,25.752047347568084
9584,25.4,30.47599983215332,75.0,0.0,19.2,5.9,23.205471956152877,32.36164158684586
9585,24.4,30.47599983215332,75.0,0.0,19.1,5.9,29.19648462332703,33.158945386998106
9586,37.7,30.47599983215332,75.0,0.0,19.1,5.5,27.426062529314756,45.92781875879443
9587,28.1,30.47599983215332,75.0,0.0,20.7,6.2,12.046172708519505,31.713851812555852
9588,25.7,30.47599983215332,75.0,0.0,20.0,5.6,27.93292189042779,34.07987656712834
9589,33.5,30.47599983215332,75.0,0.0,20.9,6.0,23.67213445889869,40.60164033766961
9590,20.0,30.47599983215332,75.0,0.0,20.5,6.3,26.785598200092856,28.035679460027858
9591,21.5,30.47599983215332,75.0,0.0,19.3,5.7,8.227024273528887,23.968107282058668
9592,20.0,30.47599983215332,75.0,0.0,20.3,5.9,22.018555249514904,26.60556657485447
9593,23.0,30.47599983215332,75.0,0.0,20.8,5.5,24.212896287592663,30.2638688862778
9594,24.8,30.47599983215332,75.0,0.0,19.6,6.4,26.26262376757554,32.67878713027266
9595,20.1,30.47599983215332,75.0,0.0,20.6,5.7,25.984048521023915,27.895214556307174
9596,28.1,30.47599983215332,75.0,0.0,20.6,5.7,10.42060883270236,31.22618264981071
9597,28.5,30.47599983215332,75.0,0.0,19.2,5.8,24.505892625638037,35.85176778769141
9598,30.2,30.47599983215332,75.0,0.0,19.0,6.0,9.072291505289357,32.921687451586806
9599,26.0,30.47599983215332,75.0,0.0,19.2,6.4,26.689500594492976,34.00685017834789
9600,33.1,30.125999450683594,77.0,0.0,19.8,6.0,18.050032439972554,38.51500973199177
9601,28.4,30.125999450683594,77.0,0.0,20.1,5.8,29.347397438901062,37.204219231670315
9602,26.2,30.125999450683594,77.0,0.0,20.4,6.2,11.753128407659073,29.72593852229772
9603,23.7,30.125999450683594,77.0,0.0,21.0,6.3,14.364591322766259,28.009377396829876
9604,21.3,30.125999450683594,77.0,0.0,20.6,5.7,18.320866302692544,26.796259890807764
9605,35.9,30.125999450683594,77.0,0.0,20.9,6.0,5.570440012820145,37.57113200384604
9606,26.9,30.125999450683594,77.0,0.0,20.9,5.8,6.886934826868431,28.966080448060527
9607,32.9,30.125999450683594,77.0,0.0,19.4,5.9,8.844340262938259,35.55330207888147
9608,32.5,30.125999450683594,77.0,0.0,19.4,5.5,7.8315938494002575,34.849478154820076
9609,26.7,30.125999450683594,77.0,0.0,19.8,5.9,24.93566200323981,34.180698600971944
9610,22.7,30.125999450683594,77.0,0.0,19.2,5.5,27.717515075916726,31.015254522775017
9611,31.0,30.125999450683594,77.0,0.0,20.5,6.1,7.351454459615376,33.20543633788461
9612,17.7,30.125999450683594,77.0,0.0,19.4,6.2,25.632202285450436,25.38966068563513
9613,34.9,30.125999450683594,77.0,0.0,19.9,5.6,19.1701729838211,40.65105189514633
9614,35.3,30.125999450683594,77.0,0.0,19.7,5.6,17.507114939480527,40.552134481844156
9615,35.5,30.125999450683594,77.0,0.0,20.3,6.3,8.357464026224951,38.007239207867485
9616,19.5,30.125999450683594,77.0,0.0,20.0,5.6,25.465360027758763,27.139608008327627
9617,22.0,30.125999450683594,77.0,0.0,20.5,6.4,25.31603584993724,29.59481075498117
9618,38.5,30.125999450683594,77.0,0.0,19.6,6.0,7.01444113774499,40.6043323413235
9619,23.0,30.125999450683594,77.0,0.0,19.9,6.1,8.910543992844278,25.673163197853285
9620,24.5,30.125999450683594,77.0,0.0,20.8,6.0,10.954867508874859,27.786460252662458
9621,31.1,30.125999450683594,77.0,0.0,20.5,6.2,22.613392913003587,37.88401787390108
9622,32.1,30.125999450683594,77.0,0.0,20.6,6.3,20.832784838573815,38.34983545157215
9623,15.1,30.125999450683594,77.0,0.0,20.6,6.2,17.98086835554332,20.494260506662997
9624,35.0,30.125999450683594,77.0,0.0,19.0,6.2,18.525782135145256,40.55773464054358
9625,39.7,30.125999450683594,77.0,0.0,20.0,6.3,8.469918919373477,42.240975675812045
9626,26.9,30.125999450683594,77.0,0.0,21.0,6.2,16.907210638886042,31.97216319166581
9627,38.5,30.125999450683594,77.0,0.0,20.6,6.0,13.453055486706187,42.535916646011856
9628,20.2,30.125999450683594,77.0,0.0,20.3,6.5,22.247425941111874,26.874227782333563
9629,36.5,30.125999450683594,77.0,0.0,19.3,6.0,19.834826054054606,42.45044781621638
9630,39.6,30.125999450683594,77.0,0.0,19.2,5.6,20.9648409587588,45.88945228762764
9631,29.0,30.125999450683594,77.0,0.0,20.1,6.2,12.797468910786563,32.83924067323597
9632,35.6,30.125999450683594,77.0,0.0,20.3,6.2,23.506147066610964,42.65184411998329
9633,31.3,30.125999450683594,77.0,0.0,19.2,5.5,28.285051366971548,39.78551541009146
9634,26.3,30.125999450683594,77.0,0.0,19.7,6.1,24.54232486442706,33.662697459328115
9635,32.7,30.125999450683594,77.0,0.0,19.2,6.1,23.145297082072098,39.643589124621634
9636,20.2,30.125999450683594,77.0,0.0,19.3,6.5,22.744792808827214,27.023437842648164
9637,17.2,30.125999450683594,77.0,0.0,20.4,5.8,27.0101733343019,25.30305200029057
9638,15.4,30.125999450683594,77.0,0.0,20.5,6.3,6.15006700945659,17.24502010283698
9639,29.0,30.125999450683594,77.0,0.0,19.8,5.6,28.920903685742275,37.676271105722684
9640,37.7,30.125999450683594,77.0,0.0,19.5,6.1,10.422811747427296,40.826843524228195
9641,21.8,30.125999450683594,77.0,0.0,19.3,5.7,25.742050225472692,29.52261506764181
9642,17.2,30.125999450683594,77.0,0.0,20.6,5.7,27.464565919807757,25.439369775942325
9643,27.1,30.125999450683594,77.0,0.0,20.8,5.7,25.900297624797336,34.8700892874392
9644,18.1,30.125999450683594,77.0,0.0,20.5,6.2,23.573472017671165,25.172041605301352
9645,22.1,30.125999450683594,77.0,0.0,20.9,6.0,21.36628581291477,28.509885743874435
9646,37.4,30.125999450683594,77.0,0.0,19.2,5.8,27.13774515732284,45.54132354719685
9647,21.2,30.125999450683594,77.0,0.0,21.0,5.9,17.771813324167653,26.531543997250296
9648,29.5,30.125999450683594,77.0,0.0,21.0,6.0,11.876639251754835,33.06299177552645
9649,36.6,30.125999450683594,77.0,0.0,20.8,6.2,20.28217462806659,42.68465238841998
9650,29.0,30.125999450683594,77.0,0.0,20.4,6.0,15.119348087127452,33.535804426138235
9651,34.7,30.125999450683594,77.0,0.0,20.1,6.2,13.610230101458221,38.78306903043747
9652,23.2,30.125999450683594,77.0,0.0,21.0,6.2,20.257691345937772,29.27730740378133
9653,22.3,30.125999450683594,77.0,0.0,19.8,5.8,18.908533204399802,27.97255996131994
9654,17.0,30.125999450683594,77.0,0.0,20.2,6.3,14.425727803819514,21.327718341145854
9655,31.8,30.125999450683594,77.0,0.0,19.3,6.1,27.617284575905632,40.08518537277169
9656,32.4,30.125999450683594,77.0,0.0,19.3,6.0,7.2982715892903105,34.58948147678709
9657,35.1,30.125999450683594,77.0,0.0,19.7,5.7,27.672753612731952,43.401826083819586
9658,31.2,30.125999450683594,77.0,0.0,19.9,6.2,24.10897044727825,38.43269113418347
9659,27.2,30.125999450683594,77.0,0.0,20.2,5.9,14.474888375687375,31.542466512706213
9660,17.0,29.67599868774414,79.0,0.0,19.3,6.0,21.915564537101666,23.5746693611305
9661,33.5,29.67599868774414,79.0,0.0,19.0,6.4,8.256453842774985,35.976936152832494
9662,35.3,29.67599868774414,79.0,0.0,19.6,6.1,7.142908873369631,37.442872662010885
9663,22.8,29.67599868774414,79.0,0.0,19.3,6.3,19.735519108562936,28.720655732568883
9664,35.8,29.67599868774414,79.0,0.0,20.4,5.7,18.374002213958057,41.312200664187415
9665,37.1,29.67599868774414,79.0,0.0,19.9,5.5,17.35669215113421,42.30700764534026
9666,33.2,29.67599868774414,79.0,0.0,19.5,6.2,25.14473740322532,40.7434212209676
9667,23.3,29.67599868774414,79.0,0.0,19.4,5.8,29.74412306461504,32.22323691938451
9668,22.8,29.67599868774414,79.0,0.0,19.1,5.8,22.96614014602281,29.68984204380684
9669,38.4,29.67599868774414,79.0,0.0,20.7,6.4,5.025525513176297,39.90765765395289
9670,32.9,29.67599868774414,79.0,0.0,20.5,6.4,10.472313706939747,36.04169411208192
9671,32.4,29.67599868774414,79.0,0.0,19.1,6.1,29.28564844292844,41.18569453287853
9672,33.6,29.67599868774414,79.0,0.0,19.1,5.6,26.222255954605593,41.46667678638168
9673,27.4,29.67599868774414,79.0,0.0,19.6,6.4,24.618807387467943,34.78564221624038
9674,33.7,29.67599868774414,79.0,0.0,19.7,5.6,17.86999632364397,39.06099889709319
9675,32.7,29.67599868774414,79.0,0.0,20.7,5.5,14.092600882930657,36.9277802648792
9676,27.0,29.67599868774414,79.0,0.0,19.2,5.6,23.72110629664072,34.116331888992214
9677,36.2,29.67599868774414,79.0,0.0,20.5,6.2,26.6364879960111,44.190946398803334
9678,22.8,29.67599868774414,79.0,0.0,19.3,6.2,23.40141324679881,29.82042397403964
9679,19.3,29.67599868774414,79.0,0.0,20.3,5.6,28.40107945582505,27.820323836747516
9680,26.7,29.67599868774414,79.0,0.0,20.4,5.5,18.363891458574024,32.209167437572205
9681,33.0,29.67599868774414,79.0,0.0,19.5,6.2,17.181188695868386,38.154356608760516
9682,26.4,29.67599868774414,79.0,0.0,20.4,6.5,10.949878375649426,29.684963512694825
9683,28.8,29.67599868774414,79.0,0.0,20.2,6.4,11.134799589449266,32.14043987683478
9684,33.9,29.67599868774414,79.0,0.0,20.8,5.7,18.752921590902684,39.525876477270806
9685,29.5,29.67599868774414,79.0,0.0,20.1,6.2,27.01759097788697,37.60527729336609
9686,21.0,29.67599868774414,79.0,0.0,20.7,6.5,6.71264253861376,23.013792761584128
9687,28.3,29.67599868774414,79.0,0.0,20.1,6.3,29.963382305976147,37.28901469179284
9688,33.6,29.67599868774414,79.0,0.0,20.8,5.8,25.977937810465125,41.39338134313954
9689,23.6,29.67599868774414,79.0,0.0,20.7,5.7,13.461653029522207,27.63849590885666
9690,35.6,29.67599868774414,79.0,0.0,19.7,5.9,28.222231713120827,44.06666951393625
9691,15.8,29.67599868774414,79.0,0.0,19.3,5.7,19.725562279108388,21.717668683732516
9692,33.4,29.67599868774414,79.0,0.0,19.3,5.9,23.745651598532433,40.52369547955973
9693,19.4,29.67599868774414,79.0,0.0,19.7,5.7,27.431802540100165,27.629540762030047
9694,34.9,29.67599868774414,79.0,0.0,20.5,6.3,15.565814014241584,39.569744204272475
9695,36.5,29.67599868774414,79.0,0.0,19.3,6.2,26.640826725130783,44.49224801753923
9696,36.4,29.67599868774414,79.0,0.0,19.9,5.7,23.708680013103972,43.51260400393119
9697,27.8,29.67599868774414,79.0,0.0,20.9,5.7,5.599818947909944,29.479945684372986
9698,17.8,29.67599868774414,79.0,0.0,20.1,6.5,14.97157176242137,22.29147152872641
9699,18.9,29.67599868774414,79.0,0.0,19.2,6.4,23.11296377281601,25.8338891318448
9700,24.6,29.67599868774414,79.0,0.0,19.3,6.4,6.070153633958826,26.421046090187648
9701,21.3,29.67599868774414,79.0,0.0,19.4,5.7,11.891793793470317,24.867538138041095
9702,33.1,29.67599868774414,79.0,0.0,20.6,5.9,23.04773955579008,40.01432186673703
9703,39.5,29.67599868774414,79.0,0.0,20.2,5.5,22.067010912993265,46.12010327389798
9704,19.8,29.67599868774414,79.0,0.0,19.5,6.0,12.069910190954973,23.420973057286492
9705,25.9,29.67599868774414,79.0,0.0,20.3,5.6,21.997675706320507,32.49930271189615
9706,31.5,29.67599868774414,79.0,0.0,19.1,6.4,21.298077596955025,37.88942327908651
9707,36.7,29.67599868774414,79.0,0.0,20.5,6.0,13.278768337107733,40.68363050113232
9708,32.1,29.67599868774414,79.0,0.0,20.9,5.9,19.040677019973213,37.81220310599196
9709,36.9,29.67599868774414,79.0,0.0,19.2,5.6,23.949858013744624,44.08495740412339
9710,28.1,29.67599868774414,79.0,0.0,19.5,6.5,8.025349127525768,30.507604738257733
9711,22.9,29.67599868774414,79.0,0.0,19.8,5.9,10.511709855028279,26.05351295650848
9712,19.7,29.67599868774414,79.0,0.0,20.6,6.1,6.6160908994752,21.684827269842557
9713,31.3,29.67599868774414,79.0,0.0,20.4,5.9,11.668520133448528,34.80055604003456
9714,36.5,29.67599868774414,79.0,0.0,19.3,6.4,11.251122518786698,39.875336755636006
9715,19.8,29.67599868774414,79.0,0.0,20.4,6.2,16.240128937199955,24.672038681159986
9716,31.8,29.67599868774414,79.0,0.0,19.3,6.0,6.646332705351525,33.793899811605456
9717,15.6,29.67599868774414,79.0,0.0,19.1,5.5,20.113973084041877,21.634191925212562
9718,26.5,29.67599868774414,79.0,0.0,20.6,6.2,18.069463340759107,31.92083900222773
9719,28.1,29.67599868774414,79.0,0.0,19.1,6.2,10.39976929549469,31.21993078864841
9720,17.5,29.125999450683594,82.0,0.0,19.3,6.1,6.719592791156807,19.51587783734704
9721,30.5,29.125999450683594,82.0,0.0,19.7,5.9,5.943188683046517,32.282956604913956
9722,29.8,29.125999450683594,82.0,0.0,19.7,5.9,25.282083984825984,37.384625195447796
9723,23.3,29.125999450683594,82.0,0.0,19.9,6.0,16.939087987598526,28.381726396279557
9724,29.5,29.125999450683594,82.0,0.0,21.0,5.8,15.338319660186004,34.1014958980558
9725,24.3,29.125999450683594,82.0,0.0,19.6,5.8,11.140783681260132,27.64223510437804
9726,19.8,29.125999450683594,82.0,0.0,19.9,5.8,20.30479481045922,25.891438443137766
9727,16.5,29.125999450683594,82.0,0.0,20.8,6.3,7.246331764236492,18.673899529270948
9728,33.9,29.125999450683594,82.0,0.0,19.2,6.3,10.919329125990672,37.1757987377972
9729,20.8,29.125999450683594,82.0,0.0,20.4,5.6,25.71024116142449,28.513072348427347
9730,34.2,29.125999450683594,82.0,0.0,20.1,6.4,18.74634545278633,39.823903635835904
9731,30.9,29.125999450683594,82.0,0.0,20.7,6.2,18.78024491243915,36.534073473731745
9732,24.5,29.125999450683594,82.0,0.0,20.8,6.1,29.850315703532157,33.455094711059644
9733,25.6,29.125999450683594,82.0,0.0,20.7,5.6,6.660408742984562,27.59812262289537
9734,31.9,29.125999450683594,82.0,0.0,20.3,5.7,29.805128201085598,40.84153846032568
9735,30.8,29.125999450683594,82.0,0.0,20.2,6.4,18.03230883563205,36.20969265068962
9736,28.6,29.125999450683594,82.0,0.0,20.5,6.2,13.338481605656478,32.60154448169695
9737,30.7,29.125999450683594,82.0,0.0,20.4,6.4,22.679782545381208,37.50393476361436
9738,15.4,29.125999450683594,82.0,0.0,19.3,6.1,26.558379136605126,23.367513740981536
9739,31.1,29.125999450683594,82.0,0.0,19.1,6.2,9.97172946010631,34.091518838031895
9740,27.5,29.125999450683594,82.0,0.0,19.4,6.0,18.43023072447921,33.02906921734376
9741,38.8,29.125999450683594,82.0,0.0,20.6,5.7,5.834813543454105,40.55044406303623
9742,27.1,29.125999450683594,82.0,0.0,20.0,6.3,19.87179607873945,33.06153882362184
9743,33.3,29.125999450683594,82.0,0.0,19.1,5.8,7.205066658026736,35.46151999740802
9744,18.9,29.125999450683594,82.0,0.0,21.0,5.6,20.776478092593116,25.13294342777793
9745,19.3,29.125999450683594,82.0,0.0,19.5,6.5,16.51290392936938,24.253871178810815
9746,16.5,29.125999450683594,82.0,0.0,20.1,6.4,7.683538568332364,18.80506157049971
9747,29.5,29.125999450683594,82.0,0.0,20.4,6.3,23.82691186605145,36.64807355981544
9748,32.9,29.125999450683594,82.0,0.0,20.1,5.8,26.92262358834281,40.976787076502845
9749,29.3,29.125999450683594,82.0,0.0,20.9,5.9,22.738510024958703,36.12155300748761
9750,38.4,29.125999450683594,82.0,0.0,20.6,5.9,19.607009939272448,44.28210298178173
9751,19.2,29.125999450683594,82.0,0.0,19.1,6.2,12.354868444677884,22.906460533403365
9752,18.5,29.125999450683594,82.0,0.0,19.9,6.4,11.574582302772164,21.97237469083165
9753,22.8,29.125999450683594,82.0,0.0,20.3,5.6,28.10554675204609,31.231664025613828
9754,39.8,29.125999450683594,82.0,0.0,19.3,5.7,13.214579796778981,43.76437393903369
9755,35.7,29.125999450683594,82.0,0.0,19.8,6.0,21.884732347030955,42.26541970410929
9756,34.9,29.125999450683594,82.0,0.0,19.4,6.2,16.256539702243753,39.77696191067312
9757,38.6,29.125999450683594,82.0,0.0,20.4,6.4,20.663471774398136,44.79904153231944
9758,32.0,29.125999450683594,82.0,0.0,20.6,6.2,24.876423129578967,39.46292693887369
9759,37.3,29.125999450683594,82.0,0.0,20.0,5.7,23.69982362857904,44.40994708857371
9760,36.1,29.125999450683594,82.0,0.0,20.1,6.0,12.308639336853172,39.792591801055956
9761,32.0,29.125999450683594,82.0,0.0,19.3,6.4,16.79797264793048,37.03939179437914
9762,28.1,29.125999450683594,82.0,0.0,20.3,6.1,20.239048926303383,34.17171467789102
9763,21.7,29.125999450683594,82.0,0.0,20.4,6.5,5.629880891140805,23.388964267342242
9764,16.7,29.125999450683594,82.0,0.0,20.4,5.8,29.400317270434172,25.52009518113025
9765,22.0,29.125999450683594,82.0,0.0,20.4,5.7,26.703621161324026,30.011086348397207
9766,31.8,29.125999450683594,82.0,0.0,20.7,6.1,27.787566776503297,40.13627003295099
9767,27.9,29.125999450683594,82.0,0.0,19.8,6.5,27.117919918423894,36.03537597552717
9768,40.0,29.125999450683594,82.0,0.0,19.4,5.8,15.359122310692474,44.60773669320774
9769,18.0,29.125999450683594,82.0,0.0,20.1,5.5,24.41482659139621,25.324447977418863
9770,22.7,29.125999450683594,82.0,0.0,19.2,6.3,8.205916792854808,25.16177503785644
9771,27.9,29.125999450683594,82.0,0.0,19.8,5.7,6.179466320384148,29.75383989611524
9772,36.4,29.125999450683594,82.0,0.0,19.4,5.7,28.977212789712535,45.09316383691376
9773,18.1,29.125999450683594,82.0,0.0,19.4,6.2,10.289157249180354,21.186747174754107
9774,23.3,29.125999450683594,82.0,0.0,20.2,5.8,12.619962138904388,27.085988641671317
9775,24.3,29.125999450683594,82.0,0.0,19.6,6.0,16.774772362089237,29.33243170862677
9776,36.1,29.125999450683594,82.0,0.0,19.1,6.2,29.892468385704436,45.067740515711336
9777,22.9,29.125999450683594,82.0,0.0,20.6,6.4,10.100541064645373,25.93016231939361
9778,15.3,29.125999450683594,82.0,0.0,20.9,6.2,22.387825963594974,22.016347789078495
9779,25.8,29.125999450683594,82.0,0.0,20.4,6.3,27.57254419518291,34.071763258554874
9780,34.9,28.625999450683594,84.0,0.0,20.7,6.4,20.40744942753856,41.02223482826157
9781,15.5,28.625999450683594,84.0,0.0,20.4,6.0,22.63522072525769,22.290566217577307
9782,33.1,28.625999450683594,84.0,0.0,20.6,6.5,21.831078293886478,39.64932348816595
9783,16.4,28.625999450683594,84.0,0.0,20.0,6.0,14.623073164745291,20.786921949423586
9784,19.8,28.625999450683594,84.0,0.0,20.2,6.1,27.977000547415344,28.193100164224603
9785,26.9,28.625999450683594,84.0,0.0,20.1,5.8,9.36810292006447,29.710430876019338
9786,15.4,28.625999450683594,84.0,0.0,19.8,5.5,10.67051491946761,18.601154475840282
9787,21.5,28.625999450683594,84.0,0.0,21.0,5.7,8.091782923101345,23.9275348769304
9788,36.6,28.625999450683594,84.0,0.0,20.5,6.1,17.63291125502292,41.88987337650688
9789,31.0,28.625999450683594,84.0,0.0,19.8,6.4,15.155499568905904,35.54664987067177
9790,32.2,28.625999450683594,84.0,0.0,20.9,5.9,25.99966884321965,39.9999006529659
9791,21.8,28.625999450683594,84.0,0.0,20.1,6.5,5.349869055677465,23.40496071670324
9792,30.7,28.625999450683594,84.0,0.0,20.9,5.9,16.497766321882615,35.64932989656479
9793,28.9,28.625999450683594,84.0,0.0,19.3,6.1,24.538941171257083,36.261682351377125
9794,27.1,28.625999450683594,84.0,0.0,20.5,5.5,26.68695352432971,35.10608605729891
9795,21.9,28.625999450683594,84.0,0.0,19.9,6.3,16.007496292952634,26.702248887885787
9796,37.5,28.625999450683594,84.0,0.0,20.8,6.2,5.112656043796918,39.03379681313908
9797,39.2,28.625999450683594,84.0,0.0,19.5,5.5,12.26381206419576,42.87914361925873
9798,39.4,28.625999450683594,84.0,0.0,19.1,6.5,16.730468999143696,44.41914069974311
9799,25.3,28.625999450683594,84.0,0.0,20.8,5.7,27.46551854225394,33.53965556267618
9800,24.8,28.625999450683594,84.0,0.0,20.3,5.7,15.46119536173737,29.438358608521213
9801,32.2,28.625999450683594,84.0,0.0,20.5,5.8,7.479157083000821,34.44374712490025
9802,31.4,28.625999450683594,84.0,0.0,19.7,6.3,24.48334148995053,38.745002446985154
9803,29.8,28.625999450683594,84.0,0.0,20.6,6.1,22.30702856666427,36.49210856999928
9804,34.2,28.625999450683594,84.0,0.0,21.0,5.7,11.482568763977454,37.64477062919324
9805,33.4,28.625999450683594,84.0,0.0,20.5,5.5,16.64568921013325,38.39370676303997
9806,26.2,28.625999450683594,84.0,0.0,20.2,6.4,19.842275402307976,32.15268262069239
9807,25.2,28.625999450683594,84.0,0.0,19.7,6.1,7.435205665162076,27.430561699548623
9808,23.5,28.625999450683594,84.0,0.0,20.7,6.4,18.583287724362684,29.074986317308806
9809,35.4,28.625999450683594,84.0,0.0,20.5,6.3,22.96365302228592,42.28909590668577
9810,29.1,28.625999450683594,84.0,0.0,20.7,5.9,6.937371834868495,31.18121155046055
9811,16.1,28.625999450683594,84.0,0.0,19.6,5.5,24.220136804011375,23.366041041203413
9812,26.1,28.625999450683594,84.0,0.0,19.3,6.1,14.190802836891244,30.357240851067374
9813,23.9,28.625999450683594,84.0,0.0,19.4,5.6,12.839496374401389,27.751848912320416
9814,25.5,28.625999450683594,84.0,0.0,20.8,6.3,17.135530808165896,30.640659242449768
9815,18.1,28.625999450683594,84.0,0.0,20.7,6.0,11.170164688596184,21.451049406578857
9816,20.4,28.625999450683594,84.0,0.0,20.3,5.6,13.817199765067754,24.545159929520324
9817,30.8,28.625999450683594,84.0,0.0,19.3,6.2,21.162606998361596,37.14878209950848
9818,31.9,28.625999450683594,84.0,0.0,20.9,6.0,29.879703768864307,40.86391113065929
9819,26.2,28.625999450683594,84.0,0.0,20.7,5.9,10.568679177090512,29.370603753127153
9820,31.4,28.625999450683594,84.0,0.0,19.0,6.2,17.99288389161073,36.79786516748322
9821,33.2,28.625999450683594,84.0,0.0,20.3,5.7,14.557109019334654,37.5671327058004
9822,31.6,28.625999450683594,84.0,0.0,20.8,6.3,21.270215353762936,37.98106460612888
9823,21.7,28.625999450683594,84.0,0.0,21.0,6.3,10.485164630052129,24.845549389015638
9824,17.8,28.625999450683594,84.0,0.0,20.3,6.3,7.943523527020725,20.18305705810622
9825,20.6,28.625999450683594,84.0,0.0,19.6,6.4,7.922573231160955,22.976771969348288
9826,34.4,28.625999450683594,84.0,0.0,20.1,6.4,5.412984093048463,36.02389522791454
9827,32.1,28.625999450683594,84.0,0.0,19.5,5.9,27.250428982374274,40.27512869471228
9828,27.7,28.625999450683594,84.0,0.0,20.5,6.1,24.296523120096257,34.98895693602888
9829,17.2,28.625999450683594,84.0,0.0,21.0,5.9,27.12010920670417,25.33603276201125
9830,36.6,28.625999450683594,84.0,0.0,20.2,5.8,5.042653769188547,38.112796130756564
9831,20.2,28.625999450683594,84.0,0.0,19.0,5.6,24.42674297851482,27.528022893554443
9832,23.6,28.625999450683594,84.0,0.0,20.5,5.8,28.41614666089794,32.124843998269384
9833,25.8,28.625999450683594,84.0,0.0,19.4,6.3,29.444007117309997,34.633202135193
9834,36.5,28.625999450683594,84.0,0.0,20.0,6.0,23.446807097119297,43.53404212913579
9835,18.3,28.625999450683594,84.0,0.0,19.9,6.2,20.17126286211851,24.351378858635552
9836,35.1,28.625999450683594,84.0,0.0,19.2,6.4,27.3371280366099,43.30113841098297
9837,16.1,28.625999450683594,84.0,0.0,19.4,5.9,8.80042766754042,18.74012830026213
9838,37.0,28.625999450683594,84.0,0.0,19.8,6.2,23.456827917786175,44.03704837533585
9839,27.0,28.625999450683594,84.0,0.0,20.8,6.2,5.633873129782386,28.690161938934715
9840,19.7,28.17599868774414,86.0,0.0,20.9,5.8,28.46109346698074,28.23832804009422
9841,28.9,28.17599868774414,86.0,0.0,19.8,5.6,8.067372321121614,31.320211696336482
9842,31.4,28.17599868774414,86.0,0.0,20.2,5.5,18.268587154980914,36.88057614649427
9843,30.8,28.17599868774414,86.0,0.0,19.7,5.9,26.596489039985304,38.778946711995594
9844,34.6,28.17599868774414,86.0,0.0,20.0,6.1,20.697071916784495,40.80912157503535
9845,23.9,28.17599868774414,86.0,0.0,20.0,6.4,15.868587551139273,28.66057626534178
9846,33.3,28.17599868774414,86.0,0.0,19.2,6.1,5.416982160304441,34.92509464809133
9847,19.0,28.17599868774414,86.0,0.0,20.9,6.3,23.255795424469806,25.976738627340943
9848,15.8,28.17599868774414,86.0,0.0,19.3,6.4,21.150545873972618,22.145163762191785
9849,29.2,28.17599868774414,86.0,0.0,20.3,6.5,26.28127430777908,37.08438229233372
9850,20.8,28.17599868774414,86.0,0.0,19.9,6.5,27.189548873442778,28.956864662032835
9851,17.2,28.17599868774414,86.0,0.0,19.2,5.5,28.956000253554443,25.88680007606633
9852,34.5,28.17599868774414,86.0,0.0,19.9,6.4,19.623274471486727,40.386982341446014
9853,31.6,28.17599868774414,86.0,0.0,19.5,6.3,22.065731508374427,38.21971945251233
9854,38.1,28.17599868774414,86.0,0.0,19.6,6.3,22.036927822293226,44.71107834668797
9855,23.8,28.17599868774414,86.0,0.0,20.1,5.9,5.570706218711992,25.471211865613597
9856,16.2,28.17599868774414,86.0,0.0,19.1,5.8,12.682353716754662,20.004706115026398
9857,24.1,28.17599868774414,86.0,0.0,20.1,5.7,17.42118089301664,29.326354267904993
9858,35.8,28.17599868774414,86.0,0.0,20.7,5.7,17.670124857127075,41.10103745713812
9859,21.0,28.17599868774414,86.0,0.0,19.6,5.5,21.618619058086402,27.48558571742592
9860,37.4,28.17599868774414,86.0,0.0,19.6,5.6,8.627942596124745,39.98838277883742
9861,30.7,28.17599868774414,86.0,0.0,19.1,5.8,26.185994090573974,38.55579822717219
9862,29.3,28.17599868774414,86.0,0.0,19.3,5.9,23.441516497060224,36.332454949118066
9863,39.8,28.17599868774414,86.0,0.0,19.3,5.8,26.29721714201793,47.689165142605376
9864,37.2,28.17599868774414,86.0,0.0,19.1,5.8,28.53992426479602,45.76197727943881
9865,39.5,28.17599868774414,86.0,0.0,20.1,6.3,5.778313647413842,41.233494094224156
9866,29.3,28.17599868774414,86.0,0.0,19.8,6.0,14.425466123275534,33.62763983698266
9867,21.3,28.17599868774414,86.0,0.0,20.7,6.0,22.32693024103259,27.99807907230978
9868,18.2,28.17599868774414,86.0,0.0,20.5,6.5,7.3962456658469105,20.418873699754073
9869,37.8,28.17599868774414,86.0,0.0,20.3,5.6,20.16448039815593,43.849344119446776
9870,16.5,28.17599868774414,86.0,0.0,19.8,6.1,23.467711930128498,23.54031357903855
9871,33.2,28.17599868774414,86.0,0.0,20.7,5.8,28.49336732873628,41.74801019862089
9872,24.2,28.17599868774414,86.0,0.0,19.7,5.7,13.278370429193144,28.183511128757942
9873,38.9,28.17599868774414,86.0,0.0,20.2,6.2,12.547416640318978,42.66422499209569
9874,38.3,28.17599868774414,86.0,0.0,20.0,6.2,7.7120312179945705,40.61360936539837
9875,37.9,28.17599868774414,86.0,0.0,20.3,6.5,24.33836967697728,45.20151090309318
9876,23.7,28.17599868774414,86.0,0.0,19.4,5.8,16.805443457397146,28.74163303721914
9877,17.6,28.17599868774414,86.0,0.0,20.2,5.8,14.683812082492684,22.005143624747806
9878,36.9,28.17599868774414,86.0,0.0,19.5,5.7,23.090859872454,43.8272579617362
9879,34.7,28.17599868774414,86.0,0.0,20.3,6.1,21.84565282877249,41.25369584863175
9880,35.0,28.17599868774414,86.0,0.0,20.7,6.2,6.06612598511343,36.81983779553403
9881,29.9,28.17599868774414,86.0,0.0,20.0,6.4,22.238120439547313,36.57143613186419
9882,22.2,28.17599868774414,86.0,0.0,21.0,5.7,14.623315898973436,26.58699476969203
9883,26.8,28.17599868774414,86.0,0.0,19.9,6.4,11.486047799227897,30.24581433976837
9884,33.5,28.17599868774414,86.0,0.0,20.4,6.5,26.242665224799758,41.37279956743993
9885,32.0,28.17599868774414,86.0,0.0,19.0,5.7,18.199358412408465,37.45980752372254
9886,16.2,28.17599868774414,86.0,0.0,20.8,5.6,29.218837423711843,24.965651227113554
9887,17.4,28.17599868774414,86.0,0.0,20.0,6.1,17.214313800512755,22.564294140153827
9888,32.1,28.17599868774414,86.0,0.0,20.5,5.6,21.404064287471176,38.521219286241354
9889,36.1,28.17599868774414,86.0,0.0,20.9,6.3,9.743221438903198,39.02296643167096
9890,23.9,28.17599868774414,86.0,0.0,19.6,6.0,25.981651294754798,31.69449538842644
9891,27.2,28.17599868774414,86.0,0.0,19.9,5.7,16.162854080715533,32.04885622421466
9892,21.2,28.17599868774414,86.0,0.0,19.4,6.0,22.786892984266974,28.03606789528009
9893,25.6,28.17599868774414,86.0,0.0,19.9,6.5,13.721548125197732,29.71646443755932
9894,16.4,28.17599868774414,86.0,0.0,19.7,5.7,5.7302388059910125,18.1190716417973
9895,39.3,28.17599868774414,86.0,0.0,21.0,5.6,28.952175846865135,47.98565275405954
9896,30.3,28.17599868774414,86.0,0.0,20.7,6.2,13.812006275401357,34.443601882620406
9897,32.5,28.17599868774414,86.0,0.0,19.6,5.6,17.757471998718103,37.827241599615434
9898,32.0,28.17599868774414,86.0,0.0,20.5,6.4,25.70487761483011,39.71146328444903
9899,35.3,28.17599868774414,86.0,0.0,19.7,5.8,28.721507474533144,43.91645224235994
9900,36.3,27.72599983215332,89.0,0.0,20.5,6.2,25.38144044961662,43.91443213488498
9901,18.8,27.72599983215332,89.0,0.0,19.7,6.3,14.772725591839926,23.23181767755198
9902,35.2,27.72599983215332,89.0,0.0,19.7,6.4,22.04525706062667,41.81357711818801
9903,34.9,27.72599983215332,89.0,0.0,19.3,6.0,5.7829249904488105,36.63487749713464
9904,17.7,27.72599983215332,89.0,0.0,20.4,5.9,12.851110331151324,21.555333099345397
9905,21.0,27.72599983215332,89.0,0.0,19.3,5.5,20.034351403863077,27.01030542115892
9906,37.6,27.72599983215332,89.0,0.0,21.0,6.3,13.51779552266223,41.65533865679867
9907,25.7,27.72599983215332,89.0,0.0,20.9,6.1,25.078577108164865,33.22357313244946
9908,16.4,27.72599983215332,89.0,0.0,20.9,5.8,17.20996692337118,21.562990077011353
9909,34.5,27.72599983215332,89.0,0.0,20.6,5.9,7.521448046413729,36.75643441392412
9910,38.6,27.72599983215332,89.0,0.0,20.0,6.2,22.452332423418007,45.3356997270254
9911,32.9,27.72599983215332,89.0,0.0,20.9,5.8,24.558523815842594,40.26755714475278
9912,19.6,27.72599983215332,89.0,0.0,19.8,5.8,22.902933989969593,26.47088019699088
9913,25.3,27.72599983215332,89.0,0.0,19.9,5.9,22.324307043446222,31.99729211303387
9914,39.9,27.72599983215332,89.0,0.0,21.0,5.9,17.440782001741,45.132234600522295
9915,30.1,27.72599983215332,89.0,0.0,19.8,6.5,17.20651982171062,35.26195594651319
9916,40.0,27.72599983215332,89.0,0.0,19.3,5.8,21.145416182289306,46.343624854686794
9917,34.8,27.72599983215332,89.0,0.0,19.3,6.2,15.516012918800751,39.45480387564022
9918,19.9,27.72599983215332,89.0,0.0,19.8,6.0,7.8906051337930805,22.267181540137923
9919,22.9,27.72599983215332,89.0,0.0,19.0,5.6,20.75951013853681,29.127853041561043
9920,20.1,27.72599983215332,89.0,0.0,19.2,6.3,13.2172585509146,24.065177565274382
9921,17.7,27.72599983215332,89.0,0.0,19.6,5.6,10.596793821065221,20.879038146319566
9922,21.2,27.72599983215332,89.0,0.0,20.6,6.4,18.23119564385039,26.669358693155118
9923,34.6,27.72599983215332,89.0,0.0,19.6,5.6,6.349912362736394,36.50497370882092
9924,18.0,27.72599983215332,89.0,0.0,20.8,6.1,18.167761890907784,23.450328567272336
9925,35.3,27.72599983215332,89.0,0.0,20.5,6.0,9.604104298311254,38.181231289493375
9926,38.8,27.72599983215332,89.0,0.0,20.1,5.7,27.223865821910618,46.96715974657318
9927,37.3,27.72599983215332,89.0,0.0,19.2,5.7,8.445251483597211,39.83357544507916
9928,39.9,27.72599983215332,89.0,0.0,19.1,5.7,12.050437727656362,43.51513131829691
9929,17.0,27.72599983215332,89.0,0.0,19.8,5.6,26.92616929953909,25.077850789861728
9930,27.4,27.72599983215332,89.0,0.0,20.9,5.5,17.25797327561338,32.57739198268401
9931,26.3,27.72599983215332,89.0,0.0,19.6,6.4,17.94818231476352,31.684454694429057
9932,21.8,27.72599983215332,89.0,0.0,19.8,6.3,17.745445923482777,27.123633777044834
9933,29.4,27.72599983215332,89.0,0.0,20.6,6.0,20.615170267887954,35.58455108036638
9934,24.6,27.72599983215332,89.0,0.0,20.1,6.5,5.657414886774096,26.29722446603223
9935,16.3,27.72599983215332,89.0,0.0,19.7,6.1,6.000854477834595,18.10025634335038
9936,29.5,27.72599983215332,89.0,0.0,20.1,5.7,5.924627314461995,31.2773881943386
9937,31.9,27.72599983215332,89.0,0.0,20.2,6.0,8.652990468190943,34.49589714045728
9938,22.4,27.72599983215332,89.0,0.0,20.3,5.5,7.125655947159416,24.537696784147823
9939,39.3,27.72599983215332,89.0,0.0,19.8,6.2,12.019402951127823,42.90582088533834
9940,37.5,27.72599983215332,89.0,0.0,20.6,5.9,6.6903374474556365,39.50710123423669
9941,20.0,27.72599983215332,89.0,0.0,19.9,6.3,21.840831996829113,26.552249599048736
9942,31.3,27.72599983215332,89.0,0.0,20.0,6.1,22.73093719312076,38.11928115793623
9943,37.0,27.72599983215332,89.0,0.0,21.0,6.5,24.89975795913948,44.46992738774185
9944,32.8,27.72599983215332,89.0,0.0,20.6,5.7,10.495249638059214,35.94857489141776
9945,26.5,27.72599983215332,89.0,0.0,20.1,6.1,7.084816576725429,28.62544497301763
9946,27.6,27.72599983215332,89.0,0.0,20.5,5.8,23.67083496719097,34.70125049015729
9947,38.0,27.72599983215332,89.0,0.0,20.9,6.3,26.802091362499496,46.04062740874985
9948,35.1,27.72599983215332,89.0,0.0,19.1,6.1,28.294768903099072,43.588430670929725
9949,37.5,27.72599983215332,89.0,0.0,20.4,6.5,24.171158160273663,44.7513474480821
9950,28.4,27.72599983215332,89.0,0.0,20.6,6.1,13.336651832523383,32.40099554975701
9951,32.8,27.72599983215332,89.0,0.0,19.5,6.2,9.522129948896762,35.65663898466902
9952,17.7,27.72599983215332,89.0,0.0,19.2,5.9,29.88199609798029,26.664598829394087
9953,26.1,27.72599983215332,89.0,0.0,20.1,5.5,23.752649360437793,33.22579480813134
9954,34.0,27.72599983215332,89.0,0.0,19.8,6.1,13.462584835593342,38.038775450678
9955,17.8,27.72599983215332,89.0,0.0,20.9,6.1,20.1422877958963,23.842686338768893
9956,28.7,27.72599983215332,89.0,0.0,19.1,6.3,10.84485535458175,31.953456606374523
9957,27.4,27.72599983215332,89.0,0.0,20.9,5.9,26.926043966913646,35.477813190074095
9958,39.7,27.72599983215332,89.0,0.0,20.0,6.1,20.898916678455663,45.9696750035367
9959,16.7,27.72599983215332,89.0,0.0,19.6,6.4,20.28642419991754,22.78592725997526
9960,39.0,27.325998306274418,91.0,0.0,20.7,5.8,20.16423129685958,45.049269389057876
9961,37.1,27.325998306274418,91.0,0.0,20.7,6.1,17.84406500994597,42.45321950298379
9962,39.3,27.325998306274418,91.0,0.0,20.3,5.9,5.957880736039693,41.08736422081191
9963,25.0,27.325998306274418,91.0,0.0,20.9,5.8,25.046640204929997,32.513992061479
9964,29.7,27.325998306274418,91.0,0.0,19.1,6.4,9.654262506995757,32.596278752098726
9965,25.2,27.325998306274418,91.0,0.0,20.7,6.4,11.05702528382743,28.517107585148228
9966,28.9,27.325998306274418,91.0,0.0,19.2,6.4,21.34617714714364,35.30385314414309
9967,31.9,27.325998306274418,91.0,0.0,19.5,6.1,23.48173077399569,38.94451923219871
9968,37.6,27.325998306274418,91.0,0.0,20.5,5.5,8.739542141587496,40.22186264247625
9969,16.6,27.325998306274418,91.0,0.0,19.4,6.1,13.560962768016767,20.668288830405032
9970,17.7,27.325998306274418,91.0,0.0,20.4,5.5,19.340806909160868,23.50224207274826
9971,34.8,27.325998306274418,91.0,0.0,20.8,6.2,5.489633222572497,36.44688996677175
9972,21.7,27.325998306274418,91.0,0.0,19.9,6.4,13.864620609519225,25.859386182855765
9973,17.5,27.325998306274418,91.0,0.0,20.3,6.4,28.45306655717369,26.035919967152104
9974,16.8,27.325998306274418,91.0,0.0,19.9,5.9,10.27063570417625,19.881190711252877
9975,32.0,27.325998306274418,91.0,0.0,20.8,5.6,17.940213185948203,37.38206395578446
9976,40.0,27.325998306274418,91.0,0.0,20.4,6.0,13.914470729975775,44.17434121899273
9977,25.9,27.325998306274418,91.0,0.0,19.2,5.8,17.58886241725468,31.176658725176402
9978,21.3,27.325998306274418,91.0,0.0,20.0,5.6,29.137831483469284,30.041349445040787
9979,33.7,27.325998306274418,91.0,0.0,20.5,6.2,6.911528505427073,35.773458551628124
9980,33.8,27.325998306274418,91.0,0.0,20.8,6.0,21.302352495278146,40.19070574858344
9981,39.8,27.325998306274418,91.0,0.0,19.6,6.1,7.057226402346735,41.91716792070402
9982,39.4,27.325998306274418,91.0,0.0,19.4,6.4,14.492821082783815,43.747846324835145
9983,25.7,27.325998306274418,91.0,0.0,20.0,5.7,18.1386971016792,31.14160913050376
9984,33.7,27.325998306274418,91.0,0.0,20.4,6.4,28.130388572271496,42.139116571681456
9985,25.5,27.325998306274418,91.0,0.0,19.2,6.5,21.11838954902525,31.835516864707575
9986,24.2,27.325998306274418,91.0,0.0,19.7,6.2,13.25681963315788,28.17704588994736
9987,20.0,27.325998306274418,91.0,0.0,19.6,6.5,9.002574670174532,22.700772401052358
9988,36.8,27.325998306274418,91.0,0.0,19.7,5.8,9.176008225079595,39.552802467523875
9989,16.9,27.325998306274418,91.0,0.0,19.7,6.3,19.74004546532116,22.822013639596346
9990,27.8,27.325998306274418,91.0,0.0,20.2,6.3,20.300591558308454,33.890177467492535
9991,27.1,27.325998306274418,91.0,0.0,20.9,6.2,14.874585109343778,31.562375532803134
9992,27.5,27.325998306274418,91.0,0.0,19.7,5.8,19.5738152726499,33.37214458179497
9993,16.0,27.325998306274418,91.0,0.0,19.2,6.2,16.34138697028591,20.902416091085772
9994,18.3,27.325998306274418,91.0,0.0,19.0,6.4,21.443296198337492,24.732988859501248
9995,19.3,27.325998306274418,91.0,0.0,20.4,5.6,26.530895109483442,27.259268532845034
9996,21.0,27.325998306274418,91.0,0.0,20.7,6.2,14.743341586537927,25.42300247596138
9997,30.4,27.325998306274418,91.0,0.0,19.2,5.6,10.381369218968166,33.51441076569045
9998,40.0,27.325998306274418,91.0,0.0,19.4,6.4,8.498090147345847,42.54942704420375
9999,34.1,27.325998306274418,91.0,0.0,19.2,5.8,9.372624050600962,36.91178721518029
10000,28.9,27.325998306274418,91.0,0.0,20.9,6.2,15.48419476283258,33.54525842884977
10001,27.1,27.325998306274418,91.0,0.0,19.0,6.3,11.018351468266054,30.405505440479818
10002,18.6,27.325998306274418,91.0,0.0,20.9,6.3,22.883778114799675,25.465133434439903
10003,37.1,27.325998306274418,91.0,0.0,20.4,5.7,8.391785657084565,39.61753569712537
10004,19.5,27.325998306274418,91.0,0.0,20.3,5.6,9.214940335890935,22.26448210076728
10005,16.7,27.325998306274418,91.0,0.0,19.3,6.3,5.300353795999728,18.290106138799917
10006,19.4,27.325998306274418,91.0,0.0,19.9,5.8,25.768223466170372,27.130467039851112
10007,19.2,27.325998306274418,91.0,0.0,20.9,5.8,18.115129239380735,24.63453877181422
10008,21.9,27.325998306274418,91.0,0.0,20.3,5.6,26.347648448892297,29.804294534667687
10009,16.1,27.325998306274418,91.0,0.0,19.4,5.7,15.44176040874086,20.73252812262226
10010,30.2,27.325998306274418,91.0,0.0,19.1,5.5,5.118611438346955,31.735583431504086
10011,33.0,27.325998306274418,91.0,0.0,19.3,5.6,20.481190946393077,39.14435728391793
10012,36.6,27.325998306274418,91.0,0.0,20.3,5.9,22.580544281486148,43.37416328444584
10013,34.0,27.325998306274418,91.0,0.0,20.3,6.0,15.609398634332463,38.68281959029974
10014,36.6,27.325998306274418,91.0,0.0,20.6,6.4,10.6150665900377,39.784519977011314
10015,18.5,27.325998306274418,91.0,0.0,19.1,6.1,18.89475572500413,24.16842671750124
10016,28.6,27.325998306274418,91.0,0.0,21.0,6.3,9.004522524997672,31.301356757499303
10017,35.2,27.325998306274418,91.0,0.0,20.4,5.9,24.802694795451455,42.64080843863544
10018,35.9,27.325998306274418,91.0,0.0,20.7,5.7,24.366646974264345,43.2099940922793
10019,17.2,27.325998306274418,91.0,0.0,20.9,5.6,6.060094452003735,19.01802833560112
10020,28.9,27.025999069213867,93.0,0.0,20.9,5.9,7.150278422846544,31.04508352685396
10021,36.1,27.025999069213867,93.0,0.0,20.9,5.7,5.389288242320484,37.71678647269615
10022,19.2,27.025999069213867,93.0,0.0,19.3,6.0,24.15035763429607,26.44510729028882
10023,29.6,27.025999069213867,93.0,0.0,20.0,5.8,19.659087660029588,35.49772629800888
10024,24.3,27.025999069213867,93.0,0.0,19.6,6.4,22.18467039459436,30.955401118378308
10025,22.2,27.025999069213867,93.0,0.0,19.9,6.3,13.345554561410792,26.203666368423235
10026,39.3,27.025999069213867,93.0,0.0,20.4,5.7,20.107347092194438,45.33220412765833
10027,24.7,27.025999069213867,93.0,0.0,20.0,5.7,16.06187950966759,29.518563852900275
10028,28.9,27.025999069213867,93.0,0.0,20.1,6.2,19.276196174440976,34.68285885233229
10029,21.5,27.025999069213867,93.0,0.0,19.7,6.5,24.22994652838701,28.768983958516102
10030,20.0,27.025999069213867,93.0,0.0,20.1,5.6,21.524857731268643,26.457457319380595
10031,37.4,27.025999069213867,93.0,0.0,19.8,6.4,20.59871457190832,43.5796143715725
10032,39.9,27.025999069213867,93.0,0.0,20.9,5.8,17.967832146473693,45.29034964394211
10033,23.4,27.025999069213867,93.0,0.0,19.6,6.2,21.446413023937573,29.83392390718127
10034,15.5,27.025999069213867,93.0,0.0,20.3,6.5,8.710431133327289,18.113129339998185
10035,31.3,27.025999069213867,93.0,0.0,20.2,6.2,20.075377543673618,37.322613263102085
10036,37.0,27.025999069213867,93.0,0.0,19.9,6.3,23.356807995508543,44.007042398652565
10037,21.2,27.025999069213867,93.0,0.0,19.4,6.2,7.782557461333324,23.534767238399997
10038,31.9,27.025999069213867,93.0,0.0,20.7,5.8,26.316427474317273,39.79492824229518
10039,29.7,27.025999069213867,93.0,0.0,19.7,6.5,21.15112316990361,36.045336950971084
10040,39.6,27.025999069213867,93.0,0.0,19.5,6.0,22.835035058510073,46.45051051755302
10041,37.6,27.025999069213867,93.0,0.0,21.0,5.6,25.153945457512073,45.14618363725362
10042,39.5,27.025999069213867,93.0,0.0,20.0,6.3,16.80636818003174,44.541910454009525
10043,37.5,27.025999069213867,93.0,0.0,20.1,6.5,21.092532310014768,43.82775969300443
10044,38.8,27.025999069213867,93.0,0.0,20.3,6.3,14.624420321156757,43.18732609634702
10045,30.8,27.025999069213867,93.0,0.0,19.8,5.9,29.516007489628556,39.654802246888565
10046,38.3,27.025999069213867,93.0,0.0,19.1,5.6,18.487656604624526,43.846296981387354
10047,16.4,27.025999069213867,93.0,0.0,20.8,6.3,5.383165376245287,18.014949612873586
10048,19.5,27.025999069213867,93.0,0.0,19.2,6.2,12.172635001666983,23.151790500500095
10049,26.3,27.025999069213867,93.0,0.0,20.6,6.0,19.36739758001189,32.11021927400357
10050,39.3,27.025999069213867,93.0,0.0,20.1,6.4,26.204745507722517,47.16142365231675
10051,35.8,27.025999069213867,93.0,0.0,19.2,6.4,22.83363250721203,42.65008975216361
10052,22.1,27.025999069213867,93.0,0.0,19.5,6.0,24.697854274663754,29.50935628239913
10053,23.2,27.025999069213867,93.0,0.0,19.8,5.8,9.971775986317864,26.19153279589536
10054,33.2,27.025999069213867,93.0,0.0,20.7,5.5,7.667435849435062,35.50023075483052
10055,27.6,27.025999069213867,93.0,0.0,20.8,6.2,7.264693990060371,29.779408197018114
10056,31.8,27.025999069213867,93.0,0.0,19.9,6.4,29.522889832340308,40.65686694970209
10057,19.4,27.025999069213867,93.0,0.0,19.6,6.0,16.288277239859216,24.286483171957762
10058,28.3,27.025999069213867,93.0,0.0,19.0,5.8,10.122089614630157,31.336626884389048
10059,32.2,27.025999069213867,93.0,0.0,19.2,6.3,14.422530571349819,36.52675917140495
10060,33.7,27.025999069213867,93.0,0.0,19.7,6.4,29.77586715011034,42.6327601450331
10061,15.9,27.025999069213867,93.0,0.0,20.0,5.7,14.473331196810397,20.24199935904312
10062,17.9,27.025999069213867,93.0,0.0,20.4,6.2,19.403538301059243,23.721061490317773
10063,31.9,27.025999069213867,93.0,0.0,20.3,6.3,24.389273923775157,39.21678217713254
10064,37.0,27.025999069213867,93.0,0.0,20.5,6.4,15.465996923316547,41.63979907699496
10065,17.8,27.025999069213867,93.0,0.0,20.0,6.1,21.51966658938103,24.25589997681431
10066,24.5,27.025999069213867,93.0,0.0,20.3,5.8,25.527410502775634,32.15822315083269
10067,20.3,27.025999069213867,93.0,0.0,19.2,6.2,7.224448362254847,22.467334508676455
10068,33.7,27.025999069213867,93.0,0.0,20.0,5.7,6.934375105143307,35.780312531543
10069,34.5,27.025999069213867,93.0,0.0,19.2,5.7,7.0767509286082175,36.62302527858247
10070,33.1,27.025999069213867,93.0,0.0,20.9,6.4,13.196292376888238,37.058887713066476
10071,20.0,27.025999069213867,93.0,0.0,19.2,6.4,10.935334659564823,23.280600397869446
10072,27.9,27.025999069213867,93.0,0.0,19.5,5.5,26.489460732183236,35.84683821965497
10073,30.1,27.025999069213867,93.0,0.0,20.5,5.8,8.233025364868197,32.56990760946046
10074,16.8,27.025999069213867,93.0,0.0,20.1,6.2,15.105261611089286,21.331578483326787
10075,15.3,27.025999069213867,93.0,0.0,20.2,6.4,28.992002110562076,23.997600633168624
10076,34.4,27.025999069213867,93.0,0.0,20.3,6.1,9.292399876549172,37.18771996296475
10077,17.5,27.025999069213867,93.0,0.0,20.8,6.2,22.097895105228293,24.12936853156849
10078,30.8,27.025999069213867,93.0,0.0,19.6,5.5,27.587120912329482,39.07613627369884
10079,39.4,27.025999069213867,93.0,0.0,19.5,5.5,7.651382520298071,41.69541475608942
