,current_soil_moisture,temperature,humidity,rain,salinity,ph,irrigation_amount,next_smoist_0
0,30.0,26.57599830627441,90.0,0.0,20.9,5.8,18.576028764524374,35.57280862935731
1,26.5,26.57599830627441,90.0,0.0,20.4,6.2,26.66372388730243,34.49911716619073
2,26.3,26.57599830627441,90.0,0.0,20.0,5.9,18.406997914829933,31.82209937444898
3,29.4,26.57599830627441,90.0,0.0,20.8,5.6,17.944611672030906,34.78338350160927
4,26.9,26.57599830627441,90.0,0.0,20.0,6.4,11.74244188301331,30.422732564903992
5,28.3,26.57599830627441,90.0,0.0,20.7,5.8,29.139904899445522,37.041971469833655
6,28.2,26.57599830627441,90.0,0.0,20.4,6.4,11.439861800831405,31.63195854024942
7,29.5,26.57599830627441,90.0,0.0,19.8,6.1,27.334151128164955,37.700245338449484
8,25.4,26.57599830627441,90.0,0.0,20.0,5.8,13.776702868629275,29.53301086058878
9,26.7,26.57599830627441,90.0,0.0,20.6,5.7,10.962679220807532,29.98880376624226
10,29.4,26.57599830627441,90.0,0.0,19.2,5.9,11.263511950578287,32.779053585173486
11,27.5,26.57599830627441,90.0,0.0,20.6,6.3,24.723268618289755,34.916980585486925
12,30.0,26.57599830627441,90.0,0.0,19.2,6.0,18.903332866071178,35.67099985982135
13,28.6,26.57599830627441,90.0,0.0,20.0,5.6,22.8832361973815,35.46497085921445
14,26.4,26.57599830627441,90.0,0.0,20.3,5.9,19.86741630709319,32.36022489212795
15,29.3,26.57599830627441,90.0,0.0,20.0,6.0,18.694265317696818,34.90827959530905
16,25.5,26.57599830627441,90.0,0.0,19.0,5.5,24.421176797748533,32.82635303932456
17,28.3,26.57599830627441,90.0,0.0,20.0,6.1,24.677009029835727,35.703102708950716
18,29.9,26.57599830627441,90.0,0.0,21.0,6.5,15.875704633364386,34.662711390009314
19,26.5,26.57599830627441,90.0,0.0,20.1,6.2,22.511124217848046,33.25333726535441
20,29.2,26.57599830627441,90.0,0.0,20.7,6.2,23.33534879644412,36.200604638933235
21,28.2,26.57599830627441,90.0,0.0,19.6,6.4,24.650550898607896,35.59516526958237
22,29.0,26.57599830627441,90.0,0.0,20.2,6.2,26.884753508667714,37.065426052600316
23,28.3,26.57599830627441,90.0,0.0,20.4,6.2,10.88831781754742,31.566495345264226
24,27.9,26.57599830627441,90.0,0.0,19.5,6.0,10.218244350790302,30.96547330523709
25,26.7,26.57599830627441,90.0,0.0,19.3,6.1,25.039367538371618,34.21181026151149
26,28.2,26.57599830627441,90.0,0.0,20.7,5.8,17.639407198769423,33.49182215963083
27,29.6,26.57599830627441,90.0,0.0,19.9,6.0,18.79938063378038,35.23981419013411
28,25.9,26.57599830627441,90.0,0.0,20.5,5.7,22.30098001021689,32.59029400306507
29,27.1,26.57599830627441,90.0,0.0,19.9,6.3,22.183660343885983,33.75509810316579
30,25.6,26.57599830627441,90.0,0.0,19.5,6.0,17.448144641522422,30.834443392456727
31,26.8,26.57599830627441,90.0,0.0,19.2,5.7,28.650444207569567,35.395133262270875
32,29.0,26.57599830627441,90.0,0.0,20.9,6.2,20.734653269714443,35.22039598091433
33,26.5,26.57599830627441,90.0,0.0,21.0,5.5,25.12290642709707,34.03687192812912
34,27.2,26.57599830627441,90.0,0.0,19.1,6.0,14.199009460406897,31.45970283812207
35,29.0,26.57599830627441,90.0,0.0,20.5,6.5,27.81700305510921,37.345100916532765
36,28.3,26.57599830627441,90.0,0.0,20.7,5.8,19.65470423012684,34.19641126903805
37,26.5,26.57599830627441,90.0,0.0,19.6,6.3,22.06311463120805,33.118934389362416
38,29.6,26.57599830627441,90.0,0.0,20.9,5.7,10.173339028131824,32.65200170843955
39,26.8,26.57599830627441,90.0,0.0,19.1,6.4,21.314758848085873,33.194427654425766
40,29.8,26.57599830627441,90.0,0.0,19.7,5.6,26.97606531293382,37.89281959388015
41,27.8,26.57599830627441,90.0,0.0,20.6,6.0,23.236074869683463,34.77082246090504
42,25.2,26.57599830627441,90.0,0.0,19.1,6.4,19.89750464412654,31.16925139323796
43,26.4,26.57599830627441,90.0,0.0,19.4,6.2,17.262133389857855,31.578640016957355
44,29.7,26.57599830627441,90.0,0.0,20.9,6.2,25.684713060100638,37.40541391803019
45,27.2,26.57599830627441,90.0,0.0,20.7,5.6,22.126303633109533,33.83789108993286
46,29.3,26.57599830627441,90.0,0.0,20.3,5.8,25.817205838542918,37.04516175156287
47,29.4,26.57599830627441,90.0,0.0,20.4,5.9,10.560183760284563,32.56805512808537
48,25.3,26.57599830627441,90.0,0.0,19.9,6.3,11.686709516942779,28.806012855082834
49,28.0,26.57599830627441,90.0,0.0,19.9,6.0,23.663331199839362,35.09899935995181
50,29.6,26.57599830627441,90.0,0.0,19.9,5.8,21.032614079507894,35.90978422385237
51,28.9,26.57599830627441,90.0,0.0,20.0,6.1,20.34398494036622,35.00319548210987
52,30.0,26.57599830627441,90.0,0.0,19.7,5.7,29.667821603552337,38.9003464810657
53,26.9,26.57599830627441,90.0,0.0,19.1,5.8,16.49706628175115,31.849119884525344
54,25.3,26.57599830627441,90.0,0.0,19.9,5.8,21.852831350167207,31.85584940505016
55,28.3,26.57599830627441,90.0,0.0,19.5,6.0,17.91472183762871,33.674416551288616
56,27.9,26.57599830627441,90.0,0.0,20.5,6.0,11.34001179143107,31.30200353742932
57,25.6,26.57599830627441,90.0,0.0,20.5,5.6,24.041645230460297,32.81249356913809
58,26.2,26.57599830627441,90.0,0.0,20.4,6.3,27.033285955960228,34.30998578678807
59,27.0,26.57599830627441,90.0,0.0,19.9,6.2,15.348950168820714,31.604685050646214
60,29.8,26.375999450683597,91.0,0.0,20.5,6.4,19.55292564899401,35.6658776946982
61,28.8,26.375999450683597,91.0,0.0,19.0,6.4,18.578350157888334,34.3735050473665
62,28.1,26.375999450683597,91.0,0.0,21.0,6.0,19.720541225111496,34.016162367533454
63,25.9,26.375999450683597,91.0,0.0,19.2,5.5,22.139160286505096,32.541748085951525
64,28.7,26.375999450683597,91.0,0.0,20.6,5.8,29.39447711165967,37.5183431334979
65,25.5,26.375999450683597,91.0,0.0,20.0,5.9,15.838504408452259,30.251551322535676
66,28.4,26.375999450683597,91.0,0.0,19.8,5.8,19.266774340826473,34.18003230224794
67,28.0,26.375999450683597,91.0,0.0,19.5,6.2,26.88288587975132,36.0648657639254
68,27.4,26.375999450683597,91.0,0.0,19.5,6.2,22.658093772364957,34.197428131709486
69,26.1,26.375999450683597,91.0,0.0,19.6,5.9,11.554411599326027,29.56632347979781
70,28.7,26.375999450683597,91.0,0.0,19.5,6.4,20.65405958922257,34.89621787676677
71,25.8,26.375999450683597,91.0,0.0,19.6,6.1,20.451845271494285,31.935553581448286
72,27.8,26.375999450683597,91.0,0.0,19.3,5.9,16.863180172490118,32.858954051747034
73,28.5,26.375999450683597,91.0,0.0,21.0,6.0,14.17833373489149,32.75350012046745
74,28.3,26.375999450683597,91.0,0.0,20.8,6.1,10.89585708406238,31.568757125218713
75,29.6,26.375999450683597,91.0,0.0,19.3,5.7,11.667956019918481,33.100386805975546
76,29.3,26.375999450683597,91.0,0.0,19.3,6.3,25.15129205365274,36.84538761609582
77,26.9,26.375999450683597,91.0,0.0,19.0,6.0,13.56093474826517,30.96828042447955
78,27.4,26.375999450683597,91.0,0.0,19.1,6.0,14.19690555516939,31.659071666550815
79,25.6,26.375999450683597,91.0,0.0,19.8,6.3,13.217638511088794,29.565291553326638
80,27.4,26.375999450683597,91.0,0.0,19.7,5.7,28.105082266622535,35.83152467998676
81,26.1,26.375999450683597,91.0,0.0,19.9,6.1,23.633996282480297,33.19019888474409
82,27.2,26.375999450683597,91.0,0.0,19.6,6.3,26.904894575948852,35.27146837278465
83,29.1,26.375999450683597,91.0,0.0,21.0,5.9,27.567699406071053,37.370309821821316
84,26.8,26.375999450683597,91.0,0.0,20.0,5.8,24.758897847723343,34.227669354317
85,29.2,26.375999450683597,91.0,0.0,20.9,5.9,11.718766484481469,32.71562994534444
86,29.2,26.375999450683597,91.0,0.0,19.4,6.1,14.908707688490555,33.672612306547165
87,26.1,26.375999450683597,91.0,0.0,19.9,5.5,22.899629209271925,32.96988876278158
88,29.8,26.375999450683597,91.0,0.0,19.9,6.0,16.966928997698375,34.89007869930951
89,29.8,26.375999450683597,91.0,0.0,19.1,6.1,17.05725114006787,34.917175342020364
90,28.6,26.375999450683597,91.0,0.0,19.6,6.3,11.716651156046591,32.11499534681398
91,29.8,26.375999450683597,91.0,0.0,19.7,5.8,13.985994452578288,33.995798335773486
92,29.8,26.375999450683597,91.0,0.0,19.1,6.0,25.82852099322279,37.54855629796684
93,27.0,26.375999450683597,91.0,0.0,19.1,6.4,15.738301117606602,31.72149033528198
94,26.5,26.375999450683597,91.0,0.0,20.2,5.6,11.50476629978342,29.951429889935024
95,25.5,26.375999450683597,91.0,0.0,20.7,6.1,16.903010791242522,30.570903237372757
96,25.4,26.375999450683597,91.0,0.0,20.1,6.2,16.173198349664343,30.2519595048993
97,29.7,26.375999450683597,91.0,0.0,20.2,5.5,11.556385624922438,33.16691568747673
98,29.0,26.375999450683597,91.0,0.0,21.0,5.8,12.686896026964828,32.80606880808945
99,29.9,26.375999450683597,91.0,0.0,19.9,6.2,25.38291274785992,37.51487382435798
100,26.8,26.375999450683597,91.0,0.0,20.8,5.9,18.515154281597155,32.35454628447915
101,27.7,26.375999450683597,91.0,0.0,20.2,6.1,23.005619152442506,34.60168574573275
102,27.5,26.375999450683597,91.0,0.0,20.7,6.4,27.91847778310066,35.8755433349302
103,26.8,26.375999450683597,91.0,0.0,19.4,5.9,17.71055552555787,32.113166657667364
104,28.0,26.375999450683597,91.0,0.0,20.7,6.5,22.339945130958192,34.701983539287454
105,29.8,26.375999450683597,91.0,0.0,19.5,5.6,25.965493526532747,37.58964805795982
106,26.4,26.375999450683597,91.0,0.0,20.4,6.0,21.092959069610828,32.727887720883245
107,26.8,26.375999450683597,91.0,0.0,19.3,6.0,12.304128957459975,30.491238687237992
108,29.2,26.375999450683597,91.0,0.0,21.0,5.6,21.938513381939927,35.78155401458198
109,25.5,26.375999450683597,91.0,0.0,20.9,5.9,29.655441132088495,34.39663233962655
110,29.7,26.375999450683597,91.0,0.0,19.5,5.9,29.069521469554957,38.42085644086649
111,27.9,26.375999450683597,91.0,0.0,20.9,5.5,28.244229078581583,36.37326872357447
112,29.7,26.375999450683597,91.0,0.0,19.9,5.9,16.55589721196205,34.66676916358861
113,25.9,26.375999450683597,91.0,0.0,20.3,5.8,12.719678295748544,29.71590348872456
114,29.4,26.375999450683597,91.0,0.0,20.7,6.0,29.513890443376106,38.25416713301283
115,29.4,26.375999450683597,91.0,0.0,19.7,6.2,14.39825759410974,33.71947727823292
116,26.5,26.375999450683597,91.0,0.0,21.0,5.9,16.329423716203316,31.398827114860993
117,28.7,26.375999450683597,91.0,0.0,19.3,5.7,23.516556221190392,35.754966866357115
118,26.3,26.375999450683597,91.0,0.0,20.1,6.4,16.565097632235382,31.269529289670615
119,26.8,26.375999450683597,91.0,0.0,20.8,5.9,21.85704927625899,33.3571147828777
120,26.4,26.07599830627441,93.0,0.0,20.7,6.1,29.397000482118084,35.21910014463542
121,25.9,26.07599830627441,93.0,0.0,19.0,5.6,24.82955198258969,33.3488655947769
122,25.2,26.07599830627441,93.0,0.0,20.3,5.5,15.8211031697605,29.94633095092815
123,27.7,26.07599830627441,93.0,0.0,19.8,6.4,24.197881016664052,34.95936430499921
124,28.7,26.07599830627441,93.0,0.0,19.1,6.1,10.328029962723075,31.798408988816924
125,28.5,26.07599830627441,93.0,0.0,20.2,5.6,19.0551742273684,34.21655226821052
126,26.0,26.07599830627441,93.0,0.0,20.1,6.2,13.09729966954465,29.929189900863395
127,27.6,26.07599830627441,93.0,0.0,19.7,5.6,26.51861945013823,35.55558583504147
128,26.9,26.07599830627441,93.0,0.0,19.2,6.0,18.94119337952293,32.582358013856876
129,26.6,26.07599830627441,93.0,0.0,19.5,6.3,22.520162037857006,33.3560486113571
130,26.7,26.07599830627441,93.0,0.0,19.8,5.8,28.37566960300235,35.212700880900705
131,29.1,26.07599830627441,93.0,0.0,20.9,5.5,19.237483822735037,34.87124514682051
132,27.3,26.07599830627441,93.0,0.0,20.6,5.6,11.36717094789319,30.710151284367956
133,26.0,26.07599830627441,93.0,0.0,20.8,5.5,29.48546906037681,34.845640718113046
134,28.6,26.07599830627441,93.0,0.0,19.9,5.9,26.167870212044058,36.450361063613215
135,25.6,26.07599830627441,93.0,0.0,20.6,5.6,20.435398859143422,31.730619657743027
136,28.5,26.07599830627441,93.0,0.0,20.4,5.7,28.18514769349415,36.955544308048246
137,29.1,26.07599830627441,93.0,0.0,20.5,5.6,13.19368276220225,33.058104828660674
138,28.7,26.07599830627441,93.0,0.0,20.6,6.5,21.674831547014097,35.20244946410423
139,29.8,26.07599830627441,93.0,0.0,19.6,5.9,23.83020495975999,36.949061487928
140,29.8,26.07599830627441,93.0,0.0,19.1,6.2,17.535867310075044,35.06076019302252
141,26.3,26.07599830627441,93.0,0.0,19.4,6.1,26.3500156618822,34.20500469856466
142,27.3,26.07599830627441,93.0,0.0,19.9,5.6,28.73534875478321,35.920604626434965
143,27.3,26.07599830627441,93.0,0.0,20.0,6.3,24.954476261272752,34.786342878381824
144,26.7,26.07599830627441,93.0,0.0,19.5,5.8,21.472306247751625,33.14169187432549
145,28.6,26.07599830627441,93.0,0.0,20.8,5.6,21.2868643004794,34.98605929014382
146,26.3,26.07599830627441,93.0,0.0,19.8,5.6,17.48407221314527,31.545221663943583
147,26.2,26.07599830627441,93.0,0.0,20.5,5.7,17.5419496274622,31.46258488823866
148,25.8,26.07599830627441,93.0,0.0,20.6,5.8,13.35547990085585,29.806643970256754
149,26.5,26.07599830627441,93.0,0.0,19.1,6.2,14.556785197786228,30.867035559335868
150,28.4,26.07599830627441,93.0,0.0,20.2,6.3,25.071253864186502,35.92137615925595
151,27.2,26.07599830627441,93.0,0.0,19.6,5.8,22.502535505809533,33.95076065174286
152,27.0,26.07599830627441,93.0,0.0,19.0,5.9,15.709069374131651,31.712720812239496
153,27.5,26.07599830627441,93.0,0.0,19.9,5.6,26.158393624086237,35.34751808722587
154,26.6,26.07599830627441,93.0,0.0,20.7,6.0,20.208558157403306,32.662567447220994
155,25.5,26.07599830627441,93.0,0.0,19.3,5.7,20.027796048080866,31.50833881442426
156,27.6,26.07599830627441,93.0,0.0,20.1,6.2,20.233500663248503,33.67005019897455
157,27.4,26.07599830627441,93.0,0.0,19.3,5.6,27.31724650979212,35.595173952937635
158,29.5,26.07599830627441,93.0,0.0,20.1,6.2,20.020742460442243,35.50622273813267
159,25.6,26.07599830627441,93.0,0.0,19.6,6.5,22.333207190963314,32.299962157288995
160,27.1,26.07599830627441,93.0,0.0,19.1,5.8,12.420117873556592,30.82603536206698
161,29.1,26.07599830627441,93.0,0.0,20.4,5.8,23.732681430489848,36.219804429146954
162,25.3,26.07599830627441,93.0,0.0,19.4,5.6,28.40004664917526,33.82001399475258
163,29.3,26.07599830627441,93.0,0.0,19.9,5.6,12.613514456563932,33.08405433696918
164,25.5,26.07599830627441,93.0,0.0,19.4,6.0,16.0842401030392,30.32527203091176
165,26.1,26.07599830627441,93.0,0.0,20.8,5.5,10.018612235043241,29.105583670512974
166,27.9,26.07599830627441,93.0,0.0,21.0,5.7,21.90479361622085,34.47143808486625
167,28.9,26.07599830627441,93.0,0.0,19.2,5.7,12.183312264680355,32.554993679404106
168,29.0,26.07599830627441,93.0,0.0,19.7,5.7,29.736404414657578,37.92092132439727
169,29.6,26.07599830627441,93.0,0.0,20.8,6.4,13.769928889365758,33.730978666809726
170,26.9,26.07599830627441,93.0,0.0,20.3,5.7,26.71582329058774,34.91474698717632
171,26.4,26.07599830627441,93.0,0.0,19.6,6.1,28.836768765993625,35.051030629798085
172,28.2,26.07599830627441,93.0,0.0,19.5,5.6,15.31451559713042,32.794354679139126
173,27.5,26.07599830627441,93.0,0.0,20.7,5.5,17.23318922267345,32.66995676680203
174,29.8,26.07599830627441,93.0,0.0,20.3,6.2,20.724057529432205,36.01721725882966
175,29.5,26.07599830627441,93.0,0.0,19.4,5.8,19.32447520865237,35.29734256259571
176,27.0,26.07599830627441,93.0,0.0,19.1,6.2,24.126127942145146,34.237838382643545
177,29.2,26.07599830627441,93.0,0.0,20.3,5.8,16.038375838270433,34.01151275148113
178,29.6,26.07599830627441,93.0,0.0,20.5,6.1,13.690113817728944,33.70703414531869
179,25.9,26.07599830627441,93.0,0.0,20.6,5.6,10.74858481641358,29.124575444924073
180,29.9,25.82599830627441,94.0,0.0,19.4,6.5,21.898951562248463,36.46968546867454
181,25.5,25.82599830627441,94.0,0.0,20.2,6.2,21.039257531951996,31.811777259585597
182,25.2,25.82599830627441,94.0,0.0,20.7,6.4,10.557936271549892,28.367380881464968
183,26.6,25.82599830627441,94.0,0.0,19.7,6.4,28.090238649226105,35.02707159476783
184,29.8,25.82599830627441,94.0,0.0,19.3,6.4,15.905430735296694,34.57162922058901
185,26.5,25.82599830627441,94.0,0.0,19.1,5.8,10.402489095817423,29.620746728745228
186,25.2,25.82599830627441,94.0,0.0,19.9,6.1,18.5288994791202,30.758669843736058
187,28.7,25.82599830627441,94.0,0.0,19.6,5.8,28.61089620055203,37.283268860165606
188,27.8,25.82599830627441,94.0,0.0,20.4,6.3,10.312183849230351,30.893655154769107
189,28.9,25.82599830627441,94.0,0.0,19.9,6.3,21.488124559343717,35.34643736780311
190,29.9,25.82599830627441,94.0,0.0,20.8,5.5,27.335138144714385,38.100541443414315
191,29.8,25.82599830627441,94.0,0.0,20.9,5.5,18.721383357667854,35.41641500730036
192,26.5,25.82599830627441,94.0,0.0,19.8,5.9,26.75199174385093,34.52559752315528
193,27.2,25.82599830627441,94.0,0.0,20.6,6.3,23.153681071674384,34.146104321502314
194,25.7,25.82599830627441,94.0,0.0,20.0,6.1,27.227321319836054,33.86819639595082
195,27.4,25.82599830627441,94.0,0.0,19.1,6.1,17.25590722659861,32.576772167979584
196,25.6,25.82599830627441,94.0,0.0,19.8,6.1,26.138182919063475,33.441454875719046
197,30.0,25.82599830627441,94.0,0.0,20.0,6.2,21.250568239319982,36.375170471796
198,26.2,25.82599830627441,94.0,0.0,20.9,5.6,16.444816610783132,31.133444983234938
199,25.5,25.82599830627441,94.0,0.0,21.0,5.9,24.10924315195933,32.7327729455878
200,29.1,25.82599830627441,94.0,0.0,19.3,5.7,20.41848839496405,35.22554651848922
201,27.5,25.82599830627441,94.0,0.0,20.5,6.1,10.624323537071971,30.68729706112159
202,27.4,25.82599830627441,94.0,0.0,19.9,5.7,25.22198284809425,34.96659485442827
203,27.9,25.82599830627441,94.0,0.0,19.7,6.0,14.573155397865236,32.27194661935957
204,29.3,25.82599830627441,94.0,0.0,19.9,5.6,16.473911889835485,34.24217356695065
205,25.2,25.82599830627441,94.0,0.0,19.0,6.0,27.096886445451943,33.32906593363558
206,28.6,25.82599830627441,94.0,0.0,20.6,6.3,24.505217323795975,35.95156519713879
207,25.8,25.82599830627441,94.0,0.0,20.9,6.2,17.94132178703782,31.182396536111348
208,27.8,25.82599830627441,94.0,0.0,20.6,6.1,21.41149306934676,34.22344792080403
209,29.6,25.82599830627441,94.0,0.0,19.2,6.0,23.10025516015044,36.53007654804513
210,29.2,25.82599830627441,94.0,0.0,19.7,5.7,27.8878021587225,37.56634064761675
211,25.2,25.82599830627441,94.0,0.0,19.6,5.8,27.59230945253448,33.477692835760344
212,29.7,25.82599830627441,94.0,0.0,20.9,5.9,25.59603132208817,37.37880939662645
213,29.6,25.82599830627441,94.0,0.0,20.5,6.4,24.017344014417578,36.805203204325274
214,27.0,25.82599830627441,94.0,0.0,20.5,5.9,13.94205015734646,31.18261504720394
215,25.6,25.82599830627441,94.0,0.0,19.1,5.7,24.26857713702519,32.88057314110756
216,29.3,25.82599830627441,94.0,0.0,19.1,5.5,29.975515171722186,38.292654551516655
217,28.1,25.82599830627441,94.0,0.0,19.9,6.0,19.873905068293894,34.06217152048817
218,28.1,25.82599830627441,94.0,0.0,20.8,5.6,10.72799604684139,31.31839881405242
219,26.3,25.82599830627441,94.0,0.0,20.5,5.6,27.780796255341805,34.63423887660254
220,27.3,25.82599830627441,94.0,0.0,21.0,6.5,15.149876447610719,31.844962934283217
221,25.7,25.82599830627441,94.0,0.0,19.7,5.6,24.67127121508321,33.10138136452496
222,28.4,25.82599830627441,94.0,0.0,19.8,5.7,22.776581035512457,35.23297431065374
223,27.5,25.82599830627441,94.0,0.0,20.6,6.3,26.34505833822577,35.40351750146773
224,25.9,25.82599830627441,94.0,0.0,19.3,6.0,11.763248458186181,29.428974537455854
225,29.6,25.82599830627441,94.0,0.0,20.6,6.2,10.83899128828689,32.851697386486066
226,27.2,25.82599830627441,94.0,0.0,19.1,6.5,20.459942348461787,33.33798270453853
227,29.9,25.82599830627441,94.0,0.0,20.6,5.6,10.819655160981673,33.1458965482945
228,26.3,25.82599830627441,94.0,0.0,20.4,5.8,17.941987097435902,31.68259612923077
229,28.0,25.82599830627441,94.0,0.0,20.9,5.6,12.476235359525162,31.742870607857547
230,25.6,25.82599830627441,94.0,0.0,20.2,5.7,14.419494111561896,29.92584823346857
231,26.2,25.82599830627441,94.0,0.0,21.0,5.7,28.900889388771997,34.8702668166316
232,29.4,25.82599830627441,94.0,0.0,19.4,6.2,28.77572368485594,38.03271710545678
233,26.0,25.82599830627441,94.0,0.0,19.2,6.5,14.29993083191875,30.289979249575623
234,26.3,25.82599830627441,94.0,0.0,20.6,6.4,13.46856017797151,30.340568053391454
235,29.4,25.82599830627441,94.0,0.0,19.0,6.2,12.411822204286022,33.12354666128581
236,29.8,25.82599830627441,94.0,0.0,20.1,5.8,28.472837107056613,38.341851132116986
237,26.6,25.82599830627441,94.0,0.0,20.3,5.6,23.57509150645381,33.67252745193615
238,25.7,25.82599830627441,94.0,0.0,19.7,5.9,10.329292927124772,28.798787878137432
239,26.7,25.82599830627441,94.0,0.0,20.2,5.6,23.140077965108354,33.642023389532504
240,26.7,25.72599983215332,94.0,0.0,20.0,6.4,27.425822292772022,34.92774668783161
241,27.3,25.72599983215332,94.0,0.0,19.8,6.4,18.579864198827345,32.8739592596482
242,29.9,25.72599983215332,94.0,0.0,20.8,6.4,14.315589110256273,34.19467673307688
243,25.7,25.72599983215332,94.0,0.0,20.9,6.2,22.32443356054283,32.397330068162844
244,29.3,25.72599983215332,94.0,0.0,19.3,5.6,21.78907145164435,35.8367214354933
245,28.2,25.72599983215332,94.0,0.0,19.4,6.3,15.72291766433782,32.916875299301346
246,28.8,25.72599983215332,94.0,0.0,20.5,6.2,28.5896920802273,37.37690762406819
247,29.8,25.72599983215332,94.0,0.0,20.7,6.5,11.415654826147584,33.22469644784427
248,27.6,25.72599983215332,94.0,0.0,19.3,6.1,26.79155818517915,35.63746745555375
249,25.2,25.72599983215332,94.0,0.0,20.8,6.3,26.93572695346422,33.280718086039265
250,27.0,25.72599983215332,94.0,0.0,20.3,6.0,13.835667341716649,31.150700202514994
251,27.4,25.72599983215332,94.0,0.0,20.8,5.9,15.907078673575493,32.172123602072645
252,29.3,25.72599983215332,94.0,0.0,19.7,6.5,29.198692641228774,38.05960779236863
253,26.9,25.72599983215332,94.0,0.0,20.8,6.3,28.464347895517253,35.43930436865517
254,28.7,25.72599983215332,94.0,0.0,19.8,5.6,18.107716544965655,34.1323149634897
255,25.1,25.72599983215332,94.0,0.0,20.4,5.6,17.5165340361298,30.354960210838943
256,25.6,25.72599983215332,94.0,0.0,19.5,6.2,26.36479938618852,33.50943981585656
257,25.8,25.72599983215332,94.0,0.0,19.7,6.3,19.561429120376847,31.668428736113054
258,29.9,25.72599983215332,94.0,0.0,19.1,6.5,18.338083181451637,35.40142495443549
259,26.9,25.72599983215332,94.0,0.0,19.5,6.5,10.332206504676826,29.999661951403045
260,25.3,25.72599983215332,94.0,0.0,19.9,5.8,22.065501826290713,31.919650547887215
261,25.7,25.72599983215332,94.0,0.0,19.4,5.5,28.693183169832064,34.30795495094962
262,28.4,25.72599983215332,94.0,0.0,20.2,6.3,24.084644524507294,35.62539335735219
263,28.3,25.72599983215332,94.0,0.0,20.1,6.4,17.209670923733903,33.462901277120174
264,28.1,25.72599983215332,94.0,0.0,20.0,5.7,22.65353975941332,34.896061927824
265,25.6,25.72599983215332,94.0,0.0,20.2,5.9,27.318029257497738,33.79540877724932
266,26.1,25.72599983215332,94.0,0.0,20.6,6.4,26.510704957903645,34.053211487371094
267,29.9,25.72599983215332,94.0,0.0,20.5,5.6,10.769015417505726,33.13070462525172
268,29.5,25.72599983215332,94.0,0.0,20.4,6.4,29.954042042492922,38.48621261274788
269,26.4,25.72599983215332,94.0,0.0,20.1,6.0,24.272029065832626,33.68160871974979
270,26.5,25.72599983215332,94.0,0.0,19.4,5.6,22.11371587989393,33.13411476396818
271,29.4,25.72599983215332,94.0,0.0,19.3,5.8,21.457928206010493,35.83737846180315
272,28.3,25.72599983215332,94.0,0.0,20.7,6.0,21.517093996135902,34.75512819884077
273,28.7,25.72599983215332,94.0,0.0,19.5,5.5,15.530185699284047,33.35905570978521
274,29.5,25.72599983215332,94.0,0.0,20.2,6.0,24.0357781551835,36.710733446555054
275,27.1,25.72599983215332,94.0,0.0,20.8,5.8,17.223289980191296,32.26698699405739
276,27.0,25.72599983215332,94.0,0.0,19.6,6.4,22.584464927185177,33.77533947815555
277,26.1,25.72599983215332,94.0,0.0,20.8,6.5,17.92477080239704,31.477431240719113
278,28.0,25.72599983215332,94.0,0.0,20.1,6.1,23.720518975885447,35.11615569276563
279,26.5,25.72599983215332,94.0,0.0,19.6,6.3,24.15370879191972,33.74611263757592
280,29.8,25.72599983215332,94.0,0.0,20.3,6.5,16.553155267871425,34.76594658036143
281,29.9,25.72599983215332,94.0,0.0,20.0,6.4,26.293054828942175,37.78791644868265
282,26.8,25.72599983215332,94.0,0.0,19.5,6.1,19.21058304025206,32.56317491207562
283,28.5,25.72599983215332,94.0,0.0,19.2,6.0,23.37967291233524,35.513901873700576
284,29.0,25.72599983215332,94.0,0.0,19.5,6.2,20.70246061040001,35.21073818312
285,27.2,25.72599983215332,94.0,0.0,20.9,6.0,29.315551808500594,35.99466554255018
286,28.0,25.72599983215332,94.0,0.0,20.1,6.3,27.959107029662757,36.38773210889883
287,26.8,25.72599983215332,94.0,0.0,19.6,5.7,26.479746531566974,34.743923959470095
288,28.3,25.72599983215332,94.0,0.0,19.2,6.1,26.765334359945083,36.329600307983526
289,29.0,25.72599983215332,94.0,0.0,21.0,5.5,29.58269048984585,37.874807146953756
290,26.9,25.72599983215332,94.0,0.0,20.0,6.0,11.50909840435274,30.35272952130582
291,28.5,25.72599983215332,94.0,0.0,19.4,6.1,17.476857209646493,33.74305716289395
292,27.6,25.72599983215332,94.0,0.0,19.1,5.7,17.017876938735423,32.705363081620625
293,25.2,25.72599983215332,94.0,0.0,19.6,5.9,22.499973194272417,31.949991958281725
294,26.8,25.72599983215332,94.0,0.0,20.8,5.5,24.92403577831609,34.277210733494826
295,28.8,25.72599983215332,94.0,0.0,20.6,6.0,20.682106595856503,35.004631978756954
296,29.9,25.72599983215332,94.0,0.0,20.5,6.3,18.830600625227234,35.54918018756817
297,27.5,25.72599983215332,94.0,0.0,19.3,6.4,29.753800152016805,36.42614004560504
298,25.3,25.72599983215332,94.0,0.0,19.7,6.2,19.712099987374415,31.213629996212326
299,27.6,25.72599983215332,94.0,0.0,19.7,5.6,26.96019546206784,35.688058638620355
300,27.3,25.625999450683597,94.0,0.0,19.7,6.2,22.258440846202852,33.97753225386086
301,25.9,25.625999450683597,94.0,0.0,20.2,5.8,19.671235949997225,31.801370784999165
302,27.5,25.625999450683597,94.0,0.0,20.5,6.4,12.866849407106947,31.360054822132085
303,29.2,25.625999450683597,94.0,0.0,20.5,6.0,20.47190893827927,35.34157268148378
304,27.3,25.625999450683597,94.0,0.0,20.7,5.7,10.810685183188848,30.543205554956657
305,25.8,25.625999450683597,94.0,0.0,19.2,6.3,24.160310340201256,33.04809310206038
306,28.6,25.625999450683597,94.0,0.0,20.8,5.9,28.34406712316685,37.10322013695006
307,25.3,25.625999450683597,94.0,0.0,20.4,6.0,20.002878586955518,31.300863576086655
308,27.0,25.625999450683597,94.0,0.0,20.6,5.8,19.85624373269021,32.956873119807064
309,28.5,25.625999450683597,94.0,0.0,19.7,5.5,21.424699206583384,34.927409761975014
310,29.1,25.625999450683597,94.0,0.0,19.3,5.9,12.731746341554269,32.91952390246628
311,29.2,25.625999450683597,94.0,0.0,19.1,6.3,28.05442239591286,37.616326718773855
312,27.6,25.625999450683597,94.0,0.0,19.8,5.7,12.680090032768923,31.404027009830678
313,28.4,25.625999450683597,94.0,0.0,21.0,5.7,13.344211943223161,32.40326358296694
314,26.6,25.625999450683597,94.0,0.0,20.1,5.6,17.561545696240906,31.868463708872273
315,27.3,25.625999450683597,94.0,0.0,20.3,5.6,13.004130922149745,31.201239276644923
316,27.3,25.625999450683597,94.0,0.0,21.0,6.0,18.4263385759443,32.82790157278329
317,28.6,25.625999450683597,94.0,0.0,20.3,6.0,22.212032955401156,35.26360988662035
318,28.7,25.625999450683597,94.0,0.0,19.0,6.2,18.07335183411747,34.122005550235244
319,29.8,25.625999450683597,94.0,0.0,19.6,6.0,28.801717771669612,38.44051533150088
320,25.3,25.625999450683597,94.0,0.0,20.6,5.9,15.862894456411926,30.058868336923577
321,27.1,25.625999450683597,94.0,0.0,20.4,6.1,11.738014572470561,30.62140437174117
322,25.5,25.625999450683597,94.0,0.0,20.6,6.5,12.838029799145716,29.351408939743713
323,28.4,25.625999450683597,94.0,0.0,20.8,6.3,25.611947063126053,36.083584118937814
324,28.5,25.625999450683597,94.0,0.0,20.4,6.2,26.22479053264558,36.367437159793674
325,26.4,25.625999450683597,94.0,0.0,20.0,5.9,17.949219390283282,31.78476581708498
326,28.6,25.625999450683597,94.0,0.0,19.2,6.2,23.121973866320495,35.53659215989615
327,25.6,25.625999450683597,94.0,0.0,19.9,5.9,18.9618167946294,31.288545038388822
328,28.1,25.625999450683597,94.0,0.0,19.8,6.4,21.526271981824777,34.55788159454743
329,26.8,25.625999450683597,94.0,0.0,20.9,6.1,16.581367818553193,31.774410345565958
330,26.5,25.625999450683597,94.0,0.0,20.4,6.1,24.519689572240427,33.855906871672126
331,27.4,25.625999450683597,94.0,0.0,20.5,6.5,27.106613295419237,35.53198398862577
332,29.3,25.625999450683597,94.0,0.0,21.0,6.5,26.383152292645413,37.21494568779362
333,25.4,25.625999450683597,94.0,0.0,20.9,5.8,17.11388662543351,30.53416598763005
334,29.0,25.625999450683597,94.0,0.0,19.2,6.5,25.14217573786866,36.5426527213606
335,29.8,25.625999450683597,94.0,0.0,19.6,6.1,13.681655008658733,33.904496502597624
336,25.7,25.625999450683597,94.0,0.0,20.9,5.8,12.880485453612243,29.564145636083673
337,27.3,25.625999450683597,94.0,0.0,20.4,6.0,26.4111849215057,35.22335547645171
338,26.3,25.625999450683597,94.0,0.0,20.4,5.7,19.861909071395075,32.258572721418524
339,27.0,25.625999450683597,94.0,0.0,19.7,5.7,15.530877085722683,31.659263125716805
340,29.5,25.625999450683597,94.0,0.0,20.3,6.4,21.7002416407853,36.010072492235594
341,27.9,25.625999450683597,94.0,0.0,19.8,5.9,20.544355442609568,34.06330663278287
342,26.7,25.625999450683597,94.0,0.0,19.7,6.0,26.590909648247127,34.677272894474136
343,29.5,25.625999450683597,94.0,0.0,20.9,6.3,13.574617320894058,33.572385196268215
344,26.5,25.625999450683597,94.0,0.0,19.7,5.9,28.261144354670684,34.97834330640121
345,27.4,25.625999450683597,94.0,0.0,19.9,5.7,10.627093372609846,30.588128011782953
346,26.6,25.625999450683597,94.0,0.0,20.2,5.9,11.569707031975282,30.070912109592587
347,25.1,25.625999450683597,94.0,0.0,19.3,6.0,29.77288069918693,34.03186420975608
348,29.3,25.625999450683597,94.0,0.0,20.2,6.1,13.5843275507694,33.37529826523082
349,25.7,25.625999450683597,94.0,0.0,20.8,6.3,15.247687852630598,30.27430635578918
350,27.1,25.625999450683597,94.0,0.0,19.3,5.9,27.06296417910501,35.218889253731504
351,28.8,25.625999450683597,94.0,0.0,19.8,5.8,27.785557139691132,37.13566714190734
352,25.9,25.625999450683597,94.0,0.0,20.0,6.0,14.330534749695493,30.199160424908648
353,26.7,25.625999450683597,94.0,0.0,20.4,6.0,14.665003167044038,31.09950095011321
354,25.7,25.625999450683597,94.0,0.0,19.8,5.7,13.776273291300967,29.832881987390287
355,26.4,25.625999450683597,94.0,0.0,19.9,6.4,14.628601611390495,30.788580483417146
356,28.2,25.625999450683597,94.0,0.0,20.3,6.3,27.068666219335736,36.320599865800716
357,25.8,25.625999450683597,94.0,0.0,19.5,5.8,12.253161644734845,29.475948493420454
358,26.3,25.625999450683597,94.0,0.0,19.8,5.8,12.754694813064038,30.12640844391921
359,27.4,25.625999450683597,94.0,0.0,20.7,5.9,19.931043386139926,33.37931301584197
360,26.2,25.57599830627441,94.0,0.0,19.4,5.9,16.70458297616898,31.211374892850692
361,29.1,25.57599830627441,94.0,0.0,20.3,5.7,29.316735579357804,37.895020673807345
362,29.8,25.57599830627441,94.0,0.0,19.5,6.3,20.54665811446845,35.963997434340534
363,29.9,25.57599830627441,94.0,0.0,19.4,6.5,27.75032809990925,38.225098429972775
364,26.1,25.57599830627441,94.0,0.0,20.3,5.5,14.501244240560421,30.45037327216813
365,28.4,25.57599830627441,94.0,0.0,21.0,5.5,17.87222401378365,33.761667204135094
366,29.4,25.57599830627441,94.0,0.0,19.3,5.7,24.979799054668845,36.89393971640065
367,29.3,25.57599830627441,94.0,0.0,19.6,6.2,12.771064018409772,33.131319205522935
368,29.7,25.57599830627441,94.0,0.0,19.9,6.4,19.454766787838597,35.536430036351575
369,27.0,25.57599830627441,94.0,0.0,19.9,6.3,28.88097522125486,35.66429256637646
370,26.4,25.57599830627441,94.0,0.0,19.9,5.6,25.01754084453748,33.90526225336124
371,29.7,25.57599830627441,94.0,0.0,19.0,5.9,22.32990610520859,36.39897183156258
372,28.2,25.57599830627441,94.0,0.0,19.7,5.9,14.48099911574128,32.54429973472239
373,26.4,25.57599830627441,94.0,0.0,20.5,5.7,17.08630097692628,31.525890293077882
374,25.3,25.57599830627441,94.0,0.0,20.4,5.8,28.87928879491601,33.9637866384748
375,26.1,25.57599830627441,94.0,0.0,19.7,5.8,26.858633753198877,34.157590125959665
376,27.7,25.57599830627441,94.0,0.0,20.5,6.2,14.260356408639108,31.97810692259173
377,25.4,25.57599830627441,94.0,0.0,20.3,6.0,10.915239931299354,28.674571979389803
378,28.7,25.57599830627441,94.0,0.0,20.6,6.2,23.657179727510712,35.797153918253215
379,28.1,25.57599830627441,94.0,0.0,20.7,6.0,20.012975081691522,34.10389252450746
380,26.7,25.57599830627441,94.0,0.0,20.3,5.8,14.923856882925701,31.17715706487771
381,28.9,25.57599830627441,94.0,0.0,20.7,6.4,19.588787970804006,34.7766363912412
382,27.1,25.57599830627441,94.0,0.0,20.2,6.3,17.126094800425506,32.23782844012765
383,27.4,25.57599830627441,94.0,0.0,20.1,5.8,14.143089178069047,31.642926753420713
384,29.9,25.57599830627441,94.0,0.0,20.8,6.1,21.531857398656005,36.3595572195968
385,28.2,25.57599830627441,94.0,0.0,19.8,5.7,23.4911457522328,35.247343725669836
386,26.2,25.57599830627441,94.0,0.0,19.5,6.0,21.75432541750531,32.72629762525159
387,27.7,25.57599830627441,94.0,0.0,19.3,6.1,15.094484494957996,32.228345348487395
388,25.8,25.57599830627441,94.0,0.0,19.2,5.9,19.718608791156115,31.715582637346834
389,26.1,25.57599830627441,94.0,0.0,19.7,6.5,10.625546909834139,29.287664072950243
390,25.9,25.57599830627441,94.0,0.0,20.4,5.7,17.434716580010274,31.13041497400308
391,29.0,25.57599830627441,94.0,0.0,19.8,6.3,17.015495318294192,34.10464859548826
392,28.4,25.57599830627441,94.0,0.0,19.8,6.0,25.368617498270854,36.01058524948125
393,25.3,25.57599830627441,94.0,0.0,21.0,5.7,17.256646466398507,30.476993939919552
394,28.1,25.57599830627441,94.0,0.0,20.4,5.6,22.924706615781368,34.97741198473441
395,29.3,25.57599830627441,94.0,0.0,20.0,5.8,15.283087369337931,33.88492621080138
396,27.9,25.57599830627441,94.0,0.0,19.8,6.2,13.54364718141759,31.963094154425274
397,25.7,25.57599830627441,94.0,0.0,20.7,5.7,25.03517595532951,33.21055278659885
398,29.3,25.57599830627441,94.0,0.0,20.7,6.0,14.89375216132258,33.768125648396776
399,26.2,25.57599830627441,94.0,0.0,20.7,6.3,28.115961289897154,34.63478838696915
400,28.8,25.57599830627441,94.0,0.0,20.9,5.8,15.785824299623862,33.53574728988716
401,25.1,25.57599830627441,94.0,0.0,20.7,5.6,22.7212061811092,31.916361854332763
402,28.1,25.57599830627441,94.0,0.0,20.4,6.1,27.49945970373592,36.34983791112077
403,27.4,25.57599830627441,94.0,0.0,19.6,5.9,23.883520519551027,34.56505615586531
404,29.6,25.57599830627441,94.0,0.0,20.2,6.1,15.07841228823786,34.12352368647136
405,25.4,25.57599830627441,94.0,0.0,19.4,5.6,14.89392692396242,29.868178077188723
406,27.3,25.57599830627441,94.0,0.0,20.8,5.6,15.18263381973239,31.85479014591972
407,29.0,25.57599830627441,94.0,0.0,20.2,5.9,25.924441137313657,36.777332341194096
408,29.2,25.57599830627441,94.0,0.0,19.2,5.6,14.365241112030018,33.50957233360901
409,27.7,25.57599830627441,94.0,0.0,20.1,5.9,28.564114753821123,36.26923442614633
410,29.4,25.57599830627441,94.0,0.0,20.5,5.6,29.599133336902327,38.27974000107069
411,27.5,25.57599830627441,94.0,0.0,19.4,5.8,24.220253602226357,34.76607608066791
412,29.6,25.57599830627441,94.0,0.0,19.3,6.1,21.18207425734868,35.95462227720461
413,28.1,25.57599830627441,94.0,0.0,19.8,6.0,18.5572726825093,33.66718180475279
414,28.5,25.57599830627441,94.0,0.0,19.0,5.9,29.967899493175587,37.49036984795268
415,29.5,25.57599830627441,94.0,0.0,19.8,5.5,22.619045171106215,36.28571355133187
416,27.5,25.57599830627441,94.0,0.0,19.5,6.1,24.43316675950159,34.82995002785047
417,29.1,25.57599830627441,94.0,0.0,19.7,5.8,16.26847755711261,33.98054326713378
418,28.7,25.57599830627441,94.0,0.0,19.3,6.0,24.726127333973654,36.1178382001921
419,29.2,25.57599830627441,94.0,0.0,20.3,6.1,25.873595943419165,36.962078783025746
420,28.2,27.025999069213867,89.0,0.0,20.5,5.7,27.026350511606168,36.30790515348185
421,28.2,27.025999069213867,89.0,0.0,20.7,5.8,13.495149997449403,32.248544999234824
422,25.4,27.025999069213867,89.0,0.0,20.1,6.4,17.954473908136897,30.786342172441067
423,27.5,27.025999069213867,89.0,0.0,19.9,6.3,19.75811987297024,33.42743596189107
424,26.5,27.025999069213867,89.0,0.0,19.6,5.8,19.14474574310608,32.24342372293182
425,29.7,27.025999069213867,89.0,0.0,19.3,5.8,25.248398671151538,37.27451960134546
426,28.8,27.025999069213867,89.0,0.0,19.2,5.9,27.556646976738545,37.06699409302156
427,28.7,27.025999069213867,89.0,0.0,19.6,6.0,24.5537756001431,36.06613268004293
428,27.6,27.025999069213867,89.0,0.0,20.0,5.9,18.315102426990233,33.09453072809707
429,27.2,27.025999069213867,89.0,0.0,20.4,5.7,10.030544962335286,30.209163488700586
430,25.9,27.025999069213867,89.0,0.0,19.7,5.7,28.622381609307315,34.486714482792195
431,28.5,27.025999069213867,89.0,0.0,19.8,6.1,13.049630719439122,32.414889215831735
432,29.9,27.025999069213867,89.0,0.0,20.8,5.8,14.784475233113907,34.33534256993417
433,28.7,27.025999069213867,89.0,0.0,19.1,6.1,12.97428262740757,32.59228478822227
434,28.4,27.025999069213867,89.0,0.0,20.2,6.0,12.515212396329321,32.15456371889879
435,29.6,27.025999069213867,89.0,0.0,19.5,5.6,28.778265261196292,38.23347957835889
436,28.1,27.025999069213867,89.0,0.0,19.1,5.7,28.660479111449185,36.698143733434755
437,25.0,27.025999069213867,89.0,0.0,20.4,6.0,22.48555749282795,31.745667247848385
438,28.0,27.025999069213867,89.0,0.0,20.8,5.7,13.002696068442143,31.900808820532642
439,27.6,27.025999069213867,89.0,0.0,19.7,5.8,22.94179476196308,34.482538428588924
440,28.4,27.025999069213867,89.0,0.0,19.9,5.7,23.157422228176937,35.34722666845308
441,27.9,27.025999069213867,89.0,0.0,19.1,5.5,14.314378769820822,32.19431363094625
442,26.6,27.025999069213867,89.0,0.0,19.5,6.0,26.119356250274997,34.4358068750825
443,25.9,27.025999069213867,89.0,0.0,20.5,6.1,18.8710687982024,31.561320639460718
444,27.4,27.025999069213867,89.0,0.0,19.8,5.7,27.734595674806176,35.72037870244185
445,26.9,27.025999069213867,89.0,0.0,19.2,5.9,21.895835150017867,33.468750545005356
446,25.7,27.025999069213867,89.0,0.0,19.8,6.3,24.514989826808993,33.0544969480427
447,25.9,27.025999069213867,89.0,0.0,19.7,5.7,25.33048322617993,33.49914496785398
448,29.1,27.025999069213867,89.0,0.0,19.8,6.3,28.086788464284243,37.52603653928527
449,27.9,27.025999069213867,89.0,0.0,20.6,6.4,11.777176902602813,31.433153070780843
450,26.1,27.025999069213867,89.0,0.0,20.4,5.9,12.196417525334864,29.75892525760046
451,26.9,27.025999069213867,89.0,0.0,20.0,6.3,19.93229278626538,32.879687835879615
452,28.6,27.025999069213867,89.0,0.0,20.3,5.5,14.227996068389157,32.868398820516745
453,29.4,27.025999069213867,89.0,0.0,20.0,6.5,26.258264567758236,37.27747937032747
454,27.0,27.025999069213867,89.0,0.0,19.3,5.8,27.61554847092887,35.28466454127866
455,28.7,27.025999069213867,89.0,0.0,20.1,5.6,11.69199291119285,32.207597873357855
456,27.2,27.025999069213867,89.0,0.0,19.9,6.1,13.971914286377974,31.391574285913393
457,25.7,27.025999069213867,89.0,0.0,20.9,6.2,16.83164073063213,30.749492219189637
458,28.3,27.025999069213867,89.0,0.0,20.2,6.4,15.32802993164351,32.898408979493055
459,28.4,27.025999069213867,89.0,0.0,19.9,6.3,13.667406382569531,32.50022191477086
460,29.3,27.025999069213867,89.0,0.0,19.7,6.4,25.048671158239735,36.81460134747192
461,26.5,27.025999069213867,89.0,0.0,19.6,6.2,19.889684325041173,32.466905297512355
462,29.2,27.025999069213867,89.0,0.0,20.5,6.2,18.644331758615195,34.79329952758456
463,28.9,27.025999069213867,89.0,0.0,20.7,5.6,19.589718278906275,34.77691548367188
464,27.2,27.025999069213867,89.0,0.0,19.5,6.2,22.676236277067243,34.002870883120174
465,26.4,27.025999069213867,89.0,0.0,19.4,5.8,10.508610958801647,29.55258328764049
466,26.4,27.025999069213867,89.0,0.0,19.2,6.5,23.198957780877347,33.3596873342632
467,28.2,27.025999069213867,89.0,0.0,19.5,6.1,19.605190028200315,34.081557008460095
468,25.8,27.025999069213867,89.0,0.0,19.4,5.5,11.830219934162312,29.349065980248696
469,29.2,27.025999069213867,89.0,0.0,20.1,5.5,23.53339546995901,36.2600186409877
470,25.7,27.025999069213867,89.0,0.0,20.2,6.0,15.003205465468843,30.200961639640653
471,26.5,27.025999069213867,89.0,0.0,20.9,6.4,26.79564897076913,34.53869469123074
472,27.1,27.025999069213867,89.0,0.0,20.3,6.1,27.871577013604636,35.46147310408139
473,27.5,27.025999069213867,89.0,0.0,20.1,6.3,11.5057553168176,30.95172659504528
474,29.8,27.025999069213867,89.0,0.0,19.1,6.4,12.542577607754952,33.56277328232649
475,26.3,27.025999069213867,89.0,0.0,19.7,5.7,13.770966246382725,30.431289873914817
476,27.9,27.025999069213867,89.0,0.0,20.5,6.3,13.42306072329784,31.92691821698935
477,28.1,27.025999069213867,89.0,0.0,20.1,6.1,12.053842214635448,31.716152664390634
478,26.3,27.025999069213867,89.0,0.0,20.9,6.1,26.79333237034318,34.33799971110295
479,28.8,27.025999069213867,89.0,0.0,20.0,5.6,24.082212837397126,36.02466385121914
480,28.9,28.875999450683597,80.0,0.0,20.9,6.4,25.58485262994923,36.57545578898477
481,26.0,28.875999450683597,80.0,0.0,19.2,6.3,13.619010876017972,30.085703262805392
482,29.4,28.875999450683597,80.0,0.0,20.8,6.5,25.967451783965455,37.190235535189636
483,27.6,28.875999450683597,80.0,0.0,20.3,6.4,18.61228776958638,33.183686330875915
484,27.5,28.875999450683597,80.0,0.0,19.3,5.6,23.75735022276819,34.627205066830456
485,29.9,28.875999450683597,80.0,0.0,20.9,6.4,29.877449907654597,38.863234972296375
486,25.6,28.875999450683597,80.0,0.0,19.6,6.3,23.604582694255985,32.6813748082768
487,28.0,28.875999450683597,80.0,0.0,20.7,5.6,12.183643492390221,31.655093047717067
488,27.5,28.875999450683597,80.0,0.0,20.5,5.6,15.582157547693456,32.174647264308035
489,25.5,28.875999450683597,80.0,0.0,19.9,6.1,11.19902004225308,28.859706012675925
490,28.3,28.875999450683597,80.0,0.0,19.4,6.4,27.564161057265036,36.569248317179515
491,26.7,28.875999450683597,80.0,0.0,19.1,6.1,20.89866274850703,32.96959882455211
492,29.5,28.875999450683597,80.0,0.0,19.7,6.3,21.354086906507007,35.906226071952105
493,25.2,28.875999450683597,80.0,0.0,20.2,6.5,21.588254147957144,31.676476244387143
494,26.7,28.875999450683597,80.0,0.0,20.2,6.5,17.572814373895387,31.971844312168614
495,28.9,28.875999450683597,80.0,0.0,20.8,6.3,29.57829925653533,37.773489776960595
496,26.2,28.875999450683597,80.0,0.0,19.1,5.7,15.327768407530666,30.7983305222592
497,26.1,28.875999450683597,80.0,0.0,19.6,5.7,21.899474155111257,32.66984224653338
498,25.6,28.875999450683597,80.0,0.0,20.8,6.2,14.274832272685176,29.882449681805554
499,26.0,28.875999450683597,80.0,0.0,19.2,6.2,20.731421577174594,32.21942647315238
500,25.4,28.875999450683597,80.0,0.0,19.5,5.5,27.31272859096434,33.5938185772893
501,26.4,28.875999450683597,80.0,0.0,19.1,6.0,28.2677524447258,34.880325733417735
502,27.9,28.875999450683597,80.0,0.0,19.9,6.2,16.606524124870923,32.88195723746128
503,25.3,28.875999450683597,80.0,0.0,21.0,6.1,29.454657561438232,34.136397268431466
504,26.6,28.875999450683597,80.0,0.0,19.2,6.3,25.42975405569403,34.22892621670821
505,26.3,28.875999450683597,80.0,0.0,19.9,5.5,29.35003220210848,35.10500966063255
506,28.3,28.875999450683597,80.0,0.0,20.2,6.4,12.243216441925194,31.972964932577558
507,25.9,28.875999450683597,80.0,0.0,19.1,5.9,17.73908851726148,31.221726555178442
508,26.5,28.875999450683597,80.0,0.0,20.1,5.5,25.381381137039384,34.11441434111181
509,27.8,28.875999450683597,80.0,0.0,20.3,5.5,24.475984590566828,35.142795377170046
510,28.2,28.875999450683597,80.0,0.0,19.4,6.2,15.214566978166799,32.76437009345004
511,26.6,28.875999450683597,80.0,0.0,19.3,6.0,18.39769099967858,32.119307299903575
512,27.8,28.875999450683597,80.0,0.0,20.1,5.8,23.92890498648486,34.978671495945456
513,26.2,28.875999450683597,80.0,0.0,20.3,6.1,15.229887341355663,30.7689662024067
514,28.8,28.875999450683597,80.0,0.0,19.3,6.3,12.317012082250232,32.49510362467507
515,27.5,28.875999450683597,80.0,0.0,19.9,6.2,22.979119106261876,34.393735731878564
516,27.1,28.875999450683597,80.0,0.0,19.4,5.9,23.44589988543573,34.13376996563072
517,27.4,28.875999450683597,80.0,0.0,20.9,6.1,12.085001719916026,31.025500515974805
518,26.4,28.875999450683597,80.0,0.0,20.6,5.5,24.939380090983448,33.881814027295036
519,28.6,28.875999450683597,80.0,0.0,19.4,6.0,19.505339957481887,34.451601987244565
520,25.7,28.875999450683597,80.0,0.0,20.3,6.4,11.928922441864309,29.27867673255929
521,29.4,28.875999450683597,80.0,0.0,20.8,5.9,12.180188088041016,33.0540564264123
522,29.5,28.875999450683597,80.0,0.0,20.7,6.0,15.44618459779265,34.133855379337795
523,26.5,28.875999450683597,80.0,0.0,20.6,5.6,26.92381303563036,34.57714391068911
524,29.0,28.875999450683597,80.0,0.0,19.5,6.1,22.539507619676357,35.761852285902904
525,26.5,28.875999450683597,80.0,0.0,21.0,6.5,29.377347278053715,35.31320418341612
526,28.8,28.875999450683597,80.0,0.0,20.9,6.0,10.29541840615744,31.88862552184723
527,25.3,28.875999450683597,80.0,0.0,20.6,6.2,20.222550972331465,31.36676529169944
528,27.4,28.875999450683597,80.0,0.0,21.0,5.9,20.681826819987904,33.60454804599637
529,27.8,28.875999450683597,80.0,0.0,19.7,6.0,28.02987237768399,36.2089617133052
530,29.1,28.875999450683597,80.0,0.0,20.3,6.1,21.54906657667041,35.564719973001125
531,29.0,28.875999450683597,80.0,0.0,19.8,6.0,23.10627960690833,35.9318838820725
532,28.9,28.875999450683597,80.0,0.0,21.0,5.8,19.96747831980887,34.890243495942656
533,26.1,28.875999450683597,80.0,0.0,19.5,6.5,19.559007374764004,31.967702212429202
534,26.3,28.875999450683597,80.0,0.0,19.5,5.7,24.647905744528938,33.694371723358685
535,25.4,28.875999450683597,80.0,0.0,19.3,6.0,23.919358334116225,32.575807500234866
536,25.8,28.875999450683597,80.0,0.0,20.6,5.9,19.204088263206444,31.561226478961935
537,25.9,28.875999450683597,80.0,0.0,19.2,6.4,10.75808081922277,29.12742424576683
538,26.4,28.875999450683597,80.0,0.0,19.6,5.7,26.868827644723716,34.460648293417115
539,26.4,28.875999450683597,80.0,0.0,20.6,6.1,28.43915691384964,34.93174707415489
540,26.8,30.47599983215332,71.0,0.0,20.0,6.2,18.545612675278484,32.363683802583544
541,29.3,30.47599983215332,71.0,0.0,19.5,5.9,28.23484755083443,37.77045426525033
542,29.5,30.47599983215332,71.0,0.0,20.1,6.1,18.532991009456858,35.05989730283706
543,26.1,30.47599983215332,71.0,0.0,20.7,6.3,24.236289083098146,33.37088672492945
544,26.8,30.47599983215332,71.0,0.0,19.6,5.8,25.533686255650743,34.46010587669522
545,29.8,30.47599983215332,71.0,0.0,20.6,6.2,16.69506211823034,34.8085186354691
546,27.7,30.47599983215332,71.0,0.0,20.1,6.2,11.668818806419342,31.200645641925803
547,29.5,30.47599983215332,71.0,0.0,20.5,5.8,24.947518316051397,36.98425549481542
548,27.8,30.47599983215332,71.0,0.0,20.0,6.2,25.621796137762374,35.48653884132871
549,25.2,30.47599983215332,71.0,0.0,19.9,6.1,19.41587487856753,31.02476246357026
550,26.6,30.47599983215332,71.0,0.0,21.0,5.6,17.745249407641808,31.923574822292544
551,26.1,30.47599983215332,71.0,0.0,20.7,5.8,10.950197797739191,29.38505933932176
552,28.0,30.47599983215332,71.0,0.0,20.7,6.3,25.700224902054053,35.71006747061622
553,27.8,30.47599983215332,71.0,0.0,20.9,6.4,11.164059719719523,31.14921791591586
554,28.5,30.47599983215332,71.0,0.0,19.2,5.8,27.425845120963988,36.7277535362892
555,28.4,30.47599983215332,71.0,0.0,19.6,6.0,18.659281948632792,33.99778458458984
556,29.9,30.47599983215332,71.0,0.0,20.3,6.4,18.057760899893058,35.317328269967916
557,29.0,30.47599983215332,71.0,0.0,19.0,5.8,23.575887555328443,36.072766266598535
558,26.1,30.47599983215332,71.0,0.0,20.9,6.2,27.403277156741762,34.32098314702253
559,29.1,30.47599983215332,71.0,0.0,19.6,5.6,21.877945176970854,35.66338355309126
560,29.0,30.47599983215332,71.0,0.0,19.2,6.3,29.864341657903392,37.95930249737101
561,26.4,30.47599983215332,71.0,0.0,19.6,5.9,13.547902054480513,30.46437061634415
562,27.8,30.47599983215332,71.0,0.0,20.0,6.0,24.352219452054307,35.10566583561629
563,29.7,30.47599983215332,71.0,0.0,19.5,5.7,15.969417798875513,34.49082533966265
564,29.5,30.47599983215332,71.0,0.0,19.8,6.2,28.306073716389704,37.991822114916914
565,29.4,30.47599983215332,71.0,0.0,19.7,6.4,26.03737714755456,37.21121314426637
566,28.0,30.47599983215332,71.0,0.0,20.2,5.6,23.096063349038367,34.928819004711514
567,28.3,30.47599983215332,71.0,0.0,19.9,5.6,25.2914912269186,35.88744736807558
568,26.7,30.47599983215332,71.0,0.0,20.6,6.2,13.291650036142563,30.687495010842767
569,28.2,30.47599983215332,71.0,0.0,19.4,5.9,20.565821076987238,34.36974632309617
570,29.6,30.47599983215332,71.0,0.0,20.1,6.3,14.643541202196264,33.99306236065888
571,26.2,30.47599983215332,71.0,0.0,20.5,5.8,18.856289183318395,31.856886754995518
572,26.0,30.47599983215332,71.0,0.0,19.4,5.6,13.710183691541864,30.113055107462557
573,27.1,30.47599983215332,71.0,0.0,20.4,5.8,11.436426505733055,30.530927951719917
574,28.1,30.47599983215332,71.0,0.0,19.9,6.2,21.18676373694457,34.456029121083375
575,27.8,30.47599983215332,71.0,0.0,20.0,5.8,24.87444790170705,35.262334370512114
576,27.1,30.47599983215332,71.0,0.0,20.5,6.1,26.33757792088012,35.00127337626404
577,29.8,30.47599983215332,71.0,0.0,19.1,6.1,11.815083507852037,33.344525052355614
578,26.4,30.47599983215332,71.0,0.0,19.7,5.7,22.193072494984598,33.057921748495374
579,25.5,30.47599983215332,71.0,0.0,20.4,6.3,27.77359218865229,33.832077656595686
580,27.6,30.47599983215332,71.0,0.0,20.7,6.2,10.320944276675155,30.696283283002547
581,27.7,30.47599983215332,71.0,0.0,20.7,5.7,23.682175491178967,34.80465264735369
582,28.3,30.47599983215332,71.0,0.0,19.4,6.4,17.79200016649964,33.637600049949896
583,27.9,30.47599983215332,71.0,0.0,20.3,5.6,19.589131612376455,33.77673948371294
584,26.1,30.47599983215332,71.0,0.0,19.6,6.1,21.858211907252795,32.65746357217584
585,27.9,30.47599983215332,71.0,0.0,20.8,6.3,11.987648984489676,31.4962946953469
586,29.8,30.47599983215332,71.0,0.0,19.7,5.9,29.910925404596917,38.77327762137907
587,29.5,30.47599983215332,71.0,0.0,20.4,6.3,25.79702557511193,37.23910767253358
588,29.5,30.47599983215332,71.0,0.0,21.0,6.1,13.250030586596779,33.47500917597903
589,29.2,30.47599983215332,71.0,0.0,19.0,5.6,21.378469639349106,35.61354089180473
590,26.4,30.47599983215332,71.0,0.0,19.7,5.8,15.061374776806888,30.918412433042064
591,29.7,30.47599983215332,71.0,0.0,20.4,6.2,27.544416232370857,37.96332486971126
592,29.8,30.47599983215332,71.0,0.0,19.9,6.0,15.054773459131548,34.31643203773947
593,28.3,30.47599983215332,71.0,0.0,20.0,5.8,19.794874462741454,34.23846233882244
594,29.0,30.47599983215332,71.0,0.0,19.2,6.4,13.887472696219639,33.16624180886589
595,29.4,30.47599983215332,71.0,0.0,19.4,6.3,16.312060479606274,34.29361814388188
596,25.5,30.47599983215332,71.0,0.0,20.4,6.1,29.933452970060355,34.480035891018105
597,29.1,30.47599983215332,71.0,0.0,19.7,6.0,19.751845961932965,35.02555378857989
598,29.3,30.47599983215332,71.0,0.0,19.6,5.9,21.709769419732623,35.812930825919786
599,28.9,30.47599983215332,71.0,0.0,20.7,6.3,27.126884043550422,37.038065213065124
600,28.4,32.0260009765625,62.0,0.0,20.4,6.1,19.37553549949724,34.21266064984917
601,25.3,32.0260009765625,62.0,0.0,20.2,6.1,10.80408276256456,28.54122482876937
602,27.4,32.0260009765625,62.0,0.0,19.3,5.9,28.25900038397003,35.877700115191004
603,26.1,32.0260009765625,62.0,0.0,20.1,5.6,18.07150298488638,31.521450895465914
604,25.2,32.0260009765625,62.0,0.0,19.8,6.1,11.365225978232816,28.609567793469843
605,25.5,32.0260009765625,62.0,0.0,20.5,5.6,28.76032671791511,34.12809801537453
606,29.1,32.0260009765625,62.0,0.0,19.8,6.1,23.827154468904418,36.248146340671326
607,28.5,32.0260009765625,62.0,0.0,19.5,6.2,24.891007317638614,35.96730219529158
608,27.5,32.0260009765625,62.0,0.0,20.9,5.8,23.915830366902703,34.67474911007081
609,26.3,32.0260009765625,62.0,0.0,19.8,6.0,10.12242749903081,29.336728249709243
610,28.2,32.0260009765625,62.0,0.0,20.7,5.8,28.64120671555435,36.7923620146663
611,25.6,32.0260009765625,62.0,0.0,20.4,5.6,24.32644382832481,32.897933148497444
612,26.2,32.0260009765625,62.0,0.0,19.0,6.3,17.29713661848992,31.389140985546973
613,25.0,32.0260009765625,62.0,0.0,20.0,6.3,21.58613247357944,31.47583974207383
614,26.1,32.0260009765625,62.0,0.0,19.6,5.6,23.230772352603577,33.06923170578107
615,29.0,32.0260009765625,62.0,0.0,21.0,5.6,26.58239003956964,36.974717011870894
616,26.7,32.0260009765625,62.0,0.0,19.4,5.6,17.65690662259823,31.997071986779467
617,25.5,32.0260009765625,62.0,0.0,19.2,5.9,23.313075075770797,32.49392252273124
618,27.2,32.0260009765625,62.0,0.0,21.0,6.0,17.636992104545477,32.491097631363644
619,26.7,32.0260009765625,62.0,0.0,19.9,5.6,13.729981981324679,30.818994594397402
620,27.3,32.0260009765625,62.0,0.0,20.4,6.4,25.094633492780133,34.82839004783404
621,29.2,32.0260009765625,62.0,0.0,20.1,6.4,28.995915341526906,37.89877460245807
622,28.8,32.0260009765625,62.0,0.0,20.5,6.2,28.53112482904119,37.35933744871236
623,25.2,32.0260009765625,62.0,0.0,21.0,6.1,20.901447146106555,31.470434143831966
624,25.2,32.0260009765625,62.0,0.0,20.4,6.2,21.19605610114249,31.558816830342746
625,26.8,32.0260009765625,62.0,0.0,19.3,6.1,28.52378831613112,35.35713649483934
626,28.7,32.0260009765625,62.0,0.0,19.9,5.5,10.221313744512884,31.766394123353866
627,27.0,32.0260009765625,62.0,0.0,19.5,5.9,23.862503261128726,34.15875097833862
628,29.1,32.0260009765625,62.0,0.0,19.6,5.8,10.498458184700306,32.24953745541009
629,27.6,32.0260009765625,62.0,0.0,19.0,6.1,12.313870126773388,31.294161038032016
630,29.8,32.0260009765625,62.0,0.0,19.7,6.4,14.40460774521286,34.12138232356386
631,26.3,32.0260009765625,62.0,0.0,19.7,6.2,20.027325235502587,32.308197570650776
632,27.1,32.0260009765625,62.0,0.0,20.2,6.3,13.315293672838447,31.094588101851535
633,28.0,32.0260009765625,62.0,0.0,19.3,6.5,28.283632800941277,36.485089840282384
634,29.8,32.0260009765625,62.0,0.0,19.9,6.0,13.931900021659944,33.97957000649798
635,29.1,32.0260009765625,62.0,0.0,20.1,5.7,29.50201624100793,37.95060487230238
636,27.1,32.0260009765625,62.0,0.0,21.0,5.5,15.37878788591679,31.713636365775038
637,27.2,32.0260009765625,62.0,0.0,19.5,6.4,16.039268560044285,32.011780568013286
638,27.2,32.0260009765625,62.0,0.0,20.2,5.6,23.035409814350153,34.11062294430504
639,27.6,32.0260009765625,62.0,0.0,19.7,6.4,11.186535801980384,30.955960740594115
640,25.3,32.0260009765625,62.0,0.0,19.0,6.3,29.420370430580903,34.12611112917427
641,25.7,32.0260009765625,62.0,0.0,19.1,5.9,21.80951845469761,32.24285553640928
642,29.7,32.0260009765625,62.0,0.0,19.7,5.9,23.293329545530163,36.68799886365905
643,29.8,32.0260009765625,62.0,0.0,19.7,5.5,29.75709424809573,38.72712827442872
644,27.2,32.0260009765625,62.0,0.0,20.3,5.7,24.8517681555861,34.655530446675826
645,25.3,32.0260009765625,62.0,0.0,20.2,6.1,24.64392391787939,32.693177175363815
646,25.6,32.0260009765625,62.0,0.0,19.3,5.9,26.852163585964128,33.65564907578924
647,28.7,32.0260009765625,62.0,0.0,20.6,5.9,27.879236603438112,37.06377098103143
648,25.3,32.0260009765625,62.0,0.0,19.9,6.3,29.946558254128913,34.28396747623867
649,27.6,32.0260009765625,62.0,0.0,20.4,5.8,19.980400487630476,33.59412014628914
650,28.9,32.0260009765625,62.0,0.0,20.5,6.5,15.893821201712374,33.66814636051371
651,25.5,32.0260009765625,62.0,0.0,19.7,6.1,12.478621903773899,29.24358657113217
652,27.6,32.0260009765625,62.0,0.0,19.0,6.2,14.82317280415825,32.04695184124748
653,27.7,32.0260009765625,62.0,0.0,19.7,6.2,29.254174450002285,36.47625233500068
654,27.6,32.0260009765625,62.0,0.0,19.9,6.0,29.25787964765306,36.37736389429592
655,29.4,32.0260009765625,62.0,0.0,20.7,5.9,20.249664986267653,35.474899495880294
656,26.1,32.0260009765625,62.0,0.0,20.9,5.8,22.69531952483037,32.908595857449114
657,28.6,32.0260009765625,62.0,0.0,19.1,5.7,29.612825230745152,37.48384756922355
658,28.8,32.0260009765625,62.0,0.0,20.1,6.2,18.343100480251156,34.30293014407535
659,26.1,32.0260009765625,62.0,0.0,19.8,5.5,25.347220559529184,33.70416616785876
660,27.4,33.176002502441406,57.0,0.0,20.0,5.8,22.661398979388657,34.1984196938166
661,29.9,33.176002502441406,57.0,0.0,19.9,5.6,11.326215939591668,33.2978647818775
662,26.7,33.176002502441406,57.0,0.0,19.2,5.9,29.325514656475086,35.49765439694252
663,26.8,33.176002502441406,57.0,0.0,20.3,5.6,25.633744598370185,34.490123379511054
664,26.2,33.176002502441406,57.0,0.0,20.2,5.6,23.557297413941626,33.26718922418249
665,26.5,33.176002502441406,57.0,0.0,20.0,5.7,22.92954378468692,33.37886313540608
666,28.8,33.176002502441406,57.0,0.0,19.3,5.5,17.193209191475667,33.9579627574427
667,28.9,33.176002502441406,57.0,0.0,20.2,6.4,19.62278062935031,34.78683418880509
668,29.4,33.176002502441406,57.0,0.0,19.9,5.9,16.874787137545024,34.4624361412635
669,27.1,33.176002502441406,57.0,0.0,19.2,6.5,10.708606812405606,30.312582043721683
670,28.1,33.176002502441406,57.0,0.0,19.4,5.5,14.38087794335405,32.414263383006215
671,27.2,33.176002502441406,57.0,0.0,20.9,6.1,20.31294920306213,33.29388476091864
672,25.6,33.176002502441406,57.0,0.0,19.7,6.3,14.871565802051352,30.061469740615408
673,28.4,33.176002502441406,57.0,0.0,19.7,6.2,25.654688741666497,36.09640662249995
674,28.3,33.176002502441406,57.0,0.0,19.1,6.0,11.491182345702804,31.74735470371084
675,29.6,33.176002502441406,57.0,0.0,19.2,5.6,14.895949214767189,34.068784764430156
676,25.9,33.176002502441406,57.0,0.0,19.4,5.8,25.46598296897663,33.53979489069299
677,29.8,33.176002502441406,57.0,0.0,19.1,5.9,26.18798637155789,37.65639591146737
678,25.1,33.176002502441406,57.0,0.0,19.9,5.9,19.309263264380544,30.892778979314166
679,29.0,33.176002502441406,57.0,0.0,20.8,6.5,15.656655082932316,33.696996524879694
680,26.6,33.176002502441406,57.0,0.0,20.1,6.0,15.87793390310943,31.363380170932828
681,25.9,33.176002502441406,57.0,0.0,19.9,6.0,28.536701449755387,34.461010434926614
682,25.5,33.176002502441406,57.0,0.0,19.8,5.6,28.926062298998882,34.17781868969966
683,28.1,33.176002502441406,57.0,0.0,19.3,6.1,14.537165871844111,32.46114976155324
684,28.9,33.176002502441406,57.0,0.0,19.2,5.9,21.447585587578804,35.33427567627364
685,26.4,33.176002502441406,57.0,0.0,19.3,6.1,21.178139941693637,32.75344198250809
686,26.8,33.176002502441406,57.0,0.0,20.3,5.8,17.834777545134735,32.15043326354042
687,26.5,33.176002502441406,57.0,0.0,20.1,6.3,12.51980734025836,30.255942202077506
688,25.7,33.176002502441406,57.0,0.0,20.0,5.6,15.293630953038125,30.288089285911436
689,25.5,33.176002502441406,57.0,0.0,19.2,6.2,17.61831765183772,30.785495295551314
690,29.5,33.176002502441406,57.0,0.0,20.2,5.7,24.14499712498548,36.74349913749565
691,27.6,33.176002502441406,57.0,0.0,20.6,5.5,18.304221845046563,33.09126655351397
692,28.4,33.176002502441406,57.0,0.0,20.8,6.3,27.47899986458151,36.64369995937445
693,29.0,33.176002502441406,57.0,0.0,19.3,6.4,18.4745683650057,34.54237050950171
694,25.8,33.176002502441406,57.0,0.0,19.1,6.2,18.56322106174063,31.36896631852219
695,27.0,33.176002502441406,57.0,0.0,20.0,5.7,19.045134506422308,32.713540351926696
696,25.0,33.176002502441406,57.0,0.0,19.9,6.1,14.116876833633372,29.235063050090012
697,26.3,33.176002502441406,57.0,0.0,19.5,6.4,25.32504494231681,33.89751348269505
698,28.5,33.176002502441406,57.0,0.0,19.3,6.0,10.919384416382442,31.77581532491473
699,27.2,33.176002502441406,57.0,0.0,19.7,6.4,13.650539231548224,31.295161769464467
700,29.5,33.176002502441406,57.0,0.0,20.2,6.3,14.021530266730682,33.7064590800192
701,29.8,33.176002502441406,57.0,0.0,20.0,5.6,21.560041896095235,36.268012568828574
702,28.1,33.176002502441406,57.0,0.0,19.5,5.6,13.005170072465017,32.00155102173951
703,29.0,33.176002502441406,57.0,0.0,19.5,5.9,23.886311568642924,36.16589347059288
704,25.2,33.176002502441406,57.0,0.0,20.3,5.9,17.253235196732447,30.375970559019734
705,29.5,33.176002502441406,57.0,0.0,20.6,6.4,18.979694344087157,35.193908303226145
706,26.8,33.176002502441406,57.0,0.0,20.1,6.3,22.197537736163106,33.45926132084893
707,28.2,33.176002502441406,57.0,0.0,19.7,5.7,22.226267138589645,34.86788014157689
708,25.8,33.176002502441406,57.0,0.0,20.6,6.2,14.14088238867307,30.04226471660192
709,27.9,33.176002502441406,57.0,0.0,20.5,6.2,18.809629584294314,33.54288887528829
710,29.5,33.176002502441406,57.0,0.0,20.7,6.3,25.888805955148236,37.26664178654447
711,27.0,33.176002502441406,57.0,0.0,20.4,5.9,27.48390955743753,35.24517286723126
712,29.2,33.176002502441406,57.0,0.0,19.3,5.7,22.538116196136357,35.9614348588409
713,28.1,33.176002502441406,57.0,0.0,19.5,6.1,16.16503582915217,32.94951074874565
714,29.1,33.176002502441406,57.0,0.0,19.9,6.1,27.545668998442192,37.36370069953266
715,26.2,33.176002502441406,57.0,0.0,19.2,5.7,24.523700584499117,33.557110175349735
716,29.1,33.176002502441406,57.0,0.0,19.9,5.5,10.937346744888934,32.38120402346668
717,25.2,33.176002502441406,57.0,0.0,19.0,5.6,19.680017066854493,31.104005120056346
718,27.4,33.176002502441406,57.0,0.0,21.0,6.3,26.823154716807988,35.44694641504239
719,27.3,33.176002502441406,57.0,0.0,20.3,6.4,27.577527864077073,35.57325835922312
720,26.9,33.97600173950195,53.0,0.0,20.2,5.9,27.002659058614352,35.000797717584305
721,25.9,33.97600173950195,53.0,0.0,20.2,5.8,21.656922504420695,32.39707675132621
722,28.4,33.97600173950195,53.0,0.0,20.8,5.9,16.752234636104493,33.42567039083134
723,26.7,33.97600173950195,53.0,0.0,20.6,5.7,22.890677263085493,33.567203178925645
724,26.6,33.97600173950195,53.0,0.0,20.4,6.2,25.72710623679828,34.31813187103948
725,25.3,33.97600173950195,53.0,0.0,20.2,6.2,17.669630199026457,30.60088905970794
726,29.3,33.97600173950195,53.0,0.0,19.3,6.2,10.752544335155713,32.525763300546714
727,26.4,33.97600173950195,53.0,0.0,19.9,5.7,14.605063269851492,30.781518980955447
728,26.2,33.97600173950195,53.0,0.0,19.4,6.1,23.067364436507358,33.12020933095221
729,29.2,33.97600173950195,53.0,0.0,20.3,5.9,25.862803029002023,36.95884090870061
730,25.1,33.97600173950195,53.0,0.0,20.2,6.4,26.098431379742443,32.92952941392274
731,27.4,33.97600173950195,53.0,0.0,20.6,6.1,18.35541288913412,32.90662386674023
732,29.0,33.97600173950195,53.0,0.0,21.0,5.6,29.31170958331386,37.79351287499416
733,26.6,33.97600173950195,53.0,0.0,20.6,5.6,28.953473501903698,35.28604205057111
734,25.6,33.97600173950195,53.0,0.0,19.7,5.9,13.696229217946849,29.708868765384054
735,28.0,33.97600173950195,53.0,0.0,20.9,6.4,13.612071377527656,32.0836214132583
736,25.2,33.97600173950195,53.0,0.0,19.1,6.0,28.51151546372251,33.753454639116754
737,26.7,33.97600173950195,53.0,0.0,20.8,6.1,25.22611935903393,34.26783580771018
738,28.7,33.97600173950195,53.0,0.0,19.9,5.5,21.242817316286143,35.07284519488584
739,28.4,33.97600173950195,53.0,0.0,19.4,6.0,18.22137076096122,33.866411228288364
740,27.9,33.97600173950195,53.0,0.0,20.8,6.1,11.53491396136519,31.360474188409555
741,28.1,33.97600173950195,53.0,0.0,20.9,5.7,24.427545509664817,35.428263652899446
742,26.0,33.97600173950195,53.0,0.0,19.7,5.8,22.523869573950325,32.757160872185096
743,26.5,33.97600173950195,53.0,0.0,20.1,5.8,13.596483774012052,30.578945132203614
744,25.2,33.97600173950195,53.0,0.0,20.2,6.3,25.513490803499394,32.85404724104982
745,28.2,33.97600173950195,53.0,0.0,19.3,5.9,29.17325797884095,36.951977393652285
746,29.5,33.97600173950195,53.0,0.0,20.5,5.9,19.96938617445382,35.49081585233615
747,26.4,33.97600173950195,53.0,0.0,19.2,5.5,29.171647791320392,35.151494337396116
748,27.4,33.97600173950195,53.0,0.0,19.4,6.0,29.07276067063527,36.12182820119058
749,27.3,33.97600173950195,53.0,0.0,19.5,5.8,18.602682611724383,32.88080478351731
750,29.5,33.97600173950195,53.0,0.0,20.3,6.1,28.30052200760293,37.99015660228088
751,26.4,33.97600173950195,53.0,0.0,19.1,5.7,10.30872396182711,29.49261718854813
752,28.8,33.97600173950195,53.0,0.0,19.1,6.3,26.426000948751327,36.727800284625395
753,29.8,33.97600173950195,53.0,0.0,19.1,6.1,12.626826005514491,33.58804780165435
754,26.4,33.97600173950195,53.0,0.0,19.3,5.6,15.9162829948683,31.17488489846049
755,28.2,33.97600173950195,53.0,0.0,20.7,6.4,26.48456277480285,36.14536883244085
756,26.9,33.97600173950195,53.0,0.0,20.0,6.0,14.933348561122004,31.3800045683366
757,27.7,33.97600173950195,53.0,0.0,19.5,6.2,12.526005991515932,31.457801797454778
758,27.4,33.97600173950195,53.0,0.0,20.5,5.6,17.630841922253616,32.68925257667608
759,26.2,33.97600173950195,53.0,0.0,19.0,6.1,17.15259686083376,31.345779058250127
760,27.3,33.97600173950195,53.0,0.0,19.6,6.1,20.493783280241022,33.448134984072304
761,28.1,33.97600173950195,53.0,0.0,19.6,5.6,28.524811930216863,36.65744357906506
762,27.4,33.97600173950195,53.0,0.0,20.7,6.3,19.827030054070498,33.348109016221144
763,27.6,33.97600173950195,53.0,0.0,19.2,6.4,18.62443827922209,33.18733148376663
764,26.3,33.97600173950195,53.0,0.0,19.5,5.9,26.19059021080908,34.15717706324273
765,27.7,33.97600173950195,53.0,0.0,19.8,6.1,14.611820397770462,32.08354611933114
766,26.1,33.97600173950195,53.0,0.0,20.0,6.5,17.84293944849992,31.452881834549977
767,25.8,33.97600173950195,53.0,0.0,20.5,5.9,10.211428922232457,28.863428676669738
768,27.5,33.97600173950195,53.0,0.0,20.3,5.6,11.415536115671653,30.924660834701495
769,29.8,33.97600173950195,53.0,0.0,20.0,6.5,21.96857744023061,36.39057323206919
770,27.2,33.97600173950195,53.0,0.0,19.2,6.0,17.970609357796135,32.59118280733884
771,28.2,33.97600173950195,53.0,0.0,20.0,5.7,23.90879736460004,35.37263920938001
772,25.5,33.97600173950195,53.0,0.0,20.2,5.9,25.662447452061663,33.1987342356185
773,28.9,33.97600173950195,53.0,0.0,20.1,5.8,29.80492896839168,37.841478690517505
774,26.0,33.97600173950195,53.0,0.0,20.5,5.9,19.658803170676954,31.897640951203087
775,29.1,33.97600173950195,53.0,0.0,19.7,6.1,19.609895272867114,34.982968581860135
776,29.8,33.97600173950195,53.0,0.0,20.0,6.1,21.085946521716867,36.12578395651506
777,26.1,33.97600173950195,53.0,0.0,19.1,5.8,21.098875477613856,32.42966264328416
778,25.7,33.97600173950195,53.0,0.0,19.7,6.0,29.06201617639459,34.41860485291838
779,25.7,33.97600173950195,53.0,0.0,19.3,5.8,26.768409075099942,33.73052272252998
780,25.8,34.125999450683594,54.0,0.0,19.6,5.8,20.638125778110826,31.991437733433248
781,29.8,34.125999450683594,54.0,0.0,20.8,5.9,14.388079593914316,34.116423878174295
782,26.7,34.125999450683594,54.0,0.0,19.4,5.9,21.94148404181047,33.28244521254314
783,28.4,34.125999450683594,54.0,0.0,19.5,5.9,24.800343938035713,35.84010318141071
784,28.9,34.125999450683594,54.0,0.0,19.6,5.9,17.716224399212216,34.21486731976366
785,25.9,34.125999450683594,54.0,0.0,19.7,6.3,14.559752497021323,30.267925749106396
786,28.9,34.125999450683594,54.0,0.0,19.9,5.6,25.22821274443846,36.46846382333153
787,26.0,34.125999450683594,54.0,0.0,19.5,5.7,20.165254647541694,32.04957639426251
788,27.8,34.125999450683594,54.0,0.0,20.5,5.7,21.65759921136307,34.29727976340892
789,26.3,34.125999450683594,54.0,0.0,20.9,5.8,22.518354416321195,33.055506324896356
790,28.7,34.125999450683594,54.0,0.0,20.4,6.4,26.54120368470801,36.6623611054124
791,28.8,34.125999450683594,54.0,0.0,19.8,5.5,16.83217604913716,33.84965281474115
792,29.8,34.125999450683594,54.0,0.0,20.6,6.2,10.907043874534619,33.07211316236039
793,28.5,34.125999450683594,54.0,0.0,20.5,6.0,23.38469122191575,35.51540736657473
794,25.9,34.125999450683594,54.0,0.0,19.1,5.6,28.39376003406144,34.41812801021843
795,26.4,34.125999450683594,54.0,0.0,19.3,6.0,15.938407313498066,31.181522194049418
796,27.4,34.125999450683594,54.0,0.0,20.9,6.2,25.78351747457717,35.13505524237315
797,29.6,34.125999450683594,54.0,0.0,19.4,6.3,23.85444075124491,36.75633222537348
798,26.0,34.125999450683594,54.0,0.0,19.1,6.0,16.043800223682958,30.813140067104886
799,26.4,34.125999450683594,54.0,0.0,20.7,5.9,17.58708372171428,31.67612511651428
800,29.3,34.125999450683594,54.0,0.0,19.4,6.5,17.398180468767663,34.5194541406303
801,28.7,34.125999450683594,54.0,0.0,20.8,6.4,23.961006493593253,35.888301948077974
802,28.3,34.125999450683594,54.0,0.0,20.9,5.7,20.00898553418888,34.30269566025667
803,26.3,34.125999450683594,54.0,0.0,19.2,5.6,17.357358017150222,31.507207405145067
804,25.5,34.125999450683594,54.0,0.0,20.8,6.3,23.21359992398603,32.46407997719581
805,28.0,34.125999450683594,54.0,0.0,20.7,6.5,13.19289630232596,31.95786889069779
806,27.9,34.125999450683594,54.0,0.0,20.5,6.1,23.14668565927606,34.84400569778282
807,26.9,34.125999450683594,54.0,0.0,20.5,5.7,19.387831365371007,32.7163494096113
808,27.4,34.125999450683594,54.0,0.0,19.6,5.7,28.363776073794618,35.90913282213838
809,25.5,34.125999450683594,54.0,0.0,20.1,5.9,10.264087641926219,28.579226292577864
810,29.4,34.125999450683594,54.0,0.0,20.8,5.5,15.908397139156513,34.17251914174695
811,25.5,34.125999450683594,54.0,0.0,19.5,5.8,19.52704679571179,31.358114038713538
812,29.3,34.125999450683594,54.0,0.0,19.6,5.8,12.883814603368737,33.16514438101062
813,29.7,34.125999450683594,54.0,0.0,21.0,5.9,20.64434713344938,35.893304140034815
814,27.1,34.125999450683594,54.0,0.0,19.7,6.4,18.614614360999823,32.68438430829995
815,26.9,34.125999450683594,54.0,0.0,20.2,5.7,26.496339317128943,34.84890179513868
816,26.1,34.125999450683594,54.0,0.0,19.2,6.0,23.66442421760285,33.19932726528086
817,25.9,34.125999450683594,54.0,0.0,19.0,6.3,22.145805547849076,32.54374166435472
818,26.4,34.125999450683594,54.0,0.0,19.1,6.1,10.330642981410724,29.499192894423217
819,27.9,34.125999450683594,54.0,0.0,19.4,6.0,14.786633589407689,32.335990076822306
820,25.5,34.125999450683594,54.0,0.0,20.9,5.6,22.559141746301908,32.267742523890576
821,27.2,34.125999450683594,54.0,0.0,19.5,5.9,20.257275062975136,33.27718251889254
822,25.1,34.125999450683594,54.0,0.0,20.4,5.6,25.70624250061399,32.8118727501842
823,29.4,34.125999450683594,54.0,0.0,19.6,5.5,18.02292065895599,34.8068761976868
824,28.6,34.125999450683594,54.0,0.0,20.3,6.5,15.481156929343802,33.244347078803145
825,29.9,34.125999450683594,54.0,0.0,20.4,5.5,27.428298958889858,38.128489687666956
826,28.3,34.125999450683594,54.0,0.0,19.7,6.3,15.360169674049525,32.90805090221486
827,27.0,34.125999450683594,54.0,0.0,20.8,5.5,22.681615376863533,33.80448461305906
828,29.6,34.125999450683594,54.0,0.0,20.6,6.2,20.733699066969532,35.82010972009086
829,27.7,34.125999450683594,54.0,0.0,20.5,6.2,28.044481914003867,36.11334457420116
830,27.4,34.125999450683594,54.0,0.0,19.6,5.8,21.96136825746505,33.98841047723951
831,29.7,34.125999450683594,54.0,0.0,20.9,5.5,27.17986501603772,37.853959504811314
832,28.8,34.125999450683594,54.0,0.0,20.4,6.1,16.520724197570985,33.756217259271295
833,29.2,34.125999450683594,54.0,0.0,20.5,6.1,23.948427223829487,36.384528167148844
834,29.4,34.125999450683594,54.0,0.0,19.8,6.1,21.304794364120387,35.79143830923611
835,27.6,34.125999450683594,54.0,0.0,19.8,6.0,12.515876402865977,31.354762920859795
836,26.7,34.125999450683594,54.0,0.0,20.2,5.8,18.173823173536658,32.152146952060995
837,29.2,34.125999450683594,54.0,0.0,20.3,5.7,25.911587121496837,36.97347613644905
838,28.0,34.125999450683594,54.0,0.0,19.7,5.8,26.767395425490076,36.030218627647024
839,28.3,34.125999450683594,54.0,0.0,19.5,5.6,23.220992937198336,35.2662978811595
840,27.4,34.47600173950195,50.0,0.0,19.3,6.2,18.49668034756612,32.94900410426983
841,28.8,34.47600173950195,50.0,0.0,19.2,6.1,23.638937161730368,35.89168114851911
842,25.3,34.47600173950195,50.0,0.0,20.3,6.0,14.592141611779162,29.67764248353375
843,28.3,34.47600173950195,50.0,0.0,20.2,5.9,25.394673092854436,35.91840192785633
844,27.2,34.47600173950195,50.0,0.0,19.2,5.8,12.63101453173411,30.989304359520233
845,26.3,34.47600173950195,50.0,0.0,20.6,6.1,15.604668299242334,30.9814004897727
846,28.0,34.47600173950195,50.0,0.0,20.1,6.3,19.211495864742933,33.76344875942288
847,27.2,34.47600173950195,50.0,0.0,19.2,6.4,12.404359518379053,30.921307855513714
848,29.3,34.47600173950195,50.0,0.0,19.8,5.9,14.76225925110331,33.72867777533099
849,28.4,34.47600173950195,50.0,0.0,19.1,6.1,24.47838340129415,35.743515020388244
850,25.6,34.47600173950195,50.0,0.0,20.2,5.6,16.815754287157887,30.644726286147367
851,25.4,34.47600173950195,50.0,0.0,20.0,6.2,11.186842363107596,28.756052708932277
852,25.3,34.47600173950195,50.0,0.0,19.6,5.6,24.05400999667581,32.51620299900274
853,26.6,34.47600173950195,50.0,0.0,19.4,6.3,21.70408303238208,33.11122490971462
854,27.6,34.47600173950195,50.0,0.0,21.0,5.9,24.97753681259831,35.09326104377949
855,29.9,34.47600173950195,50.0,0.0,19.4,5.8,28.10399479246868,38.3311984377406
856,28.4,34.47600173950195,50.0,0.0,19.5,6.4,16.92706682908679,33.47812004872603
857,26.3,34.47600173950195,50.0,0.0,20.4,5.8,11.691951979053577,29.807585593716073
858,28.4,34.47600173950195,50.0,0.0,19.9,6.5,20.824466896410613,34.647340068923185
859,26.8,34.47600173950195,50.0,0.0,20.1,5.9,20.976350723494285,33.09290521704828
860,26.2,34.47600173950195,50.0,0.0,19.5,6.0,18.07903049545211,31.623709148635633
861,26.0,34.47600173950195,50.0,0.0,19.8,5.7,23.526595970544157,33.05797879116325
862,28.9,34.47600173950195,50.0,0.0,20.2,6.4,24.18958500294437,36.15687550088331
863,28.6,34.47600173950195,50.0,0.0,20.8,6.4,19.216385659427615,34.36491569782829
864,26.2,34.47600173950195,50.0,0.0,20.8,6.2,27.921076564463764,34.57632296933913
865,26.2,34.47600173950195,50.0,0.0,19.8,5.6,28.047101015505245,34.614130304651574
866,26.6,34.47600173950195,50.0,0.0,19.8,6.3,20.85742302191122,32.857226906573366
867,29.8,34.47600173950195,50.0,0.0,19.4,6.3,14.57924782517366,34.1737743475521
868,25.5,34.47600173950195,50.0,0.0,20.4,6.5,28.237335769129352,33.97120073073881
869,26.1,34.47600173950195,50.0,0.0,19.9,6.5,23.573525450921636,33.172057635276495
870,28.6,34.47600173950195,50.0,0.0,21.0,6.2,20.996923370453015,34.89907701113591
871,26.9,34.47600173950195,50.0,0.0,19.0,6.2,27.660563496053292,35.198169048815984
872,28.3,34.47600173950195,50.0,0.0,19.3,5.5,11.264629044559129,31.67938871336774
873,25.8,34.47600173950195,50.0,0.0,21.0,6.2,19.99778214009403,31.79933464202821
874,26.1,34.47600173950195,50.0,0.0,20.7,6.4,24.864393523887166,33.55931805716615
875,25.4,34.47600173950195,50.0,0.0,20.2,6.2,15.772486052591951,30.131745815777585
876,25.9,34.47600173950195,50.0,0.0,19.4,6.3,16.815155600368364,30.944546680110506
877,25.5,34.47600173950195,50.0,0.0,19.6,5.6,21.686847824905108,32.00605434747153
878,27.4,34.47600173950195,50.0,0.0,19.8,6.3,25.48554348674151,35.045663046022455
879,28.4,34.47600173950195,50.0,0.0,19.3,5.8,13.861163840348897,32.55834915210467
880,29.3,34.47600173950195,50.0,0.0,19.6,6.4,15.207848261649739,33.86235447849492
881,28.4,34.47600173950195,50.0,0.0,20.6,5.9,12.19013082829733,32.0570392484892
882,25.5,34.47600173950195,50.0,0.0,19.7,5.5,25.114889491216832,33.03446684736505
883,25.7,34.47600173950195,50.0,0.0,19.9,6.1,28.3355828136432,34.20067484409296
884,27.1,34.47600173950195,50.0,0.0,20.4,5.6,23.573525454606685,34.17205763638201
885,27.2,34.47600173950195,50.0,0.0,20.8,5.6,11.158378623951714,30.547513587185513
886,25.0,34.47600173950195,50.0,0.0,20.2,5.7,12.355733566342579,28.706720069902772
887,29.8,34.47600173950195,50.0,0.0,20.2,6.0,16.137920062251556,34.641376018675466
888,25.7,34.47600173950195,50.0,0.0,19.4,6.3,28.362723258356148,34.20881697750684
889,27.6,34.47600173950195,50.0,0.0,20.1,5.9,20.87251429901891,33.86175428970567
890,27.0,34.47600173950195,50.0,0.0,19.1,6.0,18.553065718379454,32.565919715513836
891,29.8,34.47600173950195,50.0,0.0,19.8,6.0,25.342127618310883,37.40263828549327
892,27.9,34.47600173950195,50.0,0.0,20.5,5.6,23.511871068539584,34.953561320561874
893,27.0,34.47600173950195,50.0,0.0,20.5,6.1,27.687259032798362,35.30617770983951
894,25.1,34.47600173950195,50.0,0.0,19.0,6.1,26.243015297129475,32.97290458913884
895,27.2,34.47600173950195,50.0,0.0,19.5,6.3,22.358208293399684,33.9074624880199
896,27.8,34.47600173950195,50.0,0.0,20.6,5.9,12.845900510127827,31.653770153038348
897,27.2,34.47600173950195,50.0,0.0,19.1,6.3,21.07731265086885,33.52319379526065
898,25.5,34.47600173950195,50.0,0.0,20.0,6.3,12.911001441493301,29.37330043244799
899,28.2,34.47600173950195,50.0,0.0,19.9,5.8,17.17957716048975,33.353873148146924
900,27.3,33.0260009765625,60.0,0.0,20.0,5.6,20.002181801775823,33.30065454053275
901,25.2,33.0260009765625,60.0,0.0,19.7,6.3,13.89122385499181,29.367367156497544
902,28.5,33.0260009765625,60.0,0.0,20.7,6.3,17.79708132429602,33.839124397288806
903,25.5,33.0260009765625,60.0,0.0,20.4,5.5,14.20877300517743,29.762631901553227
904,29.5,33.0260009765625,60.0,0.0,20.2,5.7,27.09786069068534,37.6293582072056
905,26.3,33.0260009765625,60.0,0.0,21.0,6.3,13.974182025233768,30.492254607570132
906,25.0,33.0260009765625,60.0,0.0,20.9,6.2,21.970036775841123,31.591011032752338
907,27.1,33.0260009765625,60.0,0.0,20.8,5.8,10.915753052468602,30.374725915740584
908,26.0,33.0260009765625,60.0,0.0,19.3,5.9,17.038696441167644,31.111608932350293
909,28.3,33.0260009765625,60.0,0.0,19.5,5.8,26.334648784485125,36.20039463534554
910,29.7,33.0260009765625,60.0,0.0,20.5,6.4,24.431499887319276,37.029449966195784
911,26.3,33.0260009765625,60.0,0.0,19.3,5.8,15.119699011986896,30.83590970359607
912,25.9,33.0260009765625,60.0,0.0,19.6,6.1,20.99088679612483,32.19726603883745
913,28.5,33.0260009765625,60.0,0.0,19.0,6.1,11.033757902675001,31.8101273708025
914,29.7,33.0260009765625,60.0,0.0,21.0,6.4,18.0508952635051,35.11526857905153
915,25.3,33.0260009765625,60.0,0.0,19.9,6.3,21.77003290183721,31.831009870551163
916,25.4,33.0260009765625,60.0,0.0,20.7,5.5,21.846528660809497,31.95395859824285
917,25.2,33.0260009765625,60.0,0.0,20.2,6.4,15.91861829032856,29.975585487098567
918,28.4,33.0260009765625,60.0,0.0,20.3,5.9,22.926553403842124,35.277966021152636
919,29.2,33.0260009765625,60.0,0.0,20.7,6.3,14.168884696583625,33.450665408975084
920,28.7,33.0260009765625,60.0,0.0,20.1,6.2,24.119191290132623,35.935757387039786
921,29.7,33.0260009765625,60.0,0.0,19.7,6.3,22.062576066526802,36.31877281995804
922,25.6,33.0260009765625,60.0,0.0,19.9,6.3,21.09296528450986,31.927889585352958
923,26.0,33.0260009765625,60.0,0.0,20.9,5.6,29.198236321221433,34.75947089636643
924,25.1,33.0260009765625,60.0,0.0,20.1,6.5,21.805999559206153,31.641799867761847
925,28.2,33.0260009765625,60.0,0.0,19.8,6.5,15.244332949498459,32.773299884849536
926,28.8,33.0260009765625,60.0,0.0,20.1,6.5,11.261464961263721,32.17843948837912
927,26.0,33.0260009765625,60.0,0.0,20.5,5.9,29.196601043575697,34.75898031307271
928,26.2,33.0260009765625,60.0,0.0,19.7,5.5,24.792365766238568,33.63770972987157
929,28.0,33.0260009765625,60.0,0.0,19.3,5.7,16.33940047597563,32.90182014279269
930,25.3,33.0260009765625,60.0,0.0,20.6,6.4,28.09493074639612,33.72847922391884
931,27.8,33.0260009765625,60.0,0.0,19.0,5.8,20.307974270521413,33.892392281156425
932,27.2,33.0260009765625,60.0,0.0,20.5,5.7,27.211246392662392,35.36337391779872
933,29.9,33.0260009765625,60.0,0.0,20.1,5.7,11.703132667705674,33.4109398003117
934,27.5,33.0260009765625,60.0,0.0,20.5,5.9,22.140703748544237,34.14221112456327
935,26.0,33.0260009765625,60.0,0.0,19.7,6.2,15.289691047025705,30.586907314107712
936,26.6,33.0260009765625,60.0,0.0,20.2,6.4,24.204346720639833,33.86130401619195
937,27.7,33.0260009765625,60.0,0.0,20.4,5.8,17.377998848358715,32.913399654507614
938,27.6,33.0260009765625,60.0,0.0,20.0,6.3,11.08225066952052,30.924675200856157
939,28.3,33.0260009765625,60.0,0.0,20.9,5.6,17.255331265242326,33.4765993795727
940,28.8,33.0260009765625,60.0,0.0,19.6,6.2,28.303513772961274,37.29105413188838
941,27.5,33.0260009765625,60.0,0.0,20.3,6.2,27.35199851824898,35.70559955547469
942,29.0,33.0260009765625,60.0,0.0,19.9,6.2,21.378126185411762,35.41343785562353
943,26.5,33.0260009765625,60.0,0.0,20.9,6.2,22.411856362219638,33.22355690866589
944,25.5,33.0260009765625,60.0,0.0,19.3,5.8,22.83694945370135,32.3510848361104
945,28.4,33.0260009765625,60.0,0.0,19.2,6.2,18.9681475864379,34.09044427593137
946,28.8,33.0260009765625,60.0,0.0,20.5,6.0,18.586852567635212,34.37605577029056
947,25.3,33.0260009765625,60.0,0.0,20.0,6.3,28.63297604345099,33.889892813035296
948,27.9,33.0260009765625,60.0,0.0,19.4,6.3,26.839980087026365,35.95199402610791
949,27.8,33.0260009765625,60.0,0.0,19.9,6.4,15.959532749447288,32.58785982483418
950,27.5,33.0260009765625,60.0,0.0,20.2,6.2,16.0940669491713,32.32822008475139
951,28.3,33.0260009765625,60.0,0.0,19.4,5.7,25.967423731309474,36.09022711939284
952,27.9,33.0260009765625,60.0,0.0,20.9,5.9,29.605561764768186,36.781668529430455
953,26.3,33.0260009765625,60.0,0.0,19.7,6.2,27.29388222332386,34.48816466699716
954,28.5,33.0260009765625,60.0,0.0,20.0,6.3,15.323683666561012,33.0971050999683
955,25.9,33.0260009765625,60.0,0.0,19.5,6.5,27.157489516614238,34.047246854984266
956,28.5,33.0260009765625,60.0,0.0,19.1,5.7,26.793676520595152,36.53810295617855
957,28.8,33.0260009765625,60.0,0.0,19.9,6.0,13.44162249646795,32.83248674894038
958,28.5,33.0260009765625,60.0,0.0,20.0,6.5,12.236331488269304,32.17089944648079
959,27.9,33.0260009765625,60.0,0.0,19.6,6.5,17.18309824149937,33.05492947244981
960,28.6,32.82600021362305,61.0,0.0,19.5,5.9,26.57094286404351,36.571282859213056
961,29.4,32.82600021362305,61.0,0.0,19.9,5.7,21.801537541152832,35.94046126234585
962,28.7,32.82600021362305,61.0,0.0,19.8,5.6,18.9453569365779,34.38360708097337
963,28.3,32.82600021362305,61.0,0.0,19.4,5.9,25.322427293717226,35.89672818811517
964,27.6,32.82600021362305,61.0,0.0,20.7,5.8,21.621556260145976,34.086466878043794
965,29.3,32.82600021362305,61.0,0.0,20.4,6.0,10.581305875995113,32.47439176279853
966,26.1,32.82600021362305,61.0,0.0,20.1,5.8,28.71169387967309,34.71350816390193
967,27.4,32.82600021362305,61.0,0.0,20.1,5.8,27.819815307993427,35.745944592398025
968,27.3,32.82600021362305,61.0,0.0,19.8,6.3,16.58141088950881,32.274423266852644
969,27.6,32.82600021362305,61.0,0.0,20.6,6.4,12.08678810096998,31.226036430290996
970,25.0,32.82600021362305,61.0,0.0,20.0,5.7,17.853945319143687,30.356183595743104
971,28.9,32.82600021362305,61.0,0.0,20.4,6.1,28.037216661372593,37.311164998411776
972,29.0,32.82600021362305,61.0,0.0,20.9,6.2,14.959920341378751,33.487976102413626
973,29.4,32.82600021362305,61.0,0.0,20.6,5.8,17.040184998404683,34.5120554995214
974,29.8,32.82600021362305,61.0,0.0,19.6,5.9,16.76433928043885,34.82930178413166
975,26.2,32.82600021362305,61.0,0.0,19.3,6.3,18.340500342626385,31.702150102787915
976,29.0,32.82600021362305,61.0,0.0,19.4,6.1,20.017541013735986,35.0052623041208
977,26.2,32.82600021362305,61.0,0.0,20.3,5.9,26.698138003867694,34.209441401160305
978,26.5,32.82600021362305,61.0,0.0,19.4,5.7,28.002092162514998,34.9006276487545
979,25.2,32.82600021362305,61.0,0.0,20.3,5.9,27.098943545107023,33.3296830635321
980,29.9,32.82600021362305,61.0,0.0,20.9,5.6,20.019216517056222,35.905764955116865
981,26.3,32.82600021362305,61.0,0.0,19.9,6.4,19.768380298407173,32.23051408952215
982,28.7,32.82600021362305,61.0,0.0,20.9,5.9,22.831058915397726,35.54931767461932
983,27.6,32.82600021362305,61.0,0.0,19.6,5.9,21.05836794488826,33.91751038346648
984,28.3,32.82600021362305,61.0,0.0,20.6,6.0,15.661618686282546,32.99848560588477
985,26.5,32.82600021362305,61.0,0.0,20.4,6.3,15.179495869533767,31.05384876086013
986,29.3,32.82600021362305,61.0,0.0,19.8,5.8,20.653009799379802,35.495902939813945
987,28.0,32.82600021362305,61.0,0.0,19.9,6.2,17.456622061819118,33.236986618545735
988,29.6,32.82600021362305,61.0,0.0,21.0,6.3,14.316350246922603,33.89490507407678
989,25.9,32.82600021362305,61.0,0.0,19.2,6.1,18.27927599493762,31.383782798481285
990,28.9,32.82600021362305,61.0,0.0,20.8,5.5,11.021043087399725,32.206312926219915
991,25.4,32.82600021362305,61.0,0.0,20.6,6.1,20.44696713083903,31.53409013925171
992,29.4,32.82600021362305,61.0,0.0,19.4,6.4,15.849000966432998,34.1547002899299
993,25.5,32.82600021362305,61.0,0.0,20.7,5.6,28.91603530844145,34.17481059253244
994,25.5,32.82600021362305,61.0,0.0,20.6,6.2,24.283095315208882,32.784928594562665
995,25.1,32.82600021362305,61.0,0.0,19.9,5.8,27.862648021182693,33.45879440635481
996,29.0,32.82600021362305,61.0,0.0,19.8,6.0,11.632469078610363,32.48974072358311
997,28.0,32.82600021362305,61.0,0.0,20.4,6.4,11.153320901105282,31.345996270331586
998,28.4,32.82600021362305,61.0,0.0,19.5,6.4,11.178794368420323,31.753638310526096
999,25.4,32.82600021362305,61.0,0.0,20.8,5.9,16.294335397772493,30.288300619331746
1000,28.7,32.82600021362305,61.0,0.0,19.1,5.9,16.743227279892587,33.72296818396777
1001,27.2,32.82600021362305,61.0,0.0,19.1,5.6,21.45606684637361,33.63682005391208
1002,26.0,32.82600021362305,61.0,0.0,19.4,5.9,28.676748784483976,34.60302463534519
1003,25.9,32.82600021362305,61.0,0.0,20.7,6.4,18.132281972648343,31.3396845917945
1004,27.6,32.82600021362305,61.0,0.0,20.0,5.8,15.10332566033041,32.13099769809912
1005,25.7,32.82600021362305,61.0,0.0,21.0,5.7,10.612070389385742,28.88362111681572
1006,26.4,32.82600021362305,61.0,0.0,19.0,6.2,25.31942914332337,33.995828742997006
1007,27.4,32.82600021362305,61.0,0.0,19.7,5.9,11.773014190602494,30.931904257180747
1008,25.7,32.82600021362305,61.0,0.0,20.2,5.8,28.58180348114283,34.27454104434285
1009,29.1,32.82600021362305,61.0,0.0,20.0,5.8,29.36879872080135,37.9106396162404
1010,26.2,32.82600021362305,61.0,0.0,19.5,6.2,13.67969030086586,30.303907090259756
1011,28.9,32.82600021362305,61.0,0.0,19.7,5.9,23.216564565027852,35.86496936950835
1012,25.2,32.82600021362305,61.0,0.0,19.9,6.1,22.572384095248104,31.971715228574432
1013,29.3,32.82600021362305,61.0,0.0,20.9,5.7,26.800269290255017,37.3400807870765
1014,26.8,32.82600021362305,61.0,0.0,20.6,5.8,28.216558409166026,35.26496752274981
1015,27.6,32.82600021362305,61.0,0.0,19.3,6.5,12.397329686800024,31.319198906040008
1016,27.3,32.82600021362305,61.0,0.0,20.8,5.7,20.891970254227793,33.567591076268336
1017,29.6,32.82600021362305,61.0,0.0,20.1,6.0,18.783171225917727,35.23495136777532
1018,29.5,32.82600021362305,61.0,0.0,19.6,6.3,22.5955051941456,36.27865155824368
1019,25.0,32.82600021362305,61.0,0.0,20.4,5.9,26.876264214078617,33.06287926422358
1020,25.9,32.125999450683594,63.0,0.0,20.8,5.6,16.46827830185245,30.840483490555734
1021,25.6,32.125999450683594,63.0,0.0,20.0,6.2,21.57135875155184,32.071407625465554
1022,25.4,32.125999450683594,63.0,0.0,20.7,6.4,18.554275406557768,30.96628262196733
1023,26.2,32.125999450683594,63.0,0.0,19.6,6.2,20.869926202986665,32.460977860896
1024,26.5,32.125999450683594,63.0,0.0,19.7,5.5,26.31035929607251,34.39310778882175
1025,27.6,32.125999450683594,63.0,0.0,19.6,5.7,26.338936686939658,35.501681006081895
1026,28.4,32.125999450683594,63.0,0.0,20.5,6.4,22.843578449318883,35.25307353479566
1027,27.1,32.125999450683594,63.0,0.0,19.5,5.8,10.964350267490275,30.389305080247084
1028,27.3,32.125999450683594,63.0,0.0,19.8,5.9,17.651319638149587,32.59539589144488
1029,29.7,32.125999450683594,63.0,0.0,20.1,6.2,10.764194201134478,32.92925826034034
1030,26.9,32.125999450683594,63.0,0.0,19.5,6.1,21.607570832526882,33.38227124975806
1031,26.6,32.125999450683594,63.0,0.0,20.5,6.4,11.997603424230029,30.19928102726901
1032,28.8,32.125999450683594,63.0,0.0,20.3,5.6,15.435284538754674,33.4305853616264
1033,26.8,32.125999450683594,63.0,0.0,19.0,6.4,18.230731758775708,32.269219527632714
1034,26.3,32.125999450683594,63.0,0.0,19.2,5.8,16.846280113976515,31.353884034192955
1035,25.2,32.125999450683594,63.0,0.0,19.8,6.4,11.541464014330895,28.662439204299268
1036,26.2,32.125999450683594,63.0,0.0,19.8,6.2,19.204868525530678,31.9614605576592
1037,28.5,32.125999450683594,63.0,0.0,20.4,6.4,23.32556933138771,35.49767079941631
1038,26.2,32.125999450683594,63.0,0.0,20.6,5.8,15.02745731332666,30.708237193998
1039,28.5,32.125999450683594,63.0,0.0,19.6,5.7,13.734759774695675,32.6204279324087
1040,26.5,32.125999450683594,63.0,0.0,19.5,5.9,13.388043228136741,30.516412968441024
1041,25.3,32.125999450683594,63.0,0.0,20.7,5.8,25.167493943402413,32.850248183020724
1042,28.7,32.125999450683594,63.0,0.0,20.5,5.7,23.93030353848564,35.879091061545694
1043,29.6,32.125999450683594,63.0,0.0,20.5,6.1,19.108519118471442,35.33255573554143
1044,27.2,32.125999450683594,63.0,0.0,20.0,6.2,26.897131975174243,35.26913959255227
1045,26.8,32.125999450683594,63.0,0.0,20.4,5.5,23.9691420944425,33.990742628332754
1046,26.6,32.125999450683594,63.0,0.0,20.6,6.4,26.282164654548474,34.484649396364546
1047,29.7,32.125999450683594,63.0,0.0,20.0,5.5,29.087060654161466,38.42611819624844
1048,29.7,32.125999450683594,63.0,0.0,20.6,5.7,18.55982641088131,35.267947923264394
1049,25.9,32.125999450683594,63.0,0.0,19.4,5.8,22.62803090585416,32.68840927175625
1050,25.9,32.125999450683594,63.0,0.0,19.3,5.9,10.382729023520689,29.014818707056204
1051,25.1,32.125999450683594,63.0,0.0,20.4,5.9,17.7914769969905,30.437443099097152
1052,27.5,32.125999450683594,63.0,0.0,19.9,6.1,19.853023558847493,33.455907067654245
1053,28.0,32.125999450683594,63.0,0.0,20.5,5.7,25.053459077393534,35.51603772321806
1054,26.8,32.125999450683594,63.0,0.0,19.1,6.3,14.199359188102317,31.059807756430697
1055,28.1,32.125999450683594,63.0,0.0,19.7,5.9,18.180280796481384,33.55408423894442
1056,28.9,32.125999450683594,63.0,0.0,19.5,5.8,17.601655142448344,34.1804965427345
1057,26.7,32.125999450683594,63.0,0.0,19.3,6.1,18.44780504680599,32.234341514041795
1058,28.9,32.125999450683594,63.0,0.0,20.0,5.8,19.154197319999373,34.64625919599981
1059,29.5,32.125999450683594,63.0,0.0,19.7,6.1,17.823533539104886,34.84706006173147
1060,27.3,32.125999450683594,63.0,0.0,20.3,6.0,16.28292219954298,32.184876659862894
1061,26.5,32.125999450683594,63.0,0.0,20.1,5.6,16.865736486378093,31.559720945913426
1062,28.6,32.125999450683594,63.0,0.0,20.3,6.2,25.244543630053485,36.17336308901605
1063,25.7,32.125999450683594,63.0,0.0,20.0,6.0,26.53062244348271,33.65918673304481
1064,27.0,32.125999450683594,63.0,0.0,20.8,5.7,16.002240142160424,31.800672042648127
1065,25.7,32.125999450683594,63.0,0.0,20.0,5.8,12.246462910493275,29.37393887314798
1066,29.5,32.125999450683594,63.0,0.0,19.4,6.4,28.25659678472793,37.97697903541838
1067,28.7,32.125999450683594,63.0,0.0,20.9,6.5,10.168156184574435,31.75044685537233
1068,28.6,32.125999450683594,63.0,0.0,19.5,5.6,23.06048921829929,35.51814676548979
1069,28.7,32.125999450683594,63.0,0.0,19.3,6.1,15.450510995290234,33.335153298587066
1070,25.4,32.125999450683594,63.0,0.0,19.8,6.2,20.16056683496751,31.44817005049025
1071,28.2,32.125999450683594,63.0,0.0,20.2,5.6,19.808014503766653,34.14240435113
1072,25.6,32.125999450683594,63.0,0.0,19.1,6.4,28.525407000179335,34.1576221000538
1073,29.1,32.125999450683594,63.0,0.0,20.0,6.1,13.968097428278858,33.29042922848366
1074,29.9,32.125999450683594,63.0,0.0,19.2,6.1,26.526550966452636,37.85796528993579
1075,25.0,32.125999450683594,63.0,0.0,20.6,5.8,26.636996701491395,32.99109901044742
1076,28.4,32.125999450683594,63.0,0.0,19.5,6.2,22.242987664403266,35.07289629932098
1077,29.8,32.125999450683594,63.0,0.0,20.0,6.3,12.900464583101689,33.67013937493051
1078,28.3,32.125999450683594,63.0,0.0,19.8,5.8,23.009925955204356,35.202977786561306
1079,29.8,32.125999450683594,63.0,0.0,20.3,5.9,22.318406899007794,36.49552206970234
1080,27.8,30.82599830627441,67.0,0.0,20.1,6.0,17.486390684015497,33.04591720520465
1081,28.9,30.82599830627441,67.0,0.0,20.8,6.2,19.8206837285626,34.846205118568776
1082,28.0,30.82599830627441,67.0,0.0,19.3,5.8,22.45716526123508,34.73714957837052
1083,28.9,30.82599830627441,67.0,0.0,19.9,6.0,14.565227361342652,33.269568208402795
1084,25.2,30.82599830627441,67.0,0.0,20.1,5.9,13.083510663690337,29.1250531991071
1085,28.6,30.82599830627441,67.0,0.0,19.4,5.7,11.991663995652232,32.197499198695674
1086,27.1,30.82599830627441,67.0,0.0,19.5,6.4,21.315062675581974,33.49451880267459
1087,26.9,30.82599830627441,67.0,0.0,19.1,6.5,11.767443605249937,30.43023308157498
1088,29.2,30.82599830627441,67.0,0.0,21.0,5.9,28.13838676458458,37.641516029375374
1089,25.1,30.82599830627441,67.0,0.0,20.2,6.1,17.051199357741808,30.215359807322542
1090,28.4,30.82599830627441,67.0,0.0,20.4,5.7,19.258760224160717,34.177628067248214
1091,27.6,30.82599830627441,67.0,0.0,19.8,6.0,10.991433302010591,30.89742999060318
1092,26.6,30.82599830627441,67.0,0.0,19.0,6.5,13.488119121361414,30.646435736408424
1093,26.0,30.82599830627441,67.0,0.0,19.8,5.8,26.968685554466436,34.09060566633993
1094,27.8,30.82599830627441,67.0,0.0,20.5,5.9,22.61125072213962,34.58337521664188
1095,28.8,30.82599830627441,67.0,0.0,20.1,6.1,28.12275643333671,37.236826930001016
1096,26.5,30.82599830627441,67.0,0.0,20.7,5.7,11.980464007178696,30.09413920215361
1097,25.3,30.82599830627441,67.0,0.0,19.4,6.0,25.953402803107053,33.086020840932115
1098,29.0,30.82599830627441,67.0,0.0,20.9,6.3,28.69227079201751,37.60768123760525
1099,29.9,30.82599830627441,67.0,0.0,19.4,5.8,24.254219567503625,37.176265870251086
1100,25.0,30.82599830627441,67.0,0.0,20.9,6.2,17.81318554035777,30.34395566210733
1101,29.5,30.82599830627441,67.0,0.0,20.1,6.0,23.157937699158097,36.44738130974743
1102,27.1,30.82599830627441,67.0,0.0,20.4,6.3,18.574209183656905,32.67226275509707
1103,25.9,30.82599830627441,67.0,0.0,20.4,6.4,11.775191884563503,29.43255756536905
1104,28.9,30.82599830627441,67.0,0.0,19.9,5.8,25.206839155079784,36.46205174652393
1105,27.0,30.82599830627441,67.0,0.0,20.1,6.3,20.532947035209297,33.159884110562786
1106,25.5,30.82599830627441,67.0,0.0,20.6,5.8,11.49968821032758,28.949906463098273
1107,25.7,30.82599830627441,67.0,0.0,20.4,5.5,16.386187884485444,30.615856365345632
1108,26.9,30.82599830627441,67.0,0.0,20.4,5.8,11.29192262138031,30.287576786414093
1109,27.8,30.82599830627441,67.0,0.0,20.5,6.3,10.23486946232359,30.870460838697078
1110,26.9,30.82599830627441,67.0,0.0,20.7,6.3,21.76051255175053,33.42815376552516
1111,25.4,30.82599830627441,67.0,0.0,19.6,6.3,26.653681778133087,33.396104533439924
1112,26.1,30.82599830627441,67.0,0.0,20.2,6.2,25.588551288218433,33.776565386465535
1113,25.2,30.82599830627441,67.0,0.0,19.9,5.7,24.743105614434064,32.62293168433022
1114,26.7,30.82599830627441,67.0,0.0,20.4,5.8,24.23277056600748,33.96983116980224
1115,29.9,30.82599830627441,67.0,0.0,19.1,6.4,15.317770359155782,34.495331107746736
1116,29.8,30.82599830627441,67.0,0.0,19.4,5.8,24.109211675282232,37.03276350258467
1117,29.2,30.82599830627441,67.0,0.0,20.4,5.7,13.56510014397725,33.26953004319317
1118,29.0,30.82599830627441,67.0,0.0,20.5,6.2,18.024116500966883,34.40723495029007
1119,29.8,30.82599830627441,67.0,0.0,19.4,6.3,28.728176951583183,38.41845308547495
1120,25.8,30.82599830627441,67.0,0.0,19.6,6.1,18.327679064590264,31.29830371937708
1121,27.8,30.82599830627441,67.0,0.0,20.0,6.3,10.678975766000566,31.00369272980017
1122,29.7,30.82599830627441,67.0,0.0,19.7,5.8,26.656802205837543,37.69704066175126
1123,29.0,30.82599830627441,67.0,0.0,20.2,5.7,29.549810684469,37.8649432053407
1124,28.1,30.82599830627441,67.0,0.0,19.4,6.2,13.511875638524028,32.15356269155721
1125,28.4,30.82599830627441,67.0,0.0,19.6,6.0,16.525058198123332,33.357517459437
1126,29.7,30.82599830627441,67.0,0.0,19.8,5.7,19.765258939864278,35.62957768195928
1127,26.4,30.82599830627441,67.0,0.0,20.0,5.8,10.98476213647296,29.695428640941888
1128,27.5,30.82599830627441,67.0,0.0,20.9,6.2,18.694953353979052,33.108486006193715
1129,28.0,30.82599830627441,67.0,0.0,20.1,6.1,21.034366508351255,34.31030995250538
1130,28.3,30.82599830627441,67.0,0.0,20.2,5.8,25.176848670348903,35.853054601104674
1131,26.7,30.82599830627441,67.0,0.0,19.5,6.0,13.669513395917471,30.80085401877524
1132,28.5,30.82599830627441,67.0,0.0,20.1,5.7,25.374858064696916,36.112457419409075
1133,28.1,30.82599830627441,67.0,0.0,20.4,5.6,28.388661129887996,36.6165983389664
1134,29.3,30.82599830627441,67.0,0.0,19.3,6.0,17.492843511272653,34.5478530533818
1135,26.4,30.82599830627441,67.0,0.0,20.7,6.0,18.526499158179078,31.95794974745372
1136,27.3,30.82599830627441,67.0,0.0,20.8,6.5,22.191137754679033,33.95734132640371
1137,29.2,30.82599830627441,67.0,0.0,20.9,6.4,28.463327235223154,37.738998170566944
1138,25.2,30.82599830627441,67.0,0.0,20.0,6.3,27.5160213840655,33.45480641521965
1139,27.5,30.82599830627441,67.0,0.0,20.4,5.7,15.392057723121347,32.1176173169364
1140,29.1,30.32599830627441,68.0,0.0,20.6,5.6,13.822621471891681,33.24678644156751
1141,29.6,30.32599830627441,68.0,0.0,19.6,5.5,26.46286495686025,37.538859487058076
1142,29.2,30.32599830627441,68.0,0.0,19.1,6.0,16.832871463372623,34.24986143901179
1143,28.3,30.32599830627441,68.0,0.0,19.4,6.3,13.099657624917766,32.22989728747533
1144,30.0,30.32599830627441,68.0,0.0,19.9,5.9,19.475010266796016,35.8425030800388
1145,29.7,30.32599830627441,68.0,0.0,19.3,6.1,19.915860869845368,35.67475826095361
1146,27.5,30.32599830627441,68.0,0.0,19.1,5.6,18.410237241374478,33.023071172412344
1147,29.8,30.32599830627441,68.0,0.0,19.5,6.3,22.195921319186,36.4587763957558
1148,26.2,30.32599830627441,68.0,0.0,19.2,6.4,14.536323949384375,30.56089718481531
1149,25.3,30.32599830627441,68.0,0.0,20.0,6.3,13.601020226643325,29.380306067992997
1150,26.0,30.32599830627441,68.0,0.0,20.4,5.9,15.674207559367767,30.70226226781033
1151,26.3,30.32599830627441,68.0,0.0,20.1,6.0,22.46303649843528,33.03891094953058
1152,27.2,30.32599830627441,68.0,0.0,20.3,6.0,29.18831654772684,35.956494964318054
1153,28.9,30.32599830627441,68.0,0.0,20.0,5.8,23.037893993383932,35.81136819801518
1154,27.9,30.32599830627441,68.0,0.0,19.1,6.5,15.64449674151389,32.59334902245416
1155,26.6,30.32599830627441,68.0,0.0,19.2,6.2,12.43506947206595,30.330520841619787
1156,27.3,30.32599830627441,68.0,0.0,19.4,5.9,28.795694991922677,35.938708497576805
1157,25.4,30.32599830627441,68.0,0.0,20.8,5.6,11.729619062272809,28.918885718681842
1158,26.1,30.32599830627441,68.0,0.0,20.6,6.1,19.044563133377288,31.813368940013188
1159,27.3,30.32599830627441,68.0,0.0,19.7,6.0,11.625477417732384,30.787643225319716
1160,27.0,30.32599830627441,68.0,0.0,20.9,5.7,15.080827828218887,31.524248348465665
1161,29.9,30.32599830627441,68.0,0.0,20.7,6.4,27.948079899099515,38.28442396972985
1162,29.9,30.32599830627441,68.0,0.0,20.1,5.8,28.6289025590823,38.488670767724685
1163,29.3,30.32599830627441,68.0,0.0,19.9,6.0,20.264297451876473,35.37928923556294
1164,27.1,30.32599830627441,68.0,0.0,20.8,6.2,11.154491202725241,30.446347360817573
1165,26.8,30.32599830627441,68.0,0.0,21.0,5.7,19.342544503920383,32.602763351176115
1166,29.3,30.32599830627441,68.0,0.0,19.9,6.1,11.918668705463089,32.87560061163893
1167,28.9,30.32599830627441,68.0,0.0,20.1,5.7,19.361640549343512,34.708492164803054
1168,28.2,30.32599830627441,68.0,0.0,19.3,6.4,14.530146941645661,32.5590440824937
1169,27.8,30.32599830627441,68.0,0.0,19.2,5.9,16.97143228724399,32.8914296861732
1170,29.1,30.32599830627441,68.0,0.0,20.3,6.2,16.74677119504905,34.12403135851471
1171,29.7,30.32599830627441,68.0,0.0,19.7,5.6,27.269557821762668,37.8808673465288
1172,29.9,30.32599830627441,68.0,0.0,20.5,5.6,21.500737876829074,36.35022136304872
1173,27.0,30.32599830627441,68.0,0.0,19.7,6.3,19.366839774162766,32.81005193224883
1174,28.6,30.32599830627441,68.0,0.0,20.6,6.0,18.595659425266163,34.17869782757985
1175,25.8,30.32599830627441,68.0,0.0,19.4,5.8,20.789327657899058,32.03679829736972
1176,30.0,30.32599830627441,68.0,0.0,20.3,6.1,26.137019629816727,37.841105888945016
1177,25.8,30.32599830627441,68.0,0.0,19.2,6.4,15.416039685114578,30.424811905534373
1178,25.1,30.32599830627441,68.0,0.0,19.1,5.9,17.147470315344492,30.24424109460335
1179,27.6,30.32599830627441,68.0,0.0,20.1,5.8,14.029806746989898,31.80894202409697
1180,28.1,30.32599830627441,68.0,0.0,19.3,6.5,10.575013752015138,31.27250412560454
1181,26.2,30.32599830627441,68.0,0.0,19.8,6.1,29.569128295311096,35.07073848859333
1182,28.3,30.32599830627441,68.0,0.0,19.9,6.3,17.398450956798467,33.51953528703954
1183,30.0,30.32599830627441,68.0,0.0,20.1,5.9,15.03163719497094,34.50949115849128
1184,25.7,30.32599830627441,68.0,0.0,20.3,6.4,23.141106898701075,32.64233206961032
1185,27.2,30.32599830627441,68.0,0.0,19.2,6.2,22.15484596076506,33.84645378822952
1186,27.8,30.32599830627441,68.0,0.0,20.2,5.8,14.369857896917424,32.11095736907523
1187,29.4,30.32599830627441,68.0,0.0,20.7,5.7,24.14304073516501,36.642912220549505
1188,28.1,30.32599830627441,68.0,0.0,19.8,5.9,11.81043182341738,31.643129547025215
1189,26.3,30.32599830627441,68.0,0.0,20.3,5.9,18.567874441233755,31.870362332370128
1190,26.3,30.32599830627441,68.0,0.0,20.6,6.5,24.7713678964195,33.73141036892585
1191,29.6,30.32599830627441,68.0,0.0,20.2,6.1,20.70574453730393,35.81172336119118
1192,26.1,30.32599830627441,68.0,0.0,20.7,6.2,26.815334423129322,34.1446003269388
1193,27.0,30.32599830627441,68.0,0.0,19.4,6.5,17.776922550225578,32.33307676506767
1194,26.3,30.32599830627441,68.0,0.0,20.3,6.4,24.2111764259948,33.56335292779844
1195,28.8,30.32599830627441,68.0,0.0,20.6,5.6,25.34268656166174,36.40280596849852
1196,28.8,30.32599830627441,68.0,0.0,20.2,6.4,29.008023438073,37.502407031421896
1197,25.2,30.32599830627441,68.0,0.0,20.9,5.7,13.739457114261711,29.32183713427851
1198,28.4,30.32599830627441,68.0,0.0,20.0,6.2,29.748892439264832,37.32466773177945
1199,27.2,30.32599830627441,68.0,0.0,19.9,6.1,22.381818331008155,33.91454549930245
1200,27.0,29.22599983215332,74.0,0.0,20.3,6.1,19.14486658043664,32.74345997413099
1201,28.1,29.22599983215332,74.0,0.0,19.1,5.9,16.17321608794616,32.95196482638385
1202,26.6,29.22599983215332,74.0,0.0,19.6,6.1,19.783786362320726,32.53513590869622
1203,26.6,29.22599983215332,74.0,0.0,19.9,5.6,19.580522446469008,32.4741567339407
1204,25.7,29.22599983215332,74.0,0.0,19.6,6.4,17.392260578252213,30.917678173475664
1205,28.6,29.22599983215332,74.0,0.0,20.4,6.0,29.975552252913566,37.59266567587407
1206,25.8,29.22599983215332,74.0,0.0,20.6,6.3,27.69254162532899,34.1077624875987
1207,29.2,29.22599983215332,74.0,0.0,19.9,6.0,25.4096323120815,36.82288969362445
1208,30.0,29.22599983215332,74.0,0.0,21.0,6.4,17.99729305584543,35.399187916753625
1209,28.3,29.22599983215332,74.0,0.0,20.4,6.0,24.18381400124111,35.55514420037233
1210,28.6,29.22599983215332,74.0,0.0,20.8,5.7,15.279399740253785,33.18381992207614
1211,29.6,29.22599983215332,74.0,0.0,20.8,6.4,10.822551724141785,32.84676551724254
1212,29.5,29.22599983215332,74.0,0.0,19.6,5.5,15.267593149707995,34.080277944912396
1213,29.8,29.22599983215332,74.0,0.0,19.6,5.8,13.927747642096557,33.97832429262897
1214,28.6,29.22599983215332,74.0,0.0,19.4,5.7,18.683994591653864,34.20519837749616
1215,27.1,29.22599983215332,74.0,0.0,20.9,6.0,24.6137961027612,34.48413883082836
1216,27.2,29.22599983215332,74.0,0.0,20.4,6.3,15.601849850727225,31.880554955218166
1217,27.3,29.22599983215332,74.0,0.0,19.8,5.9,22.672006746940284,34.101602024082084
1218,25.2,29.22599983215332,74.0,0.0,19.9,5.6,10.967536385793542,28.490260915738062
1219,28.9,29.22599983215332,74.0,0.0,19.3,6.0,11.957443524395586,32.487233057318676
1220,28.7,29.22599983215332,74.0,0.0,21.0,6.3,12.3269838185095,32.39809514555285
1221,27.6,29.22599983215332,74.0,0.0,20.0,6.4,13.095342442344835,31.52860273270345
1222,29.9,29.22599983215332,74.0,0.0,19.3,6.4,24.63670868353727,37.291012605061184
1223,28.1,29.22599983215332,74.0,0.0,20.9,5.6,14.108338595060664,32.3325015785182
1224,27.9,29.22599983215332,74.0,0.0,19.5,5.6,17.527853433905843,33.15835603017175
1225,29.6,29.22599983215332,74.0,0.0,20.4,6.3,25.349811992578715,37.204943597773614
1226,25.7,29.22599983215332,74.0,0.0,19.0,5.9,27.541226134963136,33.96236784048894
1227,26.0,29.22599983215332,74.0,0.0,19.0,5.8,14.630208601506672,30.389062580452002
1228,29.1,29.22599983215332,74.0,0.0,19.3,6.3,26.81375074908014,37.14412522472404
1229,29.0,29.22599983215332,74.0,0.0,19.2,6.1,21.130848974259152,35.33925469227775
1230,26.5,29.22599983215332,74.0,0.0,20.3,6.1,24.70056302166408,33.91016890649922
1231,28.7,29.22599983215332,74.0,0.0,19.8,6.2,25.790779554378894,36.43723386631367
1232,27.3,29.22599983215332,74.0,0.0,20.4,6.1,25.655321903090925,34.99659657092728
1233,25.3,29.22599983215332,74.0,0.0,20.7,6.4,21.949261136968445,31.884778341090534
1234,27.7,29.22599983215332,74.0,0.0,20.2,5.8,24.607414638977705,35.08222439169331
1235,26.3,29.22599983215332,74.0,0.0,20.9,5.7,29.948751039440765,35.28462531183223
1236,28.3,29.22599983215332,74.0,0.0,20.3,6.0,11.663606932199817,31.799082079659946
1237,26.1,29.22599983215332,74.0,0.0,20.3,6.5,22.8602634874554,32.95807904623662
1238,25.1,29.22599983215332,74.0,0.0,21.0,5.9,10.733534931083657,28.3200604793251
1239,29.8,29.22599983215332,74.0,0.0,19.4,5.9,17.278064439044567,34.98341933171337
1240,29.4,29.22599983215332,74.0,0.0,19.8,6.3,18.334320804055327,34.900296241216594
1241,29.8,29.22599983215332,74.0,0.0,20.7,5.8,10.700074405439713,33.010022321631915
1242,26.0,29.22599983215332,74.0,0.0,19.2,6.2,22.764201753622473,32.82926052608674
1243,25.5,29.22599983215332,74.0,0.0,20.4,6.3,16.878943216576552,30.563682964972966
1244,28.2,29.22599983215332,74.0,0.0,20.1,5.7,13.013926469991702,32.10417794099751
1245,27.0,29.22599983215332,74.0,0.0,19.3,5.7,14.721967398045521,31.416590219413656
1246,26.9,29.22599983215332,74.0,0.0,19.7,6.3,10.112499027881348,29.933749708364402
1247,27.3,29.22599983215332,74.0,0.0,20.9,5.7,23.48151483808123,34.34445445142437
1248,26.9,29.22599983215332,74.0,0.0,19.8,6.4,16.108741003838126,31.732622301151437
1249,26.6,29.22599983215332,74.0,0.0,20.9,5.7,13.86952616260766,30.7608578487823
1250,27.5,29.22599983215332,74.0,0.0,19.8,5.6,21.261354345258287,33.878406303577485
1251,28.8,29.22599983215332,74.0,0.0,19.8,6.2,28.306310404036715,37.29189312121102
1252,29.0,29.22599983215332,74.0,0.0,21.0,6.4,24.480104594067765,36.34403137822033
1253,27.3,29.22599983215332,74.0,0.0,20.7,6.3,28.693471205522375,35.908041361656714
1254,27.8,29.22599983215332,74.0,0.0,20.3,6.1,18.251198235866852,33.27535947076006
1255,26.6,29.22599983215332,74.0,0.0,19.3,6.3,10.20057200667704,29.660171602003114
1256,27.8,29.22599983215332,74.0,0.0,19.5,6.1,14.790536443217775,32.23716093296533
1257,26.8,29.22599983215332,74.0,0.0,19.3,6.4,10.643342336067384,29.993002700820217
1258,28.4,29.22599983215332,74.0,0.0,20.1,6.2,22.518850255953026,35.155655076785905
1259,28.3,29.22599983215332,74.0,0.0,21.0,5.6,12.140362839623315,31.942108851886996
1260,25.4,28.47599983215332,79.0,0.0,20.1,6.0,15.32247987178353,29.996743961535056
1261,28.8,28.47599983215332,79.0,0.0,19.2,5.8,12.711865874157828,32.61355976224735
1262,26.6,28.47599983215332,79.0,0.0,19.0,6.0,28.70497611279891,35.21149283383967
1263,26.4,28.47599983215332,79.0,0.0,19.5,6.0,18.008333019018465,31.802499905705538
1264,29.6,28.47599983215332,79.0,0.0,20.1,6.0,26.722705927528473,37.616811778258544
1265,29.9,28.47599983215332,79.0,0.0,19.0,5.6,12.018841550175686,33.505652465052705
1266,25.5,28.47599983215332,79.0,0.0,19.4,6.1,15.110504661131719,30.033151398339516
1267,29.7,28.47599983215332,79.0,0.0,21.0,5.9,19.584501558980794,35.575350467694236
1268,28.5,28.47599983215332,79.0,0.0,20.6,5.9,24.0489500651135,35.71468501953405
1269,27.6,28.47599983215332,79.0,0.0,20.6,6.2,10.216346088522778,30.664903826556834
1270,28.0,28.47599983215332,79.0,0.0,20.2,6.0,12.040394435705826,31.61211833071175
1271,25.1,28.47599983215332,79.0,0.0,20.5,6.0,25.587503431009583,32.77625102930288
1272,25.2,28.47599983215332,79.0,0.0,19.0,6.4,24.641992656095454,32.592597796828635
1273,29.3,28.47599983215332,79.0,0.0,19.5,5.7,23.978886376128862,36.49366591283866
1274,29.2,28.47599983215332,79.0,0.0,20.1,6.3,25.14360794864842,36.74308238459452
1275,25.1,28.47599983215332,79.0,0.0,20.4,6.0,25.29847679660365,32.6895430389811
1276,27.7,28.47599983215332,79.0,0.0,19.1,5.6,23.794655005892924,34.838396501767875
1277,25.8,28.47599983215332,79.0,0.0,19.7,6.4,28.741396121746412,34.422418836523924
1278,26.4,28.47599983215332,79.0,0.0,19.1,5.6,26.452465967035792,34.335739790110736
1279,26.8,28.47599983215332,79.0,0.0,19.9,6.3,13.194942923307917,30.758482876992375
1280,29.8,28.47599983215332,79.0,0.0,20.8,6.3,26.803578527265433,37.84107355817963
1281,26.7,28.47599983215332,79.0,0.0,19.6,5.9,11.442350801019572,30.13270524030587
1282,25.3,28.47599983215332,79.0,0.0,19.2,5.7,19.07373474069596,31.02212042220879
1283,28.7,28.47599983215332,79.0,0.0,20.5,6.5,18.084230196441133,34.12526905893234
1284,26.1,28.47599983215332,79.0,0.0,19.4,6.2,16.606874903068263,31.08206247092048
1285,26.2,28.47599983215332,79.0,0.0,20.1,6.4,29.4556972073083,35.03670916219249
1286,26.0,28.47599983215332,79.0,0.0,20.4,6.0,22.736174227051634,32.82085226811549
1287,26.1,28.47599983215332,79.0,0.0,20.5,6.2,17.395269655751463,31.31858089672544
1288,26.9,28.47599983215332,79.0,0.0,21.0,5.8,24.935448236404692,34.38063447092141
1289,29.9,28.47599983215332,79.0,0.0,19.3,5.8,20.176986480658634,35.953095944197585
1290,27.5,28.47599983215332,79.0,0.0,19.6,6.2,14.87094255221373,31.96128276566412
1291,26.7,28.47599983215332,79.0,0.0,20.7,5.9,19.164485751799045,32.449345725539715
1292,29.8,28.47599983215332,79.0,0.0,20.9,6.3,23.205031188291585,36.76150935648748
1293,28.2,28.47599983215332,79.0,0.0,21.0,6.0,19.221140086110456,33.966342025833136
1294,29.2,28.47599983215332,79.0,0.0,20.4,5.7,10.0910965300137,32.22732895900411
1295,25.2,28.47599983215332,79.0,0.0,19.3,5.9,12.188774860588673,28.856632458176602
1296,29.0,28.47599983215332,79.0,0.0,19.9,5.5,28.939834227436695,37.681950268231006
1297,28.2,28.47599983215332,79.0,0.0,20.5,6.4,29.268311546725766,36.98049346401773
1298,25.3,28.47599983215332,79.0,0.0,20.7,6.0,19.80122598898389,31.240367796695168
1299,26.1,28.47599983215332,79.0,0.0,20.9,6.4,18.798620236181705,31.739586070854514
1300,27.6,28.47599983215332,79.0,0.0,19.2,6.3,29.987608286781025,36.59628248603431
1301,29.0,28.47599983215332,79.0,0.0,21.0,5.9,20.553775398051748,35.16613261941552
1302,27.9,28.47599983215332,79.0,0.0,19.8,6.0,22.073638204620607,34.52209146138618
1303,28.0,28.47599983215332,79.0,0.0,21.0,6.3,19.192309071590117,33.757692721477035
1304,29.3,28.47599983215332,79.0,0.0,19.6,6.1,25.57505555220728,36.972516665662184
1305,27.5,28.47599983215332,79.0,0.0,20.8,5.8,26.066079745341423,35.31982392360243
1306,26.9,28.47599983215332,79.0,0.0,19.9,6.4,25.867670057545194,34.660301017263556
1307,26.5,28.47599983215332,79.0,0.0,20.0,6.5,11.71071550364603,30.013214651093808
1308,28.3,28.47599983215332,79.0,0.0,19.8,5.9,25.099248272794476,35.82977448183834
1309,26.3,28.47599983215332,79.0,0.0,19.8,5.6,28.13837493803397,34.74151248141019
1310,25.8,28.47599983215332,79.0,0.0,20.8,5.8,19.30927886732359,31.592783660197078
1311,29.4,28.47599983215332,79.0,0.0,19.0,6.5,28.56869229979568,37.9706076899387
1312,26.5,28.47599983215332,79.0,0.0,19.7,6.2,22.06461595871231,33.11938478761369
1313,29.7,28.47599983215332,79.0,0.0,19.9,6.4,13.750617634558322,33.82518529036749
1314,25.0,28.47599983215332,79.0,0.0,20.3,6.2,11.479354387746808,28.443806316324043
1315,28.7,28.47599983215332,79.0,0.0,20.2,6.2,13.51728685302174,32.75518605590652
1316,27.8,28.47599983215332,79.0,0.0,21.0,5.5,23.601879424804217,34.880563827441264
1317,25.9,28.47599983215332,79.0,0.0,19.3,6.4,22.50773827695007,32.65232148308502
1318,25.9,28.47599983215332,79.0,0.0,19.9,6.4,29.28223804608588,34.68467141382576
1319,25.3,28.47599983215332,79.0,0.0,19.8,5.7,23.60250094459855,32.38075028337956
1320,29.2,27.92599868774414,83.0,0.0,19.7,5.8,26.47849316620461,37.143547949861386
1321,28.3,27.92599868774414,83.0,0.0,20.2,6.2,12.89064194479909,32.16719258343973
1322,29.5,27.92599868774414,83.0,0.0,20.7,5.6,19.754725414947984,35.426417624484394
1323,29.7,27.92599868774414,83.0,0.0,20.0,6.3,17.675165313799408,35.00254959413982
1324,25.2,27.92599868774414,83.0,0.0,20.9,6.3,21.005226555855458,31.501567966756635
1325,25.7,27.92599868774414,83.0,0.0,19.2,5.8,27.447815227662424,33.93434456829873
1326,29.1,27.92599868774414,83.0,0.0,19.1,5.9,26.990236708481298,37.19707101254439
1327,28.9,27.92599868774414,83.0,0.0,19.9,6.2,20.796450025038652,35.13893500751159
1328,27.3,27.92599868774414,83.0,0.0,21.0,6.1,18.622639196314616,32.88679175889438
1329,25.7,27.92599868774414,83.0,0.0,20.4,5.8,21.32261983708807,32.09678595112642
1330,29.2,27.92599868774414,83.0,0.0,19.6,5.8,28.765058335397185,37.829517500619154
1331,29.3,27.92599868774414,83.0,0.0,20.5,6.0,28.538575818926624,37.86157274567799
1332,25.6,27.92599868774414,83.0,0.0,20.1,5.7,16.68254962686273,30.60476488805882
1333,26.9,27.92599868774414,83.0,0.0,20.4,6.3,22.38649597861461,33.61594879358438
1334,25.8,27.92599868774414,83.0,0.0,19.5,6.4,12.220077787151883,29.466023336145565
1335,28.1,27.92599868774414,83.0,0.0,20.5,5.8,16.89885598071393,33.16965679421418
1336,29.0,27.92599868774414,83.0,0.0,19.1,5.6,10.672498449379841,32.20174953481395
1337,26.9,27.92599868774414,83.0,0.0,19.3,6.0,26.38204132402037,34.81461239720611
1338,25.4,27.92599868774414,83.0,0.0,20.9,5.6,13.18397002485993,29.35519100745798
1339,25.6,27.92599868774414,83.0,0.0,19.2,6.1,29.452313616264394,34.435694084879316
1340,25.0,27.92599868774414,83.0,0.0,20.0,6.5,24.95580498828019,32.48674149648406
1341,29.0,27.92599868774414,83.0,0.0,20.9,6.3,22.96195943159794,35.888587829479384
1342,29.0,27.92599868774414,83.0,0.0,19.8,6.1,10.956066118689963,32.28681983560699
1343,27.6,27.92599868774414,83.0,0.0,20.7,6.1,18.518202159436488,33.15546064783095
1344,29.4,27.92599868774414,83.0,0.0,19.3,6.1,23.7855979412508,36.535679382375235
1345,26.0,27.92599868774414,83.0,0.0,20.4,6.3,12.10975795716882,29.632927387150644
1346,28.2,27.92599868774414,83.0,0.0,20.8,5.8,11.695582602793884,31.708674780838166
1347,27.8,27.92599868774414,83.0,0.0,20.2,6.1,26.52624389694464,35.75787316908339
1348,29.6,27.92599868774414,83.0,0.0,20.6,5.9,14.029302270714236,33.80879068121427
1349,25.1,27.92599868774414,83.0,0.0,20.9,5.7,23.833756799993544,32.25012703999806
1350,27.6,27.92599868774414,83.0,0.0,20.0,5.5,27.307274352154757,35.79218230564643
1351,27.0,27.92599868774414,83.0,0.0,19.8,5.5,11.766106537948684,30.529831961384605
1352,27.0,27.92599868774414,83.0,0.0,20.1,6.0,13.697059832025712,31.109117949607715
1353,28.7,27.92599868774414,83.0,0.0,20.0,5.6,12.254670433447357,32.3764011300342
1354,27.2,27.92599868774414,83.0,0.0,19.6,6.5,15.348837553850398,31.80465126615512
1355,27.8,27.92599868774414,83.0,0.0,20.0,6.0,22.658090606469887,34.597427181940965
1356,28.1,27.92599868774414,83.0,0.0,20.1,6.1,12.704307961617909,31.911292388485375
1357,28.1,27.92599868774414,83.0,0.0,21.0,6.2,14.110842497935227,32.33325274938057
1358,29.4,27.92599868774414,83.0,0.0,19.7,6.0,19.120487798933112,35.13614633967993
1359,27.5,27.92599868774414,83.0,0.0,20.9,5.7,26.551714863874945,35.465514459162485
1360,28.7,27.92599868774414,83.0,0.0,19.5,5.6,18.974802721882128,34.39244081656464
1361,29.0,27.92599868774414,83.0,0.0,19.4,5.5,13.886567760842556,33.16597032825277
1362,27.9,27.92599868774414,83.0,0.0,19.7,6.0,13.007976235571775,31.802392870671532
1363,29.8,27.92599868774414,83.0,0.0,19.2,6.2,12.05516988194134,33.416550964582406
1364,26.0,27.92599868774414,83.0,0.0,19.7,6.3,18.452021125834424,31.535606337750327
1365,28.5,27.92599868774414,83.0,0.0,19.4,6.5,16.703364889857706,33.51100946695731
1366,29.3,27.92599868774414,83.0,0.0,19.2,6.3,28.585715114103103,37.87571453423093
1367,29.7,27.92599868774414,83.0,0.0,20.2,6.4,26.39074434717992,37.617223304153974
1368,25.4,27.92599868774414,83.0,0.0,20.7,5.7,18.406179839597357,30.921853951879207
1369,27.7,27.92599868774414,83.0,0.0,20.0,6.2,23.067778071327616,34.620333421398286
1370,25.1,27.92599868774414,83.0,0.0,20.9,6.3,26.233191251006357,32.96995737530191
1371,26.4,27.92599868774414,83.0,0.0,20.2,5.7,23.764472588018783,33.52934177640563
1372,27.0,27.92599868774414,83.0,0.0,20.1,5.8,14.113465852739344,31.234039755821804
1373,25.1,27.92599868774414,83.0,0.0,20.9,5.8,25.641491544375263,32.792447463312584
1374,27.2,27.92599868774414,83.0,0.0,20.8,6.5,27.410775202091134,35.42323256062734
1375,27.5,27.92599868774414,83.0,0.0,19.6,6.3,24.859917843255694,34.95797535297671
1376,28.4,27.92599868774414,83.0,0.0,20.6,5.5,18.685898610926504,34.00576958327795
1377,26.0,27.92599868774414,83.0,0.0,19.5,6.1,18.043816612510014,31.413144983753003
1378,25.6,27.92599868774414,83.0,0.0,19.5,5.6,13.66360422326435,29.699081266979306
1379,27.6,27.92599868774414,83.0,0.0,20.3,5.6,15.149155581593895,32.14474667447817
1380,26.1,27.47599983215332,86.0,0.0,19.8,5.8,26.67770628978768,34.103311886936304
1381,27.0,27.47599983215332,86.0,0.0,19.9,5.8,16.598153445925213,31.979446033777563
1382,27.0,27.47599983215332,86.0,0.0,19.2,5.8,23.843272676192306,34.152981802857695
1383,28.6,27.47599983215332,86.0,0.0,19.3,5.9,10.753174797535255,31.82595243926058
1384,26.4,27.47599983215332,86.0,0.0,20.6,5.8,16.462209260335474,31.33866277810064
1385,25.0,27.47599983215332,86.0,0.0,20.7,6.1,17.928378104653074,30.378513431395923
1386,28.6,27.47599983215332,86.0,0.0,19.8,6.2,25.369266260300634,36.21077987809019
1387,25.2,27.47599983215332,86.0,0.0,19.6,5.5,27.29217357698889,33.38765207309667
1388,26.0,27.47599983215332,86.0,0.0,20.4,6.0,18.445877885971,31.5337633657913
1389,28.5,27.47599983215332,86.0,0.0,20.4,6.0,22.850834294452653,35.355250288335796
1390,29.0,27.47599983215332,86.0,0.0,20.6,6.4,25.502845267115262,36.65085358013458
1391,29.0,27.47599983215332,86.0,0.0,19.4,5.8,25.230318677349317,36.569095603204794
1392,29.3,27.47599983215332,86.0,0.0,20.1,6.1,29.43456978509099,38.130370935527296
1393,25.1,27.47599983215332,86.0,0.0,20.4,6.0,27.0670836461456,33.22012509384368
1394,26.9,27.47599983215332,86.0,0.0,20.8,5.6,25.011680324514337,34.4035040973543
1395,28.1,27.47599983215332,86.0,0.0,20.9,5.7,27.03900921575562,36.21170276472669
1396,27.4,27.47599983215332,86.0,0.0,20.4,5.9,14.652178739164981,31.795653621749494
1397,28.5,27.47599983215332,86.0,0.0,19.7,6.0,10.865843686933633,31.75975310608009
1398,28.5,27.47599983215332,86.0,0.0,19.8,5.9,10.440039395972878,31.632011818791863
1399,27.9,27.47599983215332,86.0,0.0,20.9,5.9,17.071126137046782,33.02133784111403
1400,30.0,27.47599983215332,86.0,0.0,19.4,5.6,27.271763935473835,38.18152918064215
1401,25.7,27.47599983215332,86.0,0.0,19.2,5.6,25.139508495353816,33.24185254860615
1402,25.4,27.47599983215332,86.0,0.0,20.3,6.1,19.316631144786076,31.19498934343582
1403,26.5,27.47599983215332,86.0,0.0,20.2,6.1,25.38005159496307,34.11401547848892
1404,29.6,27.47599983215332,86.0,0.0,20.6,6.0,19.52847523990633,35.458542571971904
1405,25.8,27.47599983215332,86.0,0.0,20.5,5.8,22.379637930807945,32.51389137924238
1406,25.7,27.47599983215332,86.0,0.0,21.0,5.5,15.7179880641924,30.415396419257718
1407,28.2,27.47599983215332,86.0,0.0,19.3,6.1,10.373187676925202,31.311956303077558
1408,29.0,27.47599983215332,86.0,0.0,20.4,6.0,10.834036406605353,32.250210921981605
1409,25.9,27.47599983215332,86.0,0.0,20.2,5.5,22.805707108242373,32.74171213247271
1410,27.1,27.47599983215332,86.0,0.0,20.7,6.2,14.399816960021836,31.41994508800655
1411,28.0,27.47599983215332,86.0,0.0,19.4,6.0,27.167718370616246,36.15031551118487
1412,25.7,27.47599983215332,86.0,0.0,19.1,6.3,29.805571380305388,34.64167141409162
1413,28.9,27.47599983215332,86.0,0.0,20.9,6.5,28.977661912953092,37.593298573885924
1414,26.4,27.47599983215332,86.0,0.0,19.3,5.7,18.899682278252666,32.0699046834758
1415,27.3,27.47599983215332,86.0,0.0,19.7,5.7,11.063589138799813,30.619076741639944
1416,28.6,27.47599983215332,86.0,0.0,19.5,6.3,23.057297948821184,35.51718938464636
1417,25.4,27.47599983215332,86.0,0.0,20.7,5.7,21.123417145485732,31.737025143645717
1418,27.9,27.47599983215332,86.0,0.0,20.6,6.4,13.86651786715294,32.05995536014588
1419,28.7,27.47599983215332,86.0,0.0,20.6,6.2,13.469791145955393,32.74093734378662
1420,29.6,27.47599983215332,86.0,0.0,20.4,5.6,13.711605197364516,33.713481559209356
1421,27.6,27.47599983215332,86.0,0.0,20.4,5.8,14.339773547637629,31.90193206429129
1422,29.9,27.47599983215332,86.0,0.0,20.7,6.3,24.091695558597642,37.12750866757929
1423,28.0,27.47599983215332,86.0,0.0,19.6,5.5,28.94858262824908,36.68457478847472
1424,29.3,27.47599983215332,86.0,0.0,19.6,6.5,15.99857531031589,34.09957259309477
1425,29.4,27.47599983215332,86.0,0.0,20.4,6.2,19.417203299348227,35.225160989804465
1426,26.2,27.47599983215332,86.0,0.0,19.1,6.2,29.21311017480226,34.96393305244068
1427,26.1,27.47599983215332,86.0,0.0,20.7,5.8,25.88946341878291,33.866839025634874
1428,28.0,27.47599983215332,86.0,0.0,19.4,6.5,22.803530027870487,34.84105900836114
1429,25.9,27.47599983215332,86.0,0.0,19.5,5.6,26.232070747407,33.7696212242221
1430,28.5,27.47599983215332,86.0,0.0,21.0,6.4,27.717594736380804,36.81527842091424
1431,26.5,27.47599983215332,86.0,0.0,19.7,6.2,11.36465088888302,29.909395266664905
1432,27.0,27.47599983215332,86.0,0.0,19.0,6.3,14.021261040834895,31.206378312250468
1433,26.7,27.47599983215332,86.0,0.0,20.7,5.6,18.682682948268805,32.30480488448064
1434,26.7,27.47599983215332,86.0,0.0,20.8,5.6,22.18371682974938,33.355115048924816
1435,26.3,27.47599983215332,86.0,0.0,20.1,5.7,14.8310633807863,30.74931901423589
1436,27.5,27.47599983215332,86.0,0.0,19.8,5.6,15.722565287414676,32.2167695862244
1437,29.4,27.47599983215332,86.0,0.0,20.8,5.6,19.23976056987145,35.171928170961436
1438,29.5,27.47599983215332,86.0,0.0,20.4,6.4,14.255477539404087,33.77664326182123
1439,27.3,27.47599983215332,86.0,0.0,19.8,5.9,19.982974932894315,33.294892479868295
1440,29.5,27.17599868774414,89.0,0.0,20.0,5.7,24.300036057408285,36.79001081722249
1441,26.1,27.17599868774414,89.0,0.0,19.4,5.8,15.967248872790737,30.89017466183722
1442,28.1,27.17599868774414,89.0,0.0,20.8,6.2,16.517638215178877,33.05529146455366
1443,27.4,27.17599868774414,89.0,0.0,20.0,6.4,25.004246826267018,34.9012740478801
1444,26.3,27.17599868774414,89.0,0.0,20.4,6.1,20.132662415617347,32.3397987246852
1445,30.0,27.17599868774414,89.0,0.0,19.1,6.1,28.412263651165887,38.52367909534976
1446,26.0,27.17599868774414,89.0,0.0,20.6,6.0,22.22234410177412,32.666703230532235
1447,27.8,27.17599868774414,89.0,0.0,20.0,5.6,11.905282410835309,31.371584723250592
1448,29.6,27.17599868774414,89.0,0.0,20.9,5.8,11.917654307359038,33.17529629220771
1449,27.8,27.17599868774414,89.0,0.0,19.9,5.6,13.140303470850046,31.742091041255016
1450,28.7,27.17599868774414,89.0,0.0,20.5,6.3,17.46924589124975,33.94077376737492
1451,28.7,27.17599868774414,89.0,0.0,20.9,6.3,15.347703967574102,33.30431119027223
1452,29.0,27.17599868774414,89.0,0.0,20.3,5.6,18.130228975737115,34.439068692721136
1453,27.0,27.17599868774414,89.0,0.0,20.0,6.4,18.228882866295553,32.46866485988866
1454,27.9,27.17599868774414,89.0,0.0,19.6,5.5,16.923966483298194,32.977189944989455
1455,28.7,27.17599868774414,89.0,0.0,19.3,6.3,25.595481536650247,36.378644460995076
1456,29.5,27.17599868774414,89.0,0.0,19.5,5.5,29.24432009688815,38.273296029066444
1457,26.2,27.17599868774414,89.0,0.0,19.7,5.7,15.970397460266344,30.991119238079904
1458,28.3,27.17599868774414,89.0,0.0,20.2,5.6,15.00590427952333,32.801771283857
1459,28.1,27.17599868774414,89.0,0.0,19.2,5.8,18.21183419168987,33.56355025750696
1460,29.8,27.17599868774414,89.0,0.0,19.7,5.9,12.144695734827163,33.44340872044815
1461,25.5,27.17599868774414,89.0,0.0,19.2,6.2,15.767205494392684,30.230161648317804
1462,27.3,27.17599868774414,89.0,0.0,20.0,5.5,18.8853739514242,32.96561218542726
1463,27.4,27.17599868774414,89.0,0.0,19.7,6.1,28.915962283138125,36.07478868494144
1464,29.7,27.17599868774414,89.0,0.0,19.1,6.0,22.773820262748607,36.53214607882458
1465,25.8,27.17599868774414,89.0,0.0,19.7,5.9,29.937785523936995,34.7813356571811
1466,27.4,27.17599868774414,89.0,0.0,19.1,5.8,20.126393148814408,33.43791794464432
1467,25.8,27.17599868774414,89.0,0.0,19.6,5.7,20.082858772643064,31.82485763179292
1468,27.5,27.17599868774414,89.0,0.0,20.8,6.3,27.038395415516355,35.611518624654906
1469,25.3,27.17599868774414,89.0,0.0,20.1,6.3,19.85527380663082,31.256582141989245
1470,26.1,27.17599868774414,89.0,0.0,20.8,6.4,27.236979297257285,34.271093789177186
1471,28.3,27.17599868774414,89.0,0.0,20.0,6.1,27.125266211712432,36.43757986351373
1472,26.3,27.17599868774414,89.0,0.0,19.3,5.9,26.07495952406853,34.12248785722056
1473,29.8,27.17599868774414,89.0,0.0,19.4,5.5,13.302949652566618,33.790884895769985
1474,26.2,27.17599868774414,89.0,0.0,20.0,6.5,26.759081347271195,34.22772440418136
1475,29.0,27.17599868774414,89.0,0.0,19.2,6.0,21.503279668695257,35.45098390060858
1476,27.1,27.17599868774414,89.0,0.0,20.6,6.0,28.530703278299733,35.65921098348992
1477,27.4,27.17599868774414,89.0,0.0,19.5,6.1,17.811831107409645,32.74354933222289
1478,27.5,27.17599868774414,89.0,0.0,20.1,5.8,17.916784791795237,32.87503543753857
1479,27.6,27.17599868774414,89.0,0.0,20.5,6.1,22.21612499846576,34.26483749953973
1480,28.6,27.17599868774414,89.0,0.0,19.5,6.2,10.859664043649207,31.857899213094765
1481,28.0,27.17599868774414,89.0,0.0,20.7,5.5,23.298266236737646,34.989479871021295
1482,29.5,27.17599868774414,89.0,0.0,20.3,6.3,10.027531711068203,32.50825951332046
1483,29.4,27.17599868774414,89.0,0.0,20.0,5.9,21.5519955642593,35.86559866927779
1484,26.5,27.17599868774414,89.0,0.0,19.4,5.7,29.364645944006718,35.30939378320201
1485,25.4,27.17599868774414,89.0,0.0,19.6,6.3,29.980038242578704,34.39401147277361
1486,27.5,27.17599868774414,89.0,0.0,20.6,5.7,20.395166272701285,33.61854988181039
1487,27.3,27.17599868774414,89.0,0.0,19.3,6.2,20.278914725126285,33.38367441753789
1488,28.4,27.17599868774414,89.0,0.0,20.5,5.8,20.884532125831903,34.66535963774957
1489,28.1,27.17599868774414,89.0,0.0,19.2,6.0,21.887840821861193,34.66635224655836
1490,27.6,27.17599868774414,89.0,0.0,20.4,6.2,28.114123692940705,36.03423710788221
1491,25.0,27.17599868774414,89.0,0.0,19.3,6.4,22.73990750748138,31.821972252244414
1492,26.2,27.17599868774414,89.0,0.0,19.4,5.7,24.95576588336042,33.686729765008124
1493,28.2,27.17599868774414,89.0,0.0,19.8,5.6,17.97018877542935,33.591056632628806
1494,29.9,27.17599868774414,89.0,0.0,20.5,5.6,26.378638194801756,37.81359145844053
1495,25.6,27.17599868774414,89.0,0.0,20.0,6.2,20.11242346330964,31.633727038992895
1496,28.4,27.17599868774414,89.0,0.0,19.4,6.2,16.484091735046473,33.34522752051394
1497,28.4,27.17599868774414,89.0,0.0,20.5,6.1,14.932642527791627,32.87979275833749
1498,25.5,27.17599868774414,89.0,0.0,20.1,6.0,21.072078128948174,31.82162343868445
1499,28.8,27.17599868774414,89.0,0.0,19.8,6.0,11.821891047733608,32.34656731432008
1500,29.3,26.92599868774414,90.0,0.0,19.6,6.1,17.225635578554385,34.46769067356632
1501,26.5,26.92599868774414,90.0,0.0,19.6,5.9,25.086537796302927,34.02596133889088
1502,29.1,26.92599868774414,90.0,0.0,19.7,5.6,20.865264935470105,35.35957948064103
1503,25.1,26.92599868774414,90.0,0.0,19.6,5.7,22.041184209492304,31.712355262847694
1504,29.3,26.92599868774414,90.0,0.0,20.6,5.5,14.623283535355242,33.686985060606574
1505,29.0,26.92599868774414,90.0,0.0,19.2,6.1,28.52782238176159,37.558346714528476
1506,25.4,26.92599868774414,90.0,0.0,19.4,5.7,16.309350083023972,30.29280502490719
1507,25.4,26.92599868774414,90.0,0.0,20.5,6.2,10.92407106367176,28.677221319101527
1508,29.5,26.92599868774414,90.0,0.0,20.1,5.7,12.986427728999637,33.39592831869989
1509,28.4,26.92599868774414,90.0,0.0,19.0,5.9,29.4586747838779,37.23760243516337
1510,25.4,26.92599868774414,90.0,0.0,19.3,6.0,28.053806927128207,33.81614207813846
1511,28.9,26.92599868774414,90.0,0.0,19.1,6.1,27.486106299071857,37.145831889721556
1512,26.7,26.92599868774414,90.0,0.0,19.5,6.3,21.7348460511539,33.22045381534617
1513,29.9,26.92599868774414,90.0,0.0,20.0,6.3,18.607524622705782,35.48225738681173
1514,27.5,26.92599868774414,90.0,0.0,20.6,6.0,25.25143539423285,35.075430618269856
1515,28.4,26.92599868774414,90.0,0.0,19.4,6.5,27.215977688290387,36.56479330648712
1516,27.7,26.92599868774414,90.0,0.0,19.2,5.6,29.157582091534724,36.447274627460416
1517,29.7,26.92599868774414,90.0,0.0,20.5,6.2,14.956974995973397,34.18709249879202
1518,25.6,26.92599868774414,90.0,0.0,19.8,6.1,18.423304257401334,31.1269912772204
1519,27.6,26.92599868774414,90.0,0.0,20.5,5.8,15.169246819124087,32.15077404573723
1520,25.0,26.92599868774414,90.0,0.0,20.8,6.3,11.070035947827613,28.321010784348285
1521,29.3,26.92599868774414,90.0,0.0,19.3,5.9,16.491070782777896,34.24732123483337
1522,27.7,26.92599868774414,90.0,0.0,19.3,5.6,14.484154534509354,32.045246360352806
1523,28.1,26.92599868774414,90.0,0.0,19.9,5.8,28.15051933254512,36.545155799763535
1524,26.3,26.92599868774414,90.0,0.0,20.3,5.8,27.015629607796015,34.4046888823388
1525,27.4,26.92599868774414,90.0,0.0,20.2,6.1,23.22449232389398,34.36734769716819
1526,29.4,26.92599868774414,90.0,0.0,19.6,6.4,17.03844203844985,34.51153261153495
1527,25.9,26.92599868774414,90.0,0.0,19.6,5.7,20.85883913699278,32.15765174109783
1528,28.7,26.92599868774414,90.0,0.0,19.5,6.0,28.81077639670959,37.34323291901288
1529,26.4,26.92599868774414,90.0,0.0,20.9,5.8,29.26283381648893,35.17885014494668
1530,26.8,26.92599868774414,90.0,0.0,20.5,6.3,28.228238420711136,35.26847152621334
1531,25.9,26.92599868774414,90.0,0.0,20.3,5.8,28.95096410952133,34.5852892328564
1532,25.8,26.92599868774414,90.0,0.0,20.9,5.8,21.53886765278568,32.2616602958357
1533,26.6,26.92599868774414,90.0,0.0,20.1,6.2,14.139182259485661,30.8417546778457
1534,25.5,26.92599868774414,90.0,0.0,19.8,5.8,25.54779939415713,33.16433981824714
1535,27.7,26.92599868774414,90.0,0.0,19.1,5.8,16.438749641478054,32.63162489244341
1536,26.5,26.92599868774414,90.0,0.0,19.9,6.2,26.38520083482375,34.41556025044712
1537,26.5,26.92599868774414,90.0,0.0,19.2,5.7,13.47051119925154,30.54115335977546
1538,25.4,26.92599868774414,90.0,0.0,19.1,6.5,29.06941633036312,34.12082489910893
1539,27.8,26.92599868774414,90.0,0.0,20.3,5.9,26.590705072348104,35.77721152170443
1540,25.1,26.92599868774414,90.0,0.0,19.2,6.3,29.85960983082308,34.057882949246924
1541,27.5,26.92599868774414,90.0,0.0,20.3,5.6,22.220850212910157,34.166255063873045
1542,26.0,26.92599868774414,90.0,0.0,20.2,6.0,15.67302111453287,30.70190633435986
1543,26.4,26.92599868774414,90.0,0.0,20.3,6.4,28.742938232908777,35.02288146987263
1544,29.8,26.92599868774414,90.0,0.0,20.0,5.7,10.65471406524222,32.996414219572664
1545,25.4,26.92599868774414,90.0,0.0,21.0,5.9,10.544659990360579,28.563397997108172
1546,28.1,26.92599868774414,90.0,0.0,19.4,5.8,16.946998671279932,33.18409960138398
1547,25.2,26.92599868774414,90.0,0.0,19.0,5.6,18.007863415190137,30.60235902455704
1548,26.0,26.92599868774414,90.0,0.0,20.4,5.7,28.040395737072384,34.412118721121715
1549,25.5,26.92599868774414,90.0,0.0,20.0,5.8,10.8279851727231,28.74839555181693
1550,26.2,26.92599868774414,90.0,0.0,21.0,5.8,26.923526080825184,34.27705782424756
1551,28.9,26.92599868774414,90.0,0.0,20.3,6.4,13.9032534745227,33.07097604235681
1552,25.8,26.92599868774414,90.0,0.0,19.1,6.3,16.427794575725066,30.72833837271752
1553,29.7,26.92599868774414,90.0,0.0,19.2,5.8,18.8444319588043,35.35332958764129
1554,25.6,26.92599868774414,90.0,0.0,19.1,6.4,22.892156433737107,32.467646930121134
1555,28.4,26.92599868774414,90.0,0.0,20.8,6.5,25.719067763796545,36.11572032913896
1556,29.8,26.92599868774414,90.0,0.0,20.1,6.3,22.797423320761737,36.63922699622852
1557,25.6,26.92599868774414,90.0,0.0,20.8,5.6,21.947548620483765,32.18426458614513
1558,26.7,26.92599868774414,90.0,0.0,20.1,5.9,17.201388799691983,31.860416639907594
1559,26.3,26.92599868774414,90.0,0.0,20.6,6.0,22.86848163165667,33.160544489497
1560,27.1,26.775999069213867,92.0,0.0,20.1,5.5,29.912950692918482,36.07388520787555
1561,25.4,26.775999069213867,92.0,0.0,19.1,6.3,14.060540120835132,29.61816203625054
1562,29.1,26.775999069213867,92.0,0.0,19.5,6.5,11.435542094645534,32.530662628393664
1563,28.6,26.775999069213867,92.0,0.0,20.9,5.8,10.241956668291756,31.67258700048753
1564,27.3,26.775999069213867,92.0,0.0,20.4,5.5,16.491802557578723,32.24754076727362
1565,25.9,26.775999069213867,92.0,0.0,19.5,6.2,19.3447172932932,31.703415187987957
1566,27.8,26.775999069213867,92.0,0.0,20.8,6.4,10.364580460626646,30.909374138187996
1567,27.8,26.775999069213867,92.0,0.0,20.7,5.7,29.200567963228558,36.560170388968565
1568,27.0,26.775999069213867,92.0,0.0,20.0,5.9,28.246774290002406,35.474032287000725
1569,29.8,26.775999069213867,92.0,0.0,20.7,5.7,19.62129260255555,35.686387780766665
1570,28.6,26.775999069213867,92.0,0.0,19.5,6.3,17.617971601937548,33.88539148058126
1571,26.7,26.775999069213867,92.0,0.0,19.0,5.6,22.276512717387778,33.38295381521633
1572,29.8,26.775999069213867,92.0,0.0,20.2,5.8,18.88620489949971,35.46586146984991
1573,27.9,26.775999069213867,92.0,0.0,20.6,6.3,14.731078701867496,32.31932361056025
1574,27.1,26.775999069213867,92.0,0.0,19.3,6.4,17.81343621487038,32.44403086446111
1575,25.7,26.775999069213867,92.0,0.0,19.6,5.9,17.389862492504147,30.916958747751245
1576,29.0,26.775999069213867,92.0,0.0,19.9,5.8,26.677587914164075,37.003276374249225
1577,27.3,26.775999069213867,92.0,0.0,20.1,5.6,13.633345978301994,31.3900037934906
1578,28.9,26.775999069213867,92.0,0.0,19.6,6.0,27.514995985980573,37.15449879579417
1579,26.8,26.775999069213867,92.0,0.0,20.4,5.9,17.349465073138447,32.004839521941534
1580,26.8,26.775999069213867,92.0,0.0,19.9,5.8,16.84346442545312,31.853039327635937
1581,29.4,26.775999069213867,92.0,0.0,19.7,5.8,11.678413715809562,32.903524114742865
1582,27.4,26.775999069213867,92.0,0.0,21.0,5.6,18.82157513386897,33.04647254016069
1583,29.8,26.775999069213867,92.0,0.0,20.7,5.7,28.766308362908106,38.429892508872435
1584,27.6,26.775999069213867,92.0,0.0,20.3,6.1,24.492964440024316,34.94788933200729
1585,28.5,26.775999069213867,92.0,0.0,19.1,6.4,19.638445060027735,34.39153351800832
1586,29.1,26.775999069213867,92.0,0.0,20.7,5.5,19.544515570039103,34.96335467101173
1587,29.6,26.775999069213867,92.0,0.0,20.1,6.0,10.722503852313658,32.8167511556941
1588,26.3,26.775999069213867,92.0,0.0,19.1,6.0,20.397890653511258,32.41936719605338
1589,28.1,26.775999069213867,92.0,0.0,19.0,5.7,26.645553052039286,36.09366591561179
1590,26.9,26.775999069213867,92.0,0.0,20.0,5.7,13.937936596206153,31.081380978861844
1591,30.0,26.775999069213867,92.0,0.0,19.5,5.8,10.213600217701806,33.06408006531054
1592,27.4,26.775999069213867,92.0,0.0,20.7,5.7,13.393929704174363,31.41817891125231
1593,26.0,26.775999069213867,92.0,0.0,20.4,5.9,28.182457122009215,34.454737136602766
1594,29.0,26.775999069213867,92.0,0.0,19.4,5.6,23.71352409191963,36.11405722757589
1595,29.4,26.775999069213867,92.0,0.0,19.9,6.3,13.704344018383914,33.511303205515176
1596,28.1,26.775999069213867,92.0,0.0,20.8,6.2,18.841652421349536,33.75249572640486
1597,25.3,26.775999069213867,92.0,0.0,20.3,5.8,14.680258962674369,29.70407768880231
1598,26.2,26.775999069213867,92.0,0.0,20.9,5.8,26.539421425913513,34.16182642777405
1599,25.3,26.775999069213867,92.0,0.0,19.6,5.6,13.240163408441797,29.27204902253254
1600,26.1,26.775999069213867,92.0,0.0,19.9,6.2,21.218503705132214,32.46555111153967
1601,25.9,26.775999069213867,92.0,0.0,19.8,6.0,23.122827547564462,32.836848264269335
1602,29.4,26.775999069213867,92.0,0.0,20.4,5.7,24.976073292752652,36.8928219878258
1603,26.0,26.775999069213867,92.0,0.0,19.5,6.4,12.518479876230593,29.755543962869176
1604,27.6,26.775999069213867,92.0,0.0,20.8,6.0,14.705791645507398,32.01173749365222
1605,26.8,26.775999069213867,92.0,0.0,20.2,6.1,10.440760272390735,29.93222808171722
1606,28.6,26.775999069213867,92.0,0.0,19.3,6.5,21.447447749716495,35.03423432491495
1607,26.2,26.775999069213867,92.0,0.0,19.7,5.5,27.90021431801582,34.57006429540475
1608,27.9,26.775999069213867,92.0,0.0,19.5,6.2,17.432192299607447,33.12965768988223
1609,26.8,26.775999069213867,92.0,0.0,19.5,6.4,18.911818032481374,32.47354540974441
1610,25.0,26.775999069213867,92.0,0.0,19.5,5.7,12.584757789017448,28.775427336705235
1611,25.0,26.775999069213867,92.0,0.0,20.9,6.3,27.619177054669464,33.28575311640084
1612,25.8,26.775999069213867,92.0,0.0,19.5,5.6,28.69122502846503,34.40736750853951
1613,27.1,26.775999069213867,92.0,0.0,19.2,5.6,18.874167380012842,32.762250214003856
1614,28.3,26.775999069213867,92.0,0.0,19.5,6.4,12.60855733821283,32.082567201463846
1615,26.3,26.775999069213867,92.0,0.0,21.0,5.9,21.237289470851948,32.67118684125558
1616,27.4,26.775999069213867,92.0,0.0,19.7,6.1,19.703790039519404,33.31113701185582
1617,25.0,26.775999069213867,92.0,0.0,19.1,6.4,11.211466423760832,28.36343992712825
1618,28.6,26.775999069213867,92.0,0.0,19.3,5.9,26.248385210625074,36.47451556318752
1619,26.0,26.775999069213867,92.0,0.0,20.2,5.6,18.402799854642502,31.52083995639275
1620,28.3,26.775999069213867,92.0,0.0,19.9,5.7,25.043328057969916,35.81299841739097
1621,29.4,26.775999069213867,92.0,0.0,19.1,6.1,28.47388758394406,37.94216627518321
1622,28.4,26.775999069213867,92.0,0.0,19.6,5.8,18.16027253088521,33.84808175926556
1623,28.9,26.775999069213867,92.0,0.0,19.7,5.8,18.18775126815033,34.3563253804451
1624,29.5,26.775999069213867,92.0,0.0,20.0,5.6,16.972033941584304,34.59161018247529
1625,25.8,26.775999069213867,92.0,0.0,21.0,5.7,21.871257436433318,32.361377230929996
1626,28.0,26.775999069213867,92.0,0.0,20.4,5.8,22.651352318587293,34.795405695576186
1627,25.1,26.775999069213867,92.0,0.0,20.0,6.5,24.145024723069746,32.34350741692093
1628,27.4,26.775999069213867,92.0,0.0,19.6,6.4,23.40494818710018,34.42148445613005
1629,26.5,26.775999069213867,92.0,0.0,20.1,6.0,13.23229034853859,30.469687104561576
1630,26.6,26.775999069213867,92.0,0.0,20.4,6.5,22.634929607777515,33.390478882333255
1631,29.4,26.775999069213867,92.0,0.0,20.7,6.3,23.320438150989254,36.396131445296774
1632,28.0,26.775999069213867,92.0,0.0,20.6,6.1,13.741856474605278,32.122556942381586
1633,29.7,26.775999069213867,92.0,0.0,19.4,6.0,28.775633939785543,38.33269018193566
1634,29.6,26.775999069213867,92.0,0.0,20.0,5.6,28.272620853602895,38.08178625608087
1635,25.7,26.775999069213867,92.0,0.0,19.2,5.6,12.92164180602101,29.576492541806303
1636,26.5,26.775999069213867,92.0,0.0,19.5,6.4,12.95280674415055,30.385842023245164
1637,26.9,26.775999069213867,92.0,0.0,20.3,5.7,14.10851505597593,31.132554516792776
1638,28.2,26.775999069213867,92.0,0.0,19.0,6.2,14.433424093426556,32.53002722802797
1639,29.6,26.775999069213867,92.0,0.0,19.9,5.5,24.3773190301349,36.91319570904047
1640,25.1,26.775999069213867,92.0,0.0,20.0,6.1,18.15905674931115,30.547717024793346
1641,26.8,26.775999069213867,92.0,0.0,20.3,5.9,16.529241699304848,31.758772509791456
1642,25.8,26.775999069213867,92.0,0.0,20.9,6.4,27.467149730139887,34.040144919041964
1643,26.2,26.775999069213867,92.0,0.0,19.3,5.7,23.98474465046008,33.395423395138025
1644,28.9,26.775999069213867,92.0,0.0,19.6,6.2,19.018722515509907,34.60561675465297
1645,26.0,26.775999069213867,92.0,0.0,20.8,6.1,10.110844187978218,29.033253256393465
1646,25.7,26.775999069213867,92.0,0.0,20.7,6.0,15.434940117682254,30.330482035304676
1647,26.4,26.775999069213867,92.0,0.0,19.3,5.9,22.802416779477895,33.24072503384337
1648,27.8,26.775999069213867,92.0,0.0,19.6,5.8,19.614970274867378,33.68449108246021
1649,26.5,26.775999069213867,92.0,0.0,20.8,5.9,25.868415025427353,34.260524507628205
1650,27.3,26.775999069213867,92.0,0.0,19.7,6.4,14.790637819243678,31.737191345773105
1651,27.6,26.775999069213867,92.0,0.0,20.4,5.7,25.52238295608674,35.256714886826025
1652,25.2,26.775999069213867,92.0,0.0,19.9,6.3,10.785075830907527,28.43552274927226
1653,25.8,26.775999069213867,92.0,0.0,21.0,5.9,20.61703562712463,31.98511068813739
1654,28.2,26.775999069213867,92.0,0.0,19.5,6.4,29.992804994568548,37.197841498370565
1655,26.4,26.775999069213867,92.0,0.0,19.7,6.3,17.856058134731086,31.756817440419326
1656,28.3,26.775999069213867,92.0,0.0,19.2,6.2,29.91170241605417,37.27351072481625
1657,27.6,26.775999069213867,92.0,0.0,19.7,6.3,20.92315363528002,33.876946090584006
1658,25.7,26.775999069213867,92.0,0.0,20.1,6.2,13.188377984397894,29.65651339531937
1659,25.5,26.775999069213867,92.0,0.0,20.8,6.1,19.62872067086157,31.388616201258472
1660,26.4,26.775999069213867,92.0,0.0,20.1,6.3,17.679041427652614,31.70371242829578
1661,29.9,26.775999069213867,92.0,0.0,20.3,5.6,24.801541708369776,37.34046251251093
1662,29.1,26.775999069213867,92.0,0.0,19.2,6.4,23.343069001745192,36.10292070052356
1663,27.8,26.775999069213867,92.0,0.0,20.3,6.0,20.475055865747713,33.94251675972431
1664,27.9,26.775999069213867,92.0,0.0,19.5,5.5,22.495884208023018,34.648765262406904
1665,26.9,26.775999069213867,92.0,0.0,20.2,5.8,19.015938754112796,32.60478162623384
1666,26.6,26.775999069213867,92.0,0.0,20.1,5.5,10.72169955520458,29.816509866561375
1667,27.7,26.775999069213867,92.0,0.0,20.5,5.6,27.953409179383886,36.086022753815165
1668,29.8,26.775999069213867,92.0,0.0,20.0,6.3,15.963265526819796,34.58897965804594
1669,28.6,26.775999069213867,92.0,0.0,19.3,5.8,26.739752113452763,36.62192563403583
1670,28.8,26.775999069213867,92.0,0.0,19.5,6.2,16.607074938306653,33.782122481491996
1671,26.1,26.775999069213867,92.0,0.0,19.3,5.8,22.854336114905472,32.95630083447164
1672,28.3,26.775999069213867,92.0,0.0,19.6,5.6,29.792765507924635,37.23782965237739
1673,27.4,26.775999069213867,92.0,0.0,20.5,5.7,28.879622622570334,36.0638867867711
1674,26.9,26.775999069213867,92.0,0.0,20.7,5.8,14.24833432566589,31.174500297699765
1675,25.5,26.775999069213867,92.0,0.0,19.7,6.0,23.22202631763907,32.46660789529172
1676,27.6,26.775999069213867,92.0,0.0,19.8,6.1,29.63450563405639,36.49035169021692
1677,26.4,26.775999069213867,92.0,0.0,19.1,6.2,10.47841219622482,29.543523658867443
1678,25.0,26.775999069213867,92.0,0.0,20.0,6.4,15.401485878427302,29.62044576352819
1679,28.6,26.775999069213867,92.0,0.0,20.1,6.3,18.31450232753425,34.09435069826028
1680,27.6,26.72599983215332,91.0,0.0,20.9,6.1,29.02196634382082,36.30658990314625
1681,26.9,26.72599983215332,91.0,0.0,19.7,6.2,27.853348062404898,35.25600441872147
1682,27.2,26.72599983215332,91.0,0.0,20.7,5.6,10.691888588872887,30.407566576661864
1683,25.5,26.72599983215332,91.0,0.0,19.1,5.9,15.86032143972076,30.25809643191623
1684,27.7,26.72599983215332,91.0,0.0,19.5,6.1,24.708870133857534,35.112661040157256
1685,25.7,26.72599983215332,91.0,0.0,19.3,6.2,14.444387497281149,30.033316249184345
1686,29.4,26.72599983215332,91.0,0.0,19.4,6.2,10.277830744684701,32.48334922340541
1687,29.3,26.72599983215332,91.0,0.0,19.2,5.5,14.908973455422137,33.772692036626644
1688,29.0,26.72599983215332,91.0,0.0,19.3,5.9,27.440272921604894,37.232081876481466
1689,27.2,26.72599983215332,91.0,0.0,19.2,6.3,10.826197001585383,30.447859100475615
1690,25.6,26.72599983215332,91.0,0.0,19.9,6.4,29.505652056682155,34.451695617004646
1691,25.0,26.72599983215332,91.0,0.0,20.8,5.9,24.756392016419532,32.42691760492586
1692,29.6,26.72599983215332,91.0,0.0,20.1,6.0,20.197656467946096,35.65929694038383
1693,28.9,26.72599983215332,91.0,0.0,20.0,5.6,22.24638769625131,35.57391630887539
1694,29.5,26.72599983215332,91.0,0.0,20.4,5.6,29.750126262674755,38.42503787880243
1695,29.3,26.72599983215332,91.0,0.0,21.0,6.0,13.233416699717694,33.27002500991531
1696,25.1,26.72599983215332,91.0,0.0,19.9,6.4,29.449956828627236,33.93498704858817
1697,28.4,26.72599983215332,91.0,0.0,20.3,6.4,16.472641219295014,33.3417923657885
1698,28.5,26.72599983215332,91.0,0.0,19.4,5.6,22.4804290990467,35.24412872971401
1699,29.6,26.72599983215332,91.0,0.0,20.1,6.0,21.984260125204774,36.19527803756144
1700,29.8,26.72599983215332,91.0,0.0,19.3,6.1,14.300853834250377,34.09025615027511
1701,27.9,26.72599983215332,91.0,0.0,20.0,6.5,25.805544980778212,35.64166349423346
1702,28.1,26.72599983215332,91.0,0.0,20.6,5.8,29.304447413724233,36.89133422411727
1703,27.0,26.72599983215332,91.0,0.0,20.5,5.7,29.919934308933854,35.975980292680156
1704,25.9,26.72599983215332,91.0,0.0,19.1,5.5,18.502995882422418,31.450898764726723
1705,27.7,26.72599983215332,91.0,0.0,20.4,6.2,20.603475186200995,33.8810425558603
1706,25.2,26.72599983215332,91.0,0.0,19.7,5.6,29.000857674952837,33.90025730248585
1707,26.3,26.72599983215332,91.0,0.0,20.6,5.7,26.16159431061828,34.148478293185484
1708,29.6,26.72599983215332,91.0,0.0,20.8,5.6,26.642305395527718,37.592691618658314
1709,26.6,26.72599983215332,91.0,0.0,19.1,6.1,26.51031989789877,34.553095969369636
1710,27.2,26.72599983215332,91.0,0.0,20.6,6.1,17.68344720861208,32.50503416258363
1711,25.0,26.72599983215332,91.0,0.0,19.2,5.8,12.369239953144302,28.71077198594329
1712,27.9,26.72599983215332,91.0,0.0,20.1,5.8,15.004855644108847,32.40145669323265
1713,25.9,26.72599983215332,91.0,0.0,19.8,5.8,15.328913254502748,30.498673976350823
1714,28.8,26.72599983215332,91.0,0.0,20.9,6.2,10.145542680277668,31.8436628040833
1715,28.6,26.72599983215332,91.0,0.0,19.3,6.2,28.886346489832306,37.26590394694969
1716,25.2,26.72599983215332,91.0,0.0,19.2,6.2,18.43806786866432,30.731420360599294
1717,25.7,26.72599983215332,91.0,0.0,20.5,5.5,26.381203400384784,33.61436102011543
1718,28.1,26.72599983215332,91.0,0.0,20.4,5.9,23.783573812023853,35.235072143607155
1719,28.1,26.72599983215332,91.0,0.0,19.5,5.7,27.822170285108825,36.44665108553265
1720,28.1,26.72599983215332,91.0,0.0,20.6,6.2,25.247445446918814,35.67423363407565
1721,26.7,26.72599983215332,91.0,0.0,19.2,6.1,14.672201094185622,31.101660328255686
1722,29.9,26.72599983215332,91.0,0.0,19.4,5.7,19.674409595072717,35.802322878521814
1723,26.7,26.72599983215332,91.0,0.0,20.0,5.6,21.390884698332705,33.11726540949981
1724,28.6,26.72599983215332,91.0,0.0,19.5,6.1,16.419655718768123,33.52589671563044
1725,29.1,26.72599983215332,91.0,0.0,20.0,5.7,22.763445709519274,35.929033712855784
1726,27.4,26.72599983215332,91.0,0.0,19.0,5.7,25.15256323650126,34.945768970950375
1727,29.5,26.72599983215332,91.0,0.0,19.8,6.1,24.13510421699515,36.74053126509855
1728,28.2,26.72599983215332,91.0,0.0,20.0,5.9,29.738250412905153,37.12147512387155
1729,28.8,26.72599983215332,91.0,0.0,19.8,6.1,17.69544998586432,34.108634995759296
1730,28.5,26.72599983215332,91.0,0.0,19.9,5.9,11.1930607304303,31.85791821912909
1731,27.5,26.72599983215332,91.0,0.0,19.0,6.4,27.956437182315522,35.88693115469466
1732,26.7,26.72599983215332,91.0,0.0,20.5,6.2,27.740409999528804,35.02212299985864
1733,26.5,26.72599983215332,91.0,0.0,21.0,5.7,12.629014919415917,30.288704475824776
1734,25.5,26.72599983215332,91.0,0.0,20.7,5.5,28.485171548326786,34.04555146449803
1735,29.1,26.72599983215332,91.0,0.0,20.1,5.9,10.562758705274122,32.26882761158224
1736,29.5,26.72599983215332,91.0,0.0,19.4,6.3,10.468089516629231,32.64042685498877
1737,28.5,26.72599983215332,91.0,0.0,20.1,5.7,14.22972273941992,32.768916821825975
1738,27.9,26.72599983215332,91.0,0.0,20.3,5.6,11.51543666432801,31.3546309992984
1739,29.7,26.72599983215332,91.0,0.0,19.4,5.9,15.827047026396595,34.448114107918975
1740,29.0,26.67599868774414,91.0,0.0,19.8,5.5,13.974809349110235,33.19244280473307
1741,27.1,26.67599868774414,91.0,0.0,20.3,5.9,14.46956427548984,31.440869282646954
1742,29.2,26.67599868774414,91.0,0.0,19.0,6.4,16.225569166163908,34.06767074984917
1743,25.8,26.67599868774414,91.0,0.0,19.6,6.2,10.986017448887427,29.09580523466623
1744,27.7,26.67599868774414,91.0,0.0,19.8,6.0,14.92169563276175,32.17650868982852
1745,25.1,26.67599868774414,91.0,0.0,20.1,6.3,16.790224002231184,30.137067200669357
1746,28.9,26.67599868774414,91.0,0.0,20.4,6.0,12.576513700530603,32.67295411015918
1747,25.5,26.67599868774414,91.0,0.0,20.6,6.1,16.56813032514966,30.470439097544897
1748,28.6,26.67599868774414,91.0,0.0,19.2,6.4,24.51273091700474,35.953819275101424
1749,25.7,26.67599868774414,91.0,0.0,20.6,6.5,11.206133796701875,29.061840139010563
1750,28.0,26.67599868774414,91.0,0.0,20.8,6.4,22.999406180091647,34.89982185402749
1751,25.5,26.67599868774414,91.0,0.0,21.0,5.8,12.399827581907058,29.21994827457212
1752,25.5,26.67599868774414,91.0,0.0,20.0,5.7,15.028291987355528,30.008487596206656
1753,25.0,26.67599868774414,91.0,0.0,19.5,6.3,22.940810554013034,31.88224316620391
1754,25.9,26.67599868774414,91.0,0.0,20.3,6.0,23.68588132171682,33.00576439651505
1755,25.2,26.67599868774414,91.0,0.0,19.8,5.9,26.253563386227242,33.07606901586817
1756,28.8,26.67599868774414,91.0,0.0,19.7,5.7,11.023013891478268,32.10690416744348
1757,26.4,26.67599868774414,91.0,0.0,20.1,6.2,18.022258711588897,31.806677613476666
1758,25.6,26.67599868774414,91.0,0.0,19.3,6.1,13.348183409956441,29.604455022986933
1759,27.0,26.67599868774414,91.0,0.0,20.4,5.9,14.227982540565689,31.268394762169706
1760,28.6,26.67599868774414,91.0,0.0,20.3,6.0,25.896236365429928,36.36887090962898
1761,27.7,26.67599868774414,91.0,0.0,20.6,6.0,10.13348342328957,30.74004502698687
1762,26.5,26.67599868774414,91.0,0.0,20.1,5.5,10.090816307345525,29.527244892203658
1763,25.6,26.67599868774414,91.0,0.0,20.5,6.5,22.176283256577577,32.25288497697328
1764,25.5,26.67599868774414,91.0,0.0,20.0,6.2,21.79272828237748,32.03781848471324
1765,26.4,26.67599868774414,91.0,0.0,19.9,6.2,12.769389938053619,30.230816981416083
1766,27.1,26.67599868774414,91.0,0.0,20.2,6.3,11.682809145754938,30.604842743726483
1767,29.2,26.67599868774414,91.0,0.0,19.2,6.3,18.321192562665633,34.696357768799686
1768,26.8,26.67599868774414,91.0,0.0,20.9,5.5,18.699103993740735,32.40973119812222
1769,25.8,26.67599868774414,91.0,0.0,20.1,6.4,24.64173541706487,33.192520625119464
1770,25.4,26.67599868774414,91.0,0.0,19.1,6.4,23.86488340015883,32.55946502004765
1771,27.0,26.67599868774414,91.0,0.0,19.1,5.8,27.214769724924178,35.164430917477254
1772,29.5,26.67599868774414,91.0,0.0,19.9,5.9,13.708650923675949,33.612595277102784
1773,29.4,26.67599868774414,91.0,0.0,20.6,6.0,24.672475915601545,36.80174277468046
1774,27.7,26.67599868774414,91.0,0.0,19.5,6.2,23.376891034701952,34.71306731041059
1775,27.7,26.67599868774414,91.0,0.0,20.2,5.9,16.323992819485746,32.59719784584572
1776,28.0,26.67599868774414,91.0,0.0,19.5,5.7,18.125844535454362,33.43775336063631
1777,26.6,26.67599868774414,91.0,0.0,19.3,5.8,20.963109561523066,32.88893286845692
1778,26.7,26.67599868774414,91.0,0.0,19.9,6.3,11.231982697737697,30.06959480932131
1779,28.3,26.67599868774414,91.0,0.0,20.1,5.8,10.929708576771844,31.578912573031555
1780,27.7,26.67599868774414,91.0,0.0,19.8,5.7,15.40866700714072,32.32260010214222
1781,27.3,26.67599868774414,91.0,0.0,20.2,5.7,15.525020918728227,31.95750627561847
1782,28.1,26.67599868774414,91.0,0.0,20.6,5.7,15.806998457889812,32.84209953736695
1783,25.7,26.67599868774414,91.0,0.0,20.0,6.5,10.670565858099025,28.901169757429706
1784,29.0,26.67599868774414,91.0,0.0,19.2,5.6,24.19295585318555,36.25788675595567
1785,28.2,26.67599868774414,91.0,0.0,20.4,6.3,11.263370537275584,31.579011161182674
1786,25.5,26.67599868774414,91.0,0.0,20.4,5.5,29.32575303722714,34.29772591116814
1787,28.7,26.67599868774414,91.0,0.0,19.1,6.0,28.990723849592786,37.397217154877836
1788,26.2,26.67599868774414,91.0,0.0,20.2,6.5,18.602140231045635,31.78064206931369
1789,25.9,26.67599868774414,91.0,0.0,20.1,6.0,12.327163845643152,29.598149153692944
1790,26.9,26.67599868774414,91.0,0.0,19.5,6.0,15.97253331318102,31.691759993954303
1791,27.4,26.67599868774414,91.0,0.0,19.1,6.0,21.62351950491312,33.88705585147393
1792,25.7,26.67599868774414,91.0,0.0,20.4,5.9,14.40616920354862,30.021850761064584
1793,27.9,26.67599868774414,91.0,0.0,20.1,6.3,19.182529933344803,33.654758980003436
1794,28.0,26.67599868774414,91.0,0.0,20.2,5.9,29.03534482084555,36.710603446253664
1795,28.1,26.67599868774414,91.0,0.0,21.0,5.9,15.93973146944683,32.881919440834054
1796,29.0,26.67599868774414,91.0,0.0,21.0,6.0,13.689752988795567,33.10692589663867
1797,26.2,26.67599868774414,91.0,0.0,19.5,5.9,22.474940110824907,32.94248203324747
1798,27.3,26.67599868774414,91.0,0.0,19.5,6.3,23.81596957962826,34.44479087388848
1799,26.2,26.67599868774414,91.0,0.0,20.0,5.7,16.567662610671434,31.170298783201428
1800,25.1,26.625999450683597,91.0,0.0,19.1,5.8,10.25004283477048,28.175012850431145
1801,29.2,26.625999450683597,91.0,0.0,19.3,6.2,28.483433452342645,37.74503003570279
1802,25.7,26.625999450683597,91.0,0.0,19.5,6.0,26.689402406293713,33.706820721888114
1803,27.3,26.625999450683597,91.0,0.0,19.2,5.8,14.730527332888768,31.71915819986663
1804,26.1,26.625999450683597,91.0,0.0,19.9,6.4,25.05157549942477,33.61547264982743
1805,26.0,26.625999450683597,91.0,0.0,20.0,5.9,26.88827177603091,34.06648153280927
1806,27.5,26.625999450683597,91.0,0.0,19.7,5.6,24.773629211457397,34.93208876343722
1807,29.2,26.625999450683597,91.0,0.0,20.7,5.8,22.90206020481187,36.07061806144356
1808,29.4,26.625999450683597,91.0,0.0,19.6,5.9,17.528193730687256,34.65845811920617
1809,26.1,26.625999450683597,91.0,0.0,19.8,6.0,26.9534029526578,34.18602088579734
1810,25.2,26.625999450683597,91.0,0.0,20.4,5.7,12.76516095418139,29.029548286254418
1811,26.4,26.625999450683597,91.0,0.0,19.7,5.9,24.963949742745562,33.88918492282367
1812,27.0,26.625999450683597,91.0,0.0,20.9,6.3,29.640651478858615,35.892195443657585
1813,29.7,26.625999450683597,91.0,0.0,20.8,6.3,15.509602663533448,34.35288079906003
1814,26.8,26.625999450683597,91.0,0.0,20.7,6.0,29.072758226853388,35.52182746805602
1815,27.1,26.625999450683597,91.0,0.0,19.8,6.3,25.544372033952094,34.76331161018563
1816,26.6,26.625999450683597,91.0,0.0,21.0,6.1,20.050867019391237,32.61526010581737
1817,25.2,26.625999450683597,91.0,0.0,19.2,5.6,10.076244325258878,28.222873297577664
1818,25.7,26.625999450683597,91.0,0.0,19.8,5.7,19.974551914446252,31.692365574333873
1819,26.5,26.625999450683597,91.0,0.0,20.9,5.6,13.775981356427522,30.632794406928255
1820,27.0,26.625999450683597,91.0,0.0,19.6,6.0,17.25080410912801,32.1752412327384
1821,28.3,26.625999450683597,91.0,0.0,19.9,5.8,10.051363630187673,31.315409089056303
1822,27.4,26.625999450683597,91.0,0.0,21.0,5.6,13.63602018044293,31.49080605413288
1823,29.4,26.625999450683597,91.0,0.0,20.1,6.3,19.227944848883272,35.168383454664976
1824,26.4,26.625999450683597,91.0,0.0,19.0,5.7,29.75003338643667,35.325010015931
1825,29.6,26.625999450683597,91.0,0.0,20.3,5.6,29.461673539074717,38.43850206172242
1826,29.3,26.625999450683597,91.0,0.0,19.3,6.5,10.220362637759894,32.36610879132797
1827,27.4,26.625999450683597,91.0,0.0,20.8,5.6,15.12942162084176,31.938826486252527
1828,29.4,26.625999450683597,91.0,0.0,19.4,5.5,12.332576476567521,33.099772942970255
1829,28.4,26.625999450683597,91.0,0.0,20.4,6.1,26.753837876121402,36.42615136283642
1830,28.0,26.625999450683597,91.0,0.0,20.2,5.9,23.083086603632264,34.92492598108968
1831,25.1,26.625999450683597,91.0,0.0,19.7,5.8,19.60961281290112,30.982883843870336
1832,25.5,26.625999450683597,91.0,0.0,21.0,5.8,12.149785408509228,29.14493562255277
1833,26.2,26.625999450683597,91.0,0.0,19.8,5.6,25.60554811465081,33.88166443439524
1834,25.2,26.625999450683597,91.0,0.0,20.4,6.1,27.85665421883397,33.55699626565019
1835,27.2,26.625999450683597,91.0,0.0,19.1,6.2,28.80786049991167,35.8423581499735
1836,26.3,26.625999450683597,91.0,0.0,19.1,5.5,12.020326767904875,29.906098030371464
1837,28.1,26.625999450683597,91.0,0.0,20.9,6.0,10.410860560169441,31.223258168050833
1838,28.4,26.625999450683597,91.0,0.0,20.4,5.5,15.823509344807823,33.14705280344234
1839,29.3,26.625999450683597,91.0,0.0,19.7,6.0,26.65516755964372,37.29655026789312
1840,25.9,26.625999450683597,91.0,0.0,20.8,6.4,22.600056205574802,32.68001686167244
1841,27.8,26.625999450683597,91.0,0.0,20.9,5.5,17.10690209346084,32.932070628038254
1842,29.2,26.625999450683597,91.0,0.0,19.3,5.9,17.41186586934917,34.42355976080475
1843,29.1,26.625999450683597,91.0,0.0,19.2,6.0,18.891502606210036,34.76745078186301
1844,26.6,26.625999450683597,91.0,0.0,19.5,5.8,24.023642551398535,33.80709276541956
1845,26.3,26.625999450683597,91.0,0.0,19.6,6.2,17.681629750439495,31.60448892513185
1846,27.2,26.625999450683597,91.0,0.0,20.1,6.0,27.950101528283632,35.585030458485086
1847,28.8,26.625999450683597,91.0,0.0,19.1,6.2,19.41531085738606,34.62459325721582
1848,27.8,26.625999450683597,91.0,0.0,19.1,6.1,17.42785179359783,33.02835553807935
1849,28.9,26.625999450683597,91.0,0.0,20.1,6.3,25.63818825828025,36.59145647748407
1850,28.5,26.625999450683597,91.0,0.0,19.6,6.0,22.00016740977269,35.100050222931806
1851,28.3,26.625999450683597,91.0,0.0,19.0,5.5,11.86024174773909,31.858072524321727
1852,29.9,26.625999450683597,91.0,0.0,20.2,5.8,29.613972406920862,38.78419172207626
1853,26.2,26.625999450683597,91.0,0.0,19.9,6.2,24.19487150352908,33.458461451058724
1854,25.8,26.625999450683597,91.0,0.0,19.2,5.6,26.338932511728004,33.701679753518405
1855,28.0,26.625999450683597,91.0,0.0,19.1,5.8,11.439570418696759,31.431871125609028
1856,27.9,26.625999450683597,91.0,0.0,19.1,6.4,15.170851778856292,32.451255533656884
1857,26.5,26.625999450683597,91.0,0.0,20.3,6.4,13.28909978130991,30.486729934392972
1858,28.0,26.625999450683597,91.0,0.0,19.7,5.8,14.348942534787545,32.304682760436265
1859,25.2,26.625999450683597,91.0,0.0,19.5,6.4,25.445841222970863,32.83375236689126
1860,28.2,27.775999069213867,87.0,0.0,19.8,6.5,11.909523163601328,31.7728569490804
1861,26.3,27.775999069213867,87.0,0.0,20.9,6.1,24.17566627798328,33.552699883394986
1862,26.1,27.775999069213867,87.0,0.0,19.2,6.2,15.108567593459359,30.63257027803781
1863,25.9,27.775999069213867,87.0,0.0,19.5,5.7,14.77651213333295,30.332953639999882
1864,28.8,27.775999069213867,87.0,0.0,19.2,6.0,15.015512355446138,33.30465370663384
1865,28.1,27.775999069213867,87.0,0.0,19.3,6.2,19.61275363394723,33.983826090184166
1866,26.6,27.775999069213867,87.0,0.0,19.8,5.6,19.485931577656192,32.44577947329686
1867,25.5,27.775999069213867,87.0,0.0,19.9,6.2,18.048405104194362,30.91452153125831
1868,25.2,27.775999069213867,87.0,0.0,19.7,6.2,20.547882723368637,31.36436481701059
1869,28.6,27.775999069213867,87.0,0.0,19.8,6.3,11.199812203879628,31.95994366116389
1870,26.7,27.775999069213867,87.0,0.0,20.8,6.1,19.562256131676495,32.56867683950295
1871,27.6,27.775999069213867,87.0,0.0,19.2,6.3,26.61977233267209,35.58593169980163
1872,27.5,27.775999069213867,87.0,0.0,19.5,6.5,23.3221080310111,34.49663240930333
1873,27.3,27.775999069213867,87.0,0.0,19.6,5.8,26.529190778488882,35.25875723354667
1874,28.8,27.775999069213867,87.0,0.0,20.8,6.3,17.901230520377254,34.170369156113175
1875,26.8,27.775999069213867,87.0,0.0,19.9,5.9,29.875028836507962,35.76250865095239
1876,25.2,27.775999069213867,87.0,0.0,19.7,5.7,21.31406747900791,31.594220243702374
1877,27.1,27.775999069213867,87.0,0.0,20.0,6.1,16.834037795559908,32.15021133866797
1878,29.6,27.775999069213867,87.0,0.0,19.4,5.7,17.372591563897366,34.811777469169215
1879,25.6,27.775999069213867,87.0,0.0,19.6,6.0,12.350230229057683,29.305069068717305
1880,29.3,27.775999069213867,87.0,0.0,19.4,5.8,26.681434835739168,37.30443045072175
1881,25.1,27.775999069213867,87.0,0.0,19.6,6.1,16.759084861264785,30.127725458379437
1882,25.6,27.775999069213867,87.0,0.0,19.4,5.8,13.551058911855293,29.66531767355659
1883,29.4,27.775999069213867,87.0,0.0,20.5,6.2,11.041006675962947,32.71230200278888
1884,27.9,27.775999069213867,87.0,0.0,20.3,6.1,27.898992896745487,36.269697869023645
1885,28.6,27.775999069213867,87.0,0.0,19.1,6.0,26.466145241376516,36.539843572412956
1886,26.2,27.775999069213867,87.0,0.0,20.0,5.8,28.264844140398118,34.679453242119436
1887,29.9,27.775999069213867,87.0,0.0,20.3,5.8,15.460514666277351,34.538154399883204
1888,26.2,27.775999069213867,87.0,0.0,20.3,6.0,23.417716404000153,33.225314921200045
1889,29.4,27.775999069213867,87.0,0.0,19.7,5.6,11.78634178877461,32.93590253663238
1890,28.6,27.775999069213867,87.0,0.0,19.0,6.3,28.257418033468007,37.077225410040406
1891,28.9,27.775999069213867,87.0,0.0,21.0,6.4,29.905282358288424,37.87158470748653
1892,27.0,27.775999069213867,87.0,0.0,20.8,5.7,28.98825600536941,35.69647680161082
1893,28.3,27.775999069213867,87.0,0.0,20.8,5.8,15.215956959198241,32.864787087759474
1894,26.2,27.775999069213867,87.0,0.0,20.1,5.7,15.434518104095218,30.830355431228565
1895,26.7,27.775999069213867,87.0,0.0,20.2,6.3,11.68877551408601,30.206632654225803
1896,29.3,27.775999069213867,87.0,0.0,19.2,5.6,23.22542498012441,36.26762749403732
1897,28.7,27.775999069213867,87.0,0.0,20.2,5.6,17.090219664670958,33.82706589940128
1898,28.9,27.775999069213867,87.0,0.0,20.5,5.7,17.73832740544085,34.22149822163225
1899,29.4,27.775999069213867,87.0,0.0,20.2,6.4,16.084690487964114,34.22540714638923
1900,29.0,27.775999069213867,87.0,0.0,19.2,5.5,19.25444845805464,34.77633453741639
1901,25.5,27.775999069213867,87.0,0.0,19.4,6.0,29.172615976479534,34.25178479294386
1902,29.5,27.775999069213867,87.0,0.0,19.4,6.0,10.448035494890686,32.6344106484672
1903,29.6,27.775999069213867,87.0,0.0,20.3,5.6,21.302322639720366,35.99069679191611
1904,26.5,27.775999069213867,87.0,0.0,19.7,6.3,27.241072965110085,34.67232188953302
1905,27.7,27.775999069213867,87.0,0.0,20.3,6.1,19.75592017593493,33.62677605278048
1906,25.3,27.775999069213867,87.0,0.0,20.6,5.8,25.225169612315117,32.867550883694534
1907,29.0,27.775999069213867,87.0,0.0,20.0,6.3,15.114753074505316,33.534425922351595
1908,28.7,27.775999069213867,87.0,0.0,19.2,5.8,17.720934567705516,34.016280370311655
1909,26.6,27.775999069213867,87.0,0.0,20.9,6.5,24.33570522587224,33.900711567761675
1910,29.7,27.775999069213867,87.0,0.0,20.5,6.3,23.1211150027949,36.63633450083847
1911,27.1,27.775999069213867,87.0,0.0,20.1,5.8,26.605079664846063,35.08152389945382
1912,25.8,27.775999069213867,87.0,0.0,20.1,6.4,25.17547656772778,33.352642970318335
1913,29.5,27.775999069213867,87.0,0.0,20.1,5.9,21.01649027799801,35.804947083399405
1914,27.6,27.775999069213867,87.0,0.0,19.0,6.2,16.925091553070644,32.677527465921195
1915,25.7,27.775999069213867,87.0,0.0,19.3,6.1,22.131892843391043,32.339567853017314
1916,29.6,27.775999069213867,87.0,0.0,19.2,5.8,19.03210340575105,35.309631021725316
1917,26.8,27.775999069213867,87.0,0.0,19.5,5.5,24.376733144235967,34.11301994327079
1918,29.1,27.775999069213867,87.0,0.0,19.3,6.5,12.96662149265217,32.98998644779565
1919,27.2,27.775999069213867,87.0,0.0,20.2,6.2,22.374416128672344,33.912324838601705
1920,28.4,29.275999069213867,77.0,0.0,20.7,6.2,12.803986839816554,32.24119605194497
1921,25.6,29.275999069213867,77.0,0.0,19.7,6.5,21.820389263375056,32.146116779012516
1922,25.5,29.275999069213867,77.0,0.0,19.8,5.6,20.33559438414023,31.600678315242067
1923,29.5,29.275999069213867,77.0,0.0,19.7,6.5,18.349908660580958,35.00497259817429
1924,25.6,29.275999069213867,77.0,0.0,20.5,6.2,19.396804532570776,31.419041359771235
1925,29.2,29.275999069213867,77.0,0.0,21.0,6.0,28.937954114177508,37.88138623425325
1926,27.9,29.275999069213867,77.0,0.0,19.2,6.4,28.077428748627497,36.323228624588246
1927,29.6,29.275999069213867,77.0,0.0,20.0,6.3,21.84882129309443,36.15464638792833
1928,25.8,29.275999069213867,77.0,0.0,19.6,6.2,13.704424869219983,29.911327460765996
1929,27.4,29.275999069213867,77.0,0.0,20.3,5.6,28.370991960576074,35.91129758817282
1930,28.6,29.275999069213867,77.0,0.0,19.3,5.8,10.49017363432454,31.747052090297363
1931,26.7,29.275999069213867,77.0,0.0,19.2,6.2,17.17453897552393,31.852361692657176
1932,26.0,29.275999069213867,77.0,0.0,19.6,5.8,28.348418503271134,34.50452555098134
1933,25.7,29.275999069213867,77.0,0.0,20.8,5.5,11.778350149241914,29.233505044772574
1934,26.2,29.275999069213867,77.0,0.0,20.3,6.4,14.91586966983091,30.674760900949273
1935,29.2,29.275999069213867,77.0,0.0,20.7,6.4,22.3390994082733,35.90172982248199
1936,26.3,29.275999069213867,77.0,0.0,19.8,5.9,22.136254906812738,32.940876472043826
1937,29.3,29.275999069213867,77.0,0.0,20.0,6.2,19.750346328892824,35.22510389866785
1938,29.0,29.275999069213867,77.0,0.0,19.8,6.5,27.909469564123167,37.37284086923695
1939,26.9,29.275999069213867,77.0,0.0,19.6,6.1,23.635986986812483,33.990796096043745
1940,29.7,29.275999069213867,77.0,0.0,20.2,6.4,27.49822769620202,37.9494683088606
1941,26.4,29.275999069213867,77.0,0.0,19.2,5.7,27.78720462423456,34.736161387270364
1942,28.0,29.275999069213867,77.0,0.0,20.2,6.2,19.462745549396125,33.83882366481884
1943,29.4,29.275999069213867,77.0,0.0,20.5,6.3,24.926181570239585,36.87785447107187
1944,26.7,29.275999069213867,77.0,0.0,19.9,5.7,29.048903522379078,35.41467105671372
1945,26.5,29.275999069213867,77.0,0.0,20.6,5.7,16.018658449780155,31.305597534934044
1946,29.0,29.275999069213867,77.0,0.0,19.2,5.6,26.524209081246372,36.95726272437391
1947,25.7,29.275999069213867,77.0,0.0,20.9,6.2,26.702171506114283,33.71065145183428
1948,26.2,29.275999069213867,77.0,0.0,21.0,6.1,20.055983049997632,32.21679491499929
1949,26.8,29.275999069213867,77.0,0.0,20.1,6.0,20.84733960432953,33.05420188129886
1950,25.6,29.275999069213867,77.0,0.0,19.2,5.8,20.052827300030923,31.615848190009277
1951,28.3,29.275999069213867,77.0,0.0,19.9,6.5,10.831542060847113,31.549462618254136
1952,28.8,29.275999069213867,77.0,0.0,19.6,5.7,16.444101781603276,33.73323053448098
1953,28.3,29.275999069213867,77.0,0.0,20.7,6.4,20.199120907890922,34.35973627236728
1954,29.7,29.275999069213867,77.0,0.0,19.8,6.5,29.983558714026568,38.69506761420797
1955,25.7,29.275999069213867,77.0,0.0,19.3,5.9,12.463451930008755,29.439035579002628
1956,28.9,29.275999069213867,77.0,0.0,20.1,5.6,10.809759381668352,32.1429278145005
1957,28.4,29.275999069213867,77.0,0.0,20.6,6.5,20.31917699368837,34.49575309810651
1958,25.7,29.275999069213867,77.0,0.0,19.8,6.2,15.62126224951027,30.38637867485308
1959,28.7,29.275999069213867,77.0,0.0,19.3,5.5,18.43081230750991,34.22924369225297
1960,25.9,29.275999069213867,77.0,0.0,21.0,5.8,24.251890797815353,33.1755672393446
1961,28.6,29.275999069213867,77.0,0.0,19.7,6.5,20.553352320600737,34.76600569618022
1962,29.9,29.275999069213867,77.0,0.0,19.3,6.3,21.80067356095029,36.44020206828509
1963,28.5,29.275999069213867,77.0,0.0,20.5,6.1,25.652059815494894,36.19561794464847
1964,29.3,29.275999069213867,77.0,0.0,20.1,6.5,27.42658930850021,37.527976792550064
1965,26.8,29.275999069213867,77.0,0.0,19.5,5.7,14.26862307609715,31.080586922829145
1966,29.6,29.275999069213867,77.0,0.0,19.4,5.6,23.094907969997493,36.52847239099925
1967,25.1,29.275999069213867,77.0,0.0,19.3,6.3,24.45477063098145,32.43643118929444
1968,27.9,29.275999069213867,77.0,0.0,19.7,6.0,14.793779982051598,32.338133994615475
1969,28.4,29.275999069213867,77.0,0.0,20.8,5.9,21.67773431019328,34.90332029305798
1970,25.9,29.275999069213867,77.0,0.0,19.4,5.6,29.871237332800366,34.86137119984011
1971,28.9,29.275999069213867,77.0,0.0,20.3,5.5,13.722436031218727,33.01673080936562
1972,29.7,29.275999069213867,77.0,0.0,19.6,6.1,20.30800044676657,35.79240013402997
1973,26.3,29.275999069213867,77.0,0.0,20.6,5.8,13.158796197226753,30.247638859168028
1974,27.5,29.275999069213867,77.0,0.0,20.2,6.0,27.802606626827874,35.84078198804836
1975,28.7,29.275999069213867,77.0,0.0,20.3,5.6,17.205213565904366,33.86156406977131
1976,28.4,29.275999069213867,77.0,0.0,19.8,6.3,21.14196503524849,34.74258951057455
1977,29.9,29.275999069213867,77.0,0.0,20.6,6.0,13.919382051542282,34.07581461546268
1978,29.0,29.275999069213867,77.0,0.0,19.7,6.5,27.907221217651394,37.37216636529541
1979,28.8,29.275999069213867,77.0,0.0,19.2,6.4,28.738891443348273,37.42166743300448
1980,26.0,30.775999069213867,69.0,0.0,19.0,6.1,25.57271186859749,33.671813560579245
1981,30.0,30.775999069213867,69.0,0.0,19.8,6.4,13.504642291089201,34.05139268732676
1982,25.6,30.775999069213867,69.0,0.0,19.2,5.5,14.142148364581988,29.842644509374598
1983,29.2,30.775999069213867,69.0,0.0,20.5,5.8,11.185469693253259,32.55564090797598
1984,25.4,30.775999069213867,69.0,0.0,20.8,6.3,11.875814914982678,28.9627444744948
1985,25.9,30.775999069213867,69.0,0.0,19.4,6.1,26.303818249522713,33.79114547485681
1986,26.4,30.775999069213867,69.0,0.0,19.0,6.1,12.907828044475224,30.272348413342566
1987,26.5,30.775999069213867,69.0,0.0,19.5,6.0,10.388718906566513,29.616615671969953
1988,25.6,30.775999069213867,69.0,0.0,20.8,6.4,18.476750529501906,31.143025158850573
1989,25.6,30.775999069213867,69.0,0.0,20.7,6.2,14.934768193353392,30.08043045800602
1990,27.1,30.775999069213867,69.0,0.0,19.4,5.8,12.0567666345543,30.717029990366292
1991,28.9,30.775999069213867,69.0,0.0,20.6,5.6,10.020237317947686,31.906071195384303
1992,28.6,30.775999069213867,69.0,0.0,20.5,5.5,13.472487987191478,32.641746396157444
1993,28.8,30.775999069213867,69.0,0.0,20.9,6.3,10.787833361350492,32.03635000840515
1994,29.4,30.775999069213867,69.0,0.0,19.5,5.8,19.491846498483362,35.24755394954501
1995,27.8,30.775999069213867,69.0,0.0,20.4,6.4,16.056563317239775,32.61696899517193
1996,25.2,30.775999069213867,69.0,0.0,20.4,5.8,18.89281502076611,30.867844506229833
1997,27.0,30.775999069213867,69.0,0.0,20.7,6.1,19.700848169987168,32.91025445099615
1998,25.4,30.775999069213867,69.0,0.0,19.6,6.0,26.182097525000678,33.2546292575002
1999,27.6,30.775999069213867,69.0,0.0,20.9,6.2,22.492247219172057,34.34767416575162
2000,27.1,30.775999069213867,69.0,0.0,19.6,5.9,10.835195845885222,30.35055875376557
2001,29.9,30.775999069213867,69.0,0.0,19.4,5.8,16.045757895778895,34.713727368733664
2002,25.9,30.775999069213867,69.0,0.0,20.7,5.8,25.046507847703058,33.413952354310915
2003,26.7,30.775999069213867,69.0,0.0,19.6,6.0,18.262096279458994,32.178628883837696
2004,28.4,30.775999069213867,69.0,0.0,19.4,6.4,13.977649324591948,32.59329479737758
2005,28.5,30.775999069213867,69.0,0.0,20.1,6.0,11.999981539703317,32.099994461910995
2006,28.0,30.775999069213867,69.0,0.0,19.0,6.5,18.350047291460665,33.5050141874382
2007,27.4,30.775999069213867,69.0,0.0,19.3,5.8,20.88040276418745,33.664120829256234
2008,28.1,30.775999069213867,69.0,0.0,20.5,5.6,15.984355193711849,32.89530655811355
2009,28.3,30.775999069213867,69.0,0.0,19.8,5.9,19.20207669213967,34.0606230076419
2010,26.7,30.775999069213867,69.0,0.0,19.4,5.6,21.971693415494364,33.29150802464831
2011,26.8,30.775999069213867,69.0,0.0,19.5,6.1,10.04830981766496,29.814492945299488
2012,28.2,30.775999069213867,69.0,0.0,20.3,6.0,15.281268115387427,32.784380434616224
2013,27.9,30.775999069213867,69.0,0.0,19.1,6.2,26.454489258464722,35.83634677753942
2014,26.7,30.775999069213867,69.0,0.0,20.1,5.8,28.837791893216576,35.351337567964976
2015,25.3,30.775999069213867,69.0,0.0,19.6,5.9,12.178095284920369,28.95342858547611
2016,29.0,30.775999069213867,69.0,0.0,20.4,6.1,19.759124847851268,34.92773745435538
2017,27.6,30.775999069213867,69.0,0.0,20.1,6.2,12.696693821725695,31.40900814651771
2018,25.9,30.775999069213867,69.0,0.0,19.8,6.3,17.3785430729005,31.113562921870148
2019,26.4,30.775999069213867,69.0,0.0,20.7,6.4,18.736236470824636,32.02087094124739
2020,27.6,30.775999069213867,69.0,0.0,19.7,5.6,12.300422516963707,31.290126755089112
2021,26.6,30.775999069213867,69.0,0.0,19.1,5.6,22.174835089339773,33.25245052680194
2022,28.4,30.775999069213867,69.0,0.0,20.8,6.5,17.461090042580523,33.638327012774155
2023,25.9,30.775999069213867,69.0,0.0,19.5,6.4,23.14419996157367,32.8432599884721
2024,28.2,30.775999069213867,69.0,0.0,20.2,6.0,28.265141390997837,36.67954241729935
2025,28.9,30.775999069213867,69.0,0.0,20.9,6.1,24.53813329071994,36.26143998721598
2026,28.0,30.775999069213867,69.0,0.0,20.6,5.7,21.28870872145583,34.38661261643675
2027,29.5,30.775999069213867,69.0,0.0,19.2,6.3,23.445538343120035,36.53366150293601
2028,28.7,30.775999069213867,69.0,0.0,20.5,6.5,14.996896161015991,33.1990688483048
2029,26.2,30.775999069213867,69.0,0.0,19.1,5.9,16.64867139453195,31.194601418359582
2030,28.7,30.775999069213867,69.0,0.0,19.2,6.0,11.482179995637043,32.14465399869111
2031,25.9,30.775999069213867,69.0,0.0,19.4,6.5,16.577099184213623,30.873129755264085
2032,25.1,30.775999069213867,69.0,0.0,20.3,6.5,16.71880555560998,30.115641666682997
2033,29.2,30.775999069213867,69.0,0.0,20.2,6.5,14.658356426124397,33.597506927837316
2034,27.1,30.775999069213867,69.0,0.0,20.8,6.4,16.248637799545122,31.974591339863537
2035,25.6,30.775999069213867,69.0,0.0,19.1,5.8,29.968923415708993,34.5906770247127
2036,25.7,30.775999069213867,69.0,0.0,19.2,6.5,27.340515905652182,33.902154771695656
2037,29.6,30.775999069213867,69.0,0.0,20.0,6.4,16.181862800751666,34.4545588402255
2038,27.2,30.775999069213867,69.0,0.0,19.8,6.0,26.264881540185645,35.07946446205569
2039,29.5,30.775999069213867,69.0,0.0,20.0,6.4,22.18617089980512,36.155851269941536
2040,25.1,32.07600021362305,63.0,0.0,20.8,5.6,23.039224485265308,32.01176734557959
2041,29.3,32.07600021362305,63.0,0.0,20.9,5.9,29.690165313861105,38.207049594158335
2042,28.3,32.07600021362305,63.0,0.0,20.9,6.3,29.497512238961477,37.14925367168844
2043,29.7,32.07600021362305,63.0,0.0,20.3,6.4,17.762376682908428,35.02871300487253
2044,28.5,32.07600021362305,63.0,0.0,19.3,6.2,21.759037470784804,35.027711241235444
2045,28.7,32.07600021362305,63.0,0.0,19.4,6.1,18.22040829527145,34.166122488581436
2046,27.0,32.07600021362305,63.0,0.0,20.0,6.2,14.17155719037323,31.251467157111968
2047,27.2,32.07600021362305,63.0,0.0,20.4,6.0,29.88451087373568,36.1653532621207
2048,28.5,32.07600021362305,63.0,0.0,19.4,6.0,10.595121611562881,31.678536483468864
2049,25.7,32.07600021362305,63.0,0.0,20.1,5.6,19.82327952601297,31.64698385780389
2050,26.5,32.07600021362305,63.0,0.0,20.1,5.7,25.990189297261995,34.2970567891786
2051,25.5,32.07600021362305,63.0,0.0,20.8,6.4,14.648049258054645,29.894414777416394
2052,25.6,32.07600021362305,63.0,0.0,19.6,6.2,11.449807830168838,29.034942349050652
2053,27.7,32.07600021362305,63.0,0.0,20.6,5.6,25.767411050958184,35.430223315287456
2054,29.4,32.07600021362305,63.0,0.0,20.0,6.0,20.043065018409013,35.4129195055227
2055,26.3,32.07600021362305,63.0,0.0,20.6,5.6,22.711300080506533,33.11339002415196
2056,29.7,32.07600021362305,63.0,0.0,20.2,5.8,16.254766942980403,34.57643008289412
2057,30.0,32.07600021362305,63.0,0.0,19.3,6.4,19.83509729696155,35.95052918908846
2058,27.2,32.07600021362305,63.0,0.0,19.7,5.8,13.06993856594527,31.12098156978358
2059,26.8,32.07600021362305,63.0,0.0,19.7,6.0,20.278822119270252,32.883646635781076
2060,25.6,32.07600021362305,63.0,0.0,20.2,6.1,29.26602294922706,34.379806884768115
2061,28.9,32.07600021362305,63.0,0.0,20.7,5.9,13.310026688379535,32.89300800651386
2062,29.8,32.07600021362305,63.0,0.0,19.8,6.1,29.114233209758275,38.53426996292748
2063,25.4,32.07600021362305,63.0,0.0,20.0,5.5,26.145496532979124,33.24364895989373
2064,28.6,32.07600021362305,63.0,0.0,19.8,5.8,12.826853835344236,32.44805615060327
2065,28.8,32.07600021362305,63.0,0.0,19.1,5.8,22.83713020552108,35.65113906165632
2066,26.8,32.07600021362305,63.0,0.0,19.9,6.2,11.712715000164277,30.313814500049283
2067,26.4,32.07600021362305,63.0,0.0,19.4,5.9,16.83792683268786,31.451378049806358
2068,25.7,32.07600021362305,63.0,0.0,19.1,6.0,14.76055156380254,30.12816546914076
2069,28.1,32.07600021362305,63.0,0.0,20.9,5.6,15.943339795727669,32.8830019387183
2070,28.0,32.07600021362305,63.0,0.0,19.3,6.4,23.472676076848366,35.04180282305451
2071,26.6,32.07600021362305,63.0,0.0,19.5,6.3,17.8330850222645,31.94992550667935
2072,29.4,32.07600021362305,63.0,0.0,19.4,6.4,22.135701738830885,36.04071052164927
2073,26.8,32.07600021362305,63.0,0.0,20.4,6.2,29.970244131739715,35.791073239521914
2074,27.4,32.07600021362305,63.0,0.0,20.0,5.6,27.75219245753831,35.72565773726149
2075,25.0,32.07600021362305,63.0,0.0,19.2,6.2,12.75951061006168,28.827853183018505
2076,29.1,32.07600021362305,63.0,0.0,20.5,6.4,26.410897405928626,37.02326922177859
2077,29.2,32.07600021362305,63.0,0.0,20.0,6.4,17.468288858201817,34.440486657460546
2078,29.6,32.07600021362305,63.0,0.0,19.8,6.4,13.511106896432935,33.653332068929885
2079,28.0,32.07600021362305,63.0,0.0,20.3,5.7,22.030018702376317,34.6090056107129
2080,26.7,32.07600021362305,63.0,0.0,20.2,5.5,18.846226836549558,32.35386805096486
2081,25.9,32.07600021362305,63.0,0.0,20.2,5.7,16.622102194801524,30.886630658440456
2082,25.3,32.07600021362305,63.0,0.0,20.6,6.0,17.73248562657986,30.619745687973957
2083,27.7,32.07600021362305,63.0,0.0,20.7,6.3,18.099514765500537,33.12985442965016
2084,27.7,32.07600021362305,63.0,0.0,20.2,6.3,12.489562895641688,31.446868868692505
2085,28.8,32.07600021362305,63.0,0.0,20.7,5.8,23.35368075866746,35.80610422760024
2086,29.0,32.07600021362305,63.0,0.0,20.7,6.4,19.04636397593971,34.71390919278191
2087,29.2,32.07600021362305,63.0,0.0,20.6,5.6,15.250208422771557,33.77506252683147
2088,25.7,32.07600021362305,63.0,0.0,19.3,6.5,19.693573584519598,31.608072075355878
2089,26.6,32.07600021362305,63.0,0.0,21.0,5.5,28.985575731843053,35.29567271955292
2090,28.0,32.07600021362305,63.0,0.0,19.8,6.1,19.65263454660791,33.89579036398237
2091,27.4,32.07600021362305,63.0,0.0,20.1,5.6,17.016000711354053,32.50480021340621
2092,26.1,32.07600021362305,63.0,0.0,19.1,6.3,17.82233513393609,31.446700540180828
2093,26.7,32.07600021362305,63.0,0.0,20.9,6.4,11.35416144404368,30.106248433213104
2094,29.2,32.07600021362305,63.0,0.0,20.7,5.6,19.24287541426125,34.97286262427838
2095,25.7,32.07600021362305,63.0,0.0,19.3,6.3,23.132563547271886,32.639769064181564
2096,25.2,32.07600021362305,63.0,0.0,20.1,6.3,11.048449007220409,28.514534702166124
2097,26.9,32.07600021362305,63.0,0.0,19.8,6.3,16.96426777069867,31.9892803312096
2098,27.9,32.07600021362305,63.0,0.0,20.8,5.7,18.636915172263492,33.49107455167905
2099,27.5,32.07600021362305,63.0,0.0,20.8,6.5,11.271380222634972,30.88141406679049
2100,26.6,32.97600173950195,59.0,0.0,20.8,5.8,20.38105075350252,32.71431522605076
2101,29.0,32.97600173950195,59.0,0.0,19.9,6.4,19.27503230925061,34.78250969277518
2102,29.7,32.97600173950195,59.0,0.0,20.6,6.0,24.30383664366802,36.991150993100405
2103,28.3,32.97600173950195,59.0,0.0,20.8,5.6,14.196916105721456,32.55907483171644
2104,29.4,32.97600173950195,59.0,0.0,20.1,6.1,23.10966546766009,36.332899640298024
2105,29.2,32.97600173950195,59.0,0.0,21.0,6.5,12.370627437917168,32.91118823137515
2106,25.9,32.97600173950195,59.0,0.0,19.7,5.6,11.884022518931804,29.46520675567954
2107,27.1,32.97600173950195,59.0,0.0,20.4,5.9,26.240518507973526,34.97215555239206
2108,25.2,32.97600173950195,59.0,0.0,19.5,5.8,24.896204373086213,32.668861311925866
2109,27.8,32.97600173950195,59.0,0.0,19.6,6.2,24.742519134980242,35.22275574049407
2110,25.3,32.97600173950195,59.0,0.0,19.6,6.4,23.43557279231756,32.33067183769527
2111,27.2,32.97600173950195,59.0,0.0,20.5,6.5,15.795598424314397,31.93867952729432
2112,25.7,32.97600173950195,59.0,0.0,19.9,6.2,20.722002352086108,31.916600705625832
2113,25.4,32.97600173950195,59.0,0.0,19.7,6.2,11.089576742704356,28.726873022811304
2114,27.1,32.97600173950195,59.0,0.0,20.8,6.3,29.26374209126598,35.87912262737979
2115,25.7,32.97600173950195,59.0,0.0,20.4,5.9,18.174987959442003,31.1524963878326
2116,28.4,32.97600173950195,59.0,0.0,20.1,6.2,26.32977906097014,36.29893371829104
2117,28.5,32.97600173950195,59.0,0.0,19.2,5.5,22.51313771537614,35.253941314612845
2118,25.9,32.97600173950195,59.0,0.0,20.1,6.0,25.64892360690613,33.59467708207184
2119,29.5,32.97600173950195,59.0,0.0,19.6,6.0,21.621453499218894,35.98643604976567
2120,26.5,32.97600173950195,59.0,0.0,20.2,5.6,26.402673812062766,34.42080214361883
2121,26.1,32.97600173950195,59.0,0.0,20.6,5.8,13.889995613984865,30.26699868419546
2122,25.9,32.97600173950195,59.0,0.0,21.0,5.5,20.426048572539486,32.027814571761844
2123,25.8,32.97600173950195,59.0,0.0,20.1,6.4,16.638513220678128,30.791553966203438
2124,25.3,32.97600173950195,59.0,0.0,20.9,6.2,20.637358881777995,31.4912076645334
2125,26.5,32.97600173950195,59.0,0.0,20.1,6.1,19.421960516438702,32.32658815493161
2126,25.9,32.97600173950195,59.0,0.0,20.8,6.5,25.17319034985737,33.45195710495721
2127,30.0,32.97600173950195,59.0,0.0,20.5,6.4,15.865817925502535,34.75974537765076
2128,26.5,32.97600173950195,59.0,0.0,21.0,5.9,15.724746595353615,31.217423978606085
2129,27.6,32.97600173950195,59.0,0.0,19.0,6.3,16.078442307685822,32.42353269230575
2130,28.7,32.97600173950195,59.0,0.0,20.7,6.2,16.909330194484674,33.7727990583454
2131,27.6,32.97600173950195,59.0,0.0,20.6,5.7,15.78668951262342,32.336006853787026
2132,28.8,32.97600173950195,59.0,0.0,19.1,5.7,18.800103199275377,34.44003095978261
2133,29.0,32.97600173950195,59.0,0.0,20.2,6.3,15.582765243170506,33.674829572951154
2134,26.8,32.97600173950195,59.0,0.0,19.3,6.2,12.957093004468742,30.687127901340624
2135,29.3,32.97600173950195,59.0,0.0,19.3,5.8,21.52327956450671,35.75698386935201
2136,25.2,32.97600173950195,59.0,0.0,19.8,6.3,24.696323095225605,32.60889692856768
2137,27.0,32.97600173950195,59.0,0.0,19.4,5.7,10.602967194559989,30.180890158367998
2138,27.8,32.97600173950195,59.0,0.0,20.3,5.8,28.68747469265037,36.40624240779511
2139,26.1,32.97600173950195,59.0,0.0,20.0,6.3,23.667268060218646,33.20018041806559
2140,26.9,32.97600173950195,59.0,0.0,20.9,6.3,28.830655842948463,35.54919675288454
2141,27.4,32.97600173950195,59.0,0.0,19.0,5.6,10.661685884596794,30.598505765379038
2142,25.1,32.97600173950195,59.0,0.0,20.3,6.5,12.566853083043606,28.870055924913082
2143,28.5,32.97600173950195,59.0,0.0,19.4,6.0,27.729820079380584,36.81894602381418
2144,26.1,32.97600173950195,59.0,0.0,19.9,6.5,27.837924111387547,34.45137723341627
2145,27.3,32.97600173950195,59.0,0.0,20.5,6.0,13.009173331159696,31.20275199934791
2146,26.2,32.97600173950195,59.0,0.0,19.8,5.7,26.247943104384955,34.07438293131548
2147,28.7,32.97600173950195,59.0,0.0,19.1,5.5,23.706069766565992,35.8118209299698
2148,29.8,32.97600173950195,59.0,0.0,19.1,5.5,16.223368728272657,34.6670106184818
2149,28.5,32.97600173950195,59.0,0.0,20.4,5.7,13.011762909878124,32.403528872963435
2150,26.2,32.97600173950195,59.0,0.0,20.1,6.0,17.171539491150128,31.351461847345035
2151,28.3,32.97600173950195,59.0,0.0,20.2,6.5,16.25304988017527,33.17591496405258
2152,27.4,32.97600173950195,59.0,0.0,19.5,5.9,22.819059360265513,34.245717808079654
2153,28.6,32.97600173950195,59.0,0.0,20.9,5.5,10.366723304513517,31.710016991354056
2154,28.8,32.97600173950195,59.0,0.0,19.7,5.8,13.519734338886833,32.85592030166605
2155,30.0,32.97600173950195,59.0,0.0,20.9,5.7,16.889225209958596,35.06676756298758
2156,26.9,32.97600173950195,59.0,0.0,20.7,6.4,26.348750984783965,34.80462529543519
2157,25.8,32.97600173950195,59.0,0.0,19.6,6.0,19.86248491037971,31.758745473113912
2158,25.8,32.97600173950195,59.0,0.0,19.1,6.3,22.78724166644864,32.636172499934595
2159,26.8,32.97600173950195,59.0,0.0,19.1,5.6,24.88848299835936,34.26654489950781
2160,27.4,33.875999450683594,55.0,0.0,19.1,5.9,14.688584503793079,31.806575351137923
2161,25.0,33.875999450683594,55.0,0.0,20.7,6.4,19.721723761083933,30.91651712832518
2162,27.4,33.875999450683594,55.0,0.0,20.5,6.2,29.32909595543165,36.198728786629495
2163,28.2,33.875999450683594,55.0,0.0,20.1,6.0,28.81490216269356,36.84447064880807
2164,29.7,33.875999450683594,55.0,0.0,19.2,6.5,21.974516771616145,36.292355031484846
2165,29.0,33.875999450683594,55.0,0.0,19.6,6.5,20.911401154426933,35.27342034632808
2166,29.8,33.875999450683594,55.0,0.0,19.0,5.8,15.04025404705467,34.3120762141164
2167,29.6,33.875999450683594,55.0,0.0,20.2,5.7,14.004079329284252,33.80122379878528
2168,26.0,33.875999450683594,55.0,0.0,20.0,6.2,18.241742631697246,31.472522789509174
2169,28.4,33.875999450683594,55.0,0.0,19.3,6.0,13.433061408765685,32.429918422629704
2170,29.2,33.875999450683594,55.0,0.0,19.1,5.6,16.9016990873148,34.27050972619444
2171,26.1,33.875999450683594,55.0,0.0,19.4,6.1,23.452862843770987,33.135858853131296
2172,27.8,33.875999450683594,55.0,0.0,20.8,5.8,16.298823787943828,32.68964713638315
2173,29.3,33.875999450683594,55.0,0.0,20.1,6.1,24.93120197267134,36.7793605918014
2174,26.9,33.875999450683594,55.0,0.0,19.6,6.4,29.52170736594831,35.75651220978449
2175,27.1,33.875999450683594,55.0,0.0,19.6,6.1,13.196098790899933,31.05882963726998
2176,28.6,33.875999450683594,55.0,0.0,20.3,6.0,24.99140013960866,36.0974200418826
2177,27.3,33.875999450683594,55.0,0.0,20.0,5.9,14.217373091376093,31.56521192741283
2178,29.3,33.875999450683594,55.0,0.0,19.9,6.2,28.112400376585814,37.733720112975746
2179,29.0,33.875999450683594,55.0,0.0,20.0,5.9,11.533565469029446,32.46006964070883
2180,26.2,33.875999450683594,55.0,0.0,20.8,6.2,10.77961529149098,29.433884587447295
2181,28.3,33.875999450683594,55.0,0.0,21.0,5.9,17.830499892965747,33.64914996788973
2182,28.8,33.875999450683594,55.0,0.0,19.5,5.9,29.713605722834025,37.71408171685021
2183,29.4,33.875999450683594,55.0,0.0,20.8,5.8,22.772727010439148,36.231818103131744
2184,26.8,33.875999450683594,55.0,0.0,20.9,6.1,18.140841155854623,32.24225234675639
2185,27.9,33.875999450683594,55.0,0.0,20.3,5.7,21.54847006942562,34.36454102082769
2186,29.1,33.875999450683594,55.0,0.0,19.4,5.6,18.168759286581555,34.55062778597447
2187,28.6,33.875999450683594,55.0,0.0,20.7,5.8,10.09274339394113,31.62782301818234
2188,29.6,33.875999450683594,55.0,0.0,19.6,5.9,11.13811537326664,32.94143461197999
2189,29.3,33.875999450683594,55.0,0.0,19.6,6.2,17.687297515058614,34.60618925451759
2190,29.6,33.875999450683594,55.0,0.0,19.5,5.8,12.482461532588552,33.344738459776565
2191,28.9,33.875999450683594,55.0,0.0,20.5,5.7,26.07138690853817,36.721416072561446
2192,28.7,33.875999450683594,55.0,0.0,19.9,5.9,14.118625946723995,32.9355877840172
2193,26.4,33.875999450683594,55.0,0.0,20.5,5.6,29.77081948577753,35.33124584573326
2194,29.6,33.875999450683594,55.0,0.0,19.4,5.9,14.097578312969185,33.82927349389075
2195,27.6,33.875999450683594,55.0,0.0,20.2,6.3,14.954473579158432,32.08634207374753
2196,29.0,33.875999450683594,55.0,0.0,20.2,6.0,18.75026410940842,34.62507923282253
2197,25.4,33.875999450683594,55.0,0.0,19.9,6.0,15.57476964766823,30.072430894300467
2198,26.0,33.875999450683594,55.0,0.0,20.2,5.5,28.89544368103714,34.66863310431114
2199,29.2,33.875999450683594,55.0,0.0,19.9,5.9,22.50766213444104,35.95229864033231
2200,29.1,33.875999450683594,55.0,0.0,20.4,6.0,17.98248738567268,34.4947462157018
2201,26.5,33.875999450683594,55.0,0.0,20.0,5.6,17.865648436707275,31.85969453101218
2202,25.4,33.875999450683594,55.0,0.0,19.2,6.1,27.146621974477302,33.54398659234319
2203,27.9,33.875999450683594,55.0,0.0,19.1,6.2,19.976161260387507,33.89284837811625
2204,25.5,33.875999450683594,55.0,0.0,20.2,5.9,28.974853649321243,34.19245609479637
2205,28.5,33.875999450683594,55.0,0.0,20.5,6.5,23.570889983442143,35.571266995032644
2206,29.0,33.875999450683594,55.0,0.0,19.6,6.3,18.31428100444041,34.49428430133212
2207,27.0,33.875999450683594,55.0,0.0,20.2,6.0,23.28614929836637,33.98584478950991
2208,25.0,33.875999450683594,55.0,0.0,19.6,6.1,10.96764223962765,28.290292671888295
2209,27.2,33.875999450683594,55.0,0.0,19.6,5.7,15.456523864303858,31.836957159291156
2210,26.7,33.875999450683594,55.0,0.0,20.7,5.5,17.65212496296225,31.995637488888676
2211,26.2,33.875999450683594,55.0,0.0,19.9,5.6,11.50338581469306,29.651015744407918
2212,29.0,33.875999450683594,55.0,0.0,19.4,5.8,26.265041089017195,36.87951232670516
2213,28.1,33.875999450683594,55.0,0.0,20.3,5.7,28.7264535569699,36.717936067090974
2214,25.3,33.875999450683594,55.0,0.0,20.0,6.2,10.269462879652407,28.380838863895722
2215,28.6,33.875999450683594,55.0,0.0,19.4,5.9,10.682079199581754,31.804623759874527
2216,26.2,33.875999450683594,55.0,0.0,20.9,5.9,19.86157795997663,32.158473387992984
2217,28.3,33.875999450683594,55.0,0.0,20.4,5.8,20.341326273818737,34.40239788214562
2218,29.4,33.875999450683594,55.0,0.0,19.3,5.5,21.470323670413276,35.84109710112398
2219,26.2,33.875999450683594,55.0,0.0,20.5,6.2,26.48056836808285,34.14417051042486
2220,28.0,34.22600173950195,53.0,0.0,20.2,6.1,26.445153671462368,35.93354610143871
2221,29.3,34.22600173950195,53.0,0.0,19.3,5.8,10.640380568730588,32.492114170619175
2222,27.5,34.22600173950195,53.0,0.0,20.4,5.8,25.965893374152028,35.28976801224561
2223,29.1,34.22600173950195,53.0,0.0,20.5,6.0,20.126949078563033,35.13808472356891
2224,25.4,34.22600173950195,53.0,0.0,20.0,6.0,12.428997231155595,29.128699169346678
2225,29.8,34.22600173950195,53.0,0.0,19.1,6.2,10.993404302156097,33.09802129064683
2226,29.4,34.22600173950195,53.0,0.0,19.2,6.1,27.398071288493725,37.61942138654811
2227,26.3,34.22600173950195,53.0,0.0,20.8,6.5,15.311098976640556,30.893329692992168
2228,29.8,34.22600173950195,53.0,0.0,19.2,6.3,29.55530095229671,38.66659028568901
2229,29.9,34.22600173950195,53.0,0.0,19.5,6.4,29.396549766791882,38.718964930037565
2230,28.3,34.22600173950195,53.0,0.0,19.1,6.1,22.75507960934955,35.12652388280487
2231,29.3,34.22600173950195,53.0,0.0,20.0,6.0,27.420554454519433,37.52616633635583
2232,28.1,34.22600173950195,53.0,0.0,20.3,6.4,19.700036589934705,34.01001097698041
2233,25.9,34.22600173950195,53.0,0.0,19.2,6.0,24.290276504513994,33.1870829513542
2234,26.0,34.22600173950195,53.0,0.0,19.3,5.6,22.52038627731639,32.756115883194916
2235,29.0,34.22600173950195,53.0,0.0,20.1,5.8,11.317389073457269,32.39521672203718
2236,26.9,34.22600173950195,53.0,0.0,20.1,5.8,25.044124898602753,34.41323746958082
2237,28.3,34.22600173950195,53.0,0.0,20.2,5.6,25.649073411698048,35.99472202350941
2238,30.0,34.22600173950195,53.0,0.0,20.3,5.5,15.222718380980812,34.56681551429424
2239,25.7,34.22600173950195,53.0,0.0,19.2,6.2,15.411062551405506,30.32331876542165
2240,29.2,34.22600173950195,53.0,0.0,19.1,6.5,13.352294718753061,33.205688415625914
2241,26.2,34.22600173950195,53.0,0.0,19.5,5.5,25.43795880428857,33.83138764128657
2242,26.3,34.22600173950195,53.0,0.0,19.7,6.0,26.72870604036525,34.31861181210957
2243,25.1,34.22600173950195,53.0,0.0,19.8,6.3,13.194757698158508,29.058427309447552
2244,26.3,34.22600173950195,53.0,0.0,19.2,5.7,29.394806218935567,35.11844186568067
2245,25.4,34.22600173950195,53.0,0.0,20.4,6.0,13.274214851079549,29.382264455323863
2246,27.4,34.22600173950195,53.0,0.0,20.8,6.0,15.415903633707748,32.024771090112324
2247,25.7,34.22600173950195,53.0,0.0,19.3,6.2,29.550725256214946,34.565217576864484
2248,26.7,34.22600173950195,53.0,0.0,19.9,6.2,17.8465728204068,32.05397184612204
2249,29.6,34.22600173950195,53.0,0.0,19.3,6.4,27.300411254125674,37.7901233762377
2250,27.1,34.22600173950195,53.0,0.0,20.5,6.4,24.42455911467348,34.42736773440205
2251,29.6,34.22600173950195,53.0,0.0,20.6,5.9,17.59996782580361,34.879990347741085
2252,28.6,34.22600173950195,53.0,0.0,19.2,5.6,20.734991558934976,34.8204974676805
2253,29.2,34.22600173950195,53.0,0.0,21.0,6.2,19.556110644476448,35.06683319334293
2254,29.9,34.22600173950195,53.0,0.0,19.3,6.3,11.097162210613236,33.22914866318397
2255,29.5,34.22600173950195,53.0,0.0,20.0,6.0,12.732097217116742,33.31962916513502
2256,28.8,34.22600173950195,53.0,0.0,20.5,5.7,14.409935454994534,33.12298063649836
2257,29.2,34.22600173950195,53.0,0.0,20.8,5.7,28.72745346429098,37.81823603928729
2258,26.8,34.22600173950195,53.0,0.0,20.3,5.8,15.19506423684972,31.358519271054917
2259,29.7,34.22600173950195,53.0,0.0,20.4,5.7,12.573413455148552,33.47202403654457
2260,27.8,34.22600173950195,53.0,0.0,20.4,6.3,22.52206800124916,34.55662040037475
2261,25.2,34.22600173950195,53.0,0.0,19.7,6.1,13.313165993752502,29.19394979812575
2262,27.3,34.22600173950195,53.0,0.0,19.7,6.0,23.742407910391005,34.4227223731173
2263,28.5,34.22600173950195,53.0,0.0,19.4,5.9,13.159089502352044,32.447726850705614
2264,28.9,34.22600173950195,53.0,0.0,20.6,6.3,25.68504869911333,36.605514609734
2265,25.8,34.22600173950195,53.0,0.0,19.8,5.9,29.5131907521002,34.65395722563006
2266,27.5,34.22600173950195,53.0,0.0,19.5,6.3,12.138703288673419,31.141610986602025
2267,25.2,34.22600173950195,53.0,0.0,19.5,5.7,22.87760039622418,32.063280118867254
2268,28.4,34.22600173950195,53.0,0.0,19.9,5.8,20.174252656473445,34.45227579694203
2269,25.3,34.22600173950195,53.0,0.0,20.6,6.0,16.367529578603623,30.210258873581086
2270,26.7,34.22600173950195,53.0,0.0,20.5,6.3,18.415290565321335,32.2245871695964
2271,27.9,34.22600173950195,53.0,0.0,20.4,5.7,17.043421607773418,33.01302648233202
2272,26.4,34.22600173950195,53.0,0.0,19.2,6.3,28.628921143549213,34.98867634306476
2273,28.4,34.22600173950195,53.0,0.0,19.3,5.7,10.880858402356877,31.66425752070706
2274,28.0,34.22600173950195,53.0,0.0,20.5,6.4,12.62520791656436,31.78756237496931
2275,29.0,34.22600173950195,53.0,0.0,20.3,6.4,15.626891797554647,33.68806753926639
2276,26.7,34.22600173950195,53.0,0.0,20.8,5.5,19.872752775619304,32.66182583268579
2277,27.1,34.22600173950195,53.0,0.0,19.7,5.6,24.023882186456746,34.30716465593702
2278,28.5,34.22600173950195,53.0,0.0,19.4,5.7,25.25991298630956,36.07797389589287
2279,29.8,34.22600173950195,53.0,0.0,20.7,6.2,13.565174183585757,33.869552255075725
2280,26.7,34.5260009765625,52.0,0.0,20.8,6.0,19.715346950666778,32.614604085200035
2281,27.0,34.5260009765625,52.0,0.0,19.0,5.7,24.011195005874015,34.2033585017622
2282,28.6,34.5260009765625,52.0,0.0,19.1,5.9,10.945437033379704,31.883631110013912
2283,28.0,34.5260009765625,52.0,0.0,20.1,5.6,20.785008263292777,34.23550247898783
2284,29.3,34.5260009765625,52.0,0.0,20.5,5.7,13.522516740452428,33.35675502213573
2285,25.8,34.5260009765625,52.0,0.0,20.6,5.7,28.7970854690303,34.43912564070909
2286,29.9,34.5260009765625,52.0,0.0,19.9,5.8,21.232474583128635,36.26974237493859
2287,26.3,34.5260009765625,52.0,0.0,19.6,6.0,21.841753433727146,32.85252603011814
2288,25.6,34.5260009765625,52.0,0.0,19.7,5.6,20.792282908892417,31.837684872667726
2289,25.9,34.5260009765625,52.0,0.0,20.8,5.7,23.890953442086925,33.06728603262608
2290,26.4,34.5260009765625,52.0,0.0,19.4,6.2,20.032792657029216,32.409837797108764
2291,25.8,34.5260009765625,52.0,0.0,20.1,6.4,26.142238960503864,33.64267168815116
2292,29.8,34.5260009765625,52.0,0.0,20.6,6.0,26.4713377974387,37.74140133923161
2293,29.9,34.5260009765625,52.0,0.0,19.6,5.8,25.538421813778413,37.56152654413352
2294,26.2,34.5260009765625,52.0,0.0,19.2,6.3,21.481774389394435,32.64453231681833
2295,29.4,34.5260009765625,52.0,0.0,19.7,5.5,15.550773582654738,34.06523207479642
2296,27.2,34.5260009765625,52.0,0.0,21.0,6.3,17.05248332387206,32.315744997161616
2297,29.8,34.5260009765625,52.0,0.0,19.6,6.1,11.383843034892587,33.21515291046778
2298,26.3,34.5260009765625,52.0,0.0,19.8,6.2,22.880234173235245,33.16407025197057
2299,27.7,34.5260009765625,52.0,0.0,19.9,6.0,26.85373152666644,35.75611945799993
2300,29.7,34.5260009765625,52.0,0.0,19.8,5.7,17.41003049708787,34.92300914912636
2301,29.6,34.5260009765625,52.0,0.0,20.9,6.4,24.658764170814507,36.997629251244355
2302,28.5,34.5260009765625,52.0,0.0,20.4,6.4,15.766750451761506,33.23002513552845
2303,29.9,34.5260009765625,52.0,0.0,20.2,6.4,28.36064324414878,38.40819297324463
2304,26.3,34.5260009765625,52.0,0.0,19.1,6.3,18.361931971515737,31.808579591454723
2305,27.0,34.5260009765625,52.0,0.0,20.6,6.4,26.23613077440239,34.87083923232072
2306,25.1,34.5260009765625,52.0,0.0,20.4,5.9,10.011069579479411,28.103320873843824
2307,28.5,34.5260009765625,52.0,0.0,20.6,5.7,23.72694942581667,35.618084827745
2308,29.3,34.5260009765625,52.0,0.0,20.6,5.7,10.582914237377004,32.4748742712131
2309,27.3,34.5260009765625,52.0,0.0,20.8,5.8,18.826760710482315,32.948028213144696
2310,26.2,34.5260009765625,52.0,0.0,19.1,6.0,28.85718690428661,34.857156071285985
2311,29.4,34.5260009765625,52.0,0.0,19.7,5.7,12.979055319939771,33.29371659598193
2312,26.2,34.5260009765625,52.0,0.0,20.0,5.7,13.518805036452113,30.255641510935632
2313,28.8,34.5260009765625,52.0,0.0,20.4,6.5,29.169179663800932,37.55075389914028
2314,25.1,34.5260009765625,52.0,0.0,19.2,5.5,27.679970760508528,33.40399122815256
2315,26.7,34.5260009765625,52.0,0.0,20.5,6.1,26.57256072043506,34.671768216130516
2316,29.8,34.5260009765625,52.0,0.0,20.1,6.5,22.542360648108378,36.56270819443252
2317,27.9,34.5260009765625,52.0,0.0,19.6,6.1,12.510553740412565,31.653166122123768
2318,25.8,34.5260009765625,52.0,0.0,20.8,5.8,21.515777460931897,32.25473323827957
2319,27.8,34.5260009765625,52.0,0.0,19.9,6.1,21.640223594419172,34.29206707832575
2320,28.1,34.5260009765625,52.0,0.0,19.2,5.5,13.731757762287309,32.2195273286862
2321,27.5,34.5260009765625,52.0,0.0,20.5,6.0,12.008662356575577,31.10259870697267
2322,25.8,34.5260009765625,52.0,0.0,20.1,6.4,20.511563188671616,31.953468956601483
2323,29.4,34.5260009765625,52.0,0.0,20.0,5.8,25.100478832777213,36.93014364983316
2324,26.7,34.5260009765625,52.0,0.0,19.6,6.4,17.9481245425209,32.08443736275627
2325,25.2,34.5260009765625,52.0,0.0,20.1,6.4,21.911150548603683,31.773345164581105
2326,27.4,34.5260009765625,52.0,0.0,20.9,5.9,24.798588234561123,34.839576470368335
2327,27.0,34.5260009765625,52.0,0.0,19.2,6.1,20.289246318210914,33.086773895463274
2328,29.6,34.5260009765625,52.0,0.0,20.5,5.7,12.936387789087904,33.480916336726374
2329,29.5,34.5260009765625,52.0,0.0,19.2,6.4,28.22993146597144,37.96897943979143
2330,26.3,34.5260009765625,52.0,0.0,19.1,5.7,21.996769167693394,32.89903075030802
2331,30.0,34.5260009765625,52.0,0.0,20.5,5.7,13.422877392418552,34.02686321772556
2332,26.2,34.5260009765625,52.0,0.0,21.0,6.2,10.739317540585866,29.42179526217576
2333,25.5,34.5260009765625,52.0,0.0,20.6,5.7,13.872400395742584,29.661720118722776
2334,28.6,34.5260009765625,52.0,0.0,19.3,6.2,14.45701136491107,32.93710340947332
2335,28.8,34.5260009765625,52.0,0.0,19.5,5.5,23.403168958175115,35.82095068745254
2336,29.3,34.5260009765625,52.0,0.0,19.1,6.3,26.291708497206546,37.187512549161966
2337,26.6,34.5260009765625,52.0,0.0,19.8,5.8,24.937244022736436,34.081173206820935
2338,26.1,34.5260009765625,52.0,0.0,19.5,5.6,23.47626115820259,33.14287834746078
2339,28.6,34.5260009765625,52.0,0.0,20.1,5.5,13.538069993852982,32.6614209981559
2340,28.0,34.0260009765625,53.0,0.0,19.9,6.0,10.972213609692368,31.29166408290771
2341,25.5,34.0260009765625,53.0,0.0,20.1,6.3,21.160242676567893,31.848072802970368
2342,25.0,34.0260009765625,53.0,0.0,19.0,6.0,26.446413702979022,32.933924110893706
2343,27.9,34.0260009765625,53.0,0.0,20.9,5.7,28.07634784319977,36.32290435295993
2344,27.6,34.0260009765625,53.0,0.0,20.1,5.9,13.37023895996445,31.611071687989337
2345,25.8,34.0260009765625,53.0,0.0,20.2,5.9,15.768365578457601,30.53050967353728
2346,27.9,34.0260009765625,53.0,0.0,20.5,6.1,11.128358007994601,31.23850740239838
2347,29.6,34.0260009765625,53.0,0.0,19.8,5.8,19.895108828044144,35.568532648413246
2348,26.0,34.0260009765625,53.0,0.0,20.2,5.5,12.129045902877596,29.63871377086328
2349,26.1,34.0260009765625,53.0,0.0,19.6,6.1,23.303122972048662,33.090936891614604
2350,27.8,34.0260009765625,53.0,0.0,20.4,5.8,11.004164093979814,31.101249228193943
2351,25.6,34.0260009765625,53.0,0.0,20.9,5.7,24.538332122422513,32.96149963672676
2352,26.7,34.0260009765625,53.0,0.0,20.1,6.4,11.533038857024673,30.1599116571074
2353,27.9,34.0260009765625,53.0,0.0,19.1,6.3,26.045078690520484,35.71352360715614
2354,27.1,34.0260009765625,53.0,0.0,20.8,6.4,27.31773885084161,35.295321655252486
2355,26.7,34.0260009765625,53.0,0.0,19.4,5.6,10.237098308967932,29.771129492690378
2356,27.2,34.0260009765625,53.0,0.0,19.3,6.5,19.442572305585827,33.03277169167575
2357,25.3,34.0260009765625,53.0,0.0,19.0,5.9,23.04246525445587,32.21273957633676
2358,27.3,34.0260009765625,53.0,0.0,20.9,6.5,18.860738615837054,32.958221584751115
2359,28.3,34.0260009765625,53.0,0.0,19.2,6.4,24.240174033278343,35.572052209983504
2360,25.1,34.0260009765625,53.0,0.0,20.2,5.7,25.86581859030222,32.85974557709066
2361,26.1,34.0260009765625,53.0,0.0,20.5,6.4,16.650385300741288,31.095115590222388
2362,26.9,34.0260009765625,53.0,0.0,20.4,6.0,10.891528470862461,30.167458541258735
2363,27.3,34.0260009765625,53.0,0.0,19.1,5.7,29.325721331604708,36.09771639948141
2364,26.9,34.0260009765625,53.0,0.0,19.7,5.6,27.37046833853945,35.111140501561835
2365,29.8,34.0260009765625,53.0,0.0,20.4,6.2,10.540327200625672,32.9620981601877
2366,26.4,34.0260009765625,53.0,0.0,20.4,5.7,18.288397047536346,31.886519114260903
2367,26.0,34.0260009765625,53.0,0.0,20.0,5.7,25.389869216062742,33.61696076481882
2368,29.7,34.0260009765625,53.0,0.0,20.4,6.1,18.669035152284508,35.30071054568535
2369,25.2,34.0260009765625,53.0,0.0,20.9,6.3,23.03752644284165,32.111257932852496
2370,29.2,34.0260009765625,53.0,0.0,20.8,5.9,24.1009857023071,36.43029571069213
2371,26.8,34.0260009765625,53.0,0.0,19.8,5.9,12.33257339114645,30.499772017343936
2372,27.3,34.0260009765625,53.0,0.0,19.4,6.3,15.70119039509292,32.01035711852788
2373,25.5,34.0260009765625,53.0,0.0,19.6,5.9,21.06873961704825,31.820621885114477
2374,27.5,34.0260009765625,53.0,0.0,20.6,6.2,27.293375960414004,35.6880127881242
2375,27.4,34.0260009765625,53.0,0.0,20.0,6.3,13.71501107064647,31.51450332119394
2376,28.8,34.0260009765625,53.0,0.0,19.8,6.4,24.41607346447657,36.12482203934297
2377,28.3,34.0260009765625,53.0,0.0,19.8,6.2,13.199573926244925,32.259872177873476
2378,27.8,34.0260009765625,53.0,0.0,20.3,6.0,19.888008715285864,33.76640261458576
2379,26.4,34.0260009765625,53.0,0.0,19.4,6.4,21.315351528903197,32.79460545867096
2380,27.3,34.0260009765625,53.0,0.0,19.4,6.0,23.82027852595625,34.44608355778688
2381,29.9,34.0260009765625,53.0,0.0,19.2,6.1,28.592092129537214,38.477627638861165
2382,25.0,34.0260009765625,53.0,0.0,20.2,5.8,22.696212745112753,31.808863823533827
2383,28.0,34.0260009765625,53.0,0.0,19.1,6.2,19.298493306966684,33.78954799209001
2384,26.6,34.0260009765625,53.0,0.0,20.6,5.6,21.004369283324227,32.90131078499727
2385,28.6,34.0260009765625,53.0,0.0,20.4,6.3,15.672362874639116,33.301708862391735
2386,25.6,34.0260009765625,53.0,0.0,19.9,6.1,14.741514721715772,30.022454416514734
2387,28.2,34.0260009765625,53.0,0.0,20.4,5.6,13.693621935408618,32.308086580622586
2388,25.4,34.0260009765625,53.0,0.0,20.7,6.5,10.921268387486462,28.67638051624594
2389,25.2,34.0260009765625,53.0,0.0,20.8,5.9,22.085420476679765,31.82562614300393
2390,28.5,34.0260009765625,53.0,0.0,20.5,6.1,15.617364781253453,33.185209434376034
2391,26.8,34.0260009765625,53.0,0.0,20.0,6.3,12.523697097582849,30.557109129274856
2392,27.2,34.0260009765625,53.0,0.0,19.7,5.8,17.698781916664895,32.50963457499947
2393,27.4,34.0260009765625,53.0,0.0,20.1,5.7,10.657795962848947,30.59733878885468
2394,26.8,34.0260009765625,53.0,0.0,20.6,6.4,14.703938544548727,31.21118156336462
2395,28.0,34.0260009765625,53.0,0.0,19.8,6.2,22.241159914411575,34.67234797432347
2396,29.9,34.0260009765625,53.0,0.0,20.2,5.8,29.273366865123233,38.682010059536964
2397,29.8,34.0260009765625,53.0,0.0,20.0,6.0,12.907460582709438,33.67223817481283
2398,26.3,34.0260009765625,53.0,0.0,20.0,6.1,17.420638303804594,31.52619149114138
2399,29.6,34.0260009765625,53.0,0.0,19.4,6.0,17.617819299800843,34.88534578994025
2400,26.8,33.426002502441406,55.0,0.0,20.6,5.6,24.890941568027213,34.26728247040816
2401,26.4,33.426002502441406,55.0,0.0,20.1,6.3,14.001979666374787,30.600593899912433
2402,29.7,33.426002502441406,55.0,0.0,19.1,5.7,22.345212435235844,36.40356373057075
2403,29.6,33.426002502441406,55.0,0.0,19.4,6.4,23.382522661845588,36.61475679855368
2404,26.7,33.426002502441406,55.0,0.0,20.3,6.0,22.140293244350246,33.34208797330507
2405,27.2,33.426002502441406,55.0,0.0,20.0,5.6,24.52191251572863,34.556573754718585
2406,25.1,33.426002502441406,55.0,0.0,20.9,5.8,25.992971459188027,32.89789143775641
2407,28.1,33.426002502441406,55.0,0.0,20.6,5.8,17.955980854751388,33.48679425642542
2408,26.5,33.426002502441406,55.0,0.0,19.3,6.0,23.825497068149232,33.64764912044477
2409,25.8,33.426002502441406,55.0,0.0,20.9,5.9,20.81182812329415,32.043548436988246
2410,28.4,33.426002502441406,55.0,0.0,20.9,5.6,20.53055823874309,34.55916747162293
2411,27.2,33.426002502441406,55.0,0.0,20.6,5.6,19.31400686545419,32.99420205963626
2412,28.6,33.426002502441406,55.0,0.0,20.8,5.6,27.424301036566128,36.82729031096984
2413,27.8,33.426002502441406,55.0,0.0,19.9,6.3,13.825226105917368,31.94756783177521
2414,25.3,33.426002502441406,55.0,0.0,19.4,5.5,18.752002106014995,30.9256006318045
2415,27.6,33.426002502441406,55.0,0.0,20.8,5.9,19.875025696894607,33.562507709068385
2416,29.6,33.426002502441406,55.0,0.0,20.8,6.1,20.055954225580326,35.6167862676741
2417,27.4,33.426002502441406,55.0,0.0,19.7,5.7,23.93683568256462,34.58105070476938
2418,28.4,33.426002502441406,55.0,0.0,20.9,5.6,21.788979006792786,34.936693702037836
2419,29.0,33.426002502441406,55.0,0.0,20.6,6.3,10.078233215645984,32.023469964693795
2420,25.0,33.426002502441406,55.0,0.0,19.6,6.0,22.294886917648874,31.688466075294663
2421,26.8,33.426002502441406,55.0,0.0,19.7,6.5,11.799358360779966,30.33980750823399
2422,28.9,33.426002502441406,55.0,0.0,20.9,6.1,17.565527737342506,34.16965832120275
2423,25.7,33.426002502441406,55.0,0.0,19.2,5.6,21.19864047151755,32.05959214145526
2424,26.2,33.426002502441406,55.0,0.0,20.1,6.4,18.22862337014385,31.668587011043154
2425,26.6,33.426002502441406,55.0,0.0,19.7,6.4,22.68386233073113,33.40515869921934
2426,25.9,33.426002502441406,55.0,0.0,20.8,6.2,23.000073912043426,32.80002217361303
2427,26.6,33.426002502441406,55.0,0.0,19.6,6.3,18.75481588558297,32.22644476567489
2428,27.4,33.426002502441406,55.0,0.0,20.6,5.6,19.510397747570966,33.25311932427129
2429,29.4,33.426002502441406,55.0,0.0,21.0,5.9,17.23873761776723,34.57162128533017
2430,28.1,33.426002502441406,55.0,0.0,20.6,5.8,18.836665136289493,33.75099954088685
2431,29.6,33.426002502441406,55.0,0.0,19.8,6.3,28.536318947189542,38.16089568415686
2432,28.1,33.426002502441406,55.0,0.0,20.5,6.3,20.431668865667532,34.229500659700264
2433,29.9,33.426002502441406,55.0,0.0,19.6,5.7,24.459197178592067,37.23775915357762
2434,27.2,33.426002502441406,55.0,0.0,19.5,5.9,26.639533217230355,35.19185996516911
2435,29.2,33.426002502441406,55.0,0.0,20.9,6.0,22.157492335870778,35.84724770076123
2436,26.6,33.426002502441406,55.0,0.0,20.2,6.1,13.389598065493068,30.616879419647923
2437,25.0,33.426002502441406,55.0,0.0,19.3,6.1,28.522934424555526,33.556880327366656
2438,29.0,33.426002502441406,55.0,0.0,19.4,6.5,18.875864265947214,34.66275927978416
2439,29.8,33.426002502441406,55.0,0.0,20.0,5.7,13.41865955288119,33.82559786586436
2440,27.7,33.426002502441406,55.0,0.0,19.2,5.8,12.379085245839525,31.413725573751858
2441,28.9,33.426002502441406,55.0,0.0,19.3,6.0,11.836876488799122,32.45106294663974
2442,29.1,33.426002502441406,55.0,0.0,20.9,5.6,10.54369957427089,32.26310987228127
2443,29.7,33.426002502441406,55.0,0.0,19.7,6.3,25.896697285328,37.469009185598395
2444,26.6,33.426002502441406,55.0,0.0,20.3,5.8,14.717112257516302,31.01513367725489
2445,26.1,33.426002502441406,55.0,0.0,19.2,6.2,21.768142006752953,32.63044260202589
2446,26.7,33.426002502441406,55.0,0.0,19.1,5.6,29.97767439883103,35.693302319649305
2447,29.5,33.426002502441406,55.0,0.0,19.7,5.7,14.705494268837029,33.91164828065111
2448,29.4,33.426002502441406,55.0,0.0,19.8,6.1,29.623444147287977,38.28703324418639
2449,28.7,33.426002502441406,55.0,0.0,19.2,6.3,19.384297419929325,34.5152892259788
2450,29.8,33.426002502441406,55.0,0.0,20.9,6.5,11.772936055397425,33.331880816619226
2451,26.7,33.426002502441406,55.0,0.0,20.8,5.9,27.559505164325298,34.96785154929759
2452,29.0,33.426002502441406,55.0,0.0,20.2,5.8,14.833102446374848,33.44993073391245
2453,28.6,33.426002502441406,55.0,0.0,20.3,6.0,11.275842412182532,31.982752723654762
2454,29.1,33.426002502441406,55.0,0.0,20.0,5.9,14.095717606692737,33.32871528200782
2455,25.7,33.426002502441406,55.0,0.0,20.1,5.6,19.030296483344696,31.409088945003408
2456,29.6,33.426002502441406,55.0,0.0,19.1,5.7,22.917203766363134,36.47516112990894
2457,25.4,33.426002502441406,55.0,0.0,19.5,6.0,15.214406164937559,29.964321849481266
2458,28.9,33.426002502441406,55.0,0.0,20.2,5.7,28.95096259843214,37.58528877952964
2459,29.4,33.426002502441406,55.0,0.0,19.1,6.3,16.870685464356427,34.461205639306925
2460,28.3,32.176002502441406,60.0,0.0,20.1,5.6,11.943148151792162,31.88294444553765
2461,29.8,32.176002502441406,60.0,0.0,19.9,6.1,18.56260652070678,35.36878195621203
2462,28.7,32.176002502441406,60.0,0.0,20.9,5.9,26.234680162825388,36.570404048847614
2463,29.5,32.176002502441406,60.0,0.0,19.7,5.7,12.174467202579791,33.15234016077394
2464,29.0,32.176002502441406,60.0,0.0,20.9,5.6,15.075603661594286,33.52268109847829
2465,29.3,32.176002502441406,60.0,0.0,19.9,6.2,16.698472229654858,34.30954166889646
2466,29.3,32.176002502441406,60.0,0.0,19.3,5.7,12.247315648954142,32.97419469468625
2467,25.4,32.176002502441406,60.0,0.0,20.7,5.5,10.933072852636181,28.67992185579085
2468,28.0,32.176002502441406,60.0,0.0,20.1,5.7,15.080559763629163,32.52416792908875
2469,28.1,32.176002502441406,60.0,0.0,21.0,5.7,29.584389709088043,36.97531691272641
2470,29.5,32.176002502441406,60.0,0.0,20.1,5.9,21.78732996401685,36.036198989205054
2471,26.8,32.176002502441406,60.0,0.0,19.7,6.1,22.257191052711143,33.47715731581334
2472,25.9,32.176002502441406,60.0,0.0,20.0,6.3,18.29135986878403,31.38740796063521
2473,29.4,32.176002502441406,60.0,0.0,20.8,5.9,19.099229692670903,35.12976890780127
2474,29.9,32.176002502441406,60.0,0.0,19.4,6.3,28.15961301073709,38.347883903221124
2475,28.4,32.176002502441406,60.0,0.0,20.5,6.5,14.916194158389523,32.874858247516855
2476,27.0,32.176002502441406,60.0,0.0,19.2,6.3,28.447379978198843,35.53421399345965
2477,29.4,32.176002502441406,60.0,0.0,19.4,5.8,23.741342811568245,36.52240284347047
2478,26.9,32.176002502441406,60.0,0.0,20.9,6.2,23.671614743090004,34.001484422927
2479,28.6,32.176002502441406,60.0,0.0,19.5,5.6,11.030235755154356,31.909070726546307
2480,25.2,32.176002502441406,60.0,0.0,19.6,5.9,13.013254316649563,29.10397629499487
2481,28.5,32.176002502441406,60.0,0.0,19.3,5.6,13.690952161955085,32.607285648586526
2482,29.7,32.176002502441406,60.0,0.0,20.3,5.6,28.480404489226764,38.244121346768026
2483,28.8,32.176002502441406,60.0,0.0,19.3,6.2,18.33714540427566,34.3011436212827
2484,25.4,32.176002502441406,60.0,0.0,19.1,5.9,17.113069563066666,30.53392086892
2485,28.1,32.176002502441406,60.0,0.0,20.8,5.8,12.56662368234924,31.869987104704773
2486,25.2,32.176002502441406,60.0,0.0,19.9,5.8,14.38154193316036,29.51446257994811
2487,29.1,32.176002502441406,60.0,0.0,20.1,5.9,23.729753265415198,36.21892597962456
2488,25.2,32.176002502441406,60.0,0.0,20.9,6.0,10.305733387834914,28.291720016350475
2489,28.0,32.176002502441406,60.0,0.0,19.2,5.6,13.18176605463233,31.954529816389698
2490,28.6,32.176002502441406,60.0,0.0,19.5,5.6,16.102443031669317,33.4307329095008
2491,28.5,32.176002502441406,60.0,0.0,20.0,5.7,29.668768677484998,37.4006306032455
2492,28.2,32.176002502441406,60.0,0.0,20.9,5.9,18.126694529166038,33.63800835874981
2493,27.9,32.176002502441406,60.0,0.0,19.2,5.9,28.277901461662065,36.383370438498616
2494,25.5,32.176002502441406,60.0,0.0,20.6,6.5,27.412243900737824,33.723673170221346
2495,29.0,32.176002502441406,60.0,0.0,20.4,6.4,19.60468994497626,34.88140698349288
2496,25.8,32.176002502441406,60.0,0.0,20.4,5.7,23.660660181315624,32.89819805439469
2497,28.0,32.176002502441406,60.0,0.0,20.1,6.2,12.8902641130754,31.86707923392262
2498,25.8,32.176002502441406,60.0,0.0,20.2,5.6,10.616732579430295,28.985019773829087
2499,27.6,32.176002502441406,60.0,0.0,21.0,5.5,24.46793013880831,34.940379041642494
2500,28.5,32.176002502441406,60.0,0.0,19.1,6.0,27.665937432333678,36.7997812297001
2501,29.2,32.176002502441406,60.0,0.0,19.2,5.8,13.785373030740013,33.335611909222
2502,27.4,32.176002502441406,60.0,0.0,19.9,5.6,11.36404341441092,30.809213024323274
2503,26.0,32.176002502441406,60.0,0.0,19.6,6.0,24.774035089594634,33.43221052687839
2504,25.1,32.176002502441406,60.0,0.0,20.0,6.2,25.31483984339947,32.69445195301984
2505,29.5,32.176002502441406,60.0,0.0,20.2,5.7,16.49743697439639,34.44923109231892
2506,28.8,32.176002502441406,60.0,0.0,20.8,6.3,19.03239140135189,34.509717420405565
2507,29.2,32.176002502441406,60.0,0.0,19.1,6.5,28.685092834734707,37.80552785042041
2508,26.8,32.176002502441406,60.0,0.0,20.9,5.9,13.816615455438495,30.94498463663155
2509,29.0,32.176002502441406,60.0,0.0,19.3,5.5,14.247452546669791,33.274235764000935
2510,27.2,32.176002502441406,60.0,0.0,19.2,5.7,24.108368147108585,34.432510444132575
2511,29.3,32.176002502441406,60.0,0.0,20.1,5.5,14.453755298431183,33.636126589529354
2512,25.1,32.176002502441406,60.0,0.0,20.2,5.6,15.959611979818455,29.88788359394554
2513,27.8,32.176002502441406,60.0,0.0,20.0,6.4,18.1333264401633,33.23999793204899
2514,28.3,32.176002502441406,60.0,0.0,19.8,5.8,23.475568777364888,35.342670633209465
2515,25.1,32.176002502441406,60.0,0.0,21.0,6.0,25.68985113574732,32.806955340724194
2516,26.8,32.176002502441406,60.0,0.0,19.0,6.0,26.989086875795863,34.89672606273876
2517,28.0,32.176002502441406,60.0,0.0,20.5,6.2,12.843923431748125,31.85317702952444
2518,29.4,32.176002502441406,60.0,0.0,19.6,6.1,15.022262736547017,33.9066788209641
2519,26.9,32.176002502441406,60.0,0.0,20.2,6.3,16.91220537650617,31.97366161295185
2520,26.3,31.275999069213867,62.0,0.0,19.8,6.3,11.181377821876282,29.654413346562887
2521,29.2,31.275999069213867,62.0,0.0,20.8,6.2,14.104914968586364,33.43147449057591
2522,25.3,31.275999069213867,62.0,0.0,20.8,6.4,12.677035016423357,29.10311050492701
2523,29.2,31.275999069213867,62.0,0.0,19.5,6.3,17.571686007640245,34.47150580229207
2524,26.2,31.275999069213867,62.0,0.0,19.9,5.9,17.656469735255264,31.496940920576577
2525,28.1,31.275999069213867,62.0,0.0,20.1,6.4,18.993178708507976,33.79795361255239
2526,29.5,31.275999069213867,62.0,0.0,20.3,5.6,21.843885740153713,36.05316572204612
2527,29.4,31.275999069213867,62.0,0.0,19.3,5.5,24.812011679244947,36.84360350377348
2528,27.4,31.275999069213867,62.0,0.0,19.9,5.9,19.49019406400914,33.24705821920274
2529,29.8,31.275999069213867,62.0,0.0,20.4,5.9,12.521443626156909,33.556433087847076
2530,25.4,31.275999069213867,62.0,0.0,19.2,6.3,24.000893639420525,32.60026809182615
2531,29.8,31.275999069213867,62.0,0.0,19.7,5.8,24.578819678305575,37.173645903491675
2532,28.2,31.275999069213867,62.0,0.0,19.3,6.3,14.85698895532462,32.657096686597384
2533,26.3,31.275999069213867,62.0,0.0,20.5,5.9,27.436113394635193,34.53083401839056
2534,29.0,31.275999069213867,62.0,0.0,19.5,5.5,11.683621237772876,32.50508637133186
2535,26.1,31.275999069213867,62.0,0.0,20.6,6.2,24.76713707004206,33.53014112101262
2536,27.8,31.275999069213867,62.0,0.0,20.2,5.9,28.8558470259867,36.45675410779601
2537,29.4,31.275999069213867,62.0,0.0,19.3,6.2,28.828040786978494,38.04841223609355
2538,25.4,31.275999069213867,62.0,0.0,20.7,6.0,25.361947750184306,33.00858432505529
2539,28.2,31.275999069213867,62.0,0.0,21.0,5.7,17.351582247243694,33.40547467417311
2540,29.2,31.275999069213867,62.0,0.0,19.5,6.2,15.739158545100185,33.921747563530054
2541,25.8,31.275999069213867,62.0,0.0,19.2,6.1,17.151216634443827,30.945364990333147
2542,26.0,31.275999069213867,62.0,0.0,20.2,6.5,25.869035211120202,33.76071056333606
2543,29.9,31.275999069213867,62.0,0.0,19.9,6.0,21.17242632353478,36.251727897060434
2544,25.5,31.275999069213867,62.0,0.0,20.7,6.0,14.898251497444585,29.969475449233375
2545,27.7,31.275999069213867,62.0,0.0,19.7,5.8,18.473260999018496,33.24197829970555
2546,26.5,31.275999069213867,62.0,0.0,19.1,5.8,10.111203237100689,29.533360971130207
2547,26.8,31.275999069213867,62.0,0.0,19.9,5.8,24.170844419393198,34.05125332581796
2548,26.1,31.275999069213867,62.0,0.0,20.5,5.8,17.58416674992722,31.37525002497817
2549,29.1,31.275999069213867,62.0,0.0,20.8,6.4,23.857273858412803,36.25718215752384
2550,25.9,31.275999069213867,62.0,0.0,20.1,5.7,26.64257591825135,33.8927727754754
2551,29.5,31.275999069213867,62.0,0.0,19.7,5.6,19.490597641272636,35.34717929238179
2552,25.4,31.275999069213867,62.0,0.0,19.3,6.4,22.130656703580627,32.03919701107419
2553,29.5,31.275999069213867,62.0,0.0,19.1,5.8,25.62432262876592,37.18729678862977
2554,29.3,31.275999069213867,62.0,0.0,20.1,5.5,15.804626227583661,34.0413878682751
2555,29.8,31.275999069213867,62.0,0.0,19.1,6.2,22.74843255786169,36.62452976735851
2556,25.8,31.275999069213867,62.0,0.0,20.9,5.5,13.482184531585968,29.84465535947579
2557,29.1,31.275999069213867,62.0,0.0,20.2,5.9,14.018446602211984,33.3055339806636
2558,28.4,31.275999069213867,62.0,0.0,20.0,5.6,19.608957019508182,34.28268710585245
2559,28.6,31.275999069213867,62.0,0.0,20.9,5.9,14.917849938430043,33.07535498152902
2560,27.0,31.275999069213867,62.0,0.0,19.4,6.4,20.206944702404755,33.06208341072143
2561,25.4,31.275999069213867,62.0,0.0,20.7,6.1,25.12961028695527,32.93888308608658
2562,30.0,31.275999069213867,62.0,0.0,19.9,5.8,22.843103737884434,36.85293112136533
2563,27.7,31.275999069213867,62.0,0.0,20.4,5.7,10.885640743799495,30.965692223139847
2564,28.7,31.275999069213867,62.0,0.0,19.2,6.3,16.753592701985824,33.72607781059575
2565,27.5,31.275999069213867,62.0,0.0,19.8,5.9,14.541489002373913,31.862446700712173
2566,28.2,31.275999069213867,62.0,0.0,20.3,6.4,13.569439066903637,32.27083172007109
2567,26.1,31.275999069213867,62.0,0.0,19.5,5.7,15.603938758403007,30.781181627520905
2568,27.4,31.275999069213867,62.0,0.0,20.2,5.9,23.762988619146515,34.52889658574395
2569,27.3,31.275999069213867,62.0,0.0,20.9,5.9,14.547449275954104,31.66423478278623
2570,29.0,31.275999069213867,62.0,0.0,19.6,5.6,18.069791639497037,34.42093749184911
2571,28.6,31.275999069213867,62.0,0.0,19.9,6.2,12.848535787540953,32.45456073626229
2572,26.2,31.275999069213867,62.0,0.0,20.5,6.2,16.23816529743392,31.071449589230177
2573,27.9,31.275999069213867,62.0,0.0,20.5,6.1,25.758761506062758,35.62762845181882
2574,27.6,31.275999069213867,62.0,0.0,20.0,6.3,16.106177446945736,32.431853234083725
2575,25.7,31.275999069213867,62.0,0.0,21.0,5.5,13.175321916220636,29.65259657486619
2576,28.6,31.275999069213867,62.0,0.0,19.7,5.8,27.445294071460694,36.833588221438205
2577,26.3,31.275999069213867,62.0,0.0,20.5,5.6,16.511728495187,31.2535185485561
2578,25.1,31.275999069213867,62.0,0.0,19.6,5.9,17.458370115079344,30.337511034523803
2579,28.8,31.275999069213867,62.0,0.0,19.2,6.1,10.298740145058343,31.889622043517505
2580,25.1,30.17599868774414,68.0,0.0,19.5,5.6,20.39854985632725,31.219564956898175
2581,29.8,30.17599868774414,68.0,0.0,20.5,6.4,15.634947822545438,34.49048434676363
2582,26.0,30.17599868774414,68.0,0.0,20.8,6.4,16.201305675136226,30.860391702540866
2583,26.9,30.17599868774414,68.0,0.0,19.3,5.7,15.483511989331761,31.545053596799526
2584,28.4,30.17599868774414,68.0,0.0,20.8,6.5,10.037069988200386,31.411120996460113
2585,27.5,30.17599868774414,68.0,0.0,20.4,5.5,18.160425516513932,32.94812765495418
2586,26.6,30.17599868774414,68.0,0.0,20.5,6.2,24.12432871486233,33.8372986144587
2587,28.9,30.17599868774414,68.0,0.0,20.5,5.7,26.080951300191433,36.72428539005743
2588,27.8,30.17599868774414,68.0,0.0,19.3,5.5,25.4815892195975,35.44447676587925
2589,28.3,30.17599868774414,68.0,0.0,20.5,5.6,12.832877510011986,32.149863253003595
2590,28.1,30.17599868774414,68.0,0.0,19.1,5.8,16.93351304525327,33.18005391357598
2591,26.1,30.17599868774414,68.0,0.0,19.3,6.3,18.846244975799635,31.753873492739892
2592,25.2,30.17599868774414,68.0,0.0,19.4,5.6,13.680490703761743,29.304147211128523
2593,25.4,30.17599868774414,68.0,0.0,20.8,5.8,16.91669836574493,30.475009509723478
2594,27.1,30.17599868774414,68.0,0.0,19.2,5.9,10.84687088363209,30.354061265089626
2595,26.0,30.17599868774414,68.0,0.0,20.1,6.2,15.382533031347442,30.61475990940423
2596,25.7,30.17599868774414,68.0,0.0,19.5,5.9,14.195201689512425,29.958560506853726
2597,25.4,30.17599868774414,68.0,0.0,20.8,5.9,18.096925998463508,30.82907779953905
2598,29.2,30.17599868774414,68.0,0.0,19.8,6.5,26.420698347527072,37.12620950425812
2599,27.5,30.17599868774414,68.0,0.0,20.6,6.0,11.485526417634746,30.945657925290423
2600,27.0,30.17599868774414,68.0,0.0,19.4,6.3,23.37694741095557,34.01308422328667
2601,29.0,30.17599868774414,68.0,0.0,19.7,5.8,16.61050577245152,33.983151731735454
2602,27.9,30.17599868774414,68.0,0.0,20.0,5.9,21.54666610144053,34.36399983043216
2603,25.5,30.17599868774414,68.0,0.0,19.7,6.4,16.500267788624992,30.450080336587497
2604,28.5,30.17599868774414,68.0,0.0,20.7,6.2,15.281469446881179,33.08444083406435
2605,25.7,30.17599868774414,68.0,0.0,20.3,5.8,25.794540679492307,33.43836220384769
2606,26.9,30.17599868774414,68.0,0.0,20.1,5.6,24.991929466445473,34.397578839933644
2607,30.0,30.17599868774414,68.0,0.0,20.4,6.1,15.091038227813108,34.52731146834393
2608,25.6,30.17599868774414,68.0,0.0,20.6,5.9,11.39876422220957,29.01962926666287
2609,25.7,30.17599868774414,68.0,0.0,20.4,6.2,28.798267517225415,34.33948025516762
2610,27.1,30.17599868774414,68.0,0.0,19.9,6.0,29.479937704262273,35.943981311278684
2611,26.2,30.17599868774414,68.0,0.0,20.6,6.2,22.839044518475276,33.05171335554258
2612,28.8,30.17599868774414,68.0,0.0,19.2,6.3,24.795472815322967,36.23864184459689
2613,27.6,30.17599868774414,68.0,0.0,20.8,6.0,19.6379470268094,33.49138410804282
2614,27.6,30.17599868774414,68.0,0.0,20.2,6.4,26.975096894836366,35.69252906845091
2615,25.5,30.17599868774414,68.0,0.0,20.8,5.8,10.867994166880354,28.760398250064107
2616,25.8,30.17599868774414,68.0,0.0,19.6,5.6,18.81158192471273,31.44347457741382
2617,27.3,30.17599868774414,68.0,0.0,20.2,6.2,29.63048328799013,36.18914498639704
2618,28.1,30.17599868774414,68.0,0.0,19.1,5.7,11.27224986657623,31.48167495997287
2619,29.2,30.17599868774414,68.0,0.0,19.3,6.2,23.215511760052767,36.164653528015826
2620,28.1,30.17599868774414,68.0,0.0,20.7,6.0,29.84090606730629,37.05227182019189
2621,25.0,30.17599868774414,68.0,0.0,19.8,6.2,17.687916525790147,30.306374957737045
2622,27.3,30.17599868774414,68.0,0.0,20.9,5.6,28.430450137772006,35.829135041331604
2623,28.3,30.17599868774414,68.0,0.0,19.0,6.0,16.18611616790197,33.155834850370596
2624,28.1,30.17599868774414,68.0,0.0,20.6,6.2,23.681909605247178,35.20457288157415
2625,28.7,30.17599868774414,68.0,0.0,20.6,6.4,29.656220704336175,37.59686621130085
2626,25.4,30.17599868774414,68.0,0.0,19.6,6.0,13.711790742871045,29.513537222861313
2627,26.0,30.17599868774414,68.0,0.0,19.9,5.6,18.203580445799613,31.461074133739885
2628,26.8,30.17599868774414,68.0,0.0,20.3,6.3,21.53843626292572,33.261530878877714
2629,25.9,30.17599868774414,68.0,0.0,19.4,5.5,19.861901928112548,31.858570578433763
2630,26.3,30.17599868774414,68.0,0.0,20.7,5.6,21.835311174648705,32.85059335239461
2631,26.6,30.17599868774414,68.0,0.0,20.3,6.0,26.863830998099317,34.6591492994298
2632,25.4,30.17599868774414,68.0,0.0,19.1,6.5,20.215287583150964,31.464586274945287
2633,25.5,30.17599868774414,68.0,0.0,19.7,6.0,18.028293129451427,30.908487938835428
2634,26.0,30.17599868774414,68.0,0.0,19.9,5.6,23.053449028245485,32.916034708473646
2635,29.5,30.17599868774414,68.0,0.0,20.6,6.0,28.122514955335866,37.93675448660076
2636,28.5,30.17599868774414,68.0,0.0,19.5,5.8,10.438187976004595,31.63145639280138
2637,27.1,30.17599868774414,68.0,0.0,19.8,6.4,19.485485512888197,32.945645653866464
2638,27.8,30.17599868774414,68.0,0.0,19.7,5.7,21.843601332662537,34.35308039979876
2639,25.2,30.17599868774414,68.0,0.0,20.7,5.9,29.057469870955835,33.91724096128675
2640,28.1,29.22599983215332,74.0,0.0,19.1,5.8,22.979902786835694,34.99397083605071
2641,26.3,29.22599983215332,74.0,0.0,19.1,5.7,25.478879047999378,33.94366371439981
2642,25.7,29.22599983215332,74.0,0.0,19.4,6.3,19.250723896791257,31.475217169037375
2643,30.0,29.22599983215332,74.0,0.0,19.5,6.1,14.425559495433939,34.327667848630185
2644,25.9,29.22599983215332,74.0,0.0,19.4,6.2,25.118098327312726,33.43542949819381
2645,29.0,29.22599983215332,74.0,0.0,19.1,5.5,25.82732459984355,36.74819737995306
2646,26.8,29.22599983215332,74.0,0.0,20.1,5.8,25.23142419318483,34.36942725795545
2647,25.4,29.22599983215332,74.0,0.0,20.1,6.1,16.30829543782002,30.292488631346004
2648,25.3,29.22599983215332,74.0,0.0,19.3,5.9,17.29555749167401,30.488667247502203
2649,27.8,29.22599983215332,74.0,0.0,21.0,5.8,28.593825363870376,36.37814760916111
2650,27.4,29.22599983215332,74.0,0.0,20.8,6.1,18.006143850445717,32.80184315513371
2651,25.3,29.22599983215332,74.0,0.0,19.2,5.9,15.842893386492856,30.05286801594786
2652,27.2,29.22599983215332,74.0,0.0,19.7,5.8,15.291323912790862,31.787397173837256
2653,29.2,29.22599983215332,74.0,0.0,19.1,5.9,28.142201562476295,37.64266046874289
2654,26.1,29.22599983215332,74.0,0.0,20.7,5.6,21.79069548750579,32.637208646251736
2655,29.7,29.22599983215332,74.0,0.0,20.3,5.6,28.032178532044362,38.10965355961331
2656,28.9,29.22599983215332,74.0,0.0,20.5,5.7,18.967757281164978,34.59032718434949
2657,28.7,29.22599983215332,74.0,0.0,20.2,6.0,22.036041008475713,35.310812302542715
2658,29.7,29.22599983215332,74.0,0.0,20.8,6.1,10.728199008004948,32.918459702401485
2659,25.2,29.22599983215332,74.0,0.0,19.7,6.1,28.945660251711264,33.88369807551338
2660,26.8,29.22599983215332,74.0,0.0,19.7,5.8,15.589728033726464,31.47691841011794
2661,25.4,29.22599983215332,74.0,0.0,20.3,6.2,13.814998462533437,29.54449953876003
2662,25.8,29.22599983215332,74.0,0.0,20.6,6.0,28.39777885093584,34.31933365528075
2663,26.6,29.22599983215332,74.0,0.0,20.4,5.7,29.3574021971881,35.40722065915643
2664,27.1,29.22599983215332,74.0,0.0,20.2,5.9,24.07815130114328,34.32344539034298
2665,27.7,29.22599983215332,74.0,0.0,20.1,5.7,21.178616727509976,34.05358501825299
2666,27.8,29.22599983215332,74.0,0.0,20.2,6.2,25.51841850681158,35.455525552043476
2667,28.2,29.22599983215332,74.0,0.0,20.4,6.1,26.30993511662038,36.09298053498611
2668,25.2,29.22599983215332,74.0,0.0,19.6,5.6,12.17231579147372,28.851694737442116
2669,25.4,29.22599983215332,74.0,0.0,19.3,5.7,21.62437341003347,31.88731202301004
2670,25.9,29.22599983215332,74.0,0.0,19.6,5.9,20.463923991082382,32.03917719732471
2671,27.2,29.22599983215332,74.0,0.0,20.2,5.7,15.998875291847078,31.999662587554123
2672,28.2,29.22599983215332,74.0,0.0,19.5,6.4,14.660127858780609,32.59803835763418
2673,26.3,29.22599983215332,74.0,0.0,20.5,6.0,18.387023236681273,31.81610697100438
2674,27.5,29.22599983215332,74.0,0.0,19.9,5.7,27.475496700668508,35.74264901020055
2675,26.5,29.22599983215332,74.0,0.0,19.1,5.9,29.94383540070686,35.48315062021206
2676,26.3,29.22599983215332,74.0,0.0,20.6,6.2,24.12204790520196,33.53661437156059
2677,27.5,29.22599983215332,74.0,0.0,19.5,5.8,15.357972536880526,32.10739176106416
2678,27.4,29.22599983215332,74.0,0.0,20.3,6.5,29.769515229379593,36.330854568813876
2679,28.0,29.22599983215332,74.0,0.0,19.7,6.3,20.88527645270642,34.26558293581193
2680,28.9,29.22599983215332,74.0,0.0,20.9,6.0,16.139779228400684,33.741933768520205
2681,26.2,29.22599983215332,74.0,0.0,20.5,5.6,10.940765690761632,29.482229707228488
2682,30.0,29.22599983215332,74.0,0.0,19.1,5.7,29.109490458847812,38.732847137654346
2683,28.9,29.22599983215332,74.0,0.0,19.9,6.2,10.98275024667476,32.19482507400242
2684,29.7,29.22599983215332,74.0,0.0,19.7,5.6,13.268677143567187,33.68060314307016
2685,26.9,29.22599983215332,74.0,0.0,20.7,6.4,11.47860503742611,30.343581511227832
2686,27.5,29.22599983215332,74.0,0.0,20.8,6.2,14.71915165574301,31.915745496722902
2687,27.0,29.22599983215332,74.0,0.0,19.5,5.8,13.442231048679522,31.032669314603858
2688,26.4,29.22599983215332,74.0,0.0,19.9,5.6,25.117092561177763,33.935127768353325
2689,28.7,29.22599983215332,74.0,0.0,20.6,5.8,16.019418169933758,33.505825450980126
2690,29.2,29.22599983215332,74.0,0.0,20.4,6.4,27.618950331383218,37.485685099414965
2691,25.1,29.22599983215332,74.0,0.0,20.1,6.2,15.217864207156659,29.665359262147
2692,26.6,29.22599983215332,74.0,0.0,20.7,5.8,28.00681142939893,35.00204342881968
2693,25.6,29.22599983215332,74.0,0.0,19.4,6.5,13.67991860073505,29.703975580220515
2694,28.7,29.22599983215332,74.0,0.0,20.1,6.3,21.745303658801483,35.223591097640444
2695,26.0,29.22599983215332,74.0,0.0,20.6,6.1,12.549554626183767,29.76486638785513
2696,29.6,29.22599983215332,74.0,0.0,19.6,6.1,24.732722719825375,37.019816815947614
2697,27.4,29.22599983215332,74.0,0.0,20.9,5.6,12.574543019555783,31.172362905866734
2698,25.6,29.22599983215332,74.0,0.0,19.9,6.0,25.528526205020825,33.25855786150625
2699,27.7,29.22599983215332,74.0,0.0,19.3,5.9,15.370451520933752,32.31113545628013
2700,28.8,28.47599983215332,79.0,0.0,19.5,6.0,14.631047277234071,33.189314183170225
2701,29.5,28.47599983215332,79.0,0.0,20.8,5.7,25.872947430354373,37.261884229106315
2702,28.3,28.47599983215332,79.0,0.0,19.9,6.3,22.78844169887407,35.136532509662224
2703,28.2,28.47599983215332,79.0,0.0,19.9,5.7,17.864420875871247,33.559326262761374
2704,27.6,28.47599983215332,79.0,0.0,19.7,6.2,21.145171617421205,33.943551485226365
2705,28.4,28.47599983215332,79.0,0.0,19.5,6.1,12.509140887465946,32.152742266239784
2706,27.2,28.47599983215332,79.0,0.0,20.4,6.1,16.498299138271182,32.149489741481354
2707,26.5,28.47599983215332,79.0,0.0,19.1,5.8,17.406200032352515,31.721860009705754
2708,29.5,28.47599983215332,79.0,0.0,19.9,5.7,17.39389388217797,34.71816816465339
2709,26.8,28.47599983215332,79.0,0.0,20.2,6.4,17.511943645327754,32.05358309359833
2710,27.8,28.47599983215332,79.0,0.0,20.5,6.3,22.90526962132934,34.6715808863988
2711,28.6,28.47599983215332,79.0,0.0,19.4,5.8,21.18874979902384,34.956624939707154
2712,28.0,28.47599983215332,79.0,0.0,20.5,5.9,23.716983362384447,35.115095008715336
2713,30.0,28.47599983215332,79.0,0.0,20.8,6.2,22.250868129396338,36.6752604388189
2714,25.1,28.47599983215332,79.0,0.0,19.6,5.7,20.56029891861904,31.268089675585713
2715,26.1,28.47599983215332,79.0,0.0,20.7,5.9,23.401931592155435,33.12057947764663
2716,28.2,28.47599983215332,79.0,0.0,19.8,5.9,13.753743828180893,32.326123148454265
2717,27.5,28.47599983215332,79.0,0.0,20.4,5.5,17.161099236298135,32.64832977088944
2718,26.2,28.47599983215332,79.0,0.0,20.4,6.3,13.436444176400466,30.23093325292014
2719,25.3,28.47599983215332,79.0,0.0,19.4,5.6,18.673839481579424,30.902151844473828
2720,27.6,28.47599983215332,79.0,0.0,20.1,6.2,25.110899116428822,35.133269734928646
2721,26.1,28.47599983215332,79.0,0.0,19.0,6.2,16.605170043730205,31.08155101311906
2722,26.1,28.47599983215332,79.0,0.0,20.0,6.4,17.999869296611834,31.49996078898355
2723,28.9,28.47599983215332,79.0,0.0,19.2,5.7,12.578838484623871,32.67365154538716
2724,27.9,28.47599983215332,79.0,0.0,19.7,6.5,29.822911669190123,36.846873500757034
2725,29.6,28.47599983215332,79.0,0.0,19.8,6.3,26.926544373743432,37.67796331212303
2726,25.6,28.47599983215332,79.0,0.0,19.3,6.2,16.822506562827325,30.6467519688482
2727,26.5,28.47599983215332,79.0,0.0,20.2,6.1,12.106924096117178,30.132077228835154
2728,25.2,28.47599983215332,79.0,0.0,19.2,6.4,10.135948479768548,28.240784543930562
2729,27.7,28.47599983215332,79.0,0.0,20.0,6.0,16.73791090812407,32.72137327243722
2730,29.2,28.47599983215332,79.0,0.0,20.1,5.7,14.996570166190082,33.69897104985702
2731,26.2,28.47599983215332,79.0,0.0,20.6,5.8,14.158756342447795,30.44762690273434
2732,27.7,28.47599983215332,79.0,0.0,20.7,6.0,25.899869829767635,35.46996094893029
2733,26.3,28.47599983215332,79.0,0.0,20.8,5.7,29.102889450891503,35.03086683526745
2734,28.3,28.47599983215332,79.0,0.0,19.3,6.3,28.608251458905983,36.88247543767179
2735,25.1,28.47599983215332,79.0,0.0,21.0,6.3,26.194190801687974,32.95825724050639
2736,25.7,28.47599983215332,79.0,0.0,19.7,5.8,13.391301755051694,29.71739052651551
2737,28.5,28.47599983215332,79.0,0.0,20.6,6.1,15.264556172249382,33.07936685167481
2738,27.5,28.47599983215332,79.0,0.0,19.9,5.6,29.154925037330738,36.24647751119922
2739,27.1,28.47599983215332,79.0,0.0,20.5,6.5,19.876749714234663,33.0630249142704
2740,26.8,28.47599983215332,79.0,0.0,19.5,6.3,18.225662953555606,32.26769888606668
2741,25.7,28.47599983215332,79.0,0.0,19.8,5.9,25.362134835555466,33.30864045066664
2742,29.8,28.47599983215332,79.0,0.0,19.9,6.1,16.883588099853018,34.865076429955906
2743,27.0,28.47599983215332,79.0,0.0,20.2,5.7,16.043693152281676,31.813107945684504
2744,28.7,28.47599983215332,79.0,0.0,19.8,6.5,24.315243495870963,35.99457304876129
2745,28.3,28.47599983215332,79.0,0.0,19.1,6.2,25.849111410449837,36.05473342313495
2746,25.5,28.47599983215332,79.0,0.0,19.9,6.0,10.935333260276002,28.7805999780828
2747,28.7,28.47599983215332,79.0,0.0,19.9,5.9,18.118662260933494,34.13559867828005
2748,29.4,28.47599983215332,79.0,0.0,20.2,6.1,11.904308255584844,32.97129247667545
2749,26.8,28.47599983215332,79.0,0.0,19.2,5.8,19.598975850026093,32.67969275500783
2750,27.0,28.47599983215332,79.0,0.0,19.2,5.6,18.76364806505156,32.62909441951547
2751,28.0,28.47599983215332,79.0,0.0,20.1,6.3,23.70618771949008,35.11185631584702
2752,27.8,28.47599983215332,79.0,0.0,19.9,5.8,16.146452865603134,32.64393585968094
2753,27.0,28.47599983215332,79.0,0.0,20.6,6.2,18.29481699449631,32.48844509834889
2754,29.0,28.47599983215332,79.0,0.0,20.8,6.4,16.893220649451543,34.06796619483546
2755,25.8,28.47599983215332,79.0,0.0,19.8,5.6,13.586864031461172,29.876059209438353
2756,25.9,28.47599983215332,79.0,0.0,19.7,5.7,22.95237045559217,32.78571113667765
2757,26.7,28.47599983215332,79.0,0.0,20.0,5.7,23.600496222349157,33.78014886670475
2758,28.0,28.47599983215332,79.0,0.0,20.8,6.1,29.604543523623878,36.881363057087164
2759,28.0,28.47599983215332,79.0,0.0,19.2,6.0,14.763498094550176,32.429049428365055
2760,25.5,27.92599868774414,83.0,0.0,19.2,6.5,14.736447060098982,29.920934118029695
2761,30.0,27.92599868774414,83.0,0.0,19.4,6.0,15.971293605124048,34.791388081537214
2762,26.0,27.92599868774414,83.0,0.0,19.2,6.4,10.935664805235117,29.280699441570533
2763,25.8,27.92599868774414,83.0,0.0,19.1,6.4,19.511613878454654,31.653484163536397
2764,28.9,27.92599868774414,83.0,0.0,19.1,5.6,14.776692479937513,33.333007743981256
2765,28.9,27.92599868774414,83.0,0.0,20.7,6.1,18.52009443220219,34.456028329660654
2766,27.5,27.92599868774414,83.0,0.0,21.0,6.4,15.35015986876249,32.105047960628745
2767,25.4,27.92599868774414,83.0,0.0,19.5,6.5,14.853757144679259,29.856127143403775
2768,29.4,27.92599868774414,83.0,0.0,20.7,6.0,14.714145778699582,33.81424373360987
2769,29.3,27.92599868774414,83.0,0.0,21.0,6.0,13.456677738423618,33.337003321527085
2770,29.7,27.92599868774414,83.0,0.0,19.3,5.7,22.647507728252126,36.49425231847564
2771,28.0,27.92599868774414,83.0,0.0,20.6,5.6,14.181641056672023,32.254492317001606
2772,29.9,27.92599868774414,83.0,0.0,19.2,5.6,15.034257705268272,34.41027731158048
2773,26.1,27.92599868774414,83.0,0.0,19.1,6.3,29.40955844595464,34.922867533786395
2774,25.8,27.92599868774414,83.0,0.0,19.1,6.4,16.60332228453571,30.780996685360712
2775,27.1,27.92599868774414,83.0,0.0,20.6,6.3,27.48816169292645,35.34644850787794
2776,28.4,27.92599868774414,83.0,0.0,20.1,6.1,17.47292701624157,33.64187810487247
2777,27.0,27.92599868774414,83.0,0.0,19.1,6.4,24.57205833258679,34.371617499776036
2778,25.7,27.92599868774414,83.0,0.0,20.9,6.2,28.908789101753257,34.372636730525976
2779,29.2,27.92599868774414,83.0,0.0,19.1,6.0,11.462084833645203,32.63862545009356
2780,26.9,27.92599868774414,83.0,0.0,20.8,5.8,19.9480304721726,32.88440914165178
2781,27.9,27.92599868774414,83.0,0.0,19.8,6.2,25.24436588020682,35.473309764062044
2782,25.4,27.92599868774414,83.0,0.0,19.8,5.7,22.04534760233685,32.01360428070105
2783,25.7,27.92599868774414,83.0,0.0,19.2,5.6,10.465720342018024,28.839716102605408
2784,28.7,27.92599868774414,83.0,0.0,20.8,6.5,25.08751072656164,36.22625321796849
2785,26.2,27.92599868774414,83.0,0.0,19.2,5.6,26.12583665633715,34.037750996901146
2786,25.9,27.92599868774414,83.0,0.0,19.2,6.3,23.30383753008941,32.89115125902682
2787,28.6,27.92599868774414,83.0,0.0,20.9,6.4,25.42266932388977,36.22680079716693
2788,30.0,27.92599868774414,83.0,0.0,20.4,6.4,15.692167020363367,34.70765010610901
2789,27.2,27.92599868774414,83.0,0.0,19.5,5.9,13.48444777800644,31.24533433340193
2790,25.0,27.92599868774414,83.0,0.0,20.7,5.7,17.791495616962894,30.33744868508887
2791,28.8,27.92599868774414,83.0,0.0,19.0,6.2,22.512705041670227,35.55381151250107
2792,28.0,27.92599868774414,83.0,0.0,19.8,5.6,28.719554175244546,36.61586625257336
2793,26.6,27.92599868774414,83.0,0.0,19.7,6.4,14.491445877228903,30.94743376316867
2794,29.1,27.92599868774414,83.0,0.0,21.0,6.2,18.33668814288054,34.60100644286416
2795,28.8,27.92599868774414,83.0,0.0,20.3,6.2,15.470831147791543,33.441249344337464
2796,26.8,27.92599868774414,83.0,0.0,19.8,6.3,14.973644856260652,31.292093456878195
2797,25.7,27.92599868774414,83.0,0.0,21.0,6.5,17.633189981363728,30.989956994409116
2798,27.6,27.92599868774414,83.0,0.0,20.2,5.7,14.936729896018878,32.081018968805665
2799,25.6,27.92599868774414,83.0,0.0,20.3,6.1,13.546377062864641,29.663913118859394
2800,26.5,27.92599868774414,83.0,0.0,19.1,5.8,12.249968334582615,30.174990500374783
2801,28.6,27.92599868774414,83.0,0.0,20.0,6.5,14.047252974462685,32.81417589233881
2802,27.4,27.92599868774414,83.0,0.0,19.4,5.5,16.833953324812054,32.45018599744361
2803,26.2,27.92599868774414,83.0,0.0,19.8,6.3,27.964342946735712,34.58930288402071
2804,28.1,27.92599868774414,83.0,0.0,20.9,5.9,19.762204181279543,34.02866125438386
2805,25.5,27.92599868774414,83.0,0.0,19.5,6.1,20.102570824851274,31.530771247455384
2806,29.9,27.92599868774414,83.0,0.0,19.5,5.8,25.101081411000003,37.4303244233
2807,29.6,27.92599868774414,83.0,0.0,19.8,6.1,12.448082334326141,33.334424700297845
2808,27.1,27.92599868774414,83.0,0.0,20.8,6.2,10.957436712289812,30.387231013686947
2809,29.7,27.92599868774414,83.0,0.0,20.0,6.3,28.05848331428075,38.11754499428422
2810,26.3,27.92599868774414,83.0,0.0,20.7,6.4,14.534904682572101,30.66047140477163
2811,27.9,27.92599868774414,83.0,0.0,20.0,6.4,16.474498148763537,32.84234944462906
2812,26.7,27.92599868774414,83.0,0.0,19.4,6.1,29.283313595909373,35.484994078772814
2813,26.4,27.92599868774414,83.0,0.0,20.6,6.2,22.448552503996744,33.13456575119902
2814,28.4,27.92599868774414,83.0,0.0,20.0,6.2,15.73901013860253,33.12170304158076
2815,29.8,27.92599868774414,83.0,0.0,20.4,6.3,17.606691490156315,35.0820074470469
2816,27.7,27.92599868774414,83.0,0.0,20.9,6.1,15.200915875163881,32.260274762549166
2817,29.1,27.92599868774414,83.0,0.0,19.0,6.5,24.408545700604034,36.42256371018121
2818,29.9,27.92599868774414,83.0,0.0,20.9,6.2,25.168984413948486,37.450695324184544
2819,26.9,27.92599868774414,83.0,0.0,20.4,6.0,17.83105814207188,32.24931744262156
2820,25.1,27.47599983215332,87.0,0.0,20.0,6.0,11.976436792808107,28.692931037842435
2821,28.7,27.47599983215332,87.0,0.0,20.2,6.3,13.92484503234801,32.8774535097044
2822,27.8,27.47599983215332,87.0,0.0,19.6,6.3,24.648994486678486,35.19469834600355
2823,28.1,27.47599983215332,87.0,0.0,20.5,6.2,15.641658559558769,32.792497567867635
2824,28.7,27.47599983215332,87.0,0.0,19.8,5.6,14.682493914606047,33.10474817438181
2825,30.0,27.47599983215332,87.0,0.0,19.4,6.1,21.45595438509013,36.43678631552704
2826,29.4,27.47599983215332,87.0,0.0,19.6,6.1,17.850782906221646,34.75523487186649
2827,29.4,27.47599983215332,87.0,0.0,20.4,6.0,27.53752314193093,37.66125694257928
2828,28.5,27.47599983215332,87.0,0.0,20.1,6.3,14.878717934282083,32.96361538028462
2829,29.5,27.47599983215332,87.0,0.0,21.0,6.4,23.959983504756412,36.687995051426924
2830,28.1,27.47599983215332,87.0,0.0,19.4,5.8,11.299063529825947,31.489719058947784
2831,29.2,27.47599983215332,87.0,0.0,19.8,5.9,20.552223201809873,35.36566696054296
2832,27.1,27.47599983215332,87.0,0.0,19.9,5.8,14.701858762824326,31.510557628847298
2833,29.8,27.47599983215332,87.0,0.0,20.2,6.3,19.635897482857757,35.69076924485733
2834,26.0,27.47599983215332,87.0,0.0,20.1,6.3,19.94851708523644,31.98455512557093
2835,28.0,27.47599983215332,87.0,0.0,19.1,6.1,24.297969934813032,35.28939098044391
2836,25.0,27.47599983215332,87.0,0.0,19.4,5.6,11.069542013904831,28.32086260417145
2837,26.0,27.47599983215332,87.0,0.0,19.1,5.6,21.82906256421644,32.54871876926493
2838,28.7,27.47599983215332,87.0,0.0,20.9,5.9,20.627187563499874,34.88815626904996
2839,25.3,27.47599983215332,87.0,0.0,19.2,5.7,13.908992359853901,29.472697707956172
2840,29.3,27.47599983215332,87.0,0.0,19.3,5.6,19.113562024149893,35.03406860724497
2841,28.1,27.47599983215332,87.0,0.0,21.0,6.0,24.23402121289042,35.370206363867126
2842,29.9,27.47599983215332,87.0,0.0,20.9,6.4,21.207045841122522,36.26211375233675
2843,27.3,27.47599983215332,87.0,0.0,20.4,5.8,21.318498143174793,33.69554944295244
2844,25.5,27.47599983215332,87.0,0.0,20.2,6.2,14.857742062566427,29.95732261876993
2845,26.3,27.47599983215332,87.0,0.0,20.0,6.0,24.50716548387357,33.65214964516207
2846,26.4,27.47599983215332,87.0,0.0,19.8,6.0,18.043690935840914,31.813107280752273
2847,26.3,27.47599983215332,87.0,0.0,19.9,6.4,21.47909708923607,32.74372912677082
2848,26.4,27.47599983215332,87.0,0.0,20.2,5.5,19.95965921236054,32.38789776370816
2849,26.3,27.47599983215332,87.0,0.0,20.1,5.7,25.390103586015872,33.917031075804765
2850,29.4,27.47599983215332,87.0,0.0,19.5,5.9,17.64279144568428,34.692837433705286
2851,26.8,27.47599983215332,87.0,0.0,21.0,6.2,14.072534751929728,31.02176042557892
2852,27.0,27.47599983215332,87.0,0.0,19.2,5.8,25.62866194442889,34.68859858332867
2853,26.8,27.47599983215332,87.0,0.0,19.3,5.6,10.993013881174507,30.097904164352354
2854,26.8,27.47599983215332,87.0,0.0,20.0,5.7,19.3132878329928,32.59398634989784
2855,28.1,27.47599983215332,87.0,0.0,19.6,6.4,18.02805898235063,33.50841769470519
2856,26.9,27.47599983215332,87.0,0.0,20.7,6.3,10.115093263068829,29.93452797892065
2857,25.2,27.47599983215332,87.0,0.0,20.6,5.6,20.700076343086604,31.41002290292598
2858,25.9,27.47599983215332,87.0,0.0,20.5,6.2,23.11478016826362,32.83443405047908
2859,28.9,27.47599983215332,87.0,0.0,19.6,6.4,22.33131618706441,35.59939485611932
2860,29.7,27.47599983215332,87.0,0.0,19.6,5.6,14.339726296748925,34.001917889024675
2861,27.2,27.47599983215332,87.0,0.0,19.2,5.7,20.69769384737025,33.409308154211075
2862,26.7,27.47599983215332,87.0,0.0,20.8,6.0,25.417402797351208,34.32522083920536
2863,27.3,27.47599983215332,87.0,0.0,20.0,6.4,18.116591613533092,32.734977484059925
2864,27.8,27.47599983215332,87.0,0.0,19.1,5.8,23.410088312047105,34.82302649361413
2865,28.1,27.47599983215332,87.0,0.0,21.0,6.2,11.55199561095122,31.565598683285366
2866,28.5,27.47599983215332,87.0,0.0,20.9,5.5,14.464199006491283,32.839259701947384
2867,27.4,27.47599983215332,87.0,0.0,20.1,5.6,24.332790071439106,34.69983702143173
2868,26.2,27.47599983215332,87.0,0.0,20.8,6.1,25.105606407664354,33.7316819222993
2869,26.3,27.47599983215332,87.0,0.0,19.6,5.5,22.738662173047313,33.1215986519142
2870,27.9,27.47599983215332,87.0,0.0,19.2,6.4,29.340337262412056,36.702101178723616
2871,28.9,27.47599983215332,87.0,0.0,20.4,5.7,26.619509847651713,36.885852954295515
2872,28.4,27.47599983215332,87.0,0.0,20.6,5.6,27.911403580173037,36.77342107405191
2873,25.0,27.47599983215332,87.0,0.0,19.1,5.6,19.317290419628662,30.7951871258886
2874,29.1,27.47599983215332,87.0,0.0,20.0,5.6,17.532475191244767,34.35974255737343
2875,26.6,27.47599983215332,87.0,0.0,20.6,5.9,26.646710864832887,34.594013259449866
2876,29.6,27.47599983215332,87.0,0.0,19.4,6.4,19.927401121469305,35.57822033644079
2877,26.4,27.47599983215332,87.0,0.0,19.9,5.9,27.27674067288512,34.58302220186553
2878,26.8,27.47599983215332,87.0,0.0,19.6,5.7,20.915718713054808,33.074715613916446
2879,26.1,27.47599983215332,87.0,0.0,19.7,6.2,27.38074829898201,34.3142244896946
2880,26.6,27.07599830627441,90.0,0.0,19.6,5.5,20.81263917449514,32.843791752348544
2881,29.9,27.07599830627441,90.0,0.0,20.3,6.3,22.75788912882946,36.72736673864884
2882,28.8,27.07599830627441,90.0,0.0,20.3,6.4,21.938373881009575,35.381512164302876
2883,30.0,27.07599830627441,90.0,0.0,20.9,6.3,28.62699957020448,38.588099871061345
2884,28.4,27.07599830627441,90.0,0.0,20.4,6.0,24.13394757609446,35.640184272828336
2885,29.1,27.07599830627441,90.0,0.0,20.5,5.8,18.245824353285478,34.57374730598565
2886,29.9,27.07599830627441,90.0,0.0,20.5,5.9,12.967448148274254,33.79023444448227
2887,29.1,27.07599830627441,90.0,0.0,20.8,5.9,10.304283314424831,32.191284994327454
2888,29.6,27.07599830627441,90.0,0.0,19.7,5.8,16.690073840021846,34.60702215200656
2889,26.0,27.07599830627441,90.0,0.0,20.9,5.7,26.022798018995932,33.80683940569878
2890,25.2,27.07599830627441,90.0,0.0,19.9,6.1,11.374179647951927,28.612253894385578
2891,29.6,27.07599830627441,90.0,0.0,21.0,5.6,26.49143804337289,37.54743141301187
2892,26.4,27.07599830627441,90.0,0.0,19.3,5.7,27.746457095025406,34.72393712850762
2893,27.0,27.07599830627441,90.0,0.0,19.4,6.0,25.693367895757795,34.70801036872734
2894,26.7,27.07599830627441,90.0,0.0,21.0,6.1,25.100044968493233,34.23001349054797
2895,29.3,27.07599830627441,90.0,0.0,20.1,5.9,28.870024273296,37.9610072819888
2896,25.2,27.07599830627441,90.0,0.0,20.1,5.7,24.212257641935267,32.46367729258058
2897,26.4,27.07599830627441,90.0,0.0,19.8,6.1,10.029621471582251,29.408886441474674
2898,26.0,27.07599830627441,90.0,0.0,19.5,5.8,24.253906283344953,33.276171885003485
2899,29.3,27.07599830627441,90.0,0.0,20.4,5.7,24.528318902583273,36.65849567077498
2900,28.7,27.07599830627441,90.0,0.0,20.7,5.8,11.384589155701244,32.115376746710375
2901,27.2,27.07599830627441,90.0,0.0,20.2,5.8,11.65908081442278,30.69772424432683
2902,28.1,27.07599830627441,90.0,0.0,20.9,6.5,17.284416180347552,33.28532485410427
2903,29.2,27.07599830627441,90.0,0.0,20.2,6.4,16.854558946270647,34.256367683881194
2904,28.8,27.07599830627441,90.0,0.0,19.8,5.8,17.64913166293968,34.09473949888191
2905,25.6,27.07599830627441,90.0,0.0,20.8,5.7,24.24457594236292,32.87337278270888
2906,25.9,27.07599830627441,90.0,0.0,19.6,6.1,26.771197029295813,33.93135910878874
2907,26.5,27.07599830627441,90.0,0.0,19.3,6.0,26.493861482759858,34.44815844482795
2908,26.8,27.07599830627441,90.0,0.0,19.9,6.0,20.51142278465683,32.95342683539705
2909,27.8,27.07599830627441,90.0,0.0,19.2,5.5,23.702651541161735,34.910795462348524
2910,27.0,27.07599830627441,90.0,0.0,19.6,6.2,28.716636128249146,35.61499083847474
2911,26.0,27.07599830627441,90.0,0.0,19.4,6.0,24.017308892401978,33.205192667720596
2912,27.5,27.07599830627441,90.0,0.0,20.7,5.5,21.06493622801044,33.81948086840313
2913,27.5,27.07599830627441,90.0,0.0,19.4,6.3,13.323577138731135,31.49707314161934
2914,27.0,27.07599830627441,90.0,0.0,20.5,6.1,21.58137522542426,33.474412567627276
2915,28.8,27.07599830627441,90.0,0.0,20.1,5.6,17.651377998639006,34.095413399591706
2916,28.8,27.07599830627441,90.0,0.0,19.3,6.0,26.1536480147283,36.64609440441849
2917,25.7,27.07599830627441,90.0,0.0,19.1,5.7,13.172135691697237,29.65164070750917
2918,28.7,27.07599830627441,90.0,0.0,19.3,5.6,27.539432562973705,36.96182976889211
2919,28.8,27.07599830627441,90.0,0.0,20.1,6.3,29.76753868536113,37.73026160560834
2920,25.6,27.07599830627441,90.0,0.0,21.0,5.9,20.84732121697078,31.854196365091234
2921,26.8,27.07599830627441,90.0,0.0,19.1,5.8,16.9901636315931,31.89704908947793
2922,27.6,27.07599830627441,90.0,0.0,19.9,6.2,26.487992563296586,35.546397768988975
2923,28.1,27.07599830627441,90.0,0.0,19.7,5.6,28.94584115643349,36.78375234693005
2924,28.3,27.07599830627441,90.0,0.0,19.1,6.3,13.868016917728914,32.460405075318675
2925,27.8,27.07599830627441,90.0,0.0,20.5,6.0,28.107938691123394,36.23238160733702
2926,27.3,27.07599830627441,90.0,0.0,20.5,5.7,14.181186216987186,31.554355865096156
2927,28.2,27.07599830627441,90.0,0.0,20.9,5.7,22.639384362172702,34.99181530865181
2928,25.6,27.07599830627441,90.0,0.0,20.2,6.2,18.12879021638076,31.03863706491423
2929,25.5,27.07599830627441,90.0,0.0,19.3,6.1,19.893293020222984,31.467987906066895
2930,25.2,27.07599830627441,90.0,0.0,19.5,5.7,29.746418402024993,34.1239255206075
2931,26.7,27.07599830627441,90.0,0.0,19.2,6.5,22.84895245752233,33.5546857372567
2932,28.0,27.07599830627441,90.0,0.0,20.9,5.5,25.80038037077491,35.74011411123247
2933,25.6,27.07599830627441,90.0,0.0,20.5,5.7,29.003453656267116,34.30103609688014
2934,27.8,27.07599830627441,90.0,0.0,19.9,5.8,18.47635588156156,33.34290676446847
2935,26.2,27.07599830627441,90.0,0.0,20.7,6.0,17.796809032703443,31.53904270981103
2936,27.2,27.07599830627441,90.0,0.0,20.4,5.9,14.378443103578766,31.513532931073627
2937,29.3,27.07599830627441,90.0,0.0,19.3,5.6,25.959783980552217,37.08793519416567
2938,29.4,27.07599830627441,90.0,0.0,20.6,6.1,10.246918281767547,32.47407548453026
2939,29.3,27.07599830627441,90.0,0.0,20.4,5.8,20.791926765044764,35.537578029513426
2940,26.5,26.82599830627441,92.0,0.0,20.9,5.7,26.572591464905674,34.4717774394717
2941,28.7,26.82599830627441,92.0,0.0,19.1,5.7,23.45331417098354,35.73599425129506
2942,26.3,26.82599830627441,92.0,0.0,19.2,6.3,12.130798324280656,29.9392394972842
2943,29.7,26.82599830627441,92.0,0.0,20.8,6.2,10.832448745749408,32.94973462372482
2944,25.9,26.82599830627441,92.0,0.0,20.4,5.7,25.366652365056044,33.509995709516815
2945,28.4,26.82599830627441,92.0,0.0,19.7,6.2,17.204238182049565,33.56127145461487
2946,28.8,26.82599830627441,92.0,0.0,20.5,5.8,26.20151268838496,36.66045380651549
2947,29.5,26.82599830627441,92.0,0.0,19.6,5.7,25.44736659845313,37.13420997953594
2948,26.3,26.82599830627441,92.0,0.0,20.6,6.4,10.689783123825318,29.506934937147598
2949,28.4,26.82599830627441,92.0,0.0,20.5,5.8,29.234315776946826,37.17029473308405
2950,25.8,26.82599830627441,92.0,0.0,20.6,6.0,29.56675553496625,34.670026660489874
2951,29.2,26.82599830627441,92.0,0.0,19.6,6.4,28.813819784812157,37.84414593544365
2952,27.2,26.82599830627441,92.0,0.0,20.3,5.6,29.203134511547365,35.96094035346421
2953,28.8,26.82599830627441,92.0,0.0,19.0,6.3,19.146925651666372,34.544077695499915
2954,27.0,26.82599830627441,92.0,0.0,20.6,6.4,20.086696994841994,33.0260090984526
2955,28.0,26.82599830627441,92.0,0.0,19.3,6.0,15.823671899194277,32.747101569758286
2956,28.5,26.82599830627441,92.0,0.0,20.5,6.4,20.01387949519367,34.5041638485581
2957,28.0,26.82599830627441,92.0,0.0,21.0,6.1,27.635986630100298,36.29079598903009
2958,26.4,26.82599830627441,92.0,0.0,20.6,5.7,17.215211736347644,31.564563520904294
2959,30.0,26.82599830627441,92.0,0.0,20.8,5.6,19.512308399929914,35.85369251997898
2960,25.2,26.82599830627441,92.0,0.0,19.7,5.6,14.854852067380113,29.656455620214032
2961,27.7,26.82599830627441,92.0,0.0,20.8,5.8,14.189516144596821,31.956854843379045
2962,29.0,26.82599830627441,92.0,0.0,19.3,6.2,29.056548590320478,37.71696457709614
2963,26.7,26.82599830627441,92.0,0.0,19.4,5.5,22.034031505358154,33.31020945160745
2964,28.4,26.82599830627441,92.0,0.0,20.8,6.3,29.043192391723824,37.11295771751715
2965,26.0,26.82599830627441,92.0,0.0,20.8,5.6,11.246265657087699,29.37387969712631
2966,29.3,26.82599830627441,92.0,0.0,19.2,5.9,22.861833902091078,36.15855017062732
2967,26.0,26.82599830627441,92.0,0.0,20.3,6.2,11.351535016747189,29.405460505024156
2968,29.0,26.82599830627441,92.0,0.0,19.0,5.9,12.184879310605883,32.65546379318177
2969,28.5,26.82599830627441,92.0,0.0,20.5,5.8,17.764709645965702,33.82941289378971
2970,29.2,26.82599830627441,92.0,0.0,20.3,6.3,14.000369657091717,33.40011089712751
2971,29.5,26.82599830627441,92.0,0.0,19.2,5.6,19.63242794247318,35.38972838274195
2972,27.2,26.82599830627441,92.0,0.0,19.1,6.2,14.127303007237739,31.43819090217132
2973,25.3,26.82599830627441,92.0,0.0,19.3,5.6,17.61030074437052,30.583090223311157
2974,27.7,26.82599830627441,92.0,0.0,20.8,6.1,26.649558284172553,35.69486748525176
2975,29.6,26.82599830627441,92.0,0.0,20.5,5.6,17.18834944687401,34.756504834062206
2976,25.4,26.82599830627441,92.0,0.0,19.0,5.5,21.883844245911348,31.965153273773403
2977,27.9,26.82599830627441,92.0,0.0,19.7,6.2,18.229999391485492,33.36899981744565
2978,25.6,26.82599830627441,92.0,0.0,19.8,6.5,21.44622815799282,32.03386844739785
2979,26.7,26.82599830627441,92.0,0.0,20.1,5.8,18.561765831719853,32.268529749515956
2980,28.2,26.82599830627441,92.0,0.0,19.5,5.7,25.472376282089275,35.84171288462678
2981,29.8,26.82599830627441,92.0,0.0,19.9,6.0,15.61280886704469,34.48384266011341
2982,27.1,26.82599830627441,92.0,0.0,20.1,6.3,26.752169781349636,35.12565093440489
2983,26.3,26.82599830627441,92.0,0.0,20.6,6.3,24.29048829610956,33.58714648883287
2984,25.4,26.82599830627441,92.0,0.0,19.3,6.1,22.488976092754385,32.146692827826314
2985,26.7,26.82599830627441,92.0,0.0,20.6,5.7,25.57906686186745,34.37372005856023
2986,28.9,26.82599830627441,92.0,0.0,20.3,6.0,25.210662187371373,36.46319865621141
2987,26.6,26.82599830627441,92.0,0.0,19.5,6.1,17.365830203085565,31.80974906092567
2988,29.0,26.82599830627441,92.0,0.0,19.4,5.9,16.422986543399773,33.92689596301993
2989,26.5,26.82599830627441,92.0,0.0,20.1,6.3,13.4097788084153,30.522933642524592
2990,25.4,26.82599830627441,92.0,0.0,20.9,5.7,10.630889911250636,28.58926697337519
2991,28.2,26.82599830627441,92.0,0.0,20.3,5.8,21.455317631588837,34.63659528947665
2992,25.5,26.82599830627441,92.0,0.0,20.8,6.3,17.226386684097406,30.667916005229223
2993,28.8,26.82599830627441,92.0,0.0,19.1,6.1,23.93869072744178,35.98160721823253
2994,25.2,26.82599830627441,92.0,0.0,20.1,6.3,14.253171237922462,29.475951371376738
2995,29.4,26.82599830627441,92.0,0.0,19.8,5.6,28.661430944051965,37.998429283215586
2996,29.8,26.82599830627441,92.0,0.0,20.6,6.2,21.761914358390257,36.32857430751708
2997,25.4,26.82599830627441,92.0,0.0,20.2,5.9,10.952460766987,28.6857382300961
2998,30.0,26.82599830627441,92.0,0.0,19.9,5.6,15.485829628645867,34.64574888859376
2999,28.4,26.82599830627441,92.0,0.0,19.7,5.9,17.272413139871148,33.58172394196134
3000,28.1,26.67599868774414,93.0,0.0,20.3,5.9,24.786418517035706,35.535925555110715
3001,27.9,26.67599868774414,93.0,0.0,19.5,6.3,26.008729067488655,35.7026187202466
3002,27.6,26.67599868774414,93.0,0.0,19.3,5.7,21.079778859325963,33.92393365779779
3003,27.9,26.67599868774414,93.0,0.0,19.3,6.2,25.99209125922725,35.69762737776817
3004,29.6,26.67599868774414,93.0,0.0,19.1,6.4,11.38021062689612,33.01406318806884
3005,25.6,26.67599868774414,93.0,0.0,20.4,5.9,14.512714986984903,29.95381449609547
3006,28.6,26.67599868774414,93.0,0.0,20.8,6.0,21.594561948289765,35.07836858448693
3007,27.3,26.67599868774414,93.0,0.0,21.0,5.7,29.27104101364628,36.081312304093885
3008,28.6,26.67599868774414,93.0,0.0,19.3,6.3,23.620057629826107,35.68601728894783
3009,25.1,26.67599868774414,93.0,0.0,19.7,5.6,26.32172624214644,32.996517872643935
3010,27.3,26.67599868774414,93.0,0.0,19.5,5.9,16.866406619549693,32.35992198586491
3011,26.4,26.67599868774414,93.0,0.0,19.2,6.0,27.898767312407266,34.76963019372218
3012,27.3,26.67599868774414,93.0,0.0,20.7,5.8,15.626899193596058,31.98806975807882
3013,28.7,26.67599868774414,93.0,0.0,19.6,5.8,17.544103213902766,33.963230964170826
3014,26.9,26.67599868774414,93.0,0.0,20.2,6.0,14.416760539454387,31.225028161836313
3015,26.1,26.67599868774414,93.0,0.0,19.7,6.4,28.196170993982005,34.558851298194604
3016,26.2,26.67599868774414,93.0,0.0,20.6,5.7,29.272351951490872,34.98170558544726
3017,27.9,26.67599868774414,93.0,0.0,20.5,6.1,29.219738031523043,36.665921409456914
3018,26.4,26.67599868774414,93.0,0.0,20.2,6.2,28.060546528152685,34.8181639584458
3019,26.8,26.67599868774414,93.0,0.0,20.6,6.0,26.70855851054759,34.81256755316428
3020,30.0,26.67599868774414,93.0,0.0,19.1,6.5,13.823793014653338,34.147137904396004
3021,28.1,26.67599868774414,93.0,0.0,19.8,6.1,12.312728310663259,31.79381849319898
3022,29.0,26.67599868774414,93.0,0.0,20.4,6.5,23.97298760493051,36.19189628147915
3023,28.9,26.67599868774414,93.0,0.0,20.5,6.2,12.50124351552021,32.650373054656065
3024,25.8,26.67599868774414,93.0,0.0,19.1,5.7,26.64433439509319,33.793300318527955
3025,26.9,26.67599868774414,93.0,0.0,19.8,6.0,24.40230190992407,34.22069057297722
3026,27.9,26.67599868774414,93.0,0.0,20.6,6.4,28.821594054416636,36.546478216324985
3027,25.4,26.67599868774414,93.0,0.0,20.2,5.8,20.063710295566715,31.419113088670013
3028,26.4,26.67599868774414,93.0,0.0,19.8,5.6,28.8471724304231,35.05415172912693
3029,29.3,26.67599868774414,93.0,0.0,20.8,5.5,22.55834964827769,36.06750489448331
3030,26.5,26.67599868774414,93.0,0.0,20.1,6.2,14.043098870922,30.7129296612766
3031,25.4,26.67599868774414,93.0,0.0,20.0,6.4,26.4440665640503,33.33321996921509
3032,29.1,26.67599868774414,93.0,0.0,19.9,5.9,28.402028287665036,37.62060848629951
3033,28.6,26.67599868774414,93.0,0.0,20.8,6.2,28.07856140354276,37.02356842106283
3034,27.7,26.67599868774414,93.0,0.0,20.0,6.1,28.57858813940024,36.27357644182007
3035,27.7,26.67599868774414,93.0,0.0,20.6,5.7,17.730327316121613,33.01909819483648
3036,29.6,26.67599868774414,93.0,0.0,19.2,5.7,12.434341102938916,33.33030233088168
3037,25.6,26.67599868774414,93.0,0.0,20.9,5.9,27.301924938184342,33.7905774814553
3038,29.5,26.67599868774414,93.0,0.0,20.2,6.3,27.81679649527003,37.845038948581006
3039,26.4,26.67599868774414,93.0,0.0,20.3,6.2,10.279506952326416,29.483852085697922
3040,27.4,26.67599868774414,93.0,0.0,20.1,5.9,14.729624573881676,31.8188873721645
3041,26.4,26.67599868774414,93.0,0.0,19.2,5.7,28.17089850725893,34.851269552177676
3042,26.8,26.67599868774414,93.0,0.0,20.1,6.0,15.677982888046058,31.503394866413817
3043,26.0,26.67599868774414,93.0,0.0,19.0,6.3,26.876941777231348,34.06308253316941
3044,27.9,26.67599868774414,93.0,0.0,21.0,6.1,28.864887843614007,36.559466353084204
3045,26.1,26.67599868774414,93.0,0.0,20.6,6.0,19.394603696032007,31.918381108809605
3046,26.0,26.67599868774414,93.0,0.0,20.5,6.4,18.12628213991329,31.437884641973987
3047,25.5,26.67599868774414,93.0,0.0,19.4,6.3,22.381106606103586,32.21433198183107
3048,28.9,26.67599868774414,93.0,0.0,20.3,6.0,19.152194028048456,34.64565820841454
3049,26.4,26.67599868774414,93.0,0.0,20.6,5.5,28.18997409125575,34.85699222737672
3050,27.1,26.67599868774414,93.0,0.0,20.9,6.2,21.96558778646355,33.68967633593907
3051,26.3,26.67599868774414,93.0,0.0,19.9,5.6,27.650087852484994,34.595026355745496
3052,27.1,26.67599868774414,93.0,0.0,19.4,6.1,24.95083381929085,34.585250145787256
3053,28.4,26.67599868774414,93.0,0.0,19.7,6.3,23.501726916224218,35.45051807486726
3054,29.9,26.67599868774414,93.0,0.0,19.0,6.0,24.461073424717487,37.238322027415244
3055,29.0,26.67599868774414,93.0,0.0,20.5,5.8,10.326645399214321,32.097993619764296
3056,25.4,26.67599868774414,93.0,0.0,20.9,6.3,15.777445547856068,30.13323366435682
3057,27.0,26.67599868774414,93.0,0.0,20.2,5.7,21.272503751124738,33.38175112533742
3058,26.3,26.67599868774414,93.0,0.0,19.9,6.3,18.5449348044418,31.86348044133254
3059,26.7,26.67599868774414,93.0,0.0,20.5,6.2,20.453402495764458,32.83602074872934
3060,27.7,26.67599868774414,93.0,0.0,21.0,6.0,20.15501435130804,33.74650430539241
3061,27.0,26.67599868774414,93.0,0.0,19.4,6.1,25.52548485140282,34.65764545542085
3062,26.9,26.67599868774414,93.0,0.0,20.1,6.3,29.51502741666643,35.754508224999924
3063,28.3,26.67599868774414,93.0,0.0,21.0,6.5,29.772912849528698,37.231873854858605
3064,29.6,26.67599868774414,93.0,0.0,19.8,6.3,15.556653054843101,34.266995916452935
3065,25.9,26.67599868774414,93.0,0.0,19.1,6.4,10.351096536521599,29.00532896095648
3066,28.3,26.67599868774414,93.0,0.0,20.7,6.2,29.438787841063526,37.131636352319056
3067,27.7,26.67599868774414,93.0,0.0,19.2,6.1,26.241377414713057,35.572413224413914
3068,25.3,26.67599868774414,93.0,0.0,19.6,5.8,22.538575563164596,32.06157266894938
3069,25.3,26.67599868774414,93.0,0.0,20.4,6.2,11.805534718248127,28.84166041547444
3070,25.1,26.67599868774414,93.0,0.0,19.1,5.8,13.390093376760708,29.117028013028214
3071,26.3,26.67599868774414,93.0,0.0,19.7,5.8,11.779813471007042,29.833944041302114
3072,26.2,26.67599868774414,93.0,0.0,20.8,6.4,23.842798456512,33.352839536953596
3073,25.7,26.67599868774414,93.0,0.0,19.9,5.7,21.306482218427124,32.09194466552814
3074,28.2,26.67599868774414,93.0,0.0,20.1,5.5,23.863911362925656,35.359173408877695
3075,26.2,26.67599868774414,93.0,0.0,20.5,5.9,14.854281978766403,30.65628459362992
3076,25.9,26.67599868774414,93.0,0.0,19.9,5.9,20.366864551323772,32.01005936539713
3077,28.0,26.67599868774414,93.0,0.0,20.8,6.1,13.151123511469919,31.945337053440976
3078,25.6,26.67599868774414,93.0,0.0,20.7,5.7,13.755785278101524,29.726735583430457
3079,26.5,26.67599868774414,93.0,0.0,20.6,5.9,24.704507720058817,33.91135231601764
3080,26.1,26.67599868774414,93.0,0.0,19.0,5.8,17.910924308057343,31.473277292417205
3081,29.8,26.67599868774414,93.0,0.0,20.0,6.4,29.442252819144297,38.63267584574329
3082,29.8,26.67599868774414,93.0,0.0,19.9,5.6,29.251432171466185,38.575429651439855
3083,26.1,26.67599868774414,93.0,0.0,19.6,6.0,25.893507001476472,33.868052100442945
3084,27.8,26.67599868774414,93.0,0.0,21.0,6.5,18.139069213235118,33.241720763970534
3085,29.3,26.67599868774414,93.0,0.0,19.6,6.3,26.48062369548572,37.24418710864572
3086,28.9,26.67599868774414,93.0,0.0,20.1,5.9,15.296146392779313,33.48884391783379
3087,25.2,26.67599868774414,93.0,0.0,20.1,5.6,24.666423627529923,32.59992708825898
3088,26.4,26.67599868774414,93.0,0.0,21.0,6.1,10.693479072297203,29.60804372168916
3089,29.3,26.67599868774414,93.0,0.0,19.2,6.3,24.90653193475166,36.771959580425495
3090,27.6,26.67599868774414,93.0,0.0,19.8,6.3,10.995750483393195,30.89872514501796
3091,25.2,26.67599868774414,93.0,0.0,19.4,5.8,13.36356039015395,29.209068117046183
3092,29.4,26.67599868774414,93.0,0.0,19.2,6.1,25.598358729011295,37.07950761870339
3093,28.6,26.67599868774414,93.0,0.0,20.0,5.5,22.73407691862152,35.420223075586456
3094,26.4,26.67599868774414,93.0,0.0,20.9,6.3,24.001998540665504,33.60059956219965
3095,28.8,26.67599868774414,93.0,0.0,19.6,6.3,12.637851345101188,32.59135540353036
3096,27.2,26.67599868774414,93.0,0.0,20.7,6.1,11.22496645428315,30.567489936284943
3097,29.6,26.67599868774414,93.0,0.0,20.2,6.2,29.051208196462397,38.31536245893872
3098,26.2,26.67599868774414,93.0,0.0,20.6,6.0,23.20934202748871,33.162802608246615
3099,25.4,26.67599868774414,93.0,0.0,20.9,6.4,23.21360082169123,32.36408024650737
3100,25.8,26.67599868774414,93.0,0.0,19.1,6.2,13.323750581203234,29.79712517436097
3101,28.6,26.67599868774414,93.0,0.0,20.8,6.4,16.658294120021125,33.59748823600634
3102,29.5,26.67599868774414,93.0,0.0,20.5,5.7,19.342463387960116,35.30273901638803
3103,28.9,26.67599868774414,93.0,0.0,19.7,6.4,22.453693783872726,35.63610813516182
3104,26.2,26.67599868774414,93.0,0.0,20.1,5.7,20.955767582830173,32.48673027484905
3105,27.6,26.67599868774414,93.0,0.0,19.1,5.5,20.732813229875173,33.81984396896255
3106,26.9,26.67599868774414,93.0,0.0,20.2,6.2,19.924853437323378,32.87745603119701
3107,28.1,26.67599868774414,93.0,0.0,20.4,5.7,27.37716884487971,36.313150653463914
3108,25.9,26.67599868774414,93.0,0.0,19.2,6.1,21.557803497401913,32.36734104922057
3109,26.3,26.67599868774414,93.0,0.0,20.0,6.0,20.94458298706083,32.58337489611825
3110,29.8,26.67599868774414,93.0,0.0,20.1,5.9,20.615323283612028,35.98459698508361
3111,27.5,26.67599868774414,93.0,0.0,19.1,6.2,11.022346062168813,30.806703818650643
3112,28.3,26.67599868774414,93.0,0.0,21.0,5.6,28.07788614702674,36.723365844108024
3113,25.9,26.67599868774414,93.0,0.0,19.2,6.0,16.04542003458542,30.713626010375624
3114,25.2,26.67599868774414,93.0,0.0,19.2,6.2,15.683883714465424,29.905165114339624
3115,26.0,26.67599868774414,93.0,0.0,20.0,5.6,15.883390918334113,30.765017275500234
3116,26.7,26.67599868774414,93.0,0.0,20.0,5.7,19.777567876266808,32.63327036288004
3117,29.1,26.67599868774414,93.0,0.0,20.9,6.4,13.300922483788963,33.09027674513669
3118,25.2,26.67599868774414,93.0,0.0,20.8,5.8,26.498130529882715,33.14943915896481
3119,28.6,26.67599868774414,93.0,0.0,20.5,5.7,19.10895861120015,34.33268758336005
3120,28.8,26.57599830627441,94.0,0.0,20.1,5.8,28.31821829662085,37.29546548898625
3121,29.0,26.57599830627441,94.0,0.0,19.2,5.8,21.88018661104821,35.56405598331446
3122,29.1,26.57599830627441,94.0,0.0,21.0,6.5,22.66578046180939,35.89973413854282
3123,25.3,26.57599830627441,94.0,0.0,20.8,5.6,26.559630705438018,33.267889211631406
3124,28.4,26.57599830627441,94.0,0.0,21.0,6.1,11.9067328421386,31.97201985264158
3125,29.1,26.57599830627441,94.0,0.0,19.1,6.2,19.652703569388787,34.995811070816636
3126,27.7,26.57599830627441,94.0,0.0,20.0,5.5,23.07343045120873,34.62202913536262
3127,28.8,26.57599830627441,94.0,0.0,19.1,6.2,29.059846053526293,37.51795381605789
3128,28.1,26.57599830627441,94.0,0.0,20.7,5.8,26.00872292415258,35.90261687724578
3129,29.1,26.57599830627441,94.0,0.0,19.9,6.2,25.93078342200974,36.87923502660292
3130,28.5,26.57599830627441,94.0,0.0,19.4,5.9,26.47726550628857,36.443179651886574
3131,28.0,26.57599830627441,94.0,0.0,19.4,6.1,22.68298145545389,34.80489443663617
3132,29.4,26.57599830627441,94.0,0.0,20.8,5.7,17.216446278321566,34.564933883496465
3133,26.8,26.57599830627441,94.0,0.0,19.9,5.7,16.58008597264059,31.774025791792177
3134,25.8,26.57599830627441,94.0,0.0,19.7,6.4,16.633731428837326,30.7901194286512
3135,29.1,26.57599830627441,94.0,0.0,19.4,5.7,25.073050177082727,36.62191505312482
3136,27.2,26.57599830627441,94.0,0.0,20.7,6.0,15.021477002366774,31.706443100710032
3137,27.2,26.57599830627441,94.0,0.0,20.4,6.2,23.759177173429133,34.32775315202874
3138,29.8,26.57599830627441,94.0,0.0,19.7,6.3,20.12139098484842,35.836417295454524
3139,26.7,26.57599830627441,94.0,0.0,19.4,5.7,16.401627260843316,31.620488178252995
3140,27.9,26.57599830627441,94.0,0.0,19.1,6.2,16.091567634914906,32.72747029047447
3141,29.4,26.57599830627441,94.0,0.0,20.7,6.4,10.628517013582144,32.58855510407464
3142,25.5,26.57599830627441,94.0,0.0,19.7,6.3,13.46809348495395,29.540428045486184
3143,28.9,26.57599830627441,94.0,0.0,20.2,6.4,19.097737010209144,34.62932110306274
3144,28.3,26.57599830627441,94.0,0.0,19.1,5.7,10.899301256693619,31.569790377008086
3145,25.0,26.57599830627441,94.0,0.0,19.8,5.9,23.71274924968825,32.113824774906476
3146,26.0,26.57599830627441,94.0,0.0,20.7,5.7,22.561940480483116,32.768582144144936
3147,26.9,26.57599830627441,94.0,0.0,19.2,6.1,15.851364521680482,31.655409356504144
3148,25.8,26.57599830627441,94.0,0.0,19.6,5.6,18.81788626974469,31.445365880923408
3149,26.8,26.57599830627441,94.0,0.0,19.1,5.5,20.75145292950812,33.025435878852434
3150,25.7,26.57599830627441,94.0,0.0,20.5,5.9,11.06841709721168,29.020525129163502
3151,25.6,26.57599830627441,94.0,0.0,20.8,5.7,14.69923513792371,30.009770541377115
3152,28.4,26.57599830627441,94.0,0.0,20.3,5.8,19.465694217307117,34.239708265192135
3153,25.2,26.57599830627441,94.0,0.0,19.6,6.3,20.024510806298498,31.20735324188955
3154,29.5,26.57599830627441,94.0,0.0,21.0,5.7,27.820774079671896,37.846232223901566
3155,28.4,26.57599830627441,94.0,0.0,19.5,5.6,15.235713513471529,32.97071405404146
3156,28.8,26.57599830627441,94.0,0.0,20.5,6.1,27.09092867258026,36.92727860177408
3157,27.2,26.57599830627441,94.0,0.0,20.7,6.1,21.714081168921723,33.71422435067652
3158,29.0,26.57599830627441,94.0,0.0,19.4,5.7,15.924986134806474,33.777495840441944
3159,27.2,26.57599830627441,94.0,0.0,19.6,5.8,12.886561880633948,31.065968564190182
3160,29.0,26.57599830627441,94.0,0.0,20.8,6.0,23.739213123621617,36.121763937086484
3161,27.6,26.57599830627441,94.0,0.0,19.3,6.1,14.986761215373285,32.09602836461199
3162,25.7,26.57599830627441,94.0,0.0,20.7,5.7,12.844665580226488,29.553399674067947
3163,27.1,26.57599830627441,94.0,0.0,20.5,6.0,18.36191580667765,32.6085747420033
3164,27.7,26.57599830627441,94.0,0.0,20.0,6.2,16.04780348894687,32.51434104668406
3165,25.9,26.57599830627441,94.0,0.0,19.2,5.5,14.008001712839999,30.102400513851997
3166,29.3,26.57599830627441,94.0,0.0,20.7,6.2,17.13940407130099,34.4418212213903
3167,28.9,26.57599830627441,94.0,0.0,19.4,5.8,18.75896145414997,34.527688436244986
3168,25.9,26.57599830627441,94.0,0.0,19.8,5.9,17.90548176133687,31.27164452840106
3169,26.2,26.57599830627441,94.0,0.0,19.8,6.0,11.442779954050874,29.63283398621526
3170,25.2,26.57599830627441,94.0,0.0,19.6,6.1,12.017247679912106,28.80517430397363
3171,26.1,26.57599830627441,94.0,0.0,19.6,5.9,25.916709095388995,33.875012728616696
3172,27.5,26.57599830627441,94.0,0.0,20.9,6.2,26.531691527585533,35.45950745827566
3173,26.0,26.57599830627441,94.0,0.0,19.7,5.7,22.316841557080192,32.69505246712406
3174,28.8,26.57599830627441,94.0,0.0,20.3,6.4,12.845039380685401,32.65351181420562
3175,29.1,26.57599830627441,94.0,0.0,19.6,6.4,12.638295088823842,32.89148852664715
3176,26.7,26.57599830627441,94.0,0.0,19.5,6.2,19.3548679636597,32.50646038909791
3177,29.6,26.57599830627441,94.0,0.0,19.4,6.2,19.34580572533543,35.40374171760063
3178,26.7,26.57599830627441,94.0,0.0,19.8,5.6,24.123689977837568,33.93710699335127
3179,29.0,26.57599830627441,94.0,0.0,20.0,6.1,15.259771298120441,33.57793138943613
3180,29.6,26.525999069213867,94.0,0.0,20.4,5.8,22.756786081768904,36.42703582453067
3181,27.4,26.525999069213867,94.0,0.0,19.3,5.7,16.025099020734757,32.20752970622043
3182,27.1,26.525999069213867,94.0,0.0,19.4,5.9,29.182988977649742,35.854896693294926
3183,29.0,26.525999069213867,94.0,0.0,19.1,6.4,19.663654731300568,34.89909641939017
3184,27.5,26.525999069213867,94.0,0.0,20.8,6.4,10.542925135710679,30.662877540713204
3185,25.1,26.525999069213867,94.0,0.0,19.1,5.7,13.21504053516065,29.064512160548198
3186,27.1,26.525999069213867,94.0,0.0,20.4,5.8,15.959621576943944,31.887886473083185
3187,26.7,26.525999069213867,94.0,0.0,19.1,5.5,12.268112414306566,30.38043372429197
3188,26.2,26.525999069213867,94.0,0.0,20.6,6.3,18.22336043745959,31.667008131237875
3189,29.8,26.525999069213867,94.0,0.0,19.8,6.0,23.234988554353336,36.770496566306
3190,27.2,26.525999069213867,94.0,0.0,19.2,6.2,29.407697310096992,36.022309193029095
3191,26.3,26.525999069213867,94.0,0.0,19.0,5.6,25.773403191842633,34.03202095755279
3192,27.6,26.525999069213867,94.0,0.0,20.6,6.0,25.242680305609007,35.17280409168271
3193,29.6,26.525999069213867,94.0,0.0,20.5,6.0,21.347197773952725,36.00415933218582
3194,29.9,26.525999069213867,94.0,0.0,20.8,6.2,18.575204385167535,35.47256131555026
3195,26.4,26.525999069213867,94.0,0.0,20.7,6.0,28.298958468757288,34.889687540627186
3196,25.5,26.525999069213867,94.0,0.0,20.7,6.2,16.84033871277485,30.552101613832455
3197,25.8,26.525999069213867,94.0,0.0,19.3,5.8,27.54553706137822,34.063661118413464
3198,27.2,26.525999069213867,94.0,0.0,20.8,6.2,29.998279133836807,36.19948374015104
3199,26.5,26.525999069213867,94.0,0.0,19.0,6.2,23.216725313341094,33.465017594002326
3200,26.8,26.525999069213867,94.0,0.0,19.1,5.7,17.08833629342473,31.92650088802742
3201,26.2,26.525999069213867,94.0,0.0,19.7,5.5,15.320283135243628,30.79608494057309
3202,25.8,26.525999069213867,94.0,0.0,20.7,5.8,29.068772334287246,34.520631700286174
3203,28.5,26.525999069213867,94.0,0.0,19.4,6.2,28.10715871890513,36.93214761567154
3204,26.2,26.525999069213867,94.0,0.0,19.5,6.4,17.20373123382614,31.36111937014784
3205,29.3,26.525999069213867,94.0,0.0,20.3,6.0,16.227563492316065,34.16826904769482
3206,29.1,26.525999069213867,94.0,0.0,20.5,6.5,29.004068041558707,37.801220412467615
3207,25.5,26.525999069213867,94.0,0.0,20.6,6.4,20.030038866293392,31.509011659888017
3208,25.6,26.525999069213867,94.0,0.0,19.3,6.4,11.989608261578644,29.196882478473594
3209,29.7,26.525999069213867,94.0,0.0,20.8,5.9,10.027175459530502,32.70815263785915
3210,28.5,26.525999069213867,94.0,0.0,19.1,5.8,24.32762842359901,35.798288527079706
3211,29.9,26.525999069213867,94.0,0.0,19.8,6.2,25.72202129270549,37.61660638781164
3212,29.3,26.525999069213867,94.0,0.0,20.0,6.4,10.366567086522483,32.40997012595675
3213,29.7,26.525999069213867,94.0,0.0,20.2,6.3,20.723717813499643,35.91711534404989
3214,26.0,26.525999069213867,94.0,0.0,20.3,6.3,17.09595767588105,31.128787302764316
3215,27.2,26.525999069213867,94.0,0.0,20.3,6.2,28.958494174730298,35.88754825241909
3216,27.2,26.525999069213867,94.0,0.0,19.8,6.4,19.022226246337205,32.90666787390116
3217,25.7,26.525999069213867,94.0,0.0,19.3,6.2,20.868447355469193,31.96053420664076
3218,28.0,26.525999069213867,94.0,0.0,19.6,5.7,21.071169258141843,34.321350777442554
3219,28.6,26.525999069213867,94.0,0.0,19.5,5.5,20.22093665012192,34.66628099503658
3220,26.0,26.525999069213867,94.0,0.0,19.2,6.2,15.106624267573077,30.531987280271924
3221,27.5,26.525999069213867,94.0,0.0,20.6,6.0,29.107348273661028,36.23220448209831
3222,28.5,26.525999069213867,94.0,0.0,19.7,6.3,28.867843387451988,37.1603530162356
3223,29.7,26.525999069213867,94.0,0.0,19.8,6.4,14.184943520444035,33.95548305613321
3224,26.9,26.525999069213867,94.0,0.0,19.6,5.9,19.861859854080546,32.85855795622416
3225,26.1,26.525999069213867,94.0,0.0,20.7,6.0,29.090072197250908,34.82702165917527
3226,27.7,26.525999069213867,94.0,0.0,20.3,5.7,22.961909729060867,34.588572918718256
3227,29.3,26.525999069213867,94.0,0.0,19.2,5.6,16.373479227074085,34.21204376812223
3228,27.7,26.525999069213867,94.0,0.0,20.5,6.5,16.471395449658527,32.641418634897555
3229,26.1,26.525999069213867,94.0,0.0,19.6,6.1,26.20532509314614,33.961597527943844
3230,26.0,26.525999069213867,94.0,0.0,20.0,6.4,10.558957837232072,29.167687351169622
3231,27.9,26.525999069213867,94.0,0.0,19.4,5.5,11.847732471638926,31.454319741491677
3232,27.7,26.525999069213867,94.0,0.0,20.9,6.1,23.878299539195144,34.863489861758545
3233,25.3,26.525999069213867,94.0,0.0,20.6,6.3,18.413017215270663,30.8239051645812
3234,27.4,26.525999069213867,94.0,0.0,19.6,6.2,17.524971007552328,32.6574913022657
3235,27.7,26.525999069213867,94.0,0.0,19.6,6.0,16.782652664708237,32.73479579941247
3236,25.3,26.525999069213867,94.0,0.0,20.0,5.8,19.63197388096531,31.189592164289593
3237,25.7,26.525999069213867,94.0,0.0,20.0,6.2,26.09344905844058,33.52803471753217
3238,28.1,26.525999069213867,94.0,0.0,19.1,5.6,16.480106198922055,33.044031859676615
3239,26.0,26.525999069213867,94.0,0.0,20.6,6.2,16.651706753928764,30.99551202617863
3240,26.2,26.47599983215332,95.0,0.0,19.2,6.0,24.299144126226253,33.48974323786788
3241,28.9,26.47599983215332,95.0,0.0,20.2,5.8,10.62832050302573,32.088496150907716
3242,26.2,26.47599983215332,95.0,0.0,20.0,5.7,12.92396253741626,30.07718876122488
3243,29.8,26.47599983215332,95.0,0.0,20.5,6.4,10.717137259495006,33.015141177848506
3244,29.4,26.47599983215332,95.0,0.0,19.4,6.1,10.161273588655863,32.44838207659676
3245,25.1,26.47599983215332,95.0,0.0,19.2,6.3,17.74133665741359,30.422400997224077
3246,27.1,26.47599983215332,95.0,0.0,19.8,6.3,18.666719761596397,32.70001592847892
3247,27.3,26.47599983215332,95.0,0.0,20.9,6.1,13.708032803231164,31.41240984096935
3248,28.4,26.47599983215332,95.0,0.0,19.2,6.2,24.79778144920879,35.839334434762634
3249,28.5,26.47599983215332,95.0,0.0,20.0,6.3,13.11026366785698,32.43307910035709
3250,27.7,26.47599983215332,95.0,0.0,19.0,6.3,17.42273110650202,32.926819331950604
3251,28.9,26.47599983215332,95.0,0.0,20.4,5.5,15.780206421514539,33.63406192645436
3252,30.0,26.47599983215332,95.0,0.0,19.1,6.0,10.843988839144316,33.253196651743295
3253,26.6,26.47599983215332,95.0,0.0,19.3,6.4,22.048859880104793,33.21465796403144
3254,29.0,26.47599983215332,95.0,0.0,20.8,5.9,14.971845395154325,33.4915536185463
3255,27.4,26.47599983215332,95.0,0.0,19.7,5.8,12.528554865359213,31.158566459607762
3256,27.1,26.47599983215332,95.0,0.0,20.3,5.9,16.90362739392374,32.171088218177125
3257,25.6,26.47599983215332,95.0,0.0,20.6,6.0,25.49604035069096,33.24881210520729
3258,25.6,26.47599983215332,95.0,0.0,19.6,5.9,19.004505502954522,31.301351650886357
3259,29.6,26.47599983215332,95.0,0.0,21.0,5.9,21.194807869448606,35.95844236083458
3260,27.1,26.47599983215332,95.0,0.0,20.6,5.5,13.43868404954627,31.13160521486388
3261,27.6,26.47599983215332,95.0,0.0,20.4,6.0,11.204192056039668,30.961257616811903
3262,29.0,26.47599983215332,95.0,0.0,19.6,6.2,25.414720648708208,36.624416194612465
3263,29.9,26.47599983215332,95.0,0.0,19.9,5.9,10.245578057288562,32.97367341718657
3264,27.4,26.47599983215332,95.0,0.0,20.8,5.7,20.55776965433143,33.567330896299424
3265,26.8,26.47599983215332,95.0,0.0,20.6,5.9,17.123567360124134,31.93707020803724
3266,28.7,26.47599983215332,95.0,0.0,19.9,5.5,23.25039087967025,35.67511726390107
3267,29.1,26.47599983215332,95.0,0.0,19.8,6.3,23.243337893024428,36.07300136790733
3268,26.2,26.47599983215332,95.0,0.0,20.5,6.2,26.247266237985336,34.0741798713956
3269,29.1,26.47599983215332,95.0,0.0,20.1,5.8,17.722492128283253,34.41674763848498
3270,28.6,26.47599983215332,95.0,0.0,19.6,6.2,17.799964662760026,33.93998939882801
3271,26.3,26.47599983215332,95.0,0.0,20.5,6.0,19.120333700784776,32.03610011023543
3272,28.2,26.47599983215332,95.0,0.0,19.8,6.4,23.69965679804914,35.30989703941474
3273,26.2,26.47599983215332,95.0,0.0,19.8,6.1,28.218272811152175,34.66548184334565
3274,29.8,26.47599983215332,95.0,0.0,19.3,5.7,26.041982171083642,37.6125946513251
3275,28.1,26.47599983215332,95.0,0.0,20.4,6.4,26.16108777275565,35.94832633182669
3276,25.3,26.47599983215332,95.0,0.0,19.6,6.2,16.744102014457862,30.32323060433736
3277,27.8,26.47599983215332,95.0,0.0,19.2,5.5,11.823686540078475,31.347105962023544
3278,27.7,26.47599983215332,95.0,0.0,20.3,6.0,16.201563760097457,32.56046912802924
3279,29.1,26.47599983215332,95.0,0.0,21.0,5.6,17.25958724317136,34.27787617295141
3280,28.4,26.47599983215332,95.0,0.0,20.9,5.9,15.042161904248568,32.912648571274566
3281,25.0,26.47599983215332,95.0,0.0,19.4,6.3,15.768553848383535,29.73056615451506
3282,25.9,26.47599983215332,95.0,0.0,19.1,5.5,20.535708759713145,32.060712627913944
3283,29.8,26.47599983215332,95.0,0.0,19.4,6.1,28.97604513365275,38.492813540095824
3284,27.9,26.47599983215332,95.0,0.0,20.0,5.7,22.063755075025075,34.51912652250752
3285,29.5,26.47599983215332,95.0,0.0,20.2,5.6,23.89064724972214,36.667194174916645
3286,28.9,26.47599983215332,95.0,0.0,19.7,5.7,29.612273735360755,37.783682120608226
3287,27.8,26.47599983215332,95.0,0.0,20.8,6.1,11.602129318204295,31.28063879546129
3288,29.1,26.47599983215332,95.0,0.0,20.5,6.4,16.659113200212808,34.09773396006384
3289,26.9,26.47599983215332,95.0,0.0,19.3,6.0,12.305700499615623,30.591710149884687
3290,27.9,26.47599983215332,95.0,0.0,20.6,6.4,27.458095674869256,36.137428702460774
3291,25.3,26.47599983215332,95.0,0.0,19.2,6.1,12.716840945039573,29.115052283511872
3292,28.7,26.47599983215332,95.0,0.0,20.9,5.6,14.057883010164229,32.91736490304927
3293,25.8,26.47599983215332,95.0,0.0,20.7,5.9,16.158123916129764,30.64743717483893
3294,29.3,26.47599983215332,95.0,0.0,19.8,5.8,19.993370815071117,35.298011244521334
3295,29.2,26.47599983215332,95.0,0.0,20.0,5.6,17.92244947945056,34.57673484383517
3296,29.2,26.47599983215332,95.0,0.0,20.1,5.8,11.340737838731458,32.602221351619434
3297,25.1,26.47599983215332,95.0,0.0,20.2,6.5,11.276358310724719,28.482907493217418
3298,28.8,26.47599983215332,95.0,0.0,20.9,6.2,21.675574413372342,35.3026723240117
3299,28.7,26.47599983215332,95.0,0.0,20.2,5.8,21.22942750438446,35.06882825131534
3300,27.7,27.275999069213867,91.0,0.0,20.9,6.0,26.43489213434132,35.6304676403024
3301,27.0,27.275999069213867,91.0,0.0,19.5,5.9,12.349264421456915,30.704779326437073
3302,28.3,27.275999069213867,91.0,0.0,20.0,5.9,28.585823693636257,36.87574710809088
3303,26.6,27.275999069213867,91.0,0.0,20.7,6.3,10.65916621135605,29.797749863406818
3304,27.3,27.275999069213867,91.0,0.0,20.5,6.2,27.932381427506442,35.679714428251934
3305,29.1,27.275999069213867,91.0,0.0,20.3,6.3,17.509773517993423,34.35293205539803
3306,27.2,27.275999069213867,91.0,0.0,19.7,5.6,15.914691649159447,31.974407494747833
3307,26.5,27.275999069213867,91.0,0.0,19.6,6.4,10.782919097735322,29.734875729320596
3308,25.4,27.275999069213867,91.0,0.0,19.0,6.1,19.20913153176084,31.16273945952825
3309,29.5,27.275999069213867,91.0,0.0,19.7,6.2,17.59567954331772,34.778703862995314
3310,29.0,27.275999069213867,91.0,0.0,20.6,6.5,18.964872339446906,34.68946170183407
3311,27.4,27.275999069213867,91.0,0.0,20.8,5.9,26.946595313607173,35.483978594082146
3312,28.7,27.275999069213867,91.0,0.0,20.8,6.2,20.71685485620273,34.91505645686082
3313,28.4,27.275999069213867,91.0,0.0,19.7,6.3,18.932372724285464,34.07971181728564
3314,27.2,27.275999069213867,91.0,0.0,19.3,5.5,16.7802177513333,32.23406532539999
3315,30.0,27.275999069213867,91.0,0.0,19.1,5.8,13.159718153529028,33.94791544605871
3316,29.7,27.275999069213867,91.0,0.0,19.6,6.1,17.882868351787874,35.06486050553636
3317,25.7,27.275999069213867,91.0,0.0,19.0,5.9,14.22179760143919,29.966539280431757
3318,25.5,27.275999069213867,91.0,0.0,19.5,6.1,14.410600438533033,29.82318013155991
3319,26.7,27.275999069213867,91.0,0.0,20.1,6.4,18.49900861199326,32.24970258359798
3320,26.8,27.275999069213867,91.0,0.0,20.1,6.0,12.64693014388083,30.59407904316425
3321,28.1,27.275999069213867,91.0,0.0,20.5,6.3,28.36167452829956,36.60850235848987
3322,29.6,27.275999069213867,91.0,0.0,19.6,6.3,18.163859744800188,35.049157923440056
3323,27.4,27.275999069213867,91.0,0.0,19.5,5.8,24.63478531717176,34.79043559515153
3324,29.4,27.275999069213867,91.0,0.0,20.9,6.2,20.59119801037595,35.57735940311278
3325,29.9,27.275999069213867,91.0,0.0,19.1,5.9,22.652225629185587,36.69566768875568
3326,26.2,27.275999069213867,91.0,0.0,20.7,6.1,24.182129913738386,33.454638974121515
3327,27.4,27.275999069213867,91.0,0.0,19.5,6.2,20.283191133895805,33.48495734016874
3328,26.3,27.275999069213867,91.0,0.0,19.1,6.3,10.651707440047279,29.495512232014185
3329,26.2,27.275999069213867,91.0,0.0,19.7,6.3,25.058352792318722,33.71750583769561
3330,26.0,27.275999069213867,91.0,0.0,19.4,6.2,19.148806004933917,31.744641801480174
3331,28.6,27.275999069213867,91.0,0.0,19.5,6.0,26.65110482786105,36.595331448358316
3332,26.7,27.275999069213867,91.0,0.0,19.7,6.4,12.495410827434355,30.448623248230305
3333,28.8,27.275999069213867,91.0,0.0,19.2,6.4,12.427422006318796,32.52822660189564
3334,29.0,27.275999069213867,91.0,0.0,19.4,5.8,12.897472973582785,32.86924189207483
3335,27.2,27.275999069213867,91.0,0.0,19.4,5.6,14.636865408058476,31.591059622417543
3336,28.1,27.275999069213867,91.0,0.0,19.5,6.0,29.490973763323268,36.94729212899698
3337,28.5,27.275999069213867,91.0,0.0,19.7,6.0,29.82915625876697,37.44874687763009
3338,26.4,27.275999069213867,91.0,0.0,20.2,5.9,23.740607275581464,33.522182182674435
3339,27.4,27.275999069213867,91.0,0.0,20.5,5.7,12.334108170868479,31.100232451260542
3340,26.7,27.275999069213867,91.0,0.0,19.9,6.0,25.686812683310023,34.406043804993004
3341,29.4,27.275999069213867,91.0,0.0,19.1,5.6,12.184086550471541,33.05522596514146
3342,27.2,27.275999069213867,91.0,0.0,19.1,5.7,16.14910596366264,32.04473178909879
3343,27.3,27.275999069213867,91.0,0.0,20.3,5.6,15.752147055130195,32.025644116539056
3344,28.5,27.275999069213867,91.0,0.0,19.6,5.5,13.614613280838295,32.58438398425149
3345,26.8,27.275999069213867,91.0,0.0,19.7,5.5,14.798973048079244,31.239691914423773
3346,27.0,27.275999069213867,91.0,0.0,20.9,5.6,26.3786618425448,34.91359855276344
3347,25.4,27.275999069213867,91.0,0.0,19.4,6.1,20.467242909393104,31.54017287281793
3348,25.9,27.275999069213867,91.0,0.0,20.2,5.6,16.892145424602987,30.967643627380895
3349,27.1,27.275999069213867,91.0,0.0,19.8,6.5,12.178033011936396,30.75340990358092
3350,25.3,27.275999069213867,91.0,0.0,20.2,5.7,29.34187805741115,34.102563417223344
3351,26.5,27.275999069213867,91.0,0.0,19.8,6.2,28.96019868643749,35.188059605931244
3352,28.1,27.275999069213867,91.0,0.0,20.6,5.8,24.137008863277877,35.34110265898337
3353,29.0,27.275999069213867,91.0,0.0,20.9,5.8,15.77797323184031,33.733391969552095
3354,26.9,27.275999069213867,91.0,0.0,19.3,6.4,23.30576850154062,33.891730550462185
3355,27.1,27.275999069213867,91.0,0.0,19.2,6.2,19.10694162777135,32.83208248833141
3356,25.4,27.275999069213867,91.0,0.0,20.5,5.7,17.758728967430436,30.72761869022913
3357,28.5,27.275999069213867,91.0,0.0,20.6,6.0,18.913188307740207,34.17395649232206
3358,26.9,27.275999069213867,91.0,0.0,21.0,5.9,27.335208688433173,35.10056260652995
3359,29.5,27.275999069213867,91.0,0.0,19.7,6.2,27.685263458802844,37.805579037640854
3360,26.9,28.72599983215332,83.0,0.0,19.2,5.8,28.262310268012524,35.37869308040376
3361,28.3,28.72599983215332,83.0,0.0,19.7,5.6,28.675521211196152,36.902656363358844
3362,29.3,28.72599983215332,83.0,0.0,19.1,6.3,23.398602560186433,36.31958076805593
3363,27.1,28.72599983215332,83.0,0.0,19.2,5.8,22.720852414049496,33.91625572421485
3364,27.0,28.72599983215332,83.0,0.0,20.7,6.4,24.37697297808276,34.313091893424826
3365,29.4,28.72599983215332,83.0,0.0,19.9,5.9,16.572843887656685,34.371853166297
3366,25.5,28.72599983215332,83.0,0.0,20.7,6.2,15.525256259229952,30.157576877768985
3367,29.8,28.72599983215332,83.0,0.0,19.3,6.4,11.80627177430039,33.34188153229012
3368,28.4,28.72599983215332,83.0,0.0,19.9,5.8,16.823277481723995,33.4469832445172
3369,25.9,28.72599983215332,83.0,0.0,20.7,6.1,18.148144027287543,31.344443208186263
3370,26.5,28.72599983215332,83.0,0.0,19.1,6.2,24.101969890262776,33.73059096707883
3371,29.4,28.72599983215332,83.0,0.0,20.4,5.8,25.503753881415378,37.05112616442461
3372,25.9,28.72599983215332,83.0,0.0,19.8,5.9,27.448138319294834,34.13444149578845
3373,28.0,28.72599983215332,83.0,0.0,19.0,6.3,24.962711319806164,35.48881339594185
3374,28.0,28.72599983215332,83.0,0.0,19.5,5.9,19.124928023830357,33.737478407149105
3375,28.9,28.72599983215332,83.0,0.0,20.0,6.0,27.545900518394667,37.1637701555184
3376,27.4,28.72599983215332,83.0,0.0,20.4,5.6,18.588698273548268,32.976609482064475
3377,27.1,28.72599983215332,83.0,0.0,20.8,6.0,14.85812168133547,31.55743650440064
3378,25.2,28.72599983215332,83.0,0.0,19.5,6.4,28.116792372014135,33.63503771160424
3379,29.3,28.72599983215332,83.0,0.0,19.3,5.6,19.948394927096878,35.284518478129065
3380,29.1,28.72599983215332,83.0,0.0,20.2,6.0,12.590539039789244,32.87716171193677
3381,27.0,28.72599983215332,83.0,0.0,19.9,5.6,29.84299191701297,35.95289757510389
3382,28.1,28.72599983215332,83.0,0.0,20.4,5.8,15.445766380398606,32.733729914119586
3383,27.4,28.72599983215332,83.0,0.0,19.9,5.7,24.03521919212625,34.61056575763787
3384,29.9,28.72599983215332,83.0,0.0,19.3,6.0,16.115016623244287,34.734504986973285
3385,28.8,28.72599983215332,83.0,0.0,20.6,6.3,13.11775543544843,32.73532663063453
3386,29.8,28.72599983215332,83.0,0.0,19.6,6.0,11.938882826571591,33.38166484797148
3387,29.2,28.72599983215332,83.0,0.0,20.5,6.1,28.633547335926227,37.79006420077786
3388,28.1,28.72599983215332,83.0,0.0,20.7,6.3,21.304553903850834,34.49136617115525
3389,30.0,28.72599983215332,83.0,0.0,19.3,6.2,22.939557126938226,36.88186713808147
3390,25.9,28.72599983215332,83.0,0.0,20.2,6.2,24.57606773017639,33.27282031905291
3391,29.9,28.72599983215332,83.0,0.0,19.5,6.4,22.65787220655679,36.69736166196704
3392,28.4,28.72599983215332,83.0,0.0,19.4,5.6,18.796416533683505,34.03892496010505
3393,27.5,28.72599983215332,83.0,0.0,20.2,6.4,20.796524036548643,33.73895721096459
3394,25.6,28.72599983215332,83.0,0.0,19.6,6.2,11.237961241742983,28.971388372522895
3395,28.6,28.72599983215332,83.0,0.0,19.1,5.6,16.278268961194826,33.48348068835845
3396,27.9,28.72599983215332,83.0,0.0,19.7,6.0,17.400018349589992,33.120005504877
3397,27.7,28.72599983215332,83.0,0.0,20.1,6.1,24.841081296661095,35.15232438899832
3398,25.1,28.72599983215332,83.0,0.0,19.8,6.1,13.395354504411447,29.118606351323436
3399,25.0,28.72599983215332,83.0,0.0,20.1,5.9,26.59882128147839,32.97964638444352
3400,26.5,28.72599983215332,83.0,0.0,19.2,6.1,25.993410493949536,34.29802314818486
3401,26.9,28.72599983215332,83.0,0.0,20.4,5.7,11.541739789721357,30.362521936916405
3402,26.9,28.72599983215332,83.0,0.0,20.4,5.9,25.680888742036654,34.60426662261099
3403,25.4,28.72599983215332,83.0,0.0,19.8,5.7,23.01133912581706,32.30340173774512
3404,27.4,28.72599983215332,83.0,0.0,19.8,5.9,10.691800709886463,30.607540212965937
3405,28.4,28.72599983215332,83.0,0.0,20.8,6.2,15.530662907857911,33.05919887235737
3406,26.7,28.72599983215332,83.0,0.0,19.7,6.1,20.07678409023633,32.723035227070895
3407,25.3,28.72599983215332,83.0,0.0,19.9,6.0,24.183748896163998,32.5551246688492
3408,28.1,28.72599983215332,83.0,0.0,20.7,5.7,26.56707466503508,36.070122399510524
3409,27.5,28.72599983215332,83.0,0.0,20.6,5.9,15.581502435638727,32.17445073069162
3410,27.6,28.72599983215332,83.0,0.0,20.8,5.9,25.3431462021673,35.202943860650194
3411,25.5,28.72599983215332,83.0,0.0,19.1,6.4,14.332581277604099,29.79977438328123
3412,25.0,28.72599983215332,83.0,0.0,19.0,6.0,27.283967459509974,33.18519023785299
3413,25.6,28.72599983215332,83.0,0.0,20.1,5.8,26.3310264817508,33.49930794452524
3414,27.4,28.72599983215332,83.0,0.0,20.1,6.4,19.431161125789615,33.22934833773688
3415,25.0,28.72599983215332,83.0,0.0,19.6,5.7,23.09744282187412,31.929232846562236
3416,26.3,28.72599983215332,83.0,0.0,20.6,5.5,22.61186223581819,33.08355867074546
3417,25.0,28.72599983215332,83.0,0.0,20.4,5.6,27.077119086323826,33.12313572589715
3418,29.0,28.72599983215332,83.0,0.0,20.2,6.2,26.7240761764217,37.01722285292651
3419,26.8,28.72599983215332,83.0,0.0,20.2,5.6,28.979144350618895,35.49374330518567
3420,25.7,30.22599983215332,74.0,0.0,20.2,5.7,27.717405090169926,34.015221527050976
3421,25.2,30.22599983215332,74.0,0.0,21.0,6.2,22.69857974200714,32.009573922602144
3422,28.5,30.22599983215332,74.0,0.0,20.1,5.9,14.863460555331685,32.959038166599505
3423,25.2,30.22599983215332,74.0,0.0,20.3,6.4,18.200635182830315,30.660190554849095
3424,27.2,30.22599983215332,74.0,0.0,20.3,5.7,15.343025692307652,31.802907707692295
3425,28.4,30.22599983215332,74.0,0.0,20.6,5.8,19.969694168634742,34.39090825059042
3426,25.6,30.22599983215332,74.0,0.0,19.0,5.9,10.011753352391814,28.603526005717544
3427,26.2,30.22599983215332,74.0,0.0,20.7,6.1,22.63269498831338,32.989808496494014
3428,29.3,30.22599983215332,74.0,0.0,20.6,5.9,10.164832932589672,32.349449879776905
3429,25.3,30.22599983215332,74.0,0.0,20.7,5.8,22.978380996767562,32.19351429903027
3430,26.6,30.22599983215332,74.0,0.0,20.8,5.9,24.792691146609492,34.03780734398285
3431,28.9,30.22599983215332,74.0,0.0,20.7,5.9,14.508960715855865,33.25268821475676
3432,28.6,30.22599983215332,74.0,0.0,20.1,6.5,11.871991055843782,32.16159731675314
3433,27.1,30.22599983215332,74.0,0.0,19.1,6.5,26.935713930825198,35.18071417924756
3434,25.2,30.22599983215332,74.0,0.0,20.8,5.6,12.561538721193662,28.9684616163581
3435,27.4,30.22599983215332,74.0,0.0,19.8,5.8,13.607840616595704,31.48235218497871
3436,26.6,30.22599983215332,74.0,0.0,20.5,5.5,12.69358782588659,30.408076347765977
3437,29.3,30.22599983215332,74.0,0.0,20.2,5.8,26.051626167368063,37.11548785021042
3438,25.2,30.22599983215332,74.0,0.0,19.8,6.1,25.32181672755517,32.79654501826655
3439,27.3,30.22599983215332,74.0,0.0,20.9,5.9,13.863595866707358,31.459078760012208
3440,27.3,30.22599983215332,74.0,0.0,20.8,5.6,20.381963358713044,33.41458900761391
3441,26.5,30.22599983215332,74.0,0.0,19.3,5.6,16.73031946570528,31.519095839711582
3442,26.2,30.22599983215332,74.0,0.0,20.7,5.8,13.891884181615097,30.36756525448453
3443,27.1,30.22599983215332,74.0,0.0,19.2,6.5,10.64750954285137,30.294252862855412
3444,26.5,30.22599983215332,74.0,0.0,20.2,6.5,26.580676907679027,34.47420307230371
3445,26.4,30.22599983215332,74.0,0.0,20.3,6.0,10.428411000240239,29.52852330007207
3446,25.2,30.22599983215332,74.0,0.0,19.0,6.4,24.7396327436279,32.62188982308837
3447,26.2,30.22599983215332,74.0,0.0,19.1,6.3,29.47913661045192,35.04374098313558
3448,26.8,30.22599983215332,74.0,0.0,20.2,6.4,23.135840239876618,33.74075207196299
3449,28.9,30.22599983215332,74.0,0.0,19.9,5.5,13.254553662718315,32.876366098815495
3450,29.2,30.22599983215332,74.0,0.0,19.4,6.0,27.502947129149383,37.45088413874481
3451,29.5,30.22599983215332,74.0,0.0,20.4,5.9,13.056411302610458,33.41692339078314
3452,30.0,30.22599983215332,74.0,0.0,20.5,5.9,15.906871233620468,34.77206137008614
3453,26.3,30.22599983215332,74.0,0.0,20.7,5.8,26.301110859081888,34.19033325772457
3454,27.2,30.22599983215332,74.0,0.0,19.8,5.9,14.932923626325287,31.679877087897587
3455,28.7,30.22599983215332,74.0,0.0,19.4,6.4,19.460341158428946,34.538102347528685
3456,25.6,30.22599983215332,74.0,0.0,20.7,6.2,28.68101897742383,34.20430569322715
3457,26.7,30.22599983215332,74.0,0.0,20.2,6.1,17.848919900494238,32.05467597014827
3458,26.3,30.22599983215332,74.0,0.0,21.0,5.6,21.501821949824368,32.75054658494731
3459,28.5,30.22599983215332,74.0,0.0,20.2,6.3,24.037805010361843,35.71134150310856
3460,27.1,30.22599983215332,74.0,0.0,20.6,5.5,13.155009358447046,31.046502807534115
3461,25.1,30.22599983215332,74.0,0.0,20.9,5.7,23.45801123115128,32.137403369345385
3462,28.5,30.22599983215332,74.0,0.0,19.8,5.7,27.738559247642026,36.8215677742926
3463,27.5,30.22599983215332,74.0,0.0,20.8,6.4,19.95735723010198,33.4872071690306
3464,29.2,30.22599983215332,74.0,0.0,20.2,6.2,14.89400660420352,33.668201981261056
3465,29.6,30.22599983215332,74.0,0.0,19.1,5.6,28.913934387733736,38.27418031632012
3466,25.2,30.22599983215332,74.0,0.0,20.6,6.1,11.4658386204393,28.63975158613179
3467,29.7,30.22599983215332,74.0,0.0,19.3,5.6,10.387179859514355,32.816153957854304
3468,26.2,30.22599983215332,74.0,0.0,19.2,5.7,19.12504431367559,31.937513294102676
3469,27.3,30.22599983215332,74.0,0.0,20.4,6.1,22.889914144222118,34.16697424326664
3470,30.0,30.22599983215332,74.0,0.0,19.1,6.2,27.119510744505778,38.13585322335173
3471,26.1,30.22599983215332,74.0,0.0,20.7,6.0,27.687217286326582,34.406165185897976
3472,27.3,30.22599983215332,74.0,0.0,19.2,6.5,28.78430846847526,35.93529254054258
3473,26.3,30.22599983215332,74.0,0.0,20.4,5.5,20.302822499292652,32.3908467497878
3474,25.4,30.22599983215332,74.0,0.0,20.4,6.1,24.532466979688838,32.75974009390665
3475,28.1,30.22599983215332,74.0,0.0,19.2,6.2,29.44692078800425,36.934076236401275
3476,29.6,30.22599983215332,74.0,0.0,19.2,6.3,18.173164109578934,35.05194923287368
3477,27.0,30.22599983215332,74.0,0.0,19.6,6.2,11.407086177988958,30.422125853396686
3478,25.0,30.22599983215332,74.0,0.0,19.1,6.2,20.967387807169924,31.290216342150977
3479,26.4,30.22599983215332,74.0,0.0,20.1,5.9,16.157103300886472,31.24713099026594
3480,25.6,31.42599868774414,70.0,0.0,19.3,6.3,11.684275548367886,29.105282664510366
3481,28.6,31.42599868774414,70.0,0.0,19.4,6.4,14.337416252645582,32.90122487579367
3482,28.0,31.42599868774414,70.0,0.0,20.2,6.3,16.21369195685152,32.86410758705546
3483,26.3,31.42599868774414,70.0,0.0,20.6,5.7,14.437958628892693,30.631387588667806
3484,25.8,31.42599868774414,70.0,0.0,20.3,5.7,16.92857716943865,30.878573150831595
3485,26.2,31.42599868774414,70.0,0.0,19.3,6.3,19.549287154968155,32.06478614649045
3486,25.9,31.42599868774414,70.0,0.0,19.1,6.4,17.852650912942217,31.25579527388266
3487,29.7,31.42599868774414,70.0,0.0,19.1,6.1,15.816538044719346,34.444961413415804
3488,27.4,31.42599868774414,70.0,0.0,19.6,5.7,16.776811523393313,32.433043457017995
3489,25.2,31.42599868774414,70.0,0.0,19.1,5.5,21.844150268473456,31.753245080542037
3490,28.6,31.42599868774414,70.0,0.0,19.1,6.1,26.32567437342247,36.49770231202674
3491,29.0,31.42599868774414,70.0,0.0,20.6,5.7,28.129927525462556,37.438978257638766
3492,27.6,31.42599868774414,70.0,0.0,19.4,6.4,10.431998202728739,30.729599460818623
3493,26.8,31.42599868774414,70.0,0.0,19.2,5.7,23.410867152143098,33.823260145642934
3494,25.9,31.42599868774414,70.0,0.0,21.0,6.4,29.59364739420106,34.778094218260314
3495,28.8,31.42599868774414,70.0,0.0,20.1,5.7,20.850765228128004,35.0552295684384
3496,29.8,31.42599868774414,70.0,0.0,19.7,6.4,27.736913673989662,38.1210741021969
3497,28.6,31.42599868774414,70.0,0.0,19.3,6.4,26.781882515970594,36.63456475479118
3498,27.1,31.42599868774414,70.0,0.0,20.9,5.6,28.933279236987236,35.77998377109617
3499,29.8,31.42599868774414,70.0,0.0,20.2,5.7,19.223784647077743,35.567135394123326
3500,26.2,31.42599868774414,70.0,0.0,19.5,5.7,27.001628177511275,34.30048845325338
3501,28.7,31.42599868774414,70.0,0.0,19.0,6.4,11.04479514805153,32.01343854441546
3502,26.6,31.42599868774414,70.0,0.0,19.4,6.4,18.852346422311424,32.25570392669343
3503,26.3,31.42599868774414,70.0,0.0,19.9,6.5,26.394375213032273,34.218312563909684
3504,26.4,31.42599868774414,70.0,0.0,19.3,6.3,11.380041110306237,29.81401233309187
3505,26.6,31.42599868774414,70.0,0.0,20.5,5.7,27.279536996655274,34.78386109899658
3506,27.8,31.42599868774414,70.0,0.0,19.9,6.0,17.953348125572077,33.18600443767163
3507,29.9,31.42599868774414,70.0,0.0,20.7,5.6,28.127138800025946,38.338141640007784
3508,25.6,31.42599868774414,70.0,0.0,21.0,5.9,25.153262771785414,33.14597883153563
3509,25.6,31.42599868774414,70.0,0.0,20.4,6.5,26.806828134970583,33.64204844049118
3510,27.7,31.42599868774414,70.0,0.0,19.7,5.8,28.17089471179794,36.151268413539384
3511,27.0,31.42599868774414,70.0,0.0,19.5,5.9,27.209961716473305,35.16298851494199
3512,28.6,31.42599868774414,70.0,0.0,20.6,5.8,24.105810492327674,35.831743147698305
3513,27.6,31.42599868774414,70.0,0.0,20.5,5.8,11.036750440226271,30.911025132067884
3514,29.2,31.42599868774414,70.0,0.0,21.0,6.4,26.96186483600036,37.28855945080011
3515,25.4,31.42599868774414,70.0,0.0,19.8,5.7,10.373746492169298,28.51212394765079
3516,26.5,31.42599868774414,70.0,0.0,20.0,5.9,17.190126813711625,31.657038044113488
3517,29.3,31.42599868774414,70.0,0.0,19.1,6.0,29.121871735301685,38.03656152059051
3518,29.6,31.42599868774414,70.0,0.0,19.3,5.8,28.147555224352175,38.044266567305655
3519,27.0,31.42599868774414,70.0,0.0,19.7,6.2,20.314106326357546,33.094231897907264
3520,29.0,31.42599868774414,70.0,0.0,20.3,6.1,14.404036803131993,33.321211040939595
3521,27.5,31.42599868774414,70.0,0.0,20.3,6.5,16.39780263955209,32.41934079186563
3522,26.4,31.42599868774414,70.0,0.0,19.7,6.3,15.123609888264882,30.937082966479462
3523,26.6,31.42599868774414,70.0,0.0,20.5,6.0,19.55903642680913,32.46771092804274
3524,25.9,31.42599868774414,70.0,0.0,20.6,5.9,12.594223147972201,29.67826694439166
3525,26.1,31.42599868774414,70.0,0.0,19.5,6.4,25.802582786045846,33.840774835813754
3526,26.3,31.42599868774414,70.0,0.0,19.2,6.5,17.989879816021634,31.69696394480649
3527,25.4,31.42599868774414,70.0,0.0,20.8,6.5,28.677868103122066,34.00336043093662
3528,26.5,31.42599868774414,70.0,0.0,19.4,5.7,16.323513007485836,31.39705390224575
3529,25.5,31.42599868774414,70.0,0.0,19.7,6.0,29.82792318078116,34.44837695423435
3530,25.1,31.42599868774414,70.0,0.0,19.0,5.6,18.712995997459792,30.71389879923794
3531,25.1,31.42599868774414,70.0,0.0,20.5,6.4,10.85624708551202,28.356874125653608
3532,29.4,31.42599868774414,70.0,0.0,20.0,5.9,17.494342165188066,34.64830264955642
3533,25.1,31.42599868774414,70.0,0.0,20.7,6.4,25.879856098252827,32.863956829475846
3534,28.4,31.42599868774414,70.0,0.0,19.2,5.8,17.649465980944264,33.694839794283276
3535,29.3,31.42599868774414,70.0,0.0,20.0,5.6,19.327265372191967,35.09817961165759
3536,25.5,31.42599868774414,70.0,0.0,19.0,6.0,23.670735117530583,32.60122053525917
3537,26.0,31.42599868774414,70.0,0.0,20.7,6.4,29.348256419532376,34.80447692585971
3538,28.1,31.42599868774414,70.0,0.0,19.8,5.9,19.082633682863392,33.82479010485902
3539,26.6,31.42599868774414,70.0,0.0,19.1,6.1,10.405297582195217,29.721589274658566
3540,25.6,32.57600021362305,65.0,0.0,20.1,5.6,23.849556126622417,32.754866837986725
3541,26.9,32.57600021362305,65.0,0.0,19.8,6.3,20.106673162009088,32.932001948602725
3542,25.9,32.57600021362305,65.0,0.0,19.8,5.5,18.19667148390925,31.359001445172773
3543,27.7,32.57600021362305,65.0,0.0,20.3,5.9,13.919875387992013,31.8759626163976
3544,29.3,32.57600021362305,65.0,0.0,20.4,6.3,13.718626656869304,33.41558799706079
3545,27.1,32.57600021362305,65.0,0.0,20.9,5.8,19.81317408537889,33.043952225613666
3546,29.3,32.57600021362305,65.0,0.0,19.8,6.4,25.700842048392325,37.0102526145177
3547,29.3,32.57600021362305,65.0,0.0,19.3,6.5,10.912635101623998,32.5737905304872
3548,25.5,32.57600021362305,65.0,0.0,20.0,5.6,21.388037570810496,31.91641127124315
3549,27.9,32.57600021362305,65.0,0.0,20.6,6.3,27.492997074728557,36.147899122418565
3550,28.4,32.57600021362305,65.0,0.0,21.0,5.9,17.81917425059261,33.74575227517778
3551,28.8,32.57600021362305,65.0,0.0,20.7,5.6,19.017649867549103,34.505294960264735
3552,26.0,32.57600021362305,65.0,0.0,19.2,5.9,26.601727269189198,33.98051818075676
3553,26.6,32.57600021362305,65.0,0.0,20.5,5.9,10.191316577920874,29.657394973376263
3554,26.0,32.57600021362305,65.0,0.0,19.8,6.3,25.25654348915809,33.57696304674742
3555,25.2,32.57600021362305,65.0,0.0,19.5,5.5,22.75398362727685,32.02619508818305
3556,28.5,32.57600021362305,65.0,0.0,20.4,6.3,14.38389812450621,32.81516943735186
3557,29.6,32.57600021362305,65.0,0.0,19.8,5.8,10.579395154618387,32.77381854638552
3558,25.5,32.57600021362305,65.0,0.0,19.9,5.7,29.504622734762336,34.3513868204287
3559,26.6,32.57600021362305,65.0,0.0,20.5,5.5,23.35266715247101,33.605800145741306
3560,25.3,32.57600021362305,65.0,0.0,20.2,6.4,17.893798125847933,30.66813943775438
3561,26.9,32.57600021362305,65.0,0.0,20.1,6.3,19.26366536843603,32.679099610530805
3562,25.4,32.57600021362305,65.0,0.0,20.5,5.7,10.394570269436132,28.51837108083084
3563,26.4,32.57600021362305,65.0,0.0,20.6,5.5,29.337568471960754,35.20127054158822
3564,29.5,32.57600021362305,65.0,0.0,20.8,6.0,19.049681726337504,35.21490451790125
3565,29.2,32.57600021362305,65.0,0.0,20.9,6.5,14.39775744061517,33.51932723218455
3566,26.9,32.57600021362305,65.0,0.0,20.1,5.5,14.532933810426181,31.25988014312785
3567,29.8,32.57600021362305,65.0,0.0,21.0,6.0,22.964577585048918,36.689373275514676
3568,29.8,32.57600021362305,65.0,0.0,20.5,6.1,17.929901101245743,35.17897033037372
3569,29.0,32.57600021362305,65.0,0.0,20.3,5.6,16.27332429299939,33.881997287899814
3570,29.2,32.57600021362305,65.0,0.0,20.7,6.0,20.871657296459237,35.46149718893777
3571,28.3,32.57600021362305,65.0,0.0,19.8,5.6,24.37169383170176,35.61150814951053
3572,29.8,32.57600021362305,65.0,0.0,20.4,6.2,26.98852417043149,37.89655725112945
3573,25.7,32.57600021362305,65.0,0.0,19.6,6.4,15.756807105368623,30.427042131610584
3574,26.4,32.57600021362305,65.0,0.0,19.6,5.8,27.939856832078863,34.78195704962366
3575,29.7,32.57600021362305,65.0,0.0,20.7,6.1,28.818173630464344,38.3454520891393
3576,25.1,32.57600021362305,65.0,0.0,19.1,5.7,28.357234836233925,33.60717045087018
3577,29.9,32.57600021362305,65.0,0.0,20.6,5.8,15.48380868306284,34.54514260491885
3578,27.9,32.57600021362305,65.0,0.0,19.1,5.6,27.26044879482199,36.0781346384466
3579,29.3,32.57600021362305,65.0,0.0,20.9,6.0,27.30740598822304,37.492221796466914
3580,27.5,32.57600021362305,65.0,0.0,21.0,5.7,23.322164647710068,34.49664939431302
3581,27.1,32.57600021362305,65.0,0.0,21.0,6.4,10.710225702384115,30.313067710715234
3582,26.4,32.57600021362305,65.0,0.0,20.6,6.1,13.779375375804639,30.53381261274139
3583,26.2,32.57600021362305,65.0,0.0,19.5,6.1,29.56306089370104,35.06891826811031
3584,27.2,32.57600021362305,65.0,0.0,20.8,6.3,28.1601276575418,35.64803829726254
3585,29.3,32.57600021362305,65.0,0.0,21.0,6.2,13.45441534629492,33.33632460388848
3586,28.4,32.57600021362305,65.0,0.0,19.1,6.5,14.719071327892495,32.81572139836775
3587,25.6,32.57600021362305,65.0,0.0,20.7,6.3,13.908521485252649,29.772556445575795
3588,27.2,32.57600021362305,65.0,0.0,20.5,5.9,23.595604697828293,34.278681409348486
3589,27.0,32.57600021362305,65.0,0.0,20.7,6.5,13.218724519215211,30.965617355764564
3590,29.2,32.57600021362305,65.0,0.0,20.9,5.8,27.720973287581828,37.516291986274545
3591,29.4,32.57600021362305,65.0,0.0,20.3,5.9,20.84188213501325,35.652564640503975
3592,26.8,32.57600021362305,65.0,0.0,20.5,6.0,19.85656323277508,32.75696896983253
3593,26.3,32.57600021362305,65.0,0.0,20.5,6.5,18.326167946557582,31.797850383967276
3594,28.0,32.57600021362305,65.0,0.0,20.4,6.1,22.3193514386128,34.69580543158384
3595,27.4,32.57600021362305,65.0,0.0,19.5,6.0,15.586092523262314,32.07582775697869
3596,25.9,32.57600021362305,65.0,0.0,20.1,5.7,25.80678717119637,33.64203615135891
3597,25.1,32.57600021362305,65.0,0.0,19.1,6.5,28.818606044056768,33.74558181321703
3598,27.4,32.57600021362305,65.0,0.0,19.6,5.9,27.762252776799542,35.72867583303986
3599,28.4,32.57600021362305,65.0,0.0,19.8,5.6,19.56545281906787,34.26963584572036
3600,25.5,33.176002502441406,61.0,0.0,20.4,6.4,28.495416718094905,34.04862501542847
3601,28.3,33.176002502441406,61.0,0.0,20.1,6.0,16.77773085456767,33.3333192563703
3602,28.4,33.176002502441406,61.0,0.0,20.6,5.9,25.1205191126201,35.93615573378603
3603,25.3,33.176002502441406,61.0,0.0,19.9,6.2,29.040583777196726,34.01217513315902
3604,27.0,33.176002502441406,61.0,0.0,20.6,5.9,17.30858831423838,32.19257649427151
3605,29.5,33.176002502441406,61.0,0.0,19.2,5.7,25.003189390148552,37.00095681704457
3606,28.7,33.176002502441406,61.0,0.0,20.0,6.0,20.68759110267391,34.90627733080217
3607,29.8,33.176002502441406,61.0,0.0,20.4,6.2,23.3775905307608,36.81327715922824
3608,26.6,33.176002502441406,61.0,0.0,20.4,6.4,29.81065461089196,35.543196383267585
3609,28.9,33.176002502441406,61.0,0.0,20.5,6.3,13.776240339012096,33.032872101703624
3610,25.3,33.176002502441406,61.0,0.0,20.3,5.9,16.593981118344065,30.27819433550322
3611,25.2,33.176002502441406,61.0,0.0,19.2,5.5,10.288880192410286,28.286664057723087
3612,25.9,33.176002502441406,61.0,0.0,20.7,6.1,21.792651145288886,32.437795343586664
3613,26.2,33.176002502441406,61.0,0.0,19.3,6.1,23.859613011601155,33.35788390348034
3614,25.1,33.176002502441406,61.0,0.0,20.6,5.5,28.31163694204482,33.59349108261345
3615,26.6,33.176002502441406,61.0,0.0,20.5,5.7,19.067990787309775,32.32039723619293
3616,26.5,33.176002502441406,61.0,0.0,20.2,5.9,11.894800952718933,30.06844028581568
3617,29.9,33.176002502441406,61.0,0.0,19.4,5.6,22.201730702173833,36.560519210652146
3618,30.0,33.176002502441406,61.0,0.0,19.2,6.1,16.955144208366008,35.0865432625098
3619,26.2,33.176002502441406,61.0,0.0,20.4,6.0,16.570776390706854,31.171232917212055
3620,27.3,33.176002502441406,61.0,0.0,20.5,6.2,22.497417879941892,34.04922536398257
3621,26.2,33.176002502441406,61.0,0.0,19.5,6.2,24.85033672466989,33.655101017400966
3622,27.1,33.176002502441406,61.0,0.0,20.4,6.3,11.09755014030288,30.429265042090865
3623,26.5,33.176002502441406,61.0,0.0,20.8,6.4,27.60659811691633,34.7819794350749
3624,27.6,33.176002502441406,61.0,0.0,20.8,5.9,13.143964191684152,31.543189257505247
3625,27.1,33.176002502441406,61.0,0.0,20.3,5.8,23.041688691293537,34.01250660738806
3626,30.0,33.176002502441406,61.0,0.0,19.5,5.8,21.36272597093833,36.4088177912815
3627,26.7,33.176002502441406,61.0,0.0,20.8,6.5,10.03149610727413,29.70944883218224
3628,26.8,33.176002502441406,61.0,0.0,19.4,6.4,17.796671442456315,32.1390014327369
3629,26.6,33.176002502441406,61.0,0.0,20.2,6.3,18.906805123402638,32.27204153702079
3630,28.4,33.176002502441406,61.0,0.0,19.3,5.9,27.112371486051345,36.5337114458154
3631,25.5,33.176002502441406,61.0,0.0,19.2,6.1,21.146189422304715,31.843856826691415
3632,28.8,33.176002502441406,61.0,0.0,20.8,5.6,15.877217021553548,33.563165106466066
3633,28.8,33.176002502441406,61.0,0.0,19.1,6.2,15.821637591054763,33.54649127731643
3634,28.0,33.176002502441406,61.0,0.0,20.8,6.0,11.384683202394415,31.415404960718323
3635,26.7,33.176002502441406,61.0,0.0,19.6,6.4,10.98489494966325,29.995468484898975
3636,29.4,33.176002502441406,61.0,0.0,19.5,5.7,17.696321732261595,34.708896519678476
3637,25.6,33.176002502441406,61.0,0.0,20.3,6.5,22.557470762272967,32.36724122868189
3638,27.4,33.176002502441406,61.0,0.0,20.7,6.2,24.421380421961928,34.72641412658858
3639,29.6,33.176002502441406,61.0,0.0,19.3,5.6,28.285489352253197,38.085646805675964
3640,29.6,33.176002502441406,61.0,0.0,19.4,6.4,19.4449449391108,35.43348348173324
3641,25.9,33.176002502441406,61.0,0.0,20.8,6.5,10.39608653295343,29.018825959886026
3642,27.6,33.176002502441406,61.0,0.0,20.2,6.2,12.124215293743228,31.23726458812297
3643,29.9,33.176002502441406,61.0,0.0,20.2,6.3,23.112150485084474,36.83364514552534
3644,25.7,33.176002502441406,61.0,0.0,19.3,6.0,16.261119293928907,30.57833578817867
3645,26.0,33.176002502441406,61.0,0.0,19.9,6.0,27.41794197917452,34.22538259375236
3646,26.2,33.176002502441406,61.0,0.0,19.7,5.7,11.164240905017873,29.549272271505362
3647,27.3,33.176002502441406,61.0,0.0,20.9,6.1,12.950751327581964,31.18522539827459
3648,28.6,33.176002502441406,61.0,0.0,19.3,5.7,26.627715533249223,36.58831465997477
3649,28.0,33.176002502441406,61.0,0.0,19.2,5.5,17.941788886720463,33.38253666601614
3650,29.9,33.176002502441406,61.0,0.0,19.0,5.5,17.215030362261682,35.0645091086785
3651,26.4,33.176002502441406,61.0,0.0,20.9,6.0,12.535741335329343,30.1607224005988
3652,28.3,33.176002502441406,61.0,0.0,20.2,5.6,18.389862963609453,33.816958889082834
3653,25.9,33.176002502441406,61.0,0.0,19.1,5.6,11.483244822760746,29.344973446828224
3654,28.6,33.176002502441406,61.0,0.0,20.5,5.8,11.145274782770386,31.943582434831118
3655,26.1,33.176002502441406,61.0,0.0,20.5,5.8,14.202708810127678,30.360812643038305
3656,27.1,33.176002502441406,61.0,0.0,20.7,6.1,22.13523150159815,33.74056945047945
3657,29.1,33.176002502441406,61.0,0.0,19.8,6.4,17.861043001010724,34.45831290030322
3658,25.1,33.176002502441406,61.0,0.0,20.4,6.4,28.283283309607835,33.584984992882355
3659,27.3,33.176002502441406,61.0,0.0,19.3,6.0,23.91294560953516,34.473883682860546
3660,26.1,33.57600021362305,59.0,0.0,20.5,5.8,26.764850502181893,34.12945515065457
3661,28.9,33.57600021362305,59.0,0.0,19.9,5.7,29.223811859949784,37.667143557984936
3662,25.5,33.57600021362305,59.0,0.0,19.7,5.8,10.918745880594049,28.775623764178214
3663,28.8,33.57600021362305,59.0,0.0,19.8,5.8,24.90904005448888,36.27271201634667
3664,28.5,33.57600021362305,59.0,0.0,19.1,5.8,19.916385042079384,34.47491551262382
3665,25.3,33.57600021362305,59.0,0.0,20.3,5.7,17.694794062535994,30.6084382187608
3666,26.3,33.57600021362305,59.0,0.0,20.4,5.7,13.607450070713604,30.382235021214083
3667,26.2,33.57600021362305,59.0,0.0,19.1,5.8,17.60489867840772,31.481469603522314
3668,26.7,33.57600021362305,59.0,0.0,19.4,6.2,28.981511489715167,35.39445344691455
3669,27.9,33.57600021362305,59.0,0.0,20.0,5.7,15.649861726690231,32.59495851800707
3670,29.6,33.57600021362305,59.0,0.0,19.1,5.5,28.817964077250082,38.245389223175025
3671,25.0,33.57600021362305,59.0,0.0,19.6,6.3,15.080659651699197,29.524197895509758
3672,25.0,33.57600021362305,59.0,0.0,19.2,6.2,16.643201838040653,29.992960551412196
3673,26.4,33.57600021362305,59.0,0.0,19.1,5.8,21.993006254363017,32.9979018763089
3674,28.2,33.57600021362305,59.0,0.0,20.4,5.6,22.55372648227884,34.96611794468365
3675,26.9,33.57600021362305,59.0,0.0,20.7,6.3,20.041961099779382,32.91258832993381
3676,29.4,33.57600021362305,59.0,0.0,19.8,5.9,13.120077773579514,33.33602333207385
3677,26.5,33.57600021362305,59.0,0.0,19.0,6.1,26.404092380457943,34.42122771413738
3678,29.8,33.57600021362305,59.0,0.0,20.3,6.1,13.223692543634531,33.76710776309036
3679,29.2,33.57600021362305,59.0,0.0,20.4,6.0,14.66499555579216,33.599498666737645
3680,27.7,33.57600021362305,59.0,0.0,19.2,5.8,23.415169973484943,34.72455099204548
3681,26.6,33.57600021362305,59.0,0.0,19.1,5.5,26.61607988884928,34.58482396665479
3682,26.4,33.57600021362305,59.0,0.0,20.6,5.9,17.245275785044598,31.573582735513376
3683,25.4,33.57600021362305,59.0,0.0,20.1,6.1,11.39915087719562,28.819745263158683
3684,29.7,33.57600021362305,59.0,0.0,20.6,5.6,17.21790529163608,34.86537158749082
3685,26.7,33.57600021362305,59.0,0.0,19.8,6.1,24.702940077083866,34.11088202312516
3686,28.5,33.57600021362305,59.0,0.0,19.1,5.9,19.846975220105328,34.4540925660316
3687,26.4,33.57600021362305,59.0,0.0,19.9,5.9,12.12053667987522,30.036161003962565
3688,29.9,33.57600021362305,59.0,0.0,20.2,5.6,22.773192057257248,36.73195761717717
3689,26.5,33.57600021362305,59.0,0.0,19.0,6.0,16.453798353672656,31.436139506101796
3690,26.1,33.57600021362305,59.0,0.0,19.8,6.4,18.348835505257114,31.604650651577135
3691,27.0,33.57600021362305,59.0,0.0,19.2,6.1,17.088671926143817,32.12660157784315
3692,28.5,33.57600021362305,59.0,0.0,19.2,5.6,19.344591549218627,34.30337746476559
3693,27.8,33.57600021362305,59.0,0.0,19.6,6.1,21.55185361686184,34.265556085058556
3694,26.0,33.57600021362305,59.0,0.0,21.0,6.3,17.298198960500645,31.189459688150194
3695,27.6,33.57600021362305,59.0,0.0,20.2,5.6,15.773238061469003,32.3319714184407
3696,29.5,33.57600021362305,59.0,0.0,19.6,6.5,17.8304323999657,34.84912971998971
3697,27.1,33.57600021362305,59.0,0.0,19.9,6.4,14.547428746881454,31.46422862406444
3698,26.5,33.57600021362305,59.0,0.0,20.2,6.2,21.7350122379433,33.02050367138299
3699,27.7,33.57600021362305,59.0,0.0,20.5,5.9,28.15520894353423,36.14656268306027
3700,27.5,33.57600021362305,59.0,0.0,20.0,6.4,16.2967184870295,32.38901554610885
3701,26.4,33.57600021362305,59.0,0.0,19.3,5.8,14.095574691013912,30.628672407304173
3702,27.6,33.57600021362305,59.0,0.0,19.3,6.0,19.999431085881085,33.599829325764325
3703,27.2,33.57600021362305,59.0,0.0,20.1,6.3,19.72783494438866,33.1183504833166
3704,26.8,33.57600021362305,59.0,0.0,19.8,6.3,16.606562019758982,31.781968605927695
3705,27.5,33.57600021362305,59.0,0.0,20.2,5.6,14.38997617967214,31.816992853901642
3706,27.8,33.57600021362305,59.0,0.0,19.3,5.6,18.873802659472453,33.462140797841734
3707,29.1,33.57600021362305,59.0,0.0,19.6,5.6,25.87193465885566,36.8615803976567
3708,26.2,33.57600021362305,59.0,0.0,19.3,5.9,23.660145798000833,33.29804373940025
3709,28.1,33.57600021362305,59.0,0.0,19.0,6.4,28.45161393870704,36.635484181612114
3710,28.4,33.57600021362305,59.0,0.0,20.2,6.2,27.542432311472687,36.662729693441804
3711,25.6,33.57600021362305,59.0,0.0,20.1,5.6,19.435360657227626,31.43060819716829
3712,25.1,33.57600021362305,59.0,0.0,20.9,6.1,13.692444349971243,29.207733304991375
3713,27.7,33.57600021362305,59.0,0.0,19.4,6.4,29.170862934121143,36.45125888023634
3714,25.9,33.57600021362305,59.0,0.0,19.7,5.9,23.626322046937354,32.98789661408121
3715,26.7,33.57600021362305,59.0,0.0,19.4,6.5,10.485438034092434,29.84563141022773
3716,29.8,33.57600021362305,59.0,0.0,19.9,5.9,25.887060962602252,37.56611828878068
3717,29.8,33.57600021362305,59.0,0.0,20.7,6.0,19.556102621028696,35.66683078630861
3718,26.0,33.57600021362305,59.0,0.0,19.8,5.9,28.912154169515233,34.67364625085457
3719,27.4,33.57600021362305,59.0,0.0,19.5,6.2,22.609047651068032,34.18271429532041
3720,29.4,34.125999450683594,55.0,0.0,19.4,6.1,11.488315978224271,32.84649479346728
3721,25.9,34.125999450683594,55.0,0.0,19.4,6.4,29.69326831742281,34.80798049522684
3722,27.1,34.125999450683594,55.0,0.0,19.4,6.1,24.696535305927068,34.50896059177812
3723,30.0,34.125999450683594,55.0,0.0,20.8,5.7,13.675199038126934,34.10255971143808
3724,27.9,34.125999450683594,55.0,0.0,19.8,5.6,10.50216688771065,31.050650066313192
3725,29.4,34.125999450683594,55.0,0.0,19.3,5.9,22.862121575718188,36.25863647271545
3726,26.3,34.125999450683594,55.0,0.0,20.0,6.3,29.465290822927255,35.13958724687818
3727,25.7,34.125999450683594,55.0,0.0,19.7,6.4,22.553042203666873,32.46591266110006
3728,26.3,34.125999450683594,55.0,0.0,20.0,5.5,17.765603932246876,31.629681179674062
3729,27.1,34.125999450683594,55.0,0.0,19.5,6.1,23.07613325516199,34.022839976548596
3730,28.3,34.125999450683594,55.0,0.0,19.7,6.2,14.994816221929339,32.798444866578805
3731,29.0,34.125999450683594,55.0,0.0,19.7,5.6,19.250929751573285,34.77527892547199
3732,26.3,34.125999450683594,55.0,0.0,20.7,6.3,26.09558488264758,34.12867546479427
3733,27.5,34.125999450683594,55.0,0.0,20.6,5.8,29.357889879366894,36.30736696381007
3734,29.1,34.125999450683594,55.0,0.0,19.6,6.3,10.214670429920252,32.164401128976074
3735,26.5,34.125999450683594,55.0,0.0,20.0,5.6,28.04919477538722,34.91475843261617
3736,27.6,34.125999450683594,55.0,0.0,20.9,6.1,23.403846675000754,34.62115400250023
3737,26.6,34.125999450683594,55.0,0.0,20.8,6.4,24.83225837510921,34.04967751253277
3738,26.3,34.125999450683594,55.0,0.0,19.8,6.4,27.414068087812794,34.52422042634384
3739,29.4,34.125999450683594,55.0,0.0,20.8,6.0,22.889842391402404,36.26695271742072
3740,27.1,34.125999450683594,55.0,0.0,20.2,5.6,29.800900025534776,36.04027000766043
3741,29.6,34.125999450683594,55.0,0.0,20.5,5.9,26.729963524050984,37.618989057215295
3742,25.5,34.125999450683594,55.0,0.0,19.7,6.1,22.159432179013038,32.14782965370391
3743,25.8,34.125999450683594,55.0,0.0,20.6,6.3,28.77325996169269,34.43197798850781
3744,25.2,34.125999450683594,55.0,0.0,20.0,5.7,23.553149840446395,32.26594495213392
3745,25.7,34.125999450683594,55.0,0.0,20.8,5.7,17.196595328247163,30.85897859847415
3746,27.0,34.125999450683594,55.0,0.0,21.0,6.3,25.52234811401334,34.656704434204
3747,29.4,34.125999450683594,55.0,0.0,20.5,5.6,10.77110491177348,32.63133147353204
3748,27.1,34.125999450683594,55.0,0.0,20.9,5.6,26.37589018756827,35.012767056270484
3749,26.8,34.125999450683594,55.0,0.0,19.4,5.9,20.13699460477919,32.84109838143376
3750,26.4,34.125999450683594,55.0,0.0,19.6,5.6,18.578661278784246,31.97359838363527
3751,25.3,34.125999450683594,55.0,0.0,19.5,6.3,27.38393131209641,33.51517939362893
3752,26.8,34.125999450683594,55.0,0.0,19.9,5.8,27.50840030006405,35.052520090019215
3753,25.9,34.125999450683594,55.0,0.0,20.1,5.8,26.023092941122755,33.70692788233683
3754,27.1,34.125999450683594,55.0,0.0,20.5,6.4,18.964658147224014,32.78939744416721
3755,29.0,34.125999450683594,55.0,0.0,19.1,6.1,16.627972698883024,33.988391809664904
3756,25.4,34.125999450683594,55.0,0.0,20.1,5.8,16.125253302341044,30.23757599070231
3757,25.9,34.125999450683594,55.0,0.0,19.9,5.9,27.98724580066482,34.29617374019944
3758,28.8,34.125999450683594,55.0,0.0,20.4,5.5,18.434297888892715,34.33028936666781
3759,26.1,34.125999450683594,55.0,0.0,19.0,6.4,12.665915901758497,29.89977477052755
3760,29.8,34.125999450683594,55.0,0.0,20.1,5.9,10.423423212737749,32.927026963821326
3761,26.7,34.125999450683594,55.0,0.0,19.6,6.3,27.530860625393668,34.9592581876181
3762,27.2,34.125999450683594,55.0,0.0,21.0,6.4,23.269978023126423,34.18099340693793
3763,27.9,34.125999450683594,55.0,0.0,20.7,6.3,23.929125554541052,35.078737666362315
3764,28.0,34.125999450683594,55.0,0.0,19.3,6.0,12.07842093399838,31.623526280199513
3765,28.1,34.125999450683594,55.0,0.0,19.4,6.5,12.927987235019291,31.97839617050579
3766,26.5,34.125999450683594,55.0,0.0,19.6,6.1,21.150643191220205,32.84519295736606
3767,27.8,34.125999450683594,55.0,0.0,20.7,6.3,13.472666926406273,31.84180007792188
3768,29.1,34.125999450683594,55.0,0.0,19.5,6.0,28.610756289233098,37.68322688676993
3769,27.4,34.125999450683594,55.0,0.0,19.9,5.8,17.8037181155211,32.74111543465633
3770,29.1,34.125999450683594,55.0,0.0,20.1,5.7,15.099515259201855,33.629854577760554
3771,27.0,34.125999450683594,55.0,0.0,19.7,6.3,20.27108938186977,33.08132681456093
3772,28.0,34.125999450683594,55.0,0.0,20.5,5.7,29.044645587407732,36.71339367622232
3773,25.5,34.125999450683594,55.0,0.0,20.0,5.9,26.216119077325782,33.364835723197736
3774,28.2,34.125999450683594,55.0,0.0,19.4,5.7,23.378674485716026,35.213602345714804
3775,27.6,34.125999450683594,55.0,0.0,20.9,5.5,21.86183875374673,34.15855162612402
3776,28.8,34.125999450683594,55.0,0.0,20.2,6.0,17.34623761075767,34.0038712832273
3777,28.2,34.125999450683594,55.0,0.0,20.4,6.4,29.510646418947847,37.053193925684354
3778,28.3,34.125999450683594,55.0,0.0,19.7,6.0,17.028897427780073,33.40866922833402
3779,28.1,34.125999450683594,55.0,0.0,20.0,5.8,21.958428622514326,34.6875285867543
3780,29.3,34.0260009765625,55.0,0.0,20.3,5.9,27.044138656782813,37.41324159703484
3781,28.0,34.0260009765625,55.0,0.0,19.2,6.0,14.880718112288163,32.46421543368645
3782,27.2,34.0260009765625,55.0,0.0,19.5,6.3,21.823401184975225,33.747020355492566
3783,27.7,34.0260009765625,55.0,0.0,19.9,6.1,29.08886254571263,36.42665876371379
3784,29.9,34.0260009765625,55.0,0.0,20.5,5.9,10.66563355322417,33.09969006596725
3785,29.7,34.0260009765625,55.0,0.0,20.8,6.1,14.02377324716198,33.90713197414859
3786,27.4,34.0260009765625,55.0,0.0,20.4,6.5,29.231431297898688,36.169429389369604
3787,28.0,34.0260009765625,55.0,0.0,19.9,6.4,14.615155701454059,32.38454671043622
3788,28.1,34.0260009765625,55.0,0.0,19.5,5.8,18.06707646369959,33.520122939109875
3789,29.2,34.0260009765625,55.0,0.0,19.9,5.6,16.479186498927255,34.14375594967817
3790,29.5,34.0260009765625,55.0,0.0,19.1,6.1,10.310813039814823,32.59324391194445
3791,29.6,34.0260009765625,55.0,0.0,19.7,5.6,10.051134057693309,32.615340217307995
3792,29.3,34.0260009765625,55.0,0.0,19.1,5.7,11.06498397749091,32.619495193247275
3793,28.1,34.0260009765625,55.0,0.0,19.6,6.1,15.552452672398276,32.76573580171949
3794,27.5,34.0260009765625,55.0,0.0,19.5,6.4,26.520148142255852,35.456044442676756
3795,28.5,34.0260009765625,55.0,0.0,19.0,5.8,23.57387014445711,35.57216104333713
3796,26.0,34.0260009765625,55.0,0.0,19.3,6.2,15.081635550716399,30.52449066521492
3797,28.0,34.0260009765625,55.0,0.0,20.9,5.8,10.93534410937465,31.280603232812396
3798,25.5,34.0260009765625,55.0,0.0,20.0,5.7,22.262647946602087,32.17879438398062
3799,29.2,34.0260009765625,55.0,0.0,21.0,5.5,23.837031309409042,36.351109392822714
3800,28.2,34.0260009765625,55.0,0.0,19.1,5.9,25.531952951814517,35.859585885544355
3801,25.8,34.0260009765625,55.0,0.0,20.5,6.3,26.804697889580822,33.841409366874245
3802,25.1,34.0260009765625,55.0,0.0,19.9,5.8,15.406969959381716,29.722090987814518
3803,27.4,34.0260009765625,55.0,0.0,20.0,6.0,22.573826914867663,34.172148074460296
3804,26.6,34.0260009765625,55.0,0.0,19.2,6.1,13.480934980797453,30.644280494239236
3805,26.6,34.0260009765625,55.0,0.0,20.4,5.7,25.365656622383028,34.20969698671491
3806,26.3,34.0260009765625,55.0,0.0,20.5,6.3,17.234919296952995,31.4704757890859
3807,27.5,34.0260009765625,55.0,0.0,19.3,5.5,14.983591718132967,31.99507751543989
3808,26.8,34.0260009765625,55.0,0.0,19.5,6.3,16.821388424648504,31.846416527394553
3809,28.4,34.0260009765625,55.0,0.0,19.7,5.9,21.498311807341075,34.849493542202325
3810,27.8,34.0260009765625,55.0,0.0,19.4,5.6,22.435493957764763,34.53064818732943
3811,29.7,34.0260009765625,55.0,0.0,20.3,5.5,18.9619179140309,35.38857537420927
3812,29.2,34.0260009765625,55.0,0.0,20.6,6.4,29.847957961647396,38.154387388494214
3813,29.0,34.0260009765625,55.0,0.0,19.6,6.1,23.3966963832708,36.01900891498124
3814,27.6,34.0260009765625,55.0,0.0,20.1,6.0,24.617724065463022,34.98531721963891
3815,26.6,34.0260009765625,55.0,0.0,19.5,6.2,25.22118202700775,34.166354608102324
3816,25.2,34.0260009765625,55.0,0.0,20.4,6.2,17.35224361836931,30.40567308551079
3817,25.8,34.0260009765625,55.0,0.0,20.3,6.0,19.48231166417289,31.64469349925187
3818,25.6,34.0260009765625,55.0,0.0,19.4,5.9,23.512696994683385,32.65380909840502
3819,25.8,34.0260009765625,55.0,0.0,19.0,5.6,17.739941408944176,31.121982422683253
3820,28.9,34.0260009765625,55.0,0.0,20.2,5.9,13.431751769470605,32.92952553084118
3821,26.0,34.0260009765625,55.0,0.0,21.0,6.4,12.084085250312562,29.62522557509377
3822,26.8,34.0260009765625,55.0,0.0,19.8,5.5,28.635502615885475,35.39065078476564
3823,29.5,34.0260009765625,55.0,0.0,20.4,6.4,11.722116001878952,33.016634800563686
3824,26.0,34.0260009765625,55.0,0.0,20.6,5.6,18.315905349972454,31.494771604991737
3825,29.5,34.0260009765625,55.0,0.0,21.0,6.2,10.002609830295546,32.500782949088666
3826,29.1,34.0260009765625,55.0,0.0,19.7,6.2,28.893146795734207,37.76794403872026
3827,25.6,34.0260009765625,55.0,0.0,20.8,6.4,16.283631037506314,30.485089311251897
3828,27.3,34.0260009765625,55.0,0.0,19.3,6.4,22.23418594659644,33.970255783978935
3829,26.0,34.0260009765625,55.0,0.0,20.0,5.8,23.695395278760902,33.10861858362827
3830,25.1,34.0260009765625,55.0,0.0,19.8,6.3,12.946125332418386,28.98383759972552
3831,28.1,34.0260009765625,55.0,0.0,19.7,6.1,27.613378172897313,36.384013451869194
3832,26.1,34.0260009765625,55.0,0.0,20.9,5.8,18.74659605467258,31.723978816401775
3833,29.0,34.0260009765625,55.0,0.0,20.5,6.4,16.949021728575907,34.08470651857277
3834,28.2,34.0260009765625,55.0,0.0,20.9,5.6,22.46897192550572,34.94069157765171
3835,26.7,34.0260009765625,55.0,0.0,19.2,5.8,25.669564819938817,34.40086944598164
3836,28.8,34.0260009765625,55.0,0.0,20.3,6.1,18.26529156266879,34.279587468800635
3837,26.8,34.0260009765625,55.0,0.0,20.2,6.4,24.71567731427596,34.21470319428279
3838,28.0,34.0260009765625,55.0,0.0,20.8,5.8,19.536596872322335,33.8609790616967
3839,27.9,34.0260009765625,55.0,0.0,19.7,6.2,11.249092553170986,31.274727765951294
3840,27.5,33.0260009765625,61.0,0.0,20.0,5.6,16.023090096803394,32.30692702904102
3841,28.9,33.0260009765625,61.0,0.0,20.0,5.6,21.83414030429131,35.45024209128739
3842,29.3,33.0260009765625,61.0,0.0,20.9,5.8,20.494441619318707,35.44833248579561
3843,27.4,33.0260009765625,61.0,0.0,20.0,5.8,21.697400496267036,33.90922014888011
3844,29.7,33.0260009765625,61.0,0.0,20.1,6.0,17.28315164120416,34.88494549236125
3845,29.7,33.0260009765625,61.0,0.0,20.7,5.6,21.111365471757367,36.03340964152721
3846,26.5,33.0260009765625,61.0,0.0,19.7,5.5,20.884824367203983,32.76544731016119
3847,26.5,33.0260009765625,61.0,0.0,19.7,5.8,12.190150495209128,30.157045148562737
3848,27.6,33.0260009765625,61.0,0.0,19.5,5.8,28.506548520978583,36.15196455629358
3849,27.2,33.0260009765625,61.0,0.0,20.2,5.5,10.293005307215179,30.287901592164552
3850,29.4,33.0260009765625,61.0,0.0,20.9,6.1,14.176967158587628,33.653090147576286
3851,29.8,33.0260009765625,61.0,0.0,20.3,5.5,24.27974117119428,37.08392235135828
3852,28.9,33.0260009765625,61.0,0.0,19.1,6.4,21.816848917412763,35.44505467522383
3853,25.7,33.0260009765625,61.0,0.0,20.8,5.5,17.4739751575544,30.94219254726632
3854,27.4,33.0260009765625,61.0,0.0,19.1,5.6,22.00085119606764,34.00025535882029
3855,27.6,33.0260009765625,61.0,0.0,19.9,6.0,10.794205555912779,30.838261666773835
3856,29.8,33.0260009765625,61.0,0.0,19.8,6.2,29.55202324882109,38.66560697464632
3857,26.2,33.0260009765625,61.0,0.0,20.2,6.0,29.28222577121555,34.98466773136467
3858,29.3,33.0260009765625,61.0,0.0,20.2,6.4,24.225169308868292,36.56755079266049
3859,28.0,33.0260009765625,61.0,0.0,19.1,5.8,10.43781474423102,31.131344423269304
3860,27.9,33.0260009765625,61.0,0.0,20.7,6.1,26.166116455369064,35.74983493661072
3861,27.0,33.0260009765625,61.0,0.0,20.7,6.1,24.73897639081086,34.421692917243256
3862,28.6,33.0260009765625,61.0,0.0,19.9,5.6,26.818207440466505,36.64546223213995
3863,26.8,33.0260009765625,61.0,0.0,20.8,5.7,24.699783263200743,34.20993497896022
3864,28.4,33.0260009765625,61.0,0.0,19.1,6.3,24.523965007016606,35.75718950210498
3865,28.8,33.0260009765625,61.0,0.0,20.6,5.6,19.159934407889935,34.54798032236698
3866,26.2,33.0260009765625,61.0,0.0,19.1,5.7,17.324496680622673,31.3973490041868
3867,27.7,33.0260009765625,61.0,0.0,20.8,5.9,10.762631063546213,30.928789319063863
3868,25.7,33.0260009765625,61.0,0.0,19.8,5.6,24.87853702538332,33.163561107614996
3869,28.1,33.0260009765625,61.0,0.0,19.7,5.8,28.635578329771857,36.69067349893156
3870,28.4,33.0260009765625,61.0,0.0,20.4,5.7,28.898890184300384,37.06966705529011
3871,26.3,33.0260009765625,61.0,0.0,20.0,5.7,19.110551241520696,32.03316537245621
3872,25.1,33.0260009765625,61.0,0.0,20.4,6.1,17.295873249302335,30.288761974790702
3873,26.0,33.0260009765625,61.0,0.0,19.3,5.8,18.89353357162879,31.668060071488636
3874,25.7,33.0260009765625,61.0,0.0,20.1,6.2,11.359148170367915,29.107744451110374
3875,29.9,33.0260009765625,61.0,0.0,20.1,5.5,24.73986675320534,37.3219600259616
3876,27.8,33.0260009765625,61.0,0.0,19.8,6.3,10.304821664047559,30.89144649921427
3877,26.6,33.0260009765625,61.0,0.0,20.4,5.7,16.134725831829176,31.440417749548754
3878,29.7,33.0260009765625,61.0,0.0,19.8,6.0,13.344767343645447,33.70343020309363
3879,25.2,33.0260009765625,61.0,0.0,19.7,6.2,14.483347122470896,29.54500413674127
3880,29.9,33.0260009765625,61.0,0.0,20.0,6.0,17.25770496567869,35.077311489703604
3881,28.5,33.0260009765625,61.0,0.0,20.4,6.2,11.38142331173919,31.914426993521758
3882,27.9,33.0260009765625,61.0,0.0,20.7,5.9,13.560379221751669,31.968113766525498
3883,28.8,33.0260009765625,61.0,0.0,20.2,5.7,19.629353470020064,34.68880604100602
3884,29.3,33.0260009765625,61.0,0.0,19.4,5.5,20.454899958988516,35.436469987696555
3885,27.4,33.0260009765625,61.0,0.0,20.5,6.0,17.645405211190493,32.69362156335715
3886,27.5,33.0260009765625,61.0,0.0,19.9,6.1,13.129186560787954,31.438755968236386
3887,25.1,33.0260009765625,61.0,0.0,19.7,6.5,16.165254579060147,29.949576373718045
3888,28.1,33.0260009765625,61.0,0.0,20.0,6.0,16.80506368612928,33.14151910583878
3889,25.9,33.0260009765625,61.0,0.0,19.1,5.8,23.2517312039831,32.875519361194925
3890,27.9,33.0260009765625,61.0,0.0,20.4,5.8,10.133256188196926,30.939976856459076
3891,28.7,33.0260009765625,61.0,0.0,21.0,5.7,14.408667997713207,33.02260039931396
3892,26.6,33.0260009765625,61.0,0.0,19.9,6.3,26.102741521417418,34.430822456425226
3893,26.0,33.0260009765625,61.0,0.0,19.4,5.6,19.71208188631966,31.913624565895898
3894,29.9,33.0260009765625,61.0,0.0,19.6,6.0,28.79179534971889,38.53753860491567
3895,26.1,33.0260009765625,61.0,0.0,20.6,6.1,14.656341127700053,30.496902338310015
3896,27.8,33.0260009765625,61.0,0.0,19.3,5.9,18.207476373207147,33.26224291196215
3897,29.2,33.0260009765625,61.0,0.0,19.3,5.5,24.874862279837746,36.66245868395132
3898,26.2,33.0260009765625,61.0,0.0,19.8,6.1,18.365153179561364,31.709545953868407
3899,27.1,33.0260009765625,61.0,0.0,19.0,5.9,27.07766009332402,35.22329802799721
3900,27.5,31.22599983215332,73.0,0.0,20.3,6.0,21.599138283734504,33.97974148512035
3901,26.0,31.22599983215332,73.0,0.0,20.5,5.7,26.629801190091033,33.98894035702731
3902,29.0,31.22599983215332,73.0,0.0,19.8,5.7,21.594054425456683,35.47821632763701
3903,26.4,31.22599983215332,73.0,0.0,19.4,6.1,12.107503934151145,30.032251180245343
3904,25.5,31.22599983215332,73.0,0.0,19.8,6.4,19.55523444841797,31.36657033452539
3905,25.3,31.22599983215332,73.0,0.0,19.1,6.1,24.973384398545697,32.79201531956371
3906,28.3,31.22599983215332,73.0,0.0,19.6,5.9,20.2607891908624,34.37823675725872
3907,26.5,31.22599983215332,73.0,0.0,19.8,6.0,20.721106781629462,32.716332034488836
3908,26.0,31.22599983215332,73.0,0.0,19.5,5.6,12.180799693332428,29.654239907999727
3909,29.6,31.22599983215332,73.0,0.0,20.2,6.4,29.35269391798267,38.4058081753948
3910,25.6,31.22599983215332,73.0,0.0,19.1,5.7,13.658763412480345,29.697629023744106
3911,26.2,31.22599983215332,73.0,0.0,20.1,6.5,25.004931995994582,33.70147959879837
3912,25.2,31.22599983215332,73.0,0.0,20.4,5.8,24.530365058288155,32.55910951748645
3913,29.7,31.22599983215332,73.0,0.0,19.3,5.8,29.155435538859052,38.446630661657714
3914,26.8,31.22599983215332,73.0,0.0,19.5,5.6,15.512084194853964,31.45362525845619
3915,28.3,31.22599983215332,73.0,0.0,20.7,5.5,20.110119483198524,34.33303584495956
3916,25.3,31.22599983215332,73.0,0.0,19.1,5.7,20.376229698848604,31.41286890965458
3917,28.4,31.22599983215332,73.0,0.0,19.7,5.9,20.057708334439937,34.41731250033198
3918,25.1,31.22599983215332,73.0,0.0,20.6,6.2,25.075860583978688,32.62275817519361
3919,26.6,31.22599983215332,73.0,0.0,19.8,5.6,21.450401687685716,33.03512050630572
3920,29.0,31.22599983215332,73.0,0.0,19.4,6.5,16.391977358977037,33.91759320769311
3921,29.2,31.22599983215332,73.0,0.0,20.8,5.8,21.304687290356554,35.59140618710697
3922,27.4,31.22599983215332,73.0,0.0,20.1,5.6,27.77303535062189,35.73191060518656
3923,26.5,31.22599983215332,73.0,0.0,19.5,5.8,21.2046352151473,32.86139056454419
3924,26.1,31.22599983215332,73.0,0.0,20.0,6.1,22.35845106804115,32.80753532041235
3925,26.4,31.22599983215332,73.0,0.0,20.8,5.6,26.859314896844854,34.457794469053454
3926,29.5,31.22599983215332,73.0,0.0,20.1,5.9,24.926556895959454,36.977967068787834
3927,25.1,31.22599983215332,73.0,0.0,19.1,5.9,19.87966544772278,31.063899634316833
3928,27.1,31.22599983215332,73.0,0.0,19.9,5.8,17.945844955573918,32.48375348667218
3929,25.2,31.22599983215332,73.0,0.0,20.2,5.9,15.32522019291452,29.797566057874356
3930,27.2,31.22599983215332,73.0,0.0,20.9,5.9,13.188300522985013,31.156490156895504
3931,25.4,31.22599983215332,73.0,0.0,20.5,6.1,16.197416968738025,30.259225090621406
3932,27.4,31.22599983215332,73.0,0.0,20.2,5.8,13.68246347673727,31.50473904302118
3933,26.6,31.22599983215332,73.0,0.0,19.0,6.5,17.05595418505072,31.716786255515217
3934,26.1,31.22599983215332,73.0,0.0,20.4,6.3,15.291712811843778,30.687513843553134
3935,25.5,31.22599983215332,73.0,0.0,20.9,6.5,28.512944839317026,34.05388345179511
3936,25.2,31.22599983215332,73.0,0.0,19.6,6.3,21.730424467729176,31.719127340318753
3937,30.0,31.22599983215332,73.0,0.0,20.6,5.7,17.212107106476438,35.16363213194293
3938,29.9,31.22599983215332,73.0,0.0,20.8,6.2,18.774332144255823,35.532299643276744
3939,27.6,31.22599983215332,73.0,0.0,19.8,6.3,10.043414531880646,30.613024359564196
3940,27.4,31.22599983215332,73.0,0.0,20.9,5.9,24.767114990259678,34.8301344970779
3941,29.8,31.22599983215332,73.0,0.0,19.7,6.0,23.115779833406865,36.73473395002206
3942,27.2,31.22599983215332,73.0,0.0,19.5,6.4,28.374142995467537,35.71224289864026
3943,28.6,31.22599983215332,73.0,0.0,19.9,6.1,21.923871393641967,35.177161418092595
3944,29.2,31.22599983215332,73.0,0.0,20.0,6.3,15.879289724645805,33.96378691739374
3945,27.1,31.22599983215332,73.0,0.0,20.7,6.4,14.860651226755179,31.558195368026553
3946,28.7,31.22599983215332,73.0,0.0,19.9,6.5,11.717116487922949,32.215134946376885
3947,26.7,31.22599983215332,73.0,0.0,20.1,5.5,13.772276154638746,30.831682846391622
3948,25.3,31.22599983215332,73.0,0.0,20.3,5.8,25.321611504845382,32.89648345145361
3949,26.0,31.22599983215332,73.0,0.0,19.5,5.7,17.684462028013087,31.305338608403925
3950,29.1,31.22599983215332,73.0,0.0,20.2,6.4,10.58229259309731,32.274687777929195
3951,26.2,31.22599983215332,73.0,0.0,20.8,6.3,20.167314394447658,32.250194318334295
3952,28.7,31.22599983215332,73.0,0.0,20.0,5.7,27.382238777958744,36.91467163338762
3953,30.0,31.22599983215332,73.0,0.0,21.0,6.3,21.653362693111298,36.49600880793339
3954,27.9,31.22599983215332,73.0,0.0,20.0,5.5,13.437234181209888,31.931170254362964
3955,28.5,31.22599983215332,73.0,0.0,20.5,6.1,16.749158612589177,33.52474758377675
3956,26.8,31.22599983215332,73.0,0.0,20.9,5.9,18.694806283779148,32.40844188513375
3957,26.4,31.22599983215332,73.0,0.0,19.2,5.8,12.872194214923503,30.26165826447705
3958,28.9,31.22599983215332,73.0,0.0,20.5,6.0,24.263340447505275,36.17900213425158
3959,26.3,31.22599983215332,73.0,0.0,19.7,6.2,14.702269056376913,30.710680716913075
3960,29.0,30.07599830627441,77.0,0.0,20.1,6.1,25.135938545239146,36.54078156357174
3961,25.3,30.07599830627441,77.0,0.0,20.8,6.0,17.953627895835496,30.68608836875065
3962,27.1,30.07599830627441,77.0,0.0,20.0,6.4,25.800665467060057,34.840199640118016
3963,29.7,30.07599830627441,77.0,0.0,19.3,6.2,13.784012765150901,33.83520382954527
3964,29.7,30.07599830627441,77.0,0.0,20.5,6.4,23.80010346715006,36.840031040145014
3965,28.3,30.07599830627441,77.0,0.0,20.6,6.4,10.016201629638523,31.304860488891556
3966,27.2,30.07599830627441,77.0,0.0,19.5,6.3,17.858171264610867,32.55745137938326
3967,29.0,30.07599830627441,77.0,0.0,19.3,5.6,28.588277116343974,37.57648313490319
3968,27.9,30.07599830627441,77.0,0.0,19.9,5.5,19.639916267090634,33.791974880127185
3969,28.1,30.07599830627441,77.0,0.0,20.6,6.2,12.102689680837093,31.73080690425113
3970,25.9,30.07599830627441,77.0,0.0,20.2,6.3,29.528258632865096,34.758477589859524
3971,28.8,30.07599830627441,77.0,0.0,20.8,6.2,21.34253402737524,35.202760208212574
3972,29.5,30.07599830627441,77.0,0.0,20.3,5.8,13.190424516395673,33.457127354918704
3973,27.3,30.07599830627441,77.0,0.0,20.2,6.4,22.110186960731365,33.93305608821941
3974,28.2,30.07599830627441,77.0,0.0,20.9,6.0,20.889213268877665,34.4667639806633
3975,29.2,30.07599830627441,77.0,0.0,20.5,6.1,27.905050687964778,37.571515206389435
3976,29.1,30.07599830627441,77.0,0.0,20.1,5.5,16.98062654407853,34.19418796322356
3977,25.2,30.07599830627441,77.0,0.0,19.8,5.6,10.609750741984493,28.382925222595347
3978,27.0,30.07599830627441,77.0,0.0,19.6,6.0,18.650588654932434,32.59517659647973
3979,27.9,30.07599830627441,77.0,0.0,19.9,5.8,16.68101866963251,32.90430560088975
3980,26.1,30.07599830627441,77.0,0.0,20.8,6.2,26.1755574360763,33.95266723082289
3981,25.9,30.07599830627441,77.0,0.0,19.6,5.6,18.024334776401975,31.30730043292059
3982,25.5,30.07599830627441,77.0,0.0,19.3,6.0,16.65186741465299,30.495560224395895
3983,28.1,30.07599830627441,77.0,0.0,19.6,5.8,25.600582750818948,35.78017482524569
3984,28.0,30.07599830627441,77.0,0.0,19.6,6.1,26.880565124170623,36.06416953725119
3985,26.1,30.07599830627441,77.0,0.0,20.7,6.3,16.027214171457445,30.908164251437235
3986,28.0,30.07599830627441,77.0,0.0,20.2,6.1,23.510799569024947,35.053239870707486
3987,26.4,30.07599830627441,77.0,0.0,19.2,6.0,24.594120629176487,33.77823618875294
3988,29.9,30.07599830627441,77.0,0.0,20.2,5.8,24.624396024696967,37.287318807409086
3989,26.0,30.07599830627441,77.0,0.0,20.0,5.7,17.360424849511745,31.208127454853525
3990,25.2,30.07599830627441,77.0,0.0,20.9,5.6,11.604829972418942,28.68144899172568
3991,27.9,30.07599830627441,77.0,0.0,20.0,6.2,10.758114346105057,31.127434303831514
3992,25.9,30.07599830627441,77.0,0.0,20.1,6.1,18.7295017038525,31.518850511155748
3993,27.3,30.07599830627441,77.0,0.0,20.7,5.9,12.129076685529029,30.93872300565871
3994,28.4,30.07599830627441,77.0,0.0,20.2,6.2,18.821370538839417,34.046411161651825
3995,29.5,30.07599830627441,77.0,0.0,20.0,6.5,20.395090246744196,35.61852707402326
3996,28.4,30.07599830627441,77.0,0.0,20.9,5.9,15.635466286295115,33.090639885888535
3997,28.7,30.07599830627441,77.0,0.0,19.6,5.7,24.924352092306812,36.17730562769204
3998,28.6,30.07599830627441,77.0,0.0,20.8,6.1,13.975439902440755,32.79263197073223
3999,28.5,30.07599830627441,77.0,0.0,20.9,5.7,14.613294906927933,32.88398847207838
4000,26.8,30.07599830627441,77.0,0.0,20.5,6.0,14.668444592187804,31.200533377656342
4001,29.9,30.07599830627441,77.0,0.0,19.9,5.8,12.51506229567106,33.654518688701316
4002,29.0,30.07599830627441,77.0,0.0,20.8,5.9,20.587767401850613,35.17633022055519
4003,27.4,30.07599830627441,77.0,0.0,19.3,5.5,25.063367656654393,34.91901029699632
4004,27.9,30.07599830627441,77.0,0.0,20.9,6.3,19.80734066449163,33.84220219934749
4005,28.4,30.07599830627441,77.0,0.0,19.9,6.0,24.497923186740593,35.749376956022175
4006,27.6,30.07599830627441,77.0,0.0,20.9,6.1,10.726139384060282,30.817841815218085
4007,28.0,30.07599830627441,77.0,0.0,19.4,5.5,16.353672753087146,32.90610182592614
4008,25.5,30.07599830627441,77.0,0.0,20.7,6.4,17.59390268815217,30.77817080644565
4009,25.7,30.07599830627441,77.0,0.0,20.4,5.9,15.53643240789799,30.360929722369395
4010,26.2,30.07599830627441,77.0,0.0,19.9,5.5,19.46994020310033,32.0409820609301
4011,29.8,30.07599830627441,77.0,0.0,20.8,5.8,15.361284605964169,34.40838538178925
4012,29.7,30.07599830627441,77.0,0.0,19.6,6.4,23.847486893189387,36.854246067956815
4013,27.4,30.07599830627441,77.0,0.0,19.6,6.2,18.778874363052545,33.033662308915765
4014,28.3,30.07599830627441,77.0,0.0,20.9,5.5,18.498827692162052,33.849648307648614
4015,27.8,30.07599830627441,77.0,0.0,19.5,6.1,12.289483433322392,31.48684502999672
4016,29.4,30.07599830627441,77.0,0.0,19.1,6.3,18.987245021900225,35.09617350657007
4017,29.9,30.07599830627441,77.0,0.0,20.5,5.6,27.307428994790325,38.0922286984371
4018,28.2,30.07599830627441,77.0,0.0,20.3,5.8,10.681815963019323,31.404544788905795
4019,29.5,30.07599830627441,77.0,0.0,20.2,6.4,22.56409945086517,36.26922983525955
4020,28.5,29.22599983215332,80.0,0.0,20.4,6.3,16.08934556383734,33.326803669151204
4021,27.0,29.22599983215332,80.0,0.0,20.1,5.9,25.730678399149046,34.71920351974471
4022,27.1,29.22599983215332,80.0,0.0,20.9,6.1,18.07621757933652,32.52286527380096
4023,27.2,29.22599983215332,80.0,0.0,20.7,5.8,15.373841736248135,31.81215252087444
4024,28.8,29.22599983215332,80.0,0.0,19.6,5.9,28.76988900456185,37.430966701368554
4025,26.0,29.22599983215332,80.0,0.0,20.5,6.5,28.687192256692576,34.60615767700777
4026,28.3,29.22599983215332,80.0,0.0,20.2,5.7,17.619372691007555,33.585811807302264
4027,25.2,29.22599983215332,80.0,0.0,19.3,5.7,19.19345058298554,30.958035174895663
4028,26.4,29.22599983215332,80.0,0.0,20.4,6.3,29.04100044036566,35.112300132109695
4029,25.7,29.22599983215332,80.0,0.0,19.8,5.8,14.931839319354568,30.17955179580637
4030,25.9,29.22599983215332,80.0,0.0,19.8,5.8,10.452302795742831,29.035690838722847
4031,26.2,29.22599983215332,80.0,0.0,19.5,5.6,19.55234910787243,32.06570473236173
4032,28.5,29.22599983215332,80.0,0.0,19.1,5.9,25.439904257852255,36.131971277355674
4033,28.5,29.22599983215332,80.0,0.0,19.7,5.8,23.90833889073967,35.6725016672219
4034,27.5,29.22599983215332,80.0,0.0,20.5,5.9,28.276929507103784,35.983078852131136
4035,27.9,29.22599983215332,80.0,0.0,20.8,5.8,22.91692160250271,34.77507648075081
4036,26.8,29.22599983215332,80.0,0.0,20.6,6.5,11.27179265062788,30.181537795188365
4037,29.5,29.22599983215332,80.0,0.0,20.8,5.7,22.010635048985414,36.103190514695626
4038,27.7,29.22599983215332,80.0,0.0,19.3,5.7,21.015519835005094,34.00465595050153
4039,27.5,29.22599983215332,80.0,0.0,19.3,5.6,26.902004550731036,35.57060136521931
4040,28.9,29.22599983215332,80.0,0.0,21.0,6.0,24.638377864735865,36.29151335942076
4041,25.1,29.22599983215332,80.0,0.0,20.3,5.8,24.046945068429594,32.31408352052888
4042,26.7,29.22599983215332,80.0,0.0,20.4,6.4,12.953505060660483,30.586051518198143
4043,28.3,29.22599983215332,80.0,0.0,19.6,5.9,12.454548654292356,32.036364596287704
4044,27.7,29.22599983215332,80.0,0.0,19.5,6.4,11.259541709633197,31.077862512889958
4045,29.1,29.22599983215332,80.0,0.0,20.1,6.1,27.779106266657962,37.43373187999739
4046,27.3,29.22599983215332,80.0,0.0,19.2,5.9,24.477678813693682,34.6433036441081
4047,28.9,29.22599983215332,80.0,0.0,20.3,5.6,16.12645894339172,33.73793768301751
4048,27.0,29.22599983215332,80.0,0.0,20.2,5.6,15.197944369332896,31.55938331079987
4049,26.7,29.22599983215332,80.0,0.0,19.5,5.9,26.62022908534176,34.686068725602524
4050,27.5,29.22599983215332,80.0,0.0,20.1,6.3,23.82547503295239,34.64764250988571
4051,27.1,29.22599983215332,80.0,0.0,20.2,6.5,15.598006268385756,31.779401880515728
4052,28.3,29.22599983215332,80.0,0.0,21.0,6.5,26.07470776372049,36.122412329116145
4053,28.9,29.22599983215332,80.0,0.0,20.2,5.7,10.156793037873715,31.947037911362113
4054,26.3,29.22599983215332,80.0,0.0,20.5,5.8,22.31907411633427,32.995722234900285
4055,27.4,29.22599983215332,80.0,0.0,19.5,6.2,15.295598121584922,31.988679436475476
4056,28.5,29.22599983215332,80.0,0.0,19.8,6.4,13.103433208673167,32.43102996260195
4057,26.4,29.22599983215332,80.0,0.0,20.8,5.8,17.815470873971577,31.74464126219147
4058,29.4,29.22599983215332,80.0,0.0,19.2,6.2,26.417571751286886,37.325271525386064
4059,27.3,29.22599983215332,80.0,0.0,19.4,6.1,28.362037659160734,35.80861129774822
4060,28.9,29.22599983215332,80.0,0.0,19.6,6.1,22.23260852336135,35.5697825570084
4061,28.5,29.22599983215332,80.0,0.0,21.0,5.6,16.952464971334315,33.5857394914003
4062,26.3,29.22599983215332,80.0,0.0,20.3,5.8,27.57433420798141,34.57230026239442
4063,25.2,29.22599983215332,80.0,0.0,21.0,6.1,29.2042995000636,33.96128985001908
4064,27.5,29.22599983215332,80.0,0.0,20.8,6.3,23.405270060043385,34.521581018013016
4065,27.9,29.22599983215332,80.0,0.0,19.8,5.6,21.49400850702548,34.348202552107644
4066,27.9,29.22599983215332,80.0,0.0,19.5,5.7,24.133610684299015,35.1400832052897
4067,27.1,29.22599983215332,80.0,0.0,19.8,5.7,14.793485403952392,31.53804562118572
4068,29.6,29.22599983215332,80.0,0.0,19.8,5.8,24.019907443555347,36.805972233066605
4069,27.7,29.22599983215332,80.0,0.0,20.9,5.9,15.219410834148876,32.265823250244665
4070,28.2,29.22599983215332,80.0,0.0,20.4,6.5,27.45019672846959,36.435059018540876
4071,28.7,29.22599983215332,80.0,0.0,19.1,6.1,11.05518009045391,32.01655402713617
4072,26.4,29.22599983215332,80.0,0.0,19.2,5.7,28.72431303154971,35.01729390946491
4073,26.2,29.22599983215332,80.0,0.0,20.0,5.9,24.816313390953994,33.6448940172862
4074,29.3,29.22599983215332,80.0,0.0,19.1,6.3,26.005660668005678,37.10169820040171
4075,26.2,29.22599983215332,80.0,0.0,19.6,5.9,18.121141852795162,31.636342555838546
4076,25.5,29.22599983215332,80.0,0.0,21.0,5.7,21.621320926182392,31.986396277854716
4077,28.6,29.22599983215332,80.0,0.0,20.8,5.9,27.70666696238727,36.912000088716184
4078,28.0,29.22599983215332,80.0,0.0,19.3,6.0,23.903193150952454,35.170957945285735
4079,27.3,29.22599983215332,80.0,0.0,19.3,6.4,25.795383025935333,35.0386149077806
4080,27.6,28.57599830627441,82.0,0.0,19.7,5.8,29.043224006827458,36.31296720204824
4081,27.2,28.57599830627441,82.0,0.0,20.1,5.8,25.93572148520414,34.98071644556124
4082,25.2,28.57599830627441,82.0,0.0,19.2,5.6,22.135929242606444,31.84077877278193
4083,26.2,28.57599830627441,82.0,0.0,19.3,6.0,25.03205373277369,33.709616119832106
4084,25.7,28.57599830627441,82.0,0.0,20.6,6.1,15.340528046229004,30.3021584138687
4085,29.8,28.57599830627441,82.0,0.0,19.4,6.2,11.826171885924612,33.34785156577738
4086,28.6,28.57599830627441,82.0,0.0,20.9,5.6,17.587943384921648,33.87638301547649
4087,29.3,28.57599830627441,82.0,0.0,19.8,5.5,27.00182456227444,37.40054736868233
4088,25.8,28.57599830627441,82.0,0.0,20.6,5.8,19.144989506547784,31.543496851964335
4089,28.6,28.57599830627441,82.0,0.0,19.0,5.9,29.14082833861113,37.34224850158334
4090,29.0,28.57599830627441,82.0,0.0,20.1,5.6,24.70859240062705,36.41257772018812
4091,28.0,28.57599830627441,82.0,0.0,20.7,5.9,15.042388056427399,32.51271641692822
4092,28.4,28.57599830627441,82.0,0.0,20.1,5.6,22.11731560752009,35.03519468225603
4093,28.3,28.57599830627441,82.0,0.0,20.5,5.6,17.338176260285152,33.501452878085544
4094,28.9,28.57599830627441,82.0,0.0,19.3,6.2,19.62646013599464,34.787938040798394
4095,27.8,28.57599830627441,82.0,0.0,20.9,5.5,13.525714332094822,31.857714299628448
4096,26.7,28.57599830627441,82.0,0.0,20.3,5.9,18.01694081027766,32.105082243083295
4097,27.7,28.57599830627441,82.0,0.0,21.0,6.2,11.698268891571125,31.209480667471336
4098,26.0,28.57599830627441,82.0,0.0,20.3,6.5,25.37267760252945,33.611803280758835
4099,29.2,28.57599830627441,82.0,0.0,19.4,5.6,10.654032979647663,32.3962098938943
4100,27.6,28.57599830627441,82.0,0.0,20.8,5.8,19.70031228369821,33.51009368510947
4101,26.1,28.57599830627441,82.0,0.0,19.5,6.4,29.76361870248659,35.02908561074598
4102,27.8,28.57599830627441,82.0,0.0,20.9,5.7,21.727888708479668,34.3183666125439
4103,29.0,28.57599830627441,82.0,0.0,19.3,5.6,11.17914879484578,32.35374463845373
4104,26.5,28.57599830627441,82.0,0.0,19.6,5.9,20.342346894268132,32.60270406828044
4105,29.6,28.57599830627441,82.0,0.0,20.0,5.9,23.038124127660033,36.511437238298015
4106,26.1,28.57599830627441,82.0,0.0,19.1,5.8,23.140309855692074,33.04209295670762
4107,29.0,28.57599830627441,82.0,0.0,19.4,6.0,26.019622570847673,36.8058867712543
4108,29.1,28.57599830627441,82.0,0.0,20.3,6.0,13.227056209872273,33.06811686296168
4109,26.3,28.57599830627441,82.0,0.0,19.1,5.5,21.107827180642182,32.632348154192655
4110,25.8,28.57599830627441,82.0,0.0,20.2,6.1,29.758212236053772,34.727463670816135
4111,28.8,28.57599830627441,82.0,0.0,20.3,5.8,24.43429400208873,36.13028820062662
4112,30.0,28.57599830627441,82.0,0.0,19.7,6.0,11.166037709925929,33.34981131297778
4113,29.9,28.57599830627441,82.0,0.0,19.2,5.8,20.68381498258454,36.10514449477536
4114,29.3,28.57599830627441,82.0,0.0,19.7,5.7,23.730366285170682,36.41910988555121
4115,29.7,28.57599830627441,82.0,0.0,20.3,6.4,21.94712555481189,36.28413766644357
4116,25.8,28.57599830627441,82.0,0.0,19.5,6.2,12.227175367312519,29.468152610193755
4117,25.3,28.57599830627441,82.0,0.0,20.0,6.3,19.793927717009193,31.238178315102758
4118,29.0,28.57599830627441,82.0,0.0,20.0,5.9,24.503564692088815,36.351069407626646
4119,26.6,28.57599830627441,82.0,0.0,20.1,6.4,10.532845514704299,29.75985365441129
4120,29.6,28.57599830627441,82.0,0.0,20.5,6.1,21.465457023070407,36.03963710692112
4121,26.1,28.57599830627441,82.0,0.0,20.6,6.1,27.782136406707917,34.43464092201238
4122,28.9,28.57599830627441,82.0,0.0,19.2,5.6,19.048075456145224,34.614422636843564
4123,29.5,28.57599830627441,82.0,0.0,20.9,6.0,23.441399360761135,36.53241980822834
4124,29.8,28.57599830627441,82.0,0.0,20.1,5.6,24.111102323240036,37.03333069697201
4125,27.3,28.57599830627441,82.0,0.0,20.3,6.0,24.924034343654817,34.777210303096446
4126,29.0,28.57599830627441,82.0,0.0,19.3,6.0,17.319528135772075,34.19585844073162
4127,28.5,28.57599830627441,82.0,0.0,20.0,6.3,19.96243164291544,34.48872949287463
4128,25.1,28.57599830627441,82.0,0.0,20.4,6.2,25.22435139888917,32.667305419666754
4129,27.0,28.57599830627441,82.0,0.0,19.9,6.3,24.020194856306034,34.20605845689181
4130,29.4,28.57599830627441,82.0,0.0,19.3,6.1,19.564901542713187,35.269470462813956
4131,26.2,28.57599830627441,82.0,0.0,19.1,5.6,16.304509065793113,31.091352719737934
4132,26.0,28.57599830627441,82.0,0.0,20.4,6.4,15.72305822374065,30.716917467122194
4133,29.2,28.57599830627441,82.0,0.0,20.0,5.6,24.90030053906691,36.67009016172007
4134,25.0,28.57599830627441,82.0,0.0,20.3,6.3,26.023285279859273,32.80698558395778
4135,29.5,28.57599830627441,82.0,0.0,19.9,5.5,28.559962427263002,38.067988728178904
4136,27.2,28.57599830627441,82.0,0.0,20.0,6.0,19.444767000209644,33.033430100062894
4137,28.5,28.57599830627441,82.0,0.0,19.8,6.3,21.002895218803943,34.80086856564118
4138,26.8,28.57599830627441,82.0,0.0,20.0,5.8,10.676637127028954,30.002991138108687
4139,27.4,28.57599830627441,82.0,0.0,20.2,5.8,14.252653569061579,31.675796070718473
4140,27.5,28.025999069213867,84.0,0.0,20.8,6.0,12.666638012237728,31.299991403671317
4141,26.7,28.025999069213867,84.0,0.0,20.1,6.0,16.813384038172565,31.744015211451767
4142,29.5,28.025999069213867,84.0,0.0,19.2,6.4,12.91317633561803,33.37395290068541
4143,26.5,28.025999069213867,84.0,0.0,19.8,5.5,11.884604340209247,30.065381302062775
4144,29.2,28.025999069213867,84.0,0.0,20.2,6.0,20.82161810277484,35.44648543083245
4145,28.1,28.025999069213867,84.0,0.0,20.6,5.7,16.424540180433745,33.02736205413012
4146,26.3,28.025999069213867,84.0,0.0,20.1,5.5,22.323986577065575,32.99719597311967
4147,26.1,28.025999069213867,84.0,0.0,20.5,5.9,16.196536580368033,30.95896097411041
4148,25.0,28.025999069213867,84.0,0.0,19.2,6.4,17.769995340521355,30.330998602156406
4149,28.6,28.025999069213867,84.0,0.0,20.0,6.5,27.74601553687892,36.92380466106368
4150,27.7,28.025999069213867,84.0,0.0,20.6,5.6,15.90463192541689,32.47138957762507
4151,28.9,28.025999069213867,84.0,0.0,19.5,6.2,26.29982402587532,36.789947207762594
4152,29.0,28.025999069213867,84.0,0.0,19.1,6.2,10.593918489634675,32.1781755468904
4153,28.3,28.025999069213867,84.0,0.0,19.0,5.7,13.891028773925527,32.46730863217766
4154,27.4,28.025999069213867,84.0,0.0,20.1,5.9,29.538337447964537,36.26150123438936
4155,29.3,28.025999069213867,84.0,0.0,20.7,5.6,28.73369363127282,37.92010808938185
4156,29.1,28.025999069213867,84.0,0.0,20.2,6.0,17.176170418399,34.2528511255197
4157,26.0,28.025999069213867,84.0,0.0,20.1,6.3,21.410438081111494,32.42313142433345
4158,27.2,28.025999069213867,84.0,0.0,21.0,5.7,25.62025082729184,34.88607524818755
4159,26.4,28.025999069213867,84.0,0.0,20.9,5.5,12.41889713548991,30.12566914064697
4160,29.6,28.025999069213867,84.0,0.0,19.2,6.0,19.255107990205033,35.37653239706151
4161,26.6,28.025999069213867,84.0,0.0,19.2,5.7,26.92059727776803,34.67617918333041
4162,27.3,28.025999069213867,84.0,0.0,19.5,5.9,15.391480635932524,31.917444190779758
4163,26.2,28.025999069213867,84.0,0.0,20.4,5.6,24.116287244651232,33.43488617339537
4164,29.3,28.025999069213867,84.0,0.0,20.8,5.5,25.014078170937957,36.80422345128139
4165,26.0,28.025999069213867,84.0,0.0,19.4,6.1,10.280243544830366,29.08407306344911
4166,27.5,28.025999069213867,84.0,0.0,19.8,5.6,18.441212371859027,33.03236371155771
4167,25.8,28.025999069213867,84.0,0.0,19.6,6.0,12.79572447034828,29.638717341104485
4168,28.5,28.025999069213867,84.0,0.0,20.0,5.9,22.07265271247344,35.12179581374203
4169,28.0,28.025999069213867,84.0,0.0,19.0,5.8,15.149974577215108,32.54499237316453
4170,25.3,28.025999069213867,84.0,0.0,20.2,6.5,13.775522974642978,29.432656892392895
4171,27.5,28.025999069213867,84.0,0.0,20.8,5.7,18.256761951132706,32.97702858533981
4172,27.1,28.025999069213867,84.0,0.0,20.9,6.1,23.752391467919633,34.22571744037589
4173,26.7,28.025999069213867,84.0,0.0,20.0,5.7,25.17790944743279,34.253372834229836
4174,25.0,28.025999069213867,84.0,0.0,19.9,6.4,27.585703337394488,33.27571100121835
4175,28.2,28.025999069213867,84.0,0.0,19.4,5.6,14.660959053672975,32.59828771610189
4176,29.8,28.025999069213867,84.0,0.0,20.6,5.8,11.736221692208844,33.32086650766266
4177,28.8,28.025999069213867,84.0,0.0,20.2,6.2,10.22421114264268,31.867263342792803
4178,28.9,28.025999069213867,84.0,0.0,20.7,5.9,27.76126135347883,37.228378406043646
4179,26.1,28.025999069213867,84.0,0.0,19.8,5.6,16.530446118747594,31.05913383562428
4180,25.5,28.025999069213867,84.0,0.0,20.8,5.9,13.181287974686576,29.454386392405972
4181,25.6,28.025999069213867,84.0,0.0,20.7,5.8,20.35749587854815,31.707248763564447
4182,29.2,28.025999069213867,84.0,0.0,19.1,5.5,28.066277906213934,37.61988337186418
4183,29.2,28.025999069213867,84.0,0.0,19.8,5.6,19.91940464280779,35.17582139284234
4184,26.4,28.025999069213867,84.0,0.0,19.3,6.4,14.090963946717492,30.627289184015247
4185,29.0,28.025999069213867,84.0,0.0,20.7,6.2,26.268750585117818,36.88062517553534
4186,28.2,28.025999069213867,84.0,0.0,20.7,6.3,26.430912910649262,36.12927387319478
4187,28.8,28.025999069213867,84.0,0.0,19.6,5.8,18.819555895333878,34.44586676860016
4188,27.8,28.025999069213867,84.0,0.0,19.6,5.8,24.002295469271306,35.00068864078139
4189,29.0,28.025999069213867,84.0,0.0,20.1,6.4,12.297996846327205,32.689399053898164
4190,28.0,28.025999069213867,84.0,0.0,20.4,5.5,13.853294231399689,32.15598826941991
4191,25.6,28.025999069213867,84.0,0.0,21.0,6.0,18.47891145839478,31.143673437518437
4192,25.3,28.025999069213867,84.0,0.0,19.4,6.1,12.889587130904037,29.16687613927121
4193,26.7,28.025999069213867,84.0,0.0,19.5,6.0,20.10683816892186,32.73205145067656
4194,29.7,28.025999069213867,84.0,0.0,19.9,6.1,21.14999890307267,36.0449996709218
4195,29.4,28.025999069213867,84.0,0.0,19.9,6.2,29.925232882663956,38.377569864799185
4196,26.8,28.025999069213867,84.0,0.0,19.7,6.2,10.92815568509647,30.078446705528943
4197,27.7,28.025999069213867,84.0,0.0,20.2,6.1,19.35165913456465,33.50549774036939
4198,29.0,28.025999069213867,84.0,0.0,19.5,5.6,16.4115263836732,33.92345791510196
4199,25.1,28.025999069213867,84.0,0.0,20.3,5.8,20.564019793065405,31.269205937919622
4200,27.2,27.525999069213867,86.0,0.0,20.4,5.9,10.78187285223579,30.434561855670736
4201,25.2,27.525999069213867,86.0,0.0,19.9,5.8,16.87390545132162,30.262171635396484
4202,26.6,27.525999069213867,86.0,0.0,19.3,6.3,17.76735469032606,31.93020640709782
4203,29.3,27.525999069213867,86.0,0.0,20.5,6.1,16.539469238557192,34.26184077156716
4204,29.8,27.525999069213867,86.0,0.0,19.3,6.5,21.229081725295984,36.1687245175888
4205,25.4,27.525999069213867,86.0,0.0,19.4,6.3,23.437739684126036,32.43132190523781
4206,29.6,27.525999069213867,86.0,0.0,19.1,5.6,25.2048430629276,37.16145291887828
4207,28.2,27.525999069213867,86.0,0.0,21.0,5.6,23.42521826312844,35.22756547893853
4208,28.6,27.525999069213867,86.0,0.0,20.6,5.8,18.116421679980093,34.03492650399403
4209,25.2,27.525999069213867,86.0,0.0,19.2,5.9,12.119905458250662,28.835971637475197
4210,29.9,27.525999069213867,86.0,0.0,20.0,6.1,13.459347907313603,33.93780437219408
4211,27.5,27.525999069213867,86.0,0.0,20.5,6.4,26.445286532979033,35.43358595989371
4212,26.2,27.525999069213867,86.0,0.0,20.9,6.1,12.322513187302466,29.89675395619074
4213,28.5,27.525999069213867,86.0,0.0,20.3,6.4,10.367741871592207,31.610322561477663
4214,28.3,27.525999069213867,86.0,0.0,19.5,5.9,25.376967052792125,35.91309011583764
4215,29.0,27.525999069213867,86.0,0.0,20.1,6.0,20.454583411533484,35.13637502346005
4216,26.3,27.525999069213867,86.0,0.0,19.9,5.7,11.98545689468215,29.895637068404646
4217,27.2,27.525999069213867,86.0,0.0,20.2,6.3,14.654455218944664,31.596336565683398
4218,27.4,27.525999069213867,86.0,0.0,19.5,6.2,24.63652565656986,34.790957696970956
4219,26.6,27.525999069213867,86.0,0.0,19.4,5.5,21.291536501918465,32.98746095057554
4220,25.1,27.525999069213867,86.0,0.0,19.7,6.1,10.517947873481981,28.255384362044595
4221,25.2,27.525999069213867,86.0,0.0,19.2,6.4,25.64747594579348,32.894242783738044
4222,25.5,27.525999069213867,86.0,0.0,19.1,5.6,13.576985671524163,29.573095701457248
4223,26.9,27.525999069213867,86.0,0.0,19.3,5.6,10.451857298688491,30.035557189606546
4224,29.2,27.525999069213867,86.0,0.0,19.6,6.2,19.690539667508666,35.1071619002526
4225,28.4,27.525999069213867,86.0,0.0,19.6,5.8,23.335554388112946,35.400666316433885
4226,28.6,27.525999069213867,86.0,0.0,19.5,5.9,18.44399729116482,34.13319918734945
4227,26.3,27.525999069213867,86.0,0.0,19.4,6.0,19.747668646414905,32.22430059392447
4228,26.9,27.525999069213867,86.0,0.0,19.8,5.8,19.85590208636368,32.8567706259091
4229,26.2,27.525999069213867,86.0,0.0,20.2,5.7,23.140555795260777,33.14216673857823
4230,27.8,27.525999069213867,86.0,0.0,20.2,6.3,23.86233851549045,34.958701554647135
4231,26.7,27.525999069213867,86.0,0.0,20.4,5.7,29.02615661211373,35.407846983634116
4232,26.7,27.525999069213867,86.0,0.0,20.7,6.0,19.276617256573637,32.48298517697209
4233,27.0,27.525999069213867,86.0,0.0,19.8,6.4,22.43196074168669,33.72958822250601
4234,28.3,27.525999069213867,86.0,0.0,20.2,6.4,22.822001576185464,35.14660047285564
4235,26.9,27.525999069213867,86.0,0.0,19.0,5.9,11.705516174533528,30.41165485236006
4236,29.9,27.525999069213867,86.0,0.0,19.6,5.8,17.66769477598738,35.20030843279621
4237,25.6,27.525999069213867,86.0,0.0,20.0,6.2,13.990821930483792,29.79724657914514
4238,28.2,27.525999069213867,86.0,0.0,20.5,5.8,19.930091287091038,34.17902738612731
4239,27.1,27.525999069213867,86.0,0.0,19.5,6.4,10.872009158003868,30.36160274740116
4240,29.3,27.525999069213867,86.0,0.0,19.7,5.6,25.78470300471615,37.03541090141485
4241,26.8,27.525999069213867,86.0,0.0,19.6,5.8,23.27177116078184,33.78153134823455
4242,28.8,27.525999069213867,86.0,0.0,19.2,5.8,28.136329398119507,37.240898819435856
4243,29.5,27.525999069213867,86.0,0.0,20.5,6.1,19.980341169967524,35.49410235099026
4244,27.0,27.525999069213867,86.0,0.0,20.1,6.4,28.26698637761271,35.48009591328381
4245,25.7,27.525999069213867,86.0,0.0,20.3,6.0,28.33497429690757,34.20049228907227
4246,26.0,27.525999069213867,86.0,0.0,19.6,6.0,15.078393598307166,30.52351807949215
4247,29.4,27.525999069213867,86.0,0.0,19.8,6.4,25.328516473059246,36.998554941917774
4248,29.7,27.525999069213867,86.0,0.0,20.9,6.3,13.635996315369802,33.79079889461094
4249,27.6,27.525999069213867,86.0,0.0,19.9,6.4,27.21336629806706,35.76400988942012
4250,25.7,27.525999069213867,86.0,0.0,19.5,5.7,22.12743361213449,32.33823008364035
4251,26.3,27.525999069213867,86.0,0.0,20.5,5.9,15.259400445892641,30.87782013376779
4252,27.6,27.525999069213867,86.0,0.0,19.6,6.5,23.51772127410438,34.65531638223132
4253,26.6,27.525999069213867,86.0,0.0,19.4,5.8,13.464305373384422,30.639291612015327
4254,27.6,27.525999069213867,86.0,0.0,19.2,5.6,10.140446748657572,30.642134024597272
4255,29.4,27.525999069213867,86.0,0.0,19.3,6.0,22.695240651455535,36.20857219543666
4256,26.6,27.525999069213867,86.0,0.0,20.6,6.4,20.656844587813534,32.79705337634406
4257,28.8,27.525999069213867,86.0,0.0,20.0,5.6,16.059734036341187,33.617920210902355
4258,27.4,27.525999069213867,86.0,0.0,20.0,5.6,29.485738028951566,36.24572140868547
4259,25.5,27.525999069213867,86.0,0.0,20.4,5.6,19.35511378008668,31.306534134026002
4260,26.5,27.17599868774414,89.0,0.0,19.9,5.6,18.70200982356292,32.11060294706888
4261,29.0,27.17599868774414,89.0,0.0,20.4,6.0,13.237251675686965,32.97117550270609
4262,27.2,27.17599868774414,89.0,0.0,20.1,6.0,10.159816179544896,30.24794485386347
4263,26.5,27.17599868774414,89.0,0.0,20.1,5.9,18.470364265460976,32.04110927963829
4264,26.4,27.17599868774414,89.0,0.0,20.1,6.4,23.73779826988911,33.52133948096673
4265,28.6,27.17599868774414,89.0,0.0,20.3,5.9,26.92276430215351,36.676829290646054
4266,29.4,27.17599868774414,89.0,0.0,19.1,6.3,26.037938609836974,37.21138158295109
4267,28.8,27.17599868774414,89.0,0.0,19.5,5.9,11.466721433157506,32.240016429947254
4268,29.1,27.17599868774414,89.0,0.0,19.7,6.4,28.739929896179152,37.72197896885375
4269,25.7,27.17599868774414,89.0,0.0,20.4,6.0,13.240576964426822,29.672173089328044
4270,29.8,27.17599868774414,89.0,0.0,19.4,5.6,16.999755601039745,34.89992668031192
4271,27.5,27.17599868774414,89.0,0.0,19.8,6.4,21.72672222518576,34.01801666755573
4272,25.8,27.17599868774414,89.0,0.0,19.2,6.0,17.15395083411359,30.946185250234077
4273,28.0,27.17599868774414,89.0,0.0,20.7,5.6,15.79049596089811,32.73714878826943
4274,27.5,27.17599868774414,89.0,0.0,19.2,5.9,20.781022078776108,33.73430662363283
4275,25.4,27.17599868774414,89.0,0.0,20.3,6.4,15.172096657739642,29.95162899732189
4276,28.8,27.17599868774414,89.0,0.0,20.7,5.8,20.317956033553052,34.895386810065915
4277,26.8,27.17599868774414,89.0,0.0,19.1,5.8,28.36240218718558,35.30872065615567
4278,25.3,27.17599868774414,89.0,0.0,21.0,6.4,17.54625438183095,30.563876314549283
4279,29.0,27.17599868774414,89.0,0.0,20.3,6.4,14.433674083844608,33.33010222515338
4280,29.1,27.17599868774414,89.0,0.0,19.8,6.1,18.85292160143429,34.75587648043029
4281,26.6,27.17599868774414,89.0,0.0,19.2,6.4,29.762981334831032,35.52889440044931
4282,27.4,27.17599868774414,89.0,0.0,20.3,6.2,15.283095930755078,31.98492877922652
4283,29.7,27.17599868774414,89.0,0.0,20.6,5.9,24.932835948808872,37.17985078464266
4284,27.5,27.17599868774414,89.0,0.0,20.7,6.3,21.747265478031906,34.024179643409575
4285,28.8,27.17599868774414,89.0,0.0,19.5,5.7,24.035784177663622,36.01073525329909
4286,25.6,27.17599868774414,89.0,0.0,20.1,6.2,27.71615555923368,33.91484666777011
4287,29.4,27.17599868774414,89.0,0.0,20.1,6.1,28.313311314887812,37.89399339446634
4288,27.7,27.17599868774414,89.0,0.0,19.1,5.9,15.688269597071336,32.4064808791214
4289,26.2,27.17599868774414,89.0,0.0,19.4,5.5,18.118466125980405,31.63553983779412
4290,29.4,27.17599868774414,89.0,0.0,19.3,6.4,14.413665643071978,33.72409969292159
4291,29.4,27.17599868774414,89.0,0.0,20.3,6.0,23.576292259945482,36.47288767798364
4292,25.9,27.17599868774414,89.0,0.0,20.4,5.6,28.54541094674737,34.46362328402421
4293,26.5,27.17599868774414,89.0,0.0,19.1,5.6,16.953828165418592,31.586148449625576
4294,30.0,27.17599868774414,89.0,0.0,19.7,6.4,19.35641681863333,35.80692504559
4295,28.4,27.17599868774414,89.0,0.0,20.6,5.7,28.31257060077255,36.89377118023177
4296,29.6,27.17599868774414,89.0,0.0,20.1,6.4,28.978172860156025,38.29345185804681
4297,29.8,27.17599868774414,89.0,0.0,19.2,5.9,25.854281495637725,37.556284448691315
4298,26.9,27.17599868774414,89.0,0.0,19.0,5.9,27.887099465205594,35.26612983956168
4299,30.0,27.17599868774414,89.0,0.0,20.4,6.0,17.0798653732516,35.12395961197548
4300,26.5,27.17599868774414,89.0,0.0,19.1,6.0,20.561819543716634,32.66854586311499
4301,29.7,27.17599868774414,89.0,0.0,20.1,6.0,29.991633437585584,38.69749003127568
4302,29.7,27.17599868774414,89.0,0.0,19.8,6.5,18.747114399875613,35.32413431996268
4303,30.0,27.17599868774414,89.0,0.0,21.0,6.3,19.10763022339264,35.73228906701779
4304,25.8,27.17599868774414,89.0,0.0,20.3,5.7,17.303235986942337,30.990970796082703
4305,26.5,27.17599868774414,89.0,0.0,19.0,5.9,17.68533984287655,31.805601952862965
4306,25.3,27.17599868774414,89.0,0.0,19.9,5.9,13.361697173723691,29.308509152117107
4307,27.0,27.17599868774414,89.0,0.0,20.9,6.3,26.40035763748339,34.92010729124502
4308,27.1,27.17599868774414,89.0,0.0,20.8,6.4,15.47665088307,31.742995264921
4309,29.2,27.17599868774414,89.0,0.0,20.2,6.5,28.637134797699993,37.79114043931
4310,27.6,27.17599868774414,89.0,0.0,20.0,6.1,21.159360954408985,33.9478082863227
4311,25.0,27.17599868774414,89.0,0.0,19.5,5.6,16.269789617024706,29.88093688510741
4312,27.2,27.17599868774414,89.0,0.0,20.0,6.4,11.836923451033316,30.751077035309994
4313,29.9,27.17599868774414,89.0,0.0,20.4,5.9,27.464243734611763,38.13927312038353
4314,28.9,27.17599868774414,89.0,0.0,19.3,6.3,17.495945437570875,34.14878363127126
4315,28.2,27.17599868774414,89.0,0.0,19.9,6.4,27.613199919556674,36.483959975867
4316,27.3,27.17599868774414,89.0,0.0,20.4,5.7,11.846957770763796,30.854087331229138
4317,25.0,27.17599868774414,89.0,0.0,20.0,6.2,21.815915174021814,31.544774552206544
4318,25.0,27.17599868774414,89.0,0.0,19.4,5.9,16.168381430679094,29.850514429203727
4319,25.8,27.17599868774414,89.0,0.0,19.8,6.0,14.323529475073602,30.09705884252208
4320,26.3,26.97599983215332,91.0,0.0,19.2,6.1,17.147573085625815,31.444271925687744
4321,26.7,26.97599983215332,91.0,0.0,19.4,6.1,18.030304969034184,32.109091490710256
4322,28.8,26.97599983215332,91.0,0.0,20.2,5.9,20.140991265827108,34.84229737974813
4323,27.2,26.97599983215332,91.0,0.0,19.2,5.6,27.37626469504154,35.41287940851246
4324,26.8,26.97599983215332,91.0,0.0,20.1,5.8,18.28778668715861,32.286336006147586
4325,29.3,26.97599983215332,91.0,0.0,20.5,5.8,29.110242003600913,38.03307260108028
4326,29.5,26.97599983215332,91.0,0.0,19.7,5.5,21.983298841223334,36.094989652367
4327,29.3,26.97599983215332,91.0,0.0,19.2,6.1,20.74586699882754,35.523760099648264
4328,25.1,26.97599983215332,91.0,0.0,19.7,5.6,24.502755718906613,32.45082671567199
4329,27.0,26.97599983215332,91.0,0.0,19.5,5.6,29.69668987747406,35.90900696324222
4330,28.2,26.97599983215332,91.0,0.0,20.6,6.0,25.946163221384978,35.98384896641549
4331,27.9,26.97599983215332,91.0,0.0,20.6,5.7,19.169882466421964,33.650964739926586
4332,28.2,26.97599983215332,91.0,0.0,20.5,5.9,25.843056049032754,35.95291681470982
4333,28.7,26.97599983215332,91.0,0.0,19.2,6.0,10.73686135975696,31.921058407927088
4334,25.3,26.97599983215332,91.0,0.0,19.5,6.0,17.88422662878213,30.66526798863464
4335,29.4,26.97599983215332,91.0,0.0,19.1,6.3,19.546582287992578,35.26397468639777
4336,28.8,26.97599983215332,91.0,0.0,20.9,6.3,19.686373966500113,34.705912189950034
4337,27.1,26.97599983215332,91.0,0.0,20.2,5.7,12.715679171986245,30.914703751595873
4338,26.9,26.97599983215332,91.0,0.0,19.1,5.7,27.179404934232988,35.053821480269896
4339,26.3,26.97599983215332,91.0,0.0,20.2,6.4,22.024172858001577,32.907251857400475
4340,27.2,26.97599983215332,91.0,0.0,19.2,5.5,25.640998035600695,34.89229941068021
4341,26.4,26.97599983215332,91.0,0.0,19.7,6.3,16.628511867779345,31.3885535603338
4342,28.5,26.97599983215332,91.0,0.0,20.4,6.4,27.55320489578921,36.76596146873676
4343,29.6,26.97599983215332,91.0,0.0,19.4,6.3,29.484865682545724,38.44545970476372
4344,29.1,26.97599983215332,91.0,0.0,19.0,5.9,19.01950561779908,34.805851685339725
4345,29.7,26.97599983215332,91.0,0.0,20.4,6.5,19.559039217749064,35.56771176532472
4346,25.1,26.97599983215332,91.0,0.0,19.1,6.2,15.363825868176008,29.709147760452804
4347,28.8,26.97599983215332,91.0,0.0,20.7,5.9,16.487296219793734,33.74618886593812
4348,26.9,26.97599983215332,91.0,0.0,19.9,6.2,16.949109603268546,31.984732880980562
4349,28.1,26.97599983215332,91.0,0.0,20.0,5.5,23.16297431769392,35.04889229530818
4350,25.1,26.97599983215332,91.0,0.0,19.0,6.4,29.114048373098,33.8342145119294
4351,25.3,26.97599983215332,91.0,0.0,20.1,5.8,29.861849104081585,34.25855473122448
4352,27.3,26.97599983215332,91.0,0.0,20.1,6.3,25.75826821398418,35.02748046419526
4353,29.6,26.97599983215332,91.0,0.0,20.5,6.1,18.593815611721567,35.17814468351647
4354,26.9,26.97599983215332,91.0,0.0,20.0,6.0,18.936581743789453,32.58097452313683
4355,28.2,26.97599983215332,91.0,0.0,20.5,5.9,12.319265040420113,31.895779512126033
4356,28.5,26.97599983215332,91.0,0.0,19.3,6.2,21.508140816544273,34.95244224496328
4357,29.2,26.97599983215332,91.0,0.0,19.2,5.5,20.69645398844652,35.40893619653396
4358,25.6,26.97599983215332,91.0,0.0,19.8,6.2,20.26582357686549,31.679747073059648
4359,29.5,26.97599983215332,91.0,0.0,19.8,5.6,16.157602697313028,34.347280809193904
4360,29.9,26.97599983215332,91.0,0.0,20.4,6.2,17.090817853651636,35.02724535609549
4361,25.6,26.97599983215332,91.0,0.0,21.0,5.7,18.620909361565012,31.186272808469504
4362,26.4,26.97599983215332,91.0,0.0,19.2,5.6,15.648009106425146,31.09440273192754
4363,25.7,26.97599983215332,91.0,0.0,20.7,6.1,17.590544217517305,30.97716326525519
4364,29.1,26.97599983215332,91.0,0.0,19.0,6.4,19.8313320491647,35.04939961474941
4365,27.3,26.97599983215332,91.0,0.0,20.0,5.9,27.25642722467466,35.4769281674024
4366,27.4,26.97599983215332,91.0,0.0,19.8,6.1,29.981207578015876,36.39436227340476
4367,29.7,26.97599983215332,91.0,0.0,21.0,5.8,20.27314755496935,35.781944266490804
4368,29.5,26.97599983215332,91.0,0.0,20.7,5.5,29.609994179971817,38.382998253991545
4369,27.8,26.97599983215332,91.0,0.0,19.3,6.2,22.696825067283186,34.60904752018496
4370,26.4,26.97599983215332,91.0,0.0,19.9,5.7,15.642325383201594,31.09269761496048
4371,25.8,26.97599983215332,91.0,0.0,20.1,6.2,22.307726360698368,32.492317908209515
4372,28.3,26.97599983215332,91.0,0.0,19.1,6.4,23.795446318054225,35.43863389541627
4373,26.9,26.97599983215332,91.0,0.0,20.3,5.9,10.638857338921053,30.091657201676313
4374,28.6,26.97599983215332,91.0,0.0,20.9,6.4,11.749930132153072,32.12497903964592
4375,26.2,26.97599983215332,91.0,0.0,20.1,5.9,12.861437848487348,30.058431354546205
4376,29.3,26.97599983215332,91.0,0.0,20.4,5.9,15.92479593058616,34.07743877917585
4377,26.8,26.97599983215332,91.0,0.0,20.6,5.6,28.176613403946938,35.25298402118408
4378,26.5,26.97599983215332,91.0,0.0,20.9,6.2,24.94778581603215,33.98433574480964
4379,25.2,26.97599983215332,91.0,0.0,19.5,6.4,25.734411315317864,32.92032339459536
4380,25.1,26.82599830627441,91.0,0.0,20.6,6.0,21.4534364215431,31.53603092646293
4381,28.8,26.82599830627441,91.0,0.0,20.4,5.8,27.829605857554355,37.14888175726631
4382,29.4,26.82599830627441,91.0,0.0,20.1,6.5,28.061426116483844,37.818427834945155
4383,29.7,26.82599830627441,91.0,0.0,20.4,5.9,20.640296557705156,35.892088967311544
4384,25.4,26.82599830627441,91.0,0.0,19.9,5.7,15.006809267452951,29.902042780235885
4385,26.1,26.82599830627441,91.0,0.0,20.3,5.7,18.550416718145005,31.665125015443504
4386,26.3,26.82599830627441,91.0,0.0,19.3,6.0,11.77515200421993,29.83254560126598
4387,28.9,26.82599830627441,91.0,0.0,20.9,5.8,19.697896628849115,34.80936898865473
4388,25.6,26.82599830627441,91.0,0.0,19.3,5.9,20.656941382445638,31.797082414733694
4389,28.0,26.82599830627441,91.0,0.0,19.9,5.5,11.920643844592743,31.576193153377822
4390,26.7,26.82599830627441,91.0,0.0,20.4,6.0,29.85155325928478,35.65546597778543
4391,26.8,26.82599830627441,91.0,0.0,19.9,6.3,16.08825150230158,31.626475450690474
4392,29.6,26.82599830627441,91.0,0.0,20.2,5.8,12.514147248510863,33.35424417455326
4393,29.2,26.82599830627441,91.0,0.0,19.9,5.7,14.63247480776161,33.589742442328486
4394,29.0,26.82599830627441,91.0,0.0,20.3,6.0,12.640263598816443,32.792079079644935
4395,28.4,26.82599830627441,91.0,0.0,20.8,6.3,22.0895808636709,35.02687425910127
4396,29.1,26.82599830627441,91.0,0.0,19.1,6.5,19.54789047648461,34.964367142945385
4397,28.8,26.82599830627441,91.0,0.0,19.2,6.4,23.249744858482288,35.77492345754469
4398,29.7,26.82599830627441,91.0,0.0,19.6,6.4,29.43368723369426,38.530106170108276
4399,26.5,26.82599830627441,91.0,0.0,20.3,5.8,15.983709094790715,31.295112728437214
4400,26.9,26.82599830627441,91.0,0.0,19.2,6.3,19.18580376610178,32.65574112983053
4401,28.1,26.82599830627441,91.0,0.0,19.2,5.6,15.337429883413447,32.701228965024036
4402,29.9,26.82599830627441,91.0,0.0,19.3,6.0,14.137501170610742,34.14125035118322
4403,27.4,26.82599830627441,91.0,0.0,20.5,6.2,29.188301302692498,36.15649039080775
4404,27.8,26.82599830627441,91.0,0.0,20.3,6.0,28.80151886337326,36.44045565901198
4405,27.7,26.82599830627441,91.0,0.0,20.6,5.9,26.935086870020616,35.780526061006185
4406,29.0,26.82599830627441,91.0,0.0,20.7,5.7,24.840728071997546,36.45221842159926
4407,29.2,26.82599830627441,91.0,0.0,20.5,5.6,18.001999147738836,34.60059974432165
4408,26.6,26.82599830627441,91.0,0.0,20.1,6.5,24.25856125208891,33.87756837562667
4409,27.8,26.82599830627441,91.0,0.0,20.8,5.8,28.319821162570776,36.29594634877123
4410,28.7,26.82599830627441,91.0,0.0,19.9,6.2,17.829689347122304,34.04890680413669
4411,25.6,26.82599830627441,91.0,0.0,19.3,6.1,19.732673640952054,31.519802092285616
4412,26.5,26.82599830627441,91.0,0.0,20.1,6.0,18.03441496815477,31.91032449044643
4413,29.8,26.82599830627441,91.0,0.0,19.1,6.1,11.753743751108935,33.32612312533268
4414,28.4,26.82599830627441,91.0,0.0,19.5,5.5,15.856727079575808,33.15701812387274
4415,27.4,26.82599830627441,91.0,0.0,20.8,5.7,13.705871316918541,31.51176139507556
4416,29.9,26.82599830627441,91.0,0.0,19.1,5.8,17.109704202949366,35.03291126088481
4417,27.8,26.82599830627441,91.0,0.0,20.8,6.5,23.77726161258149,34.93317848377445
4418,25.1,26.82599830627441,91.0,0.0,19.2,5.5,16.800398891812407,30.140119667543722
4419,28.5,26.82599830627441,91.0,0.0,20.4,5.5,23.530204238228073,35.55906127146842
4420,26.5,26.82599830627441,91.0,0.0,19.5,6.3,22.306873950692854,33.19206218520786
4421,25.7,26.82599830627441,91.0,0.0,20.6,5.6,11.371074802967176,29.111322440890152
4422,29.0,26.82599830627441,91.0,0.0,20.0,5.6,12.832094231220154,32.84962826936604
4423,28.6,26.82599830627441,91.0,0.0,21.0,6.2,12.084569026183978,32.22537070785519
4424,26.5,26.82599830627441,91.0,0.0,20.9,6.2,26.724172169281523,34.51725165078446
4425,29.1,26.82599830627441,91.0,0.0,19.2,6.2,18.77784580345707,34.73335374103712
4426,25.1,26.82599830627441,91.0,0.0,19.6,5.7,14.299544313084295,29.389863293925288
4427,28.7,26.82599830627441,91.0,0.0,19.5,5.9,29.439079915730673,37.5317239747192
4428,28.6,26.82599830627441,91.0,0.0,20.6,5.9,15.704191338988968,33.31125740169669
4429,29.8,26.82599830627441,91.0,0.0,20.7,5.8,20.719138435566002,36.0157415306698
4430,28.7,26.82599830627441,91.0,0.0,20.0,6.4,25.324851786375692,36.297455535912704
4431,27.3,26.82599830627441,91.0,0.0,20.0,6.5,22.242088354919957,33.97262650647599
4432,27.0,26.82599830627441,91.0,0.0,19.7,6.5,19.541497187900305,32.86244915637009
4433,27.1,26.82599830627441,91.0,0.0,20.7,5.5,16.873067674705275,32.16192030241159
4434,29.1,26.82599830627441,91.0,0.0,19.5,6.1,21.56931148110301,35.5707934443309
4435,26.8,26.82599830627441,91.0,0.0,20.8,6.4,28.546952113619742,35.364085634085924
4436,29.3,26.82599830627441,91.0,0.0,19.2,5.9,15.215088776374408,33.86452663291232
4437,25.6,26.82599830627441,91.0,0.0,20.7,5.6,16.198889689215104,30.459666906764532
4438,26.8,26.82599830627441,91.0,0.0,20.0,6.2,28.16531382694213,35.249594148082636
4439,26.3,26.82599830627441,91.0,0.0,19.0,5.8,29.00464735058437,35.00139420517531
4440,25.7,26.57599830627441,92.0,0.0,19.3,5.7,12.222953254798094,29.366885976439427
4441,25.6,26.57599830627441,92.0,0.0,20.9,6.1,15.537599581015014,30.261279874304506
4442,25.5,26.57599830627441,92.0,0.0,20.1,5.9,19.770945143427987,31.431283543028396
4443,26.0,26.57599830627441,92.0,0.0,19.3,6.3,17.294888939637218,31.188466681891164
4444,27.3,26.57599830627441,92.0,0.0,20.3,5.7,26.61240700994806,35.28372210298442
4445,27.3,26.57599830627441,92.0,0.0,19.5,5.9,26.69831883857753,35.30949565157326
4446,29.0,26.57599830627441,92.0,0.0,20.5,5.9,18.416042747319946,34.52481282419598
4447,29.1,26.57599830627441,92.0,0.0,19.3,5.6,12.866380859344382,32.95991425780332
4448,26.5,26.57599830627441,92.0,0.0,19.3,5.7,18.526742492426933,32.05802274772808
4449,27.6,26.57599830627441,92.0,0.0,20.7,6.0,23.8211664928118,34.74634994784354
4450,28.2,26.57599830627441,92.0,0.0,19.6,6.4,27.43913584566459,36.43174075369937
4451,25.5,26.57599830627441,92.0,0.0,20.2,6.2,10.258961526487047,28.577688457946113
4452,28.6,26.57599830627441,92.0,0.0,19.7,5.6,11.205218645726283,31.961565593717886
4453,26.2,26.57599830627441,92.0,0.0,20.0,5.6,27.257573504399954,34.377272051319984
4454,27.7,26.57599830627441,92.0,0.0,20.8,6.1,26.856907655150877,35.75707229654526
4455,25.6,26.57599830627441,92.0,0.0,20.5,5.7,12.522344671643271,29.356703401492982
4456,29.3,26.57599830627441,92.0,0.0,20.7,6.1,29.27811249820756,38.083433749462266
4457,29.8,26.57599830627441,92.0,0.0,19.2,5.7,27.641781912355675,38.0925345737067
4458,26.4,26.57599830627441,92.0,0.0,19.4,5.6,14.199371812445847,30.659811543733753
4459,28.7,26.57599830627441,92.0,0.0,20.6,6.1,13.67139676290332,32.801419028870995
4460,27.7,26.57599830627441,92.0,0.0,20.0,6.4,14.43921922080464,32.03176576624139
4461,29.5,26.57599830627441,92.0,0.0,20.5,5.8,23.62154405222083,36.58646321566625
4462,28.3,26.57599830627441,92.0,0.0,19.7,5.8,29.828571110230435,37.24857133306913
4463,27.2,26.57599830627441,92.0,0.0,21.0,6.1,10.22792236874356,30.268376710623066
4464,28.9,26.57599830627441,92.0,0.0,19.6,5.8,10.434866145597145,32.03045984367914
4465,28.4,26.57599830627441,92.0,0.0,20.7,6.1,21.245379927344505,34.77361397820335
4466,25.8,26.57599830627441,92.0,0.0,19.9,6.4,29.9125737837546,34.77377213512638
4467,28.5,26.57599830627441,92.0,0.0,19.3,6.0,26.106744005381127,36.33202320161434
4468,26.6,26.57599830627441,92.0,0.0,19.0,5.6,20.948218199466055,32.88446545983982
4469,26.8,26.57599830627441,92.0,0.0,20.3,6.1,10.753762452558002,30.0261287357674
4470,26.9,26.57599830627441,92.0,0.0,20.5,5.8,11.487783651732686,30.346335095519805
4471,25.3,26.57599830627441,92.0,0.0,19.8,5.6,29.86605700422252,34.259817101266755
4472,28.1,26.57599830627441,92.0,0.0,19.6,5.9,21.858006575332613,34.657401972599786
4473,26.3,26.57599830627441,92.0,0.0,19.8,5.7,29.246380698606266,35.07391420958188
4474,28.7,26.57599830627441,92.0,0.0,19.3,6.0,29.053687521839777,37.416106256551934
4475,26.7,26.57599830627441,92.0,0.0,19.7,6.2,21.61044524981933,33.1831335749458
4476,26.5,26.57599830627441,92.0,0.0,19.5,5.7,14.653873703526232,30.89616211105787
4477,26.6,26.57599830627441,92.0,0.0,20.4,5.9,26.80075543166151,34.64022662949846
4478,27.5,26.57599830627441,92.0,0.0,20.0,6.1,11.095277374553906,30.828583212366173
4479,29.8,26.57599830627441,92.0,0.0,19.6,5.9,19.13534827825709,35.540604483477125
4480,25.6,26.57599830627441,92.0,0.0,20.7,6.3,16.15430312185219,30.44629093655566
4481,28.2,26.57599830627441,92.0,0.0,19.0,5.7,24.631751365679797,35.58952540970394
4482,25.7,26.57599830627441,92.0,0.0,19.2,6.2,26.832269885989344,33.7496809657968
4483,27.8,26.57599830627441,92.0,0.0,20.2,5.9,28.743062573093635,36.42291877192809
4484,26.7,26.57599830627441,92.0,0.0,19.9,6.0,23.712933696640697,33.81388010899221
4485,26.1,26.57599830627441,92.0,0.0,20.4,5.7,10.015514487877093,29.10465434636313
4486,26.6,26.57599830627441,92.0,0.0,19.5,6.2,25.799303174965765,34.33979095248973
4487,25.3,26.57599830627441,92.0,0.0,20.2,6.0,26.584188609579368,33.27525658287381
4488,28.1,26.57599830627441,92.0,0.0,20.7,5.7,20.39343952011385,34.21803185603416
4489,26.7,26.57599830627441,92.0,0.0,20.5,5.8,27.785641218738427,35.03569236562153
4490,26.2,26.57599830627441,92.0,0.0,19.5,6.4,16.415663982450404,31.124699194735122
4491,28.5,26.57599830627441,92.0,0.0,20.6,6.4,13.1489904515216,32.44469713545648
4492,28.2,26.57599830627441,92.0,0.0,20.1,6.0,15.929694948404157,32.97890848452125
4493,29.9,26.57599830627441,92.0,0.0,20.8,6.2,17.708374209534732,35.212512262860415
4494,25.8,26.57599830627441,92.0,0.0,20.7,5.6,10.979272288352144,29.093781686505643
4495,26.6,26.57599830627441,92.0,0.0,20.5,6.5,12.47640759367826,30.34292227810348
4496,27.6,26.57599830627441,92.0,0.0,20.3,5.5,12.314886178769875,31.294465853630964
4497,27.1,26.57599830627441,92.0,0.0,19.5,6.5,12.914391068693497,30.97431732060805
4498,29.1,26.57599830627441,92.0,0.0,19.9,5.8,20.692728931188775,35.307818679356636
4499,26.6,26.57599830627441,92.0,0.0,19.9,6.5,24.356773538039615,33.90703206141188
4500,27.4,26.275999069213867,93.0,0.0,19.8,5.8,17.077582127544737,32.523274638263416
4501,25.7,26.275999069213867,93.0,0.0,19.0,6.2,13.40132601780864,29.720397805342593
4502,28.3,26.275999069213867,93.0,0.0,20.4,5.9,27.128225982987722,36.43846779489632
4503,27.7,26.275999069213867,93.0,0.0,20.4,6.2,12.515640863321487,31.454692258996445
4504,25.6,26.275999069213867,93.0,0.0,19.6,6.0,18.2258509599223,31.06775528797669
4505,27.0,26.275999069213867,93.0,0.0,19.4,5.5,25.78789519955027,34.736368559865085
4506,29.6,26.275999069213867,93.0,0.0,19.1,6.4,16.552917038567376,34.565875111570215
4507,28.8,26.275999069213867,93.0,0.0,20.6,6.0,25.98932964282414,36.59679889284724
4508,29.7,26.275999069213867,93.0,0.0,19.3,6.2,21.855255166561843,36.25657654996855
4509,26.8,26.275999069213867,93.0,0.0,19.7,5.8,19.68613975743494,32.70584192723048
4510,29.8,26.275999069213867,93.0,0.0,19.5,5.7,11.05737035424577,33.11721110627373
4511,25.9,26.275999069213867,93.0,0.0,19.4,6.2,20.241337513697076,31.972401254109123
4512,28.8,26.275999069213867,93.0,0.0,19.7,5.6,28.437860484389724,37.33135814531692
4513,26.8,26.275999069213867,93.0,0.0,19.5,5.6,10.907528085682356,30.072258425704707
4514,27.5,26.275999069213867,93.0,0.0,20.9,6.1,12.361889742528637,31.208566922758592
4515,26.4,26.275999069213867,93.0,0.0,20.4,6.5,11.411747758293313,29.82352432748799
4516,29.5,26.275999069213867,93.0,0.0,20.9,5.6,24.535222502971706,36.86056675089151
4517,29.6,26.275999069213867,93.0,0.0,20.5,6.3,22.58404420251359,36.37521326075408
4518,27.9,26.275999069213867,93.0,0.0,20.7,6.0,28.908520895050195,36.57255626851506
4519,27.1,26.275999069213867,93.0,0.0,19.9,6.3,18.26801523187674,32.58040456956302
4520,27.1,26.275999069213867,93.0,0.0,19.7,5.9,17.60044548738943,32.380133646216834
4521,26.1,26.275999069213867,93.0,0.0,19.1,6.4,25.585186703998716,33.77555601119961
4522,29.0,26.275999069213867,93.0,0.0,20.6,5.7,15.406365777368155,33.621909733210444
4523,28.9,26.275999069213867,93.0,0.0,20.4,6.4,23.46495061599492,35.93948518479847
4524,28.8,26.275999069213867,93.0,0.0,20.9,5.6,22.11127394506318,35.43338218351895
4525,29.6,26.275999069213867,93.0,0.0,20.3,6.4,12.50932765302224,33.35279829590667
4526,26.4,26.275999069213867,93.0,0.0,20.6,6.3,14.55031680113063,30.765095040339187
4527,27.0,26.275999069213867,93.0,0.0,19.7,6.4,13.629149165820051,31.088744749746013
4528,26.1,26.275999069213867,93.0,0.0,19.3,6.0,20.5782291132586,32.27346873397758
4529,25.9,26.275999069213867,93.0,0.0,19.6,6.3,22.060178546012605,32.51805356380378
4530,28.9,26.275999069213867,93.0,0.0,19.0,6.5,12.461813448921813,32.63854403467654
4531,27.7,26.275999069213867,93.0,0.0,19.9,5.8,20.43053449231069,33.829160347693204
4532,27.8,26.275999069213867,93.0,0.0,20.2,6.1,22.450271901757052,34.53508157052712
4533,25.3,26.275999069213867,93.0,0.0,19.9,6.0,28.53123227827217,33.85936968348165
4534,26.7,26.275999069213867,93.0,0.0,20.9,6.3,11.459079170228792,30.137723751068638
4535,29.4,26.275999069213867,93.0,0.0,20.8,6.1,29.096096248422,38.1288288745266
4536,27.7,26.275999069213867,93.0,0.0,21.0,6.4,26.742742106625332,35.7228226319876
4537,25.4,26.275999069213867,93.0,0.0,20.5,6.0,21.811020912153175,31.943306273645952
4538,27.7,26.275999069213867,93.0,0.0,19.7,6.0,24.948282974035855,35.184484892210754
4539,25.9,26.275999069213867,93.0,0.0,19.4,6.2,29.057446667865634,34.61723400035969
4540,26.7,26.275999069213867,93.0,0.0,19.5,6.5,21.934224382414197,33.280267314724256
4541,26.0,26.275999069213867,93.0,0.0,20.0,5.7,12.037842022198893,29.61135260665967
4542,29.6,26.275999069213867,93.0,0.0,19.2,6.4,15.054305436949303,34.11629163108479
4543,28.5,26.275999069213867,93.0,0.0,19.7,6.1,13.946848752302433,32.68405462569073
4544,26.6,26.275999069213867,93.0,0.0,19.1,6.4,26.58093794508455,34.57428138352537
4545,28.9,26.275999069213867,93.0,0.0,20.6,5.7,14.24498968290285,33.17349690487085
4546,25.0,26.275999069213867,93.0,0.0,20.3,5.6,13.70577901386158,29.111733704158475
4547,26.6,26.275999069213867,93.0,0.0,19.9,5.8,25.237289761570743,34.17118692847122
4548,27.2,26.275999069213867,93.0,0.0,19.6,6.4,24.394349999970682,34.5183049999912
4549,25.4,26.275999069213867,93.0,0.0,20.8,6.2,29.513338492302374,34.25400154769071
4550,27.0,26.275999069213867,93.0,0.0,20.5,5.7,28.107594513396826,35.43227835401905
4551,29.1,26.275999069213867,93.0,0.0,19.8,5.6,20.19401221410445,35.15820366423134
4552,29.0,26.275999069213867,93.0,0.0,20.6,6.0,27.545576204211198,37.26367286126336
4553,28.8,26.275999069213867,93.0,0.0,19.1,5.7,26.227515546781927,36.66825466403458
4554,29.3,26.275999069213867,93.0,0.0,19.2,5.5,13.122410753160452,33.23672322594814
4555,26.6,26.275999069213867,93.0,0.0,20.0,5.6,27.524124433702614,34.857237330110785
4556,29.6,26.275999069213867,93.0,0.0,20.3,6.2,26.836739863018796,37.65102195890564
4557,29.8,26.275999069213867,93.0,0.0,20.2,5.8,25.770502731962974,37.531150819588895
4558,26.6,26.275999069213867,93.0,0.0,20.4,6.4,20.511765894634625,32.753529768390386
4559,29.0,26.275999069213867,93.0,0.0,20.3,6.2,29.485281436753304,37.84558443102599
4560,26.7,26.025999069213867,94.0,0.0,19.9,5.9,24.010697282183955,33.90320918465518
4561,28.3,26.025999069213867,94.0,0.0,20.5,5.5,10.921923024249962,31.57657690727499
4562,30.0,26.025999069213867,94.0,0.0,20.0,5.7,17.992527710048503,35.39775831301455
4563,28.6,26.025999069213867,94.0,0.0,19.1,5.7,18.440973690315698,34.13229210709471
4564,25.3,26.025999069213867,94.0,0.0,20.3,5.6,25.289807773036458,32.88694233191094
4565,30.0,26.025999069213867,94.0,0.0,19.5,6.0,13.398078413952653,34.0194235241858
4566,25.3,26.025999069213867,94.0,0.0,19.2,6.4,24.178782012113416,32.55363460363402
4567,28.3,26.025999069213867,94.0,0.0,19.6,6.3,19.403028976023677,34.120908692807106
4568,28.5,26.025999069213867,94.0,0.0,20.6,6.0,24.44197260134034,35.8325917804021
4569,26.5,26.025999069213867,94.0,0.0,20.6,5.7,25.30286633248688,34.090859899746064
4570,26.5,26.025999069213867,94.0,0.0,19.9,6.4,24.881812626130177,33.964543787839055
4571,26.5,26.025999069213867,94.0,0.0,19.6,5.8,23.86697325477307,33.66009197643192
4572,27.2,26.025999069213867,94.0,0.0,20.7,6.0,16.953286009293087,32.28598580278793
4573,25.9,26.025999069213867,94.0,0.0,19.0,5.7,28.55248854925964,34.46574656477789
4574,27.7,26.025999069213867,94.0,0.0,19.2,6.5,28.677976122493376,36.30339283674801
4575,26.4,26.025999069213867,94.0,0.0,20.5,6.4,16.563831414539198,31.36914942436176
4576,27.2,26.025999069213867,94.0,0.0,20.7,5.9,13.011166998417313,31.103350099525194
4577,28.4,26.025999069213867,94.0,0.0,20.5,5.5,22.258875321560694,35.07766259646821
4578,29.9,26.025999069213867,94.0,0.0,19.4,6.1,16.9793791083348,34.99381373250044
4579,29.9,26.025999069213867,94.0,0.0,20.1,6.2,29.719590545290753,38.815877163587224
4580,29.8,26.025999069213867,94.0,0.0,20.1,5.8,23.791412478170116,36.937423743451035
4581,25.2,26.025999069213867,94.0,0.0,21.0,6.3,25.03612316033574,32.71083694810072
4582,25.1,26.025999069213867,94.0,0.0,20.5,6.3,18.79298773505952,30.737896320517855
4583,28.0,26.025999069213867,94.0,0.0,19.7,6.0,28.562611449910964,36.56878343497329
4584,27.2,26.025999069213867,94.0,0.0,20.2,6.2,11.22766094219556,30.568298282658667
4585,27.0,26.025999069213867,94.0,0.0,20.2,5.5,22.696511366559704,33.80895340996791
4586,29.5,26.025999069213867,94.0,0.0,20.0,5.5,16.786921432658453,34.53607642979753
4587,29.4,26.025999069213867,94.0,0.0,19.3,6.4,15.381693115606208,34.01450793468186
4588,27.2,26.025999069213867,94.0,0.0,20.8,5.8,25.082792605564155,34.724837781669244
4589,29.4,26.025999069213867,94.0,0.0,21.0,5.8,12.145700254784408,33.04371007643532
4590,25.6,26.025999069213867,94.0,0.0,19.6,5.9,27.783003770434767,33.93490113113043
4591,26.9,26.025999069213867,94.0,0.0,19.8,6.4,17.62230848446115,32.186692545338346
4592,28.5,26.025999069213867,94.0,0.0,19.0,5.9,23.2036719705671,35.46110159117013
4593,28.1,26.025999069213867,94.0,0.0,20.8,6.4,10.70007722505936,31.31002316751781
4594,25.1,26.025999069213867,94.0,0.0,19.4,5.8,11.484278976090298,28.54528369282709
4595,29.4,26.025999069213867,94.0,0.0,20.4,6.4,28.39617904601203,37.91885371380361
4596,29.0,26.025999069213867,94.0,0.0,20.5,6.3,25.73229556866682,36.71968867060005
4597,29.6,26.025999069213867,94.0,0.0,19.9,5.8,20.35418961881473,35.70625688564442
4598,29.6,26.025999069213867,94.0,0.0,20.3,6.1,12.108497156921844,33.232549147076554
4599,25.4,26.025999069213867,94.0,0.0,20.9,5.5,15.879012964352373,30.16370388930571
4600,27.3,26.025999069213867,94.0,0.0,19.8,6.3,13.311748308988147,31.293524492696445
4601,26.2,26.025999069213867,94.0,0.0,20.1,5.5,20.320225970572082,32.29606779117162
4602,27.2,26.025999069213867,94.0,0.0,20.4,6.1,22.27355092789002,33.88206527836701
4603,28.1,26.025999069213867,94.0,0.0,19.8,6.4,16.601583079669805,33.080474923900944
4604,25.1,26.025999069213867,94.0,0.0,21.0,6.0,16.987704321613556,30.19631129648407
4605,26.5,26.025999069213867,94.0,0.0,19.6,5.9,14.83184028908044,30.949552086724132
4606,28.7,26.025999069213867,94.0,0.0,19.5,6.4,10.890980008234791,31.967294002470435
4607,29.3,26.025999069213867,94.0,0.0,19.6,6.1,15.173016283307454,33.85190488499224
4608,27.2,26.025999069213867,94.0,0.0,19.9,5.5,28.35126724760676,35.70538017428203
4609,26.7,26.025999069213867,94.0,0.0,19.8,6.0,24.464160523593748,34.03924815707812
4610,26.2,26.025999069213867,94.0,0.0,20.8,5.8,23.87476570644184,33.36242971193255
4611,27.5,26.025999069213867,94.0,0.0,20.1,5.8,18.21037893579426,32.963113680738275
4612,26.1,26.025999069213867,94.0,0.0,20.9,5.7,23.150031509051168,33.04500945271535
4613,28.9,26.025999069213867,94.0,0.0,20.2,6.3,24.107697283742276,36.13230918512268
4614,30.0,26.025999069213867,94.0,0.0,20.5,6.2,11.036152327468631,33.31084569824059
4615,29.9,26.025999069213867,94.0,0.0,19.6,6.1,12.369902948004835,33.610970884401446
4616,26.6,26.025999069213867,94.0,0.0,20.9,6.0,25.480380870512974,34.2441142611539
4617,29.9,26.025999069213867,94.0,0.0,19.8,5.5,21.558906793168305,36.36767203795049
4618,28.7,26.025999069213867,94.0,0.0,20.9,6.2,16.69879866756436,33.709639600269306
4619,29.0,26.025999069213867,94.0,0.0,19.4,6.1,21.661747592342216,35.498524277702664
4620,26.6,25.82599830627441,95.0,0.0,19.1,6.0,15.924672475900469,31.377401742770143
4621,30.0,25.82599830627441,95.0,0.0,20.0,6.1,17.879251288706467,35.36377538661194
4622,25.1,25.82599830627441,95.0,0.0,19.2,5.7,13.214330787618099,29.064299236285432
4623,26.7,25.82599830627441,95.0,0.0,20.4,6.1,27.847776611303043,35.054332983390914
4624,28.4,25.82599830627441,95.0,0.0,20.1,6.0,18.526433688256795,33.957930106477036
4625,28.5,25.82599830627441,95.0,0.0,20.2,6.3,13.343918431810447,32.503175529543135
4626,29.0,25.82599830627441,95.0,0.0,20.1,5.9,16.914007910913035,34.07420237327391
4627,25.1,25.82599830627441,95.0,0.0,19.8,5.8,10.305631771973196,28.191689531591962
4628,27.1,25.82599830627441,95.0,0.0,19.7,5.7,29.820171938480552,36.04605158154416
4629,27.3,25.82599830627441,95.0,0.0,20.9,6.5,17.691438150795154,32.60743144523855
4630,28.4,25.82599830627441,95.0,0.0,20.4,5.8,21.22340011296702,34.767020033890105
4631,29.8,25.82599830627441,95.0,0.0,19.2,5.5,21.611308303684073,36.283392491105225
4632,29.7,25.82599830627441,95.0,0.0,19.3,6.4,12.445977896690891,33.43379336900727
4633,27.0,25.82599830627441,95.0,0.0,20.0,6.4,26.98684807354363,35.09605442206309
4634,25.9,25.82599830627441,95.0,0.0,20.5,5.6,21.348540533945346,32.3045621601836
4635,27.4,25.82599830627441,95.0,0.0,19.5,5.8,29.659499761795132,36.29784992853854
4636,25.9,25.82599830627441,95.0,0.0,19.9,6.1,28.702866325009875,34.51085989750296
4637,26.4,25.82599830627441,95.0,0.0,20.1,6.3,24.04750356649874,33.61425106994962
4638,28.7,25.82599830627441,95.0,0.0,20.5,5.7,10.068545905615913,31.720563771684773
4639,26.1,25.82599830627441,95.0,0.0,20.7,6.2,14.174325803808848,30.352297741142657
4640,25.4,25.82599830627441,95.0,0.0,20.0,5.9,24.042430199153475,32.612729059746044
4641,28.0,25.82599830627441,95.0,0.0,20.0,5.7,11.030585909157946,31.309175772747384
4642,28.6,25.82599830627441,95.0,0.0,19.8,6.0,15.905269358473412,33.371580807542024
4643,29.6,25.82599830627441,95.0,0.0,20.2,5.7,27.800323608602085,37.94009708258063
4644,25.9,25.82599830627441,95.0,0.0,19.3,5.6,25.543597434947074,33.56307923048412
4645,27.9,25.82599830627441,95.0,0.0,19.1,6.2,10.124695254551446,30.93740857636543
4646,29.0,25.82599830627441,95.0,0.0,20.1,5.8,10.102902727768598,32.03087081833058
4647,26.1,25.82599830627441,95.0,0.0,20.4,6.0,23.988925388368127,33.296677616510436
4648,29.0,25.82599830627441,95.0,0.0,19.0,5.5,10.448648402233012,32.13459452066991
4649,26.9,25.82599830627441,95.0,0.0,20.8,5.9,27.984576569168258,35.29537297075048
4650,26.9,25.82599830627441,95.0,0.0,19.4,5.9,23.130669636965706,33.83920089108971
4651,25.3,25.82599830627441,95.0,0.0,20.1,6.2,20.94680781521096,31.584042344563287
4652,28.4,25.82599830627441,95.0,0.0,20.5,5.7,20.313004422484504,34.49390132674535
4653,28.1,25.82599830627441,95.0,0.0,19.7,6.5,24.21090885689781,35.363272657069345
4654,27.3,25.82599830627441,95.0,0.0,19.6,6.3,23.254680229248294,34.27640406877449
4655,29.6,25.82599830627441,95.0,0.0,19.9,6.4,21.955799644544825,36.18673989336345
4656,25.7,25.82599830627441,95.0,0.0,20.9,6.4,22.782443929213613,32.534733178764085
4657,25.8,25.82599830627441,95.0,0.0,20.6,6.1,28.530144325772394,34.359043297731716
4658,28.3,25.82599830627441,95.0,0.0,20.5,6.3,25.409817243532736,35.92294517305982
4659,25.4,25.82599830627441,95.0,0.0,20.0,6.4,14.436898835160486,29.731069650548143
4660,27.7,25.82599830627441,95.0,0.0,19.5,6.1,18.703967213787067,33.31119016413612
4661,28.3,25.82599830627441,95.0,0.0,20.9,5.8,16.718397693896208,33.31551930816886
4662,25.2,25.82599830627441,95.0,0.0,19.2,6.2,22.89024054655949,32.06707216396784
4663,27.5,25.82599830627441,95.0,0.0,20.0,5.9,10.31898679528641,30.595696038585924
4664,28.1,25.82599830627441,95.0,0.0,19.5,5.8,10.782400119210948,31.334720035763286
4665,28.1,25.82599830627441,95.0,0.0,20.3,5.6,28.72651647592654,36.717954942777965
4666,29.4,25.82599830627441,95.0,0.0,19.0,6.4,13.998287717097245,33.59948631512917
4667,30.0,25.82599830627441,95.0,0.0,20.5,6.0,10.429741731687523,33.128922519506254
4668,29.1,25.82599830627441,95.0,0.0,19.4,5.7,17.08294340209111,34.22488302062733
4669,27.7,25.82599830627441,95.0,0.0,19.2,5.8,11.833179922091329,31.2499539766274
4670,29.7,25.82599830627441,95.0,0.0,20.9,6.3,10.422195908880997,32.826658772664295
4671,28.8,25.82599830627441,95.0,0.0,19.1,6.4,18.719266354798734,34.415779906439624
4672,25.6,25.82599830627441,95.0,0.0,20.7,5.8,24.185110008064996,32.8555330024195
4673,29.7,25.82599830627441,95.0,0.0,19.7,5.7,14.023120022017558,33.906936006605264
4674,27.4,25.82599830627441,95.0,0.0,20.2,6.4,28.56842454087442,35.970527362262324
4675,28.4,25.82599830627441,95.0,0.0,19.7,5.7,20.507020104804376,34.55210603144131
4676,26.4,25.82599830627441,95.0,0.0,20.0,5.8,16.292919833102,31.287875949930598
4677,26.9,25.82599830627441,95.0,0.0,20.4,5.8,10.528007152803195,30.058402145840958
4678,28.5,25.82599830627441,95.0,0.0,20.1,6.2,13.758059099789964,32.62741772993699
4679,25.4,25.82599830627441,95.0,0.0,20.5,5.7,28.94622683001764,34.08386804900529
4680,29.8,25.775999069213867,96.0,0.0,19.4,6.3,19.607252396653017,35.68217571899591
4681,25.8,25.775999069213867,96.0,0.0,19.5,5.8,17.382361663529604,31.014708499058884
4682,27.1,25.775999069213867,96.0,0.0,19.7,6.0,29.961305847160492,36.08839175414815
4683,27.4,25.775999069213867,96.0,0.0,20.1,5.7,10.315119092584535,30.494535727775357
4684,28.9,25.775999069213867,96.0,0.0,19.9,5.6,21.974172987647197,35.49225189629416
4685,27.7,25.775999069213867,96.0,0.0,20.5,5.8,14.691999404020324,32.107599821206094
4686,29.0,25.775999069213867,96.0,0.0,20.3,6.1,16.80438394949144,34.041315184847434
4687,26.0,25.775999069213867,96.0,0.0,19.3,6.1,18.392457919725445,31.517737375917633
4688,26.8,25.775999069213867,96.0,0.0,20.6,5.8,15.011402754910572,31.30342082647317
4689,26.3,25.775999069213867,96.0,0.0,20.0,6.3,22.93201041108722,33.17960312332617
4690,25.2,25.775999069213867,96.0,0.0,19.1,5.6,21.898798909998007,31.7696396729994
4691,29.0,25.775999069213867,96.0,0.0,19.5,6.2,19.507745516542528,34.85232365496276
4692,29.5,25.775999069213867,96.0,0.0,19.5,6.3,13.641461216866979,33.59243836506009
4693,27.7,25.775999069213867,96.0,0.0,20.0,5.9,11.492797888983862,31.14783936669516
4694,25.9,25.775999069213867,96.0,0.0,19.9,6.1,29.253363384405077,34.67600901532152
4695,27.4,25.775999069213867,96.0,0.0,20.5,6.3,20.857618565277832,33.65728556958335
4696,26.0,25.775999069213867,96.0,0.0,20.1,5.9,20.818407506822005,32.2455222520466
4697,29.4,25.775999069213867,96.0,0.0,20.3,5.9,12.363027861546438,33.10890835846393
4698,29.8,25.775999069213867,96.0,0.0,20.4,5.7,22.2526770213263,36.47580310639789
4699,25.4,25.775999069213867,96.0,0.0,20.9,5.5,28.0781374807951,33.82344124423853
4700,28.8,25.775999069213867,96.0,0.0,19.5,6.1,12.816134270041209,32.644840281012364
4701,25.3,25.775999069213867,96.0,0.0,20.6,5.7,11.822211778036422,28.846663533410926
4702,28.4,25.775999069213867,96.0,0.0,19.5,5.7,15.978086639863779,33.19342599195913
4703,28.3,25.775999069213867,96.0,0.0,20.1,5.8,29.378306668804367,37.11349200064131
4704,26.3,25.775999069213867,96.0,0.0,19.6,5.6,28.998557024800935,34.999567107440285
4705,27.6,25.775999069213867,96.0,0.0,19.9,5.8,27.65281238605097,35.89584371581529
4706,26.9,25.775999069213867,96.0,0.0,20.4,6.3,22.11756613542791,33.535269840628374
4707,28.8,25.775999069213867,96.0,0.0,19.7,5.9,26.074947244632515,36.62248417338976
4708,28.3,25.775999069213867,96.0,0.0,20.4,5.8,13.353795614787618,32.306138684436284
4709,29.1,25.775999069213867,96.0,0.0,19.4,6.0,26.62375458105425,37.08712637431628
4710,26.7,25.775999069213867,96.0,0.0,20.8,6.0,25.07635284224625,34.222905852673875
4711,25.9,25.775999069213867,96.0,0.0,20.2,6.2,23.23984349485186,32.87195304845556
4712,25.1,25.775999069213867,96.0,0.0,20.9,6.4,13.76408144961022,29.22922443488307
4713,27.1,25.775999069213867,96.0,0.0,21.0,6.1,17.91650710936487,32.47495213280946
4714,27.7,25.775999069213867,96.0,0.0,20.9,6.2,28.05761302806403,36.11728390841921
4715,26.0,25.775999069213867,96.0,0.0,19.8,6.4,12.708453559128401,29.81253606773852
4716,28.9,25.775999069213867,96.0,0.0,20.3,5.9,26.72204949900689,36.916614849702064
4717,26.3,25.775999069213867,96.0,0.0,20.2,5.8,28.966007727618557,34.98980231828557
4718,29.9,25.775999069213867,96.0,0.0,20.6,6.4,26.35152632355297,37.80545789706589
4719,26.1,25.775999069213867,96.0,0.0,19.1,6.2,10.482511027107604,29.24475330813228
4720,28.1,25.775999069213867,96.0,0.0,20.0,5.9,12.127351258014315,31.738205377404295
4721,28.3,25.775999069213867,96.0,0.0,20.6,6.3,29.46307797391993,37.13892339217598
4722,26.6,25.775999069213867,96.0,0.0,19.5,6.1,15.313254360365542,31.193976308109665
4723,26.7,25.775999069213867,96.0,0.0,20.4,6.3,25.129903306038344,34.2389709918115
4724,26.5,25.775999069213867,96.0,0.0,20.2,6.4,14.43501857372416,30.830505572117247
4725,27.1,25.775999069213867,96.0,0.0,20.1,5.6,14.431677346688737,31.429503204006622
4726,25.8,25.775999069213867,96.0,0.0,20.9,5.6,21.97798625834786,32.39339587750436
4727,26.8,25.775999069213867,96.0,0.0,19.6,6.2,23.080243172690135,33.72407295180704
4728,25.0,25.775999069213867,96.0,0.0,19.9,6.0,19.31792812308915,30.795378436926747
4729,27.2,25.775999069213867,96.0,0.0,19.4,5.9,24.640308979857046,34.59209269395711
4730,28.6,25.775999069213867,96.0,0.0,20.8,5.9,18.232982018172983,34.06989460545189
4731,29.8,25.775999069213867,96.0,0.0,20.5,6.4,13.039749780371938,33.71192493411158
4732,25.9,25.775999069213867,96.0,0.0,20.6,6.3,10.589743033381891,29.076922910014567
4733,27.9,25.775999069213867,96.0,0.0,19.4,6.2,23.234794142827866,34.87043824284836
4734,26.0,25.775999069213867,96.0,0.0,20.8,5.6,26.3909201826247,33.91727605478741
4735,25.4,25.775999069213867,96.0,0.0,20.9,5.7,11.184638085384805,28.75539142561544
4736,27.3,25.775999069213867,96.0,0.0,19.1,5.6,25.944017265069,35.083205179520704
4737,26.8,25.775999069213867,96.0,0.0,19.3,6.3,28.088568241441603,35.226570472432485
4738,27.2,25.775999069213867,96.0,0.0,20.0,5.7,28.22665025569339,35.66799507670802
4739,25.3,25.775999069213867,96.0,0.0,20.5,6.3,19.13636148317596,31.040908444952787
4740,27.6,26.82599830627441,91.0,0.0,20.5,6.1,17.034737428875932,32.71042122866278
4741,28.4,26.82599830627441,91.0,0.0,19.3,5.5,10.624582950948437,31.58737488528453
4742,27.7,26.82599830627441,91.0,0.0,19.8,5.8,20.378642097126626,33.813592629137986
4743,28.3,26.82599830627441,91.0,0.0,19.2,5.9,10.785056409244213,31.535516922773265
4744,28.2,26.82599830627441,91.0,0.0,19.8,6.4,13.106511498280696,32.13195344948421
4745,28.7,26.82599830627441,91.0,0.0,19.2,6.3,13.741953310502556,32.82258599315077
4746,28.2,26.82599830627441,91.0,0.0,19.1,5.6,10.950259110231467,31.48507773306944
4747,26.8,26.82599830627441,91.0,0.0,19.6,6.3,10.173836823439872,29.852151047031963
4748,25.9,26.82599830627441,91.0,0.0,19.3,6.3,24.909533487198967,33.37286004615969
4749,26.3,26.82599830627441,91.0,0.0,20.3,6.3,23.34292350267134,33.3028770508014
4750,29.4,26.82599830627441,91.0,0.0,20.3,5.7,12.101252321525745,33.030375696457725
4751,30.0,26.82599830627441,91.0,0.0,19.9,5.9,29.592641519309456,38.877792455792836
4752,27.0,26.82599830627441,91.0,0.0,19.4,6.0,21.73102523058895,33.51930756917668
4753,25.2,26.82599830627441,91.0,0.0,19.7,6.1,23.932803250955125,32.379840975286534
4754,28.6,26.82599830627441,91.0,0.0,19.4,5.9,29.95986774095472,37.58796032228642
4755,26.6,26.82599830627441,91.0,0.0,20.3,5.7,13.443255822923385,30.632976746877016
4756,25.3,26.82599830627441,91.0,0.0,19.7,6.0,20.406954019480253,31.422086205844074
4757,28.9,26.82599830627441,91.0,0.0,19.8,6.2,12.758943540071963,32.72768306202159
4758,28.1,26.82599830627441,91.0,0.0,19.0,5.7,25.8333942512436,35.85001827537308
4759,29.0,26.82599830627441,91.0,0.0,19.8,5.7,22.614252788663883,35.784275836599164
4760,27.7,26.82599830627441,91.0,0.0,20.8,5.8,21.644633836612194,34.19339015098366
4761,29.3,26.82599830627441,91.0,0.0,19.9,6.3,12.145391693448818,32.94361750803465
4762,26.6,26.82599830627441,91.0,0.0,20.5,5.7,23.2143470258751,33.56430410776253
4763,29.7,26.82599830627441,91.0,0.0,20.2,5.6,28.50955683847234,38.2528670515417
4764,26.7,26.82599830627441,91.0,0.0,19.4,5.8,11.108841724727325,30.032652517418196
4765,25.3,26.82599830627441,91.0,0.0,20.4,6.2,18.60711080515152,30.882133241545457
4766,25.0,26.82599830627441,91.0,0.0,19.4,5.7,12.501236088776812,28.750370826633045
4767,28.5,26.82599830627441,91.0,0.0,19.7,6.2,10.960074909025728,31.78802247270772
4768,25.2,26.82599830627441,91.0,0.0,20.7,5.9,20.531174865900546,31.359352459770165
4769,29.4,26.82599830627441,91.0,0.0,20.7,5.6,28.61452248709298,37.984356746127894
4770,28.5,26.82599830627441,91.0,0.0,19.3,5.5,17.881360928790468,33.86440827863714
4771,26.3,26.82599830627441,91.0,0.0,20.8,5.8,29.005758644910134,35.00172759347304
4772,30.0,26.82599830627441,91.0,0.0,19.8,6.1,23.306382027252234,36.99191460817567
4773,29.5,26.82599830627441,91.0,0.0,19.2,5.6,24.43709933336592,36.831129800009776
4774,28.9,26.82599830627441,91.0,0.0,19.1,6.4,21.77147714279761,35.431443142839285
4775,29.4,26.82599830627441,91.0,0.0,20.0,6.0,24.587302851908902,36.776190855572665
4776,26.7,26.82599830627441,91.0,0.0,19.7,6.0,26.391144245704414,34.61734327371132
4777,25.9,26.82599830627441,91.0,0.0,19.6,5.9,21.96652037125169,32.489956111375506
4778,26.7,26.82599830627441,91.0,0.0,20.1,6.3,24.735901421604897,34.12077042648147
4779,25.5,26.82599830627441,91.0,0.0,20.6,6.4,18.862690741166027,31.158807222349807
4780,27.5,26.82599830627441,91.0,0.0,20.4,6.5,21.981942588969083,34.09458277669073
4781,26.2,26.82599830627441,91.0,0.0,19.1,5.7,14.150329692123462,30.44509890763704
4782,25.9,26.82599830627441,91.0,0.0,19.2,6.0,14.76416424639435,30.329249273918304
4783,25.7,26.82599830627441,91.0,0.0,21.0,5.7,18.51886267061219,31.255658801183657
4784,29.1,26.82599830627441,91.0,0.0,21.0,5.9,18.878232806829885,34.76346984204897
4785,29.4,26.82599830627441,91.0,0.0,19.4,5.7,29.18015953238584,38.154047859715746
4786,26.7,26.82599830627441,91.0,0.0,19.1,5.7,23.211095559910355,33.663328667973104
4787,25.5,26.82599830627441,91.0,0.0,20.1,5.8,15.468421097396309,30.140526329218893
4788,29.9,26.82599830627441,91.0,0.0,20.9,5.6,17.140197558897395,35.04205926766922
4789,27.2,26.82599830627441,91.0,0.0,20.3,5.7,18.981690412554435,32.89450712376633
4790,26.1,26.82599830627441,91.0,0.0,19.1,6.4,18.98839413391053,31.79651824017316
4791,27.2,26.82599830627441,91.0,0.0,19.1,5.6,28.05583289018092,35.616749867054274
4792,28.7,26.82599830627441,91.0,0.0,20.9,6.0,19.5796518516443,34.57389555549329
4793,29.6,26.82599830627441,91.0,0.0,20.5,6.1,19.403847421978774,35.421154226593636
4794,25.6,26.82599830627441,91.0,0.0,20.5,5.6,12.566208999461262,29.36986269983838
4795,27.0,26.82599830627441,91.0,0.0,20.0,5.8,17.03201082179978,32.10960324653993
4796,28.8,26.82599830627441,91.0,0.0,20.0,5.6,14.252465202085167,33.07573956062555
4797,28.8,26.82599830627441,91.0,0.0,19.3,5.6,27.606000353190648,37.08180010595719
4798,25.0,26.82599830627441,91.0,0.0,19.6,5.5,17.048776313215633,30.11463289396469
4799,26.6,26.82599830627441,91.0,0.0,19.9,5.7,19.4459768183345,32.43379304550035
4800,28.9,28.07599830627441,84.0,0.0,20.4,6.2,11.08248076469599,32.2247442294088
4801,25.8,28.07599830627441,84.0,0.0,19.1,5.8,21.79298131909156,32.33789439572747
4802,26.6,28.07599830627441,84.0,0.0,20.5,6.1,14.59945640960039,30.979836922880118
4803,25.0,28.07599830627441,84.0,0.0,20.2,6.3,23.045991399935865,31.91379741998076
4804,27.7,28.07599830627441,84.0,0.0,19.1,6.3,11.375612293558483,31.112683688067545
4805,28.9,28.07599830627441,84.0,0.0,20.6,6.2,28.646346078100592,37.49390382343017
4806,25.6,28.07599830627441,84.0,0.0,20.1,6.3,23.24159368743495,32.572478106230484
4807,25.0,28.07599830627441,84.0,0.0,20.2,5.9,20.724682376697377,31.217404713009213
4808,29.7,28.07599830627441,84.0,0.0,19.9,5.6,29.74748217495395,38.62424465248618
4809,26.6,28.07599830627441,84.0,0.0,20.1,6.3,15.03944012069336,31.11183203620801
4810,29.7,28.07599830627441,84.0,0.0,19.7,6.4,12.886193641350946,33.565858092405286
4811,27.3,28.07599830627441,84.0,0.0,20.2,5.8,26.637454582995534,35.29123637489866
4812,25.4,28.07599830627441,84.0,0.0,20.6,6.4,18.22894512618916,30.868683537856747
4813,25.1,28.07599830627441,84.0,0.0,19.3,5.8,10.452175307606614,28.235652592281987
4814,29.3,28.07599830627441,84.0,0.0,19.1,5.8,21.33596565423059,35.700789696269176
4815,27.0,28.07599830627441,84.0,0.0,20.3,5.9,24.437024225259663,34.3311072675779
4816,27.6,28.07599830627441,84.0,0.0,20.3,6.1,20.89362399758997,33.86808719927699
4817,26.4,28.07599830627441,84.0,0.0,20.6,5.7,23.1202886692121,33.33608660076363
4818,28.1,28.07599830627441,84.0,0.0,21.0,6.3,13.334963617061534,32.10048908511846
4819,27.7,28.07599830627441,84.0,0.0,20.4,5.5,16.366645571711476,32.60999367151344
4820,28.0,28.07599830627441,84.0,0.0,20.5,6.1,23.787618371444314,35.13628551143329
4821,25.1,28.07599830627441,84.0,0.0,20.5,5.8,28.557515147339533,33.66725454420186
4822,26.8,28.07599830627441,84.0,0.0,20.8,6.1,11.270186048193311,30.181055814457995
4823,27.4,28.07599830627441,84.0,0.0,19.7,6.2,17.314116116731945,32.594234835019584
4824,29.9,28.07599830627441,84.0,0.0,20.9,5.5,21.634320664363702,36.390296199309105
4825,26.3,28.07599830627441,84.0,0.0,20.1,6.4,21.45088047073581,32.735264141220746
4826,26.4,28.07599830627441,84.0,0.0,19.9,5.9,14.12993740178392,30.638981220535175
4827,29.8,28.07599830627441,84.0,0.0,19.3,5.7,12.993309521743203,33.69799285652296
4828,27.0,28.07599830627441,84.0,0.0,19.0,6.2,25.068500227312594,34.52055006819378
4829,27.7,28.07599830627441,84.0,0.0,19.8,5.6,24.930634380878956,35.179190314263685
4830,29.0,28.07599830627441,84.0,0.0,19.8,6.1,15.950524496956318,33.785157349086894
4831,27.6,28.07599830627441,84.0,0.0,19.5,5.7,20.961795104687113,33.888538531406134
4832,27.6,28.07599830627441,84.0,0.0,19.3,6.0,25.362913239418305,35.20887397182549
4833,25.6,28.07599830627441,84.0,0.0,20.8,6.5,21.89989557638355,32.16996867291507
4834,27.6,28.07599830627441,84.0,0.0,19.2,5.8,22.03594724384495,34.210784173153485
4835,27.0,28.07599830627441,84.0,0.0,19.8,6.1,20.400309145235763,33.12009274357073
4836,28.3,28.07599830627441,84.0,0.0,19.4,6.3,17.384129614340424,33.51523888430213
4837,26.4,28.07599830627441,84.0,0.0,20.6,5.5,27.975115645459578,34.792534693637876
4838,26.3,28.07599830627441,84.0,0.0,20.3,5.7,16.418884662225555,31.225665398667665
4839,26.7,28.07599830627441,84.0,0.0,19.1,5.8,10.877164709836189,29.963149412950855
4840,28.4,28.07599830627441,84.0,0.0,19.6,6.4,29.141432967359606,37.14242989020788
4841,25.9,28.07599830627441,84.0,0.0,20.8,6.3,11.093356465680484,29.228006939704144
4842,26.7,28.07599830627441,84.0,0.0,19.3,6.0,27.146177087403238,34.84385312622097
4843,26.3,28.07599830627441,84.0,0.0,20.4,5.8,18.761504163649715,31.928451249094916
4844,29.0,28.07599830627441,84.0,0.0,19.7,6.2,15.544097601030632,33.66322928030919
4845,26.5,28.07599830627441,84.0,0.0,20.3,5.6,18.10907161688906,31.93272148506672
4846,26.5,28.07599830627441,84.0,0.0,19.6,6.3,12.786528098643908,30.335958429593173
4847,29.3,28.07599830627441,84.0,0.0,19.6,5.6,16.066911565944658,34.1200734697834
4848,26.7,28.07599830627441,84.0,0.0,19.3,5.7,27.775538739136966,35.032661621741084
4849,26.4,28.07599830627441,84.0,0.0,20.4,6.4,15.443406646389539,31.03302199391686
4850,26.8,28.07599830627441,84.0,0.0,20.9,5.8,24.40004004349884,34.12001201304965
4851,29.9,28.07599830627441,84.0,0.0,20.1,6.4,19.802345983747006,35.8407037951241
4852,26.7,28.07599830627441,84.0,0.0,19.9,6.1,17.785566572300837,32.035669971690254
4853,28.6,28.07599830627441,84.0,0.0,20.6,6.2,22.9462316350152,35.48386949050456
4854,29.1,28.07599830627441,84.0,0.0,20.7,5.6,17.518879085079785,34.35566372552394
4855,26.9,28.07599830627441,84.0,0.0,19.8,6.4,28.53868473417796,35.461605420253385
4856,26.1,28.07599830627441,84.0,0.0,19.5,6.4,26.63594328183443,34.09078298455033
4857,25.1,28.07599830627441,84.0,0.0,20.6,5.7,23.436446034127933,32.13093381023838
4858,29.4,28.07599830627441,84.0,0.0,20.4,6.1,12.285596799454435,33.08567903983633
4859,27.1,28.07599830627441,84.0,0.0,20.0,6.2,16.073794547476435,31.922138364242933
4860,25.5,29.625999450683597,76.0,0.0,20.0,6.1,19.579125840813965,31.37373775224419
4861,27.4,29.625999450683597,76.0,0.0,20.2,5.7,15.359713709267236,32.00791411278017
4862,27.6,29.625999450683597,76.0,0.0,20.1,6.3,18.363140551790096,33.10894216553703
4863,30.0,29.625999450683597,76.0,0.0,20.5,6.4,27.20100872710659,38.16030261813198
4864,29.5,29.625999450683597,76.0,0.0,20.0,5.8,15.562823985239207,34.168847195571765
4865,25.0,29.625999450683597,76.0,0.0,20.0,6.4,29.806411240974565,33.941923372292365
4866,28.3,29.625999450683597,76.0,0.0,20.4,5.7,15.476004143658837,32.94280124309765
4867,27.0,29.625999450683597,76.0,0.0,19.5,6.5,14.959182806169295,31.487754841850787
4868,27.0,29.625999450683597,76.0,0.0,20.0,6.5,20.212402216512395,33.06372066495372
4869,25.8,29.625999450683597,76.0,0.0,20.9,5.8,24.975781018380566,33.29273430551417
4870,25.5,29.625999450683597,76.0,0.0,20.1,5.8,22.338275049284878,32.20148251478546
4871,26.6,29.625999450683597,76.0,0.0,20.9,6.3,24.357465641869698,33.90723969256091
4872,28.2,29.625999450683597,76.0,0.0,19.4,5.6,20.239270527148072,34.27178115814442
4873,25.7,29.625999450683597,76.0,0.0,19.7,5.6,17.554447413216355,30.966334223964907
4874,26.1,29.625999450683597,76.0,0.0,20.0,6.3,11.840382167496644,29.652114650248993
4875,29.2,29.625999450683597,76.0,0.0,20.2,6.3,28.37798795094796,37.71339638528438
4876,27.4,29.625999450683597,76.0,0.0,20.5,6.5,12.407330199303747,31.12219905979112
4877,26.9,29.625999450683597,76.0,0.0,20.3,5.5,17.46855183366209,32.14056555009863
4878,27.4,29.625999450683597,76.0,0.0,21.0,6.4,20.86955810046187,33.66086743013856
4879,27.9,29.625999450683597,76.0,0.0,19.4,6.1,17.598437307363994,33.1795311922092
4880,26.8,29.625999450683597,76.0,0.0,20.1,5.8,27.91046114544132,35.173138343632395
4881,25.0,29.625999450683597,76.0,0.0,19.7,6.3,28.55019917705215,33.56505975311565
4882,28.2,29.625999450683597,76.0,0.0,19.5,5.6,10.040516144635358,31.212154843390607
4883,27.7,29.625999450683597,76.0,0.0,20.7,5.7,23.631970226884874,34.78959106806546
4884,26.6,29.625999450683597,76.0,0.0,20.9,6.2,27.787598700427957,34.93627961012839
4885,29.2,29.625999450683597,76.0,0.0,20.4,5.6,14.974177582708446,33.69225327481253
4886,29.7,29.625999450683597,76.0,0.0,19.8,5.6,20.49028747099743,35.84708624129923
4887,29.4,29.625999450683597,76.0,0.0,19.1,5.7,15.199644091837214,33.95989322755116
4888,27.0,29.625999450683597,76.0,0.0,20.3,5.7,12.013473389386835,30.604042016816052
4889,29.4,29.625999450683597,76.0,0.0,19.8,5.7,13.361984501738785,33.40859535052164
4890,26.9,29.625999450683597,76.0,0.0,20.3,5.5,17.635512180703586,32.190653654211076
4891,25.1,29.625999450683597,76.0,0.0,20.3,5.5,25.058964645963943,32.617689393789185
4892,28.0,29.625999450683597,76.0,0.0,19.9,5.7,16.76378925656633,33.0291367769699
4893,25.0,29.625999450683597,76.0,0.0,20.0,5.7,23.753308000047966,32.12599240001439
4894,28.3,29.625999450683597,76.0,0.0,20.2,5.9,17.699044998698888,33.60971349960967
4895,25.7,29.625999450683597,76.0,0.0,19.4,5.8,20.358353702042443,31.80750611061273
4896,28.3,29.625999450683597,76.0,0.0,20.1,6.1,29.197022348809828,37.05910670464295
4897,26.4,29.625999450683597,76.0,0.0,20.8,5.8,18.345792690042266,31.90373780701268
4898,26.5,29.625999450683597,76.0,0.0,20.5,6.3,28.789464342765214,35.136839302829564
4899,25.7,29.625999450683597,76.0,0.0,20.7,6.2,24.64177799168314,33.09253339750494
4900,26.3,29.625999450683597,76.0,0.0,20.2,6.1,22.881591360255662,33.1644774080767
4901,29.4,29.625999450683597,76.0,0.0,20.5,5.8,25.02209261682228,36.90662778504668
4902,29.6,29.625999450683597,76.0,0.0,20.3,6.2,17.88125717937867,34.9643771538136
4903,25.5,29.625999450683597,76.0,0.0,19.7,6.2,15.899479114800187,30.269843734440055
4904,28.5,29.625999450683597,76.0,0.0,20.3,5.9,29.35326875927356,37.30598062778207
4905,28.7,29.625999450683597,76.0,0.0,20.3,6.4,26.645560178971927,36.693668053691574
4906,27.5,29.625999450683597,76.0,0.0,20.6,5.6,12.722526734429609,31.316758020328884
4907,27.7,29.625999450683597,76.0,0.0,20.2,5.9,27.95200479422003,36.08560143826601
4908,28.4,29.625999450683597,76.0,0.0,20.6,6.2,12.397312626489597,32.11919378794688
4909,29.2,29.625999450683597,76.0,0.0,19.8,6.3,23.935843402197165,36.38075302065915
4910,29.2,29.625999450683597,76.0,0.0,19.2,6.0,26.558894877628113,37.167668463288436
4911,26.2,29.625999450683597,76.0,0.0,20.6,6.5,15.744868641727969,30.92346059251839
4912,28.3,29.625999450683597,76.0,0.0,19.1,6.2,12.261903753379189,31.978571126013758
4913,26.7,29.625999450683597,76.0,0.0,19.4,6.2,29.29703285662634,35.4891098569879
4914,27.5,29.625999450683597,76.0,0.0,20.3,5.6,25.69845188961584,35.20953556688475
4915,27.5,29.625999450683597,76.0,0.0,20.4,6.1,20.65729312158879,33.69718793647664
4916,26.5,29.625999450683597,76.0,0.0,19.5,6.3,16.380199423708174,31.414059827112453
4917,28.3,29.625999450683597,76.0,0.0,19.5,6.0,11.574940102255852,31.772482030676755
4918,25.6,29.625999450683597,76.0,0.0,19.2,6.3,24.119071987081334,32.8357215961244
4919,28.9,29.625999450683597,76.0,0.0,19.1,5.8,25.48775834849176,36.54632750454753
4920,26.3,31.17599868774414,66.0,0.0,20.2,5.9,27.848654062315784,34.654596218694735
4921,27.6,31.17599868774414,66.0,0.0,20.2,6.2,14.008033100041104,31.80240993001233
4922,26.4,31.17599868774414,66.0,0.0,20.6,5.5,17.3918490409649,31.61755471228947
4923,29.7,31.17599868774414,66.0,0.0,20.3,6.2,22.58961382262164,36.47688414678649
4924,28.6,31.17599868774414,66.0,0.0,20.9,6.5,15.939510336456788,33.381853100937036
4925,27.0,31.17599868774414,66.0,0.0,19.2,6.1,27.624418555551134,35.28732556666534
4926,25.3,31.17599868774414,66.0,0.0,20.8,5.9,13.427938865101796,29.32838165953054
4927,25.9,31.17599868774414,66.0,0.0,20.3,5.9,21.41677970305682,32.32503391091704
4928,25.2,31.17599868774414,66.0,0.0,20.5,5.7,26.020806808645464,33.00624204259364
4929,26.6,31.17599868774414,66.0,0.0,20.1,6.3,24.706930485523642,34.0120791456571
4930,26.6,31.17599868774414,66.0,0.0,19.6,5.8,21.64769883305918,33.094309649917754
4931,28.8,31.17599868774414,66.0,0.0,19.6,5.6,15.897565753314995,33.5692697259945
4932,25.9,31.17599868774414,66.0,0.0,20.4,6.1,19.06296964759705,31.61889089427911
4933,25.7,31.17599868774414,66.0,0.0,20.5,5.6,28.39695771822056,34.21908731546617
4934,25.6,31.17599868774414,66.0,0.0,20.7,6.5,11.078300610110961,28.92349018303329
4935,28.9,31.17599868774414,66.0,0.0,19.9,6.3,11.463610014861732,32.339083004458516
4936,26.7,31.17599868774414,66.0,0.0,20.1,6.3,15.854916661383676,31.456474998415104
4937,26.0,31.17599868774414,66.0,0.0,19.2,5.8,18.509427416858184,31.552828225057453
4938,26.3,31.17599868774414,66.0,0.0,19.9,6.0,12.712180552900032,30.11365416587001
4939,28.6,31.17599868774414,66.0,0.0,20.9,6.1,12.735417232553738,32.420625169766126
4940,27.0,31.17599868774414,66.0,0.0,19.7,5.9,17.363902624305425,32.209170787291626
4941,28.7,31.17599868774414,66.0,0.0,19.6,6.3,16.770398109016835,33.73111943270505
4942,27.9,31.17599868774414,66.0,0.0,20.2,6.4,18.22366227698613,33.36709868309584
4943,26.6,31.17599868774414,66.0,0.0,20.0,5.7,29.20289008831723,35.36086702649517
4944,28.4,31.17599868774414,66.0,0.0,19.8,6.2,22.384408577298064,35.11532257318942
4945,29.5,31.17599868774414,66.0,0.0,20.0,5.9,28.20012472864576,37.96003741859373
4946,27.7,31.17599868774414,66.0,0.0,20.4,5.8,25.44946868528306,35.334840605584915
4947,26.3,31.17599868774414,66.0,0.0,19.8,6.3,19.582407086083236,32.17472212582497
4948,28.9,31.17599868774414,66.0,0.0,20.1,6.1,20.907526210780322,35.172257863234094
4949,26.3,31.17599868774414,66.0,0.0,19.5,6.2,28.040217425200712,34.71206522756022
4950,27.5,31.17599868774414,66.0,0.0,20.4,5.8,14.684379946930742,31.90531398407922
4951,28.1,31.17599868774414,66.0,0.0,19.4,5.8,17.992666353578954,33.49779990607369
4952,26.8,31.17599868774414,66.0,0.0,20.3,5.8,27.101628985791447,34.93048869573744
4953,25.4,31.17599868774414,66.0,0.0,20.6,6.3,26.779067001983844,33.43372010059515
4954,27.2,31.17599868774414,66.0,0.0,20.6,6.4,27.276071562400954,35.38282146872029
4955,27.8,31.17599868774414,66.0,0.0,20.1,6.2,16.83802152564037,32.851406457692114
4956,27.3,31.17599868774414,66.0,0.0,19.8,6.3,14.984154069676867,31.79524622090306
4957,27.6,31.17599868774414,66.0,0.0,20.2,5.7,26.282241461899183,35.48467243856976
4958,29.0,31.17599868774414,66.0,0.0,20.7,6.0,26.659809772720248,36.99794293181608
4959,26.2,31.17599868774414,66.0,0.0,20.5,6.4,10.446205318332709,29.333861595499812
4960,29.3,31.17599868774414,66.0,0.0,20.9,6.0,28.560631295936844,37.868189388781055
4961,27.4,31.17599868774414,66.0,0.0,19.3,6.0,15.22710852366676,31.968132557100027
4962,27.7,31.17599868774414,66.0,0.0,20.6,5.8,13.361411872208553,31.708423561662563
4963,28.6,31.17599868774414,66.0,0.0,20.1,5.8,22.226411551783016,35.267923465534906
4964,28.0,31.17599868774414,66.0,0.0,20.5,6.2,18.63057009048355,33.58917102714506
4965,27.9,31.17599868774414,66.0,0.0,19.5,6.1,24.743197171866278,35.322959151559886
4966,26.4,31.17599868774414,66.0,0.0,20.9,6.5,12.330128261487964,30.09903847844639
4967,27.8,31.17599868774414,66.0,0.0,20.4,6.5,24.82171911785475,35.246515735356425
4968,28.0,31.17599868774414,66.0,0.0,19.5,5.7,14.143342346668344,32.2430027040005
4969,26.6,31.17599868774414,66.0,0.0,19.1,6.2,22.38395053600451,33.315185160801356
4970,25.5,31.17599868774414,66.0,0.0,19.5,6.4,22.661717364990203,32.29851520949706
4971,25.2,31.17599868774414,66.0,0.0,19.3,5.6,14.449332495794998,29.5347997487385
4972,29.3,31.17599868774414,66.0,0.0,20.6,6.1,27.639874596330976,37.5919623788993
4973,27.5,31.17599868774414,66.0,0.0,19.9,5.8,19.526519430989218,33.35795582929676
4974,29.9,31.17599868774414,66.0,0.0,19.1,6.1,15.856147409604093,34.656844222881226
4975,29.5,31.17599868774414,66.0,0.0,20.0,6.0,12.640035666965181,33.292010700089556
4976,28.4,31.17599868774414,66.0,0.0,19.9,6.4,20.285752447060315,34.48572573411809
4977,27.1,31.17599868774414,66.0,0.0,19.7,6.4,22.2845677496625,33.78537032489875
4978,27.2,31.17599868774414,66.0,0.0,20.2,6.4,29.975146210993827,36.19254386329815
4979,26.8,31.17599868774414,66.0,0.0,19.8,6.2,24.77305122962664,34.23191536888799
4980,29.6,32.676002502441406,59.0,0.0,20.5,6.1,19.16731102007451,35.350193306022355
4981,25.1,32.676002502441406,59.0,0.0,19.3,5.7,26.869781600043094,33.160934480012926
4982,27.9,32.676002502441406,59.0,0.0,19.1,5.9,10.46173800492076,31.038521401476228
4983,27.7,32.676002502441406,59.0,0.0,20.2,6.5,19.001671651864026,33.400501495559205
4984,27.8,32.676002502441406,59.0,0.0,19.9,6.2,15.727897775801846,32.518369332740555
4985,29.0,32.676002502441406,59.0,0.0,20.5,6.2,12.08446558802812,32.62533967640844
4986,29.8,32.676002502441406,59.0,0.0,21.0,6.0,11.319883948246856,33.195965184474055
4987,27.4,32.676002502441406,59.0,0.0,19.4,5.6,23.855664611481675,34.5566993834445
4988,25.4,32.676002502441406,59.0,0.0,19.1,6.2,21.39961992557699,31.819885977673096
4989,27.5,32.676002502441406,59.0,0.0,19.9,5.9,16.147518916581006,32.3442556749743
4990,26.4,32.676002502441406,59.0,0.0,20.7,6.3,11.937636023170896,29.981290806951268
4991,27.1,32.676002502441406,59.0,0.0,20.9,5.5,13.245532867682456,31.073659860304737
4992,27.9,32.676002502441406,59.0,0.0,20.8,5.9,11.962349923003337,31.488704976901
4993,27.2,32.676002502441406,59.0,0.0,19.9,6.1,19.702279862729277,33.11068395881878
4994,26.1,32.676002502441406,59.0,0.0,20.8,6.0,26.58003349953986,34.07401004986196
4995,26.0,32.676002502441406,59.0,0.0,19.4,5.9,11.947482070287132,29.58424462108614
4996,26.1,32.676002502441406,59.0,0.0,19.8,5.9,24.374326156752925,33.412297847025876
4997,27.3,32.676002502441406,59.0,0.0,20.7,5.8,24.25806662671092,34.577419988013276
4998,25.7,32.676002502441406,59.0,0.0,20.6,6.0,19.931865275004377,31.679559582501312
4999,26.0,32.676002502441406,59.0,0.0,19.4,5.5,20.12110428714186,32.036331286142556
5000,29.8,32.676002502441406,59.0,0.0,19.5,6.0,23.571225129129928,36.87136753873898
5001,28.9,32.676002502441406,59.0,0.0,20.1,6.3,27.995208824831973,37.298562647449586
5002,28.9,32.676002502441406,59.0,0.0,20.5,5.7,10.23739079443773,31.971217238331317
5003,27.7,32.676002502441406,59.0,0.0,20.9,5.7,21.458279110711494,34.13748373321345
5004,26.5,32.676002502441406,59.0,0.0,20.9,5.6,20.267082769106022,32.580124830731805
5005,25.2,32.676002502441406,59.0,0.0,20.1,6.0,19.275669806761442,30.98270094202843
5006,27.9,32.676002502441406,59.0,0.0,19.9,5.8,16.037602110129164,32.71128063303875
5007,27.2,32.676002502441406,59.0,0.0,19.4,6.2,25.907869746048284,34.972360923814485
5008,25.1,32.676002502441406,59.0,0.0,19.2,6.4,22.834146265495452,31.95024387964864
5009,26.7,32.676002502441406,59.0,0.0,19.2,6.1,16.524307048750217,31.657292114625065
5010,28.8,32.676002502441406,59.0,0.0,20.5,5.7,11.543050888981398,32.26291526669442
5011,28.0,32.676002502441406,59.0,0.0,19.7,5.7,16.198277553826212,32.85948326614786
5012,26.9,32.676002502441406,59.0,0.0,20.1,5.6,22.767323568966596,33.730197070689975
5013,25.1,32.676002502441406,59.0,0.0,19.9,5.8,25.07627473236572,32.62288241970972
5014,28.7,32.676002502441406,59.0,0.0,19.7,5.6,14.267219322217265,32.980165796665176
5015,25.1,32.676002502441406,59.0,0.0,20.3,6.1,11.633442005342413,28.590032601602726
5016,29.3,32.676002502441406,59.0,0.0,20.9,6.2,18.618184784743093,34.88545543542293
5017,29.1,32.676002502441406,59.0,0.0,19.5,5.8,23.412162230162792,36.12364866904884
5018,26.0,32.676002502441406,59.0,0.0,20.6,6.0,13.85532647338593,30.15659794201578
5019,25.5,32.676002502441406,59.0,0.0,19.7,5.9,11.265319479156625,28.879595843746987
5020,25.2,32.676002502441406,59.0,0.0,19.7,6.4,11.048958446213371,28.51468753386401
5021,26.6,32.676002502441406,59.0,0.0,20.8,6.2,20.296815782667743,32.689044734800326
5022,28.6,32.676002502441406,59.0,0.0,20.4,6.2,27.77116538121778,36.93134961436533
5023,26.6,32.676002502441406,59.0,0.0,19.9,6.1,24.532951197579855,33.959885359273954
5024,27.0,32.676002502441406,59.0,0.0,19.8,5.5,23.14940676311701,33.9448220289351
5025,25.7,32.676002502441406,59.0,0.0,21.0,6.1,23.293371074640437,32.68801132239213
5026,25.2,32.676002502441406,59.0,0.0,20.9,6.3,27.60090053363789,33.480270160091365
5027,28.7,32.676002502441406,59.0,0.0,20.8,6.3,20.463964970155864,34.83918949104676
5028,27.3,32.676002502441406,59.0,0.0,20.5,5.9,22.353830021354895,34.00614900640647
5029,27.9,32.676002502441406,59.0,0.0,20.8,5.7,15.928552460345653,32.67856573810369
5030,27.6,32.676002502441406,59.0,0.0,20.8,6.0,16.24766710036214,32.474300130108645
5031,26.9,32.676002502441406,59.0,0.0,19.3,5.9,14.105154345232915,31.131546303569873
5032,26.6,32.676002502441406,59.0,0.0,20.7,5.8,21.378669533889163,33.01360086016675
5033,26.8,32.676002502441406,59.0,0.0,20.5,5.6,11.026420798628125,30.107926239588437
5034,26.7,32.676002502441406,59.0,0.0,19.2,6.4,11.252521873992485,30.075756562197746
5035,28.5,32.676002502441406,59.0,0.0,20.1,6.4,22.83355765178706,35.35006729553612
5036,25.4,32.676002502441406,59.0,0.0,19.2,5.5,23.437477090527977,32.43124312715839
5037,29.8,32.676002502441406,59.0,0.0,19.7,6.4,19.013348680538517,35.50400460416156
5038,28.2,32.676002502441406,59.0,0.0,19.0,6.4,16.16894093506277,33.05068228051883
5039,27.3,32.676002502441406,59.0,0.0,20.2,5.7,21.00431099034399,33.6012932971032
5040,27.0,33.926002502441406,53.0,0.0,19.2,5.9,28.827520827754583,35.648256248326376
5041,27.0,33.926002502441406,53.0,0.0,19.4,6.0,11.79267314014245,30.537801942042734
5042,26.5,33.926002502441406,53.0,0.0,20.5,6.5,13.60973441707217,30.582920325121652
5043,25.1,33.926002502441406,53.0,0.0,20.2,6.0,20.732111710959842,31.319633513287954
5044,26.0,33.926002502441406,53.0,0.0,20.6,6.0,28.362335958370366,34.50870078751111
5045,26.8,33.926002502441406,53.0,0.0,20.6,6.0,13.983631905870656,30.9950895717612
5046,27.9,33.926002502441406,53.0,0.0,20.6,5.8,26.146756158540676,35.7440268475622
5047,27.2,33.926002502441406,53.0,0.0,19.6,5.7,13.342673375907594,31.202802012772278
5048,26.7,33.926002502441406,53.0,0.0,19.2,6.2,26.721297024693886,34.71638910740816
5049,26.5,33.926002502441406,53.0,0.0,19.0,5.7,15.370492022264413,31.111147606679324
5050,26.9,33.926002502441406,53.0,0.0,20.3,5.7,19.285441576049703,32.68563247281491
5051,27.6,33.926002502441406,53.0,0.0,19.8,5.8,26.3195994262771,35.49587982788313
5052,28.2,33.926002502441406,53.0,0.0,20.3,5.9,14.700726011879684,32.610217803563906
5053,27.7,33.926002502441406,53.0,0.0,20.3,6.2,27.945944358953373,36.08378330768601
5054,27.8,33.926002502441406,53.0,0.0,19.1,5.6,15.6269146493589,32.48807439480767
5055,25.6,33.926002502441406,53.0,0.0,20.1,6.1,27.072309313735943,33.721692794120784
5056,28.8,33.926002502441406,53.0,0.0,20.6,6.3,23.59062556457966,35.877187669373896
5057,28.6,33.926002502441406,53.0,0.0,19.2,6.5,22.00563500707178,35.20169050212154
5058,29.8,33.926002502441406,53.0,0.0,20.4,6.2,13.850021612906778,33.95500648387203
5059,27.2,33.926002502441406,53.0,0.0,19.0,5.6,16.465892729609536,32.13976781888286
5060,25.2,33.926002502441406,53.0,0.0,20.9,5.9,11.290233688710423,28.587070106613126
5061,27.8,33.926002502441406,53.0,0.0,20.0,6.5,28.17975157989537,36.25392547396861
5062,27.1,33.926002502441406,53.0,0.0,21.0,6.4,20.362908537682415,33.20887256130472
5063,26.6,33.926002502441406,53.0,0.0,19.3,5.8,24.78620326602133,34.0358609798064
5064,26.1,33.926002502441406,53.0,0.0,19.2,5.7,21.42173607268017,32.526520821804056
5065,27.8,33.926002502441406,53.0,0.0,20.5,5.9,24.282332775960207,35.08469983278806
5066,26.0,33.926002502441406,53.0,0.0,19.7,6.0,11.71986751095049,29.515960253285147
5067,25.9,33.926002502441406,53.0,0.0,20.2,6.0,22.078938928430198,32.52368167852906
5068,27.9,33.926002502441406,53.0,0.0,20.9,5.9,29.203045739590824,36.66091372187724
5069,28.5,33.926002502441406,53.0,0.0,19.9,6.0,11.67804205207576,32.00341261562273
5070,26.2,33.926002502441406,53.0,0.0,21.0,5.6,12.773141147077556,30.031942344123266
5071,26.0,33.926002502441406,53.0,0.0,19.4,6.4,24.0538163594439,33.21614490783317
5072,27.6,33.926002502441406,53.0,0.0,20.7,6.4,17.43572139987047,32.83071641996114
5073,28.3,33.926002502441406,53.0,0.0,19.6,5.9,20.854759531819774,34.556427859545934
5074,29.7,33.926002502441406,53.0,0.0,19.4,6.0,11.737974323130206,33.22139229693906
5075,25.6,33.926002502441406,53.0,0.0,20.7,6.3,27.756162507000862,33.926848752100256
5076,28.5,33.926002502441406,53.0,0.0,20.9,5.5,23.208440984456658,35.462532295337
5077,26.3,33.926002502441406,53.0,0.0,20.1,6.5,19.360070060130035,32.10802101803901
5078,25.7,33.926002502441406,53.0,0.0,19.2,5.5,14.466732920212348,30.040019876063702
5079,26.8,33.926002502441406,53.0,0.0,20.6,6.3,12.731630275006802,30.619489082502042
5080,28.3,33.926002502441406,53.0,0.0,20.5,5.7,29.790887053092778,37.23726611592784
5081,27.6,33.926002502441406,53.0,0.0,19.8,5.9,25.87852622278287,35.36355786683486
5082,28.5,33.926002502441406,53.0,0.0,20.1,5.8,24.277367760888065,35.78321032826642
5083,28.4,33.926002502441406,53.0,0.0,19.4,6.5,11.810778288967917,31.943233486690374
5084,28.2,33.926002502441406,53.0,0.0,20.0,6.4,12.66278228809604,31.99883468642881
5085,27.0,33.926002502441406,53.0,0.0,19.4,5.7,12.399348490977541,30.71980454729326
5086,29.4,33.926002502441406,53.0,0.0,19.9,6.1,27.31043594077079,37.593130782231235
5087,25.5,33.926002502441406,53.0,0.0,20.5,5.6,28.12995072098406,33.938985216295215
5088,29.5,33.926002502441406,53.0,0.0,20.2,6.3,23.795838827805333,36.6387516483416
5089,29.1,33.926002502441406,53.0,0.0,19.4,6.3,25.209922348441573,36.662976704532475
5090,26.2,33.926002502441406,53.0,0.0,20.6,6.1,28.074233406482882,34.622270021944864
5091,28.0,33.926002502441406,53.0,0.0,20.2,6.4,10.328069698992298,31.09842090969769
5092,29.7,33.926002502441406,53.0,0.0,19.3,5.5,20.534013586754927,35.86020407602648
5093,29.1,33.926002502441406,53.0,0.0,19.9,6.5,10.074485501978497,32.12234565059355
5094,28.0,33.926002502441406,53.0,0.0,19.6,6.3,21.638912042490766,34.49167361274723
5095,29.1,33.926002502441406,53.0,0.0,19.4,5.5,23.725024177193625,36.21750725315809
5096,29.4,33.926002502441406,53.0,0.0,21.0,6.0,19.876389193365476,35.36291675800964
5097,28.8,33.926002502441406,53.0,0.0,20.3,6.0,15.972566619939759,33.59176998598193
5098,27.6,33.926002502441406,53.0,0.0,20.5,5.8,29.60452376016417,36.481357128049254
5099,29.3,33.926002502441406,53.0,0.0,20.9,6.4,27.689361023598977,37.606808307079696
5100,27.0,34.97600173950195,49.0,0.0,19.0,6.1,26.53814412421617,34.96144323726485
5101,26.3,34.97600173950195,49.0,0.0,20.8,6.0,15.578482757731997,30.9735448273196
5102,27.5,34.97600173950195,49.0,0.0,19.9,6.3,28.535309309111497,36.060592792733445
5103,25.8,34.97600173950195,49.0,0.0,19.8,5.9,28.751421677912397,34.42542650337372
5104,26.5,34.97600173950195,49.0,0.0,19.7,6.0,24.691485629534064,33.90744568886022
5105,28.2,34.97600173950195,49.0,0.0,20.3,5.5,13.203666473419728,32.16109994202592
5106,28.1,34.97600173950195,49.0,0.0,20.0,5.7,24.65992489528228,35.497977468584686
5107,29.7,34.97600173950195,49.0,0.0,20.2,5.9,20.10577421877726,35.73173226563318
5108,26.0,34.97600173950195,49.0,0.0,19.2,5.6,27.912579680538418,34.373773904161524
5109,25.8,34.97600173950195,49.0,0.0,20.4,6.3,20.195972707457084,31.858791812237126
5110,29.4,34.97600173950195,49.0,0.0,19.0,6.4,29.97066640381756,38.391199921145265
5111,28.2,34.97600173950195,49.0,0.0,19.0,5.7,10.413997234260684,31.324199170278206
5112,29.7,34.97600173950195,49.0,0.0,19.6,5.5,22.368309067238663,36.4104927201716
5113,28.4,34.97600173950195,49.0,0.0,19.2,6.5,12.196464335936806,32.05893930078104
5114,28.8,34.97600173950195,49.0,0.0,20.6,5.7,15.20256094443198,33.36076828332959
5115,27.5,34.97600173950195,49.0,0.0,20.3,5.7,28.575689736584383,36.072706920975314
5116,27.6,34.97600173950195,49.0,0.0,19.2,5.7,11.089751622439803,30.926925486731943
5117,28.0,34.97600173950195,49.0,0.0,20.3,6.4,11.927757935870122,31.57832738076104
5118,25.2,34.97600173950195,49.0,0.0,20.5,6.3,10.731717362506581,28.419515208751974
5119,26.6,34.97600173950195,49.0,0.0,19.7,5.6,12.182102517822795,30.254630755346838
5120,28.5,34.97600173950195,49.0,0.0,20.6,5.8,11.163041034093489,31.848912310228048
5121,30.0,34.97600173950195,49.0,0.0,20.5,6.1,15.127743214584148,34.53832296437525
5122,25.6,34.97600173950195,49.0,0.0,19.6,5.6,27.175246024465892,33.75257380733977
5123,27.7,34.97600173950195,49.0,0.0,20.0,5.9,14.314909529998008,31.9944728589994
5124,29.7,34.97600173950195,49.0,0.0,19.6,5.6,21.489430475346722,36.14682914260402
5125,28.1,34.97600173950195,49.0,0.0,20.1,5.7,18.53113342224639,33.65934002667392
5126,28.1,34.97600173950195,49.0,0.0,19.8,6.2,10.519521647756736,31.255856494327023
5127,29.5,34.97600173950195,49.0,0.0,19.8,6.4,28.7137383950217,38.11412151850651
5128,25.7,34.97600173950195,49.0,0.0,19.8,5.9,10.984405593553808,28.99532167806614
5129,26.0,34.97600173950195,49.0,0.0,19.9,6.2,17.037025416064196,31.111107624819258
5130,26.8,34.97600173950195,49.0,0.0,20.7,5.9,16.2862569056363,31.68587707169089
5131,28.9,34.97600173950195,49.0,0.0,20.5,6.4,18.73325548287432,34.5199766448623
5132,25.8,34.97600173950195,49.0,0.0,20.5,6.2,24.919619201502456,33.275885760450734
5133,28.6,34.97600173950195,49.0,0.0,19.1,5.9,15.556586676294483,33.26697600288835
5134,26.0,34.97600173950195,49.0,0.0,20.5,5.7,21.797563685538286,32.53926910566149
5135,27.6,34.97600173950195,49.0,0.0,19.1,6.1,28.328690930448047,36.09860727913441
5136,28.4,34.97600173950195,49.0,0.0,19.9,6.3,22.00137007798619,35.000411023395856
5137,25.8,34.97600173950195,49.0,0.0,20.7,6.3,10.544212245397144,28.963263673619146
5138,29.8,34.97600173950195,49.0,0.0,20.4,5.7,17.528244443319213,35.05847333299577
5139,26.6,34.97600173950195,49.0,0.0,20.2,5.7,27.603509391455336,34.881052817436604
5140,26.8,34.97600173950195,49.0,0.0,20.8,6.0,18.13878422765804,32.241635268297415
5141,25.4,34.97600173950195,49.0,0.0,19.5,5.5,28.7580716408424,34.027421492252714
5142,25.2,34.97600173950195,49.0,0.0,20.2,5.5,12.359407515570894,28.907822254671267
5143,26.1,34.97600173950195,49.0,0.0,19.8,5.6,27.288463116292906,34.28653893488787
5144,26.3,34.97600173950195,49.0,0.0,19.9,5.6,28.039803414977786,34.711941024493335
5145,25.8,34.97600173950195,49.0,0.0,19.7,6.2,15.51388510639795,30.454165531919386
5146,27.0,34.97600173950195,49.0,0.0,19.9,6.0,20.63292803865218,33.18987841159566
5147,28.3,34.97600173950195,49.0,0.0,20.0,5.9,10.593295989579001,31.477988796873703
5148,27.1,34.97600173950195,49.0,0.0,19.1,5.9,14.965502767419267,31.589650830225782
5149,26.9,34.97600173950195,49.0,0.0,19.8,6.1,19.85429825697234,32.8562894770917
5150,25.8,34.97600173950195,49.0,0.0,19.1,5.6,25.42793630020796,33.428380890062385
5151,26.9,34.97600173950195,49.0,0.0,21.0,6.4,16.16409095174295,31.749227285522885
5152,27.7,34.97600173950195,49.0,0.0,20.2,5.7,22.604145260258306,34.48124357807749
5153,29.7,34.97600173950195,49.0,0.0,20.4,5.8,21.907101889487436,36.27213056684623
5154,26.5,34.97600173950195,49.0,0.0,20.5,5.7,28.599317048847475,35.079795114654246
5155,29.9,34.97600173950195,49.0,0.0,20.7,5.5,26.49532380545332,37.84859714163599
5156,28.3,34.97600173950195,49.0,0.0,19.2,5.9,11.307073467902423,31.692122040370727
5157,29.3,34.97600173950195,49.0,0.0,19.5,6.4,24.296012722230934,36.588803816669284
5158,27.9,34.97600173950195,49.0,0.0,19.5,5.8,29.40843485875387,36.72253045762616
5159,27.2,34.97600173950195,49.0,0.0,19.5,5.6,27.47844411455137,35.44353323436541
5160,27.2,35.72600173950195,45.0,0.0,19.1,6.4,24.301201522397893,34.490360456719365
5161,26.8,35.72600173950195,45.0,0.0,20.1,5.9,21.768715857754337,33.3306147573263
5162,29.4,35.72600173950195,45.0,0.0,20.5,6.0,25.767934647295178,37.13038039418855
5163,25.6,35.72600173950195,45.0,0.0,20.9,6.4,15.068792555785768,30.120637766735733
5164,29.0,35.72600173950195,45.0,0.0,20.3,5.8,26.77571916160456,37.032715748481365
5165,26.5,35.72600173950195,45.0,0.0,20.6,6.0,20.183136275098796,32.554940882529635
5166,26.0,35.72600173950195,45.0,0.0,20.8,6.2,17.045116217652,31.1135348652956
5167,27.8,35.72600173950195,45.0,0.0,19.9,6.1,13.627496507803158,31.88824895234095
5168,25.3,35.72600173950195,45.0,0.0,20.9,6.0,19.011875422458004,31.003562626737402
5169,27.0,35.72600173950195,45.0,0.0,19.8,5.6,27.166281202070373,35.149884360621115
5170,25.1,35.72600173950195,45.0,0.0,20.8,6.0,24.300437185472493,32.39013115564175
5171,28.7,35.72600173950195,45.0,0.0,19.5,6.2,28.5986967562647,37.27960902687941
5172,27.7,35.72600173950195,45.0,0.0,20.5,5.8,25.20176442878927,35.26052932863678
5173,26.5,35.72600173950195,45.0,0.0,20.6,6.3,14.505574932409251,30.851672479722776
5174,28.0,35.72600173950195,45.0,0.0,20.3,5.7,20.181566815348063,34.05447004460442
5175,28.5,35.72600173950195,45.0,0.0,20.3,6.4,22.651981590273834,35.29559447708215
5176,29.0,35.72600173950195,45.0,0.0,19.2,6.3,20.73032508158909,35.21909752447672
5177,27.1,35.72600173950195,45.0,0.0,19.3,6.0,10.507735134539747,30.252320540361925
5178,27.6,35.72600173950195,45.0,0.0,19.1,5.5,22.664683002123603,34.39940490063708
5179,28.2,35.72600173950195,45.0,0.0,19.9,6.4,14.72001685643143,32.616005056929424
5180,27.2,35.72600173950195,45.0,0.0,19.8,6.1,27.77513214354758,35.532539643064275
5181,26.0,35.72600173950195,45.0,0.0,20.4,6.3,22.92688781191481,32.878066343574446
5182,29.3,35.72600173950195,45.0,0.0,19.4,5.6,19.244702934843296,35.07341088045299
5183,26.8,35.72600173950195,45.0,0.0,19.2,6.1,16.889660670528503,31.866898201158552
5184,29.4,35.72600173950195,45.0,0.0,19.1,6.3,27.725247574880978,37.71757427246429
5185,26.1,35.72600173950195,45.0,0.0,20.3,5.7,21.02254556137656,32.40676366841297
5186,26.7,35.72600173950195,45.0,0.0,19.5,6.2,21.04012958957096,33.01203887687129
5187,27.2,35.72600173950195,45.0,0.0,19.2,6.3,24.31047496013069,34.493142488039204
5188,25.7,35.72600173950195,45.0,0.0,19.6,5.9,19.03908870885239,31.411726612655716
5189,29.8,35.72600173950195,45.0,0.0,19.9,5.9,17.21434594271207,34.96430378281362
5190,25.1,35.72600173950195,45.0,0.0,20.3,6.1,10.30833445683566,28.1925003370507
5191,26.2,35.72600173950195,45.0,0.0,19.9,6.1,28.558538094544193,34.76756142836326
5192,29.1,35.72600173950195,45.0,0.0,19.5,5.8,26.31853872032491,36.995561616097476
5193,27.5,35.72600173950195,45.0,0.0,20.0,6.2,12.857045792718454,31.357113737815535
5194,25.0,35.72600173950195,45.0,0.0,20.0,5.9,17.348381180921283,30.204514354276384
5195,28.1,35.72600173950195,45.0,0.0,19.7,5.6,16.920040644891568,33.17601219346747
5196,28.6,35.72600173950195,45.0,0.0,20.1,6.1,17.05022509977974,33.715067529933926
5197,28.7,35.72600173950195,45.0,0.0,19.4,6.1,23.346483944795708,35.70394518343871
5198,25.9,35.72600173950195,45.0,0.0,20.6,6.2,14.131422255740343,30.139426676722103
5199,27.7,35.72600173950195,45.0,0.0,19.6,6.0,11.523056846052441,31.156917053815732
5200,27.0,35.72600173950195,45.0,0.0,20.4,6.3,22.066488227644204,33.619946468293264
5201,26.8,35.72600173950195,45.0,0.0,20.9,6.4,23.698065905130797,33.90941977153924
5202,28.9,35.72600173950195,45.0,0.0,19.9,5.8,22.481055456217085,35.64431663686513
5203,27.1,35.72600173950195,45.0,0.0,19.7,6.3,12.387113802798238,30.816134140839473
5204,27.3,35.72600173950195,45.0,0.0,20.5,5.8,22.34042728199799,34.0021281845994
5205,26.2,35.72600173950195,45.0,0.0,19.3,6.1,21.614125302145375,32.68423759064361
5206,26.0,35.72600173950195,45.0,0.0,19.4,6.2,22.544213254037572,32.76326397621127
5207,26.4,35.72600173950195,45.0,0.0,20.9,6.4,12.966859164855318,30.290057749456594
5208,25.4,35.72600173950195,45.0,0.0,20.2,5.6,19.136792935117636,31.14103788053529
5209,26.2,35.72600173950195,45.0,0.0,19.6,5.8,18.48307501563556,31.744922504690667
5210,29.4,35.72600173950195,45.0,0.0,19.9,5.6,29.15806999914726,38.14742099974418
5211,25.6,35.72600173950195,45.0,0.0,21.0,6.2,16.810903579818614,30.643271073945584
5212,27.0,35.72600173950195,45.0,0.0,19.6,6.0,29.691491287904345,35.9074473863713
5213,29.9,35.72600173950195,45.0,0.0,20.2,5.9,10.065515554680555,32.91965466640416
5214,27.6,35.72600173950195,45.0,0.0,19.3,6.0,16.072074940272344,32.4216224820817
5215,28.4,35.72600173950195,45.0,0.0,19.0,6.4,12.976399347336711,32.29291980420101
5216,27.0,35.72600173950195,45.0,0.0,20.1,6.2,13.040669887696616,30.912200966308983
5217,28.4,35.72600173950195,45.0,0.0,20.2,5.8,21.606516466707347,34.8819549400122
5218,29.5,35.72600173950195,45.0,0.0,20.5,5.8,15.816135444873183,34.244840633461955
5219,26.5,35.72600173950195,45.0,0.0,20.0,5.8,28.437188560563918,35.03115656816917
5220,25.0,35.375999450683594,44.0,0.0,19.1,6.4,18.70766850277734,30.612300550833204
5221,28.9,35.375999450683594,44.0,0.0,20.4,6.4,19.386674943815496,34.71600248314465
5222,29.8,35.375999450683594,44.0,0.0,19.7,6.4,10.703128225229129,33.01093846756874
5223,28.8,35.375999450683594,44.0,0.0,19.8,6.0,11.216603838735391,32.164981151620616
5224,27.9,35.375999450683594,44.0,0.0,20.8,5.7,28.68874802857232,36.506624408571696
5225,28.4,35.375999450683594,44.0,0.0,20.6,6.2,26.726446287288,36.4179338861864
5226,29.8,35.375999450683594,44.0,0.0,20.9,6.0,22.933509837919747,36.68005295137593
5227,26.3,35.375999450683594,44.0,0.0,20.6,5.6,29.92054462952834,35.27616338885851
5228,27.0,35.375999450683594,44.0,0.0,20.9,6.0,12.216415278236362,30.664924583470906
5229,26.5,35.375999450683594,44.0,0.0,20.2,5.9,25.917552841074393,34.27526585232232
5230,28.6,35.375999450683594,44.0,0.0,20.9,5.6,16.33222349094978,33.49966704728494
5231,27.0,35.375999450683594,44.0,0.0,19.6,5.8,17.927628628770048,32.378288588631015
5232,27.7,35.375999450683594,44.0,0.0,19.6,5.7,24.03678509534042,34.91103552860213
5233,27.5,35.375999450683594,44.0,0.0,20.4,5.9,23.211003001612596,34.46330090048378
5234,25.1,35.375999450683594,44.0,0.0,20.2,5.6,13.215307677694213,29.064592303308267
5235,26.8,35.375999450683594,44.0,0.0,20.9,6.1,23.01350803375034,33.7040524101251
5236,29.7,35.375999450683594,44.0,0.0,19.5,5.7,13.051870832240711,33.61556124967221
5237,29.7,35.375999450683594,44.0,0.0,19.5,5.9,13.620327904997103,33.78609837149913
5238,25.8,35.375999450683594,44.0,0.0,20.8,6.4,28.00006376349403,34.20001912904821
5239,27.3,35.375999450683594,44.0,0.0,19.4,5.8,19.449166429482588,33.134749928844776
5240,28.3,35.375999450683594,44.0,0.0,20.9,5.7,29.19805850889145,37.05941755266743
5241,28.1,35.375999450683594,44.0,0.0,19.9,6.1,25.95995644714721,35.887986934144166
5242,25.5,35.375999450683594,44.0,0.0,20.0,5.7,12.155757966246734,29.14672738987402
5243,25.0,35.375999450683594,44.0,0.0,20.3,6.2,13.307153984492615,28.992146195347786
5244,29.6,35.375999450683594,44.0,0.0,19.2,6.1,17.34206181121092,34.80261854336328
5245,26.5,35.375999450683594,44.0,0.0,19.2,5.7,16.2081252178893,31.36243756536679
5246,26.0,35.375999450683594,44.0,0.0,19.4,5.8,12.20361689386518,29.661085068159554
5247,29.0,35.375999450683594,44.0,0.0,20.1,6.0,15.85600698839437,33.756802096518314
5248,27.2,35.375999450683594,44.0,0.0,20.6,5.6,14.437526318389633,31.531257895516887
5249,25.2,35.375999450683594,44.0,0.0,19.4,5.6,18.36345341742374,30.70903602522712
5250,25.9,35.375999450683594,44.0,0.0,21.0,5.8,10.614206663012842,29.08426199890385
5251,26.0,35.375999450683594,44.0,0.0,20.7,6.0,23.689895837814277,33.10696875134428
5252,27.2,35.375999450683594,44.0,0.0,19.1,6.0,29.053843878829436,35.91615316364883
5253,29.5,35.375999450683594,44.0,0.0,19.3,6.4,27.35955690129931,37.707867070389796
5254,29.7,35.375999450683594,44.0,0.0,19.7,6.2,10.476561268920698,32.84296838067621
5255,25.1,35.375999450683594,44.0,0.0,19.3,6.2,28.598160332866698,33.67944809986001
5256,26.6,35.375999450683594,44.0,0.0,19.3,6.4,14.344197977137709,30.90325939314131
5257,29.3,35.375999450683594,44.0,0.0,19.1,5.7,11.226924258548326,32.6680772775645
5258,25.5,35.375999450683594,44.0,0.0,20.0,6.0,10.842222879571866,28.75266686387156
5259,28.6,35.375999450683594,44.0,0.0,19.2,5.6,24.53139369368058,35.959418108104174
5260,25.4,35.375999450683594,44.0,0.0,20.7,5.8,20.4117572369313,31.523527171079387
5261,28.2,35.375999450683594,44.0,0.0,19.7,5.9,12.708966034428922,32.01268981032867
5262,29.6,35.375999450683594,44.0,0.0,19.3,5.9,21.61050605755205,36.083151817265616
5263,29.5,35.375999450683594,44.0,0.0,20.9,5.5,27.005592005591136,37.60167760167734
5264,26.1,35.375999450683594,44.0,0.0,19.7,6.4,18.036944600011154,31.51108338000335
5265,27.8,35.375999450683594,44.0,0.0,19.9,6.3,23.423696685991757,34.827109005797524
5266,29.9,35.375999450683594,44.0,0.0,20.1,6.0,22.63347713229919,36.690043139689756
5267,29.4,35.375999450683594,44.0,0.0,19.9,5.8,25.872667925036538,37.16180037751096
5268,25.1,35.375999450683594,44.0,0.0,20.4,5.9,11.558544998074813,28.567563499422445
5269,26.8,35.375999450683594,44.0,0.0,20.8,5.6,13.638115504901581,30.891434651470476
5270,29.5,35.375999450683594,44.0,0.0,19.9,6.3,19.29310222194166,35.2879306665825
5271,28.1,35.375999450683594,44.0,0.0,20.3,6.3,16.715039582894775,33.114511874868434
5272,25.0,35.375999450683594,44.0,0.0,20.6,5.7,27.60185819496327,33.28055745848898
5273,28.0,35.375999450683594,44.0,0.0,20.7,6.0,21.430378615126127,34.42911358453784
5274,29.8,35.375999450683594,44.0,0.0,20.1,5.6,10.484775893207225,32.94543276796217
5275,27.6,35.375999450683594,44.0,0.0,19.0,6.3,18.090531483350553,33.02715944500517
5276,29.8,35.375999450683594,44.0,0.0,19.4,6.3,14.635787875621556,34.190736362686465
5277,26.0,35.375999450683594,44.0,0.0,20.5,5.6,20.382114589911264,32.11463437697338
5278,25.2,35.375999450683594,44.0,0.0,20.2,6.4,17.581122302942727,30.47433669088282
5279,26.4,35.375999450683594,44.0,0.0,21.0,6.3,16.368848178537945,31.310654453561384
5280,28.3,34.926002502441406,46.0,0.0,20.0,5.7,15.179529078650702,32.85385872359521
5281,29.6,34.926002502441406,46.0,0.0,20.3,5.8,14.453576254193353,33.93607287625801
5282,27.5,34.926002502441406,46.0,0.0,20.6,6.1,19.102115447198543,33.230634634159564
5283,25.7,34.926002502441406,46.0,0.0,19.4,6.2,23.362299861887315,32.7086899585662
5284,25.5,34.926002502441406,46.0,0.0,20.3,5.8,13.588438723682852,29.576531617104855
5285,28.8,34.926002502441406,46.0,0.0,19.4,6.2,23.98300761921189,35.994902285763565
5286,26.7,34.926002502441406,46.0,0.0,20.6,5.8,25.190368304111953,34.25711049123358
5287,28.5,34.926002502441406,46.0,0.0,19.4,6.0,14.392539982077055,32.81776199462312
5288,26.6,34.926002502441406,46.0,0.0,20.6,6.4,15.795672013297516,31.338701603989257
5289,25.8,34.926002502441406,46.0,0.0,19.9,6.2,22.024639376042053,32.40739181281262
5290,25.4,34.926002502441406,46.0,0.0,19.2,5.6,29.263299794321398,34.17898993829642
5291,26.7,34.926002502441406,46.0,0.0,20.4,5.7,10.375984052114202,29.81279521563426
5292,26.8,34.926002502441406,46.0,0.0,20.1,6.5,12.20132513224761,30.460397539674283
5293,25.6,34.926002502441406,46.0,0.0,19.8,6.0,19.278477710477468,31.383543313143242
5294,25.8,34.926002502441406,46.0,0.0,20.2,5.8,14.474779830434523,30.142433949130357
5295,26.9,34.926002502441406,46.0,0.0,20.1,5.9,24.45691770298346,34.23707531089504
5296,29.7,34.926002502441406,46.0,0.0,19.5,5.9,28.208942067771872,38.16268262033156
5297,27.4,34.926002502441406,46.0,0.0,19.6,5.8,10.944551674625675,30.6833655023877
5298,29.0,34.926002502441406,46.0,0.0,19.9,6.0,26.16189968510338,36.848569905531015
5299,25.5,34.926002502441406,46.0,0.0,20.1,5.8,13.535275414402939,29.56058262432088
5300,25.0,34.926002502441406,46.0,0.0,19.6,6.0,24.468292821391557,32.34048784641747
5301,26.6,34.926002502441406,46.0,0.0,20.6,6.4,17.998256531406923,31.99947695942208
5302,27.4,34.926002502441406,46.0,0.0,19.6,5.8,10.330346514646072,30.49910395439382
5303,28.1,34.926002502441406,46.0,0.0,19.8,6.3,29.130748061226377,36.83922441836791
5304,25.3,34.926002502441406,46.0,0.0,20.9,6.1,17.90236985937965,30.670710957813895
5305,25.3,34.926002502441406,46.0,0.0,20.6,5.7,27.23258130989149,33.46977439296745
5306,26.3,34.926002502441406,46.0,0.0,20.8,6.4,24.050093969176118,33.51502819075284
5307,25.1,34.926002502441406,46.0,0.0,20.0,5.8,17.70623920156708,30.411871760470124
5308,29.4,34.926002502441406,46.0,0.0,19.5,5.6,20.407072596333542,35.52212177890006
5309,28.4,34.926002502441406,46.0,0.0,19.9,6.4,12.378325108252334,32.1134975324757
5310,27.7,34.926002502441406,46.0,0.0,20.6,6.0,25.87186127364488,35.461558382093465
5311,27.9,34.926002502441406,46.0,0.0,19.5,5.6,12.782659145476279,31.734797743642883
5312,27.4,34.926002502441406,46.0,0.0,21.0,5.5,11.60738823184218,30.882216469552652
5313,29.3,34.926002502441406,46.0,0.0,19.2,6.4,25.45004272924139,36.93501281877242
5314,29.5,34.926002502441406,46.0,0.0,19.5,6.2,29.670279062214135,38.40108371866424
5315,28.9,34.926002502441406,46.0,0.0,20.8,6.2,22.55100768357307,35.66530230507192
5316,29.2,34.926002502441406,46.0,0.0,19.1,6.2,17.50008779543437,34.45002633863031
5317,29.6,34.926002502441406,46.0,0.0,20.8,6.1,28.34754788240357,38.104264364721075
5318,29.0,34.926002502441406,46.0,0.0,20.9,6.4,12.190328606887586,32.657098582066276
5319,25.9,34.926002502441406,46.0,0.0,20.3,6.4,16.16349364447409,30.749048093342225
5320,26.2,34.926002502441406,46.0,0.0,20.4,5.9,26.796153611185247,34.238846083355575
5321,25.5,34.926002502441406,46.0,0.0,20.5,6.1,15.77312581464348,30.231937744393043
5322,26.3,34.926002502441406,46.0,0.0,20.2,6.1,20.79061982811415,32.53718594843424
5323,28.9,34.926002502441406,46.0,0.0,19.7,6.3,29.64810696494068,37.7944320894822
5324,28.7,34.926002502441406,46.0,0.0,20.1,5.5,12.823302378709407,32.54699071361282
5325,26.2,34.926002502441406,46.0,0.0,20.3,6.2,16.239168403854904,31.07175052115647
5326,27.8,34.926002502441406,46.0,0.0,19.8,5.9,19.146006915204886,33.54380207456147
5327,29.7,34.926002502441406,46.0,0.0,20.4,6.3,26.37029380317704,37.611088140953115
5328,28.1,34.926002502441406,46.0,0.0,20.9,6.0,21.717872336508066,34.61536170095242
5329,26.2,34.926002502441406,46.0,0.0,19.3,5.5,17.866473595524948,31.559942078657485
5330,25.0,34.926002502441406,46.0,0.0,19.0,5.7,27.65111633308432,33.295334899925294
5331,25.8,34.926002502441406,46.0,0.0,20.7,6.4,20.875986778003856,32.062796033401156
5332,28.2,34.926002502441406,46.0,0.0,20.8,6.3,14.668567857224584,32.60057035716737
5333,26.9,34.926002502441406,46.0,0.0,20.1,5.6,24.866537878160777,34.359961363448235
5334,27.5,34.926002502441406,46.0,0.0,20.5,5.8,11.991311331940098,31.097393399582028
5335,25.2,34.926002502441406,46.0,0.0,20.0,6.1,18.538695371780104,30.76160861153403
5336,28.7,34.926002502441406,46.0,0.0,19.1,6.5,22.947936645066676,35.58438099352
5337,27.5,34.926002502441406,46.0,0.0,19.4,6.1,21.94348361958801,34.08304508587641
5338,29.4,34.926002502441406,46.0,0.0,20.7,6.1,29.236445770026602,38.17093373100798
5339,27.9,34.926002502441406,46.0,0.0,19.9,6.2,10.37528028424921,31.01258408527476
5340,28.5,34.47600173950195,47.0,0.0,21.0,6.5,10.359004614315863,31.60770138429476
5341,26.7,34.47600173950195,47.0,0.0,20.3,6.1,26.12331045519172,34.53699313655751
5342,25.2,34.47600173950195,47.0,0.0,19.9,6.4,29.322926107773455,33.99687783233203
5343,28.4,34.47600173950195,47.0,0.0,20.8,6.2,11.072317824735453,31.721695347420635
5344,29.1,34.47600173950195,47.0,0.0,20.2,6.0,29.760814633326138,38.028244389997845
5345,27.3,34.47600173950195,47.0,0.0,20.0,5.7,29.93675315453132,36.28102594635939
5346,25.1,34.47600173950195,47.0,0.0,20.1,6.4,11.88739926522473,28.66621977956742
5347,28.2,34.47600173950195,47.0,0.0,20.7,5.8,10.492451560269709,31.347735468080913
5348,27.2,34.47600173950195,47.0,0.0,19.3,6.4,19.029610576405524,32.908883172921655
5349,26.1,34.47600173950195,47.0,0.0,19.4,5.6,18.057550330227492,31.517265099068247
5350,27.8,34.47600173950195,47.0,0.0,19.7,5.7,17.882574247947993,33.1647722743844
5351,29.3,34.47600173950195,47.0,0.0,19.3,5.7,12.725683213111335,33.1177049639334
5352,29.6,34.47600173950195,47.0,0.0,20.1,6.0,10.696109230848883,32.808832769254664
5353,28.1,34.47600173950195,47.0,0.0,20.1,5.8,17.20114967284359,33.26034490185308
5354,27.1,34.47600173950195,47.0,0.0,19.4,5.8,17.153749837008448,32.24612495110254
5355,26.2,34.47600173950195,47.0,0.0,19.5,6.3,12.861402002402935,30.05842060072088
5356,28.6,34.47600173950195,47.0,0.0,20.9,6.1,10.684694856318481,31.805408456895545
5357,27.8,34.47600173950195,47.0,0.0,19.6,5.9,23.519848299642884,34.855954489892866
5358,27.8,34.47600173950195,47.0,0.0,19.9,5.7,27.38668072620433,36.0160042178613
5359,29.2,34.47600173950195,47.0,0.0,20.1,5.8,13.780952361675368,33.33428570850261
5360,27.8,34.47600173950195,47.0,0.0,20.9,5.7,23.406145970472494,34.821843791141745
5361,25.5,34.47600173950195,47.0,0.0,19.5,5.9,29.98218059936823,34.49465417981047
5362,27.0,34.47600173950195,47.0,0.0,19.9,6.1,22.45406506679893,33.736219520039676
5363,29.8,34.47600173950195,47.0,0.0,19.8,5.9,20.678943218621797,36.00368296558654
5364,28.5,34.47600173950195,47.0,0.0,19.9,5.9,21.676190265800983,35.002857079740295
5365,27.9,34.47600173950195,47.0,0.0,19.8,5.6,19.63246907671968,33.7897407230159
5366,25.2,34.47600173950195,47.0,0.0,20.9,6.2,22.141853006979133,31.84255590209374
5367,28.5,34.47600173950195,47.0,0.0,20.8,5.7,25.75859340554316,36.22757802166295
5368,28.3,34.47600173950195,47.0,0.0,19.5,6.3,28.51404293888993,36.85421288166698
5369,27.2,34.47600173950195,47.0,0.0,20.2,6.1,16.748162229657545,32.22444866889726
5370,26.7,34.47600173950195,47.0,0.0,20.3,6.1,10.7926282615823,29.93778847847469
5371,25.4,34.47600173950195,47.0,0.0,20.8,5.6,18.806392087119512,31.041917626135852
5372,29.1,34.47600173950195,47.0,0.0,20.8,5.7,23.199169784288973,36.059750935286694
5373,29.2,34.47600173950195,47.0,0.0,20.1,6.2,27.823243352848575,37.54697300585457
5374,25.3,34.47600173950195,47.0,0.0,19.5,5.9,10.014042426661376,28.304212727998415
5375,29.6,34.47600173950195,47.0,0.0,19.6,6.3,16.72665698800479,34.61799709640144
5376,29.0,34.47600173950195,47.0,0.0,19.8,6.1,13.881401100597925,33.164420330179375
5377,27.9,34.47600173950195,47.0,0.0,19.1,5.8,12.176956492623177,31.55308694778695
5378,27.7,34.47600173950195,47.0,0.0,20.4,6.1,14.438629464789763,32.03158883943693
5379,29.4,34.47600173950195,47.0,0.0,19.1,6.1,10.3575307336893,32.50725922010679
5380,25.6,34.47600173950195,47.0,0.0,20.2,5.7,20.374145775196776,31.712243732559035
5381,26.4,34.47600173950195,47.0,0.0,20.5,6.2,29.36868658326571,35.210605974979714
5382,25.5,34.47600173950195,47.0,0.0,20.6,6.0,18.63543018848255,31.090629056544763
5383,28.2,34.47600173950195,47.0,0.0,19.0,6.2,20.999290545747073,34.49978716372412
5384,28.3,34.47600173950195,47.0,0.0,19.4,6.4,24.620415538410434,35.68612466152313
5385,26.4,34.47600173950195,47.0,0.0,19.9,6.1,19.88977965999952,32.36693389799986
5386,25.2,34.47600173950195,47.0,0.0,20.6,5.7,20.803551810221784,31.441065543066536
5387,27.0,34.47600173950195,47.0,0.0,19.8,5.9,11.050196419345511,30.315058925803655
5388,28.3,34.47600173950195,47.0,0.0,19.2,5.9,17.741818994769933,33.62254569843098
5389,28.3,34.47600173950195,47.0,0.0,19.5,5.7,14.255044690052202,32.57651340701566
5390,28.1,34.47600173950195,47.0,0.0,20.9,5.9,12.933455616050454,31.980036684815136
5391,27.5,34.47600173950195,47.0,0.0,19.2,5.9,14.97189124353925,31.991567373061777
5392,27.0,34.47600173950195,47.0,0.0,19.6,5.9,25.548504953623443,34.664551486087035
5393,27.0,34.47600173950195,47.0,0.0,19.9,6.4,11.40871108265394,30.42261332479618
5394,27.4,34.47600173950195,47.0,0.0,19.2,6.3,13.433310302439612,31.429993090731884
5395,25.1,34.47600173950195,47.0,0.0,19.4,6.4,25.45127009844946,32.735381029534835
5396,25.5,34.47600173950195,47.0,0.0,19.0,6.1,27.471000584149753,33.74130017524492
5397,25.0,34.47600173950195,47.0,0.0,20.2,6.4,22.206824676149164,31.66204740284475
5398,29.1,34.47600173950195,47.0,0.0,19.5,5.6,12.68391506751933,32.9051745202558
5399,27.7,34.47600173950195,47.0,0.0,19.6,6.0,27.10031437293816,35.830094311881446
5400,27.1,33.125999450683594,50.0,0.0,19.4,5.8,27.012714015443343,35.203814204633005
5401,27.8,33.125999450683594,50.0,0.0,20.5,6.3,29.920308525557353,36.776092557667205
5402,28.0,33.125999450683594,50.0,0.0,19.1,5.6,25.788064657460254,35.73641939723807
5403,27.3,33.125999450683594,50.0,0.0,20.2,5.5,15.568635252645675,31.970590575793704
5404,29.6,33.125999450683594,50.0,0.0,20.1,5.7,22.087248854854717,36.226174656456415
5405,29.4,33.125999450683594,50.0,0.0,20.2,5.9,21.238784741343856,35.77163542240316
5406,25.9,33.125999450683594,50.0,0.0,20.6,5.6,14.970613907109843,30.391184172132952
5407,27.2,33.125999450683594,50.0,0.0,20.3,5.6,17.383856357370153,32.41515690721104
5408,28.3,33.125999450683594,50.0,0.0,19.0,6.5,11.603253329254304,31.78097599877629
5409,27.6,33.125999450683594,50.0,0.0,19.5,6.1,17.41044616839869,32.82313385051961
5410,27.6,33.125999450683594,50.0,0.0,20.4,6.4,18.502186180213556,33.15065585406407
5411,29.1,33.125999450683594,50.0,0.0,20.1,5.7,20.21640820284502,35.164922460853504
5412,27.9,33.125999450683594,50.0,0.0,20.6,6.5,24.736371643696618,35.32091149310898
5413,28.5,33.125999450683594,50.0,0.0,20.4,5.6,24.048268617173775,35.71448058515213
5414,27.6,33.125999450683594,50.0,0.0,19.9,6.1,18.28215059441119,33.084645178323356
5415,25.2,33.125999450683594,50.0,0.0,20.1,6.5,26.940028347593778,33.28200850427813
5416,25.7,33.125999450683594,50.0,0.0,20.6,5.9,21.15310664955457,32.04593199486637
5417,29.4,33.125999450683594,50.0,0.0,20.6,6.1,17.64144676325379,34.69243402897614
5418,27.0,33.125999450683594,50.0,0.0,19.5,6.2,13.990463732742068,31.19713911982262
5419,27.1,33.125999450683594,50.0,0.0,20.3,5.9,28.94197073614378,35.78259122084314
5420,26.4,33.125999450683594,50.0,0.0,19.2,5.6,11.641759022715465,29.89252770681464
5421,25.9,33.125999450683594,50.0,0.0,20.9,5.7,23.12211840427411,32.83663552128223
5422,29.9,33.125999450683594,50.0,0.0,20.4,5.5,21.006714122005416,36.20201423660162
5423,25.1,33.125999450683594,50.0,0.0,19.8,6.4,15.146984310904323,29.6440952932713
5424,25.2,33.125999450683594,50.0,0.0,19.5,5.8,23.69630946251987,32.30889283875596
5425,26.6,33.125999450683594,50.0,0.0,20.6,6.0,19.196566156628634,32.35896984698859
5426,28.4,33.125999450683594,50.0,0.0,19.1,6.4,21.24920478700897,34.77476143610269
5427,26.4,33.125999450683594,50.0,0.0,20.5,6.3,14.270543695566127,30.681163108669836
5428,28.0,33.125999450683594,50.0,0.0,19.0,5.6,19.166183269072356,33.74985498072171
5429,28.7,33.125999450683594,50.0,0.0,19.2,5.9,16.901734718751726,33.77052041562552
5430,26.1,33.125999450683594,50.0,0.0,19.3,6.3,13.043100862883069,30.012930258864923
5431,27.0,33.125999450683594,50.0,0.0,20.8,6.0,28.154821888892577,35.446446566667774
5432,29.9,33.125999450683594,50.0,0.0,19.3,6.3,27.270862981963546,38.08125889458906
5433,26.6,33.125999450683594,50.0,0.0,19.5,6.4,28.65980684444654,35.19794205333396
5434,26.6,33.125999450683594,50.0,0.0,19.1,6.5,23.844237602521527,33.75327128075646
5435,28.0,33.125999450683594,50.0,0.0,20.4,6.3,20.421132623135264,34.12633978694058
5436,27.9,33.125999450683594,50.0,0.0,20.3,5.6,20.91647023542066,34.1749410706262
5437,30.0,33.125999450683594,50.0,0.0,20.2,6.1,26.48323818290229,37.94497145487069
5438,26.8,33.125999450683594,50.0,0.0,19.9,5.5,22.238412901099704,33.47152387032991
5439,25.3,33.125999450683594,50.0,0.0,20.5,5.6,19.457989215283007,31.137396764584903
5440,25.6,33.125999450683594,50.0,0.0,20.0,5.6,23.099955369631758,32.52998661088953
5441,29.0,33.125999450683594,50.0,0.0,20.3,6.4,17.681243709060816,34.304373112718245
5442,27.1,33.125999450683594,50.0,0.0,20.5,6.1,20.716459900348358,33.31493797010451
5443,26.9,33.125999450683594,50.0,0.0,20.9,6.5,11.74786766650989,30.424360299952966
5444,26.7,33.125999450683594,50.0,0.0,20.6,5.8,11.282599222329697,30.084779766698908
5445,25.2,33.125999450683594,50.0,0.0,19.6,6.5,10.632358397895597,28.389707519368677
5446,28.8,33.125999450683594,50.0,0.0,19.3,6.0,20.394299965639764,34.91828998969193
5447,28.7,33.125999450683594,50.0,0.0,21.0,5.8,17.45883391012112,33.93765017303633
5448,29.4,33.125999450683594,50.0,0.0,20.4,6.1,26.648782518658777,37.39463475559763
5449,26.6,33.125999450683594,50.0,0.0,19.9,6.4,23.541031011923273,33.66230930357698
5450,27.2,33.125999450683594,50.0,0.0,20.4,6.2,21.38302945282144,33.61490883584643
5451,26.6,33.125999450683594,50.0,0.0,19.8,5.7,17.79387666458923,31.93816299937677
5452,26.6,33.125999450683594,50.0,0.0,19.6,6.4,19.116048843813225,32.334814653143965
5453,26.6,33.125999450683594,50.0,0.0,20.0,6.0,18.39355544938663,32.11806663481599
5454,25.4,33.125999450683594,50.0,0.0,19.6,6.0,14.199715594518196,29.659914678355456
5455,28.6,33.125999450683594,50.0,0.0,20.6,6.1,18.862225335674154,34.258667600702246
5456,28.2,33.125999450683594,50.0,0.0,19.8,6.2,13.848185983885585,32.35445579516568
5457,27.9,33.125999450683594,50.0,0.0,20.4,5.6,10.460281294071628,31.03808438822149
5458,29.4,33.125999450683594,50.0,0.0,19.5,6.2,10.135099877589493,32.440529963276845
5459,29.9,33.125999450683594,50.0,0.0,19.9,6.2,24.63703242481829,37.29110972744549
5460,27.0,30.97599983215332,66.0,0.0,19.5,6.3,29.71739037028844,35.915217111086534
5461,28.6,30.97599983215332,66.0,0.0,19.6,6.5,12.672266115584057,32.40167983467522
5462,29.9,30.97599983215332,66.0,0.0,19.2,5.5,12.83915355038446,33.751746065115334
5463,28.4,30.97599983215332,66.0,0.0,19.9,6.3,17.212508229785207,33.56375246893556
5464,29.5,30.97599983215332,66.0,0.0,20.2,6.1,28.727736418381365,38.11832092551441
5465,26.8,30.97599983215332,66.0,0.0,19.3,6.0,27.351604133230175,35.00548123996905
5466,25.5,30.97599983215332,66.0,0.0,19.7,6.0,21.127507401703586,31.838252220511077
5467,29.8,30.97599983215332,66.0,0.0,19.2,6.3,14.314343856769602,34.09430315703088
5468,26.3,30.97599983215332,66.0,0.0,20.0,5.8,15.326158024848201,30.89784740745446
5469,26.3,30.97599983215332,66.0,0.0,20.7,6.4,23.758767851252696,33.42763035537581
5470,29.4,30.97599983215332,66.0,0.0,19.8,5.6,24.43255518947671,36.72976655684301
5471,25.6,30.97599983215332,66.0,0.0,19.6,6.2,22.879557809598193,32.46386734287946
5472,25.7,30.97599983215332,66.0,0.0,20.6,5.5,28.367771504063203,34.21033145121896
5473,26.2,30.97599983215332,66.0,0.0,19.5,5.6,26.076412499044945,34.022923749713485
5474,29.8,30.97599983215332,66.0,0.0,20.9,6.2,26.441650989810896,37.73249529694327
5475,27.5,30.97599983215332,66.0,0.0,20.2,6.5,24.970242960212207,34.99107288806366
5476,29.1,30.97599983215332,66.0,0.0,20.9,6.4,22.127429623109194,35.73822888693276
5477,26.7,30.97599983215332,66.0,0.0,19.9,6.2,19.6344796273489,32.59034388820467
5478,28.4,30.97599983215332,66.0,0.0,19.2,5.5,15.046647988973929,32.913994396692175
5479,28.0,30.97599983215332,66.0,0.0,19.2,5.9,23.88757552409945,35.16627265722983
5480,28.9,30.97599983215332,66.0,0.0,21.0,6.0,13.662986211156941,32.99889586334708
5481,29.9,30.97599983215332,66.0,0.0,20.5,5.9,22.403008370421368,36.62090251112641
5482,28.4,30.97599983215332,66.0,0.0,20.2,6.3,16.20243294103059,33.26072988230918
5483,28.6,30.97599983215332,66.0,0.0,19.4,6.1,16.45635255353237,33.53690576605971
5484,29.4,30.97599983215332,66.0,0.0,20.5,6.2,28.849476621296148,38.05484298638884
5485,28.9,30.97599983215332,66.0,0.0,20.6,5.6,28.89846431898325,37.56953929569497
5486,25.1,30.97599983215332,66.0,0.0,19.3,6.0,12.587665661740841,28.876299698522253
5487,25.2,30.97599983215332,66.0,0.0,19.5,5.5,12.193528487020814,28.858058546106243
5488,26.1,30.97599983215332,66.0,0.0,19.8,6.1,21.707439145056636,32.61223174351699
5489,25.1,30.97599983215332,66.0,0.0,19.1,6.5,12.858231021937916,28.957469306581377
5490,28.3,30.97599983215332,66.0,0.0,20.2,5.7,22.531958807137144,35.059587642141146
5491,27.3,30.97599983215332,66.0,0.0,19.1,5.5,21.14690473853008,33.644071421559026
5492,28.8,30.97599983215332,66.0,0.0,19.2,5.6,16.96626325753624,33.88987897726087
5493,29.8,30.97599983215332,66.0,0.0,19.2,5.6,29.99127258006811,38.79738177402044
5494,26.3,30.97599983215332,66.0,0.0,20.2,6.4,29.48765429270614,35.14629628781184
5495,29.9,30.97599983215332,66.0,0.0,19.5,6.4,18.733848857557604,35.52015465726728
5496,28.8,30.97599983215332,66.0,0.0,19.3,5.9,19.726916187771785,34.71807485633153
5497,26.1,30.97599983215332,66.0,0.0,20.0,6.0,23.714495770243964,33.21434873107319
5498,29.0,30.97599983215332,66.0,0.0,20.8,5.6,23.131289279911307,35.93938678397339
5499,28.4,30.97599983215332,66.0,0.0,19.6,6.0,24.05618136977438,35.61685441093231
5500,26.7,30.97599983215332,66.0,0.0,19.9,6.2,11.703269378578936,30.21098081357368
5501,27.4,30.97599983215332,66.0,0.0,20.9,5.9,18.255420283496413,32.876626085048926
5502,28.7,30.97599983215332,66.0,0.0,20.5,5.7,21.51071267105887,35.15321380131766
5503,28.2,30.97599983215332,66.0,0.0,19.1,6.1,25.947357766299657,35.9842073298899
5504,29.6,30.97599983215332,66.0,0.0,20.9,6.2,28.22685623435038,38.068056870305114
5505,28.2,30.97599983215332,66.0,0.0,19.8,5.9,11.681440690489204,31.70443220714676
5506,26.7,30.97599983215332,66.0,0.0,19.3,5.7,12.024428416336313,30.307328524900893
5507,28.5,30.97599983215332,66.0,0.0,20.8,5.6,21.805847069401743,35.04175412082052
5508,26.5,30.97599983215332,66.0,0.0,19.3,6.4,24.267733129346468,33.78031993880394
5509,27.7,30.97599983215332,66.0,0.0,20.0,5.6,29.429859124044587,36.528957737213375
5510,27.7,30.97599983215332,66.0,0.0,20.6,5.9,22.538320516423394,34.46149615492702
5511,25.1,30.97599983215332,66.0,0.0,19.5,5.8,22.52861380410811,31.858584141232434
5512,26.7,30.97599983215332,66.0,0.0,20.5,6.0,13.763919311740963,30.82917579352229
5513,28.0,30.97599983215332,66.0,0.0,19.0,5.9,11.402434916376185,31.420730474912855
5514,28.1,30.97599983215332,66.0,0.0,20.8,6.5,19.930953868496577,34.079286160548975
5515,26.0,30.97599983215332,66.0,0.0,19.8,5.7,19.483241753790363,31.84497252613711
5516,28.4,30.97599983215332,66.0,0.0,20.0,6.2,21.731105462245885,34.91933163867377
5517,26.6,30.97599983215332,66.0,0.0,20.7,6.0,17.29143079265639,31.787429237796918
5518,27.1,30.97599983215332,66.0,0.0,20.8,6.0,26.705853946295598,35.11175618388868
5519,25.8,30.97599983215332,66.0,0.0,19.7,5.7,21.71169247128947,32.31350774138684
5520,26.4,29.72599983215332,74.0,0.0,19.6,5.9,12.1600908755566,30.048027262666977
5521,27.4,29.72599983215332,74.0,0.0,19.6,6.1,27.913132754732025,35.77393982641961
5522,26.9,29.72599983215332,74.0,0.0,19.7,5.7,13.799544972457124,31.039863491737137
5523,27.4,29.72599983215332,74.0,0.0,20.1,6.2,21.026113817529083,33.70783414525872
5524,25.5,29.72599983215332,74.0,0.0,19.0,5.5,24.692728990075288,32.907818697022584
5525,28.0,29.72599983215332,74.0,0.0,21.0,6.2,20.224328209728164,34.06729846291845
5526,25.4,29.72599983215332,74.0,0.0,20.6,5.7,19.66848540602186,31.300545621806556
5527,27.1,29.72599983215332,74.0,0.0,19.6,6.1,21.56060070411348,33.56818021123404
5528,26.3,29.72599983215332,74.0,0.0,20.5,5.7,15.277840528519722,30.883352158555915
5529,27.6,29.72599983215332,74.0,0.0,19.8,6.1,16.797940248256083,32.63938207447683
5530,29.3,29.72599983215332,74.0,0.0,20.2,6.1,28.71649516810062,37.91494855043019
5531,25.3,29.72599983215332,74.0,0.0,19.1,6.2,26.968580484909698,33.39057414547291
5532,25.7,29.72599983215332,74.0,0.0,20.3,6.4,28.4689618781147,34.24068856343441
5533,27.3,29.72599983215332,74.0,0.0,19.7,6.3,18.205310559668888,32.76159316790067
5534,25.9,29.72599983215332,74.0,0.0,20.7,6.3,19.55908016037953,31.767724048113855
5535,27.0,29.72599983215332,74.0,0.0,20.1,5.8,25.309305623104123,34.592791686931236
5536,27.6,29.72599983215332,74.0,0.0,20.3,6.4,23.721943443562242,34.71658303306867
5537,28.3,29.72599983215332,74.0,0.0,20.6,6.4,23.895453600955904,35.46863608028677
5538,29.2,29.72599983215332,74.0,0.0,21.0,6.3,13.525791328752693,33.25773739862581
5539,26.8,29.72599983215332,74.0,0.0,19.0,6.5,23.362431043681674,33.8087293131045
5540,27.4,29.72599983215332,74.0,0.0,21.0,5.6,26.94115395596672,35.48234618679001
5541,27.8,29.72599983215332,74.0,0.0,19.3,6.4,26.674129747903038,35.80223892437091
5542,26.0,29.72599983215332,74.0,0.0,19.6,6.0,27.504851616292147,34.25145548488764
5543,25.5,29.72599983215332,74.0,0.0,19.3,6.4,10.514024119780652,28.654207235934194
5544,25.8,29.72599983215332,74.0,0.0,19.2,6.4,25.8793909096183,33.56381727288549
5545,27.4,29.72599983215332,74.0,0.0,20.3,5.6,24.214949956868566,34.66448498706057
5546,27.3,29.72599983215332,74.0,0.0,20.4,5.7,11.254712859063247,30.676413857718973
5547,28.7,29.72599983215332,74.0,0.0,20.5,5.8,15.379911746087336,33.3139735238262
5548,27.5,29.72599983215332,74.0,0.0,19.5,6.1,14.103865055005071,31.73115951650152
5549,28.0,29.72599983215332,74.0,0.0,19.0,6.1,25.19135126188882,35.55740537856664
5550,25.9,29.72599983215332,74.0,0.0,19.0,6.2,28.308063982436828,34.39241919473105
5551,29.2,29.72599983215332,74.0,0.0,20.4,6.1,16.95101046894627,34.28530314068388
5552,26.6,29.72599983215332,74.0,0.0,20.4,5.5,18.477751629220727,32.14332548876622
5553,28.1,29.72599983215332,74.0,0.0,20.0,6.3,25.396655942050035,35.71899678261501
5554,25.5,29.72599983215332,74.0,0.0,20.7,5.5,14.3403118221749,29.802093546652472
5555,25.4,29.72599983215332,74.0,0.0,19.3,5.6,13.812660647933114,29.54379819437993
5556,25.7,29.72599983215332,74.0,0.0,20.2,5.9,15.827872168361605,30.44836165050848
5557,28.2,29.72599983215332,74.0,0.0,20.5,5.7,26.312309976166194,36.09369299284986
5558,29.2,29.72599983215332,74.0,0.0,19.6,6.1,16.681028661565314,34.204308598469595
5559,29.2,29.72599983215332,74.0,0.0,19.9,6.4,12.366905554946136,32.91007166648384
5560,25.8,29.72599983215332,74.0,0.0,20.7,5.8,21.836202662700764,32.35086079881023
5561,26.3,29.72599983215332,74.0,0.0,20.2,5.9,18.466989555047324,31.840096866514198
5562,29.4,29.72599983215332,74.0,0.0,19.3,5.7,29.24275402927976,38.172826208783924
5563,26.2,29.72599983215332,74.0,0.0,19.9,6.1,18.15457924494964,31.646373773484893
5564,27.9,29.72599983215332,74.0,0.0,19.9,6.4,14.699641704494415,32.30989251134832
5565,29.4,29.72599983215332,74.0,0.0,20.2,6.5,27.21488409827072,37.564465229481215
5566,27.5,29.72599983215332,74.0,0.0,20.3,5.9,25.635616026981722,35.19068480809452
5567,25.6,29.72599983215332,74.0,0.0,19.2,5.5,10.292708095050235,28.687812428515073
5568,29.4,29.72599983215332,74.0,0.0,19.4,5.6,25.013902932771014,36.904170879831305
5569,26.4,29.72599983215332,74.0,0.0,20.2,6.4,24.52404214091019,33.75721264227305
5570,26.7,29.72599983215332,74.0,0.0,20.3,6.4,22.307238364585864,33.39217150937576
5571,25.1,29.72599983215332,74.0,0.0,20.3,5.9,11.149272563238892,28.44478176897167
5572,28.6,29.72599983215332,74.0,0.0,19.5,6.2,24.000106848403327,35.800032054521
5573,29.3,29.72599983215332,74.0,0.0,19.4,6.5,12.73607614968331,33.12082284490499
5574,28.8,29.72599983215332,74.0,0.0,19.6,5.9,21.59829199018855,35.279487597056566
5575,27.4,29.72599983215332,74.0,0.0,19.8,6.2,17.150829870016064,32.545248961004816
5576,26.2,29.72599983215332,74.0,0.0,19.4,5.6,20.111906449623095,32.233571934886925
5577,26.8,29.72599983215332,74.0,0.0,20.7,5.7,23.939565425262856,33.98186962757886
5578,27.3,29.72599983215332,74.0,0.0,20.1,5.6,20.937232791151768,33.58116983734553
5579,25.7,29.72599983215332,74.0,0.0,20.8,6.4,10.663235262736777,28.898970578821032
5580,28.9,29.025999069213867,78.0,0.0,20.6,5.9,21.313911337531795,35.294173401259535
5581,25.5,29.025999069213867,78.0,0.0,20.0,6.3,10.167322836982436,28.550196851094732
5582,29.1,29.025999069213867,78.0,0.0,20.2,6.5,20.558047612902744,35.26741428387082
5583,25.6,29.025999069213867,78.0,0.0,21.0,6.0,26.099916536776412,33.429974961032926
5584,25.9,29.025999069213867,78.0,0.0,20.9,6.0,20.960784509318334,32.1882353527955
5585,26.7,29.025999069213867,78.0,0.0,20.8,5.6,19.890356356629262,32.66710690698878
5586,28.5,29.025999069213867,78.0,0.0,20.0,6.5,26.456741349979225,36.43702240499377
5587,26.6,29.025999069213867,78.0,0.0,20.7,6.2,12.461274577295407,30.338382373188622
5588,26.0,29.025999069213867,78.0,0.0,19.3,6.0,10.185719523728395,29.055715857118518
5589,29.4,29.025999069213867,78.0,0.0,20.4,6.3,17.278073727979844,34.583422118393955
5590,28.1,29.025999069213867,78.0,0.0,19.0,5.7,17.376737760067172,33.313021328020156
5591,27.0,29.025999069213867,78.0,0.0,19.0,6.0,18.463544220420953,32.539063266126284
5592,27.7,29.025999069213867,78.0,0.0,19.4,6.1,21.522644209900722,34.15679326297022
5593,28.5,29.025999069213867,78.0,0.0,19.4,5.7,24.271880369485856,35.78156411084576
5594,27.9,29.025999069213867,78.0,0.0,19.6,5.5,20.38885598243553,34.01665679473066
5595,27.3,29.025999069213867,78.0,0.0,20.7,6.4,17.672192910415426,32.60165787312463
5596,26.8,29.025999069213867,78.0,0.0,19.9,5.6,18.684831839619175,32.40544955188575
5597,26.7,29.025999069213867,78.0,0.0,20.8,6.5,25.289124417186514,34.286737325155954
5598,28.6,29.025999069213867,78.0,0.0,19.1,6.1,16.61267809791666,33.583803429374996
5599,29.9,29.025999069213867,78.0,0.0,20.2,5.8,27.333844821246323,38.100153446373895
5600,27.6,29.025999069213867,78.0,0.0,20.1,5.7,13.898645455653764,31.76959363669613
5601,25.7,29.025999069213867,78.0,0.0,19.5,6.4,25.716573495887523,33.41497204876626
5602,27.8,29.025999069213867,78.0,0.0,20.3,6.0,18.173120672947157,33.25193620188415
5603,28.3,29.025999069213867,78.0,0.0,19.2,5.6,28.693156869551416,36.907947060865425
5604,28.4,29.025999069213867,78.0,0.0,19.0,5.8,19.61864199884785,34.28559259965435
5605,27.3,29.025999069213867,78.0,0.0,19.7,6.3,24.243151667599058,34.572945500279715
5606,27.5,29.025999069213867,78.0,0.0,19.5,5.9,26.4263327839313,35.42789983517939
5607,25.4,29.025999069213867,78.0,0.0,20.7,6.1,26.312107403111785,33.29363222093353
5608,26.6,29.025999069213867,78.0,0.0,19.9,6.4,13.569937029297865,30.670981108789363
5609,28.9,29.025999069213867,78.0,0.0,19.9,5.8,29.08115217464857,37.62434565239457
5610,27.8,29.025999069213867,78.0,0.0,20.1,5.9,26.72041377059175,35.816124131177524
5611,29.2,29.025999069213867,78.0,0.0,20.0,5.7,22.693605824219627,36.00808174726589
5612,28.1,29.025999069213867,78.0,0.0,19.5,6.1,18.66852092404985,33.70055627721496
5613,28.0,29.025999069213867,78.0,0.0,19.4,5.6,29.416665623852985,36.824999687155895
5614,28.0,29.025999069213867,78.0,0.0,19.4,6.0,22.750937892742336,34.8252813678227
5615,28.3,29.025999069213867,78.0,0.0,19.1,6.4,27.021953366984313,36.406586010095296
5616,28.8,29.025999069213867,78.0,0.0,19.6,5.7,17.4704469574158,34.04113408722474
5617,29.8,29.025999069213867,78.0,0.0,19.5,5.5,19.77105356680298,35.7313160700409
5618,26.4,29.025999069213867,78.0,0.0,20.9,6.4,20.89848162658196,32.66954448797459
5619,29.4,29.025999069213867,78.0,0.0,20.6,5.6,18.322763852801042,34.89682915584031
5620,25.6,29.025999069213867,78.0,0.0,19.3,5.7,28.44196280243295,34.13258884072989
5621,27.5,29.025999069213867,78.0,0.0,19.0,6.5,19.68878788914753,33.40663636674426
5622,26.4,29.025999069213867,78.0,0.0,19.9,5.8,22.767582802279392,33.23027484068382
5623,27.7,29.025999069213867,78.0,0.0,20.8,5.7,19.87108201768113,33.66132460530434
5624,26.5,29.025999069213867,78.0,0.0,19.1,6.3,24.266702328757848,33.78001069862735
5625,26.5,29.025999069213867,78.0,0.0,20.8,5.6,20.22101327166318,32.566303981498955
5626,27.3,29.025999069213867,78.0,0.0,20.5,6.0,29.24783229125986,36.07434968737796
5627,27.3,29.025999069213867,78.0,0.0,19.3,6.4,14.314870263992386,31.594461079197718
5628,25.5,29.025999069213867,78.0,0.0,20.0,5.8,22.442386613897867,32.23271598416936
5629,25.2,29.025999069213867,78.0,0.0,19.5,5.9,22.225989074719156,31.867796722415747
5630,27.5,29.025999069213867,78.0,0.0,19.7,5.5,19.899739134791574,33.46992174043747
5631,25.3,29.025999069213867,78.0,0.0,20.3,5.8,19.679240393638562,31.20377211809157
5632,28.3,29.025999069213867,78.0,0.0,19.8,6.2,13.038935711923681,32.2116807135771
5633,28.4,29.025999069213867,78.0,0.0,20.5,6.4,14.400381365124169,32.720114409537246
5634,29.6,29.025999069213867,78.0,0.0,19.1,6.0,21.571106301165386,36.07133189034962
5635,26.3,29.025999069213867,78.0,0.0,20.3,5.8,16.89481573649062,31.36844472094719
5636,29.0,29.025999069213867,78.0,0.0,20.9,5.9,18.119930066150324,34.4359790198451
5637,26.0,29.025999069213867,78.0,0.0,19.3,5.7,20.79200111928111,32.237600335784336
5638,28.9,29.025999069213867,78.0,0.0,19.7,6.2,20.886382816494766,35.16591484494843
5639,29.8,29.025999069213867,78.0,0.0,20.3,5.8,20.1025207351354,35.83075622054062
5640,29.7,28.525999069213867,81.0,0.0,20.4,5.7,22.872295099554943,36.56168852986648
5641,28.5,28.525999069213867,81.0,0.0,19.3,5.6,15.661602562909916,33.198480768872976
5642,27.8,28.525999069213867,81.0,0.0,20.9,5.7,26.06355093164337,35.619065279493014
5643,29.6,28.525999069213867,81.0,0.0,20.1,6.5,15.889068065333007,34.3667204195999
5644,26.0,28.525999069213867,81.0,0.0,19.8,6.3,23.65850983618697,33.09755295085609
5645,25.3,28.525999069213867,81.0,0.0,19.7,6.4,14.419363451192469,29.62580903535774
5646,26.6,28.525999069213867,81.0,0.0,19.8,5.8,18.309566083320046,32.092869824996015
5647,28.0,28.525999069213867,81.0,0.0,19.1,6.3,19.863924333879506,33.95917730016385
5648,28.1,28.525999069213867,81.0,0.0,19.3,5.8,10.640945666725067,31.29228370001752
5649,27.2,28.525999069213867,81.0,0.0,20.5,6.0,25.83655282499806,34.95096584749942
5650,25.5,28.525999069213867,81.0,0.0,20.2,6.2,18.772811176991887,31.131843353097565
5651,27.1,28.525999069213867,81.0,0.0,19.6,5.9,21.08155545319286,33.424466635957856
5652,29.8,28.525999069213867,81.0,0.0,19.3,5.5,15.562349250354984,34.468704775106495
5653,28.8,28.525999069213867,81.0,0.0,20.1,6.3,13.609627860491207,32.88288835814736
5654,25.3,28.525999069213867,81.0,0.0,19.7,5.6,22.414071036773606,32.02422131103208
5655,28.0,28.525999069213867,81.0,0.0,20.9,5.9,21.415757508224008,34.4247272524672
5656,27.0,28.525999069213867,81.0,0.0,20.4,6.1,21.38137411875376,33.41441223562613
5657,27.9,28.525999069213867,81.0,0.0,20.8,6.3,19.610032603803425,33.783009781141025
5658,25.4,28.525999069213867,81.0,0.0,19.7,5.9,23.022144796045282,32.30664343881358
5659,27.2,28.525999069213867,81.0,0.0,19.3,5.8,24.395525572569255,34.518657671770775
5660,28.8,28.525999069213867,81.0,0.0,19.6,6.4,11.491973802832767,32.24759214084983
5661,26.8,28.525999069213867,81.0,0.0,20.2,6.3,13.567415982779936,30.87022479483398
5662,28.2,28.525999069213867,81.0,0.0,19.5,5.9,20.68218185764439,34.40465455729331
5663,28.5,28.525999069213867,81.0,0.0,19.8,5.8,22.298159720706998,35.1894479162121
5664,26.5,28.525999069213867,81.0,0.0,19.5,5.8,17.461089924527073,31.73832697735812
5665,27.0,28.525999069213867,81.0,0.0,19.5,6.4,17.824377761074846,32.34731332832246
5666,27.1,28.525999069213867,81.0,0.0,19.6,6.1,19.816367662062998,33.0449102986189
5667,27.2,28.525999069213867,81.0,0.0,20.5,5.8,27.022576209815682,35.306772862944705
5668,25.2,28.525999069213867,81.0,0.0,20.9,5.8,29.9094990552252,34.172849716567555
5669,27.8,28.525999069213867,81.0,0.0,19.8,5.9,11.666148498120466,31.29984454943614
5670,27.7,28.525999069213867,81.0,0.0,19.8,6.3,16.359682875107783,32.60790486253234
5671,25.3,28.525999069213867,81.0,0.0,20.7,5.8,11.680002481677679,28.804000744503305
5672,26.8,28.525999069213867,81.0,0.0,19.2,5.7,26.611625288757505,34.78348758662725
5673,28.2,28.525999069213867,81.0,0.0,20.4,6.1,21.88717413803254,34.76615224140976
5674,29.8,28.525999069213867,81.0,0.0,20.1,5.6,18.51488140579725,35.35446442173917
5675,29.8,28.525999069213867,81.0,0.0,19.6,6.1,27.340967467219713,38.00229024016591
5676,29.4,28.525999069213867,81.0,0.0,20.2,5.7,14.463412461907105,33.73902373857213
5677,26.4,28.525999069213867,81.0,0.0,19.7,5.8,12.287544680905073,30.08626340427152
5678,28.0,28.525999069213867,81.0,0.0,20.2,5.9,10.758996810301639,31.227699043090492
5679,29.8,28.525999069213867,81.0,0.0,20.5,6.0,24.20697632479274,37.06209289743782
5680,29.7,28.525999069213867,81.0,0.0,20.8,5.5,19.08249973742531,35.424749921227594
5681,29.2,28.525999069213867,81.0,0.0,19.4,5.9,12.968549490296429,33.09056484708893
5682,28.7,28.525999069213867,81.0,0.0,20.4,6.4,19.31142649702555,34.49342794910766
5683,27.6,28.525999069213867,81.0,0.0,20.3,6.3,23.76387038406592,34.729161115219775
5684,28.4,28.525999069213867,81.0,0.0,19.1,5.9,22.879668346688497,35.26390050400655
5685,28.6,28.525999069213867,81.0,0.0,20.7,6.3,29.691035040761992,37.5073105122286
5686,26.2,28.525999069213867,81.0,0.0,20.6,5.9,24.27406221360384,33.48221866408115
5687,29.9,28.525999069213867,81.0,0.0,20.8,6.5,28.632900769952556,38.489870230985765
5688,26.5,28.525999069213867,81.0,0.0,19.0,5.7,25.58671390087511,34.17601417026253
5689,27.8,28.525999069213867,81.0,0.0,19.5,5.9,22.67129350216735,34.60138805065021
5690,28.8,28.525999069213867,81.0,0.0,19.2,6.4,17.449079453500428,34.03472383605013
5691,26.7,28.525999069213867,81.0,0.0,19.2,6.1,20.892176784411117,32.96765303532334
5692,29.7,28.525999069213867,81.0,0.0,19.8,6.0,21.48700244771821,36.14610073431546
5693,25.2,28.525999069213867,81.0,0.0,19.3,6.4,25.87618841667341,32.962856525002024
5694,25.2,28.525999069213867,81.0,0.0,19.9,5.9,12.333844851950165,28.90015345558505
5695,25.0,28.525999069213867,81.0,0.0,20.2,6.4,20.082920891481653,31.024876267444498
5696,26.8,28.525999069213867,81.0,0.0,20.9,5.8,11.383325812682866,30.21499774380486
5697,27.4,28.525999069213867,81.0,0.0,19.1,5.8,27.522170915961496,35.656651274788445
5698,29.5,28.525999069213867,81.0,0.0,19.8,6.2,15.799947683186344,34.239984304955904
5699,29.2,28.525999069213867,81.0,0.0,19.7,5.7,19.352546757903756,35.00576402737113
5700,25.1,28.07599830627441,83.0,0.0,20.9,6.3,26.738702615401014,33.1216107846203
5701,27.3,28.07599830627441,83.0,0.0,20.2,6.4,14.832112820938487,31.749633846281547
5702,28.5,28.07599830627441,83.0,0.0,20.4,6.2,25.251070032307485,36.075321009692246
5703,28.6,28.07599830627441,83.0,0.0,19.4,5.8,15.390536701667372,33.21716101050021
5704,28.3,28.07599830627441,83.0,0.0,19.5,6.2,25.255366914697433,35.87661007440923
5705,25.5,28.07599830627441,83.0,0.0,20.5,6.4,24.054151990244996,32.716245597073495
5706,27.6,28.07599830627441,83.0,0.0,20.3,6.3,16.635529800428376,32.59065894012851
5707,29.1,28.07599830627441,83.0,0.0,20.3,6.4,28.746685302470134,37.724005590741044
5708,28.1,28.07599830627441,83.0,0.0,19.5,5.8,12.258167858299458,31.77745035748984
5709,29.1,28.07599830627441,83.0,0.0,19.1,6.2,24.17860186325608,36.35358055897682
5710,27.2,28.07599830627441,83.0,0.0,20.4,5.8,29.747328292132877,36.12419848763986
5711,28.7,28.07599830627441,83.0,0.0,19.1,6.4,18.872334489956597,34.36170034698698
5712,27.3,28.07599830627441,83.0,0.0,19.6,5.8,19.134364857461087,33.04030945723833
5713,28.5,28.07599830627441,83.0,0.0,19.3,6.0,17.777918867475112,33.83337566024253
5714,26.1,28.07599830627441,83.0,0.0,20.8,5.6,24.69459303996325,33.50837791198897
5715,25.5,28.07599830627441,83.0,0.0,20.6,6.4,18.964672465457046,31.189401739637113
5716,25.3,28.07599830627441,83.0,0.0,20.4,6.1,28.536340746743395,33.86090222402302
5717,26.2,28.07599830627441,83.0,0.0,19.8,5.8,15.030554337432736,30.70916630122982
5718,29.8,28.07599830627441,83.0,0.0,19.5,6.0,27.901601013612574,38.170480304083775
5719,28.3,28.07599830627441,83.0,0.0,20.6,5.5,19.614606493961386,34.18438194818842
5720,28.6,28.07599830627441,83.0,0.0,19.1,6.1,20.611043233399155,34.78331297001975
5721,29.4,28.07599830627441,83.0,0.0,19.7,5.9,16.655463748198365,34.39663912445951
5722,26.4,28.07599830627441,83.0,0.0,20.4,5.5,23.727325942114987,33.518197782634495
5723,29.3,28.07599830627441,83.0,0.0,19.8,6.0,25.02610571299144,36.807831713897436
5724,25.0,28.07599830627441,83.0,0.0,20.7,5.5,13.253067816166762,28.975920344850028
5725,26.4,28.07599830627441,83.0,0.0,20.3,5.9,15.103534232598681,30.931060269779604
5726,28.2,28.07599830627441,83.0,0.0,20.7,6.0,15.735937804042182,32.92078134121265
5727,27.3,28.07599830627441,83.0,0.0,20.7,6.4,22.041605737034295,33.91248172111029
5728,26.0,28.07599830627441,83.0,0.0,19.5,6.3,16.025146533215803,30.80754395996474
5729,26.2,28.07599830627441,83.0,0.0,19.5,5.9,23.810622552089804,33.34318676562694
5730,28.0,28.07599830627441,83.0,0.0,20.8,6.1,21.676553320707356,34.502965996212204
5731,25.8,28.07599830627441,83.0,0.0,20.1,6.3,15.875041975472868,30.56251259264186
5732,29.5,28.07599830627441,83.0,0.0,20.0,6.4,26.66078199604761,37.498234598814285
5733,26.4,28.07599830627441,83.0,0.0,20.6,5.8,21.84574933754634,32.9537248012639
5734,29.0,28.07599830627441,83.0,0.0,20.0,6.5,27.34635376839674,37.20390613051902
5735,29.4,28.07599830627441,83.0,0.0,20.0,6.4,27.57227812509899,37.671683437529694
5736,29.4,28.07599830627441,83.0,0.0,20.0,6.4,14.083372597347875,33.625011779204364
5737,25.5,28.07599830627441,83.0,0.0,20.8,5.6,17.374147315069884,30.712244194520963
5738,25.2,28.07599830627441,83.0,0.0,20.1,6.2,19.99765222178889,31.199295666536667
5739,28.6,28.07599830627441,83.0,0.0,19.7,6.1,26.111399982570468,36.43341999477114
5740,26.4,28.07599830627441,83.0,0.0,20.0,6.4,22.383089009577102,33.11492670287313
5741,27.5,28.07599830627441,83.0,0.0,19.2,5.7,28.533623273950564,36.06008698218517
5742,27.0,28.07599830627441,83.0,0.0,19.5,5.5,28.38024138601892,35.51407241580567
5743,25.2,28.07599830627441,83.0,0.0,20.5,6.4,23.492798466784468,32.247839540035336
5744,27.3,28.07599830627441,83.0,0.0,19.4,5.8,17.934560844866173,32.680368253459854
5745,27.1,28.07599830627441,83.0,0.0,20.1,6.4,10.668012845447892,30.300403853634368
5746,29.5,28.07599830627441,83.0,0.0,19.5,6.5,15.220785007622911,34.06623550228687
5747,26.5,28.07599830627441,83.0,0.0,20.6,5.6,26.493679492585663,34.4481038477757
5748,29.0,28.07599830627441,83.0,0.0,20.2,5.6,13.960355613299228,33.188106683989766
5749,28.3,28.07599830627441,83.0,0.0,21.0,5.7,29.52023044892794,37.15606913467838
5750,28.1,28.07599830627441,83.0,0.0,19.4,6.4,11.891912507305708,31.667573752191714
5751,26.2,28.07599830627441,83.0,0.0,20.9,5.7,11.919064904119544,29.775719471235863
5752,29.7,28.07599830627441,83.0,0.0,20.3,5.9,10.271703180897386,32.781510954269216
5753,27.5,28.07599830627441,83.0,0.0,19.0,5.7,13.38326277851163,31.51497883355349
5754,26.1,28.07599830627441,83.0,0.0,20.9,6.5,19.17425624269911,31.852276872809732
5755,28.4,28.07599830627441,83.0,0.0,20.1,5.7,21.897043954685536,34.96911318640566
5756,28.0,28.07599830627441,83.0,0.0,19.3,5.6,12.400000891862948,31.720000267558884
5757,26.3,28.07599830627441,83.0,0.0,20.9,6.0,28.629215556651385,34.888764666995414
5758,27.5,28.07599830627441,83.0,0.0,19.9,5.8,12.772480798184958,31.33174423945549
5759,28.6,28.07599830627441,83.0,0.0,20.8,5.6,16.569359531937447,33.57080785958124
5760,25.4,27.67599868774414,84.0,0.0,19.8,5.6,14.148522719622692,29.644556815886805
5761,26.4,27.67599868774414,84.0,0.0,20.5,6.0,28.555807959512986,34.9667423878539
5762,25.1,27.67599868774414,84.0,0.0,19.1,5.6,10.659938769961277,28.297981630988385
5763,27.7,27.67599868774414,84.0,0.0,19.9,6.4,22.047279025292475,34.314183707587745
5764,27.9,27.67599868774414,84.0,0.0,20.2,6.0,25.588781109768675,35.5766343329306
5765,28.0,27.67599868774414,84.0,0.0,20.8,6.1,24.0893516765912,35.226805502977356
5766,27.6,27.67599868774414,84.0,0.0,20.6,6.5,15.90982985782251,32.37294895734675
5767,28.9,27.67599868774414,84.0,0.0,19.4,6.4,23.22753290103818,35.868259870311455
5768,25.1,27.67599868774414,84.0,0.0,20.3,6.3,22.510649881009797,31.85319496430294
5769,25.2,27.67599868774414,84.0,0.0,20.7,6.2,18.041275875717663,30.6123827627153
5770,29.8,27.67599868774414,84.0,0.0,19.1,6.4,20.348862078134644,35.9046586234404
5771,26.0,27.67599868774414,84.0,0.0,20.1,5.9,22.90426340000772,32.87127902000232
5772,28.4,27.67599868774414,84.0,0.0,20.0,6.4,26.29943191171787,36.28982957351536
5773,26.6,27.67599868774414,84.0,0.0,20.1,6.1,26.469125704343572,34.54073771130307
5774,26.9,27.67599868774414,84.0,0.0,19.4,5.7,13.246364909661619,30.873909472898482
5775,29.1,27.67599868774414,84.0,0.0,20.4,6.1,15.546212278500688,33.763863683550206
5776,27.4,27.67599868774414,84.0,0.0,19.5,5.7,14.4343263531367,31.730297905941008
5777,26.9,27.67599868774414,84.0,0.0,19.5,6.3,18.932792736650725,32.579837820995216
5778,26.7,27.67599868774414,84.0,0.0,20.7,6.0,21.89431999588465,33.268295998765396
5779,29.5,27.67599868774414,84.0,0.0,19.8,5.6,13.222927741044124,33.466878322313235
5780,28.6,27.67599868774414,84.0,0.0,20.5,5.7,20.17854033431052,34.65356210029316
5781,26.1,27.67599868774414,84.0,0.0,20.1,5.8,22.34764605035756,32.80429381510727
5782,29.4,27.67599868774414,84.0,0.0,19.6,5.8,26.178782627250524,37.253634788175155
5783,27.2,27.67599868774414,84.0,0.0,19.1,6.4,18.733689510086588,32.820106853025976
5784,27.1,27.67599868774414,84.0,0.0,20.8,5.7,11.061674435456455,30.418502330636937
5785,27.4,27.67599868774414,84.0,0.0,20.9,5.8,13.116673062341292,31.335001918702385
5786,28.0,27.67599868774414,84.0,0.0,19.3,6.4,12.228911767011157,31.668673530103348
5787,28.1,27.67599868774414,84.0,0.0,19.2,6.1,11.830308708927866,31.649092612678363
5788,26.7,27.67599868774414,84.0,0.0,19.4,5.9,21.499646800606705,33.14989404018201
5789,28.1,27.67599868774414,84.0,0.0,19.6,5.7,26.584472595451224,36.07534177863537
5790,28.6,27.67599868774414,84.0,0.0,20.8,6.5,13.659315917124058,32.69779477513722
5791,26.6,27.67599868774414,84.0,0.0,20.8,6.1,25.761103309565446,34.32833099286964
5792,29.8,27.67599868774414,84.0,0.0,20.2,6.1,10.92615452651571,33.07784635795471
5793,25.8,27.67599868774414,84.0,0.0,19.4,5.5,25.962432390734318,33.588729717220296
5794,26.2,27.67599868774414,84.0,0.0,19.9,6.2,27.097712154270713,34.329313646281214
5795,30.0,27.67599868774414,84.0,0.0,19.1,6.3,26.585543326207343,37.9756629978622
5796,28.9,27.67599868774414,84.0,0.0,20.9,6.1,16.41089158347458,33.82326747504237
5797,29.3,27.67599868774414,84.0,0.0,19.6,6.1,17.837638032113098,34.65129140963393
5798,29.6,27.67599868774414,84.0,0.0,19.7,6.3,16.46084571648857,34.53825371494657
5799,27.6,27.67599868774414,84.0,0.0,20.2,6.1,23.3516041455808,34.60548124367424
5800,29.2,27.67599868774414,84.0,0.0,19.6,5.7,26.330140597327876,37.099042179198364
5801,29.3,27.67599868774414,84.0,0.0,20.0,6.5,29.479950499035134,38.14398514971054
5802,27.5,27.67599868774414,84.0,0.0,20.5,6.4,11.092367431596115,30.827710229478836
5803,29.8,27.67599868774414,84.0,0.0,19.9,6.2,11.842400268396991,33.3527200805191
5804,27.3,27.67599868774414,84.0,0.0,19.1,6.3,20.405607622684393,33.42168228680532
5805,27.3,27.67599868774414,84.0,0.0,19.7,6.2,28.4505508656383,35.83516525969149
5806,29.2,27.67599868774414,84.0,0.0,19.7,6.2,10.53032171138155,32.359096513414464
5807,29.1,27.67599868774414,84.0,0.0,20.2,5.7,19.22975937034048,34.86892781110215
5808,27.2,27.67599868774414,84.0,0.0,20.7,5.6,10.992278824085261,30.49768364722558
5809,26.7,27.67599868774414,84.0,0.0,20.0,6.0,22.281368494280215,33.384410548284066
5810,26.5,27.67599868774414,84.0,0.0,20.7,6.0,11.136684738875504,29.84100542166265
5811,26.8,27.67599868774414,84.0,0.0,19.9,5.7,15.139815596610246,31.341944678983076
5812,27.2,27.67599868774414,84.0,0.0,19.1,5.7,12.32995922224299,30.898987766672896
5813,29.4,27.67599868774414,84.0,0.0,19.8,5.8,12.212618626211214,33.063785587863364
5814,26.8,27.67599868774414,84.0,0.0,19.2,5.6,21.186934867762027,33.15608046032861
5815,27.4,27.67599868774414,84.0,0.0,20.0,6.1,17.368449541777593,32.61053486253328
5816,25.6,27.67599868774414,84.0,0.0,19.2,6.5,29.579625355329114,34.47388760659874
5817,25.2,27.67599868774414,84.0,0.0,20.1,6.0,22.801785678969424,32.04053570369083
5818,26.4,27.67599868774414,84.0,0.0,19.5,5.8,18.347363008546452,31.904208902563933
5819,29.2,27.67599868774414,84.0,0.0,20.1,5.9,27.494853283079404,37.44845598492382
5820,29.2,27.275999069213867,86.0,0.0,20.9,6.2,22.62326435579203,35.98697930673761
5821,27.1,27.275999069213867,86.0,0.0,19.3,6.0,11.280286959413221,30.484086087823968
5822,25.3,27.275999069213867,86.0,0.0,19.9,5.9,17.995225556254944,30.698567666876485
5823,26.8,27.275999069213867,86.0,0.0,19.7,5.5,15.668610323743543,31.500583097123062
5824,28.6,27.275999069213867,86.0,0.0,20.1,6.1,17.670270212616206,33.901081063784865
5825,25.0,27.275999069213867,86.0,0.0,19.2,6.1,13.03047322030036,28.909141966090107
5826,29.1,27.275999069213867,86.0,0.0,20.7,6.1,23.910931231590734,36.27327936947722
5827,27.1,27.275999069213867,86.0,0.0,19.5,5.8,18.394854330709727,32.61845629921292
5828,27.4,27.275999069213867,86.0,0.0,20.9,6.1,21.755763112128363,33.92672893363851
5829,27.5,27.275999069213867,86.0,0.0,20.8,6.0,28.401155103378123,36.02034653101344
5830,29.5,27.275999069213867,86.0,0.0,19.9,5.7,12.040754200878052,33.11222626026341
5831,27.1,27.275999069213867,86.0,0.0,19.9,5.9,26.886968285213207,35.16609048556396
5832,26.9,27.275999069213867,86.0,0.0,20.4,6.2,17.424732303128295,32.12741969093849
5833,25.9,27.275999069213867,86.0,0.0,19.6,5.8,22.595090251468648,32.67852707544059
5834,26.9,27.275999069213867,86.0,0.0,19.9,5.9,24.057212180071573,34.11716365402147
5835,28.6,27.275999069213867,86.0,0.0,20.1,5.7,24.691879956038875,36.00756398681166
5836,26.5,27.275999069213867,86.0,0.0,20.4,6.0,29.661383786474346,35.3984151359423
5837,26.5,27.275999069213867,86.0,0.0,19.5,6.0,23.829456866105353,33.64883705983161
5838,25.4,27.275999069213867,86.0,0.0,20.9,5.9,29.752009253585598,34.32560277607568
5839,28.5,27.275999069213867,86.0,0.0,19.4,6.2,19.88362973899993,34.46508892169998
5840,26.5,27.275999069213867,86.0,0.0,20.8,5.7,12.740075829744047,30.322022748923214
5841,25.2,27.275999069213867,86.0,0.0,19.4,5.9,29.05238226254677,33.91571467876403
5842,28.2,27.275999069213867,86.0,0.0,20.2,5.7,13.492926126754206,32.24787783802626
5843,26.6,27.275999069213867,86.0,0.0,19.1,6.0,15.913080849903354,31.37392425497101
5844,25.6,27.275999069213867,86.0,0.0,20.4,6.1,17.622782723606992,30.8868348170821
5845,29.6,27.275999069213867,86.0,0.0,19.6,5.6,25.41846244431821,37.225538733295465
5846,29.6,27.275999069213867,86.0,0.0,19.7,5.7,16.935327951692106,34.680598385507636
5847,28.6,27.275999069213867,86.0,0.0,20.3,5.9,13.958124860169221,32.78743745805077
5848,28.6,27.275999069213867,86.0,0.0,21.0,6.0,10.696765815930895,31.80902974477927
5849,25.1,27.275999069213867,86.0,0.0,20.8,6.4,14.561268111183995,29.4683804333552
5850,28.1,27.275999069213867,86.0,0.0,20.2,6.3,15.978596407053484,32.89357892211605
5851,29.1,27.275999069213867,86.0,0.0,20.9,5.7,22.26579772691438,35.77973931807431
5852,25.1,27.275999069213867,86.0,0.0,19.0,6.1,23.363451328538897,32.10903539856167
5853,26.7,27.275999069213867,86.0,0.0,19.5,6.1,25.30780221903914,34.29234066571174
5854,28.5,27.275999069213867,86.0,0.0,19.4,6.2,24.422639588864836,35.82679187665945
5855,28.6,27.275999069213867,86.0,0.0,19.9,6.4,25.728171713468257,36.318451514040476
5856,26.8,27.275999069213867,86.0,0.0,20.2,5.6,24.32471849531229,34.09741554859369
5857,29.8,27.275999069213867,86.0,0.0,19.3,5.5,24.494902327905486,37.148470698371646
5858,25.7,27.275999069213867,86.0,0.0,19.0,5.9,26.30970547298269,33.59291164189481
5859,29.9,27.275999069213867,86.0,0.0,19.3,5.8,17.740913597584964,35.222274079275486
5860,25.8,27.275999069213867,86.0,0.0,20.1,6.2,21.171966992905325,32.1515900978716
5861,28.6,27.275999069213867,86.0,0.0,20.1,6.2,18.818885310392435,34.245665593117735
5862,27.2,27.275999069213867,86.0,0.0,20.0,5.5,10.661007130252727,30.398302139075817
5863,25.7,27.275999069213867,86.0,0.0,19.4,6.1,19.178132206114718,31.453439661834416
5864,25.4,27.275999069213867,86.0,0.0,19.8,6.5,26.82466515653543,33.447399546960625
5865,27.1,27.275999069213867,86.0,0.0,19.3,6.1,21.19804555438008,33.45941366631403
5866,26.3,27.275999069213867,86.0,0.0,20.0,6.5,19.603084172614206,32.18092525178426
5867,26.0,27.275999069213867,86.0,0.0,20.7,6.4,15.383698884311016,30.615109665293303
5868,29.9,27.275999069213867,86.0,0.0,19.7,5.6,20.80776385199819,36.142329155599455
5869,27.8,27.275999069213867,86.0,0.0,20.6,5.7,13.61039811739296,31.88311943521789
5870,28.3,27.275999069213867,86.0,0.0,20.2,5.6,23.971644703050018,35.491493410915005
5871,26.1,27.275999069213867,86.0,0.0,20.6,5.6,24.993550102501878,33.59806503075056
5872,28.7,27.275999069213867,86.0,0.0,20.1,5.7,27.37676550976825,36.913029652930476
5873,26.3,27.275999069213867,86.0,0.0,19.2,5.8,19.936582382897708,32.280974714869316
5874,28.5,27.275999069213867,86.0,0.0,20.1,6.4,22.717484877766275,35.31524546332988
5875,29.6,27.275999069213867,86.0,0.0,21.0,5.8,24.760449676592486,37.02813490297775
5876,28.2,27.275999069213867,86.0,0.0,20.4,5.7,16.625738938875223,33.187721681662566
5877,25.2,27.275999069213867,86.0,0.0,20.7,6.3,26.546614082745986,33.16398422482379
5878,25.5,27.275999069213867,86.0,0.0,20.6,5.9,24.334122174871432,32.80023665246143
5879,26.6,27.275999069213867,86.0,0.0,19.3,5.8,10.79007667165448,29.837023001496345
5880,26.8,26.92599868774414,88.0,0.0,19.2,5.5,23.609309277845867,33.882792783353764
5881,25.8,26.92599868774414,88.0,0.0,19.5,5.6,29.638911685920533,34.69167350577616
5882,27.9,26.92599868774414,88.0,0.0,19.9,6.3,12.719510197693118,31.715853059307932
5883,29.6,26.92599868774414,88.0,0.0,20.6,5.9,19.751053218808977,35.5253159656427
5884,27.4,26.92599868774414,88.0,0.0,19.1,6.4,26.612451714864154,35.38373551445925
5885,29.2,26.92599868774414,88.0,0.0,19.2,6.4,20.10909683640703,35.23272905092211
5886,25.4,26.92599868774414,88.0,0.0,19.0,5.8,18.084288436335168,30.82528653090055
5887,28.1,26.92599868774414,88.0,0.0,19.5,5.6,19.213408408789725,33.864022522636915
5888,25.4,26.92599868774414,88.0,0.0,19.9,6.1,28.59066742978748,33.97720022893624
5889,28.3,26.92599868774414,88.0,0.0,19.4,5.7,12.465118951050162,32.03953568531505
5890,29.6,26.92599868774414,88.0,0.0,20.7,6.0,10.057711372788496,32.61731341183655
5891,28.4,26.92599868774414,88.0,0.0,19.2,6.4,11.074878912279125,31.722463673683738
5892,27.2,26.92599868774414,88.0,0.0,20.0,5.9,29.662279189713246,36.09868375691397
5893,25.8,26.92599868774414,88.0,0.0,19.7,5.7,17.676305395871275,31.102891618761383
5894,28.1,26.92599868774414,88.0,0.0,20.5,5.7,27.681414473209983,36.404424341962994
5895,26.0,26.92599868774414,88.0,0.0,19.8,6.0,19.28580106563469,31.785740319690408
5896,29.9,26.92599868774414,88.0,0.0,19.1,6.2,15.192695867755116,34.457808760326536
5897,26.5,26.92599868774414,88.0,0.0,20.5,6.1,13.760687407602303,30.62820622228069
5898,26.9,26.92599868774414,88.0,0.0,20.4,6.1,17.682729445640422,32.20481883369212
5899,25.5,26.92599868774414,88.0,0.0,20.3,6.1,12.49091677645062,29.247275032935185
5900,29.6,26.92599868774414,88.0,0.0,19.1,6.2,14.395552859926566,33.91866585797797
5901,26.7,26.92599868774414,88.0,0.0,19.6,5.8,27.462873554269983,34.93886206628099
5902,25.6,26.92599868774414,88.0,0.0,20.7,6.1,29.055174077504105,34.316552223251236
5903,29.5,26.92599868774414,88.0,0.0,20.9,6.5,28.775960329763873,38.13278809892916
5904,27.1,26.92599868774414,88.0,0.0,19.5,6.0,19.578492239753338,32.973547671926
5905,26.4,26.92599868774414,88.0,0.0,19.5,5.7,20.308557747754428,32.49256732432633
5906,25.8,26.92599868774414,88.0,0.0,19.7,6.2,27.609287218080674,34.0827861654242
5907,26.1,26.92599868774414,88.0,0.0,20.5,5.9,13.885862740590504,30.26575882217715
5908,27.3,26.92599868774414,88.0,0.0,19.4,5.6,15.295787547887738,31.888736264366322
5909,28.2,26.92599868774414,88.0,0.0,20.8,6.5,27.41133902692009,36.42340170807603
5910,25.4,26.92599868774414,88.0,0.0,19.6,5.9,20.42835457189567,31.5285063715687
5911,29.5,26.92599868774414,88.0,0.0,20.0,6.5,27.85959302514526,37.857877907543575
5912,27.7,26.92599868774414,88.0,0.0,19.9,6.0,28.88332055764984,36.36499616729495
5913,29.8,26.92599868774414,88.0,0.0,20.7,6.3,29.636631346676158,38.69098940400285
5914,29.4,26.92599868774414,88.0,0.0,20.4,5.7,20.377449274265924,35.513234782279774
5915,26.2,26.92599868774414,88.0,0.0,20.3,6.1,20.03213048601542,32.20963914580462
5916,28.0,26.92599868774414,88.0,0.0,20.3,6.4,24.87174539871156,35.461523619613466
5917,28.3,26.92599868774414,88.0,0.0,20.0,5.7,19.51310528583904,34.153931585751714
5918,29.3,26.92599868774414,88.0,0.0,19.1,6.4,27.292777827354982,37.48783334820649
5919,29.0,26.92599868774414,88.0,0.0,19.5,5.9,19.267400782506847,34.78022023475205
5920,25.4,26.92599868774414,88.0,0.0,19.5,6.3,26.17081583468501,33.251244750405505
5921,25.7,26.92599868774414,88.0,0.0,20.8,6.4,13.24123050547541,29.672369151642624
5922,28.0,26.92599868774414,88.0,0.0,19.9,6.0,13.876216920428508,32.162865076128554
5923,29.4,26.92599868774414,88.0,0.0,19.1,5.9,10.908143121390543,32.67244293641716
5924,25.8,26.92599868774414,88.0,0.0,19.6,6.0,27.557468418126632,34.06724052543799
5925,25.4,26.92599868774414,88.0,0.0,20.8,6.3,16.19044180351863,30.257132541055586
5926,27.9,26.92599868774414,88.0,0.0,20.1,6.2,12.971127227942292,31.791338168382687
5927,26.4,26.92599868774414,88.0,0.0,20.6,6.5,27.04535619271651,34.51360685781495
5928,28.8,26.92599868774414,88.0,0.0,20.6,5.9,28.327262084519198,37.29817862535576
5929,25.3,26.92599868774414,88.0,0.0,19.4,6.2,15.995199200230738,30.09855976006922
5930,27.8,26.92599868774414,88.0,0.0,19.2,6.4,18.590946487063462,33.377283946119036
5931,26.7,26.92599868774414,88.0,0.0,20.6,5.6,18.763299622278176,32.32898988668345
5932,29.9,26.92599868774414,88.0,0.0,19.2,6.4,25.39184312812389,37.51755293843716
5933,27.3,26.92599868774414,88.0,0.0,19.8,6.1,22.83631603369607,34.150894810108824
5934,28.2,26.92599868774414,88.0,0.0,19.1,5.9,22.47158738986129,34.941476216958385
5935,27.4,26.92599868774414,88.0,0.0,19.4,5.8,14.343603236155463,31.70308097084664
5936,26.6,26.92599868774414,88.0,0.0,20.9,6.0,18.213573971950737,32.064072191585225
5937,26.4,26.92599868774414,88.0,0.0,20.1,5.8,15.306879969171606,30.99206399075148
5938,29.9,26.92599868774414,88.0,0.0,20.5,6.0,28.222542231930607,38.36676266957918
5939,29.5,26.92599868774414,88.0,0.0,20.3,5.9,18.73282464504287,35.11984739351286
5940,26.3,26.67599868774414,90.0,0.0,20.1,6.0,20.47449759872268,32.442349279616806
5941,26.5,26.67599868774414,90.0,0.0,19.4,5.9,21.97133304889119,33.091399914667356
5942,25.7,26.67599868774414,90.0,0.0,20.7,5.8,12.938234818112129,29.581470445433638
5943,29.9,26.67599868774414,90.0,0.0,20.0,6.0,13.033656395368006,33.8100969186104
5944,28.2,26.67599868774414,90.0,0.0,20.4,6.0,23.030589824395772,35.10917694731873
5945,26.5,26.67599868774414,90.0,0.0,19.2,5.9,20.45052903166976,32.63515870950093
5946,27.2,26.67599868774414,90.0,0.0,19.7,6.0,27.849111658604397,35.55473349758132
5947,26.9,26.67599868774414,90.0,0.0,19.2,6.0,24.74465078466163,34.323395235398486
5948,26.9,26.67599868774414,90.0,0.0,20.5,6.3,11.51069380142146,30.353208140426435
5949,28.4,26.67599868774414,90.0,0.0,20.6,5.7,25.477231197358314,36.043169359207496
5950,27.4,26.67599868774414,90.0,0.0,20.9,5.8,29.52433808439901,36.2573014253197
5951,28.3,26.67599868774414,90.0,0.0,19.1,6.4,20.141921186138305,34.342576355841494
5952,28.0,26.67599868774414,90.0,0.0,20.1,5.7,21.157304515260215,34.347191354578065
5953,28.1,26.67599868774414,90.0,0.0,21.0,6.3,13.68837840755277,32.20651352226583
5954,27.0,26.67599868774414,90.0,0.0,20.8,5.6,24.671000953013568,34.40130028590407
5955,28.6,26.67599868774414,90.0,0.0,19.5,5.8,23.60776809101707,35.682330427305125
5956,25.3,26.67599868774414,90.0,0.0,19.7,5.8,20.503714958673346,31.451114487602005
5957,28.3,26.67599868774414,90.0,0.0,19.8,6.4,28.925319488447162,36.97759584653415
5958,27.7,26.67599868774414,90.0,0.0,19.8,6.3,18.77605631397959,33.332816894193876
5959,27.8,26.67599868774414,90.0,0.0,20.5,6.3,14.18747316172876,32.05624194851863
5960,28.1,26.67599868774414,90.0,0.0,20.7,5.7,23.579630692616043,35.17388920778481
5961,25.8,26.67599868774414,90.0,0.0,19.0,5.5,10.649737048920896,28.99492111467627
5962,28.9,26.67599868774414,90.0,0.0,20.9,6.2,15.423835029532405,33.52715050885972
5963,29.9,26.67599868774414,90.0,0.0,19.4,6.2,12.891900507364662,33.767570152209395
5964,29.3,26.67599868774414,90.0,0.0,20.3,6.3,27.721634161813093,37.616490248543926
5965,28.9,26.67599868774414,90.0,0.0,19.4,5.7,22.967141807545293,35.79014254226359
5966,28.9,26.67599868774414,90.0,0.0,20.2,5.6,21.348111898745838,35.30443356962375
5967,28.7,26.67599868774414,90.0,0.0,19.8,6.4,17.979054448005904,34.09371633440177
5968,25.6,26.67599868774414,90.0,0.0,20.9,6.4,21.56810124813166,32.070430374439496
5969,28.7,26.67599868774414,90.0,0.0,19.3,5.7,21.787004301375426,35.23610129041263
5970,26.3,26.67599868774414,90.0,0.0,20.2,6.2,21.5272834760146,32.75818504280438
5971,28.3,26.67599868774414,90.0,0.0,20.1,5.5,15.161785717406854,32.848535715222056
5972,27.7,26.67599868774414,90.0,0.0,20.7,6.4,28.23148865511125,36.169446596533376
5973,26.8,26.67599868774414,90.0,0.0,19.7,6.0,26.615111590332717,34.784533477099814
5974,25.9,26.67599868774414,90.0,0.0,19.7,6.3,14.271007286416664,30.181302185925
5975,25.6,26.67599868774414,90.0,0.0,20.7,5.6,17.818077022959955,30.945423106887986
5976,26.1,26.67599868774414,90.0,0.0,20.7,5.6,16.273319346643092,30.98199580399293
5977,29.7,26.67599868774414,90.0,0.0,19.6,6.3,13.896633247501217,33.86898997425036
5978,28.0,26.67599868774414,90.0,0.0,19.3,6.4,23.519016420877332,35.055704926263196
5979,29.0,26.67599868774414,90.0,0.0,20.9,6.1,23.865053919108195,36.159516175732456
5980,27.5,26.67599868774414,90.0,0.0,20.8,5.7,16.828128648243933,32.54843859447318
5981,28.8,26.67599868774414,90.0,0.0,19.6,6.5,20.720059005731002,35.0160177017193
5982,26.6,26.67599868774414,90.0,0.0,20.4,6.2,18.87835808661367,32.2635074259841
5983,25.5,26.67599868774414,90.0,0.0,19.8,6.0,26.242141532793262,33.37264245983798
5984,27.7,26.67599868774414,90.0,0.0,19.8,6.1,22.453706908008677,34.4361120724026
5985,27.1,26.67599868774414,90.0,0.0,20.7,6.2,15.615192072722541,31.784557621816763
5986,29.6,26.67599868774414,90.0,0.0,19.6,5.9,14.436571447151072,33.93097143414532
5987,26.0,26.67599868774414,90.0,0.0,19.1,6.0,27.859785735949664,34.3579357207849
5988,29.2,26.67599868774414,90.0,0.0,19.7,6.2,26.624841155457695,37.18745234663731
5989,25.8,26.67599868774414,90.0,0.0,19.5,5.7,10.265712172518553,28.879713651755566
5990,25.7,26.67599868774414,90.0,0.0,19.8,6.0,28.720242593293978,34.3160727779882
5991,27.5,26.67599868774414,90.0,0.0,19.3,5.8,29.175159387378823,36.25254781621365
5992,29.5,26.67599868774414,90.0,0.0,21.0,6.2,24.49263936989984,36.84779181096995
5993,29.8,26.67599868774414,90.0,0.0,20.6,5.9,23.448224096374304,36.83446722891229
5994,26.3,26.67599868774414,90.0,0.0,19.6,6.5,15.179432945715618,30.853829883714685
5995,25.2,26.67599868774414,90.0,0.0,19.6,5.5,26.304303158461217,33.09129094753836
5996,26.4,26.67599868774414,90.0,0.0,20.0,6.5,13.632866997307723,30.489860099192313
5997,26.1,26.67599868774414,90.0,0.0,20.5,6.3,12.742340471659137,29.922702141497744
5998,28.7,26.67599868774414,90.0,0.0,19.6,5.8,20.739998240359952,34.921999472107984
5999,28.7,26.67599868774414,90.0,0.0,20.6,6.4,23.22466997585758,35.66740099275727
6000,29.3,26.57599830627441,91.0,0.0,20.7,5.5,23.48534769859129,36.34560430957739
6001,29.5,26.57599830627441,91.0,0.0,19.3,6.2,21.062816423663815,35.81884492709914
6002,28.2,26.57599830627441,91.0,0.0,20.2,6.1,22.278778368795923,34.883633510638774
6003,25.7,26.57599830627441,91.0,0.0,19.2,5.8,26.10637406215047,33.53191221864514
6004,25.8,26.57599830627441,91.0,0.0,20.4,6.2,28.959005995819965,34.48770179874599
6005,28.6,26.57599830627441,91.0,0.0,20.0,5.8,10.572979724676854,31.77189391740306
6006,27.0,26.57599830627441,91.0,0.0,20.3,5.6,17.071668016664958,32.12150040499949
6007,26.2,26.57599830627441,91.0,0.0,19.5,6.1,23.428447988171087,33.22853439645132
6008,29.9,26.57599830627441,91.0,0.0,20.6,6.3,27.39951757516287,38.11985527254886
6009,25.3,26.57599830627441,91.0,0.0,19.6,5.9,26.7794499874911,33.33383499624733
6010,25.2,26.57599830627441,91.0,0.0,19.8,6.4,15.39986004043977,29.81995801213193
6011,27.8,26.57599830627441,91.0,0.0,19.4,6.4,22.0628404747238,34.41885214241714
6012,27.5,26.57599830627441,91.0,0.0,21.0,6.4,18.26312857354112,32.97893857206233
6013,27.7,26.57599830627441,91.0,0.0,20.9,6.0,17.716807410904153,33.015042223271244
6014,26.1,26.57599830627441,91.0,0.0,20.6,5.9,11.431847623975127,29.52955428719254
6015,28.2,26.57599830627441,91.0,0.0,19.9,6.4,11.590852676654734,31.67725580299642
6016,29.1,26.57599830627441,91.0,0.0,20.6,5.9,21.713162997987585,35.61394889939628
6017,26.4,26.57599830627441,91.0,0.0,19.2,5.7,17.28752356668186,31.586257070004557
6018,25.6,26.57599830627441,91.0,0.0,19.2,5.6,16.55499597058533,30.5664987911756
6019,26.9,26.57599830627441,91.0,0.0,20.6,6.1,24.450775210802174,34.23523256324065
6020,29.7,26.57599830627441,91.0,0.0,20.5,6.1,19.094498577541863,35.42834957326256
6021,29.8,26.57599830627441,91.0,0.0,19.2,6.2,26.589576946037077,37.776873083811125
6022,27.8,26.57599830627441,91.0,0.0,20.2,5.8,10.58781928761759,30.97634578628528
6023,29.9,26.57599830627441,91.0,0.0,19.5,6.5,15.934029217700246,34.68020876531007
6024,27.6,26.57599830627441,91.0,0.0,20.2,6.4,18.41627159919586,33.124881479758756
6025,29.6,26.57599830627441,91.0,0.0,20.8,6.2,25.261612056897594,37.178483617069276
6026,26.9,26.57599830627441,91.0,0.0,20.2,6.4,20.75534112584602,33.1266023377538
6027,27.8,26.57599830627441,91.0,0.0,20.0,5.5,18.058915706425925,33.21767471192778
6028,29.3,26.57599830627441,91.0,0.0,20.1,6.0,25.34529489563905,36.903588468691716
6029,27.4,26.57599830627441,91.0,0.0,20.7,6.0,21.77273405985628,33.93182021795688
6030,29.9,26.57599830627441,91.0,0.0,19.3,6.3,13.59646839625859,33.97894051887758
6031,28.7,26.57599830627441,91.0,0.0,19.5,5.9,28.342348399059095,37.20270451971773
6032,28.3,26.57599830627441,91.0,0.0,19.3,6.1,17.44461688786928,33.533385066360786
6033,25.3,26.57599830627441,91.0,0.0,19.7,6.5,15.87315944145631,30.061947832436893
6034,27.4,26.57599830627441,91.0,0.0,19.5,6.4,14.843549571518146,31.85306487145544
6035,28.4,26.57599830627441,91.0,0.0,19.2,6.3,28.785731005759626,37.03571930172789
6036,25.0,26.57599830627441,91.0,0.0,20.3,5.8,25.36126479075044,32.60837943722513
6037,26.3,26.57599830627441,91.0,0.0,19.7,6.1,23.002305361262138,33.20069160837864
6038,28.1,26.57599830627441,91.0,0.0,19.5,6.1,23.870707727547853,35.261212318264356
6039,26.1,26.57599830627441,91.0,0.0,20.8,6.2,20.28640381688007,32.18592114506402
6040,29.0,26.57599830627441,91.0,0.0,20.0,6.0,15.26278394129595,33.57883518238879
6041,29.4,26.57599830627441,91.0,0.0,20.3,6.0,22.838581650680094,36.251574495204025
6042,26.9,26.57599830627441,91.0,0.0,20.6,5.8,25.99910518830643,34.699731556491926
6043,25.1,26.57599830627441,91.0,0.0,20.6,5.9,13.376805582651501,29.11304167479545
6044,25.6,26.57599830627441,91.0,0.0,19.4,5.7,21.180745009332636,31.954223502799792
6045,27.5,26.57599830627441,91.0,0.0,20.2,5.9,19.99795091650823,33.499385274952466
6046,29.2,26.57599830627441,91.0,0.0,19.8,5.9,16.007505833999893,34.00225175019997
6047,25.9,26.57599830627441,91.0,0.0,19.3,5.8,13.590048544029283,29.977014563208783
6048,28.5,26.57599830627441,91.0,0.0,20.3,5.6,15.574569160316434,33.17237074809493
6049,27.8,26.57599830627441,91.0,0.0,19.5,6.0,28.636371272215566,36.39091138166467
6050,28.6,26.57599830627441,91.0,0.0,19.4,5.8,10.354261799676042,31.706278539902815
6051,25.9,26.57599830627441,91.0,0.0,20.4,6.1,26.72657362666527,33.91797208799958
6052,29.8,26.57599830627441,91.0,0.0,20.2,5.8,15.61598827898125,34.484796483694375
6053,29.8,26.57599830627441,91.0,0.0,20.6,6.1,15.705979112814163,34.51179373384425
6054,29.6,26.57599830627441,91.0,0.0,20.8,6.2,28.227007517314384,38.06810225519432
6055,27.4,26.57599830627441,91.0,0.0,20.8,6.0,23.805475589849134,34.54164267695474
6056,27.1,26.57599830627441,91.0,0.0,20.6,5.7,16.449770031179668,32.034931009353905
6057,27.1,26.57599830627441,91.0,0.0,19.2,6.5,27.889857010399616,35.46695710311989
6058,30.0,26.57599830627441,91.0,0.0,19.1,5.7,11.500622445557855,33.45018673366736
6059,26.1,26.57599830627441,91.0,0.0,20.1,6.3,18.72368340852114,31.717105022556343
6060,25.9,26.57599830627441,92.0,0.0,20.0,6.0,17.278891012200134,31.08366730366004
6061,27.1,26.57599830627441,92.0,0.0,20.9,6.2,29.36747534538625,35.91024260361588
6062,27.5,26.57599830627441,92.0,0.0,20.6,6.2,13.918078071446626,31.675423421433987
6063,29.6,26.57599830627441,92.0,0.0,19.0,6.0,27.533434633490327,37.8600303900471
6064,25.3,26.57599830627441,92.0,0.0,19.0,6.2,14.563754927160453,29.669126478148137
6065,29.1,26.57599830627441,92.0,0.0,19.7,6.4,13.66995189398633,33.200985568195904
6066,25.9,26.57599830627441,92.0,0.0,20.6,5.9,13.359430366236628,29.90782910987099
6067,28.0,26.57599830627441,92.0,0.0,19.2,6.0,14.896171283182296,32.46885138495469
6068,29.6,26.57599830627441,92.0,0.0,20.5,5.7,14.652534785192453,33.995760435557735
6069,28.4,26.57599830627441,92.0,0.0,20.6,5.7,18.366947787606627,33.91008433628198
6070,26.5,26.57599830627441,92.0,0.0,20.0,6.1,25.014905759303133,34.00447172779094
6071,29.1,26.57599830627441,92.0,0.0,20.3,6.0,14.434724043495311,33.43041721304859
6072,28.8,26.57599830627441,92.0,0.0,20.9,5.6,11.361317198382672,32.2083951595148
6073,27.4,26.57599830627441,92.0,0.0,19.0,6.2,21.66683230931397,33.90004969279419
6074,29.5,26.57599830627441,92.0,0.0,19.7,6.1,24.2564803556903,36.77694410670709
6075,29.4,26.57599830627441,92.0,0.0,19.7,6.3,19.202327181327725,35.16069815439832
6076,28.4,26.57599830627441,92.0,0.0,20.3,6.0,20.79901527273569,34.63970458182071
6077,27.9,26.57599830627441,92.0,0.0,20.8,5.9,20.805814586827292,34.14174437604819
6078,28.8,26.57599830627441,92.0,0.0,19.8,6.5,11.419015916250261,32.22570477487508
6079,28.5,26.57599830627441,92.0,0.0,20.5,5.5,10.020620961209865,31.506186288362958
6080,27.1,26.57599830627441,92.0,0.0,19.3,6.4,10.755130890220626,30.326539267066188
6081,25.5,26.57599830627441,92.0,0.0,20.1,6.2,23.028699449409164,32.40860983482275
6082,28.3,26.57599830627441,92.0,0.0,20.8,5.6,24.835116605891752,35.75053498176753
6083,29.1,26.57599830627441,92.0,0.0,19.2,6.5,17.66973300138332,34.400919900415
6084,25.7,26.57599830627441,92.0,0.0,20.2,5.7,26.11976591501027,33.53592977450308
6085,29.5,26.57599830627441,92.0,0.0,19.6,5.9,11.155937621014795,32.84678128630444
6086,29.0,26.57599830627441,92.0,0.0,20.2,6.2,12.615750432941864,32.78472512988256
6087,26.4,26.57599830627441,92.0,0.0,20.3,6.0,15.209936643632787,30.962980993089836
6088,25.6,26.57599830627441,92.0,0.0,20.4,5.6,27.41187914731534,33.8235637441946
6089,27.3,26.57599830627441,92.0,0.0,20.8,6.0,16.47576315516561,32.24272894654968
6090,27.7,26.57599830627441,92.0,0.0,19.5,6.4,22.845405960589765,34.553621788176926
6091,29.9,26.57599830627441,92.0,0.0,20.1,6.0,11.02916370046064,33.20874911013819
6092,29.9,26.57599830627441,92.0,0.0,20.8,6.2,10.331502417909842,32.99945072537295
6093,27.6,26.57599830627441,92.0,0.0,20.2,5.7,25.39221750851447,35.21766525255434
6094,25.5,26.57599830627441,92.0,0.0,19.1,6.1,25.677800300713834,33.20334009021415
6095,26.7,26.57599830627441,92.0,0.0,19.4,6.4,10.075569321970493,29.722670796591146
6096,27.9,26.57599830627441,92.0,0.0,19.7,5.7,16.602192204732404,32.88065766141972
6097,27.5,26.57599830627441,92.0,0.0,20.6,6.0,18.505911167251625,33.05177335017549
6098,27.6,26.57599830627441,92.0,0.0,20.6,6.3,14.842119197668524,32.05263575930056
6099,29.4,26.57599830627441,92.0,0.0,20.8,6.1,12.730583701052186,33.21917511031565
6100,27.7,26.57599830627441,92.0,0.0,19.6,5.6,10.62818133512808,30.88845440053842
6101,28.3,26.57599830627441,92.0,0.0,20.4,6.0,12.863594501573946,32.159078350472186
6102,25.8,26.57599830627441,92.0,0.0,20.5,6.5,23.72794322054878,32.918382966164636
6103,28.2,26.57599830627441,92.0,0.0,20.5,5.8,20.951974339475782,34.485592301842736
6104,29.6,26.57599830627441,92.0,0.0,20.3,5.9,20.94619434038018,35.88385830211406
6105,29.2,26.57599830627441,92.0,0.0,20.6,6.5,26.434960665635,37.1304881996905
6106,27.3,26.57599830627441,92.0,0.0,20.5,6.4,19.300535287030677,33.09016058610921
6107,25.4,26.57599830627441,92.0,0.0,19.8,5.8,24.67827882445794,32.80348364733738
6108,26.0,26.57599830627441,92.0,0.0,19.4,5.8,15.662224727186477,30.698667418155942
6109,27.2,26.57599830627441,92.0,0.0,21.0,5.7,24.71699603545055,34.61509881063516
6110,26.9,26.57599830627441,92.0,0.0,19.9,6.1,23.25707020731843,33.87712106219553
6111,25.8,26.57599830627441,92.0,0.0,20.4,5.9,16.545026041232056,30.763507812369618
6112,25.3,26.57599830627441,92.0,0.0,20.6,5.7,17.75053445115564,30.625160335346692
6113,29.9,26.57599830627441,92.0,0.0,20.9,5.6,29.946521899969806,38.88395656999094
6114,29.0,26.57599830627441,92.0,0.0,20.3,6.4,23.388148712779746,36.016444613833926
6115,27.9,26.57599830627441,92.0,0.0,19.6,6.0,29.085665004044895,36.62569950121347
6116,28.8,26.57599830627441,92.0,0.0,20.0,6.1,18.988935124194164,34.49668053725825
6117,25.1,26.57599830627441,92.0,0.0,20.0,6.0,15.022990557791706,29.606897167337515
6118,26.3,26.57599830627441,92.0,0.0,20.0,5.7,24.45016151043858,33.635048453131574
6119,29.2,26.57599830627441,92.0,0.0,19.7,5.8,21.070881840416945,35.52126455212508
6120,28.9,26.72599983215332,92.0,0.0,19.3,6.4,13.024616379544174,32.80738491386325
6121,26.2,26.72599983215332,92.0,0.0,19.8,6.4,12.312059762736155,29.893617928820845
6122,27.4,26.72599983215332,92.0,0.0,20.7,6.4,29.046732095931244,36.114019628779374
6123,27.2,26.72599983215332,92.0,0.0,19.2,6.4,18.194924437857466,32.65847733135724
6124,25.7,26.72599983215332,92.0,0.0,20.7,5.5,12.564349185305502,29.46930475559165
6125,25.9,26.72599983215332,92.0,0.0,20.0,5.5,25.25188664509684,33.47556599352905
6126,25.3,26.72599983215332,92.0,0.0,19.3,6.0,19.03974366939143,31.01192310081743
6127,26.9,26.72599983215332,92.0,0.0,20.6,6.2,26.291134166257756,34.787340249877325
6128,26.7,26.72599983215332,92.0,0.0,20.2,6.4,13.09168247325408,30.627504741976225
6129,29.6,26.72599983215332,92.0,0.0,19.4,6.1,27.91139943593476,37.97341983078043
6130,25.7,26.72599983215332,92.0,0.0,20.7,6.3,21.203468842947977,32.061040652884394
6131,27.2,26.72599983215332,92.0,0.0,19.7,5.9,16.587443004243376,32.17623290127301
6132,27.6,26.72599983215332,92.0,0.0,20.8,6.1,13.81974321143442,31.745922963430328
6133,26.6,26.72599983215332,92.0,0.0,20.3,6.1,26.235086898569847,34.47052606957095
6134,29.9,26.72599983215332,92.0,0.0,19.6,5.6,13.77322714005415,34.03196814201624
6135,27.2,26.72599983215332,92.0,0.0,20.8,5.6,27.490386422926658,35.447115926878
6136,26.2,26.72599983215332,92.0,0.0,19.4,5.9,10.285270297414863,29.285581089224458
6137,25.3,26.72599983215332,92.0,0.0,20.4,6.1,18.209822006147434,30.76294660184423
6138,27.0,26.72599983215332,92.0,0.0,20.6,6.1,29.958259934113112,35.98747798023393
6139,27.6,26.72599983215332,92.0,0.0,19.5,5.6,12.839735133188432,31.451920539956532
6140,27.1,26.72599983215332,92.0,0.0,20.8,6.3,18.27034672213719,32.581104016641156
6141,26.5,26.72599983215332,92.0,0.0,19.7,6.3,20.782977047451524,32.734893114235454
6142,26.8,26.72599983215332,92.0,0.0,20.5,6.4,12.369392357369989,30.510817707210997
6143,27.0,26.72599983215332,92.0,0.0,20.9,5.9,20.294779993868957,33.08843399816069
6144,27.6,26.72599983215332,92.0,0.0,19.9,5.5,25.363011198449946,35.208903359534986
6145,27.6,26.72599983215332,92.0,0.0,19.2,6.4,13.796182048188436,31.738854614456532
6146,25.6,26.72599983215332,92.0,0.0,21.0,5.6,10.70547515013828,28.811642545041487
6147,29.5,26.72599983215332,92.0,0.0,19.3,5.9,15.722782119605018,34.216834635881504
6148,27.6,26.72599983215332,92.0,0.0,20.6,6.4,12.513662675122665,31.3540988025368
6149,26.4,26.72599983215332,92.0,0.0,19.7,6.0,17.446593951974712,31.63397818559241
6150,28.3,26.72599983215332,92.0,0.0,21.0,6.0,14.928565533499306,32.77856966004979
6151,26.7,26.72599983215332,92.0,0.0,20.2,6.1,26.667587487333787,34.70027624620013
6152,29.5,26.72599983215332,92.0,0.0,19.2,5.5,17.12473284476544,34.637419853429634
6153,26.7,26.72599983215332,92.0,0.0,20.0,5.6,25.646178138859746,34.393853441657924
6154,25.1,26.72599983215332,92.0,0.0,19.6,6.1,28.872375793078298,33.76171273792349
6155,29.2,26.72599983215332,92.0,0.0,20.6,6.4,19.264369110115723,34.979310733034715
6156,28.6,26.72599983215332,92.0,0.0,19.7,6.3,27.308414724328497,36.79252441729855
6157,26.9,26.72599983215332,92.0,0.0,19.7,6.2,28.5763206172508,35.47289618517524
6158,28.6,26.72599983215332,92.0,0.0,19.5,6.1,22.719602497161585,35.41588074914848
6159,28.2,26.72599983215332,92.0,0.0,19.5,5.5,16.94552639321156,33.28365791796347
6160,27.2,26.72599983215332,92.0,0.0,20.7,5.9,26.83590132547671,35.25077039764301
6161,27.9,26.72599983215332,92.0,0.0,19.2,6.0,17.56090787220189,33.16827236166056
6162,25.1,26.72599983215332,92.0,0.0,19.5,6.3,16.52496518786731,30.057489556360196
6163,26.5,26.72599983215332,92.0,0.0,19.9,5.6,11.811688021373332,30.043506406412
6164,25.9,26.72599983215332,92.0,0.0,20.6,5.9,12.804996136195516,29.741498840858654
6165,27.8,26.72599983215332,92.0,0.0,20.0,6.4,14.398566065964598,32.119569819789376
6166,28.5,26.72599983215332,92.0,0.0,19.7,5.8,16.52983541155733,33.458950623467196
6167,28.2,26.72599983215332,92.0,0.0,19.8,6.2,13.145693685940733,32.14370810578222
6168,25.5,26.72599983215332,92.0,0.0,21.0,5.8,28.61743891457947,34.085231674373844
6169,26.9,26.72599983215332,92.0,0.0,20.3,5.8,13.721180330290863,31.01635409908726
6170,29.2,26.72599983215332,92.0,0.0,20.1,5.9,24.52261629624457,36.556784888873366
6171,25.2,26.72599983215332,92.0,0.0,19.1,6.1,12.723352326191161,29.017005697857346
6172,25.0,26.72599983215332,92.0,0.0,20.9,6.4,15.16012870964854,29.548038612894562
6173,25.6,26.72599983215332,92.0,0.0,20.4,6.2,22.343327448503757,32.302998234551126
6174,27.0,26.72599983215332,92.0,0.0,20.8,5.6,18.359114451111438,32.50773433533343
6175,26.4,26.72599983215332,92.0,0.0,21.0,6.1,10.45901902193233,29.537705706579697
6176,25.0,26.72599983215332,92.0,0.0,20.2,5.6,12.150514086548021,28.645154225964404
6177,28.3,26.72599983215332,92.0,0.0,19.4,6.0,26.02508641317119,36.10752592395136
6178,26.1,26.72599983215332,92.0,0.0,21.0,6.4,25.771274666317026,33.831382399895105
6179,29.5,26.72599983215332,92.0,0.0,20.1,5.8,18.61040747573915,35.08312224272174
6180,25.9,27.32599830627441,90.0,0.0,20.1,6.2,20.963884712533215,32.189165413759966
6181,29.9,27.32599830627441,90.0,0.0,19.5,6.4,17.132360324906024,35.0397080974718
6182,27.7,27.32599830627441,90.0,0.0,20.8,6.0,25.99886613558195,35.49965984067458
6183,28.5,27.32599830627441,90.0,0.0,19.4,5.9,15.340750533291613,33.10222515998748
6184,25.7,27.32599830627441,90.0,0.0,19.5,5.6,21.92148482538738,32.27644544761621
6185,28.8,27.32599830627441,90.0,0.0,21.0,6.0,28.212197340560156,37.26365920216804
6186,26.0,27.32599830627441,90.0,0.0,19.0,6.5,17.430082655551068,31.22902479666532
6187,25.0,27.32599830627441,90.0,0.0,19.5,6.0,23.223655119931543,31.96709653597946
6188,29.2,27.32599830627441,90.0,0.0,20.6,6.1,17.639521768168393,34.49185653045052
6189,27.6,27.32599830627441,90.0,0.0,20.6,6.4,23.996362972379636,34.79890889171389
6190,26.0,27.32599830627441,90.0,0.0,20.8,5.5,29.1338426674252,34.74015280022756
6191,26.0,27.32599830627441,90.0,0.0,19.5,6.2,26.234816367175647,33.87044491015269
6192,25.4,27.32599830627441,90.0,0.0,19.7,5.9,13.63160223580865,29.489480670742594
6193,28.7,27.32599830627441,90.0,0.0,20.8,5.7,16.602131038541863,33.68063931156256
6194,27.7,27.32599830627441,90.0,0.0,20.3,6.1,15.277681904688121,32.28330457140643
6195,29.2,27.32599830627441,90.0,0.0,19.1,5.6,21.239070423143826,35.571721126943146
6196,26.2,27.32599830627441,90.0,0.0,20.0,5.9,21.8003885391454,32.74011656174362
6197,28.3,27.32599830627441,90.0,0.0,19.6,6.4,19.257865440061153,34.07735963201834
6198,28.3,27.32599830627441,90.0,0.0,21.0,6.4,16.244391507478255,33.17331745224348
6199,28.6,27.32599830627441,90.0,0.0,20.1,5.8,15.66922187557742,33.300766562673225
6200,27.9,27.32599830627441,90.0,0.0,19.3,5.9,20.95075846475356,34.185227539426066
6201,29.5,27.32599830627441,90.0,0.0,20.7,5.5,22.57159570448451,36.27147871134535
6202,26.6,27.32599830627441,90.0,0.0,20.1,6.2,28.56909410832895,35.17072823249869
6203,29.6,27.32599830627441,90.0,0.0,20.5,6.5,20.59045464676038,35.77713639402812
6204,27.8,27.32599830627441,90.0,0.0,19.2,5.7,13.719222251926912,31.915766675578073
6205,26.2,27.32599830627441,90.0,0.0,20.8,6.3,12.870428481334844,30.061128544400454
6206,25.6,27.32599830627441,90.0,0.0,20.9,6.3,16.205428730353468,30.46162861910604
6207,29.6,27.32599830627441,90.0,0.0,20.1,6.4,14.249467204006292,33.87484016120189
6208,30.0,27.32599830627441,90.0,0.0,20.8,6.3,29.341283661481896,38.80238509844457
6209,28.4,27.32599830627441,90.0,0.0,19.3,5.9,18.97728564134153,34.09318569240246
6210,29.8,27.32599830627441,90.0,0.0,19.6,5.8,18.460560173974873,35.338168052192465
6211,26.7,27.32599830627441,90.0,0.0,20.7,5.6,20.50336834217204,32.85101050265161
6212,26.7,27.32599830627441,90.0,0.0,19.6,6.1,24.769153010168182,34.13074590305045
6213,28.4,27.32599830627441,90.0,0.0,19.6,6.2,17.054368816821917,33.51631064504657
6214,29.0,27.32599830627441,90.0,0.0,20.9,5.6,28.84803360433277,37.65441008129983
6215,27.4,27.32599830627441,90.0,0.0,20.1,6.4,27.582957501602692,35.67488725048081
6216,28.9,27.32599830627441,90.0,0.0,20.8,6.4,21.1719836194362,35.25159508583086
6217,27.5,27.32599830627441,90.0,0.0,20.2,5.5,12.503979385997754,31.251193815799326
6218,29.9,27.32599830627441,90.0,0.0,20.7,6.0,25.43219651500282,37.529658954500846
6219,30.0,27.32599830627441,90.0,0.0,20.3,5.8,16.80137705269854,35.040413115809564
6220,29.6,27.32599830627441,90.0,0.0,20.3,6.1,18.27447799955147,35.082343399865444
6221,28.3,27.32599830627441,90.0,0.0,19.9,6.1,26.428164401061295,36.22844932031839
6222,25.7,27.32599830627441,90.0,0.0,19.6,6.0,25.932413118526057,33.479723935557814
6223,29.5,27.32599830627441,90.0,0.0,20.0,6.3,11.033150900951181,32.809945270285354
6224,27.9,27.32599830627441,90.0,0.0,20.3,6.3,27.348368162686597,36.104510448805975
6225,29.5,27.32599830627441,90.0,0.0,20.3,5.7,19.522251657605658,35.3566754972817
6226,28.8,27.32599830627441,90.0,0.0,20.6,5.6,27.095761571077265,36.92872847132318
6227,26.3,27.32599830627441,90.0,0.0,20.0,6.5,19.62096570781125,32.186289712343374
6228,27.4,27.32599830627441,90.0,0.0,19.4,5.7,27.977297857189132,35.793189357156734
6229,28.7,27.32599830627441,90.0,0.0,19.4,5.6,26.15422004401044,36.54626601320313
6230,27.1,27.32599830627441,90.0,0.0,20.3,6.5,24.795345656449992,34.538603696935
6231,25.8,27.32599830627441,90.0,0.0,19.5,5.8,14.15820997262961,30.047462991788883
6232,28.9,27.32599830627441,90.0,0.0,20.5,6.2,24.879189884481633,36.363756965344486
6233,25.6,27.32599830627441,90.0,0.0,20.0,6.0,15.853471267198243,30.356041380159475
6234,26.9,27.32599830627441,90.0,0.0,19.8,5.5,12.13459859018618,30.54037957705585
6235,28.5,27.32599830627441,90.0,0.0,19.7,5.9,20.6131508783954,34.683945263518616
6236,25.8,27.32599830627441,90.0,0.0,19.6,6.4,16.195747260230476,30.658724178069143
6237,29.8,27.32599830627441,90.0,0.0,19.6,5.7,12.551296587363051,33.565388976208915
6238,29.2,27.32599830627441,90.0,0.0,20.7,6.3,11.116517243842363,32.53495517315271
6239,27.9,27.32599830627441,90.0,0.0,20.7,6.0,29.873267969852066,36.861980390955615
6240,25.1,28.625999450683597,83.0,0.0,19.7,5.6,10.280794070248502,28.18423822107455
6241,25.3,28.625999450683597,83.0,0.0,21.0,5.7,24.493267421273437,32.64798022638203
6242,29.2,28.625999450683597,83.0,0.0,20.5,6.3,15.942985869787167,33.982895760936145
6243,27.0,28.625999450683597,83.0,0.0,19.9,6.0,26.4636344583021,34.939090337490626
6244,26.2,28.625999450683597,83.0,0.0,20.4,6.4,15.630112595475206,30.88903377864256
6245,29.7,28.625999450683597,83.0,0.0,20.4,6.2,22.335951280285325,36.400785384085594
6246,28.3,28.625999450683597,83.0,0.0,19.2,6.4,22.782968789342192,35.13489063680266
6247,25.2,28.625999450683597,83.0,0.0,20.2,6.4,14.425234921870043,29.52757047656101
6248,29.5,28.625999450683597,83.0,0.0,19.7,6.1,11.776529995068438,33.032958998520535
6249,28.3,28.625999450683597,83.0,0.0,19.0,6.4,26.675874633967354,36.30276239019021
6250,28.0,28.625999450683597,83.0,0.0,19.8,5.9,18.875363609657676,33.662609082897305
6251,29.9,28.625999450683597,83.0,0.0,20.4,5.9,18.027949224425633,35.30838476732769
6252,25.9,28.625999450683597,83.0,0.0,19.2,5.6,28.97044526047512,34.59113357814253
6253,29.5,28.625999450683597,83.0,0.0,20.1,6.5,21.53589484414872,35.96076845324462
6254,26.8,28.625999450683597,83.0,0.0,20.7,6.2,25.999824014133992,34.599947204240195
6255,30.0,28.625999450683597,83.0,0.0,20.2,6.1,15.184323779232054,34.55529713376961
6256,25.0,28.625999450683597,83.0,0.0,19.1,5.7,10.586113781603032,28.17583413448091
6257,29.3,28.625999450683597,83.0,0.0,19.7,6.0,15.774589714844913,34.03237691445347
6258,28.6,28.625999450683597,83.0,0.0,20.0,5.8,21.874270193473308,35.16228105804199
6259,25.1,28.625999450683597,83.0,0.0,20.9,5.6,25.759413166922393,32.82782395007672
6260,25.4,28.625999450683597,83.0,0.0,19.6,5.9,15.742241949867623,30.122672584960284
6261,27.9,28.625999450683597,83.0,0.0,19.2,6.0,25.454024690243138,35.536207407072936
6262,29.2,28.625999450683597,83.0,0.0,19.1,6.3,22.344034507831232,35.90321035234937
6263,28.9,28.625999450683597,83.0,0.0,19.6,5.7,13.543777564813809,32.96313326944414
6264,29.6,28.625999450683597,83.0,0.0,20.7,5.7,29.093043766616177,38.32791312998485
6265,29.2,28.625999450683597,83.0,0.0,20.5,5.7,18.396757793959665,34.7190273381879
6266,25.6,28.625999450683597,83.0,0.0,19.8,5.8,19.163006297327865,31.34890188919836
6267,27.7,28.625999450683597,83.0,0.0,19.6,6.4,26.60564572265015,35.681693716795046
6268,28.8,28.625999450683597,83.0,0.0,20.6,5.8,26.32934278218418,36.698802834655254
6269,26.4,28.625999450683597,83.0,0.0,21.0,6.0,18.838586488177,32.0515759464531
6270,26.9,28.625999450683597,83.0,0.0,20.1,6.4,16.383438410673172,31.81503152320195
6271,29.1,28.625999450683597,83.0,0.0,19.0,6.2,21.28113795811427,35.484341387434284
6272,28.1,28.625999450683597,83.0,0.0,20.1,5.7,17.66015668741717,33.398047006225156
6273,26.8,28.625999450683597,83.0,0.0,19.6,6.1,19.501803638145166,32.65054109144355
6274,26.2,28.625999450683597,83.0,0.0,19.4,6.0,10.453573975347702,29.33607219260431
6275,28.7,28.625999450683597,83.0,0.0,20.7,5.7,18.66295922393908,34.298887767181725
6276,26.8,28.625999450683597,83.0,0.0,20.5,6.3,21.338262690154814,33.20147880704644
6277,27.8,28.625999450683597,83.0,0.0,20.6,5.7,20.411576278322595,33.92347288349678
6278,27.7,28.625999450683597,83.0,0.0,19.8,6.4,13.197102858391423,31.659130857517425
6279,27.7,28.625999450683597,83.0,0.0,19.3,5.9,27.58051234716671,35.97415370415001
6280,28.6,28.625999450683597,83.0,0.0,20.7,5.9,17.72891607431113,33.91867482229334
6281,28.5,28.625999450683597,83.0,0.0,19.9,5.6,23.69680787776334,35.609042363329
6282,26.3,28.625999450683597,83.0,0.0,19.5,6.4,18.1530573057099,31.74591719171297
6283,29.1,28.625999450683597,83.0,0.0,19.6,6.2,21.407098524906065,35.52212955747182
6284,27.7,28.625999450683597,83.0,0.0,20.4,5.7,16.69989313653338,32.70996794096001
6285,26.2,28.625999450683597,83.0,0.0,19.6,5.9,17.070678914061062,31.321203674218317
6286,25.7,28.625999450683597,83.0,0.0,20.3,6.2,17.043355951298615,30.813006785389582
6287,26.4,28.625999450683597,83.0,0.0,20.4,5.8,29.875815508793185,35.36274465263796
6288,27.8,28.625999450683597,83.0,0.0,19.3,5.9,24.24473281527724,35.07341984458317
6289,25.6,28.625999450683597,83.0,0.0,21.0,6.5,10.714829742171476,28.814448922651444
6290,27.0,28.625999450683597,83.0,0.0,19.5,5.9,17.009285169698636,32.10278555090959
6291,27.8,28.625999450683597,83.0,0.0,20.2,6.4,22.011400644329008,34.4034201932987
6292,29.2,28.625999450683597,83.0,0.0,20.1,5.5,10.994207471907593,32.49826224157228
6293,25.9,28.625999450683597,83.0,0.0,19.8,6.4,22.064856486419842,32.51945694592595
6294,27.8,28.625999450683597,83.0,0.0,19.8,6.0,10.102958628700447,30.830887588610135
6295,26.8,28.625999450683597,83.0,0.0,19.9,6.0,29.169658437562486,35.550897531268745
6296,26.1,28.625999450683597,83.0,0.0,19.6,5.6,25.293205575599554,33.68796167267987
6297,25.1,28.625999450683597,83.0,0.0,19.9,6.2,22.56139531913561,31.868418595740685
6298,27.0,28.625999450683597,83.0,0.0,20.5,5.7,28.205543970540482,35.461663191162145
6299,27.7,28.625999450683597,83.0,0.0,19.2,5.6,26.54793399349025,35.66438019804708
6300,29.3,30.42599868774414,73.0,0.0,19.5,5.8,15.487939992643458,33.94638199779304
6301,27.6,30.42599868774414,73.0,0.0,19.6,6.0,23.383325943621024,34.61499778308631
6302,29.8,30.42599868774414,73.0,0.0,19.6,5.8,18.76516797093926,35.42955039128178
6303,25.8,30.42599868774414,73.0,0.0,20.5,6.4,24.344182338654598,33.10325470159638
6304,27.3,30.42599868774414,73.0,0.0,20.9,6.0,13.704925887739519,31.411477766321855
6305,25.8,30.42599868774414,73.0,0.0,19.6,5.9,16.12599861174034,30.637799583522103
6306,29.3,30.42599868774414,73.0,0.0,19.8,5.7,22.289315158707396,35.98679454761222
6307,26.0,30.42599868774414,73.0,0.0,20.3,5.9,17.7836576626896,31.33509729880688
6308,26.7,30.42599868774414,73.0,0.0,20.5,6.1,16.765565950389824,31.729669785116947
6309,28.5,30.42599868774414,73.0,0.0,19.9,6.1,20.84896603554961,34.754689810664885
6310,27.4,30.42599868774414,73.0,0.0,20.4,6.0,26.134212846280178,35.24026385388405
6311,27.7,30.42599868774414,73.0,0.0,20.2,5.7,16.446053955421043,32.63381618662631
6312,29.2,30.42599868774414,73.0,0.0,20.7,5.7,23.058390501797334,36.1175171505392
6313,25.6,30.42599868774414,73.0,0.0,19.3,5.9,13.951357700730602,29.78540731021918
6314,28.7,30.42599868774414,73.0,0.0,19.8,5.6,20.080050132058084,34.72401503961743
6315,28.3,30.42599868774414,73.0,0.0,20.0,6.3,25.481661628163057,35.944498488448914
6316,27.3,30.42599868774414,73.0,0.0,20.9,6.4,18.88994560904507,32.96698368271352
6317,26.2,30.42599868774414,73.0,0.0,20.4,6.5,21.238688813119623,32.57160664393589
6318,29.7,30.42599868774414,73.0,0.0,19.3,5.8,21.82238072700114,36.246714218100344
6319,28.4,30.42599868774414,73.0,0.0,20.6,6.2,14.613009883565573,32.78390296506967
6320,29.5,30.42599868774414,73.0,0.0,20.9,5.7,12.548649428737203,33.26459482862116
6321,29.8,30.42599868774414,73.0,0.0,19.6,5.6,25.610662840008207,37.48319885200246
6322,29.5,30.42599868774414,73.0,0.0,20.7,6.1,29.67753698105706,38.403261094317116
6323,27.1,30.42599868774414,73.0,0.0,20.3,6.2,12.865402834848322,30.9596208504545
6324,26.8,30.42599868774414,73.0,0.0,20.6,6.1,10.586111089928288,29.97583332697849
6325,28.6,30.42599868774414,73.0,0.0,19.4,5.6,22.05977066625418,35.217931199876254
6326,26.8,30.42599868774414,73.0,0.0,19.9,6.2,16.65814216984984,31.797442650954952
6327,29.4,30.42599868774414,73.0,0.0,19.6,6.4,17.309222644126145,34.59276679323784
6328,25.9,30.42599868774414,73.0,0.0,20.7,5.8,29.79659450714295,34.83897835214288
6329,27.2,30.42599868774414,73.0,0.0,19.9,6.3,28.319243240561097,35.69577297216833
6330,26.9,30.42599868774414,73.0,0.0,20.1,6.3,27.134612414559037,35.04038372436771
6331,25.4,30.42599868774414,73.0,0.0,20.6,5.7,19.01608395047081,31.10482518514124
6332,28.0,30.42599868774414,73.0,0.0,19.4,6.4,19.11298773565615,33.73389632069684
6333,29.6,30.42599868774414,73.0,0.0,19.3,6.3,16.972774373860773,34.69183231215823
6334,29.6,30.42599868774414,73.0,0.0,19.3,6.0,21.90198286941436,36.17059486082431
6335,27.0,30.42599868774414,73.0,0.0,19.8,5.7,28.313376002816447,35.494012800844935
6336,26.7,30.42599868774414,73.0,0.0,19.9,6.4,27.97060113326052,35.09118033997815
6337,29.6,30.42599868774414,73.0,0.0,19.7,6.2,13.725346385932331,33.7176039157797
6338,30.0,30.42599868774414,73.0,0.0,19.3,6.2,18.646210604270692,35.59386318128121
6339,29.5,30.42599868774414,73.0,0.0,20.5,6.1,21.053434956210317,35.8160304868631
6340,28.5,30.42599868774414,73.0,0.0,19.5,6.0,11.19022977518241,31.85706893255472
6341,28.5,30.42599868774414,73.0,0.0,20.9,6.3,12.99667368325517,32.39900210497655
6342,29.8,30.42599868774414,73.0,0.0,20.6,5.9,14.543762634139998,34.163128790242
6343,27.2,30.42599868774414,73.0,0.0,19.6,6.2,11.100352080575442,30.53010562417263
6344,25.4,30.42599868774414,73.0,0.0,20.4,6.4,13.759962156521645,29.52798864695649
6345,28.8,30.42599868774414,73.0,0.0,20.6,6.1,28.312433691020576,37.293730107306175
6346,26.2,30.42599868774414,73.0,0.0,19.8,6.3,19.015732665629187,31.904719799688756
6347,27.4,30.42599868774414,73.0,0.0,20.2,5.9,17.300871927050448,32.59026157811513
6348,27.9,30.42599868774414,73.0,0.0,20.5,6.0,23.879475155986885,35.06384254679607
6349,27.0,30.42599868774414,73.0,0.0,19.7,6.4,19.026114053713137,32.70783421611394
6350,29.0,30.42599868774414,73.0,0.0,20.7,5.8,22.01595365301536,35.60478609590461
6351,28.0,30.42599868774414,73.0,0.0,19.1,6.2,25.781975011547125,35.734592503464135
6352,29.5,30.42599868774414,73.0,0.0,19.0,5.9,10.342145027094814,32.602643508128445
6353,26.0,30.42599868774414,73.0,0.0,20.3,6.1,21.134409428792925,32.34032282863788
6354,26.6,30.42599868774414,73.0,0.0,19.8,5.6,26.476761147129068,34.54302834413872
6355,29.0,30.42599868774414,73.0,0.0,19.5,6.0,14.464890408600677,33.3394671225802
6356,25.6,30.42599868774414,73.0,0.0,19.5,6.1,12.431559307550032,29.32946779226501
6357,28.1,30.42599868774414,73.0,0.0,20.3,5.7,28.817432953015803,36.74522988590474
6358,27.9,30.42599868774414,73.0,0.0,21.0,6.1,21.20029557427833,34.260088672283494
6359,27.1,30.42599868774414,73.0,0.0,20.5,6.4,11.353686316616216,30.506105894984866
6360,25.7,32.0260009765625,64.0,0.0,19.1,6.4,15.654949085243363,30.396484725573007
6361,27.8,32.0260009765625,64.0,0.0,20.8,5.5,20.407559525243446,33.92226785757303
6362,28.5,32.0260009765625,64.0,0.0,19.1,6.1,29.884509197041137,37.46535275911234
6363,26.6,32.0260009765625,64.0,0.0,19.6,5.5,14.970453204801714,31.091135961440514
6364,29.4,32.0260009765625,64.0,0.0,20.0,5.6,18.38105989766681,34.91431796930004
6365,25.4,32.0260009765625,64.0,0.0,19.5,5.9,14.779444745146435,29.83383342354393
6366,26.6,32.0260009765625,64.0,0.0,19.3,6.3,16.39111066211453,31.51733319863436
6367,27.4,32.0260009765625,64.0,0.0,19.2,6.4,22.594696073410972,34.17840882202329
6368,28.1,32.0260009765625,64.0,0.0,19.8,6.5,23.787311660434085,35.23619349813023
6369,27.8,32.0260009765625,64.0,0.0,20.6,5.8,27.50182270488117,36.05054681146435
6370,27.0,32.0260009765625,64.0,0.0,20.1,5.8,18.47389815882567,32.5421694476477
6371,28.1,32.0260009765625,64.0,0.0,20.0,5.6,14.473794955076078,32.44213848652282
6372,29.4,32.0260009765625,64.0,0.0,19.8,6.2,17.183446289905184,34.55503388697156
6373,25.4,32.0260009765625,64.0,0.0,20.8,5.9,11.957297351078772,28.98718920532363
6374,27.0,32.0260009765625,64.0,0.0,19.2,6.0,10.621938602282931,30.18658158068488
6375,28.4,32.0260009765625,64.0,0.0,19.2,6.2,10.652253904390927,31.595676171317276
6376,28.7,32.0260009765625,64.0,0.0,20.4,5.5,12.779664591243689,32.5338993773731
6377,25.3,32.0260009765625,64.0,0.0,20.9,5.7,29.447739759525177,34.134321927857556
6378,26.4,32.0260009765625,64.0,0.0,20.1,6.0,14.83724824045349,30.851174472136044
6379,29.4,32.0260009765625,64.0,0.0,19.1,5.8,27.184033961792885,37.55521018853786
6380,27.2,32.0260009765625,64.0,0.0,20.1,5.7,19.349781835136927,33.00493455054108
6381,29.5,32.0260009765625,64.0,0.0,19.5,5.8,22.501963092399638,36.25058892771989
6382,25.1,32.0260009765625,64.0,0.0,19.5,6.4,26.39521595581585,33.018564786744754
6383,29.6,32.0260009765625,64.0,0.0,19.8,6.2,22.231770031663164,36.26953100949895
6384,26.4,32.0260009765625,64.0,0.0,19.1,6.2,22.617190405518826,33.18515712165565
6385,28.6,32.0260009765625,64.0,0.0,19.5,6.4,19.448913791480464,34.43467413744414
6386,26.6,32.0260009765625,64.0,0.0,20.4,5.5,22.509334383668026,33.35280031510041
6387,28.4,32.0260009765625,64.0,0.0,19.3,5.6,25.379620602947323,36.01388618088419
6388,28.6,32.0260009765625,64.0,0.0,20.8,6.0,21.620125577723584,35.08603767331708
6389,28.7,32.0260009765625,64.0,0.0,20.3,6.3,29.11182761266421,37.43354828379926
6390,25.4,32.0260009765625,64.0,0.0,19.8,6.3,16.554607884069416,30.366382365220822
6391,27.9,32.0260009765625,64.0,0.0,19.1,6.1,25.24288547156907,35.47286564147072
6392,29.4,32.0260009765625,64.0,0.0,19.4,5.6,25.430879910326908,37.02926397309807
6393,29.3,32.0260009765625,64.0,0.0,19.0,5.8,19.86592441425727,35.25977732427718
6394,26.8,32.0260009765625,64.0,0.0,19.7,5.8,28.15407122944931,35.246221368834796
6395,27.5,32.0260009765625,64.0,0.0,20.1,6.0,22.50813933420799,34.252441800262396
6396,29.0,32.0260009765625,64.0,0.0,20.1,5.7,14.274780673302729,33.28243420199082
6397,26.6,32.0260009765625,64.0,0.0,20.5,5.8,23.268988893157054,33.580696667947116
6398,25.4,32.0260009765625,64.0,0.0,20.0,5.9,27.55413461723181,33.666240385169544
6399,26.0,32.0260009765625,64.0,0.0,19.4,6.4,24.4864122997625,33.34592368992875
6400,27.7,32.0260009765625,64.0,0.0,19.8,5.6,23.83666455992916,34.850999367978744
6401,28.7,32.0260009765625,64.0,0.0,20.8,5.7,18.02174273949294,34.10652282184788
6402,27.0,32.0260009765625,64.0,0.0,20.3,5.8,19.07797536489323,32.72339260946797
6403,25.2,32.0260009765625,64.0,0.0,20.3,6.3,22.1020939718816,31.83062819156448
6404,29.2,32.0260009765625,64.0,0.0,20.8,6.1,22.784540306378055,36.03536209191341
6405,27.3,32.0260009765625,64.0,0.0,20.6,6.3,25.609580673570704,34.982874202071216
6406,27.0,32.0260009765625,64.0,0.0,20.7,5.7,12.025438324728661,30.6076314974186
6407,28.1,32.0260009765625,64.0,0.0,19.8,5.9,28.97835303597286,36.79350591079186
6408,25.0,32.0260009765625,64.0,0.0,19.1,6.3,21.25147967596143,31.37544390278843
6409,28.4,32.0260009765625,64.0,0.0,20.2,5.8,13.55600017078666,32.466800051236
6410,27.0,32.0260009765625,64.0,0.0,20.9,5.9,12.393848453128939,30.71815453593868
6411,25.6,32.0260009765625,64.0,0.0,20.4,6.2,17.843603325702485,30.953080997710746
6412,27.3,32.0260009765625,64.0,0.0,19.0,5.7,23.957533072152586,34.48725992164577
6413,29.1,32.0260009765625,64.0,0.0,19.8,6.1,10.78148566369258,32.334445699107775
6414,27.9,32.0260009765625,64.0,0.0,19.2,6.0,15.434671024843404,32.53040130745302
6415,27.2,32.0260009765625,64.0,0.0,20.4,6.4,20.70148726457394,33.41044617937218
6416,25.0,32.0260009765625,64.0,0.0,19.0,6.1,15.481897606671408,29.64456928200142
6417,27.8,32.0260009765625,64.0,0.0,20.5,6.0,22.904719563519038,34.671415869055714
6418,27.8,32.0260009765625,64.0,0.0,19.9,5.7,26.4614253370282,35.73842760110846
6419,26.0,32.0260009765625,64.0,0.0,19.4,6.2,23.73885530935337,33.12165659280601
6420,29.0,33.375999450683594,57.0,0.0,20.6,5.9,12.288449267038764,32.68653478011163
6421,26.7,33.375999450683594,57.0,0.0,19.9,6.1,13.019441219089947,30.605832365726982
6422,29.5,33.375999450683594,57.0,0.0,19.6,6.4,24.158802124341015,36.747640637302304
6423,29.7,33.375999450683594,57.0,0.0,20.2,5.9,17.05615251790601,34.8168457553718
6424,27.9,33.375999450683594,57.0,0.0,20.8,6.1,10.126428795608449,30.937928638682532
6425,27.8,33.375999450683594,57.0,0.0,19.0,6.5,20.51664810257536,33.95499443077261
6426,27.3,33.375999450683594,57.0,0.0,20.2,5.7,18.193190743242276,32.757957222972685
6427,29.1,33.375999450683594,57.0,0.0,20.8,6.3,27.926924763165427,37.47807742894963
6428,26.7,33.375999450683594,57.0,0.0,19.8,6.4,27.278116703483416,34.88343501104502
6429,26.8,33.375999450683594,57.0,0.0,19.4,6.1,14.37597358627664,31.112792075882993
6430,26.6,33.375999450683594,57.0,0.0,19.2,5.9,26.815415651892792,34.64462469556784
6431,25.8,33.375999450683594,57.0,0.0,20.1,6.4,28.975396632293663,34.4926189896881
6432,27.3,33.375999450683594,57.0,0.0,21.0,5.7,23.45719011416941,34.33715703425082
6433,28.9,33.375999450683594,57.0,0.0,20.4,6.4,28.826505903208997,37.5479517709627
6434,25.1,33.375999450683594,57.0,0.0,20.7,6.4,19.811847777462948,31.043554333238887
6435,28.1,33.375999450683594,57.0,0.0,20.3,5.7,20.08595180979888,34.12578554293967
6436,26.9,33.375999450683594,57.0,0.0,19.2,5.6,25.05300265660363,34.41590079698109
6437,28.4,33.375999450683594,57.0,0.0,19.2,6.1,17.04447298254772,33.51334189476432
6438,27.7,33.375999450683594,57.0,0.0,20.1,6.2,14.837240365778735,32.15117210973362
6439,29.0,33.375999450683594,57.0,0.0,19.8,5.6,13.572851489290723,33.07185544678722
6440,29.9,33.375999450683594,57.0,0.0,20.0,5.8,21.361698660336074,36.30850959810082
6441,28.7,33.375999450683594,57.0,0.0,20.1,5.6,11.14574752318756,32.04372425695627
6442,25.4,33.375999450683594,57.0,0.0,19.8,6.4,12.387836695042267,29.11635100851268
6443,27.5,33.375999450683594,57.0,0.0,19.9,5.6,25.559822386535576,35.167946715960674
6444,28.5,33.375999450683594,57.0,0.0,20.6,6.1,20.07819082651938,34.52345724795581
6445,29.3,33.375999450683594,57.0,0.0,19.6,6.5,11.336266776380683,32.700880032914206
6446,28.4,33.375999450683594,57.0,0.0,19.3,6.3,26.752790883145565,36.42583726494367
6447,26.4,33.375999450683594,57.0,0.0,20.6,5.8,10.549892695048245,29.56496780851447
6448,27.0,33.375999450683594,57.0,0.0,20.5,5.9,14.177076512528007,31.253122953758403
6449,29.1,33.375999450683594,57.0,0.0,20.9,5.5,10.616571538504658,32.2849714615514
6450,29.8,33.375999450683594,57.0,0.0,19.5,6.3,28.826683379775652,38.44800501393269
6451,26.2,33.375999450683594,57.0,0.0,19.8,6.3,22.070538795223186,32.821161638566956
6452,25.0,33.375999450683594,57.0,0.0,19.8,5.8,29.024294090208627,33.70728822706259
6453,27.8,33.375999450683594,57.0,0.0,19.8,6.2,25.071410448961846,35.32142313468855
6454,29.4,33.375999450683594,57.0,0.0,19.5,6.2,20.824976404767064,35.647492921430114
6455,28.6,33.375999450683594,57.0,0.0,20.8,6.3,12.636023341295191,32.390807002388556
6456,30.0,33.375999450683594,57.0,0.0,19.2,6.5,17.42069676001613,35.22620902800484
6457,25.0,33.375999450683594,57.0,0.0,20.3,6.0,21.210712621848515,31.363213786554553
6458,28.8,33.375999450683594,57.0,0.0,20.7,6.0,28.29671393843529,37.28901418153059
6459,29.3,33.375999450683594,57.0,0.0,20.6,6.3,19.77642026792394,35.23292608037718
6460,29.5,33.375999450683594,57.0,0.0,21.0,5.5,24.308126455680597,36.792437936704175
6461,27.4,33.375999450683594,57.0,0.0,20.7,5.9,24.179474712870665,34.6538424138612
6462,25.6,33.375999450683594,57.0,0.0,20.0,5.6,29.438562017651297,34.43156860529539
6463,25.5,33.375999450683594,57.0,0.0,20.0,6.5,15.491033924271216,30.147310177281366
6464,25.9,33.375999450683594,57.0,0.0,20.0,6.4,19.25510881923249,31.676532645769747
6465,26.4,33.375999450683594,57.0,0.0,19.3,5.6,22.618590192406508,33.18557705772195
6466,26.7,33.375999450683594,57.0,0.0,19.7,6.4,27.71119320589323,35.013357961767966
6467,29.9,33.375999450683594,57.0,0.0,19.1,6.4,11.188974379046341,33.2566923137139
6468,25.1,33.375999450683594,57.0,0.0,19.5,6.1,16.23342279532816,29.97002683859845
6469,26.8,33.375999450683594,57.0,0.0,20.6,6.4,27.5993858297119,35.07981574891357
6470,28.0,33.375999450683594,57.0,0.0,20.0,6.4,18.296589433030274,33.488976829909085
6471,25.1,33.375999450683594,57.0,0.0,20.3,6.3,24.12200172882923,32.33660051864877
6472,26.8,33.375999450683594,57.0,0.0,20.9,5.9,27.709922853575037,35.112976856072514
6473,25.1,33.375999450683594,57.0,0.0,21.0,6.3,27.364005106026596,33.30920153180798
6474,26.1,33.375999450683594,57.0,0.0,19.9,6.0,10.657181136023933,29.297154340807182
6475,28.7,33.375999450683594,57.0,0.0,19.3,5.7,19.949527917529586,34.68485837525888
6476,26.2,33.375999450683594,57.0,0.0,20.3,6.5,18.915281716779923,31.874584515033977
6477,27.6,33.375999450683594,57.0,0.0,20.1,6.1,17.371371927868633,32.81141157836059
6478,25.4,33.375999450683594,57.0,0.0,20.6,6.2,11.505257755575185,28.851577326672555
6479,25.7,33.375999450683594,57.0,0.0,20.6,5.6,17.532007656176667,30.959602296853
6480,29.3,34.57600021362305,51.0,0.0,19.2,5.9,16.522911119231814,34.25687333576955
6481,30.0,34.57600021362305,51.0,0.0,19.9,6.2,15.259372742179933,34.57781182265398
6482,26.4,34.57600021362305,51.0,0.0,20.3,5.8,12.990099731870586,30.297029919561176
6483,25.2,34.57600021362305,51.0,0.0,20.6,5.9,11.428558137325505,28.62856744119765
6484,28.2,34.57600021362305,51.0,0.0,19.2,5.9,21.750484600609234,34.72514538018277
6485,25.7,34.57600021362305,51.0,0.0,20.7,6.2,25.161879332389084,33.24856379971672
6486,26.6,34.57600021362305,51.0,0.0,20.2,5.6,23.28271776888581,33.58481533066575
6487,25.8,34.57600021362305,51.0,0.0,20.3,5.6,29.116600753109225,34.53498022593277
6488,27.6,34.57600021362305,51.0,0.0,20.9,6.5,19.093145568586703,33.32794367057601
6489,25.7,34.57600021362305,51.0,0.0,20.4,6.2,22.206623444624178,32.36198703338725
6490,26.2,34.57600021362305,51.0,0.0,19.9,6.4,26.51417613985149,34.15425284195545
6491,26.7,34.57600021362305,51.0,0.0,20.9,5.6,18.76422498159111,32.329267494477335
6492,26.9,34.57600021362305,51.0,0.0,19.1,6.1,20.047350001686294,32.91420500050589
6493,28.3,34.57600021362305,51.0,0.0,19.4,5.7,17.558066043988738,33.56741981319662
6494,29.8,34.57600021362305,51.0,0.0,20.2,6.3,27.553796360642927,38.066138908192876
6495,27.5,34.57600021362305,51.0,0.0,19.7,6.4,21.970337636193484,34.09110129085805
6496,26.7,34.57600021362305,51.0,0.0,19.0,5.5,12.876358801420235,30.56290764042607
6497,28.0,34.57600021362305,51.0,0.0,20.5,5.5,20.365931795157856,34.10977953854736
6498,29.7,34.57600021362305,51.0,0.0,19.4,6.2,27.035467053727093,37.81064011611812
6499,27.4,34.57600021362305,51.0,0.0,19.2,5.5,28.91013340174309,36.073040020522924
6500,26.6,34.57600021362305,51.0,0.0,20.2,6.1,26.262010947076334,34.4786032841229
6501,25.3,34.57600021362305,51.0,0.0,19.2,6.3,13.430667047419915,29.329200114225976
6502,26.3,34.57600021362305,51.0,0.0,20.0,5.8,16.441874970411135,31.23256249112334
6503,26.7,34.57600021362305,51.0,0.0,20.3,5.7,19.15540464151796,32.446621392455384
6504,27.3,34.57600021362305,51.0,0.0,20.6,6.2,10.407466332145168,30.42223989964355
6505,26.7,34.57600021362305,51.0,0.0,20.4,5.8,25.15728453699508,34.24718536109852
6506,26.2,34.57600021362305,51.0,0.0,19.9,6.4,14.166396208387408,30.44991886251622
6507,26.5,34.57600021362305,51.0,0.0,20.5,5.8,26.16853062343646,34.35055918703094
6508,25.2,34.57600021362305,51.0,0.0,19.7,5.6,18.95524239952195,30.886572719856584
6509,29.4,34.57600021362305,51.0,0.0,20.2,5.8,12.35734799368965,33.107204398106894
6510,27.3,34.57600021362305,51.0,0.0,20.7,6.2,26.861752113197568,35.358525633959275
6511,28.7,34.57600021362305,51.0,0.0,20.7,6.5,16.18334179056691,33.55500253717007
6512,27.7,34.57600021362305,51.0,0.0,20.6,6.4,10.572087031356833,30.87162610940705
6513,27.0,34.57600021362305,51.0,0.0,19.8,6.5,21.686588740334514,33.505976622100356
6514,25.7,34.57600021362305,51.0,0.0,20.1,6.3,15.66809448292112,30.400428344876335
6515,27.7,34.57600021362305,51.0,0.0,19.9,5.6,10.137572931496292,30.741271879448888
6516,27.2,34.57600021362305,51.0,0.0,19.2,5.8,15.246189501469692,31.773856850440907
6517,27.0,34.57600021362305,51.0,0.0,19.8,6.4,13.49083670689884,31.04725101206965
6518,29.9,34.57600021362305,51.0,0.0,20.2,5.6,22.6227648699956,36.68682946099868
6519,26.6,34.57600021362305,51.0,0.0,20.5,5.7,29.101710800791,35.3305132402373
6520,27.8,34.57600021362305,51.0,0.0,19.8,6.1,10.499642226355544,30.949892667906663
6521,25.3,34.57600021362305,51.0,0.0,19.5,5.5,15.618706441620567,29.985611932486172
6522,29.2,34.57600021362305,51.0,0.0,20.8,5.8,24.292188823676874,36.48765664710306
6523,29.9,34.57600021362305,51.0,0.0,20.9,6.3,16.745978567009548,34.92379357010286
6524,28.3,34.57600021362305,51.0,0.0,19.7,5.9,10.088367615989199,31.32651028479676
6525,29.7,34.57600021362305,51.0,0.0,20.7,6.1,28.038351459543918,38.11150543786317
6526,27.3,34.57600021362305,51.0,0.0,20.7,6.4,21.329917734256878,33.698975320277064
6527,28.0,34.57600021362305,51.0,0.0,20.6,5.9,16.2903944366227,32.88711833098681
6528,25.5,34.57600021362305,51.0,0.0,19.6,5.7,21.186508185034683,31.855952455510405
6529,26.4,34.57600021362305,51.0,0.0,20.9,6.4,25.97559688238167,34.1926790647145
6530,26.6,34.57600021362305,51.0,0.0,20.5,6.4,13.881734227809698,30.76452026834291
6531,28.4,34.57600021362305,51.0,0.0,19.2,6.3,24.79804013588464,35.83941204076539
6532,28.6,34.57600021362305,51.0,0.0,20.6,5.7,14.758745989626709,33.027623796888015
6533,29.2,34.57600021362305,51.0,0.0,20.7,6.1,25.873287924756887,36.96198637742707
6534,29.0,34.57600021362305,51.0,0.0,20.9,6.0,27.97654482439965,37.39296344731989
6535,25.2,34.57600021362305,51.0,0.0,20.7,6.0,16.892637173705598,30.267791152111677
6536,26.2,34.57600021362305,51.0,0.0,19.1,6.0,23.5876099453518,33.27628298360554
6537,26.0,34.57600021362305,51.0,0.0,19.0,5.9,25.014928206419132,33.50447846192574
6538,26.6,34.57600021362305,51.0,0.0,20.2,5.9,10.864909682709374,29.859472904812815
6539,28.0,34.57600021362305,51.0,0.0,19.0,6.0,13.695192177499873,32.10855765324996
6540,29.0,35.47600173950195,47.0,0.0,20.1,6.1,26.22032573419776,36.866097720259326
6541,29.8,35.47600173950195,47.0,0.0,20.4,6.4,24.2800591480356,37.08401774441068
6542,28.7,35.47600173950195,47.0,0.0,19.0,6.0,12.452451717678716,32.43573551530361
6543,29.3,35.47600173950195,47.0,0.0,19.6,6.3,20.663301637765024,35.49899049132951
6544,29.3,35.47600173950195,47.0,0.0,20.7,6.2,16.256146295007543,34.17684388850226
6545,28.6,35.47600173950195,47.0,0.0,19.8,5.9,12.214762832431346,32.264428849729406
6546,29.1,35.47600173950195,47.0,0.0,19.7,5.6,25.794188473806827,36.83825654214205
6547,28.9,35.47600173950195,47.0,0.0,19.3,6.1,16.32900572568478,33.798701717705434
6548,26.6,35.47600173950195,47.0,0.0,20.6,5.6,20.62947526819623,32.78884258045887
6549,28.3,35.47600173950195,47.0,0.0,20.1,5.7,20.457118085415146,34.43713542562455
6550,25.3,35.47600173950195,47.0,0.0,19.2,6.3,18.82141163021938,30.946423489065815
6551,25.8,35.47600173950195,47.0,0.0,20.4,6.4,11.115853899593569,29.13475616987807
6552,27.3,35.47600173950195,47.0,0.0,19.6,6.1,21.032176023550445,33.60965280706513
6553,27.2,35.47600173950195,47.0,0.0,19.0,6.4,13.394047609428615,31.218214282828583
6554,28.4,35.47600173950195,47.0,0.0,20.6,5.7,10.188292072948142,31.456487621884442
6555,27.4,35.47600173950195,47.0,0.0,19.1,5.8,28.82624092949301,36.047872278847905
6556,25.9,35.47600173950195,47.0,0.0,19.4,6.0,22.654086968974912,32.69622609069247
6557,25.5,35.47600173950195,47.0,0.0,19.7,6.0,21.928885931075044,32.07866577932251
6558,29.7,35.47600173950195,47.0,0.0,21.0,6.2,26.685113915675483,37.70553417470264
6559,25.5,35.47600173950195,47.0,0.0,19.0,5.7,12.373728280672886,29.212118484201866
6560,25.7,35.47600173950195,47.0,0.0,20.6,5.9,16.335555003691336,30.6006665011074
6561,26.4,35.47600173950195,47.0,0.0,20.9,5.9,19.071176908714314,32.12135307261429
6562,25.2,35.47600173950195,47.0,0.0,19.8,5.6,22.118497893608346,31.835549368082503
6563,25.9,35.47600173950195,47.0,0.0,19.9,5.7,14.527211183807804,30.25816335514234
6564,28.8,35.47600173950195,47.0,0.0,19.1,6.2,19.54333736394032,34.6630012091821
6565,29.7,35.47600173950195,47.0,0.0,19.1,5.8,27.589806501721412,37.97694195051642
6566,25.1,35.47600173950195,47.0,0.0,19.0,6.2,12.985609658186245,28.995682897455875
6567,28.2,35.47600173950195,47.0,0.0,19.9,6.4,27.711607373455827,36.51348221203675
6568,29.9,35.47600173950195,47.0,0.0,20.3,5.8,14.953342521579096,34.38600275647373
6569,29.5,35.47600173950195,47.0,0.0,19.5,6.3,21.458069450968786,35.93742083529064
6570,25.6,35.47600173950195,47.0,0.0,19.6,5.8,25.01717150782954,33.10515145234886
6571,25.7,35.47600173950195,47.0,0.0,19.6,6.0,24.063070829886875,32.91892124896606
6572,26.4,35.47600173950195,47.0,0.0,19.7,6.3,16.91708485509769,31.475125456529305
6573,28.5,35.47600173950195,47.0,0.0,20.4,6.5,28.507504955793873,37.05225148673816
6574,25.8,35.47600173950195,47.0,0.0,19.7,6.3,22.763914772399573,32.629174431719875
6575,26.8,35.47600173950195,47.0,0.0,19.6,5.5,10.393738972798765,29.91812169183963
6576,27.6,35.47600173950195,47.0,0.0,19.0,5.6,15.308167558071283,32.192450267421385
6577,27.3,35.47600173950195,47.0,0.0,20.4,5.8,11.690185401198095,30.807055620359428
6578,29.3,35.47600173950195,47.0,0.0,20.4,5.9,29.762533368231985,38.2287600104696
6579,29.9,35.47600173950195,47.0,0.0,19.6,6.2,26.70407393626294,37.91122218087888
6580,26.5,35.47600173950195,47.0,0.0,19.4,6.1,28.432994281469146,35.02989828444075
6581,29.0,35.47600173950195,47.0,0.0,20.7,6.2,10.175308144991785,32.05259244349754
6582,27.2,35.47600173950195,47.0,0.0,19.2,5.7,28.92937321215316,35.878811963645944
6583,29.3,35.47600173950195,47.0,0.0,19.9,5.8,11.461873390886936,32.738562017266084
6584,27.8,35.47600173950195,47.0,0.0,19.3,5.7,23.371186802019075,34.81135604060572
6585,27.8,35.47600173950195,47.0,0.0,19.0,5.7,29.589629672853423,36.67688890185603
6586,28.5,35.47600173950195,47.0,0.0,19.5,5.5,13.811342794141023,32.64340283824231
6587,27.1,35.47600173950195,47.0,0.0,20.7,5.9,27.66039672374112,35.39811901712234
6588,29.1,35.47600173950195,47.0,0.0,20.5,5.8,17.440697905726424,34.33220937171793
6589,27.2,35.47600173950195,47.0,0.0,20.6,6.0,15.949592860832766,31.984877858249828
6590,29.5,35.47600173950195,47.0,0.0,19.5,5.8,13.983109879389762,33.694932963816925
6591,26.8,35.47600173950195,47.0,0.0,20.9,6.3,26.183526694008552,34.655058008202566
6592,27.7,35.47600173950195,47.0,0.0,20.4,5.8,28.51976740743146,36.25593022222944
6593,26.8,35.47600173950195,47.0,0.0,19.9,5.9,13.022385920711447,30.706715776213436
6594,29.7,35.47600173950195,47.0,0.0,19.5,5.8,17.210512307887946,34.86315369236638
6595,27.6,35.47600173950195,47.0,0.0,20.4,5.9,10.421303516527258,30.726391054958178
6596,29.9,35.47600173950195,47.0,0.0,19.2,5.8,21.08259123481929,36.224777370445786
6597,27.7,35.47600173950195,47.0,0.0,19.4,6.2,14.671489108099431,32.10144673242983
6598,28.2,35.47600173950195,47.0,0.0,19.0,5.7,23.482595882991532,35.24477876489746
6599,27.6,35.47600173950195,47.0,0.0,20.2,6.2,17.173052776451243,32.751915832935374
6600,29.5,36.0260009765625,43.0,0.0,19.1,6.4,17.07975190543872,34.62392557163162
6601,25.3,36.0260009765625,43.0,0.0,20.4,6.4,14.213090722538695,29.56392721676161
6602,28.3,36.0260009765625,43.0,0.0,20.8,6.0,13.625655347909118,32.387696604372735
6603,27.7,36.0260009765625,43.0,0.0,19.1,6.4,23.48115706258195,34.744347118774584
6604,25.8,36.0260009765625,43.0,0.0,19.8,6.0,16.038735892332042,30.611620767699613
6605,29.0,36.0260009765625,43.0,0.0,19.1,5.6,21.419817215953795,35.425945164786135
6606,26.0,36.0260009765625,43.0,0.0,20.6,5.6,23.88954040062105,33.166862120186316
6607,28.9,36.0260009765625,43.0,0.0,19.6,6.5,15.973529849270127,33.69205895478104
6608,28.3,36.0260009765625,43.0,0.0,20.5,6.4,26.24825289678038,36.17447586903411
6609,27.8,36.0260009765625,43.0,0.0,20.4,6.1,26.623052220320552,35.786915666096164
6610,29.5,36.0260009765625,43.0,0.0,19.4,5.8,26.000405342288914,37.30012160268667
6611,26.8,36.0260009765625,43.0,0.0,19.2,6.1,17.397982311028205,32.01939469330846
6612,26.8,36.0260009765625,43.0,0.0,19.3,6.0,13.329421845355503,30.798826553606652
6613,29.7,36.0260009765625,43.0,0.0,19.9,6.0,16.01188486655506,34.50356545996652
6614,28.4,36.0260009765625,43.0,0.0,20.9,5.8,10.111868200818545,31.433560460245562
6615,26.4,36.0260009765625,43.0,0.0,20.5,5.5,19.879728427723133,32.36391852831694
6616,25.4,36.0260009765625,43.0,0.0,20.5,6.4,25.88057502699449,33.164172508098346
6617,27.9,36.0260009765625,43.0,0.0,20.2,5.7,24.773612342406977,35.33208370272209
6618,26.4,36.0260009765625,43.0,0.0,19.9,6.2,17.267367376556138,31.58021021296684
6619,28.1,36.0260009765625,43.0,0.0,20.9,6.2,15.018716943869313,32.60561508316079
6620,26.0,36.0260009765625,43.0,0.0,20.8,6.2,17.598095472539573,31.27942864176187
6621,25.0,36.0260009765625,43.0,0.0,20.9,6.4,26.721797920068976,33.01653937602069
6622,27.3,36.0260009765625,43.0,0.0,20.0,5.9,11.971358212130678,30.891407463639204
6623,28.4,36.0260009765625,43.0,0.0,20.3,5.5,18.96612461738033,34.089837385214096
6624,29.1,36.0260009765625,43.0,0.0,19.1,5.9,26.798748419093474,37.139624525728046
6625,28.1,36.0260009765625,43.0,0.0,19.8,6.2,13.882547683136712,32.26476430494102
6626,26.5,36.0260009765625,43.0,0.0,20.0,6.0,23.873935607049148,33.662180682114744
6627,25.6,36.0260009765625,43.0,0.0,19.8,5.6,20.671032360949884,31.80130970828497
6628,29.0,36.0260009765625,43.0,0.0,20.3,5.5,19.907855737803253,34.97235672134097
6629,25.1,36.0260009765625,43.0,0.0,19.5,6.1,18.824454633576053,30.747336390072817
6630,25.4,36.0260009765625,43.0,0.0,19.9,5.9,28.142469274304066,33.842740782291216
6631,27.2,36.0260009765625,43.0,0.0,20.7,6.4,27.91995671608236,35.575987014824705
6632,27.3,36.0260009765625,43.0,0.0,19.1,5.8,21.672618995266667,33.80178569858
6633,28.7,36.0260009765625,43.0,0.0,20.6,5.8,18.439989259585772,34.23199677787573
6634,26.8,36.0260009765625,43.0,0.0,20.6,6.4,29.8981897363698,35.76945692091094
6635,27.0,36.0260009765625,43.0,0.0,20.0,5.8,16.194939653838034,31.85848189615141
6636,26.9,36.0260009765625,43.0,0.0,20.2,5.6,11.33881354077763,30.301644062233287
6637,25.3,36.0260009765625,43.0,0.0,20.0,5.8,25.12547058453565,32.837641175360694
6638,28.0,36.0260009765625,43.0,0.0,20.0,6.2,23.563209772264216,35.068962931679266
6639,29.5,36.0260009765625,43.0,0.0,20.2,6.1,17.856164440276206,34.85684933208286
6640,28.9,36.0260009765625,43.0,0.0,19.0,6.4,11.538280461720376,32.36148413851611
6641,29.4,36.0260009765625,43.0,0.0,19.1,6.2,21.144846340447465,35.743453902134235
6642,25.5,36.0260009765625,43.0,0.0,19.2,6.0,18.614833831440286,31.084450149432087
6643,26.6,36.0260009765625,43.0,0.0,20.8,5.9,16.421883398869113,31.526565019660737
6644,25.4,36.0260009765625,43.0,0.0,19.2,6.1,24.803805617442734,32.84114168523282
6645,29.0,36.0260009765625,43.0,0.0,19.1,5.9,19.243379098153888,34.77301372944616
6646,29.2,36.0260009765625,43.0,0.0,19.7,5.8,29.645007478637694,38.09350224359131
6647,28.5,36.0260009765625,43.0,0.0,19.6,6.1,24.724192141016076,35.91725764230482
6648,27.6,36.0260009765625,43.0,0.0,20.2,6.1,26.236471923822013,35.470941577146604
6649,25.0,36.0260009765625,43.0,0.0,20.1,6.2,12.266533012264533,28.67995990367936
6650,29.9,36.0260009765625,43.0,0.0,19.3,6.1,12.031423859088495,33.50942715772655
6651,29.1,36.0260009765625,43.0,0.0,19.1,6.5,10.66531604573991,32.299594813721974
6652,29.5,36.0260009765625,43.0,0.0,20.6,5.8,20.70391884140239,35.71117565242072
6653,27.7,36.0260009765625,43.0,0.0,19.5,5.9,15.861086207147807,32.45832586214434
6654,29.4,36.0260009765625,43.0,0.0,20.2,5.7,12.06803970593561,33.020411911780684
6655,28.2,36.0260009765625,43.0,0.0,19.9,6.2,17.471362078742168,33.44140862362265
6656,29.1,36.0260009765625,43.0,0.0,19.9,5.8,23.45903220055007,36.13770966016502
6657,25.8,36.0260009765625,43.0,0.0,19.6,6.5,13.841238936921146,29.952371681076343
6658,26.9,36.0260009765625,43.0,0.0,19.8,6.0,19.10839851567016,32.63251955470105
6659,29.0,36.0260009765625,43.0,0.0,19.7,5.6,12.770643822625882,32.83119314678776
6660,27.0,36.2760009765625,41.0,0.0,19.7,5.9,17.313066786162175,32.19392003584865
6661,25.1,36.2760009765625,41.0,0.0,20.2,6.4,12.265785146763799,28.77973554402914
6662,27.9,36.2760009765625,41.0,0.0,19.6,6.5,18.765580639839925,33.529674191951976
6663,26.3,36.2760009765625,41.0,0.0,19.1,5.8,19.478776188336887,32.143632856501064
6664,25.3,36.2760009765625,41.0,0.0,20.4,6.0,17.543363094066486,30.563008928219947
6665,26.3,36.2760009765625,41.0,0.0,20.1,5.8,16.783994166990425,31.33519825009713
6666,25.2,36.2760009765625,41.0,0.0,19.6,5.9,23.408417730182684,32.2225253190548
6667,26.3,36.2760009765625,41.0,0.0,20.9,6.2,20.098440347700972,32.32953210431029
6668,29.4,36.2760009765625,41.0,0.0,19.1,6.4,19.382368576651295,35.214710572995386
6669,27.8,36.2760009765625,41.0,0.0,20.1,5.8,10.788184838333803,31.036455451500142
6670,29.5,36.2760009765625,41.0,0.0,19.5,5.7,19.981524152216572,35.494457245664975
6671,25.2,36.2760009765625,41.0,0.0,19.9,6.1,28.64006913366763,33.792020740100284
6672,28.3,36.2760009765625,41.0,0.0,19.9,6.1,27.206867439446007,36.4620602318338
6673,29.6,36.2760009765625,41.0,0.0,19.8,5.9,17.707314229545567,34.91219426886367
6674,28.2,36.2760009765625,41.0,0.0,19.6,5.5,18.42401002853814,33.72720300856144
6675,28.9,36.2760009765625,41.0,0.0,19.4,5.9,19.925451272536673,34.877635381761
6676,29.9,36.2760009765625,41.0,0.0,20.5,5.8,26.210419235646626,37.76312577069399
6677,29.2,36.2760009765625,41.0,0.0,21.0,5.8,12.773885307714107,33.03216559231423
6678,29.5,36.2760009765625,41.0,0.0,19.4,5.7,25.924004097186288,37.277201229155885
6679,28.1,36.2760009765625,41.0,0.0,20.4,5.5,12.619338873094986,31.885801661928497
6680,27.5,36.2760009765625,41.0,0.0,19.0,6.2,16.357201542493193,32.40716046274796
6681,28.6,36.2760009765625,41.0,0.0,19.3,6.3,19.208444213818602,34.36253326414558
6682,28.7,36.2760009765625,41.0,0.0,19.5,6.4,22.241798045278593,35.372539413583574
6683,28.6,36.2760009765625,41.0,0.0,20.1,5.8,29.40331829433811,37.420995488301436
6684,26.5,36.2760009765625,41.0,0.0,19.6,6.3,13.713200348996075,30.613960104698823
6685,27.5,36.2760009765625,41.0,0.0,20.0,5.6,12.547646266677827,31.264293880003347
6686,28.6,36.2760009765625,41.0,0.0,20.3,6.2,25.643421495970284,36.29302644879109
6687,25.8,36.2760009765625,41.0,0.0,20.3,6.5,14.426809694374313,30.128042908312295
6688,25.8,36.2760009765625,41.0,0.0,20.6,6.4,17.040726302569063,30.91221789077072
6689,26.7,36.2760009765625,41.0,0.0,20.7,5.9,27.103232043897577,34.83096961316927
6690,27.2,36.2760009765625,41.0,0.0,20.5,6.4,23.362198736173944,34.20865962085218
6691,29.9,36.2760009765625,41.0,0.0,19.3,6.1,13.365472741487153,33.90964182244615
6692,29.9,36.2760009765625,41.0,0.0,20.0,6.2,16.501954987465947,34.850586496239785
6693,28.3,36.2760009765625,41.0,0.0,19.5,6.0,15.553453375363768,32.96603601260913
6694,26.6,36.2760009765625,41.0,0.0,20.1,6.0,26.74409953291723,34.62322985987517
6695,27.5,36.2760009765625,41.0,0.0,20.9,6.2,21.3259868429173,33.89779605287519
6696,27.0,36.2760009765625,41.0,0.0,19.9,5.7,26.10010182442481,34.83003054732744
6697,27.8,36.2760009765625,41.0,0.0,20.0,5.7,16.06724924560453,32.620174773681356
6698,28.5,36.2760009765625,41.0,0.0,19.8,6.4,22.798687535014583,35.339606260504375
6699,25.7,36.2760009765625,41.0,0.0,19.8,6.4,27.99171208973195,34.097513626919586
6700,28.2,36.2760009765625,41.0,0.0,19.1,5.5,17.073260638522743,33.32197819155682
6701,30.0,36.2760009765625,41.0,0.0,20.8,5.9,22.207073496590453,36.66212204897714
6702,27.8,36.2760009765625,41.0,0.0,20.3,5.9,19.752643366659452,33.72579300999784
6703,27.2,36.2760009765625,41.0,0.0,19.8,5.9,25.16257638073172,34.748772914219515
6704,29.4,36.2760009765625,41.0,0.0,19.5,6.4,18.083986827181313,34.825196048154396
6705,27.7,36.2760009765625,41.0,0.0,20.2,6.3,15.53407073112817,32.36022121933845
6706,26.2,36.2760009765625,41.0,0.0,19.9,5.5,11.277132822542185,29.583139846762656
6707,29.6,36.2760009765625,41.0,0.0,19.4,5.9,26.324052842827236,37.49721585284817
6708,28.6,36.2760009765625,41.0,0.0,19.4,5.6,15.561769641114054,33.26853089233422
6709,27.6,36.2760009765625,41.0,0.0,20.8,6.0,10.990808528737244,30.897242558621173
6710,29.2,36.2760009765625,41.0,0.0,19.2,5.7,15.995297930326789,33.998589379098036
6711,28.7,36.2760009765625,41.0,0.0,20.7,5.9,25.905506440763943,36.47165193222918
6712,26.7,36.2760009765625,41.0,0.0,20.5,6.4,11.336589585533957,30.100976875660187
6713,28.0,36.2760009765625,41.0,0.0,19.8,6.2,10.732370163354389,31.219711049006317
6714,29.6,36.2760009765625,41.0,0.0,19.3,6.2,18.207544387202407,35.062263316160724
6715,25.6,36.2760009765625,41.0,0.0,20.4,6.1,25.541472917082412,33.26244187512472
6716,29.4,36.2760009765625,41.0,0.0,20.6,6.1,24.657808298560674,36.7973424895682
6717,27.0,36.2760009765625,41.0,0.0,19.3,6.0,26.207420582036136,34.86222617461084
6718,27.8,36.2760009765625,41.0,0.0,20.1,5.6,22.12815776695277,34.43844733008583
6719,29.9,36.2760009765625,41.0,0.0,19.3,6.2,29.08957413886109,38.626872241658326
6720,27.7,35.926002502441406,42.0,0.0,20.0,5.5,22.669414360234597,34.50082430807038
6721,26.1,35.926002502441406,42.0,0.0,20.9,5.6,20.761621252424042,32.328486375727216
6722,29.9,35.926002502441406,42.0,0.0,20.8,5.8,13.876342422801706,34.06290272684051
6723,27.0,35.926002502441406,42.0,0.0,20.1,5.7,24.14715790741083,34.244147372223246
6724,27.0,35.926002502441406,42.0,0.0,20.5,5.7,27.732547571830327,35.3197642715491
6725,27.8,35.926002502441406,42.0,0.0,20.9,5.6,10.45054279415898,30.935162838247695
6726,26.9,35.926002502441406,42.0,0.0,19.0,5.9,24.4001427525591,34.22004282576773
6727,27.0,35.926002502441406,42.0,0.0,19.6,5.7,18.735484323613463,32.62064529708404
6728,28.4,35.926002502441406,42.0,0.0,19.7,5.6,18.083519140727446,33.82505574221823
6729,26.3,35.926002502441406,42.0,0.0,19.8,5.7,28.03053172280665,34.70915951684199
6730,25.2,35.926002502441406,42.0,0.0,20.5,5.5,21.504276849192202,31.65128305475766
6731,28.4,35.926002502441406,42.0,0.0,19.8,5.5,13.574713065500944,32.47241391965028
6732,28.7,35.926002502441406,42.0,0.0,20.2,6.1,16.183146308571885,33.554943892571565
6733,26.5,35.926002502441406,42.0,0.0,19.5,6.4,21.593594047262457,32.97807821417874
6734,29.3,35.926002502441406,42.0,0.0,20.4,6.4,25.190319897102945,36.85709596913088
6735,26.3,35.926002502441406,42.0,0.0,19.2,5.9,21.734170321432607,32.820251096429786
6736,28.8,35.926002502441406,42.0,0.0,20.9,6.1,13.501952799677534,32.85058583990326
6737,29.9,35.926002502441406,42.0,0.0,20.4,6.0,16.583825760218215,34.875147728065464
6738,27.8,35.926002502441406,42.0,0.0,19.3,6.1,15.41135238276299,32.423405714828895
6739,25.5,35.926002502441406,42.0,0.0,19.2,5.7,14.345982295938366,29.803794688781508
6740,30.0,35.926002502441406,42.0,0.0,19.2,5.9,11.18565377743256,33.35569613322977
6741,29.7,35.926002502441406,42.0,0.0,20.7,6.0,27.748893251447086,38.02466797543413
6742,29.5,35.926002502441406,42.0,0.0,19.2,6.5,19.287655099207583,35.286296529762275
6743,27.9,35.926002502441406,42.0,0.0,20.9,6.1,27.509642941555306,36.15289288246659
6744,26.6,35.926002502441406,42.0,0.0,19.2,6.1,23.175486220318053,33.55264586609542
6745,29.5,35.926002502441406,42.0,0.0,20.4,6.5,22.81700852307918,36.345102556923756
6746,26.6,35.926002502441406,42.0,0.0,19.9,5.8,27.045022945409286,34.713506883622784
6747,29.8,35.926002502441406,42.0,0.0,20.0,6.4,29.974441028898035,38.79233230866941
6748,27.3,35.926002502441406,42.0,0.0,20.3,5.5,22.077194503746796,33.92315835112404
6749,29.2,35.926002502441406,42.0,0.0,20.9,6.2,14.705079634981523,33.61152389049445
6750,29.9,35.926002502441406,42.0,0.0,19.2,5.8,12.464169135344196,33.63925074060326
6751,29.9,35.926002502441406,42.0,0.0,20.8,5.6,12.316568086284228,33.594970425885265
6752,27.9,35.926002502441406,42.0,0.0,20.6,6.4,23.635953940109378,34.990786182032814
6753,27.9,35.926002502441406,42.0,0.0,20.7,6.2,12.590813878428015,31.677244163528403
6754,26.3,35.926002502441406,42.0,0.0,19.8,5.6,28.473604490191878,34.842081347057565
6755,25.6,35.926002502441406,42.0,0.0,20.7,5.9,24.472143723993867,32.94164311719816
6756,26.9,35.926002502441406,42.0,0.0,19.6,5.9,25.59862582021227,34.57958774606368
6757,29.6,35.926002502441406,42.0,0.0,19.2,5.8,20.920655161712794,35.87619654851384
6758,26.7,35.926002502441406,42.0,0.0,20.6,6.2,18.22632730431824,32.16789819129547
6759,26.6,35.926002502441406,42.0,0.0,20.3,6.2,10.889290077751557,29.866787023325468
6760,29.6,35.926002502441406,42.0,0.0,20.4,5.6,24.606536106443333,36.981960831933
6761,26.4,35.926002502441406,42.0,0.0,20.7,6.3,26.436087427937174,34.33082622838115
6762,25.6,35.926002502441406,42.0,0.0,19.2,5.6,16.35666969828378,30.507000909485136
6763,25.5,35.926002502441406,42.0,0.0,20.6,5.8,14.114249789983637,29.734274936995092
6764,26.3,35.926002502441406,42.0,0.0,19.3,5.7,13.564602063712655,30.369380619113798
6765,28.8,35.926002502441406,42.0,0.0,20.1,6.1,27.844252878808213,37.15327586364246
6766,27.1,35.926002502441406,42.0,0.0,19.7,5.8,17.44440182407865,32.33332054722359
6767,26.6,35.926002502441406,42.0,0.0,20.5,6.4,24.272356503703843,33.881706951111155
6768,29.5,35.926002502441406,42.0,0.0,20.5,5.8,28.923242497972872,38.176972749391865
6769,27.6,35.926002502441406,42.0,0.0,19.1,5.6,14.759166419001009,32.027749925700306
6770,26.3,35.926002502441406,42.0,0.0,19.2,6.1,11.18072110781373,29.65421633234412
6771,26.4,35.926002502441406,42.0,0.0,19.3,5.8,16.89394295584246,31.468182886752736
6772,27.1,35.926002502441406,42.0,0.0,19.2,5.8,18.6185889179714,32.685576675391424
6773,29.5,35.926002502441406,42.0,0.0,21.0,5.9,16.318871550783804,34.39566146523514
6774,28.3,35.926002502441406,42.0,0.0,20.9,5.8,28.021331947002615,36.70639958410079
6775,29.3,35.926002502441406,42.0,0.0,19.3,6.1,15.105462054213255,33.83163861626398
6776,26.6,35.926002502441406,42.0,0.0,19.9,5.9,15.487477332391531,31.246243199717462
6777,27.5,35.926002502441406,42.0,0.0,20.4,5.6,24.632844251385183,34.889853275415554
6778,28.6,35.926002502441406,42.0,0.0,19.9,5.8,10.170328663811585,31.651098599143477
6779,29.7,35.926002502441406,42.0,0.0,20.2,6.0,16.780493769335923,34.734148130800776
6780,28.4,34.625999450683594,48.0,0.0,19.4,5.8,15.591477188111973,33.07744315643359
6781,27.6,34.625999450683594,48.0,0.0,20.7,6.2,21.795937900040958,34.13878137001229
6782,28.9,34.625999450683594,48.0,0.0,19.5,5.7,10.26266064217494,31.97879819265248
6783,26.8,34.625999450683594,48.0,0.0,19.5,6.4,19.100842892729844,32.53025286781895
6784,25.5,34.625999450683594,48.0,0.0,20.4,6.5,19.443378874732275,31.33301366241968
6785,28.2,34.625999450683594,48.0,0.0,20.8,5.5,24.574537356114238,35.57236120683427
6786,27.1,34.625999450683594,48.0,0.0,19.3,5.6,28.71511495538124,35.71453448661437
6787,26.0,34.625999450683594,48.0,0.0,19.5,6.1,19.43284113534234,31.829852340602702
6788,27.4,34.625999450683594,48.0,0.0,20.9,5.8,19.930794304144687,33.379238291243404
6789,27.4,34.625999450683594,48.0,0.0,19.1,6.0,19.369644093241916,33.210893227972576
6790,28.7,34.625999450683594,48.0,0.0,20.1,5.5,29.955981020990397,37.68679430629712
6791,29.2,34.625999450683594,48.0,0.0,19.7,6.4,29.48091910047658,38.04427573014297
6792,27.6,34.625999450683594,48.0,0.0,19.2,6.4,10.743195655448897,30.82295869663467
6793,26.9,34.625999450683594,48.0,0.0,19.6,6.0,22.31009216189635,33.593027648568906
6794,25.0,34.625999450683594,48.0,0.0,20.1,5.9,28.31728072230576,33.495184216691726
6795,26.2,34.625999450683594,48.0,0.0,19.5,6.3,11.35556615565605,29.606669846696814
6796,27.9,34.625999450683594,48.0,0.0,20.5,6.1,14.055044970832855,32.116513491249854
6797,25.7,34.625999450683594,48.0,0.0,20.1,5.6,29.40239465176019,34.52071839552806
6798,28.7,34.625999450683594,48.0,0.0,19.9,6.4,20.7583899828267,34.927516994848006
6799,25.1,34.625999450683594,48.0,0.0,19.6,6.1,26.268227169808796,32.98046815094264
6800,29.8,34.625999450683594,48.0,0.0,20.0,5.8,27.403692874903395,38.02110786247102
6801,28.0,34.625999450683594,48.0,0.0,20.0,6.3,14.153865257957444,32.24615957738723
6802,25.8,34.625999450683594,48.0,0.0,20.4,6.3,20.105578378259935,31.83167351347798
6803,26.7,34.625999450683594,48.0,0.0,19.0,5.7,11.268875251334812,30.080662575400442
6804,27.1,34.625999450683594,48.0,0.0,20.4,5.6,21.061207337051208,33.418362201115364
6805,26.3,34.625999450683594,48.0,0.0,19.8,5.5,15.109917043045922,30.83297511291378
6806,29.6,34.625999450683594,48.0,0.0,19.4,6.2,16.369903878146562,34.51097116344397
6807,25.7,34.625999450683594,48.0,0.0,19.4,6.1,12.489962992719965,29.446988897815988
6808,28.2,34.625999450683594,48.0,0.0,20.0,6.4,23.599844169226113,35.27995325076783
6809,27.7,34.625999450683594,48.0,0.0,19.7,6.5,12.10856476631867,31.3325694298956
6810,26.2,34.625999450683594,48.0,0.0,20.3,6.5,15.942555567314985,30.982766670194493
6811,26.6,34.625999450683594,48.0,0.0,19.2,5.7,27.568709752896737,34.870612925869025
6812,27.6,34.625999450683594,48.0,0.0,19.2,5.9,22.585551554314414,34.37566546629432
6813,28.1,34.625999450683594,48.0,0.0,19.6,6.2,29.79951708925411,37.03985512677623
6814,29.1,34.625999450683594,48.0,0.0,19.5,6.2,10.00319456012556,32.100958368037666
6815,28.1,34.625999450683594,48.0,0.0,19.4,6.1,28.81494834085505,36.74448450225651
6816,25.1,34.625999450683594,48.0,0.0,19.5,5.8,22.6031983872319,31.880959516169572
6817,27.8,34.625999450683594,48.0,0.0,20.1,6.0,26.59836946946422,35.779510840839265
6818,28.4,34.625999450683594,48.0,0.0,21.0,5.9,28.24285837248953,36.87285751174686
6819,29.2,34.625999450683594,48.0,0.0,19.8,6.4,18.28509107474246,34.685527322422736
6820,30.0,34.625999450683594,48.0,0.0,19.2,5.8,23.565133592531986,37.0695400777596
6821,28.3,34.625999450683594,48.0,0.0,19.7,5.9,18.344045531921978,33.80321365957659
6822,25.2,34.625999450683594,48.0,0.0,20.8,6.2,25.71969195457372,32.915907586372114
6823,29.7,34.625999450683594,48.0,0.0,19.4,6.4,12.156253599716749,33.34687607991502
6824,27.4,34.625999450683594,48.0,0.0,19.5,5.8,21.44991420495745,33.83497426148723
6825,26.1,34.625999450683594,48.0,0.0,20.9,5.9,29.486731879944863,34.94601956398346
6826,25.5,34.625999450683594,48.0,0.0,19.7,5.6,11.419908527845102,28.925972558353532
6827,26.3,34.625999450683594,48.0,0.0,19.8,6.0,10.229770211874655,29.368931063562396
6828,27.0,34.625999450683594,48.0,0.0,19.2,6.1,28.232692462086774,35.46980773862603
6829,25.6,34.625999450683594,48.0,0.0,20.6,6.2,23.69341916053715,32.70802574816115
6830,27.0,34.625999450683594,48.0,0.0,19.4,5.6,18.754674875599708,32.62640246267991
6831,27.1,34.625999450683594,48.0,0.0,19.8,6.3,22.290551851409667,33.7871655554229
6832,26.1,34.625999450683594,48.0,0.0,20.4,6.5,25.014804126630118,33.604441237989036
6833,28.6,34.625999450683594,48.0,0.0,20.0,6.0,12.695045505533692,32.40851365166011
6834,29.4,34.625999450683594,48.0,0.0,21.0,5.5,24.703503986282918,36.81105119588487
6835,29.1,34.625999450683594,48.0,0.0,20.8,5.7,25.300439749780338,36.6901319249341
6836,29.3,34.625999450683594,48.0,0.0,20.9,6.3,13.079366882687538,33.22381006480626
6837,27.6,34.625999450683594,48.0,0.0,20.4,6.0,16.661944833459586,32.59858345003788
6838,25.6,34.625999450683594,48.0,0.0,19.8,5.7,24.17675436518049,32.853026309554146
6839,29.9,34.625999450683594,48.0,0.0,20.6,5.6,20.12922917121243,35.938768751363725
6840,25.4,32.7760009765625,56.0,0.0,19.2,6.3,27.88659782899964,33.76597934869989
6841,25.5,32.7760009765625,56.0,0.0,20.7,6.2,25.30417005076489,33.09125101522947
6842,26.5,32.7760009765625,56.0,0.0,19.2,6.1,20.806712768718235,32.74201383061547
6843,26.8,32.7760009765625,56.0,0.0,20.6,6.3,24.31145903446929,34.09343771034079
6844,27.6,32.7760009765625,56.0,0.0,19.0,5.7,16.083582264880192,32.42507467946406
6845,27.5,32.7760009765625,56.0,0.0,19.4,5.6,13.470915538798012,31.541274661639402
6846,27.2,32.7760009765625,56.0,0.0,20.0,6.0,18.990583240734992,32.8971749722205
6847,29.2,32.7760009765625,56.0,0.0,20.7,6.4,21.768427018617537,35.73052810558526
6848,27.3,32.7760009765625,56.0,0.0,19.4,6.4,24.828341486504357,34.74850244595131
6849,28.3,32.7760009765625,56.0,0.0,19.2,5.7,11.988576070909557,31.89657282127287
6850,25.4,32.7760009765625,56.0,0.0,19.2,6.0,14.698287094065659,29.809486128219696
6851,27.1,32.7760009765625,56.0,0.0,20.7,5.5,25.79582148281435,34.838746444844304
6852,27.5,32.7760009765625,56.0,0.0,20.9,6.2,27.13124277285621,35.63937283185686
6853,27.1,32.7760009765625,56.0,0.0,20.0,6.1,26.061133433842695,34.91834003015281
6854,27.1,32.7760009765625,56.0,0.0,19.1,6.4,19.274921074692905,32.882476322407875
6855,27.3,32.7760009765625,56.0,0.0,19.9,6.0,16.48288438723225,32.24486531616967
6856,28.9,32.7760009765625,56.0,0.0,20.5,5.8,29.649482290447505,37.79484468713425
6857,27.8,32.7760009765625,56.0,0.0,19.3,6.0,19.22192208520754,33.56657662556226
6858,25.6,32.7760009765625,56.0,0.0,20.6,5.9,24.43047109997338,32.929141329992014
6859,29.9,32.7760009765625,56.0,0.0,20.1,5.6,21.664908587760177,36.39947257632805
6860,28.2,32.7760009765625,56.0,0.0,20.3,5.9,22.705852297739074,35.011755689321724
6861,27.8,32.7760009765625,56.0,0.0,20.7,6.1,21.709755693665848,34.31292670809975
6862,25.7,32.7760009765625,56.0,0.0,19.2,6.1,17.570084970311573,30.97102549109347
6863,27.8,32.7760009765625,56.0,0.0,19.9,5.6,22.065850616345813,34.41975518490374
6864,28.8,32.7760009765625,56.0,0.0,19.5,5.7,29.3479920039097,37.604397601172906
6865,25.8,32.7760009765625,56.0,0.0,19.1,5.6,27.40054981042699,34.020164943128094
6866,27.6,32.7760009765625,56.0,0.0,20.0,6.1,16.517197062071695,32.55515911862151
6867,28.1,32.7760009765625,56.0,0.0,20.5,6.0,20.058027655930854,34.11740829677926
6868,27.1,32.7760009765625,56.0,0.0,21.0,5.9,10.229749138618136,30.168924741585442
6869,28.9,32.7760009765625,56.0,0.0,20.9,6.4,19.22358533807207,34.66707560142162
6870,26.6,32.7760009765625,56.0,0.0,20.0,6.2,19.812419847422056,32.543725954226616
6871,25.9,32.7760009765625,56.0,0.0,20.6,5.5,29.39370653672525,34.71811196101757
6872,26.9,32.7760009765625,56.0,0.0,20.7,5.6,20.83357000815262,33.150071002445785
6873,28.0,32.7760009765625,56.0,0.0,20.3,5.6,23.256754071807524,34.97702622154226
6874,27.1,32.7760009765625,56.0,0.0,20.6,5.7,25.967745965499176,34.890323789649756
6875,27.3,32.7760009765625,56.0,0.0,19.9,6.0,25.95761458515149,35.08728437554545
6876,28.9,32.7760009765625,56.0,0.0,20.7,5.8,18.183855555221037,34.35515666656631
6877,26.7,32.7760009765625,56.0,0.0,19.0,6.0,21.192850521889916,33.05785515656697
6878,26.3,32.7760009765625,56.0,0.0,20.3,5.9,28.499160476689866,34.84974814300696
6879,29.2,32.7760009765625,56.0,0.0,20.7,6.0,23.193651578146934,36.15809547344408
6880,29.9,32.7760009765625,56.0,0.0,19.8,5.6,16.743197721222643,34.92295931636679
6881,28.6,32.7760009765625,56.0,0.0,19.1,5.7,16.178354308832187,33.45350629264966
6882,26.7,32.7760009765625,56.0,0.0,21.0,5.8,19.466367844990007,32.539910353497
6883,28.8,32.7760009765625,56.0,0.0,19.1,6.2,14.335780675268044,33.10073420258041
6884,26.1,32.7760009765625,56.0,0.0,21.0,5.6,10.024050250846939,29.107215075254082
6885,29.3,32.7760009765625,56.0,0.0,19.3,5.9,13.52770594109041,33.35831178232712
6886,27.4,32.7760009765625,56.0,0.0,19.6,6.5,19.04521647019684,33.11356494105905
6887,27.5,32.7760009765625,56.0,0.0,19.3,6.4,27.856847371103335,35.857054211331004
6888,25.1,32.7760009765625,56.0,0.0,20.9,5.6,21.42735947554482,31.52820784266345
6889,29.2,32.7760009765625,56.0,0.0,20.0,5.8,10.185801948707368,32.25574058461221
6890,27.0,32.7760009765625,56.0,0.0,19.5,5.8,18.041023777174352,32.412307133152304
6891,26.1,32.7760009765625,56.0,0.0,20.9,6.4,20.189382777535755,32.156814833260725
6892,26.6,32.7760009765625,56.0,0.0,19.1,6.4,29.239936846385945,35.37198105391578
6893,30.0,32.7760009765625,56.0,0.0,19.4,5.5,21.49250463022674,36.447751389068024
6894,26.3,32.7760009765625,56.0,0.0,20.1,6.1,19.36010638826057,32.10803191647817
6895,25.4,32.7760009765625,56.0,0.0,20.7,5.6,26.411350295006567,33.32340508850197
6896,27.5,32.7760009765625,56.0,0.0,19.6,5.9,27.947362763847654,35.884208829154296
6897,28.2,32.7760009765625,56.0,0.0,20.3,6.3,20.20393722298724,34.26118116689617
6898,27.7,32.7760009765625,56.0,0.0,20.0,5.5,28.14550410925188,36.14365123277556
6899,27.3,32.7760009765625,56.0,0.0,19.7,6.1,10.247890919782243,30.374367275934674
6900,29.9,31.17599868774414,64.0,0.0,19.7,5.9,25.362565151037494,37.508769545311246
6901,27.8,31.17599868774414,64.0,0.0,19.1,6.3,12.207297587335795,31.46218927620074
6902,29.2,31.17599868774414,64.0,0.0,19.2,6.2,12.511535720421154,32.953460716126344
6903,25.2,31.17599868774414,64.0,0.0,19.9,5.9,23.421961264386155,32.22658837931584
6904,25.3,31.17599868774414,64.0,0.0,19.1,5.6,14.974314803858286,29.792294441157487
6905,26.6,31.17599868774414,64.0,0.0,19.9,6.0,24.188516543771144,33.856554963131344
6906,28.8,31.17599868774414,64.0,0.0,19.4,5.7,12.128275146597465,32.43848254397924
6907,27.3,31.17599868774414,64.0,0.0,19.3,6.0,11.224002776760551,30.667200833028165
6908,25.7,31.17599868774414,64.0,0.0,20.5,6.1,28.293025810956728,34.18790774328701
6909,27.0,31.17599868774414,64.0,0.0,20.3,6.4,12.272162553007437,30.68164876590223
6910,25.1,31.17599868774414,64.0,0.0,21.0,5.7,21.490587659255347,31.547176297776605
6911,29.4,31.17599868774414,64.0,0.0,19.9,5.7,14.277996330923608,33.68339889927708
6912,29.8,31.17599868774414,64.0,0.0,20.9,6.3,13.865352087581531,33.95960562627446
6913,25.5,31.17599868774414,64.0,0.0,20.4,6.2,27.419987009289574,33.72599610278687
6914,25.7,31.17599868774414,64.0,0.0,20.3,5.7,29.353280432647658,34.5059841297943
6915,25.1,31.17599868774414,64.0,0.0,19.8,6.3,28.134693028085774,33.540407908425735
6916,25.3,31.17599868774414,64.0,0.0,19.1,6.4,24.24541450983881,32.57362435295164
6917,27.8,31.17599868774414,64.0,0.0,20.3,6.1,17.25683248517776,32.97704974555333
6918,26.3,31.17599868774414,64.0,0.0,19.9,5.8,19.407854551683737,32.12235636550512
6919,29.5,31.17599868774414,64.0,0.0,20.8,5.5,13.606075054159838,33.581822516247954
6920,28.6,31.17599868774414,64.0,0.0,19.2,6.0,28.53428959192041,37.16028687757613
6921,25.2,31.17599868774414,64.0,0.0,20.3,5.8,18.241216451580684,30.672364935474203
6922,25.3,31.17599868774414,64.0,0.0,19.8,5.9,13.004779499555454,29.201433849866635
6923,29.6,31.17599868774414,64.0,0.0,19.3,5.5,29.241548782314986,38.372464634694495
6924,25.1,31.17599868774414,64.0,0.0,19.9,6.4,22.35307098518535,31.805921295555606
6925,29.0,31.17599868774414,64.0,0.0,20.5,5.7,16.59330550507021,33.977991651521066
6926,29.5,31.17599868774414,64.0,0.0,19.8,5.9,27.433448455512007,37.730034536653605
6927,26.7,31.17599868774414,64.0,0.0,19.1,6.0,16.32007710410642,31.596023131231924
6928,28.3,31.17599868774414,64.0,0.0,20.9,6.5,11.135227822856882,31.640568346857066
6929,27.5,31.17599868774414,64.0,0.0,20.3,5.8,10.06236856998649,30.518710570995946
6930,28.8,31.17599868774414,64.0,0.0,19.2,5.8,23.153521674890182,35.746056502467056
6931,28.5,31.17599868774414,64.0,0.0,19.1,5.8,28.004579554657745,36.90137386639732
6932,29.5,31.17599868774414,64.0,0.0,20.5,6.5,25.494111289249787,37.14823338677493
6933,29.5,31.17599868774414,64.0,0.0,19.6,5.8,14.287045409606518,33.786113622881956
6934,25.2,31.17599868774414,64.0,0.0,20.2,5.6,14.62336870667775,29.587010612003326
6935,27.1,31.17599868774414,64.0,0.0,20.5,5.9,12.391734581314182,30.817520374394256
6936,29.8,31.17599868774414,64.0,0.0,19.6,5.7,24.879278842293484,37.26378365268805
6937,27.4,31.17599868774414,64.0,0.0,19.6,5.9,14.57677824504559,31.773033473513674
6938,28.8,31.17599868774414,64.0,0.0,20.8,6.5,29.272272554943843,37.58168176648316
6939,28.4,31.17599868774414,64.0,0.0,19.6,5.7,14.288713490884703,32.68661404726541
6940,28.3,31.17599868774414,64.0,0.0,19.1,6.1,26.032588024342488,36.109776407302746
6941,25.7,31.17599868774414,64.0,0.0,20.0,5.8,13.962631328012238,29.88878939840367
6942,26.7,31.17599868774414,64.0,0.0,19.1,5.5,17.869601429793818,32.06088042893815
6943,27.4,31.17599868774414,64.0,0.0,20.9,6.1,20.408548383680838,33.52256451510425
6944,27.2,31.17599868774414,64.0,0.0,19.7,6.1,24.01771154668024,34.40531346400407
6945,28.5,31.17599868774414,64.0,0.0,19.0,6.0,13.944621487495512,32.683386446248655
6946,28.8,31.17599868774414,64.0,0.0,19.0,6.1,20.598347196677008,34.9795041590031
6947,25.5,31.17599868774414,64.0,0.0,19.9,5.9,25.578087009157073,33.17342610274712
6948,27.2,31.17599868774414,64.0,0.0,20.5,6.3,25.040793173871325,34.712237952161395
6949,27.3,31.17599868774414,64.0,0.0,19.9,5.6,26.489287344201145,35.24678620326034
6950,26.6,31.17599868774414,64.0,0.0,19.7,5.6,20.94943166700482,32.884829500101446
6951,26.9,31.17599868774414,64.0,0.0,19.4,6.4,10.798004413028403,30.13940132390852
6952,29.3,31.17599868774414,64.0,0.0,20.3,6.2,25.763602375348714,37.02908071260462
6953,25.8,31.17599868774414,64.0,0.0,19.0,6.0,11.601611781356993,29.2804835344071
6954,27.6,31.17599868774414,64.0,0.0,20.3,6.0,13.17674498423475,31.553023495270427
6955,28.4,31.17599868774414,64.0,0.0,20.2,5.9,12.521531186781223,32.15645935603437
6956,29.5,31.17599868774414,64.0,0.0,19.1,5.8,11.856723938403697,33.05701718152111
6957,28.0,31.17599868774414,64.0,0.0,20.8,6.2,20.67975702700742,34.20392710810223
6958,26.8,31.17599868774414,64.0,0.0,20.6,5.5,27.292605647022988,34.9877816941069
6959,28.8,31.17599868774414,64.0,0.0,20.8,5.8,24.491527562853296,36.14745826885599
6960,28.5,30.17599868774414,70.0,0.0,20.5,6.5,23.002971690828836,35.40089150724865
6961,26.9,30.17599868774414,70.0,0.0,20.4,6.4,13.825877174187342,31.047763152256202
6962,26.5,30.17599868774414,70.0,0.0,19.5,6.1,13.807851177428802,30.64235535322864
6963,28.8,30.17599868774414,70.0,0.0,20.4,6.0,27.43981614648569,37.03194484394571
6964,25.5,30.17599868774414,70.0,0.0,19.0,5.7,15.05570607011382,30.016711821034146
6965,28.8,30.17599868774414,70.0,0.0,20.1,5.6,15.18423542001237,33.355270626003716
6966,28.5,30.17599868774414,70.0,0.0,20.0,5.9,22.922268616579295,35.37668058497379
6967,29.3,30.17599868774414,70.0,0.0,20.7,6.5,22.85573034768484,36.15671910430545
6968,26.1,30.17599868774414,70.0,0.0,19.3,5.9,10.89232522673354,29.367697568020063
6969,25.2,30.17599868774414,70.0,0.0,20.3,6.0,18.963850470049856,30.889155141014957
6970,26.3,30.17599868774414,70.0,0.0,20.5,5.9,19.70104937438885,32.21031481231665
6971,28.3,30.17599868774414,70.0,0.0,19.6,6.0,28.220794650797586,36.76623839523928
6972,29.7,30.17599868774414,70.0,0.0,19.4,5.6,10.445332302266884,32.83359969068007
6973,27.7,30.17599868774414,70.0,0.0,20.0,6.2,13.633233993815875,31.78997019814476
6974,28.2,30.17599868774414,70.0,0.0,19.1,6.2,12.889364739814775,32.066809421944434
6975,26.1,30.17599868774414,70.0,0.0,20.1,5.5,14.530221501252269,30.45906645037568
6976,28.3,30.17599868774414,70.0,0.0,20.4,5.8,25.87551144777027,36.06265343433108
6977,29.5,30.17599868774414,70.0,0.0,19.2,6.2,16.37238468807909,34.411715406423724
6978,30.0,30.17599868774414,70.0,0.0,20.7,5.7,17.379308714760306,35.213792614428094
6979,25.1,30.17599868774414,70.0,0.0,20.0,6.2,22.585499774545433,31.87564993236363
6980,29.1,30.17599868774414,70.0,0.0,21.0,6.4,14.8970742450344,33.569122273510324
6981,28.0,30.17599868774414,70.0,0.0,20.3,5.6,16.272272602441998,32.8816817807326
6982,26.5,30.17599868774414,70.0,0.0,20.5,5.6,10.244318131612935,29.573295439483882
6983,25.8,30.17599868774414,70.0,0.0,19.9,6.2,13.97939338549479,29.993818015648436
6984,27.6,30.17599868774414,70.0,0.0,20.8,5.8,27.937806741336548,35.981342022400966
6985,26.5,30.17599868774414,70.0,0.0,20.8,6.2,15.356279296775268,31.10688378903258
6986,26.6,30.17599868774414,70.0,0.0,20.3,5.6,18.890083116199612,32.26702493485988
6987,27.3,30.17599868774414,70.0,0.0,20.7,6.4,23.126739336380737,34.238021800914225
6988,28.5,30.17599868774414,70.0,0.0,20.2,6.3,19.922011466728314,34.47660344001849
6989,26.3,30.17599868774414,70.0,0.0,20.0,6.1,27.741227373774567,34.62236821213237
6990,29.2,30.17599868774414,70.0,0.0,19.6,6.2,18.207266587346147,34.662179976203845
6991,25.5,30.17599868774414,70.0,0.0,19.0,5.7,14.85118967838874,29.955356903516623
6992,25.4,30.17599868774414,70.0,0.0,20.4,6.3,14.96165931657821,29.88849779497346
6993,25.3,30.17599868774414,70.0,0.0,19.8,5.5,25.758338239105043,33.02750147173151
6994,29.3,30.17599868774414,70.0,0.0,19.0,6.1,18.304518146092,34.7913554438276
6995,26.2,30.17599868774414,70.0,0.0,20.9,5.6,19.8929275258562,32.16787825775686
6996,25.6,30.17599868774414,70.0,0.0,20.0,5.8,28.83578378911278,34.25073513673384
6997,27.5,30.17599868774414,70.0,0.0,19.1,5.7,22.476704960482166,34.24301148814465
6998,29.4,30.17599868774414,70.0,0.0,20.5,5.6,13.315754572579422,33.39472637177383
6999,27.6,30.17599868774414,70.0,0.0,20.9,5.7,12.431847251854332,31.3295541755563
7000,25.5,30.17599868774414,70.0,0.0,20.0,6.1,19.924083207942076,31.47722496238262
7001,25.1,30.17599868774414,70.0,0.0,20.5,6.4,19.02933417470259,30.808800252410776
7002,25.7,30.17599868774414,70.0,0.0,20.7,6.3,18.63600163920701,31.290800491762102
7003,28.9,30.17599868774414,70.0,0.0,19.1,6.2,19.491528428571947,34.747458528571585
7004,25.3,30.17599868774414,70.0,0.0,19.6,6.1,14.638012523355188,29.691403757006558
7005,26.4,30.17599868774414,70.0,0.0,19.3,5.8,27.44895444803285,34.63468633440985
7006,25.3,30.17599868774414,70.0,0.0,20.8,5.8,16.78162145070705,30.334486435212114
7007,27.9,30.17599868774414,70.0,0.0,19.1,5.8,14.654516507925702,32.29635495237771
7008,28.0,30.17599868774414,70.0,0.0,19.6,5.6,28.019250280890542,36.40577508426716
7009,26.6,30.17599868774414,70.0,0.0,19.9,5.7,29.440228889614414,35.43206866688433
7010,28.2,30.17599868774414,70.0,0.0,21.0,5.9,21.814333448057717,34.744300034417314
7011,29.3,30.17599868774414,70.0,0.0,20.6,5.7,24.361379294617816,36.60841378838535
7012,25.0,30.17599868774414,70.0,0.0,20.0,5.6,24.401216942848663,32.3203650828546
7013,25.7,30.17599868774414,70.0,0.0,20.1,6.4,21.05825470037826,32.017476410113474
7014,27.3,30.17599868774414,70.0,0.0,21.0,5.6,19.47920263436421,33.143760790309265
7015,25.5,30.17599868774414,70.0,0.0,20.9,6.0,14.970558331497577,29.991167499449272
7016,29.3,30.17599868774414,70.0,0.0,20.7,5.6,25.28121604964997,36.884364814894994
7017,27.1,30.17599868774414,70.0,0.0,21.0,5.6,25.47090583910049,34.741271751730146
7018,29.6,30.17599868774414,70.0,0.0,20.9,6.4,22.889694599754126,36.46690837992624
7019,27.7,30.17599868774414,70.0,0.0,20.7,6.4,19.511101542303184,33.55333046269095
7020,29.4,29.525999069213867,76.0,0.0,19.8,6.2,10.892375646808986,32.66771269404269
7021,26.9,29.525999069213867,76.0,0.0,20.5,6.4,11.267587430421141,30.28027622912634
7022,29.2,29.525999069213867,76.0,0.0,20.6,6.4,20.60859760532913,35.38257928159874
7023,25.3,29.525999069213867,76.0,0.0,19.6,6.3,16.165750654621274,30.149725196386385
7024,25.8,29.525999069213867,76.0,0.0,20.0,6.1,15.136447946235577,30.340934383870675
7025,25.9,29.525999069213867,76.0,0.0,19.5,6.2,24.217039160081832,33.16511174802455
7026,25.0,29.525999069213867,76.0,0.0,20.8,6.0,29.482648936386177,33.844794680915854
7027,27.1,29.525999069213867,76.0,0.0,19.3,6.1,21.090435524533184,33.42713065735995
7028,27.7,29.525999069213867,76.0,0.0,20.5,6.4,16.396841512305436,32.61905245369163
7029,27.7,29.525999069213867,76.0,0.0,19.9,5.9,27.986014945257498,36.09580448357725
7030,25.3,29.525999069213867,76.0,0.0,19.9,5.5,28.018636219864558,33.705590865959365
7031,28.4,29.525999069213867,76.0,0.0,20.9,5.8,18.251040633632023,33.8753121900896
7032,25.2,29.525999069213867,76.0,0.0,19.7,6.3,12.82095139977516,29.04628541993255
7033,28.6,29.525999069213867,76.0,0.0,19.6,5.6,19.38298572823143,34.41489571846943
7034,28.9,29.525999069213867,76.0,0.0,20.9,6.0,22.09961134075865,35.5298834022276
7035,29.7,29.525999069213867,76.0,0.0,19.0,5.8,26.306500249435366,37.591950074830606
7036,25.0,29.525999069213867,76.0,0.0,20.4,6.0,29.801420725272727,33.940426217581816
7037,27.1,29.525999069213867,76.0,0.0,20.7,6.0,12.108095673254516,30.732428701976357
7038,27.4,29.525999069213867,76.0,0.0,20.0,5.6,21.750742083897855,33.925222625169354
7039,25.5,29.525999069213867,76.0,0.0,19.0,5.8,16.905416946972174,30.57162508409165
7040,27.4,29.525999069213867,76.0,0.0,20.5,6.1,28.69106041366696,36.00731812410009
7041,26.9,29.525999069213867,76.0,0.0,20.5,6.3,20.08236781778188,32.92471034533456
7042,27.6,29.525999069213867,76.0,0.0,19.8,6.4,25.679801070359968,35.303940321107994
7043,28.3,29.525999069213867,76.0,0.0,20.5,6.1,21.313508442844636,34.69405253285339
7044,29.6,29.525999069213867,76.0,0.0,19.5,6.2,14.823751185494062,34.04712535564822
7045,25.9,29.525999069213867,76.0,0.0,19.3,6.4,13.029535392335399,29.808860617700617
7046,28.7,29.525999069213867,76.0,0.0,19.7,6.2,18.158256938871254,34.14747708166138
7047,25.5,29.525999069213867,76.0,0.0,19.0,6.4,22.958601406082412,32.38758042182472
7048,30.0,29.525999069213867,76.0,0.0,19.3,6.4,11.539834893828878,33.461950468148665
7049,26.9,29.525999069213867,76.0,0.0,21.0,6.1,22.546715612337067,33.66401468370112
7050,27.7,29.525999069213867,76.0,0.0,20.0,5.8,20.68598192206128,33.90579457661838
7051,29.1,29.525999069213867,76.0,0.0,20.7,6.0,10.682610080019387,32.304783024005815
7052,27.5,29.525999069213867,76.0,0.0,20.9,6.4,15.355960050961386,32.106788015288416
7053,26.2,29.525999069213867,76.0,0.0,20.0,5.6,17.265602531921324,31.379680759576395
7054,25.9,29.525999069213867,76.0,0.0,20.2,5.8,17.578598868459895,31.173579660537968
7055,26.5,29.525999069213867,76.0,0.0,20.9,6.4,27.549627238966995,34.764888171690096
7056,26.6,29.525999069213867,76.0,0.0,19.6,5.7,10.070966382255415,29.621289914676627
7057,28.2,29.525999069213867,76.0,0.0,19.2,6.1,11.489599533952617,31.646879860185784
7058,29.8,29.525999069213867,76.0,0.0,19.8,5.7,24.26776804083495,37.08033041225049
7059,27.3,29.525999069213867,76.0,0.0,19.0,5.5,15.997018658948818,32.09910559768465
7060,26.9,29.525999069213867,76.0,0.0,19.3,5.9,21.96556641165402,33.4896699234962
7061,25.3,29.525999069213867,76.0,0.0,19.1,6.0,20.46496724022166,31.4394901720665
7062,27.5,29.525999069213867,76.0,0.0,19.4,5.5,18.33661439487776,33.000984318463324
7063,26.5,29.525999069213867,76.0,0.0,19.7,5.9,23.447119395916197,33.53413581877486
7064,29.1,29.525999069213867,76.0,0.0,20.1,6.4,25.650775556460204,36.79523266693806
7065,28.7,29.525999069213867,76.0,0.0,20.3,6.2,14.204106589094348,32.9612319767283
7066,28.3,29.525999069213867,76.0,0.0,19.9,5.8,26.93236018026026,36.37970805407808
7067,28.2,29.525999069213867,76.0,0.0,19.4,5.6,11.126096502329377,31.537828950698813
7068,29.4,29.525999069213867,76.0,0.0,19.1,6.3,14.04600911052867,33.6138027331586
7069,27.6,29.525999069213867,76.0,0.0,19.7,6.5,26.921190141584837,35.67635704247545
7070,27.9,29.525999069213867,76.0,0.0,20.0,5.7,25.87782459875718,35.663347379627155
7071,29.6,29.525999069213867,76.0,0.0,19.0,5.7,16.943550881141817,34.683065264342545
7072,27.8,29.525999069213867,76.0,0.0,20.5,5.9,26.362840294035273,35.708852088210584
7073,27.5,29.525999069213867,76.0,0.0,19.9,6.1,22.319462590361724,34.19583877710852
7074,26.6,29.525999069213867,76.0,0.0,19.5,5.8,29.648327654418054,35.49449829632542
7075,28.3,29.525999069213867,76.0,0.0,20.9,6.2,10.443289197041949,31.432986759112584
7076,28.6,29.525999069213867,76.0,0.0,20.3,6.1,13.891013203755548,32.767303961126665
7077,29.6,29.525999069213867,76.0,0.0,19.9,6.2,22.326475982686347,36.297942794805905
7078,28.4,29.525999069213867,76.0,0.0,19.8,5.6,18.211784940522314,33.86353548215669
7079,29.2,29.525999069213867,76.0,0.0,20.5,5.8,28.234099110965435,37.67022973328963
7080,25.5,28.92599868774414,80.0,0.0,20.3,5.7,19.005936622305754,31.201780986691727
7081,29.6,28.92599868774414,80.0,0.0,20.5,6.4,26.429017558566294,37.52870526756989
7082,26.1,28.92599868774414,80.0,0.0,19.9,5.8,27.900534463141632,34.47016033894249
7083,28.2,28.92599868774414,80.0,0.0,20.4,5.6,22.05041032399403,34.81512309719821
7084,26.5,28.92599868774414,80.0,0.0,19.1,6.0,18.04586374421337,31.91375912326401
7085,27.6,28.92599868774414,80.0,0.0,19.8,6.3,15.360941923845173,32.208282577153554
7086,26.0,28.92599868774414,80.0,0.0,20.5,6.3,12.497295503394172,29.74918865101825
7087,29.9,28.92599868774414,80.0,0.0,20.6,6.4,21.588145819345378,36.37644374580361
7088,29.1,28.92599868774414,80.0,0.0,20.3,5.9,26.14416393205712,36.94324917961714
7089,27.4,28.92599868774414,80.0,0.0,20.1,5.8,22.866687229558977,34.26000616886769
7090,29.9,28.92599868774414,80.0,0.0,19.3,5.8,12.628053016132359,33.68841590483971
7091,26.3,28.92599868774414,80.0,0.0,19.8,6.2,20.868194373686784,32.560458312106036
7092,29.6,28.92599868774414,80.0,0.0,20.1,5.5,18.245544526625153,35.07366335798755
7093,29.9,28.92599868774414,80.0,0.0,19.2,6.0,20.009757027379855,35.90292710821396
7094,26.5,28.92599868774414,80.0,0.0,20.9,5.8,28.25685931198977,34.97705779359693
7095,26.8,28.92599868774414,80.0,0.0,20.2,5.6,26.014718355064247,34.604415506519274
7096,26.5,28.92599868774414,80.0,0.0,19.4,5.5,17.560507675928804,31.768152302778642
7097,29.5,28.92599868774414,80.0,0.0,19.7,5.8,25.285487644901036,37.08564629347031
7098,28.8,28.92599868774414,80.0,0.0,19.6,6.5,11.057607743324962,32.11728232299749
7099,28.6,28.92599868774414,80.0,0.0,19.4,5.5,20.946065891414417,34.88381976742433
7100,29.2,28.92599868774414,80.0,0.0,19.5,6.4,11.610394117613982,32.68311823528419
7101,28.4,28.92599868774414,80.0,0.0,19.8,5.7,26.22483380775315,36.26745014232594
7102,25.0,28.92599868774414,80.0,0.0,20.6,6.3,29.11349313695747,33.73404794108724
7103,25.1,28.92599868774414,80.0,0.0,20.6,6.5,22.082113586296874,31.724634075889064
7104,28.3,28.92599868774414,80.0,0.0,19.7,5.5,28.721714596102682,36.916514378830804
7105,25.6,28.92599868774414,80.0,0.0,19.8,5.9,26.361843287864883,33.50855298635947
7106,28.4,28.92599868774414,80.0,0.0,20.8,5.6,16.985335636671472,33.49560069100144
7107,25.5,28.92599868774414,80.0,0.0,20.0,6.3,27.13288336130485,33.63986500839145
7108,28.3,28.92599868774414,80.0,0.0,19.1,5.9,13.762338945361483,32.428701683608445
7109,27.5,28.92599868774414,80.0,0.0,19.6,6.5,22.552152090736076,34.26564562722082
7110,29.3,28.92599868774414,80.0,0.0,19.7,6.1,22.299893319056245,35.989967995716874
7111,29.9,28.92599868774414,80.0,0.0,20.2,5.8,23.77677615850194,37.03303284755058
7112,26.6,28.92599868774414,80.0,0.0,20.5,6.3,18.59776598973584,32.179329796920754
7113,26.5,28.92599868774414,80.0,0.0,19.5,5.7,14.501570019016848,30.850471005705053
7114,28.3,28.92599868774414,80.0,0.0,20.6,6.2,27.553226447792134,36.56596793433764
7115,29.4,28.92599868774414,80.0,0.0,19.5,5.6,27.834535052122156,37.75036051563664
7116,29.8,28.92599868774414,80.0,0.0,20.4,5.6,22.025651273582575,36.40769538207477
7117,29.6,28.92599868774414,80.0,0.0,19.9,5.6,21.718047348860146,36.115414204658045
7118,28.4,28.92599868774414,80.0,0.0,19.9,6.0,16.49686577735395,33.34905973320618
7119,28.1,28.92599868774414,80.0,0.0,19.3,5.6,19.78523915770819,34.03557174731246
7120,26.6,28.92599868774414,80.0,0.0,20.7,6.3,24.18836624554759,33.85650987366428
7121,27.1,28.92599868774414,80.0,0.0,20.7,6.4,17.44715440603685,32.334146321811055
7122,27.2,28.92599868774414,80.0,0.0,21.0,5.7,26.187309491810232,35.056192847543066
7123,28.8,28.92599868774414,80.0,0.0,19.2,5.8,29.227364708389555,37.568209412516865
7124,27.7,28.92599868774414,80.0,0.0,19.1,6.1,23.276738274940882,34.68302148248226
7125,25.5,28.92599868774414,80.0,0.0,20.4,6.4,28.343842865243825,34.00315285957315
7126,26.3,28.92599868774414,80.0,0.0,19.2,5.5,21.763044696978703,32.82891340909361
7127,26.6,28.92599868774414,80.0,0.0,19.6,6.4,11.197955561171419,29.959386668351428
7128,25.4,28.92599868774414,80.0,0.0,21.0,5.9,11.965656506671236,28.98969695200137
7129,29.9,28.92599868774414,80.0,0.0,20.8,6.3,21.480376072375527,36.344112821712656
7130,27.5,28.92599868774414,80.0,0.0,19.0,6.2,10.742260679155002,30.7226782037465
7131,29.4,28.92599868774414,80.0,0.0,20.3,6.5,29.350209123238976,38.20506273697169
7132,29.9,28.92599868774414,80.0,0.0,20.0,6.1,14.325093448224433,34.197528034467325
7133,25.3,28.92599868774414,80.0,0.0,20.0,5.9,26.621985856584843,33.28659575697545
7134,25.2,28.92599868774414,80.0,0.0,19.9,5.8,27.566706177184315,33.47001185315529
7135,28.8,28.92599868774414,80.0,0.0,20.1,6.1,20.16438224666182,34.84931467399855
7136,27.1,28.92599868774414,80.0,0.0,20.1,5.8,12.495119092365485,30.848535727709645
7137,25.6,28.92599868774414,80.0,0.0,20.9,6.3,21.21543995794397,31.964631987383193
7138,29.4,28.92599868774414,80.0,0.0,20.0,6.1,29.037899033327516,38.11136970999826
7139,27.9,28.92599868774414,80.0,0.0,20.0,6.3,13.427971877842623,31.928391563352786
7140,27.2,28.47599983215332,82.0,0.0,19.1,5.9,29.66056628903532,36.09816988671059
7141,28.7,28.47599983215332,82.0,0.0,20.7,6.0,24.911208147985256,36.17336244439558
7142,25.2,28.47599983215332,82.0,0.0,20.3,6.0,16.57165331297167,30.1714959938915
7143,28.2,28.47599983215332,82.0,0.0,19.1,5.6,11.945177561851336,31.7835532685554
7144,26.7,28.47599983215332,82.0,0.0,19.9,6.0,20.076448836636203,32.72293465099086
7145,28.4,28.47599983215332,82.0,0.0,20.9,6.1,26.62542170379919,36.38762651113976
7146,28.8,28.47599983215332,82.0,0.0,19.6,6.0,24.96322835010781,36.288968505032344
7147,29.1,28.47599983215332,82.0,0.0,20.0,6.4,19.762633218180078,35.028789965454024
7148,29.8,28.47599983215332,82.0,0.0,19.1,6.0,14.04910509964936,34.01473152989481
7149,25.4,28.47599983215332,82.0,0.0,19.6,5.7,14.148171018572029,29.644451305571607
7150,28.7,28.47599983215332,82.0,0.0,20.8,6.1,17.797700231149502,34.03931006934485
7151,28.4,28.47599983215332,82.0,0.0,20.9,6.3,15.140935377199485,32.942280613159845
7152,28.7,28.47599983215332,82.0,0.0,20.5,6.0,20.915120359882373,34.97453610796471
7153,28.0,28.47599983215332,82.0,0.0,20.9,5.6,15.459431377558378,32.63782941326751
7154,26.1,28.47599983215332,82.0,0.0,20.3,5.8,27.395867591796506,34.318760277538956
7155,27.6,28.47599983215332,82.0,0.0,19.6,5.6,17.73841225111603,32.92152367533481
7156,28.1,28.47599983215332,82.0,0.0,19.8,6.1,29.65699438472284,36.99709831541685
7157,25.4,28.47599983215332,82.0,0.0,19.7,6.5,18.196381100258648,30.858914330077592
7158,28.5,28.47599983215332,82.0,0.0,20.4,5.7,10.713561662180775,31.714068498654232
7159,26.3,28.47599983215332,82.0,0.0,19.2,5.6,25.43317065568192,33.92995119670458
7160,25.5,28.47599983215332,82.0,0.0,20.9,5.9,25.477778403895293,33.143333521168586
7161,29.8,28.47599983215332,82.0,0.0,19.5,5.9,19.96493594288657,35.78948078286597
7162,26.3,28.47599983215332,82.0,0.0,20.0,6.0,10.526866909553387,29.45806007286602
7163,27.7,28.47599983215332,82.0,0.0,20.1,6.5,22.706083218438078,34.511824965531424
7164,26.6,28.47599983215332,82.0,0.0,19.9,6.3,17.88974406685481,31.966923220056444
7165,29.7,28.47599983215332,82.0,0.0,20.1,6.3,16.96063801900327,34.78819140570098
7166,25.3,28.47599983215332,82.0,0.0,20.8,6.4,15.965570767184381,30.089671230155314
7167,27.0,28.47599983215332,82.0,0.0,19.6,6.4,14.459286985627003,31.337786095688102
7168,29.0,28.47599983215332,82.0,0.0,19.2,5.9,20.7269084940572,35.21807254821716
7169,25.1,28.47599983215332,82.0,0.0,19.1,6.3,12.674333575263066,28.90230007257892
7170,27.9,28.47599983215332,82.0,0.0,20.7,6.1,26.483540569558347,35.8450621708675
7171,27.3,28.47599983215332,82.0,0.0,19.4,5.6,27.619880375126687,35.58596411253801
7172,27.2,28.47599983215332,82.0,0.0,19.8,5.7,18.235783141461724,32.670734942438514
7173,25.8,28.47599983215332,82.0,0.0,20.0,5.7,22.77889743322642,32.63366922996793
7174,28.2,28.47599983215332,82.0,0.0,20.6,6.0,15.886432600633245,32.965929780189974
7175,27.8,28.47599983215332,82.0,0.0,20.8,5.8,14.2003734592871,32.06011203778613
7176,27.1,28.47599983215332,82.0,0.0,19.0,6.1,17.59880653014866,32.3796419590446
7177,25.7,28.47599983215332,82.0,0.0,19.7,6.2,18.302330382518537,31.19069911475556
7178,28.3,28.47599983215332,82.0,0.0,20.9,6.5,14.866261619346233,32.75987848580387
7179,28.2,28.47599983215332,82.0,0.0,19.7,6.3,11.508764957358824,31.652629487207648
7180,26.3,28.47599983215332,82.0,0.0,20.6,6.1,20.547387776008833,32.46421633280265
7181,29.8,28.47599983215332,82.0,0.0,19.8,6.4,23.354047464974656,36.8062142394924
7182,27.8,28.47599983215332,82.0,0.0,20.3,5.8,16.712439503657837,32.81373185109735
7183,28.1,28.47599983215332,82.0,0.0,20.9,6.2,18.278057004537555,33.58341710136127
7184,26.4,28.47599983215332,82.0,0.0,20.1,6.2,24.097119519035676,33.6291358557107
7185,25.9,28.47599983215332,82.0,0.0,20.9,6.4,19.24140676056796,31.672422028170388
7186,28.1,28.47599983215332,82.0,0.0,20.4,6.0,27.517911649295637,36.355373494788694
7187,25.3,28.47599983215332,82.0,0.0,19.7,5.6,27.73570731608833,33.620712194826496
7188,27.3,28.47599983215332,82.0,0.0,21.0,6.0,12.192907017829421,30.957872105348827
7189,27.0,28.47599983215332,82.0,0.0,19.6,6.1,14.07594164285353,31.22278249285606
7190,28.6,28.47599983215332,82.0,0.0,21.0,6.4,18.14924677327216,34.044774031981646
7191,28.1,28.47599983215332,82.0,0.0,20.8,5.5,18.51076247524185,33.65322874257256
7192,27.1,28.47599983215332,82.0,0.0,21.0,6.0,27.896631863038696,35.46898955891161
7193,25.2,28.47599983215332,82.0,0.0,19.2,6.4,17.617435680870223,30.485230704261067
7194,26.0,28.47599983215332,82.0,0.0,20.5,6.1,29.584671193060046,34.875401357918015
7195,26.4,28.47599983215332,82.0,0.0,20.1,5.7,16.52909226969288,31.35872768090786
7196,29.5,28.47599983215332,82.0,0.0,20.1,6.0,17.118365969274073,34.63550979078222
7197,28.3,28.47599983215332,82.0,0.0,20.6,6.0,17.71814000505551,33.615442001516655
7198,28.5,28.47599983215332,82.0,0.0,19.2,6.2,27.6592227620765,36.79776682862295
7199,26.3,28.47599983215332,82.0,0.0,19.2,6.2,29.068640087852806,35.02059202635584
7200,25.3,28.07599830627441,83.0,0.0,20.1,6.0,21.598769908480765,31.77963097254423
7201,29.1,28.07599830627441,83.0,0.0,20.4,6.2,19.22169364678093,34.86650809403428
7202,27.0,28.07599830627441,83.0,0.0,20.0,6.0,27.708794127375576,35.31263823821267
7203,26.8,28.07599830627441,83.0,0.0,19.8,5.9,29.395565829184903,35.61866974875547
7204,27.6,28.07599830627441,83.0,0.0,19.9,5.7,28.715644119497586,36.214693235849275
7205,25.2,28.07599830627441,83.0,0.0,19.9,5.6,17.751606443210093,30.525481932963025
7206,25.2,28.07599830627441,83.0,0.0,20.8,5.9,24.672819406886294,32.60184582206589
7207,29.8,28.07599830627441,83.0,0.0,20.4,6.2,19.35046330287574,35.60513899086272
7208,27.5,28.07599830627441,83.0,0.0,19.7,5.7,21.163059678760817,33.84891790362825
7209,25.3,28.07599830627441,83.0,0.0,20.6,5.7,21.84232066889086,31.85269620066726
7210,29.4,28.07599830627441,83.0,0.0,20.3,6.1,22.493580733985173,36.148074220195554
7211,27.5,28.07599830627441,83.0,0.0,19.8,5.6,12.868429453011743,31.360528835903523
7212,27.1,28.07599830627441,83.0,0.0,20.0,5.6,16.868445193853596,32.16053355815608
7213,30.0,28.07599830627441,83.0,0.0,20.7,6.0,29.29200243892908,38.78760073167872
7214,26.5,28.07599830627441,83.0,0.0,19.6,5.5,16.963764876524017,31.589129462957203
7215,25.2,28.07599830627441,83.0,0.0,19.9,6.2,13.996663792979266,29.398999137893778
7216,27.1,28.07599830627441,83.0,0.0,19.3,6.2,19.80443839847626,33.04133151954288
7217,28.5,28.07599830627441,83.0,0.0,21.0,5.6,12.317312069693255,32.19519362090798
7218,27.8,28.07599830627441,83.0,0.0,19.9,5.6,11.890038771016162,31.367011631304848
7219,26.3,28.07599830627441,83.0,0.0,20.3,5.9,19.77968294153007,32.23390488245902
7220,26.0,28.07599830627441,83.0,0.0,20.0,6.2,23.22456566169248,32.967369698507746
7221,28.3,28.07599830627441,83.0,0.0,20.8,6.0,10.22522685052791,31.367568055158372
7222,26.1,28.07599830627441,83.0,0.0,20.4,6.3,22.3184928693335,32.79554786080005
7223,26.9,28.07599830627441,83.0,0.0,19.8,6.1,21.777240216695866,33.43317206500876
7224,25.6,28.07599830627441,83.0,0.0,20.6,5.9,26.558146684770016,33.56744400543101
7225,27.5,28.07599830627441,83.0,0.0,20.9,6.4,24.67025913274076,34.90107773982223
7226,25.7,28.07599830627441,83.0,0.0,20.2,5.8,11.24723281026264,29.074169843078792
7227,29.7,28.07599830627441,83.0,0.0,20.4,6.2,16.51269372597902,34.6538081177937
7228,28.8,28.07599830627441,83.0,0.0,19.9,5.6,13.666251189945172,32.89987535698355
7229,25.8,28.07599830627441,83.0,0.0,20.5,5.7,11.537155031643639,29.26114650949309
7230,28.1,28.07599830627441,83.0,0.0,20.6,5.7,13.629855617355933,32.18895668520678
7231,26.0,28.07599830627441,83.0,0.0,20.1,5.7,26.36883666075429,33.91065099822629
7232,25.9,28.07599830627441,83.0,0.0,19.5,6.2,21.712398612907318,32.413719583872194
7233,27.1,28.07599830627441,83.0,0.0,20.3,5.8,14.928607612793494,31.57858228383805
7234,26.9,28.07599830627441,83.0,0.0,20.1,6.4,17.273268718694318,32.081980615608295
7235,25.6,28.07599830627441,83.0,0.0,20.5,6.1,16.444390506164705,30.533317151849413
7236,28.9,28.07599830627441,83.0,0.0,20.3,5.7,29.754882419027528,37.826464725708256
7237,26.8,28.07599830627441,83.0,0.0,19.9,5.6,18.450966025722543,32.33528980771676
7238,25.0,28.07599830627441,83.0,0.0,20.2,6.3,13.109216425466922,28.932764927640076
7239,29.8,28.07599830627441,83.0,0.0,19.7,6.0,21.416601429572147,36.224980428871646
7240,25.0,28.07599830627441,83.0,0.0,20.3,6.4,18.622442242073518,30.586732672622055
7241,29.8,28.07599830627441,83.0,0.0,19.5,6.4,23.193097006710712,36.757929102013215
7242,27.7,28.07599830627441,83.0,0.0,19.9,6.1,22.182897055260966,34.354869116578286
7243,25.8,28.07599830627441,83.0,0.0,19.8,5.7,28.220587943321455,34.266176382996434
7244,29.0,28.07599830627441,83.0,0.0,19.9,5.7,25.750338597020786,36.72510157910624
7245,29.1,28.07599830627441,83.0,0.0,19.1,5.7,19.64947428262291,34.99484228478688
7246,27.2,28.07599830627441,83.0,0.0,19.8,5.7,18.807040725628106,32.84211221768843
7247,28.3,28.07599830627441,83.0,0.0,19.6,6.3,17.917006568688034,33.67510197060641
7248,26.4,28.07599830627441,83.0,0.0,20.5,5.7,15.020273401360866,30.906082020408256
7249,29.8,28.07599830627441,83.0,0.0,19.4,5.7,28.401978239942952,38.32059347198289
7250,29.8,28.07599830627441,83.0,0.0,20.0,6.3,29.77964627390463,38.73389388217139
7251,25.0,28.07599830627441,83.0,0.0,20.4,6.4,14.99696012920294,29.49908803876088
7252,25.7,28.07599830627441,83.0,0.0,20.6,6.0,25.739686555877192,33.421905966763156
7253,26.7,28.07599830627441,83.0,0.0,20.8,6.0,17.440370829716276,31.932111248914882
7254,28.6,28.07599830627441,83.0,0.0,20.8,6.0,11.956888803247882,32.187066640974365
7255,28.0,28.07599830627441,83.0,0.0,19.8,5.8,21.312760273427447,34.393828082028236
7256,26.8,28.07599830627441,83.0,0.0,20.8,5.5,23.44262920539961,33.83278876161988
7257,30.0,28.07599830627441,83.0,0.0,19.5,6.1,23.013062105154148,36.90391863154625
7258,25.3,28.07599830627441,83.0,0.0,19.4,5.8,20.46229229481768,31.438687688445306
7259,26.0,28.07599830627441,83.0,0.0,19.4,6.1,10.368719376333157,29.110615812899947
7260,27.7,27.775999069213867,84.0,0.0,21.0,6.3,12.496162450342528,31.448848735102757
7261,26.8,27.775999069213867,84.0,0.0,20.0,6.3,14.290343779179015,31.087103133753704
7262,27.2,27.775999069213867,84.0,0.0,20.4,5.7,21.427659158186707,33.62829774745601
7263,30.0,27.775999069213867,84.0,0.0,21.0,6.4,17.971914357861625,35.39157430735849
7264,29.2,27.775999069213867,84.0,0.0,19.6,6.2,11.988378307626453,32.796513492287936
7265,25.7,27.775999069213867,84.0,0.0,20.0,6.4,10.621461384961105,28.886438415488332
7266,28.1,27.775999069213867,84.0,0.0,19.1,5.7,13.073726883356935,32.022118065007085
7267,29.7,27.775999069213867,84.0,0.0,19.7,5.6,12.898459562442174,33.56953786873265
7268,27.3,27.775999069213867,84.0,0.0,20.4,6.2,10.093758295986362,30.32812748879591
7269,29.5,27.775999069213867,84.0,0.0,19.0,5.6,26.480863969280158,37.444259190784045
7270,30.0,27.775999069213867,84.0,0.0,19.5,6.1,15.596437234741744,34.67893117042252
7271,29.0,27.775999069213867,84.0,0.0,19.8,6.3,14.577670828418697,33.37330124852561
7272,29.4,27.775999069213867,84.0,0.0,19.9,5.6,20.302873970277176,35.49086219108315
7273,27.5,27.775999069213867,84.0,0.0,19.8,5.9,16.336523552427394,32.40095706572822
7274,29.2,27.775999069213867,84.0,0.0,19.8,6.0,20.782909574097662,35.4348728722293
7275,26.1,27.775999069213867,84.0,0.0,19.7,5.9,22.67271895921645,32.90181568776494
7276,26.0,27.775999069213867,84.0,0.0,19.4,6.0,22.13302299888981,32.63990689966694
7277,27.0,27.775999069213867,84.0,0.0,20.1,6.2,20.714249553595316,33.2142748660786
7278,26.6,27.775999069213867,84.0,0.0,20.9,6.2,20.102356438551602,32.630706931565484
7279,29.8,27.775999069213867,84.0,0.0,19.3,6.4,11.609985898028015,33.2829957694084
7280,28.0,27.775999069213867,84.0,0.0,19.6,6.3,23.458925225084847,35.037677567525456
7281,29.9,27.775999069213867,84.0,0.0,21.0,5.9,14.591756469509559,34.277526940852866
7282,29.9,27.775999069213867,84.0,0.0,19.6,5.6,14.534689304295458,34.26040679128864
7283,29.1,27.775999069213867,84.0,0.0,20.4,6.4,22.881538186989463,35.96446145609684
7284,26.0,27.775999069213867,84.0,0.0,21.0,5.8,26.657654579643463,33.997296373893036
7285,26.7,27.775999069213867,84.0,0.0,20.9,5.8,28.71460299975236,35.31438089992571
7286,27.0,27.775999069213867,84.0,0.0,20.9,5.7,22.905114102054714,33.87153423061641
7287,26.6,27.775999069213867,84.0,0.0,20.4,5.8,26.0600406150474,34.41801218451422
7288,26.8,27.775999069213867,84.0,0.0,19.9,6.3,10.91813752232339,30.07544125669702
7289,27.6,27.775999069213867,84.0,0.0,20.9,5.6,18.225725062677554,33.06771751880327
7290,29.7,27.775999069213867,84.0,0.0,20.0,6.2,28.143072424455173,38.14292172733655
7291,28.6,27.775999069213867,84.0,0.0,20.0,6.1,17.61385041111587,33.884155123334764
7292,29.6,27.775999069213867,84.0,0.0,19.3,6.0,20.60091384118548,35.780274152355645
7293,26.2,27.775999069213867,84.0,0.0,20.8,5.8,19.061742345943802,31.91852270378314
7294,26.7,27.775999069213867,84.0,0.0,19.2,6.4,22.519650518404333,33.4558951555213
7295,29.2,27.775999069213867,84.0,0.0,20.7,6.3,19.92834808503556,35.17850442551067
7296,29.4,27.775999069213867,84.0,0.0,20.4,5.6,20.31899334982524,35.49569800494757
7297,27.8,27.775999069213867,84.0,0.0,21.0,5.8,13.372154334549823,31.81164630036495
7298,28.5,27.775999069213867,84.0,0.0,20.6,5.8,13.976453281930993,32.6929359845793
7299,25.9,27.775999069213867,84.0,0.0,19.5,5.7,22.373304768009305,32.61199143040279
7300,25.5,27.775999069213867,84.0,0.0,21.0,6.2,29.139467794847207,34.24184033845416
7301,28.4,27.775999069213867,84.0,0.0,19.7,5.6,29.530498998028023,37.259149699408404
7302,27.7,27.775999069213867,84.0,0.0,19.1,5.5,28.63339149926878,36.290017449780635
7303,27.3,27.775999069213867,84.0,0.0,20.0,6.1,25.091235912326766,34.82737077369803
7304,28.4,27.775999069213867,84.0,0.0,20.8,6.4,25.248757648108192,35.97462729443246
7305,28.9,27.775999069213867,84.0,0.0,20.5,5.7,18.77313259285604,34.53193977785681
7306,29.0,27.775999069213867,84.0,0.0,19.2,5.7,10.578295591347961,32.173488677404386
7307,27.3,27.775999069213867,84.0,0.0,19.2,5.8,18.645453762300654,32.8936361286902
7308,29.3,27.775999069213867,84.0,0.0,20.9,5.8,12.054499915975498,32.91634997479265
7309,26.5,27.775999069213867,84.0,0.0,19.1,6.0,10.440449358520237,29.63213480755607
7310,27.1,27.775999069213867,84.0,0.0,19.4,6.4,14.886482091546116,31.565944627463836
7311,26.1,27.775999069213867,84.0,0.0,19.9,6.0,18.82544697897554,31.747634093692664
7312,25.7,27.775999069213867,84.0,0.0,20.9,6.3,12.623376927336981,29.487013078201095
7313,26.0,27.775999069213867,84.0,0.0,20.8,6.1,15.892449939621855,30.767734981886555
7314,27.3,27.775999069213867,84.0,0.0,19.3,5.9,18.601034596958804,32.88031037908764
7315,29.5,27.775999069213867,84.0,0.0,19.2,5.9,18.342194820696008,35.002658446208805
7316,25.8,27.775999069213867,84.0,0.0,19.9,6.5,25.438533611047497,33.43156008331425
7317,25.5,27.775999069213867,84.0,0.0,20.7,6.5,14.161941285322264,29.748582385596677
7318,29.7,27.775999069213867,84.0,0.0,20.2,6.4,19.9099389740946,35.672981692228376
7319,26.5,27.775999069213867,84.0,0.0,20.7,6.2,20.82330297914931,32.746990893744794
7320,26.5,27.375999450683597,86.0,0.0,19.7,6.1,14.129958208267961,30.738987462480388
7321,25.9,27.375999450683597,86.0,0.0,20.5,5.9,28.932547398941548,34.57976421968246
7322,26.1,27.375999450683597,86.0,0.0,19.2,5.9,14.474252723375244,30.442275817012575
7323,25.4,27.375999450683597,86.0,0.0,19.4,6.4,18.822854988932583,31.046856496679773
7324,25.7,27.375999450683597,86.0,0.0,19.3,6.0,11.485834046800775,29.14575021404023
7325,26.1,27.375999450683597,86.0,0.0,20.9,6.2,18.039480953588285,31.51184428607649
7326,29.2,27.375999450683597,86.0,0.0,19.5,6.1,13.783284012484833,33.33498520374545
7327,28.3,27.375999450683597,86.0,0.0,20.8,6.0,26.033614752384242,36.11008442571527
7328,28.4,27.375999450683597,86.0,0.0,19.8,6.4,15.772157736501596,33.13164732095048
7329,25.4,27.375999450683597,86.0,0.0,19.4,5.8,17.19650935416343,30.558952806249028
7330,29.7,27.375999450683597,86.0,0.0,20.2,5.8,27.084143080288957,37.82524292408669
7331,26.9,27.375999450683597,86.0,0.0,19.2,6.1,12.319185514687348,30.595755654406204
7332,28.5,27.375999450683597,86.0,0.0,20.4,5.6,28.02772835834617,36.90831850750385
7333,25.4,27.375999450683597,86.0,0.0,21.0,5.9,29.36444883185286,34.209334649555856
7334,29.0,27.375999450683597,86.0,0.0,20.0,5.6,20.8815789289217,35.26447367867651
7335,28.1,27.375999450683597,86.0,0.0,20.9,6.2,11.57684812875373,31.57305443862612
7336,26.5,27.375999450683597,86.0,0.0,20.5,6.4,29.084021824208293,35.22520654726249
7337,26.5,27.375999450683597,86.0,0.0,19.3,5.7,28.22543546175864,34.967630638527595
7338,25.8,27.375999450683597,86.0,0.0,19.5,5.8,10.419557547881809,28.925867264364545
7339,27.8,27.375999450683597,86.0,0.0,19.2,5.7,15.59746504084883,32.47923951225465
7340,26.5,27.375999450683597,86.0,0.0,20.6,6.1,19.627288613539925,32.38818658406198
7341,25.6,27.375999450683597,86.0,0.0,19.8,6.5,23.037679390524808,32.51130381715744
7342,29.9,27.375999450683597,86.0,0.0,20.3,6.5,11.885116433896423,33.46553493016893
7343,29.9,27.375999450683597,86.0,0.0,20.0,6.1,16.498035696369314,34.849410708910796
7344,27.5,27.375999450683597,86.0,0.0,19.1,6.3,10.812569928314833,30.74377097849445
7345,29.0,27.375999450683597,86.0,0.0,19.4,5.6,25.39709957580824,36.61912987274247
7346,26.6,27.375999450683597,86.0,0.0,20.1,6.5,28.001608648580657,35.000482594574194
7347,29.5,27.375999450683597,86.0,0.0,19.5,5.8,16.19113192445282,34.35733957733584
7348,27.6,27.375999450683597,86.0,0.0,20.0,5.9,27.350349734167757,35.80510492025033
7349,25.8,27.375999450683597,86.0,0.0,20.9,6.2,22.537713620417342,32.5613140861252
7350,25.6,27.375999450683597,86.0,0.0,20.5,5.5,22.846036541501732,32.45381096245052
7351,26.8,27.375999450683597,86.0,0.0,20.8,5.8,28.233170092646077,35.26995102779382
7352,29.8,27.375999450683597,86.0,0.0,20.0,6.5,19.229341196518313,35.568802358955494
7353,26.7,27.375999450683597,86.0,0.0,20.0,5.7,12.944367146192716,30.583310143857815
7354,29.6,27.375999450683597,86.0,0.0,19.2,5.9,21.13547851350623,35.94064355405187
7355,25.6,27.375999450683597,86.0,0.0,20.9,6.5,15.723482971374933,30.31704489141248
7356,26.5,27.375999450683597,86.0,0.0,20.8,5.7,10.497115720745832,29.64913471622375
7357,26.2,27.375999450683597,86.0,0.0,19.1,6.4,21.23426117564275,32.570278352692824
7358,27.7,27.375999450683597,86.0,0.0,19.6,5.9,17.35116552893814,32.905349658681445
7359,27.9,27.375999450683597,86.0,0.0,19.7,5.9,27.15724103705609,36.047172311116825
7360,27.1,27.375999450683597,86.0,0.0,19.8,5.8,14.732418841255082,31.519725652376525
7361,27.7,27.375999450683597,86.0,0.0,19.7,6.1,24.243984914941944,34.97319547448258
7362,27.8,27.375999450683597,86.0,0.0,19.9,5.7,24.301472062959967,35.09044161888799
7363,27.4,27.375999450683597,86.0,0.0,19.1,6.1,17.89155687703365,32.7674670631101
7364,29.5,27.375999450683597,86.0,0.0,20.2,6.0,15.197453254056443,34.05923597621693
7365,29.1,27.375999450683597,86.0,0.0,20.8,5.5,17.771587634175248,34.431476290252576
7366,28.6,27.375999450683597,86.0,0.0,19.4,6.2,18.34577647402063,34.10373294220619
7367,27.1,27.375999450683597,86.0,0.0,20.5,5.9,28.132840926116735,35.539852277835024
7368,28.5,27.375999450683597,86.0,0.0,20.2,6.3,23.22287724779748,35.466863174339245
7369,28.2,27.375999450683597,86.0,0.0,19.1,6.1,10.735362005101702,31.42060860153051
7370,28.5,27.375999450683597,86.0,0.0,20.6,5.9,28.251681617999512,36.97550448539985
7371,29.8,27.375999450683597,86.0,0.0,19.5,6.3,22.986668303884226,36.696000491165265
7372,26.4,27.375999450683597,86.0,0.0,19.4,5.8,29.071503815388244,35.12145114461647
7373,28.0,27.375999450683597,86.0,0.0,19.4,5.7,24.06201415030806,35.218604245092415
7374,25.6,27.375999450683597,86.0,0.0,20.8,6.3,14.131560863808385,29.839468259142517
7375,27.1,27.375999450683597,86.0,0.0,19.6,5.8,12.503317156022028,30.85099514680661
7376,25.5,27.375999450683597,86.0,0.0,19.4,6.3,24.32896841487498,32.798690524462494
7377,26.8,27.375999450683597,86.0,0.0,21.0,6.2,24.07032616484237,34.021097849452715
7378,26.4,27.375999450683597,86.0,0.0,20.6,6.0,16.423345137920933,31.32700354137628
7379,25.1,27.375999450683597,86.0,0.0,20.7,6.5,19.67526053743071,31.002578161229213
7380,28.4,27.025999069213867,89.0,0.0,19.7,6.3,12.532961450832952,32.15988843524988
7381,26.6,27.025999069213867,89.0,0.0,19.7,6.3,20.809631724539102,32.84288951736173
7382,29.5,27.025999069213867,89.0,0.0,19.3,6.1,23.219244212733052,36.46577326381991
7383,29.2,27.025999069213867,89.0,0.0,19.3,5.9,17.131610997303117,34.33948329919093
7384,26.9,27.025999069213867,89.0,0.0,20.1,6.1,22.258499458556198,33.577549837566856
7385,26.5,27.025999069213867,89.0,0.0,20.3,5.9,11.54161692347281,29.962485077041844
7386,27.2,27.025999069213867,89.0,0.0,19.1,5.8,16.345033908030267,32.10351017240908
7387,27.9,27.025999069213867,89.0,0.0,20.8,5.5,17.477000616573626,33.143100184972084
7388,30.0,27.025999069213867,89.0,0.0,20.6,5.8,14.605643817036194,34.38169314511086
7389,27.9,27.025999069213867,89.0,0.0,19.2,5.7,18.085501388592675,33.3256504165778
7390,26.9,27.025999069213867,89.0,0.0,20.6,6.3,19.24640340043222,32.67392102012967
7391,29.4,27.025999069213867,89.0,0.0,20.1,5.6,25.599913020791355,37.079973906237406
7392,28.1,27.025999069213867,89.0,0.0,19.4,6.1,28.673028598634453,36.70190857959034
7393,25.4,27.025999069213867,89.0,0.0,19.0,5.7,29.035491044438384,34.11064731333151
7394,28.0,27.025999069213867,89.0,0.0,19.2,5.8,22.638729981968037,34.79161899459041
7395,25.3,27.025999069213867,89.0,0.0,19.5,6.1,24.628203872598213,32.688461161779465
7396,29.9,27.025999069213867,89.0,0.0,19.8,5.9,20.17101051828406,35.95130315548521
7397,25.3,27.025999069213867,89.0,0.0,19.2,6.0,16.236923696684826,30.17107710900545
7398,25.5,27.025999069213867,89.0,0.0,20.6,6.1,24.356965429275956,32.807089628782784
7399,26.1,27.025999069213867,89.0,0.0,19.5,5.9,25.038135382977817,33.61144061489335
7400,28.4,27.025999069213867,89.0,0.0,20.1,6.0,29.26164340010186,37.17849302003056
7401,28.2,27.025999069213867,89.0,0.0,20.0,6.4,15.52784014892554,32.85835204467766
7402,27.6,27.025999069213867,89.0,0.0,20.9,6.2,25.4622645534103,35.23867936602309
7403,27.6,27.025999069213867,89.0,0.0,20.8,6.5,25.848229352517386,35.35446880575522
7404,29.6,27.025999069213867,89.0,0.0,20.8,5.6,25.044423329520473,37.113326998856145
7405,26.5,27.025999069213867,89.0,0.0,19.4,6.0,10.870501767823713,29.761150530347113
7406,25.2,27.025999069213867,89.0,0.0,19.9,5.9,12.424183827165852,28.927255148149754
7407,27.7,27.025999069213867,89.0,0.0,19.8,6.4,22.07256836531066,34.32177050959319
7408,27.9,27.025999069213867,89.0,0.0,20.2,6.3,24.01410019120535,35.104230057361605
7409,29.1,27.025999069213867,89.0,0.0,19.4,5.8,13.12797011988158,33.03839103596447
7410,26.1,27.025999069213867,89.0,0.0,19.5,5.6,29.42452709380371,34.927358128141115
7411,29.6,27.025999069213867,89.0,0.0,19.9,5.7,26.20886109250879,37.462658327752635
7412,25.1,27.025999069213867,89.0,0.0,20.3,6.4,27.86027603968207,33.458082811904625
7413,29.5,27.025999069213867,89.0,0.0,19.6,5.8,12.621750627540589,33.286525188262175
7414,25.0,27.025999069213867,89.0,0.0,20.0,6.4,23.07534213279581,31.922602639838743
7415,28.8,27.025999069213867,89.0,0.0,21.0,6.1,25.76702085279248,36.530106255837744
7416,29.1,27.025999069213867,89.0,0.0,20.7,5.8,22.97249342963086,35.99174802888926
7417,29.4,27.025999069213867,89.0,0.0,19.7,6.2,25.608983643165203,37.08269509294956
7418,28.2,27.025999069213867,89.0,0.0,19.5,5.5,27.806943711497592,36.54208311344928
7419,28.5,27.025999069213867,89.0,0.0,19.6,6.1,23.908324104283565,35.67249723128507
7420,29.1,27.025999069213867,89.0,0.0,20.1,5.6,19.66285278895337,34.99885583668601
7421,29.1,27.025999069213867,89.0,0.0,19.2,6.1,16.492815914329377,34.04784477429882
7422,25.6,27.025999069213867,89.0,0.0,20.9,5.9,26.315726205909918,33.494717861772976
7423,25.6,27.025999069213867,89.0,0.0,20.1,6.4,16.2801014009192,30.48403042027576
7424,26.5,27.025999069213867,89.0,0.0,20.4,5.9,21.855452656573874,33.05663579697216
7425,29.9,27.025999069213867,89.0,0.0,19.7,5.9,22.11479280824452,36.53443784247335
7426,25.0,27.025999069213867,89.0,0.0,20.0,6.0,17.083466832704865,30.12504004981146
7427,28.7,27.025999069213867,89.0,0.0,19.2,6.1,25.448555634999778,36.33456669049993
7428,25.0,27.025999069213867,89.0,0.0,20.7,5.6,22.872030890066796,31.86160926702004
7429,28.4,27.025999069213867,89.0,0.0,20.9,6.4,19.85037745240438,34.35511323572131
7430,25.6,27.025999069213867,89.0,0.0,20.0,5.5,11.928443004181082,29.178532901254325
7431,29.9,27.025999069213867,89.0,0.0,19.2,6.1,14.162359287796974,34.14870778633909
7432,27.0,27.025999069213867,89.0,0.0,20.4,6.3,16.76398275450221,32.02919482635066
7433,26.5,27.025999069213867,89.0,0.0,20.1,6.5,14.779266385888672,30.9337799157666
7434,28.8,27.025999069213867,89.0,0.0,20.9,5.6,16.183329273234662,33.6549987819704
7435,25.8,27.025999069213867,89.0,0.0,19.9,6.4,14.46943932852223,30.14083179855667
7436,26.9,27.025999069213867,89.0,0.0,20.4,6.1,19.745871926900247,32.82376157807007
7437,26.4,27.025999069213867,89.0,0.0,20.3,6.4,22.2299152191558,33.068974565746736
7438,26.6,27.025999069213867,89.0,0.0,20.3,6.1,19.98776717768223,32.59633015330467
7439,25.9,27.025999069213867,89.0,0.0,19.6,6.2,12.889483006266637,29.76684490187999
7440,28.4,26.875999450683597,90.0,0.0,20.1,6.0,14.473063237689656,32.741918971306895
7441,25.8,26.875999450683597,90.0,0.0,20.0,5.8,12.872418669397241,29.661725600819175
7442,25.2,26.875999450683597,90.0,0.0,19.2,5.6,11.116073727246079,28.53482211817382
7443,29.8,26.875999450683597,90.0,0.0,20.0,5.6,20.339689940730008,35.901906982219
7444,27.0,26.875999450683597,90.0,0.0,19.2,6.2,20.894027300379136,33.26820819011374
7445,28.9,26.875999450683597,90.0,0.0,19.4,5.6,11.959719387240028,32.487915816172006
7446,26.3,26.875999450683597,90.0,0.0,19.1,6.4,27.808768655787205,34.64263059673616
7447,26.4,26.875999450683597,90.0,0.0,20.1,5.9,25.78560137881366,34.135680413644096
7448,27.4,26.875999450683597,90.0,0.0,20.2,5.7,29.669005411608534,36.30070162348256
7449,30.0,26.875999450683597,90.0,0.0,20.7,6.2,21.95497119549306,36.58649135864792
7450,29.5,26.875999450683597,90.0,0.0,19.2,6.0,22.36476522151665,36.20942956645499
7451,28.6,26.875999450683597,90.0,0.0,19.4,5.9,22.243227946465225,35.27296838393957
7452,26.2,26.875999450683597,90.0,0.0,20.5,5.9,24.45233876896208,33.53570163068862
7453,25.1,26.875999450683597,90.0,0.0,20.2,6.4,28.695560973199193,33.70866829195976
7454,27.2,26.875999450683597,90.0,0.0,20.5,5.8,27.856542504442995,35.5569627513329
7455,26.6,26.875999450683597,90.0,0.0,20.2,5.5,22.56455029973081,33.36936508991924
7456,28.9,26.875999450683597,90.0,0.0,19.0,6.3,17.99772518011748,34.29931755403524
7457,25.2,26.875999450683597,90.0,0.0,20.3,6.2,19.50411864911847,31.05123559473554
7458,26.3,26.875999450683597,90.0,0.0,19.4,6.5,29.520848885234393,35.156254665570316
7459,25.9,26.875999450683597,90.0,0.0,20.9,6.5,19.34219807158835,31.702659421476504
7460,29.9,26.875999450683597,90.0,0.0,19.4,5.9,15.23578751344311,34.47073625403293
7461,28.3,26.875999450683597,90.0,0.0,19.8,6.0,23.575731407311366,35.37271942219341
7462,29.0,26.875999450683597,90.0,0.0,19.8,5.8,13.969792063853607,33.19093761915608
7463,27.3,26.875999450683597,90.0,0.0,20.5,5.7,16.937284258188757,32.38118527745663
7464,25.1,26.875999450683597,90.0,0.0,20.5,5.5,22.98599143423524,31.99579743027057
7465,25.2,26.875999450683597,90.0,0.0,20.4,5.8,17.173550821126128,30.352065246337837
7466,27.8,26.875999450683597,90.0,0.0,19.8,5.6,18.765149688958147,33.42954490668745
7467,25.5,26.875999450683597,90.0,0.0,20.5,6.3,16.118356676107194,30.33550700283216
7468,27.4,26.875999450683597,90.0,0.0,20.9,5.9,23.549789761115115,34.46493692833453
7469,25.1,26.875999450683597,90.0,0.0,20.6,5.8,19.16634032467702,30.849902097403106
7470,25.4,26.875999450683597,90.0,0.0,20.8,6.5,25.917546015919505,33.17526380477585
7471,27.6,26.875999450683597,90.0,0.0,20.5,6.4,17.947048759930496,32.98411462797915
7472,29.9,26.875999450683597,90.0,0.0,19.1,5.9,27.87079678510789,38.26123903553236
7473,25.1,26.875999450683597,90.0,0.0,19.6,6.5,24.716111805612186,32.51483354168366
7474,26.9,26.875999450683597,90.0,0.0,19.2,5.6,20.067975712569208,32.92039271377076
7475,28.2,26.875999450683597,90.0,0.0,19.5,6.5,27.757486132266894,36.52724583968006
7476,27.8,26.875999450683597,90.0,0.0,20.5,6.1,14.14640657033389,32.04392197110017
7477,26.2,26.875999450683597,90.0,0.0,19.0,6.4,23.240030869262753,33.17200926077882
7478,29.4,26.875999450683597,90.0,0.0,19.4,6.1,17.382693647019632,34.61480809410589
7479,27.4,26.875999450683597,90.0,0.0,20.2,6.3,28.38258124964338,35.914774374893014
7480,25.4,26.875999450683597,90.0,0.0,19.2,6.1,19.35473083652258,31.206419250956774
7481,29.8,26.875999450683597,90.0,0.0,19.3,6.0,24.75388231213623,37.22616469364087
7482,28.3,26.875999450683597,90.0,0.0,20.4,6.3,21.16114988321624,34.64834496496487
7483,29.1,26.875999450683597,90.0,0.0,19.3,6.2,25.29805579181613,36.68941673754484
7484,28.0,26.875999450683597,90.0,0.0,20.4,6.3,28.828078319030325,36.648423495709096
7485,26.9,26.875999450683597,90.0,0.0,20.0,5.8,11.850757843127703,30.45522735293831
7486,26.6,26.875999450683597,90.0,0.0,20.7,6.2,15.891166281137545,31.367349884341266
7487,27.6,26.875999450683597,90.0,0.0,19.0,6.1,12.906420876301345,31.471926262890406
7488,26.6,26.875999450683597,90.0,0.0,19.3,6.4,10.345859772738166,29.70375793182145
7489,28.5,26.875999450683597,90.0,0.0,20.1,5.8,19.501320888269593,34.35039626648088
7490,26.4,26.875999450683597,90.0,0.0,20.2,6.0,27.400738645811046,34.62022159374331
7491,27.1,26.875999450683597,90.0,0.0,19.2,5.7,26.890514371722574,35.167154311516775
7492,27.7,26.875999450683597,90.0,0.0,20.1,6.0,16.041808055377516,32.51254241661326
7493,29.3,26.875999450683597,90.0,0.0,19.3,6.1,12.411871241104095,33.02356137233123
7494,28.6,26.875999450683597,90.0,0.0,19.4,5.7,23.02101990932099,35.5063059727963
7495,26.1,26.875999450683597,90.0,0.0,20.1,5.5,23.363730245908265,33.10911907377248
7496,25.8,26.875999450683597,90.0,0.0,20.8,6.4,26.86013924929713,33.85804177478914
7497,28.1,26.875999450683597,90.0,0.0,19.7,6.3,16.85833874960112,33.15750162488034
7498,29.9,26.875999450683597,90.0,0.0,19.8,5.6,18.81275565604022,35.54382669681206
7499,29.0,26.875999450683597,90.0,0.0,19.8,6.4,21.02046739570732,35.306140218712194
7500,25.2,26.92599868774414,90.0,0.0,20.9,6.5,11.599806482851367,28.679941944855408
7501,29.8,26.92599868774414,90.0,0.0,21.0,6.4,13.355135312981588,33.806540593894475
7502,28.0,26.92599868774414,90.0,0.0,19.8,5.7,23.83266437976223,35.14979931392867
7503,26.1,26.92599868774414,90.0,0.0,19.1,5.8,11.964603318524908,29.689380995557475
7504,26.8,26.92599868774414,90.0,0.0,19.9,5.8,13.664738696971579,30.899421609091476
7505,28.8,26.92599868774414,90.0,0.0,20.9,6.3,26.48191397245086,36.74457419173526
7506,29.5,26.92599868774414,90.0,0.0,19.0,5.6,13.41585331190917,33.524755993572754
7507,25.7,26.92599868774414,90.0,0.0,19.7,6.4,24.46612574827029,33.03983772448109
7508,29.3,26.92599868774414,90.0,0.0,19.7,6.1,19.11138027546629,35.03341408263989
7509,25.2,26.92599868774414,90.0,0.0,20.4,6.5,11.238407876291639,28.571522362887492
7510,25.7,26.92599868774414,90.0,0.0,19.8,6.5,14.067394724826602,29.92021841744798
7511,25.0,26.92599868774414,90.0,0.0,20.6,6.3,14.233438039544598,29.27003141186338
7512,28.6,26.92599868774414,90.0,0.0,20.7,6.5,24.798039523543892,36.03941185706317
7513,26.2,26.92599868774414,90.0,0.0,20.3,6.3,21.567389376261982,32.67021681287859
7514,28.2,26.92599868774414,90.0,0.0,19.2,6.0,12.523811165807025,31.957143349742108
7515,27.0,26.92599868774414,90.0,0.0,20.7,6.0,28.309289909144944,35.49278697274348
7516,25.1,26.92599868774414,90.0,0.0,19.1,6.5,16.684776824143693,30.10543304724311
7517,28.6,26.92599868774414,90.0,0.0,19.3,6.0,25.929554123806795,36.37886623714204
7518,27.9,26.92599868774414,90.0,0.0,19.8,6.2,19.09992481187043,33.62997744356113
7519,28.3,26.92599868774414,90.0,0.0,20.5,5.9,15.557252045318734,32.96717561359562
7520,25.2,26.92599868774414,90.0,0.0,20.2,5.7,29.913159807257983,34.17394794217739
7521,26.6,26.92599868774414,90.0,0.0,20.8,6.0,24.226602074406948,33.86798062232209
7522,25.1,26.92599868774414,90.0,0.0,19.6,5.8,16.12135278575854,29.936405835727562
7523,28.4,26.92599868774414,90.0,0.0,19.9,5.9,11.835165855325705,31.95054975659771
7524,28.7,26.92599868774414,90.0,0.0,20.3,5.8,29.1694572999322,37.45083718997966
7525,28.0,26.92599868774414,90.0,0.0,20.7,6.3,19.789656994786387,33.936897098435914
7526,25.2,26.92599868774414,90.0,0.0,19.3,6.3,11.246562511264454,28.573968753379337
7527,27.7,26.92599868774414,90.0,0.0,20.8,6.2,15.342246896031499,32.30267406880945
7528,26.8,26.92599868774414,90.0,0.0,20.1,6.4,25.29859497621957,34.38957849286587
7529,29.3,26.92599868774414,90.0,0.0,20.5,6.1,12.567177502207198,33.07015325066216
7530,29.7,26.92599868774414,90.0,0.0,19.4,5.9,29.82109755125753,38.64632926537726
7531,27.4,26.92599868774414,90.0,0.0,21.0,5.7,19.897369221411616,33.369210766423485
7532,29.0,26.92599868774414,90.0,0.0,20.1,5.9,10.401481905213325,32.120444571564
7533,25.8,26.92599868774414,90.0,0.0,19.8,6.3,10.924908031302254,29.077472409390676
7534,29.7,26.92599868774414,90.0,0.0,20.1,5.8,29.013931150158424,38.404179345047524
7535,27.7,26.92599868774414,90.0,0.0,19.8,6.3,16.506365008193946,32.65190950245818
7536,26.5,26.92599868774414,90.0,0.0,20.3,5.5,27.40916473924487,34.72274942177346
7537,28.1,26.92599868774414,90.0,0.0,20.5,6.2,11.92351180345889,31.67705354103767
7538,25.9,26.92599868774414,90.0,0.0,19.5,6.2,13.454229681026522,29.936268904307955
7539,27.9,26.92599868774414,90.0,0.0,19.2,6.0,29.40351410236798,36.72105423071039
7540,27.3,26.92599868774414,90.0,0.0,20.0,6.0,24.208092736508043,34.562427820952415
7541,26.0,26.92599868774414,90.0,0.0,19.8,5.7,26.435491936124098,33.93064758083723
7542,25.8,26.92599868774414,90.0,0.0,20.7,5.9,28.95806139163517,34.48741841749055
7543,28.1,26.92599868774414,90.0,0.0,19.1,5.6,27.45061104319585,36.335183312958755
7544,29.9,26.92599868774414,90.0,0.0,20.7,6.5,20.104102359498196,35.93123070784946
7545,28.5,26.92599868774414,90.0,0.0,19.6,6.2,21.985934686387857,35.09578040591636
7546,26.2,26.92599868774414,90.0,0.0,20.5,5.9,21.902690475069647,32.770807142520894
7547,25.9,26.92599868774414,90.0,0.0,19.2,5.6,23.539811718600298,32.96194351558009
7548,29.2,26.92599868774414,90.0,0.0,21.0,6.4,23.125937153929627,36.13778114617889
7549,28.5,26.92599868774414,90.0,0.0,20.1,5.7,13.778108181733623,32.63343245452009
7550,26.0,26.92599868774414,90.0,0.0,20.8,6.0,20.33590785787368,32.1007723573621
7551,28.1,26.92599868774414,90.0,0.0,20.9,5.9,18.986638925413377,33.795991677624016
7552,27.1,26.92599868774414,90.0,0.0,20.6,6.1,16.459052800468584,32.03771584014058
7553,26.5,26.92599868774414,90.0,0.0,20.9,6.2,15.62973103764119,31.188919311292356
7554,27.4,26.92599868774414,90.0,0.0,20.2,6.3,10.281923972329194,30.484577191698758
7555,26.9,26.92599868774414,90.0,0.0,19.3,5.8,27.298447389648885,35.08953421689466
7556,26.2,26.92599868774414,90.0,0.0,19.3,6.0,20.193787710222523,32.25813631306676
7557,27.1,26.92599868774414,90.0,0.0,20.1,6.2,17.036762864635023,32.21102885939051
7558,26.7,26.92599868774414,90.0,0.0,19.8,6.4,23.43106776236292,33.72932032870887
7559,25.2,26.92599868774414,90.0,0.0,20.0,6.1,10.534487382641958,28.360346214792585
7560,29.4,27.17599868774414,90.0,0.0,19.5,5.8,17.882031029906653,34.76460930897199
7561,25.7,27.17599868774414,90.0,0.0,19.9,5.7,10.168895314781185,28.750668594434355
7562,29.1,27.17599868774414,90.0,0.0,20.4,5.7,27.132616403941682,37.239784921182505
7563,27.6,27.17599868774414,90.0,0.0,20.1,5.7,17.3407067740094,32.802212032202824
7564,26.8,27.17599868774414,90.0,0.0,19.9,5.5,16.2075817423441,31.662274522703232
7565,25.4,27.17599868774414,90.0,0.0,19.7,6.3,19.64685756955585,31.29405727086675
7566,29.1,27.17599868774414,90.0,0.0,20.0,5.9,18.417661177731553,34.625298353319465
7567,28.0,27.17599868774414,90.0,0.0,19.7,5.9,19.5749536746251,33.872486102387526
7568,25.4,27.17599868774414,90.0,0.0,19.6,5.6,15.262562264840247,29.978768679452074
7569,25.7,27.17599868774414,90.0,0.0,20.1,5.9,29.570373949611835,34.571112184883546
7570,28.7,27.17599868774414,90.0,0.0,20.5,5.9,27.157362317310728,36.84720869519322
7571,29.8,27.17599868774414,90.0,0.0,19.4,6.1,10.309409260648344,32.89282277819451
7572,26.9,27.17599868774414,90.0,0.0,20.3,5.7,18.135177689805612,32.34055330694168
7573,25.9,27.17599868774414,90.0,0.0,19.9,6.0,20.039748943879495,31.911924683163846
7574,27.3,27.17599868774414,90.0,0.0,20.6,6.5,22.47873873374224,34.04362162012267
7575,28.2,27.17599868774414,90.0,0.0,19.4,6.4,10.885349615104785,31.465604884531434
7576,26.1,27.17599868774414,90.0,0.0,19.4,6.3,23.86497827694476,33.25949348308343
7577,27.0,27.17599868774414,90.0,0.0,19.2,6.0,12.003399527138976,30.601019858141694
7578,26.0,27.17599868774414,90.0,0.0,20.5,5.9,20.336622622707708,32.100986786812314
7579,25.5,27.17599868774414,90.0,0.0,19.4,6.3,17.429542847516892,30.728862854255066
7580,29.7,27.17599868774414,90.0,0.0,20.2,6.1,24.050741289512942,36.915222386853884
7581,26.7,27.17599868774414,90.0,0.0,20.5,6.0,18.164601498811145,32.149380449643346
7582,28.4,27.17599868774414,90.0,0.0,19.3,5.5,18.069626789866646,33.82088803695999
7583,25.0,27.17599868774414,90.0,0.0,20.0,5.7,14.291748820497212,29.287524646149162
7584,26.5,27.17599868774414,90.0,0.0,20.9,5.7,29.309098332652095,35.29272949979563
7585,29.6,27.17599868774414,90.0,0.0,19.8,6.2,14.64298831329322,33.99289649398797
7586,29.1,27.17599868774414,90.0,0.0,20.8,6.4,20.618500194398877,35.285550058319664
7587,28.6,27.17599868774414,90.0,0.0,19.4,5.5,25.634382551812543,36.29031476554376
7588,28.9,27.17599868774414,90.0,0.0,20.8,6.0,13.194778074474103,32.85843342234223
7589,28.1,27.17599868774414,90.0,0.0,19.5,6.1,17.820766583807966,33.446229975142394
7590,28.2,27.17599868774414,90.0,0.0,19.2,5.9,24.467269146578793,35.540180743973636
7591,28.9,27.17599868774414,90.0,0.0,20.8,6.4,24.6950855319755,36.30852565959265
7592,28.8,27.17599868774414,90.0,0.0,19.9,6.2,17.273357143403267,33.98200714302098
7593,27.0,27.17599868774414,90.0,0.0,19.9,6.2,24.620456589242092,34.386136976772626
7594,25.8,27.17599868774414,90.0,0.0,19.6,5.6,29.6811174515109,34.70433523545327
7595,28.1,27.17599868774414,90.0,0.0,20.3,5.9,23.4694351264076,35.140830537922284
7596,27.1,27.17599868774414,90.0,0.0,20.9,5.7,29.300877731737128,35.89026331952114
7597,27.2,27.17599868774414,90.0,0.0,19.4,5.7,14.235953342576577,31.47078600277297
7598,29.2,27.17599868774414,90.0,0.0,19.4,6.5,20.708190765669816,35.41245722970094
7599,27.6,27.17599868774414,90.0,0.0,19.8,5.8,23.05602061949266,34.5168061858478
7600,25.3,27.17599868774414,90.0,0.0,20.0,5.6,18.510361575190053,30.853108472557018
7601,26.2,27.17599868774414,90.0,0.0,20.6,6.4,26.48529674144115,34.14558902243235
7602,27.9,27.17599868774414,90.0,0.0,20.4,5.8,26.374422423429436,35.81232672702883
7603,27.1,27.17599868774414,90.0,0.0,19.4,5.7,12.32434783902612,30.797304351707837
7604,28.5,27.17599868774414,90.0,0.0,20.8,6.4,10.408001562923634,31.62240046887709
7605,25.4,27.17599868774414,90.0,0.0,20.4,5.8,19.806028738769786,31.341808621630936
7606,28.6,27.17599868774414,90.0,0.0,19.0,5.9,27.683316480494916,36.90499494414848
7607,28.9,27.17599868774414,90.0,0.0,19.8,5.6,25.20180783872497,36.46054235161749
7608,28.5,27.17599868774414,90.0,0.0,20.6,6.2,19.231228863829177,34.26936865914875
7609,27.1,27.17599868774414,90.0,0.0,19.8,5.7,26.509709779723984,35.0529129339172
7610,25.4,27.17599868774414,90.0,0.0,19.8,5.6,21.17157147391859,31.751471442175575
7611,25.2,27.17599868774414,90.0,0.0,20.2,6.4,15.120963764469789,29.736289129340935
7612,26.0,27.17599868774414,90.0,0.0,19.8,5.8,22.929826252968926,32.878947875890674
7613,25.6,27.17599868774414,90.0,0.0,20.0,5.5,22.920449405858072,32.47613482175743
7614,25.8,27.17599868774414,90.0,0.0,19.9,6.4,19.39510936636158,31.618532809908473
7615,27.6,27.17599868774414,90.0,0.0,20.6,5.9,27.119569157211867,35.73587074716356
7616,26.6,27.17599868774414,90.0,0.0,20.1,5.6,10.960971188869674,29.888291356660904
7617,27.4,27.17599868774414,90.0,0.0,20.7,6.0,27.480451602013773,35.64413548060413
7618,29.7,27.17599868774414,90.0,0.0,21.0,6.2,17.140183780185822,34.84205513405575
7619,28.5,27.17599868774414,90.0,0.0,20.6,6.0,12.029631171305198,32.10888935139156
7620,26.9,27.57599830627441,88.0,0.0,20.9,5.9,19.472104875896484,32.74163146276894
7621,27.2,27.57599830627441,88.0,0.0,20.3,5.9,12.140935969403682,30.842280790821103
7622,28.2,27.57599830627441,88.0,0.0,19.6,5.6,15.127607414653536,32.73828222439606
7623,25.4,27.57599830627441,88.0,0.0,20.0,6.5,22.599571722707665,32.1798715168123
7624,25.3,27.57599830627441,88.0,0.0,19.1,5.8,28.166312751508254,33.749893825452475
7625,28.7,27.57599830627441,88.0,0.0,20.3,5.7,23.31464593244911,35.69439377973473
7626,25.6,27.57599830627441,88.0,0.0,19.4,5.7,23.7932597752431,32.73797793257293
7627,27.5,27.57599830627441,88.0,0.0,19.3,6.1,14.414525677134371,31.82435770314031
7628,28.2,27.57599830627441,88.0,0.0,20.6,6.1,19.21135324438424,33.963405973315275
7629,29.2,27.57599830627441,88.0,0.0,19.5,6.4,18.43323614821453,34.72997084446436
7630,28.1,27.57599830627441,88.0,0.0,19.9,6.4,24.555596013538082,35.466678804061424
7631,28.7,27.57599830627441,88.0,0.0,20.3,5.7,15.61032948902125,33.383098846706375
7632,26.2,27.57599830627441,88.0,0.0,19.4,6.3,12.323870700557773,29.897161210167333
7633,26.8,27.57599830627441,88.0,0.0,19.8,5.6,16.307686779526342,31.692306033857903
7634,27.8,27.57599830627441,88.0,0.0,19.5,6.2,18.367091743784073,33.31012752313522
7635,28.2,27.57599830627441,88.0,0.0,20.8,5.5,28.013764103749516,36.60412923112485
7636,28.7,27.57599830627441,88.0,0.0,20.1,6.4,22.131855826645257,35.339556747993576
7637,27.5,27.57599830627441,88.0,0.0,19.8,5.8,16.682321439011936,32.50469643170358
7638,29.1,27.57599830627441,88.0,0.0,19.4,5.9,26.541534325241713,37.062460297572514
7639,29.6,27.57599830627441,88.0,0.0,20.4,5.9,12.168802154885096,33.25064064646553
7640,29.7,27.57599830627441,88.0,0.0,20.5,5.6,28.14134620356626,38.14240386106988
7641,27.1,27.57599830627441,88.0,0.0,20.6,6.2,13.133405984009682,31.040021795202907
7642,25.8,27.57599830627441,88.0,0.0,19.3,5.8,21.317428271759063,32.19522848152772
7643,25.1,27.57599830627441,88.0,0.0,19.4,5.9,11.547154355362078,28.564146306608624
7644,29.7,27.57599830627441,88.0,0.0,20.1,6.3,15.082413420969335,34.2247240262908
7645,26.4,27.57599830627441,88.0,0.0,19.9,5.6,13.414500307574265,30.424350092272277
7646,29.9,27.57599830627441,88.0,0.0,19.2,6.3,23.096663372431415,36.82899901172942
7647,25.8,27.57599830627441,88.0,0.0,20.6,6.3,10.871646672905221,29.061494001871566
7648,26.2,27.57599830627441,88.0,0.0,19.4,6.3,24.412414525411805,33.52372435762354
7649,27.2,27.57599830627441,88.0,0.0,20.8,5.9,23.134370338695234,34.14031110160857
7650,25.8,27.57599830627441,88.0,0.0,19.2,6.4,12.640503023488803,29.59215090704664
7651,29.2,27.57599830627441,88.0,0.0,19.3,5.7,14.377366326072975,33.513209897821895
7652,29.0,27.57599830627441,88.0,0.0,19.7,5.8,22.526011702243377,35.757803510673014
7653,25.7,27.57599830627441,88.0,0.0,20.7,6.0,29.033625459152784,34.41008763774583
7654,26.3,27.57599830627441,88.0,0.0,20.0,6.2,20.14755798496016,32.344267395488046
7655,26.8,27.57599830627441,88.0,0.0,20.8,5.8,14.059478958809446,31.017843687642834
7656,27.5,27.57599830627441,88.0,0.0,19.6,5.9,26.094921379020974,35.32847641370629
7657,27.5,27.57599830627441,88.0,0.0,20.3,5.7,16.442723769785378,32.43281713093561
7658,29.5,27.57599830627441,88.0,0.0,19.3,6.3,16.246378903249536,34.37391367097486
7659,29.6,27.57599830627441,88.0,0.0,19.8,6.1,25.78699973024459,37.336099919073376
7660,25.2,27.57599830627441,88.0,0.0,20.3,6.4,23.62325986155906,32.286977958467716
7661,27.3,27.57599830627441,88.0,0.0,20.2,5.9,27.760120603076565,35.62803618092297
7662,27.2,27.57599830627441,88.0,0.0,20.9,5.5,26.18725739584472,35.05617721875342
7663,25.2,27.57599830627441,88.0,0.0,19.5,5.6,25.92097895883027,32.976293687649076
7664,26.6,27.57599830627441,88.0,0.0,19.8,5.7,13.121162511277278,30.536348753383184
7665,29.0,27.57599830627441,88.0,0.0,20.7,6.4,25.818087953516173,36.74542638605485
7666,25.7,27.57599830627441,88.0,0.0,20.2,6.2,24.373000306219723,33.01190009186592
7667,26.7,27.57599830627441,88.0,0.0,19.6,6.3,21.829593832422145,33.24887814972664
7668,28.1,27.57599830627441,88.0,0.0,19.9,6.4,23.481033250130366,35.144309975039114
7669,29.9,27.57599830627441,88.0,0.0,19.3,5.7,16.633693263853797,34.890107979156134
7670,25.2,27.57599830627441,88.0,0.0,20.3,6.2,17.15363931969833,30.346091795909498
7671,28.7,27.57599830627441,88.0,0.0,20.2,5.6,11.122614806879056,32.03678444206372
7672,29.9,27.57599830627441,88.0,0.0,20.0,5.8,17.11207924880079,35.03362377464023
7673,27.1,27.57599830627441,88.0,0.0,20.0,6.0,23.054807072080155,34.016442121624046
7674,27.8,27.57599830627441,88.0,0.0,20.7,6.4,25.202076147866258,35.36062284435988
7675,27.9,27.57599830627441,88.0,0.0,19.9,6.0,12.761248116303578,31.728374434891073
7676,25.5,27.57599830627441,88.0,0.0,19.1,6.5,12.149512582023442,29.144853774607032
7677,25.1,27.57599830627441,88.0,0.0,20.8,6.5,11.269700927958999,28.4809102783877
7678,25.7,27.57599830627441,88.0,0.0,20.7,5.8,24.619509109069693,33.08585273272091
7679,28.6,27.57599830627441,88.0,0.0,19.0,6.3,20.5478170574833,34.76434511724499
7680,29.3,28.22599983215332,85.0,0.0,20.7,5.5,10.949593014520609,32.58487790435618
7681,27.3,28.22599983215332,85.0,0.0,20.4,6.5,15.0301626032525,31.80904878097575
7682,25.5,28.22599983215332,85.0,0.0,20.2,6.0,19.427480736137944,31.328244220841384
7683,27.3,28.22599983215332,85.0,0.0,19.1,6.2,17.23811722259432,32.4714351667783
7684,25.6,28.22599983215332,85.0,0.0,19.7,6.2,11.184674657378885,28.955402397213668
7685,29.3,28.22599983215332,85.0,0.0,19.4,5.7,28.50698588218649,37.85209576465595
7686,25.7,28.22599983215332,85.0,0.0,19.5,6.5,18.36600051399381,31.209800154198142
7687,28.6,28.22599983215332,85.0,0.0,19.2,6.2,27.12579489938404,36.73773846981521
7688,26.5,28.22599983215332,85.0,0.0,20.2,5.7,28.68130334779123,35.104391004337366
7689,29.6,28.22599983215332,85.0,0.0,19.1,5.9,23.25636700160657,36.576910100481975
7690,25.1,28.22599983215332,85.0,0.0,20.3,6.1,24.971553770134516,32.591466131040356
7691,28.6,28.22599983215332,85.0,0.0,19.2,6.3,16.10256604731324,33.43076981419397
7692,27.2,28.22599983215332,85.0,0.0,19.2,6.5,23.621585724614498,34.28647571738435
7693,27.5,28.22599983215332,85.0,0.0,20.1,5.6,27.46477308890164,35.73943192667049
7694,26.4,28.22599983215332,85.0,0.0,20.1,5.8,27.226229567662386,34.56786887029871
7695,26.3,28.22599983215332,85.0,0.0,20.9,5.6,13.234781441523209,30.270434432456963
7696,26.1,28.22599983215332,85.0,0.0,20.6,5.9,10.84178244256928,29.352534732770785
7697,25.0,28.22599983215332,85.0,0.0,19.1,6.4,12.907893477371356,28.872368043211406
7698,29.8,28.22599983215332,85.0,0.0,19.7,5.9,10.976903410100666,33.0930710230302
7699,28.5,28.22599983215332,85.0,0.0,20.6,5.6,20.86488469723852,34.759465409171554
7700,26.8,28.22599983215332,85.0,0.0,20.1,6.5,28.348778794994764,35.30463363849843
7701,27.7,28.22599983215332,85.0,0.0,19.6,6.3,15.577888436741889,32.37336653102257
7702,28.7,28.22599983215332,85.0,0.0,19.0,5.6,19.750775184884137,34.62523255546524
7703,25.1,28.22599983215332,85.0,0.0,19.6,6.1,23.579903561071013,32.17397106832131
7704,28.7,28.22599983215332,85.0,0.0,19.1,5.9,14.979844738111055,33.193953421433314
7705,26.6,28.22599983215332,85.0,0.0,21.0,6.0,10.005280745873131,29.60158422376194
7706,26.0,28.22599983215332,85.0,0.0,20.3,5.7,20.376888235199452,32.113066470559836
7707,29.2,28.22599983215332,85.0,0.0,20.6,5.7,17.049102416103548,34.314730724831065
7708,25.3,28.22599983215332,85.0,0.0,19.2,6.1,12.060170553351483,28.918051166005444
7709,25.0,28.22599983215332,85.0,0.0,20.0,6.0,17.924086284384373,30.377225885315312
7710,25.5,28.22599983215332,85.0,0.0,19.3,6.0,13.548509052884528,29.564552715865357
7711,29.3,28.22599983215332,85.0,0.0,19.8,5.6,13.695277426131957,33.408583227839586
7712,26.0,28.22599983215332,85.0,0.0,20.1,6.1,21.121162602154733,32.33634878064642
7713,27.8,28.22599983215332,85.0,0.0,19.5,6.1,21.573077926645006,34.2719233779935
7714,25.7,28.22599983215332,85.0,0.0,19.9,6.2,21.927527053702477,32.27825811611074
7715,27.3,28.22599983215332,85.0,0.0,19.5,5.7,18.807944036738103,32.94238321102143
7716,28.1,28.22599983215332,85.0,0.0,19.8,6.4,27.264981995999367,36.279494598799815
7717,25.6,28.22599983215332,85.0,0.0,20.2,5.9,23.75820251726155,32.72746075517847
7718,27.5,28.22599983215332,85.0,0.0,20.3,5.8,11.169044565606631,30.85071336968199
7719,26.9,28.22599983215332,85.0,0.0,20.1,5.6,15.83155137231045,31.649465411693132
7720,25.3,28.22599983215332,85.0,0.0,19.6,6.4,15.757656518460735,30.02729695553822
7721,28.9,28.22599983215332,85.0,0.0,19.5,5.8,18.56438724071478,34.469316172214434
7722,29.6,28.22599983215332,85.0,0.0,21.0,6.2,18.113090712625286,35.033927213787585
7723,25.6,28.22599983215332,85.0,0.0,19.8,5.7,10.404623558770878,28.721387067631266
7724,25.6,28.22599983215332,85.0,0.0,20.2,5.9,10.699088796828317,28.809726639048495
7725,29.2,28.22599983215332,85.0,0.0,19.8,5.6,23.923814185388956,36.377144255616685
7726,26.5,28.22599983215332,85.0,0.0,20.6,5.8,23.215399911997874,33.46461997359936
7727,28.5,28.22599983215332,85.0,0.0,20.4,6.4,27.726367082460865,36.81791012473826
7728,26.6,28.22599983215332,85.0,0.0,21.0,6.1,10.402705451974306,29.720811635592295
7729,29.0,28.22599983215332,85.0,0.0,19.8,6.2,27.46596585099883,37.23978975529965
7730,26.1,28.22599983215332,85.0,0.0,19.4,5.6,23.310820041380975,33.09324601241429
7731,26.1,28.22599983215332,85.0,0.0,20.7,6.3,21.20847497040693,32.46254249112208
7732,29.8,28.22599983215332,85.0,0.0,20.0,5.5,22.629032094576758,36.588709628373024
7733,25.3,28.22599983215332,85.0,0.0,20.2,6.3,26.4565059523918,33.23695178571754
7734,26.2,28.22599983215332,85.0,0.0,20.4,6.3,22.929752015941656,33.0789256047825
7735,26.0,28.22599983215332,85.0,0.0,20.8,6.0,25.45479742297028,33.636439226891085
7736,27.2,28.22599983215332,85.0,0.0,20.8,6.2,26.165043744084834,35.04951312322545
7737,26.1,28.22599983215332,85.0,0.0,19.3,6.5,12.826843712247776,29.948053113674334
7738,25.5,28.22599983215332,85.0,0.0,19.5,6.1,20.776444718882665,31.7329334156648
7739,25.6,28.22599983215332,85.0,0.0,19.2,6.4,15.309124343989735,30.19273730319692
7740,27.8,29.025999069213867,80.0,0.0,19.7,6.3,12.278163962740445,31.483449188822135
7741,27.7,29.025999069213867,80.0,0.0,19.0,5.8,18.49584827468998,33.248754482406994
7742,25.5,29.025999069213867,80.0,0.0,20.7,5.7,23.624546047360077,32.587363814208025
7743,26.4,29.025999069213867,80.0,0.0,20.8,6.3,29.892063822646335,35.3676191467939
7744,26.9,29.025999069213867,80.0,0.0,19.3,6.4,24.798524207543906,34.33955726226317
7745,25.0,29.025999069213867,80.0,0.0,19.9,6.1,29.385960276016704,33.815788082805014
7746,26.7,29.025999069213867,80.0,0.0,20.7,5.8,13.944722407843475,30.88341672235304
7747,26.2,29.025999069213867,80.0,0.0,19.2,6.4,10.082968194708917,29.224890458412673
7748,28.8,29.025999069213867,80.0,0.0,19.3,6.5,21.62299425526872,35.286898276580615
7749,28.5,29.025999069213867,80.0,0.0,20.3,6.2,11.710355109633294,32.013106532889985
7750,25.5,29.025999069213867,80.0,0.0,19.3,6.4,22.443699853252305,32.23310995597569
7751,28.1,29.025999069213867,80.0,0.0,20.2,5.9,10.656841819762484,31.297052545928747
7752,26.1,29.025999069213867,80.0,0.0,20.3,5.9,16.317770666322495,30.99533119989675
7753,28.0,29.025999069213867,80.0,0.0,20.0,5.9,14.326449566945909,32.29793487008377
7754,26.3,29.025999069213867,80.0,0.0,21.0,5.9,14.828367569337582,30.748510270801276
7755,28.9,29.025999069213867,80.0,0.0,19.3,5.6,13.267145811055059,32.880143743316516
7756,28.9,29.025999069213867,80.0,0.0,20.3,6.4,18.52809595835442,34.45842878750632
7757,29.2,29.025999069213867,80.0,0.0,20.0,6.3,19.58146708028982,35.07444012408695
7758,26.4,29.025999069213867,80.0,0.0,20.6,5.5,20.573113560413553,32.571934068124065
7759,29.0,29.025999069213867,80.0,0.0,19.6,6.4,10.216988814843532,32.06509664445306
7760,29.5,29.025999069213867,80.0,0.0,20.9,5.6,20.550976607962525,35.665292982388756
7761,25.5,29.025999069213867,80.0,0.0,19.9,5.8,25.48701414107139,33.146104242321414
7762,28.4,29.025999069213867,80.0,0.0,20.3,5.9,15.666266908586149,33.09988007257584
7763,26.1,29.025999069213867,80.0,0.0,20.0,6.2,25.629115582976194,33.78873467489286
7764,27.4,29.025999069213867,80.0,0.0,20.0,5.5,11.006508179682758,30.701952453904827
7765,26.5,29.025999069213867,80.0,0.0,20.3,5.7,20.02955252696173,32.50886575808852
7766,26.5,29.025999069213867,80.0,0.0,19.0,5.8,17.311768878447374,31.69353066353421
7767,27.9,29.025999069213867,80.0,0.0,20.6,5.5,22.2657430232348,34.57972290697044
7768,27.5,29.025999069213867,80.0,0.0,20.4,6.3,27.255966726387207,35.67679001791616
7769,29.6,29.025999069213867,80.0,0.0,19.8,6.5,22.671412622248738,36.40142378667462
7770,29.3,29.025999069213867,80.0,0.0,19.8,5.6,16.591363378693487,34.27740901360805
7771,26.6,29.025999069213867,80.0,0.0,19.8,5.5,12.243941372358417,30.273182411707527
7772,25.1,29.025999069213867,80.0,0.0,19.6,6.3,19.00668094454862,30.80200428336459
7773,25.8,29.025999069213867,80.0,0.0,19.1,6.4,23.806324095069794,32.941897228520936
7774,29.1,29.025999069213867,80.0,0.0,20.4,6.4,22.898076683220594,35.96942300496618
7775,29.2,29.025999069213867,80.0,0.0,19.7,5.7,23.557103447295834,36.26713103418875
7776,25.3,29.025999069213867,80.0,0.0,20.4,5.7,25.085571585065782,32.825671475519734
7777,26.0,29.025999069213867,80.0,0.0,19.7,5.8,27.136689370441545,34.14100681113246
7778,26.5,29.025999069213867,80.0,0.0,19.3,5.9,28.662193870218367,35.09865816106551
7779,29.0,29.025999069213867,80.0,0.0,19.0,5.6,28.273824989727032,37.48214749691811
7780,27.8,29.025999069213867,80.0,0.0,19.9,5.7,16.84803310124868,32.85440993037461
7781,29.8,29.025999069213867,80.0,0.0,19.8,6.5,26.01636924374458,37.60491077312337
7782,27.8,29.025999069213867,80.0,0.0,20.8,6.0,21.630575559670326,34.2891726679011
7783,25.4,29.025999069213867,80.0,0.0,20.3,6.3,14.902516062995527,29.870754818898657
7784,27.2,29.025999069213867,80.0,0.0,19.8,6.5,24.354094255106098,34.50622827653183
7785,27.8,29.025999069213867,80.0,0.0,19.8,6.4,22.005426690044132,34.401628007013244
7786,26.0,29.025999069213867,80.0,0.0,19.3,6.1,17.3034489114897,31.19103467344691
7787,27.3,29.025999069213867,80.0,0.0,20.0,5.6,11.937875087954662,30.8813625263864
7788,25.7,29.025999069213867,80.0,0.0,19.9,6.4,20.6101109996294,31.88303329988882
7789,26.1,29.025999069213867,80.0,0.0,20.5,6.3,11.432335130052746,29.529700539015824
7790,27.7,29.025999069213867,80.0,0.0,19.0,6.2,15.15406373960406,32.24621912188122
7791,27.8,29.025999069213867,80.0,0.0,19.8,5.6,12.125762566000283,31.437728769800085
7792,28.5,29.025999069213867,80.0,0.0,19.2,5.5,22.15323147388942,35.14596944216682
7793,28.0,29.025999069213867,80.0,0.0,19.3,6.3,11.797851856317648,31.539355556895295
7794,26.7,29.025999069213867,80.0,0.0,20.1,5.6,24.18958004593367,33.9568740137801
7795,25.8,29.025999069213867,80.0,0.0,19.1,5.7,19.03712728372973,31.51113818511892
7796,29.7,29.025999069213867,80.0,0.0,20.6,5.5,20.60746272383586,35.88223881715076
7797,28.7,29.025999069213867,80.0,0.0,20.4,6.0,13.022361042376813,32.606708312713046
7798,26.2,29.025999069213867,80.0,0.0,20.9,6.4,22.569441174266966,32.97083235228009
7799,26.9,29.025999069213867,80.0,0.0,20.0,6.1,25.354467066157603,34.50634011984728
7800,25.4,29.875999450683597,76.0,0.0,20.0,6.4,29.72830745865546,34.31849223759664
7801,26.4,29.875999450683597,76.0,0.0,19.5,5.9,26.174923928330625,34.252477178499184
7802,25.8,29.875999450683597,76.0,0.0,20.0,5.7,19.4431835139631,31.63295505418893
7803,26.0,29.875999450683597,76.0,0.0,20.1,6.0,19.69934877712647,31.90980463313794
7804,27.7,29.875999450683597,76.0,0.0,19.8,6.4,12.361315800296486,31.408394740088944
7805,29.4,29.875999450683597,76.0,0.0,20.0,6.2,10.169579655292404,32.45087389658772
7806,28.8,29.875999450683597,76.0,0.0,20.7,6.2,24.224440098264907,36.06733202947947
7807,26.3,29.875999450683597,76.0,0.0,20.9,5.5,20.63289724509037,32.48986917352711
7808,25.4,29.875999450683597,76.0,0.0,19.7,6.1,22.71809794287735,32.215429382863206
7809,25.5,29.875999450683597,76.0,0.0,19.9,6.4,10.555947277198063,28.666784183159418
7810,29.4,29.875999450683597,76.0,0.0,20.9,5.7,24.5742900415465,36.77228701246395
7811,26.9,29.875999450683597,76.0,0.0,19.7,6.4,18.8514214188411,32.55542642565233
7812,28.4,29.875999450683597,76.0,0.0,19.7,6.0,10.345991783591451,31.503797535077435
7813,25.9,29.875999450683597,76.0,0.0,21.0,6.3,16.461957487498314,30.838587246249492
7814,25.1,29.875999450683597,76.0,0.0,20.5,5.7,18.25220742532192,30.575662227596577
7815,27.2,29.875999450683597,76.0,0.0,20.4,6.0,17.440756745795127,32.432227023738534
7816,30.0,29.875999450683597,76.0,0.0,20.4,6.0,24.813699774424062,37.444109932327216
7817,28.3,29.875999450683597,76.0,0.0,19.3,6.4,29.309700706578823,37.092910211973646
7818,26.0,29.875999450683597,76.0,0.0,20.5,6.4,29.666278191461025,34.89988345743831
7819,28.9,29.875999450683597,76.0,0.0,19.4,5.6,17.04867439396095,34.01460231818828
7820,27.5,29.875999450683597,76.0,0.0,19.1,5.9,23.996345429217715,34.698903628765315
7821,27.3,29.875999450683597,76.0,0.0,20.7,6.4,23.077206110874616,34.22316183326239
7822,25.1,29.875999450683597,76.0,0.0,20.6,5.7,13.296308162844788,29.088892448853436
7823,28.5,29.875999450683597,76.0,0.0,20.3,5.6,29.014029782467738,37.20420893474032
7824,26.0,29.875999450683597,76.0,0.0,19.3,5.9,28.251899067046743,34.475569720114024
7825,28.2,29.875999450683597,76.0,0.0,19.5,5.6,26.90859165156517,36.27257749546955
7826,27.1,29.875999450683597,76.0,0.0,20.7,5.9,10.961924124105739,30.388577237231722
7827,25.0,29.875999450683597,76.0,0.0,20.3,5.6,27.401393881201617,33.22041816436048
7828,29.8,29.875999450683597,76.0,0.0,20.8,6.3,13.26183339183226,33.77855001754968
7829,25.5,29.875999450683597,76.0,0.0,20.7,6.2,23.435926870252015,32.5307780610756
7830,26.9,29.875999450683597,76.0,0.0,20.7,5.9,21.040548653985095,33.21216459619553
7831,27.2,29.875999450683597,76.0,0.0,20.8,5.7,11.530114918414307,30.65903447552429
7832,28.7,29.875999450683597,76.0,0.0,19.1,5.6,26.184274662249344,36.555282398674805
7833,26.7,29.875999450683597,76.0,0.0,19.5,6.4,22.59699449471537,33.47909834841461
7834,27.6,29.875999450683597,76.0,0.0,19.9,6.4,17.33024150263917,32.799072450791755
7835,27.9,29.875999450683597,76.0,0.0,20.9,5.7,29.731660821974543,36.81949824659236
7836,27.1,29.875999450683597,76.0,0.0,20.5,6.0,12.621449880937805,30.886434964281342
7837,26.3,29.875999450683597,76.0,0.0,20.9,5.7,21.958986989490818,32.88769609684724
7838,28.2,29.875999450683597,76.0,0.0,19.7,6.4,19.029641342463094,33.90889240273893
7839,26.8,29.875999450683597,76.0,0.0,19.3,6.3,23.882979508265464,33.96489385247964
7840,26.7,29.875999450683597,76.0,0.0,19.7,5.6,18.086508919317986,32.125952675795396
7841,26.0,29.875999450683597,76.0,0.0,21.0,5.8,28.538079114208987,34.561423734262696
7842,29.3,29.875999450683597,76.0,0.0,19.2,6.2,20.4807260982437,35.44421782947311
7843,28.5,29.875999450683597,76.0,0.0,19.4,6.4,23.959919785181206,35.68797593555436
7844,26.4,29.875999450683597,76.0,0.0,20.3,5.8,18.968507521992176,32.090552256597654
7845,29.5,29.875999450683597,76.0,0.0,20.0,5.7,28.786088991084956,38.135826697325484
7846,26.6,29.875999450683597,76.0,0.0,19.1,5.7,21.409962191711344,33.0229886575134
7847,25.6,29.875999450683597,76.0,0.0,20.1,5.8,18.667398101090868,31.200219430327262
7848,27.2,29.875999450683597,76.0,0.0,19.1,6.4,27.599180937979874,35.47975428139396
7849,28.5,29.875999450683597,76.0,0.0,19.5,5.9,13.058567619431818,32.41757028582955
7850,28.6,29.875999450683597,76.0,0.0,20.7,5.5,24.336067951675858,35.900820385502755
7851,28.8,29.875999450683597,76.0,0.0,19.1,6.3,20.955799238798402,35.08673977163952
7852,27.0,29.875999450683597,76.0,0.0,20.2,6.4,24.3629644899611,34.30888934698833
7853,27.8,29.875999450683597,76.0,0.0,20.1,6.0,26.362324321301042,35.70869729639031
7854,28.8,29.875999450683597,76.0,0.0,20.6,6.3,14.284704084200584,33.085411225260174
7855,25.8,29.875999450683597,76.0,0.0,20.0,6.3,18.119370144722346,31.235811043416703
7856,29.0,29.875999450683597,76.0,0.0,20.9,5.8,17.80117034736494,34.34035110420948
7857,26.5,29.875999450683597,76.0,0.0,19.2,6.1,24.965744489401743,33.989723346820526
7858,27.4,29.875999450683597,76.0,0.0,20.0,6.0,15.644243753702735,32.093273126110816
7859,26.1,29.875999450683597,76.0,0.0,20.5,5.5,14.818624207185906,30.545587262155774
7860,26.3,30.775999069213867,72.0,0.0,20.7,6.0,29.928096692503672,35.2784290077511
7861,29.7,30.775999069213867,72.0,0.0,20.3,6.3,19.962010550656085,35.688603165196824
7862,26.4,30.775999069213867,72.0,0.0,19.6,5.9,20.922674158401826,32.67680224752055
7863,27.4,30.775999069213867,72.0,0.0,20.7,6.2,10.403019578050115,30.520905873415032
7864,28.0,30.775999069213867,72.0,0.0,20.2,6.1,27.69396953585158,36.308190860755474
7865,26.6,30.775999069213867,72.0,0.0,21.0,6.1,10.024601366738038,29.607380410021413
7866,27.6,30.775999069213867,72.0,0.0,19.1,6.0,21.672837066132807,34.10185111983984
7867,28.4,30.775999069213867,72.0,0.0,20.6,6.3,17.826942105109246,33.748082631532775
7868,27.3,30.775999069213867,72.0,0.0,20.3,6.1,28.51019017754173,35.85305705326252
7869,26.2,30.775999069213867,72.0,0.0,19.2,5.8,20.1489310166576,32.24467930499728
7870,26.3,30.775999069213867,72.0,0.0,19.4,6.2,16.667526501456997,31.3002579504371
7871,28.3,30.775999069213867,72.0,0.0,19.2,5.8,20.790393879838714,34.53711816395162
7872,28.9,30.775999069213867,72.0,0.0,19.1,5.9,14.418054113110019,33.225416233933004
7873,29.9,30.775999069213867,72.0,0.0,20.8,6.2,19.867235434391386,35.86017063031741
7874,27.0,30.775999069213867,72.0,0.0,19.6,6.4,22.049726352165607,33.61491790564968
7875,25.2,30.775999069213867,72.0,0.0,19.2,6.4,11.150827018805414,28.545248105641623
7876,26.6,30.775999069213867,72.0,0.0,20.7,6.5,29.59543909470795,35.47863172841239
7877,28.3,30.775999069213867,72.0,0.0,20.1,6.0,23.279730045917695,35.28391901377531
7878,25.9,30.775999069213867,72.0,0.0,19.4,5.8,20.436883340068903,32.03106500202067
7879,26.3,30.775999069213867,72.0,0.0,20.7,6.4,22.912404466347823,33.17372133990435
7880,25.8,30.775999069213867,72.0,0.0,20.7,5.7,13.184751197764069,29.755425359329223
7881,29.6,30.775999069213867,72.0,0.0,21.0,6.2,13.810745437071919,33.74322363112158
7882,28.2,30.775999069213867,72.0,0.0,19.2,5.9,28.815763839593263,36.84472915187798
7883,25.5,30.775999069213867,72.0,0.0,19.6,6.2,25.536753722823214,33.16102611684696
7884,25.1,30.775999069213867,72.0,0.0,20.9,6.0,15.420045986554086,29.726013795966228
7885,28.6,30.775999069213867,72.0,0.0,19.2,6.3,15.062549190655222,33.118764757196566
7886,27.7,30.775999069213867,72.0,0.0,19.3,5.5,23.381126508308316,34.71433795249249
7887,26.5,30.775999069213867,72.0,0.0,19.5,6.5,22.44205036854939,33.232615110564815
7888,28.3,30.775999069213867,72.0,0.0,20.5,6.0,25.552524096947565,35.96575722908427
7889,28.3,30.775999069213867,72.0,0.0,19.4,6.2,11.823389874538925,31.84701696236168
7890,28.3,30.775999069213867,72.0,0.0,19.9,6.2,15.021466681188274,32.80644000435648
7891,29.0,30.775999069213867,72.0,0.0,20.4,6.1,14.659625040747049,33.397887512224116
7892,29.1,30.775999069213867,72.0,0.0,20.9,6.1,29.95032952021881,38.08509885606564
7893,27.2,30.775999069213867,72.0,0.0,20.3,6.3,13.545234459877262,31.263570337963177
7894,26.1,30.775999069213867,72.0,0.0,20.5,6.0,20.803974049619868,32.341192214885965
7895,28.9,30.775999069213867,72.0,0.0,20.2,6.1,18.196977363118236,34.35909320893547
7896,25.2,30.775999069213867,72.0,0.0,20.3,5.6,12.283525910872273,28.885057773261682
7897,26.1,30.775999069213867,72.0,0.0,20.5,5.6,21.65288525514182,32.59586557654255
7898,27.3,30.775999069213867,72.0,0.0,19.4,5.7,23.575602224268064,34.37268066728042
7899,26.6,30.775999069213867,72.0,0.0,20.3,5.6,21.435298558307327,33.0305895674922
7900,25.2,30.775999069213867,72.0,0.0,20.9,6.3,27.8001261313283,33.540037839398494
7901,26.2,30.775999069213867,72.0,0.0,20.8,5.7,12.662611630766724,29.998783489230018
7902,26.2,30.775999069213867,72.0,0.0,19.9,6.5,26.221396151452684,34.066418845435805
7903,29.9,30.775999069213867,72.0,0.0,20.3,6.4,12.126566645244461,33.537969993573334
7904,25.9,30.775999069213867,72.0,0.0,19.6,5.9,29.691747797030168,34.80752433910905
7905,28.1,30.775999069213867,72.0,0.0,20.0,6.3,10.77958507782241,31.333875523346723
7906,25.1,30.775999069213867,72.0,0.0,20.2,6.1,19.295862940986197,30.88875888229586
7907,28.9,30.775999069213867,72.0,0.0,19.0,6.4,23.88457965595983,36.065373896787946
7908,26.9,30.775999069213867,72.0,0.0,20.0,6.4,14.865528356783866,31.359658507035157
7909,28.4,30.775999069213867,72.0,0.0,19.2,5.9,19.59904172923026,34.279712518769074
7910,27.3,30.775999069213867,72.0,0.0,19.7,6.4,23.324157503819787,34.29724725114593
7911,29.9,30.775999069213867,72.0,0.0,19.2,5.7,23.664070195812435,36.99922105874373
7912,28.1,30.775999069213867,72.0,0.0,19.7,6.0,15.325940528801443,32.697782158640436
7913,27.5,30.775999069213867,72.0,0.0,19.6,6.4,26.79263245614909,35.53778973684473
7914,27.2,30.775999069213867,72.0,0.0,19.5,6.3,24.620925923635543,34.586277777090665
7915,25.1,30.775999069213867,72.0,0.0,19.1,6.2,28.308484013003415,33.592545203901025
7916,28.9,30.775999069213867,72.0,0.0,19.4,6.2,11.748119951462632,32.42443598543879
7917,25.5,30.775999069213867,72.0,0.0,20.2,5.9,19.54000611446329,31.362001834338987
7918,26.4,30.775999069213867,72.0,0.0,20.1,6.0,21.56785103982257,32.87035531194677
7919,29.6,30.775999069213867,72.0,0.0,19.8,6.3,26.75137465805725,37.62541239741718
7920,29.8,31.72599983215332,68.0,0.0,19.5,6.3,16.517749265941042,34.75532477978231
7921,25.7,31.72599983215332,68.0,0.0,20.5,5.6,10.960955674387971,28.98828670231639
7922,28.6,31.72599983215332,68.0,0.0,20.5,5.9,18.663497861824062,34.19904935854722
7923,29.8,31.72599983215332,68.0,0.0,20.6,5.9,26.43912455010536,37.731737365031606
7924,27.1,31.72599983215332,68.0,0.0,20.1,6.3,15.893925680082209,31.868177704024664
7925,27.8,31.72599983215332,68.0,0.0,20.1,6.2,28.948086225498887,36.48442586764966
7926,28.8,31.72599983215332,68.0,0.0,20.3,6.4,16.167402172785437,33.65022065183563
7927,26.7,31.72599983215332,68.0,0.0,20.3,5.8,24.45163139911397,34.03548941973419
7928,27.5,31.72599983215332,68.0,0.0,21.0,5.9,21.78551337222224,34.03565401166667
7929,28.9,31.72599983215332,68.0,0.0,20.7,6.2,24.63197655156615,36.28959296546984
7930,28.4,31.72599983215332,68.0,0.0,19.7,6.4,17.15304652819092,33.54591395845728
7931,28.8,31.72599983215332,68.0,0.0,20.5,5.9,25.975143848622523,36.59254315458676
7932,26.0,31.72599983215332,68.0,0.0,19.3,6.2,15.623321820432416,30.686996546129723
7933,28.0,31.72599983215332,68.0,0.0,19.6,6.4,10.511814536634986,31.153544360990495
7934,29.5,31.72599983215332,68.0,0.0,20.0,6.2,14.846109811040577,33.95383294331217
7935,25.3,31.72599983215332,68.0,0.0,20.8,6.4,27.64600805225814,33.593802415677445
7936,26.0,31.72599983215332,68.0,0.0,19.9,5.7,28.10916079011197,34.43274823703359
7937,26.5,31.72599983215332,68.0,0.0,20.2,5.9,13.327860951733122,30.498358285519934
7938,25.8,31.72599983215332,68.0,0.0,19.8,5.7,11.101641553381896,29.13049246601457
7939,25.2,31.72599983215332,68.0,0.0,20.7,6.4,25.463383232340657,32.8390149697022
7940,26.1,31.72599983215332,68.0,0.0,19.0,5.8,22.05414962484325,32.71624488745297
7941,28.3,31.72599983215332,68.0,0.0,19.7,6.1,27.53345978264012,36.560037934792035
7942,27.8,31.72599983215332,68.0,0.0,20.5,5.9,15.736386119120136,32.52091583573604
7943,25.7,31.72599983215332,68.0,0.0,19.5,5.7,20.12410156206104,31.73723046861831
7944,28.2,31.72599983215332,68.0,0.0,20.9,5.9,29.035634756459718,36.91069042693792
7945,27.7,31.72599983215332,68.0,0.0,19.7,5.6,13.056163995830925,31.61684919874928
7946,28.6,31.72599983215332,68.0,0.0,20.5,5.5,25.800431970432605,36.34012959112978
7947,29.0,31.72599983215332,68.0,0.0,20.1,5.8,24.05470198891527,36.21641059667458
7948,25.1,31.72599983215332,68.0,0.0,20.9,6.3,20.793242304278078,31.337972691283426
7949,26.4,31.72599983215332,68.0,0.0,20.1,6.4,24.08417304561771,33.62525191368531
7950,29.5,31.72599983215332,68.0,0.0,20.7,6.0,10.273657321950205,32.58209719658506
7951,25.3,31.72599983215332,68.0,0.0,20.3,6.4,13.68157080634397,29.40447124190319
7952,26.7,31.72599983215332,68.0,0.0,20.6,6.2,17.492993913369354,31.947898174010806
7953,28.5,31.72599983215332,68.0,0.0,19.8,5.7,14.531258313466815,32.85937749404005
7954,29.3,31.72599983215332,68.0,0.0,19.5,5.7,26.47849291474084,37.243547874422255
7955,27.4,31.72599983215332,68.0,0.0,20.6,6.4,26.660125103064086,35.398037530919225
7956,26.3,31.72599983215332,68.0,0.0,19.1,5.9,26.60978067208716,34.28293420162615
7957,25.4,31.72599983215332,68.0,0.0,20.6,5.7,14.806102675502933,29.84183080265088
7958,26.1,31.72599983215332,68.0,0.0,19.1,6.0,15.412696615097804,30.72380898452934
7959,30.0,31.72599983215332,68.0,0.0,20.1,5.5,10.753948594289858,33.226184578286954
7960,29.3,31.72599983215332,68.0,0.0,20.6,6.3,13.636654979355036,33.39099649380651
7961,26.5,31.72599983215332,68.0,0.0,19.0,5.9,11.664323210101896,29.99929696303057
7962,25.5,31.72599983215332,68.0,0.0,19.0,6.1,23.549092256726198,32.564727677017856
7963,25.4,31.72599983215332,68.0,0.0,20.6,6.0,15.393679484541327,30.018103845362397
7964,29.2,31.72599983215332,68.0,0.0,20.0,5.6,10.28194456465242,32.284583369395726
7965,27.7,31.72599983215332,68.0,0.0,19.1,6.4,21.683991373555635,34.20519741206669
7966,27.3,31.72599983215332,68.0,0.0,20.6,6.3,15.31961701773836,31.895885105321508
7967,28.1,31.72599983215332,68.0,0.0,20.4,5.8,20.135064371937794,34.14051931158134
7968,27.8,31.72599983215332,68.0,0.0,19.5,5.8,29.6154301233869,36.68462903701607
7969,25.4,31.72599983215332,68.0,0.0,19.3,5.6,15.932900434460128,30.17987013033804
7970,26.3,31.72599983215332,68.0,0.0,19.8,6.3,13.437240688856651,30.331172206656994
7971,30.0,31.72599983215332,68.0,0.0,19.6,5.8,22.53721031324874,36.76116309397462
7972,26.9,31.72599983215332,68.0,0.0,20.4,6.2,28.730347268307337,35.5191041804922
7973,25.0,31.72599983215332,68.0,0.0,20.6,5.9,10.952904746710166,28.28587142401305
7974,27.2,31.72599983215332,68.0,0.0,19.7,5.8,14.185730452861458,31.455719135858438
7975,25.4,31.72599983215332,68.0,0.0,19.5,5.6,13.53856041154279,29.461568123462836
7976,26.2,31.72599983215332,68.0,0.0,19.4,5.8,27.1206781091483,34.33620343274449
7977,25.9,31.72599983215332,68.0,0.0,20.0,5.6,17.178456012546537,31.05353680376396
7978,28.2,31.72599983215332,68.0,0.0,20.5,6.4,20.068140407662902,34.22044212229887
7979,26.3,31.72599983215332,68.0,0.0,19.2,5.7,29.611165497959387,35.183349649387814
7980,28.4,32.22600173950195,66.0,0.0,19.8,5.7,17.085625608464767,33.52568768253943
7981,28.6,32.22600173950195,66.0,0.0,20.9,5.6,13.093727393268303,32.52811821798049
7982,27.6,32.22600173950195,66.0,0.0,20.5,6.3,20.529430384016656,33.758829115204996
7983,28.5,32.22600173950195,66.0,0.0,19.3,6.3,26.072044898211676,36.3216134694635
7984,28.4,32.22600173950195,66.0,0.0,19.9,6.2,23.0306365640079,35.30919096920237
7985,25.1,32.22600173950195,66.0,0.0,19.9,6.4,26.538004757786446,33.06140142733594
7986,25.5,32.22600173950195,66.0,0.0,20.7,6.4,28.18831369585091,33.95649410875527
7987,27.4,32.22600173950195,66.0,0.0,19.4,6.1,11.839687308292842,30.95190619248785
7988,27.9,32.22600173950195,66.0,0.0,20.4,6.3,25.699149909761367,35.60974497292841
7989,26.1,32.22600173950195,66.0,0.0,20.0,6.0,11.485179714783275,29.545553914434983
7990,25.7,32.22600173950195,66.0,0.0,20.7,6.0,23.317274572809197,32.69518237184276
7991,26.5,32.22600173950195,66.0,0.0,20.3,6.2,25.790848828703723,34.23725464861111
7992,27.9,32.22600173950195,66.0,0.0,19.7,6.2,24.606676324815034,35.28200289744451
7993,28.1,32.22600173950195,66.0,0.0,20.9,6.3,28.393512897544262,36.61805386926328
7994,27.8,32.22600173950195,66.0,0.0,19.6,5.7,10.661760523550367,30.99852815706511
7995,27.4,32.22600173950195,66.0,0.0,19.6,6.3,29.16433758225988,36.14930127467796
7996,29.2,32.22600173950195,66.0,0.0,19.9,5.7,27.018092409513745,37.30542772285412
7997,26.3,32.22600173950195,66.0,0.0,20.4,6.2,13.330017086314378,30.299005125894315
7998,29.8,32.22600173950195,66.0,0.0,19.5,5.8,14.234952976448291,34.070485892934485
7999,25.6,32.22600173950195,66.0,0.0,20.8,6.4,21.792506975193483,32.137752092558046
8000,28.8,32.22600173950195,66.0,0.0,20.7,6.0,19.16041135931242,34.548123407793724
8001,28.4,32.22600173950195,66.0,0.0,20.1,6.0,19.964094543381584,34.389228363014475
8002,26.3,32.22600173950195,66.0,0.0,19.2,6.3,20.618918098369797,32.48567542951094
8003,25.7,32.22600173950195,66.0,0.0,19.8,6.5,12.107959169241662,29.332387750772497
8004,25.3,32.22600173950195,66.0,0.0,20.2,6.3,22.391360913488842,32.01740827404665
8005,28.7,32.22600173950195,66.0,0.0,20.9,6.3,13.396477341427653,32.71894320242829
8006,25.2,32.22600173950195,66.0,0.0,20.8,5.9,18.014413045699676,30.6043239137099
8007,29.7,32.22600173950195,66.0,0.0,20.8,6.5,17.49804341689758,34.949413025069276
8008,28.9,32.22600173950195,66.0,0.0,19.9,6.0,26.983523766042516,36.99505712981275
8009,27.0,32.22600173950195,66.0,0.0,19.7,5.9,25.50380155504415,34.65114046651324
8010,26.9,32.22600173950195,66.0,0.0,19.7,6.1,19.994570460544928,32.898371138163476
8011,29.3,32.22600173950195,66.0,0.0,20.2,5.7,22.41084634257389,36.02325390277217
8012,26.5,32.22600173950195,66.0,0.0,19.1,6.4,27.2123791868463,34.66371375605389
8013,27.4,32.22600173950195,66.0,0.0,20.2,5.5,14.36273781183409,31.708821343550227
8014,25.3,32.22600173950195,66.0,0.0,20.5,5.9,14.265714908069944,29.57971447242098
8015,26.1,32.22600173950195,66.0,0.0,20.0,6.4,10.967688464343349,29.390306539303005
8016,26.4,32.22600173950195,66.0,0.0,19.5,5.6,27.775362349538216,34.73260870486146
8017,29.9,32.22600173950195,66.0,0.0,20.8,6.3,11.167903392015802,33.25037101760474
8018,26.3,32.22600173950195,66.0,0.0,20.6,5.7,17.9779166184816,31.69337498554448
8019,27.3,32.22600173950195,66.0,0.0,20.7,6.5,26.384773944198034,35.21543218325941
8020,28.8,32.22600173950195,66.0,0.0,19.0,6.3,20.884098840578588,35.06522965217358
8021,28.7,32.22600173950195,66.0,0.0,20.0,6.0,18.834509609327363,34.350352882798205
8022,25.2,32.22600173950195,66.0,0.0,20.3,5.5,20.25660855893302,31.276982567679905
8023,26.7,32.22600173950195,66.0,0.0,19.2,6.0,27.092565484587354,34.82776964537621
8024,29.6,32.22600173950195,66.0,0.0,20.8,6.3,13.076584276723011,33.522975283016905
8025,28.1,32.22600173950195,66.0,0.0,19.1,5.7,11.701132898924504,31.610339869677354
8026,29.3,32.22600173950195,66.0,0.0,19.7,5.6,15.36435881351749,33.90930764405525
8027,28.4,32.22600173950195,66.0,0.0,20.9,6.1,26.92851466814702,36.478554400444104
8028,27.8,32.22600173950195,66.0,0.0,20.2,6.2,14.455267372885306,32.13658021186559
8029,25.3,32.22600173950195,66.0,0.0,19.6,6.5,15.430855349826428,29.92925660494793
8030,28.8,32.22600173950195,66.0,0.0,19.0,6.3,15.536218376183275,33.46086551285498
8031,27.1,32.22600173950195,66.0,0.0,19.8,5.7,25.171331801625602,34.65139954048768
8032,27.9,32.22600173950195,66.0,0.0,20.1,5.7,15.007181918593746,32.40215457557812
8033,28.5,32.22600173950195,66.0,0.0,19.4,5.8,12.24604082534787,32.17381224760436
8034,27.3,32.22600173950195,66.0,0.0,19.6,5.5,23.238811837581334,34.2716435512744
8035,27.3,32.22600173950195,66.0,0.0,19.1,6.4,22.792225841807955,34.137667752542384
8036,30.0,32.22600173950195,66.0,0.0,20.3,5.6,16.818714825096396,35.04561444752892
8037,30.0,32.22600173950195,66.0,0.0,20.4,6.0,11.920968659278053,33.57629059778341
8038,25.5,32.22600173950195,66.0,0.0,19.5,5.8,14.869786995045217,29.960936098513564
8039,29.5,32.22600173950195,66.0,0.0,20.9,5.9,28.836776928316183,38.151033078494855
8040,28.9,32.07600021362305,67.0,0.0,20.2,5.9,17.441602760590477,34.132480828177144
8041,27.2,32.07600021362305,67.0,0.0,20.1,5.6,29.917682365469055,36.17530470964071
8042,26.9,32.07600021362305,67.0,0.0,20.8,5.7,13.574502572238016,30.9723507716714
8043,28.0,32.07600021362305,67.0,0.0,19.2,5.6,19.88317886586876,33.964953659760624
8044,28.8,32.07600021362305,67.0,0.0,20.0,6.0,14.065201393424548,33.01956041802737
8045,27.7,32.07600021362305,67.0,0.0,20.0,6.3,25.412561594505092,35.323768478351525
8046,29.9,32.07600021362305,67.0,0.0,20.1,5.7,20.440928555181156,36.032278566554346
8047,27.1,32.07600021362305,67.0,0.0,19.2,6.4,29.26881864978308,35.880645594934926
8048,28.9,32.07600021362305,67.0,0.0,20.6,5.6,20.690698197489148,35.10720945924675
8049,28.6,32.07600021362305,67.0,0.0,19.4,6.4,20.699076872550737,34.809723061765226
8050,28.7,32.07600021362305,67.0,0.0,20.9,5.8,15.738821303491186,33.421646391047354
8051,30.0,32.07600021362305,67.0,0.0,19.7,5.6,28.272207320002984,38.4816621960009
8052,26.8,32.07600021362305,67.0,0.0,19.6,6.5,18.306736103494828,32.29202083104845
8053,25.3,32.07600021362305,67.0,0.0,20.9,6.1,23.59886092038402,32.37965827611521
8054,27.2,32.07600021362305,67.0,0.0,20.9,5.7,26.674873775714186,35.20246213271425
8055,27.0,32.07600021362305,67.0,0.0,19.5,6.4,23.723995877872227,34.11719876336167
8056,28.3,32.07600021362305,67.0,0.0,20.5,5.8,10.910655546611835,31.573196663983552
8057,29.4,32.07600021362305,67.0,0.0,20.6,6.3,27.45972141121432,37.637916423364295
8058,28.4,32.07600021362305,67.0,0.0,20.2,6.4,11.17804722995912,31.753414168987735
8059,26.0,32.07600021362305,67.0,0.0,20.9,6.3,18.326881643337135,31.49806449300114
8060,25.3,32.07600021362305,67.0,0.0,19.9,6.4,19.335352793526944,31.100605838058083
8061,25.1,32.07600021362305,67.0,0.0,20.7,5.7,21.308502495444642,31.492550748633395
8062,28.6,32.07600021362305,67.0,0.0,19.0,6.3,24.580893837890525,35.974268151367156
8063,28.8,32.07600021362305,67.0,0.0,19.4,6.0,28.15837577434975,37.247512732304926
8064,26.5,32.07600021362305,67.0,0.0,19.4,6.3,28.974061661737682,35.19221849852131
8065,29.1,32.07600021362305,67.0,0.0,19.5,6.2,20.007364335030378,35.10220930050912
8066,26.3,32.07600021362305,67.0,0.0,19.3,6.0,24.780012884222735,33.73400386526682
8067,26.2,32.07600021362305,67.0,0.0,20.1,6.5,21.487522341224107,32.64625670236723
8068,26.4,32.07600021362305,67.0,0.0,20.9,5.8,20.028436019151926,32.40853080574558
8069,28.9,32.07600021362305,67.0,0.0,19.4,6.2,15.376035850584346,33.5128107551753
8070,26.2,32.07600021362305,67.0,0.0,20.5,6.4,21.796884062422166,32.73906521872665
8071,27.4,32.07600021362305,67.0,0.0,20.3,6.3,14.613583460642044,31.78407503819261
8072,25.4,32.07600021362305,67.0,0.0,20.9,6.1,12.857650089844519,29.257295026953354
8073,25.0,32.07600021362305,67.0,0.0,19.9,6.1,16.95210034031623,30.085630102094868
8074,29.0,32.07600021362305,67.0,0.0,19.3,6.1,27.784272717556206,37.33528181526686
8075,29.4,32.07600021362305,67.0,0.0,20.7,6.0,28.615486899811614,37.98464606994348
8076,28.3,32.07600021362305,67.0,0.0,20.6,5.9,20.72275317832861,34.51682595349858
8077,25.5,32.07600021362305,67.0,0.0,20.8,6.1,10.863903651964339,28.759171095589302
8078,29.7,32.07600021362305,67.0,0.0,20.8,6.1,11.914506149091972,33.27435184472759
8079,29.4,32.07600021362305,67.0,0.0,20.2,6.5,28.4718749704123,37.94156249112369
8080,28.7,32.07600021362305,67.0,0.0,20.4,5.7,16.545078256535938,33.66352347696078
8081,28.5,32.07600021362305,67.0,0.0,20.9,6.4,21.624555187304903,34.98736655619147
8082,29.2,32.07600021362305,67.0,0.0,20.9,5.8,20.19092329725483,35.25727698917645
8083,26.1,32.07600021362305,67.0,0.0,19.8,6.0,25.555375603496884,33.76661268104907
8084,27.4,32.07600021362305,67.0,0.0,19.0,6.1,24.618112772058648,34.785433831617596
8085,25.7,32.07600021362305,67.0,0.0,20.2,5.9,27.966352271793745,34.08990568153812
8086,25.6,32.07600021362305,67.0,0.0,20.0,6.2,21.24153864447875,31.972461593343628
8087,26.1,32.07600021362305,67.0,0.0,20.2,5.6,22.337863201471187,32.801358960441355
8088,26.8,32.07600021362305,67.0,0.0,20.1,5.6,23.25499045040746,33.77649713512224
8089,25.0,32.07600021362305,67.0,0.0,19.5,6.0,22.934140271405163,31.88024208142155
8090,27.6,32.07600021362305,67.0,0.0,20.6,6.1,19.34032777507866,33.4020983325236
8091,27.0,32.07600021362305,67.0,0.0,19.3,6.4,13.608727450153207,31.082618235045963
8092,26.3,32.07600021362305,67.0,0.0,19.7,5.8,14.889457476278206,30.76683724288346
8093,26.0,32.07600021362305,67.0,0.0,20.6,5.7,17.196290629031758,31.158887188709528
8094,27.9,32.07600021362305,67.0,0.0,19.6,5.9,21.756681347806648,34.42700440434199
8095,28.9,32.07600021362305,67.0,0.0,20.7,6.4,17.814725027717806,34.24441750831534
8096,25.7,32.07600021362305,67.0,0.0,21.0,5.5,28.625994420038023,34.287798326011405
8097,29.0,32.07600021362305,67.0,0.0,19.2,6.4,25.417071067180743,36.62512132015422
8098,26.9,32.07600021362305,67.0,0.0,20.7,6.4,18.165810689747023,32.3497432069241
8099,29.1,32.07600021362305,67.0,0.0,19.3,6.5,15.790926214730177,33.83727786441906
8100,27.2,31.525999069213867,70.0,0.0,20.2,6.0,27.322199714218918,35.396659914265676
8101,29.5,31.525999069213867,70.0,0.0,19.3,6.4,29.095426894736498,38.228628068420946
8102,26.3,31.525999069213867,70.0,0.0,20.1,6.1,17.700610296741903,31.61018308902257
8103,27.0,31.525999069213867,70.0,0.0,19.8,6.4,23.79501296949321,34.138503890847964
8104,29.5,31.525999069213867,70.0,0.0,19.7,5.6,12.57630853211844,33.27289255963553
8105,28.7,31.525999069213867,70.0,0.0,19.6,6.2,14.621986960959338,33.0865960882878
8106,29.6,31.525999069213867,70.0,0.0,19.8,6.1,20.586609302265124,35.775982790679535
8107,28.2,31.525999069213867,70.0,0.0,19.9,6.1,23.969370533269203,35.39081115998076
8108,28.7,31.525999069213867,70.0,0.0,20.0,6.2,18.37567163649927,34.21270149094978
8109,25.1,31.525999069213867,70.0,0.0,19.9,6.4,27.73000408071217,33.41900122421365
8110,26.8,31.525999069213867,70.0,0.0,19.1,5.9,19.892386342297435,32.76771590268923
8111,28.7,31.525999069213867,70.0,0.0,20.8,5.9,19.754155638308966,34.62624669149269
8112,28.5,31.525999069213867,70.0,0.0,20.0,5.7,22.168487917262247,35.15054637517868
8113,25.2,31.525999069213867,70.0,0.0,19.4,5.6,27.13912465546717,33.34173739664015
8114,29.8,31.525999069213867,70.0,0.0,20.7,5.6,22.876508183518965,36.66295245505569
8115,28.2,31.525999069213867,70.0,0.0,20.3,6.2,18.043171999124535,33.61295159973736
8116,27.3,31.525999069213867,70.0,0.0,20.9,6.0,11.077314198523535,30.62319425955706
8117,27.1,31.525999069213867,70.0,0.0,20.9,5.8,20.813198286501482,33.34395948595045
8118,29.0,31.525999069213867,70.0,0.0,19.6,5.6,15.780629490988506,33.73418884729655
8119,25.5,31.525999069213867,70.0,0.0,21.0,5.9,16.43571964801233,30.430715894403697
8120,29.1,31.525999069213867,70.0,0.0,20.6,5.6,10.367146599416532,32.21014397982496
8121,29.9,31.525999069213867,70.0,0.0,19.6,5.8,11.14798744057257,33.244396232171766
8122,27.8,31.525999069213867,70.0,0.0,19.2,6.0,16.61841969911372,32.78552590973412
8123,28.7,31.525999069213867,70.0,0.0,20.2,5.9,26.711685824474603,36.71350574734238
8124,26.1,31.525999069213867,70.0,0.0,21.0,6.1,12.721570398974333,29.9164711196923
8125,27.4,31.525999069213867,70.0,0.0,20.9,5.6,28.95613407709712,36.08684022312913
8126,29.8,31.525999069213867,70.0,0.0,19.1,5.9,11.520766045171051,33.256229813551315
8127,25.5,31.525999069213867,70.0,0.0,20.7,5.8,10.410599453294795,28.623179835988438
8128,25.9,31.525999069213867,70.0,0.0,20.0,6.4,18.915775771096275,31.57473273132888
8129,29.5,31.525999069213867,70.0,0.0,20.3,6.4,16.159783515950366,34.34793505478511
8130,28.0,31.525999069213867,70.0,0.0,19.5,6.5,10.1931588542001,31.05794765626003
8131,29.5,31.525999069213867,70.0,0.0,19.4,5.7,18.098246405022707,34.92947392150681
8132,27.5,31.525999069213867,70.0,0.0,19.4,6.1,11.169898762639125,30.850969628791738
8133,27.0,31.525999069213867,70.0,0.0,20.5,6.0,25.884110841022867,34.76523325230686
8134,27.7,31.525999069213867,70.0,0.0,20.3,6.3,24.32050329041081,34.996150987123244
8135,28.9,31.525999069213867,70.0,0.0,20.6,5.8,17.715792030082838,34.21473760902485
8136,25.8,31.525999069213867,70.0,0.0,21.0,6.1,11.200528140334123,29.160158442100236
8137,27.6,31.525999069213867,70.0,0.0,20.8,5.6,13.619225942243148,31.685767782672947
8138,29.7,31.525999069213867,70.0,0.0,21.0,5.6,12.089526655042508,33.32685799651275
8139,25.2,31.525999069213867,70.0,0.0,20.4,5.6,13.241484564978279,29.17244536949348
8140,26.4,31.525999069213867,70.0,0.0,19.3,6.3,29.312045660822406,35.19361369824672
8141,26.3,31.525999069213867,70.0,0.0,20.4,5.5,29.015707773944335,35.0047123321833
8142,27.1,31.525999069213867,70.0,0.0,19.5,6.1,26.199007426240193,34.95970222787206
8143,26.1,31.525999069213867,70.0,0.0,19.6,5.8,14.486203332283791,30.445860999685138
8144,29.5,31.525999069213867,70.0,0.0,20.9,5.7,26.391751892471643,37.41752556774149
8145,29.4,31.525999069213867,70.0,0.0,20.7,6.2,29.40613834877421,38.22184150463226
8146,27.9,31.525999069213867,70.0,0.0,19.6,5.7,26.73139514279212,35.91941854283763
8147,27.6,31.525999069213867,70.0,0.0,19.1,6.3,18.824421823634804,33.247326547090445
8148,28.7,31.525999069213867,70.0,0.0,19.7,6.2,25.914570211728666,36.474371063518596
8149,27.7,31.525999069213867,70.0,0.0,20.0,6.4,27.123658785352113,35.83709763560563
8150,28.6,31.525999069213867,70.0,0.0,19.4,5.6,25.278060822852098,36.18341824685563
8151,27.6,31.525999069213867,70.0,0.0,20.4,6.5,26.586797170913485,35.576039151274045
8152,26.8,31.525999069213867,70.0,0.0,20.0,5.6,29.235468700643843,35.57064061019315
8153,25.8,31.525999069213867,70.0,0.0,19.6,5.8,10.008226016178831,28.80246780485365
8154,29.2,31.525999069213867,70.0,0.0,19.9,5.6,18.885525647770418,34.86565769433113
8155,26.8,31.525999069213867,70.0,0.0,19.2,6.0,12.308367413808426,30.492510224142528
8156,28.9,31.525999069213867,70.0,0.0,20.2,5.7,23.779055921507677,36.0337167764523
8157,26.9,31.525999069213867,70.0,0.0,20.2,5.6,27.272738244048462,35.08182147321454
8158,26.7,31.525999069213867,70.0,0.0,20.3,5.9,23.719034281923776,33.81571028457713
8159,25.9,31.525999069213867,70.0,0.0,19.1,6.2,16.37620141679453,30.81286042503836
8160,25.8,30.92599868774414,73.0,0.0,20.2,6.0,28.749572594596657,34.424871778379
8161,29.9,30.92599868774414,73.0,0.0,20.8,5.5,13.719644872411994,34.01589346172359
8162,26.9,30.92599868774414,73.0,0.0,20.0,6.1,14.599538571032882,31.279861571309862
8163,28.0,30.92599868774414,73.0,0.0,20.2,5.6,15.065583317881156,32.51967499536435
8164,28.9,30.92599868774414,73.0,0.0,21.0,6.2,16.140834375722925,33.74225031271688
8165,27.8,30.92599868774414,73.0,0.0,19.9,5.7,18.13520462733077,33.24056138819923
8166,29.2,30.92599868774414,73.0,0.0,20.6,6.5,22.281639184655837,35.88449175539675
8167,29.9,30.92599868774414,73.0,0.0,19.9,5.5,25.390178224012818,37.517053467203844
8168,25.8,30.92599868774414,73.0,0.0,20.0,5.8,26.001152191403595,33.60034565742108
8169,28.8,30.92599868774414,73.0,0.0,19.7,5.9,24.07994114489702,36.02398234346911
8170,28.2,30.92599868774414,73.0,0.0,20.5,5.9,22.998644854905287,35.09959345647159
8171,25.9,30.92599868774414,73.0,0.0,20.4,5.5,20.535567890162387,32.060670367048715
8172,27.1,30.92599868774414,73.0,0.0,19.2,6.1,28.152394619988094,35.54571838599643
8173,26.7,30.92599868774414,73.0,0.0,20.0,5.9,27.41896816318983,34.92569044895695
8174,28.6,30.92599868774414,73.0,0.0,19.4,6.1,21.490934653597805,35.047280396079344
8175,26.1,30.92599868774414,73.0,0.0,20.4,6.2,10.221849357207972,29.16655480716239
8176,28.4,30.92599868774414,73.0,0.0,20.6,6.2,17.46696481140658,33.64008944342197
8177,28.3,30.92599868774414,73.0,0.0,20.3,5.7,17.627653534025736,33.588296060207725
8178,26.2,30.92599868774414,73.0,0.0,19.9,5.9,24.663574190283228,33.59907225708497
8179,25.9,30.92599868774414,73.0,0.0,20.2,5.7,26.143923013001455,33.743176903900434
8180,27.9,30.92599868774414,73.0,0.0,19.3,6.1,29.16782851355858,36.65034855406757
8181,26.1,30.92599868774414,73.0,0.0,19.9,6.2,20.513086625433967,32.25392598763019
8182,28.8,30.92599868774414,73.0,0.0,20.0,6.5,10.370872608794164,31.91126178263825
8183,27.7,30.92599868774414,73.0,0.0,19.0,6.5,19.413592816612475,33.52407784498374
8184,27.3,30.92599868774414,73.0,0.0,20.2,6.1,18.52720880603008,32.858162641809024
8185,29.3,30.92599868774414,73.0,0.0,19.7,5.8,21.477883708621654,35.743365112586496
8186,26.9,30.92599868774414,73.0,0.0,21.0,5.7,25.06408640904077,34.41922592271223
8187,27.6,30.92599868774414,73.0,0.0,19.3,6.0,12.751780817092852,31.425534245127857
8188,27.3,30.92599868774414,73.0,0.0,20.6,6.3,18.71158429166428,32.91347528749928
8189,25.1,30.92599868774414,73.0,0.0,20.4,6.1,17.14652461517548,30.243957384552644
8190,27.6,30.92599868774414,73.0,0.0,20.6,6.0,19.22641597427099,33.3679247922813
8191,25.5,30.92599868774414,73.0,0.0,20.8,6.2,19.58098703145998,31.374296109437992
8192,29.8,30.92599868774414,73.0,0.0,20.2,5.5,26.13465901037223,37.64039770311167
8193,29.1,30.92599868774414,73.0,0.0,19.2,6.3,19.8849618411652,35.065488552349564
8194,27.4,30.92599868774414,73.0,0.0,21.0,6.0,19.255606871162787,33.176682061348835
8195,27.6,30.92599868774414,73.0,0.0,20.7,6.0,23.095099628914895,34.52852988867447
8196,25.7,30.92599868774414,73.0,0.0,20.5,6.3,12.262318009938394,29.378695402981517
8197,29.4,30.92599868774414,73.0,0.0,20.7,5.8,13.764619894357477,33.52938596830724
8198,28.9,30.92599868774414,73.0,0.0,19.4,5.7,16.097524797189056,33.72925743915671
8199,28.0,30.92599868774414,73.0,0.0,19.2,6.3,21.175447886950053,34.35263436608501
8200,25.5,30.92599868774414,73.0,0.0,19.2,6.1,24.61445165114186,32.884335495342555
8201,28.4,30.92599868774414,73.0,0.0,19.4,6.3,26.402431320706214,36.32072939621186
8202,26.1,30.92599868774414,73.0,0.0,19.6,6.1,12.06311586384328,29.718934759152987
8203,26.9,30.92599868774414,73.0,0.0,19.9,5.5,12.930902197008525,30.779270659102558
8204,29.4,30.92599868774414,73.0,0.0,20.8,5.9,15.030039552809232,33.90901186584277
8205,26.5,30.92599868774414,73.0,0.0,19.1,5.7,22.489089839714,33.2467269519142
8206,28.2,30.92599868774414,73.0,0.0,19.1,6.0,14.183186971594875,32.454956091478465
8207,26.1,30.92599868774414,73.0,0.0,19.5,6.1,25.601129313339612,33.780338794001885
8208,25.7,30.92599868774414,73.0,0.0,19.7,6.5,10.450598759728482,28.835179627918542
8209,25.5,30.92599868774414,73.0,0.0,20.6,5.9,28.762275221860396,34.12868256655812
8210,27.1,30.92599868774414,73.0,0.0,21.0,6.4,10.039953994990992,30.1119861984973
8211,28.1,30.92599868774414,73.0,0.0,20.4,5.8,20.074740241891593,34.12242207256748
8212,25.8,30.92599868774414,73.0,0.0,20.6,5.6,13.389226763470038,29.81676802904101
8213,25.5,30.92599868774414,73.0,0.0,20.4,6.0,21.690972068219022,32.00729162046571
8214,25.2,30.92599868774414,73.0,0.0,19.1,6.3,13.636010602676262,29.29080318080288
8215,29.4,30.92599868774414,73.0,0.0,19.6,6.3,23.132910430828698,36.33987312924861
8216,29.5,30.92599868774414,73.0,0.0,20.7,6.4,15.677318126427897,34.20319543792837
8217,28.8,30.92599868774414,73.0,0.0,20.2,6.0,15.230473231255662,33.3691419693767
8218,26.0,30.92599868774414,73.0,0.0,19.3,5.9,28.04300564523961,34.41290169357188
8219,28.0,30.92599868774414,73.0,0.0,20.2,6.4,13.036351394849923,31.910905418454977
8220,25.2,30.275999069213867,76.0,0.0,19.0,5.9,29.02519446092919,33.907558338278754
8221,26.8,30.275999069213867,76.0,0.0,20.4,5.8,18.14006305631804,32.24201891689541
8222,26.7,30.275999069213867,76.0,0.0,20.0,6.0,11.3065827111227,30.091974813336808
8223,29.5,30.275999069213867,76.0,0.0,20.7,5.8,19.023328041483282,35.20699841244498
8224,28.3,30.275999069213867,76.0,0.0,19.5,6.0,16.88164758019091,33.36449427405727
8225,25.3,30.275999069213867,76.0,0.0,20.3,5.6,13.391934181088413,29.317580254326526
8226,27.6,30.275999069213867,76.0,0.0,19.6,6.4,14.776571898597181,32.03297156957915
8227,29.4,30.275999069213867,76.0,0.0,19.2,6.4,15.049803791926667,33.914941137578
8228,29.4,30.275999069213867,76.0,0.0,19.3,5.8,26.663044185934634,37.398913255780386
8229,26.0,30.275999069213867,76.0,0.0,20.7,6.0,22.70330241915325,32.810990725745974
8230,28.2,30.275999069213867,76.0,0.0,19.0,6.4,29.74395154145415,37.12318546243625
8231,27.1,30.275999069213867,76.0,0.0,19.9,5.7,13.59597620260391,31.178792860781176
8232,26.2,30.275999069213867,76.0,0.0,20.4,5.7,16.901932180622698,31.270579654186808
8233,29.4,30.275999069213867,76.0,0.0,20.8,6.0,18.17608520009107,34.85282556002732
8234,25.2,30.275999069213867,76.0,0.0,20.0,5.9,14.462376198946277,29.538712859683883
8235,29.2,30.275999069213867,76.0,0.0,19.3,5.6,24.07609997954758,36.42282999386427
8236,26.3,30.275999069213867,76.0,0.0,19.6,6.4,11.700296340390132,29.81008890211704
8237,27.2,30.275999069213867,76.0,0.0,20.1,6.2,18.737139113760747,32.821141734128226
8238,25.7,30.275999069213867,76.0,0.0,20.2,6.4,24.16298010810943,32.948894032432825
8239,26.6,30.275999069213867,76.0,0.0,19.6,5.9,11.971893797668809,30.191568139300642
8240,25.6,30.275999069213867,76.0,0.0,19.5,6.3,17.19129393414105,30.757388180242316
8241,29.5,30.275999069213867,76.0,0.0,20.8,5.6,14.136283253427596,33.740884976028276
8242,26.4,30.275999069213867,76.0,0.0,19.4,5.7,12.64261085691085,30.192783257073252
8243,27.7,30.275999069213867,76.0,0.0,19.4,5.9,23.36297950743561,34.70889385223068
8244,25.6,30.275999069213867,76.0,0.0,19.5,5.6,27.303488224913792,33.79104646747414
8245,26.3,30.275999069213867,76.0,0.0,19.0,6.2,24.127803649378816,33.538341094813646
8246,30.0,30.275999069213867,76.0,0.0,19.2,5.9,29.726166054242643,38.91784981627279
8247,27.7,30.275999069213867,76.0,0.0,20.1,5.9,14.465625287610758,32.03968758628323
8248,28.6,30.275999069213867,76.0,0.0,19.1,5.6,14.337142122680302,32.90114263680409
8249,26.5,30.275999069213867,76.0,0.0,20.4,5.8,13.024008659101769,30.40720259773053
8250,28.4,30.275999069213867,76.0,0.0,20.2,6.3,23.047716297425662,35.314314889227695
8251,28.4,30.275999069213867,76.0,0.0,20.3,6.2,23.548310559615032,35.464493167884505
8252,28.9,30.275999069213867,76.0,0.0,19.8,5.7,21.724229259788594,35.41726877793658
8253,25.4,30.275999069213867,76.0,0.0,20.8,5.5,11.46014336261425,28.838043008784275
8254,29.5,30.275999069213867,76.0,0.0,20.2,6.4,13.194688896984418,33.458406669095325
8255,25.9,30.275999069213867,76.0,0.0,19.2,6.1,18.480500806702935,31.444150242010878
8256,26.1,30.275999069213867,76.0,0.0,20.8,5.6,18.20840933070039,31.562522799210118
8257,25.7,30.275999069213867,76.0,0.0,20.8,6.1,12.745135926698563,29.52354077800957
8258,26.2,30.275999069213867,76.0,0.0,20.9,6.4,21.496540505181386,32.648962151554414
8259,27.0,30.275999069213867,76.0,0.0,19.6,6.3,18.460517130587256,32.538155139176176
8260,28.3,30.275999069213867,76.0,0.0,19.1,6.1,12.628603014586325,32.088580904375895
8261,28.4,30.275999069213867,76.0,0.0,20.5,6.4,15.897245379855233,33.169173613956566
8262,25.4,30.275999069213867,76.0,0.0,20.2,5.7,11.145557843951943,28.743667353185582
8263,26.8,30.275999069213867,76.0,0.0,20.1,5.5,20.45837642739156,32.937512928217465
8264,27.5,30.275999069213867,76.0,0.0,21.0,6.1,11.3820941738012,30.91462825214036
8265,29.9,30.275999069213867,76.0,0.0,20.8,6.0,22.680223309534924,36.704066992860476
8266,28.9,30.275999069213867,76.0,0.0,19.5,6.0,22.031289910564432,35.50938697316933
8267,26.0,30.275999069213867,76.0,0.0,19.7,5.6,20.458251883533833,32.13747556506015
8268,27.3,30.275999069213867,76.0,0.0,19.4,6.0,29.652531852477047,36.195759555743116
8269,25.5,30.275999069213867,76.0,0.0,20.3,6.0,21.22750660053981,31.868251980161943
8270,26.4,30.275999069213867,76.0,0.0,19.1,5.6,29.079443429569114,35.123833028870735
8271,26.2,30.275999069213867,76.0,0.0,19.3,6.5,12.976835834718115,30.093050750415433
8272,29.2,30.275999069213867,76.0,0.0,19.9,6.3,14.804755669614547,33.64142670088437
8273,25.4,30.275999069213867,76.0,0.0,20.0,5.9,11.650213048817626,28.895063914645288
8274,27.1,30.275999069213867,76.0,0.0,20.2,6.1,13.091078428471443,31.027323528541434
8275,25.6,30.275999069213867,76.0,0.0,20.2,6.2,28.695451912242483,34.208635573672744
8276,27.3,30.275999069213867,76.0,0.0,20.3,5.9,24.23383766497028,34.57015129949109
8277,27.4,30.275999069213867,76.0,0.0,20.5,5.7,23.465713993508594,34.43971419805258
8278,26.3,30.275999069213867,76.0,0.0,20.8,5.6,21.632713144263672,32.7898139432791
8279,26.1,30.275999069213867,76.0,0.0,21.0,6.0,14.772471010337442,30.531741303101235
8280,28.5,29.525999069213867,80.0,0.0,19.0,6.2,24.242804012579352,35.77284120377381
8281,28.6,29.525999069213867,80.0,0.0,21.0,5.6,10.358686660929068,31.707605998278723
8282,25.2,29.525999069213867,80.0,0.0,19.0,5.8,23.96482334582096,32.389447003746284
8283,28.8,29.525999069213867,80.0,0.0,19.4,5.5,15.688780190386101,33.50663405711583
8284,29.6,29.525999069213867,80.0,0.0,19.6,6.4,29.296577951641325,38.3889733854924
8285,29.6,29.525999069213867,80.0,0.0,19.5,6.4,22.873098911450285,36.46192967343509
8286,28.4,29.525999069213867,80.0,0.0,20.9,6.3,24.22142972220366,35.6664289166611
8287,26.8,29.525999069213867,80.0,0.0,20.1,6.2,11.099176390624596,30.12975291718738
8288,29.9,29.525999069213867,80.0,0.0,20.7,6.5,16.48214163076231,34.84464248922869
8289,26.4,29.525999069213867,80.0,0.0,20.8,5.8,27.757408229330334,34.7272224687991
8290,25.4,29.525999069213867,80.0,0.0,20.8,6.0,20.782641492018907,31.63479244760567
8291,29.0,29.525999069213867,80.0,0.0,19.4,5.7,25.99266495217972,36.79779948565392
8292,27.1,29.525999069213867,80.0,0.0,20.9,5.9,11.726538434497893,30.61796153034937
8293,26.4,29.525999069213867,80.0,0.0,19.4,5.5,21.776780371121582,32.933034111336475
8294,25.9,29.525999069213867,80.0,0.0,20.9,6.2,13.707504621234676,30.0122513863704
8295,29.4,29.525999069213867,80.0,0.0,20.1,6.3,28.884521175543142,38.06535635266294
8296,26.2,29.525999069213867,80.0,0.0,20.1,6.4,27.466805866206336,34.4400417598619
8297,25.5,29.525999069213867,80.0,0.0,19.1,6.5,25.33312588325572,33.099937764976715
8298,26.9,29.525999069213867,80.0,0.0,20.8,6.5,14.49182942826042,31.247548828478124
8299,26.7,29.525999069213867,80.0,0.0,19.0,6.0,28.12985998483736,35.13895799545121
8300,29.5,29.525999069213867,80.0,0.0,20.6,5.5,19.588577911029013,35.3765733733087
8301,26.9,29.525999069213867,80.0,0.0,20.1,5.6,26.718000581546868,34.91540017446406
8302,26.0,29.525999069213867,80.0,0.0,20.1,5.5,21.843692693253168,32.55310780797595
8303,28.1,29.525999069213867,80.0,0.0,20.2,5.6,18.81800024587988,33.74540007376397
8304,26.7,29.525999069213867,80.0,0.0,20.7,5.7,18.103528770143942,32.13105863104318
8305,28.3,29.525999069213867,80.0,0.0,20.2,5.6,14.42011112600515,32.626033337801545
8306,25.5,29.525999069213867,80.0,0.0,20.7,5.9,21.920045944225976,32.07601378326779
8307,26.2,29.525999069213867,80.0,0.0,20.7,6.2,16.806643495573574,31.24199304867207
8308,25.8,29.525999069213867,80.0,0.0,21.0,6.3,12.880428968296687,29.664128690489008
8309,25.6,29.525999069213867,80.0,0.0,19.7,6.3,20.433115466018503,31.729934639805553
8310,29.0,29.525999069213867,80.0,0.0,20.8,6.0,21.609496534329413,35.482848960298824
8311,28.8,29.525999069213867,80.0,0.0,19.7,6.3,25.466316178830546,36.439894853649164
8312,25.2,29.525999069213867,80.0,0.0,19.8,5.6,13.249078777298225,29.174723633189465
8313,29.0,29.525999069213867,80.0,0.0,19.1,6.0,22.348842233823312,35.70465267014699
8314,28.2,29.525999069213867,80.0,0.0,19.0,6.3,18.837024194051704,33.85110725821551
8315,27.6,29.525999069213867,80.0,0.0,20.7,5.9,28.424580910601012,36.12737427318031
8316,26.5,29.525999069213867,80.0,0.0,19.9,5.7,29.005642803015984,35.2016928409048
8317,28.5,29.525999069213867,80.0,0.0,20.3,6.2,22.019082394606272,35.10572471838188
8318,29.5,29.525999069213867,80.0,0.0,20.5,5.6,11.73588492446825,33.020765477340476
8319,26.7,29.525999069213867,80.0,0.0,20.2,5.6,23.16328718974181,33.64898615692254
8320,28.1,29.525999069213867,80.0,0.0,19.5,5.6,26.669653906762317,36.1008961720287
8321,27.8,29.525999069213867,80.0,0.0,19.9,6.4,24.001867352393603,35.00056020571808
8322,26.9,29.525999069213867,80.0,0.0,20.2,6.3,13.745886242738079,31.02376587282142
8323,27.7,29.525999069213867,80.0,0.0,19.6,6.2,13.464376939724314,31.739313081917295
8324,25.9,29.525999069213867,80.0,0.0,20.2,5.6,13.58717347168502,29.976152041505504
8325,26.3,29.525999069213867,80.0,0.0,19.7,5.7,16.21631826996044,31.164895480988132
8326,25.6,29.525999069213867,80.0,0.0,20.3,5.8,18.15553803306019,31.04666140991806
8327,26.5,29.525999069213867,80.0,0.0,19.9,6.1,17.376081690200138,31.71282450706004
8328,25.7,29.525999069213867,80.0,0.0,20.5,6.0,23.612786516016886,32.78383595480506
8329,27.8,29.525999069213867,80.0,0.0,20.3,6.3,26.163425293137355,35.649027587941205
8330,27.9,29.525999069213867,80.0,0.0,20.0,6.0,28.855188256218096,36.556556476865424
8331,28.4,29.525999069213867,80.0,0.0,20.1,6.3,13.624243080855047,32.487272924256516
8332,26.4,29.525999069213867,80.0,0.0,19.8,6.1,14.548841906681298,30.764652572004387
8333,27.3,29.525999069213867,80.0,0.0,20.9,6.1,25.8931033353143,35.06793100059429
8334,27.1,29.525999069213867,80.0,0.0,19.9,6.1,23.934300048309208,34.28029001449276
8335,29.7,29.525999069213867,80.0,0.0,20.8,6.4,17.82549612021746,35.047648836065235
8336,25.9,29.525999069213867,80.0,0.0,20.5,6.1,24.266434331360937,33.17993029940828
8337,28.4,29.525999069213867,80.0,0.0,19.2,5.9,22.488754922195525,35.14662647665865
8338,29.2,29.525999069213867,80.0,0.0,20.5,5.8,28.390547590675727,37.71716427720271
8339,27.2,29.525999069213867,80.0,0.0,19.2,5.6,27.52718574716202,35.458155724148604
8340,27.3,28.875999450683597,83.0,0.0,19.1,6.3,14.013946939810292,31.504184081943087
8341,26.0,28.875999450683597,83.0,0.0,20.5,6.3,23.56637977310026,33.069913931930074
8342,29.9,28.875999450683597,83.0,0.0,19.7,5.6,29.982077174222347,38.8946231522667
8343,29.0,28.875999450683597,83.0,0.0,19.1,6.0,12.993555449747936,32.89806663492438
8344,25.3,28.875999450683597,83.0,0.0,19.1,5.9,24.085041529500717,32.525512458850216
8345,29.2,28.875999450683597,83.0,0.0,19.9,6.3,27.828189986239302,37.54845699587179
8346,28.2,28.875999450683597,83.0,0.0,19.2,5.5,24.598092966792464,35.579427890037735
8347,27.6,28.875999450683597,83.0,0.0,19.9,5.7,26.037770113066546,35.411331033919964
8348,27.3,28.875999450683597,83.0,0.0,20.8,6.3,19.943087228183465,33.28292616845504
8349,29.1,28.875999450683597,83.0,0.0,20.3,6.1,20.76957770892041,35.330873312676125
8350,25.7,28.875999450683597,83.0,0.0,20.2,5.6,18.273862266590786,31.182158679977235
8351,28.1,28.875999450683597,83.0,0.0,19.3,6.2,27.180731206083927,36.25421936182518
8352,27.8,28.875999450683597,83.0,0.0,19.5,5.6,16.15938603722533,32.647815811167604
8353,28.5,28.875999450683597,83.0,0.0,19.6,6.1,15.571151388175002,33.1713454164525
8354,25.6,28.875999450683597,83.0,0.0,20.5,6.0,27.58976371772264,33.87692911531679
8355,28.1,28.875999450683597,83.0,0.0,20.4,6.3,10.218222434281476,31.165466730284443
8356,28.4,28.875999450683597,83.0,0.0,20.4,6.5,10.797975571865372,31.63939267155961
8357,27.2,28.875999450683597,83.0,0.0,21.0,5.6,11.300169767908788,30.590050930372634
8358,28.2,28.875999450683597,83.0,0.0,19.4,6.0,27.89235523076224,36.56770656922867
8359,26.8,28.875999450683597,83.0,0.0,20.9,6.0,13.89698434475264,30.969095303425792
8360,26.6,28.875999450683597,83.0,0.0,20.5,5.8,20.635779844863784,32.79073395345914
8361,28.6,28.875999450683597,83.0,0.0,19.4,6.2,10.421549254536806,31.726464776361045
8362,25.5,28.875999450683597,83.0,0.0,19.6,6.2,11.339795231781784,28.901938569534536
8363,28.5,28.875999450683597,83.0,0.0,20.0,5.9,24.76381726542156,35.92914517962647
8364,29.5,28.875999450683597,83.0,0.0,20.7,5.7,24.272639244977064,36.78179177349312
8365,25.1,28.875999450683597,83.0,0.0,20.5,5.7,18.15592769534586,30.54677830860376
8366,27.2,28.875999450683597,83.0,0.0,19.0,6.5,13.428191262190214,31.228457378657062
8367,29.2,28.875999450683597,83.0,0.0,20.3,6.3,13.266899724141965,33.18006991724259
8368,25.8,28.875999450683597,83.0,0.0,21.0,5.9,16.994463783860382,30.898339135158114
8369,28.4,28.875999450683597,83.0,0.0,19.6,6.4,21.784190510679036,34.93525715320371
8370,28.2,28.875999450683597,83.0,0.0,19.6,6.5,10.454670925165338,31.3364012775496
8371,26.3,28.875999450683597,83.0,0.0,20.3,5.9,20.60429076685698,32.48128723005709
8372,25.0,28.875999450683597,83.0,0.0,20.8,6.0,24.01864283310217,32.20559284993065
8373,27.7,28.875999450683597,83.0,0.0,19.9,6.0,11.177823191512886,31.053346957453865
8374,25.9,28.875999450683597,83.0,0.0,19.4,6.0,14.293166584614314,30.187949975384292
8375,30.0,28.875999450683597,83.0,0.0,19.4,6.0,12.382401543741777,33.71472046312253
8376,28.4,28.875999450683597,83.0,0.0,20.1,6.0,25.06169057843966,35.91850717353189
8377,29.4,28.875999450683597,83.0,0.0,19.9,5.9,28.765199511832517,38.029559853549756
8378,26.0,28.875999450683597,83.0,0.0,20.9,5.6,17.190417450889676,31.157125235266903
8379,25.7,28.875999450683597,83.0,0.0,19.9,5.9,21.9487399682453,32.28462199047359
8380,28.2,28.875999450683597,83.0,0.0,19.3,6.0,10.306105043138166,31.29183151294145
8381,27.5,28.875999450683597,83.0,0.0,20.2,5.5,10.712940140974068,30.71388204229222
8382,27.4,28.875999450683597,83.0,0.0,20.5,6.4,18.122030298068992,32.8366090894207
8383,29.4,28.875999450683597,83.0,0.0,19.9,6.2,10.135522119646858,32.44065663589406
8384,25.3,28.875999450683597,83.0,0.0,20.5,6.3,28.581608027664572,33.87448240829937
8385,25.8,28.875999450683597,83.0,0.0,19.3,6.3,27.686699407223145,34.106009822166946
8386,30.0,28.875999450683597,83.0,0.0,19.4,6.2,15.175358321170533,34.55260749635116
8387,25.0,28.875999450683597,83.0,0.0,20.4,6.3,19.568903007576775,30.870670902273034
8388,26.6,28.875999450683597,83.0,0.0,20.4,5.9,15.780832653085945,31.334249795925786
8389,27.6,28.875999450683597,83.0,0.0,19.9,5.8,19.07509887177002,33.32252966153101
8390,25.2,28.875999450683597,83.0,0.0,20.7,6.5,17.26963573393307,30.38089072017992
8391,25.4,28.875999450683597,83.0,0.0,19.4,6.2,26.181229783971602,33.25436893519148
8392,28.6,28.875999450683597,83.0,0.0,19.3,6.1,24.075531688210873,35.82265950646326
8393,27.4,28.875999450683597,83.0,0.0,19.0,5.6,20.619055811660374,33.58571674349811
8394,25.5,28.875999450683597,83.0,0.0,20.1,6.3,29.087489344672264,34.22624680340168
8395,27.3,28.875999450683597,83.0,0.0,19.4,6.5,16.424936843275102,32.22748105298253
8396,29.4,28.875999450683597,83.0,0.0,19.5,6.4,15.001488724811736,33.90044661744352
8397,28.5,28.875999450683597,83.0,0.0,19.8,5.7,18.616181615590087,34.084854484677024
8398,28.5,28.875999450683597,83.0,0.0,19.0,5.6,20.849473675432918,34.75484210262987
8399,25.8,28.875999450683597,83.0,0.0,19.1,6.1,11.508003547418257,29.252401064225477
8400,25.8,28.375999450683597,86.0,0.0,19.6,6.2,20.757388445439368,32.02721653363181
8401,28.4,28.375999450683597,86.0,0.0,20.4,6.1,25.375580798565593,36.01267423956968
8402,29.5,28.375999450683597,86.0,0.0,19.8,6.4,17.64139633847251,34.79241890154175
8403,25.8,28.375999450683597,86.0,0.0,19.6,6.1,14.557778156741264,30.16733344702238
8404,28.8,28.375999450683597,86.0,0.0,19.7,6.5,10.569231370968717,31.970769411290615
8405,28.5,28.375999450683597,86.0,0.0,19.3,5.6,15.946638025383526,33.283991407615055
8406,26.8,28.375999450683597,86.0,0.0,19.5,6.3,15.488703674738568,31.44661110242157
8407,25.5,28.375999450683597,86.0,0.0,19.1,5.7,15.383089791720465,30.114926937516138
8408,28.9,28.375999450683597,86.0,0.0,19.7,6.3,14.315226967921324,33.19456809037639
8409,25.8,28.375999450683597,86.0,0.0,20.8,6.1,10.859509569850708,29.057852870955212
8410,28.7,28.375999450683597,86.0,0.0,20.7,5.6,13.24034267709919,32.672102803129754
8411,26.6,28.375999450683597,86.0,0.0,20.5,6.1,11.4813646455809,30.04440939367427
8412,28.8,28.375999450683597,86.0,0.0,20.9,6.0,16.867985662413783,33.86039569872413
8413,26.4,28.375999450683597,86.0,0.0,19.7,6.3,15.428686147668998,31.0286058443007
8414,25.9,28.375999450683597,86.0,0.0,20.7,6.4,14.237055245494652,30.171116573648394
8415,28.5,28.375999450683597,86.0,0.0,20.1,6.2,13.795460862444756,32.63863825873343
8416,27.6,28.375999450683597,86.0,0.0,20.0,6.0,16.497399944818966,32.54921998344569
8417,25.7,28.375999450683597,86.0,0.0,20.1,6.2,24.881332716027607,33.16439981480828
8418,25.2,28.375999450683597,86.0,0.0,19.5,5.6,10.992588264295993,28.497776479288795
8419,25.6,28.375999450683597,86.0,0.0,20.5,5.9,21.036570107258342,31.910971032177503
8420,27.4,28.375999450683597,86.0,0.0,19.4,6.3,25.866802974643935,35.16004089239318
8421,29.0,28.375999450683597,86.0,0.0,20.8,5.9,20.205393826988555,35.061618148096564
8422,25.7,28.375999450683597,86.0,0.0,19.2,5.7,10.795062736443747,28.938518820933123
8423,29.6,28.375999450683597,86.0,0.0,19.0,6.4,18.694477060789005,35.208343118236705
8424,26.1,28.375999450683597,86.0,0.0,20.1,6.4,20.995706365992596,32.39871190979778
8425,29.5,28.375999450683597,86.0,0.0,20.7,5.9,14.200453230094967,33.76013596902849
8426,25.5,28.375999450683597,86.0,0.0,19.8,5.9,14.62811055229679,29.888433165689037
8427,25.9,28.375999450683597,86.0,0.0,20.9,6.5,15.578685676012778,30.57360570280383
8428,25.9,28.375999450683597,86.0,0.0,19.8,5.9,10.854404369567538,29.15632131087026
8429,25.7,28.375999450683597,86.0,0.0,19.1,6.1,11.092239321046533,29.02767179631396
8430,29.9,28.375999450683597,86.0,0.0,20.2,6.2,18.03209924276112,35.30962977282834
8431,28.3,28.375999450683597,86.0,0.0,20.7,5.5,26.64968603642405,36.29490581092722
8432,28.3,28.375999450683597,86.0,0.0,20.6,5.9,28.821890486330226,36.94656714589907
8433,29.7,28.375999450683597,86.0,0.0,20.1,6.0,11.39446541112433,33.1183396233373
8434,29.9,28.375999450683597,86.0,0.0,19.9,6.1,21.82876638715982,36.448629916147944
8435,29.0,28.375999450683597,86.0,0.0,20.9,6.3,27.076580386809283,37.12297411604278
8436,29.2,28.375999450683597,86.0,0.0,20.9,5.9,29.706898940087747,38.11206968202632
8437,26.1,28.375999450683597,86.0,0.0,19.8,5.8,28.65406472145262,34.69621941643579
8438,28.1,28.375999450683597,86.0,0.0,19.3,5.8,16.792566190318148,33.13776985709545
8439,26.1,28.375999450683597,86.0,0.0,19.8,6.2,23.503356026898803,33.15100680806964
8440,27.0,28.375999450683597,86.0,0.0,20.5,5.6,27.268415558502685,35.180524667550806
8441,28.3,28.375999450683597,86.0,0.0,20.4,5.9,29.359242297531377,37.10777268925941
8442,28.3,28.375999450683597,86.0,0.0,19.4,5.9,27.01140172813366,36.4034205184401
8443,26.5,28.375999450683597,86.0,0.0,19.2,5.5,14.062781458169455,30.718834437450838
8444,28.2,28.375999450683597,86.0,0.0,20.9,5.6,19.841660452238596,34.15249813567158
8445,25.6,28.375999450683597,86.0,0.0,20.1,6.3,10.362902316884544,28.708870695065364
8446,25.8,28.375999450683597,86.0,0.0,20.7,5.8,10.014378937313902,28.80431368119417
8447,27.0,28.375999450683597,86.0,0.0,19.9,6.2,17.298694664538875,32.18960839936166
8448,29.6,28.375999450683597,86.0,0.0,20.0,5.9,20.108717668937416,35.63261530068122
8449,28.5,28.375999450683597,86.0,0.0,20.5,5.7,18.566414499413874,34.06992434982416
8450,26.6,28.375999450683597,86.0,0.0,19.1,6.2,16.638209047550678,31.591462714265205
8451,27.8,28.375999450683597,86.0,0.0,20.8,6.1,13.672510248394182,31.901753074518254
8452,28.4,28.375999450683597,86.0,0.0,20.0,6.1,21.939914833385384,34.98197445001561
8453,29.3,28.375999450683597,86.0,0.0,19.8,5.6,25.436785017707102,36.93103550531213
8454,29.2,28.375999450683597,86.0,0.0,19.8,6.4,22.038189813351252,35.81145694400537
8455,26.9,28.375999450683597,86.0,0.0,19.8,5.9,29.298736543558782,35.68962096306763
8456,26.4,28.375999450683597,86.0,0.0,19.9,5.9,18.61311809324084,31.98393542797225
8457,28.8,28.375999450683597,86.0,0.0,19.7,5.7,16.259805887597178,33.677941766279154
8458,25.7,28.375999450683597,86.0,0.0,19.1,6.2,23.870805663919278,32.861241699175785
8459,28.4,28.375999450683597,86.0,0.0,19.9,6.4,20.666221793239643,34.59986653797189
8460,25.4,27.97599983215332,88.0,0.0,19.7,5.5,28.005627975421298,33.80168839262639
8461,25.9,27.97599983215332,88.0,0.0,19.4,5.6,25.066818750435907,33.42004562513077
8462,26.3,27.97599983215332,88.0,0.0,20.9,6.2,11.146625036914886,29.643987511074467
8463,30.0,27.97599983215332,88.0,0.0,19.3,6.3,29.98431642818789,38.99529492845637
8464,29.7,27.97599983215332,88.0,0.0,20.9,6.4,25.467025183948596,37.34010755518458
8465,26.1,27.97599983215332,88.0,0.0,20.2,5.8,20.72161076914367,32.3164832307431
8466,27.2,27.97599983215332,88.0,0.0,19.2,6.2,19.23497371575686,32.97049211472706
8467,28.7,27.97599983215332,88.0,0.0,21.0,5.6,12.891679507693198,32.56750385230796
8468,27.0,27.97599983215332,88.0,0.0,20.9,5.5,27.640831059287798,35.29224931778634
8469,27.1,27.97599983215332,88.0,0.0,19.9,6.1,25.686707842235435,34.806012352670635
8470,26.5,27.97599983215332,88.0,0.0,20.1,5.5,24.585218487680173,33.87556554630405
8471,25.3,27.97599983215332,88.0,0.0,20.5,5.8,19.224124683897042,31.067237405169113
8472,25.8,27.97599983215332,88.0,0.0,19.9,6.4,15.375380562861016,30.412614168858305
8473,28.0,27.97599983215332,88.0,0.0,19.3,6.3,11.853051287162677,31.555915386148804
8474,29.9,27.97599983215332,88.0,0.0,20.7,6.3,26.27452950599388,37.782358851798165
8475,26.3,27.97599983215332,88.0,0.0,19.3,6.2,21.37639219917245,32.71291765975174
8476,25.2,27.97599983215332,88.0,0.0,20.2,5.7,28.091855887133995,33.627556766140195
8477,26.8,27.97599983215332,88.0,0.0,20.4,6.0,24.36053178698037,34.108159536094114
8478,29.2,27.97599983215332,88.0,0.0,19.8,5.7,29.092303242341305,37.92769097270239
8479,26.3,27.97599983215332,88.0,0.0,19.8,5.9,15.934902787821454,31.080470836346436
8480,27.4,27.97599983215332,88.0,0.0,20.6,5.9,15.383813009655613,32.01514390289668
8481,25.5,27.97599983215332,88.0,0.0,19.3,6.0,18.627854966636438,31.088356489990932
8482,26.3,27.97599983215332,88.0,0.0,19.4,6.2,12.358495407155656,30.007548622146697
8483,26.5,27.97599983215332,88.0,0.0,19.2,6.4,28.006258762345094,34.90187762870353
8484,25.9,27.97599983215332,88.0,0.0,20.4,5.7,22.03342327067496,32.510026981202486
8485,29.9,27.97599983215332,88.0,0.0,19.4,6.3,13.388123792805802,33.91643713784174
8486,28.9,27.97599983215332,88.0,0.0,19.2,6.0,15.593744103734643,33.578123231120394
8487,29.1,27.97599983215332,88.0,0.0,20.8,6.0,17.83725562909111,34.45117668872734
8488,27.8,27.97599983215332,88.0,0.0,20.3,5.7,29.930736910516213,36.779221073154865
8489,25.0,27.97599983215332,88.0,0.0,19.5,6.0,26.067758541160995,32.8203275623483
8490,25.2,27.97599983215332,88.0,0.0,19.2,6.2,24.909832932488136,32.67294987974644
8491,28.1,27.97599983215332,88.0,0.0,20.4,5.9,21.245193240906723,34.47355797227202
8492,27.0,27.97599983215332,88.0,0.0,20.4,6.1,12.059384248474043,30.617815274542213
8493,28.9,27.97599983215332,88.0,0.0,20.4,5.5,27.79156521246944,37.23746956374083
8494,29.0,27.97599983215332,88.0,0.0,19.9,6.1,20.241890807840697,35.07256724235221
8495,27.7,27.97599983215332,88.0,0.0,20.4,6.5,17.176304312914883,32.852891293874464
8496,29.3,27.97599983215332,88.0,0.0,20.4,6.3,22.867806427340504,36.16034192820215
8497,25.8,27.97599983215332,88.0,0.0,20.3,5.7,13.003795516930804,29.70113865507924
8498,29.7,27.97599983215332,88.0,0.0,20.6,6.0,21.512932336543507,36.15387970096305
8499,29.0,27.97599983215332,88.0,0.0,20.3,6.4,16.486792619813865,33.946037785944156
8500,25.1,27.97599983215332,88.0,0.0,19.6,6.2,10.994792135486737,28.398437640646023
8501,25.6,27.97599983215332,88.0,0.0,20.4,6.0,21.649860977018697,32.09495829310561
8502,28.7,27.97599983215332,88.0,0.0,19.3,6.2,14.516954054488638,33.05508621634659
8503,28.2,27.97599983215332,88.0,0.0,20.7,6.1,25.501489770891943,35.850446931267584
8504,26.7,27.97599983215332,88.0,0.0,20.4,6.3,16.11804889768723,31.535414669306167
8505,27.5,27.97599983215332,88.0,0.0,19.8,6.5,25.09590335128008,35.02877100538402
8506,29.8,27.97599983215332,88.0,0.0,19.1,6.1,15.254691410640591,34.37640742319218
8507,25.2,27.97599983215332,88.0,0.0,20.5,5.6,12.882380816166283,29.064714244849885
8508,28.6,27.97599983215332,88.0,0.0,20.4,5.9,21.925667051454923,35.17770011543648
8509,27.1,27.97599983215332,88.0,0.0,20.8,6.2,17.313858446164662,32.2941575338494
8510,25.6,27.97599983215332,88.0,0.0,19.8,6.1,14.93155035425219,30.07946510627566
8511,25.9,27.97599983215332,88.0,0.0,19.6,5.7,22.828184946363514,32.748455483909055
8512,25.3,27.97599983215332,88.0,0.0,19.6,6.2,25.159275026262648,32.8477825078788
8513,27.0,27.97599983215332,88.0,0.0,20.7,6.3,18.212106640097247,32.46363199202917
8514,25.0,27.97599983215332,88.0,0.0,20.6,6.5,24.622674436154277,32.38680233084628
8515,28.7,27.97599983215332,88.0,0.0,20.4,5.6,26.22827728563341,36.56848318569002
8516,29.8,27.97599983215332,88.0,0.0,19.7,6.4,23.303905707986907,36.79117171239607
8517,27.9,27.97599983215332,88.0,0.0,21.0,5.6,23.164313825797954,34.849294147739386
8518,29.7,27.97599983215332,88.0,0.0,20.5,6.3,28.932920574427726,38.379876172328316
8519,26.1,27.97599983215332,88.0,0.0,20.4,6.1,25.980175353008477,33.894052605902544
8520,26.6,27.625999450683597,90.0,0.0,19.0,5.5,28.695748318843762,35.20872449565313
8521,25.4,27.625999450683597,90.0,0.0,19.5,6.2,20.7938644051207,31.638159321536207
8522,28.1,27.625999450683597,90.0,0.0,20.0,5.6,26.40612015175337,36.021836045526015
8523,28.5,27.625999450683597,90.0,0.0,19.7,5.9,23.777828654896418,35.63334859646893
8524,27.0,27.625999450683597,90.0,0.0,20.3,5.9,27.956690918804316,35.387007275641295
8525,27.9,27.625999450683597,90.0,0.0,19.6,6.2,26.856755620070775,35.95702668602123
8526,28.4,27.625999450683597,90.0,0.0,20.0,5.9,29.096906219565636,37.12907186586969
8527,28.0,27.625999450683597,90.0,0.0,20.9,6.1,15.920628494223227,32.776188548266965
8528,30.0,27.625999450683597,90.0,0.0,19.8,5.9,24.373442863422127,37.31203285902664
8529,27.5,27.625999450683597,90.0,0.0,19.9,5.9,16.407692228909976,32.42230766867299
8530,27.9,27.625999450683597,90.0,0.0,20.8,5.7,18.058998292759835,33.31769948782795
8531,28.7,27.625999450683597,90.0,0.0,19.2,6.5,28.986210221546273,37.39586306646388
8532,25.2,27.625999450683597,90.0,0.0,19.3,5.9,28.567792389621008,33.7703377168863
8533,25.8,27.625999450683597,90.0,0.0,19.2,5.8,13.864310267533009,29.959293080259904
8534,26.8,27.625999450683597,90.0,0.0,21.0,6.4,21.708289274872726,33.31248678246182
8535,28.1,27.625999450683597,90.0,0.0,20.7,5.6,24.37320769168398,35.41196230750519
8536,25.5,27.625999450683597,90.0,0.0,20.9,6.1,25.23871766945681,33.071615300837045
8537,26.6,27.625999450683597,90.0,0.0,19.0,6.4,17.637682265044052,31.89130467951322
8538,27.3,27.625999450683597,90.0,0.0,20.7,6.5,14.928117481817138,31.778435244545143
8539,25.1,27.625999450683597,90.0,0.0,20.3,6.3,29.053004743176743,33.815901422953026
8540,27.2,27.625999450683597,90.0,0.0,19.3,6.2,13.421157532004862,31.226347259601457
8541,27.7,27.625999450683597,90.0,0.0,19.6,6.1,29.94221189623122,36.682663568869366
8542,27.2,27.625999450683597,90.0,0.0,19.4,6.2,12.972847757804606,31.09185432734138
8543,27.0,27.625999450683597,90.0,0.0,20.1,6.4,22.001177778232204,33.60035333346966
8544,29.8,27.625999450683597,90.0,0.0,19.9,6.4,10.650632665507452,32.99518979965224
8545,29.8,27.625999450683597,90.0,0.0,20.1,6.2,29.20162327159164,38.560486981477496
8546,25.9,27.625999450683597,90.0,0.0,19.5,6.2,19.69298722976485,31.807896168929453
8547,27.5,27.625999450683597,90.0,0.0,19.6,6.4,13.901966379101566,31.67058991373047
8548,29.7,27.625999450683597,90.0,0.0,19.5,5.7,17.521096894401232,34.95632906832037
8549,29.5,27.625999450683597,90.0,0.0,20.3,6.3,12.261063550919333,33.1783190652758
8550,25.4,27.625999450683597,90.0,0.0,20.7,5.8,10.754953642725367,28.626486092817608
8551,25.7,27.625999450683597,90.0,0.0,19.9,5.8,10.861435817401773,28.958430745220532
8552,29.3,27.625999450683597,90.0,0.0,20.1,5.6,19.75735436134805,35.22720630840442
8553,25.6,27.625999450683597,90.0,0.0,19.1,5.6,22.003469714987553,32.20104091449627
8554,28.9,27.625999450683597,90.0,0.0,20.8,6.3,14.136122936304682,33.1408368808914
8555,25.3,27.625999450683597,90.0,0.0,19.6,6.0,16.0615989538059,30.118479686141768
8556,26.9,27.625999450683597,90.0,0.0,20.0,5.6,24.301928637825135,34.19057859134754
8557,29.2,27.625999450683597,90.0,0.0,19.0,6.2,11.634958253226557,32.69048747596797
8558,29.5,27.625999450683597,90.0,0.0,19.2,5.8,13.23104229541591,33.469312688624775
8559,25.2,27.625999450683597,90.0,0.0,19.1,6.3,24.246689179146195,32.47400675374386
8560,25.8,27.625999450683597,90.0,0.0,19.8,5.9,16.17021833416253,30.65106550024876
8561,25.1,27.625999450683597,90.0,0.0,20.2,6.3,28.042768315079787,33.51283049452394
8562,28.1,27.625999450683597,90.0,0.0,19.7,6.3,29.38301080919997,36.91490324275999
8563,29.5,27.625999450683597,90.0,0.0,20.1,5.8,26.542544968786594,37.46276349063598
8564,29.7,27.625999450683597,90.0,0.0,20.9,5.9,27.602790394321122,37.980837118296336
8565,28.7,27.625999450683597,90.0,0.0,20.6,6.2,26.21261926028001,36.563785778084004
8566,25.5,27.625999450683597,90.0,0.0,21.0,6.3,10.399431919702574,28.61982957591077
8567,25.8,27.625999450683597,90.0,0.0,19.3,5.5,29.86614708977864,34.759844126933594
8568,28.0,27.625999450683597,90.0,0.0,20.4,5.5,27.489950475790966,36.24698514273729
8569,25.9,27.625999450683597,90.0,0.0,19.8,6.4,24.799189232371337,33.3397567697114
8570,26.5,27.625999450683597,90.0,0.0,20.5,5.8,18.227542111014934,31.96826263330448
8571,26.9,27.625999450683597,90.0,0.0,20.5,5.7,20.264454302686318,32.9793362908059
8572,26.5,27.625999450683597,90.0,0.0,19.7,6.0,29.80964341965202,35.44289302589561
8573,25.1,27.625999450683597,90.0,0.0,20.3,6.4,28.511706711041718,33.653512013312515
8574,29.9,27.625999450683597,90.0,0.0,20.8,5.9,15.556973041035251,34.56709191231057
8575,27.2,27.625999450683597,90.0,0.0,20.5,5.5,17.483676568067505,32.44510297042025
8576,28.8,27.625999450683597,90.0,0.0,19.6,5.5,17.276833107892227,33.98304993236767
8577,26.3,27.625999450683597,90.0,0.0,20.1,5.8,12.434044027390975,30.030213208217294
8578,29.0,27.625999450683597,90.0,0.0,20.8,6.0,21.24290400059259,35.37287120017778
8579,27.4,27.625999450683597,90.0,0.0,20.7,6.1,21.167758840693516,33.75032765220806
8580,28.3,27.22599983215332,91.0,0.0,21.0,5.7,20.6661373922284,34.49984121766852
8581,25.3,27.22599983215332,91.0,0.0,19.9,5.6,17.245366076784716,30.473609823035417
8582,26.8,27.22599983215332,91.0,0.0,20.7,6.2,19.47904254213948,32.64371276264185
8583,29.6,27.22599983215332,91.0,0.0,20.8,6.0,13.54903256329207,33.66470976898762
8584,30.0,27.22599983215332,91.0,0.0,19.9,5.8,23.23859618078805,36.97157885423641
8585,27.0,27.22599983215332,91.0,0.0,20.6,6.4,29.418288716374292,35.825486614912286
8586,27.6,27.22599983215332,91.0,0.0,19.9,6.1,16.178111157645887,32.45343334729377
8587,25.2,27.22599983215332,91.0,0.0,19.2,6.0,25.27175309261007,32.78152592778302
8588,26.0,27.22599983215332,91.0,0.0,20.4,6.3,17.154164189136893,31.14624925674107
8589,29.6,27.22599983215332,91.0,0.0,20.3,6.0,14.281306570454982,33.884391971136495
8590,27.8,27.22599983215332,91.0,0.0,19.9,5.8,19.63548235984247,33.69064470795274
8591,26.9,27.22599983215332,91.0,0.0,19.9,6.4,25.59705818580788,34.57911745574236
8592,26.2,27.22599983215332,91.0,0.0,20.5,6.4,22.5852385876345,32.97557157629035
8593,28.5,27.22599983215332,91.0,0.0,20.9,6.2,16.04160357283569,33.312481071850705
8594,27.9,27.22599983215332,91.0,0.0,19.1,6.4,27.403771568559453,36.12113147056783
8595,29.6,27.22599983215332,91.0,0.0,19.7,6.0,26.921355402329606,37.676406620698884
8596,28.5,27.22599983215332,91.0,0.0,19.3,5.8,18.03263523601091,33.909790570803274
8597,29.8,27.22599983215332,91.0,0.0,19.1,5.9,24.19978116778428,37.05993435033528
8598,27.9,27.22599983215332,91.0,0.0,20.0,5.6,11.426039813747586,31.327811944124274
8599,25.5,27.22599983215332,91.0,0.0,19.3,5.9,29.068313918717223,34.220494175615165
8600,27.0,27.22599983215332,91.0,0.0,20.0,5.9,24.80972737362704,34.44291821208811
8601,26.0,27.22599983215332,91.0,0.0,20.3,6.2,20.684725537003064,32.20541766110092
8602,27.7,27.22599983215332,91.0,0.0,20.3,6.2,12.652380928865163,31.49571427865955
8603,25.5,27.22599983215332,91.0,0.0,19.6,6.1,20.78893401739983,31.736680205219947
8604,27.9,27.22599983215332,91.0,0.0,19.9,6.1,18.611241447683923,33.483372434305174
8605,26.0,27.22599983215332,91.0,0.0,20.8,5.8,13.941621370886303,30.18248641126589
8606,29.0,27.22599983215332,91.0,0.0,19.6,5.9,24.72232757237626,36.416698271712875
8607,26.1,27.22599983215332,91.0,0.0,19.0,6.1,17.895933764526344,31.468780129357903
8608,27.1,27.22599983215332,91.0,0.0,20.2,5.6,16.764616706238733,32.12938501187162
8609,29.7,27.22599983215332,91.0,0.0,20.0,6.3,23.30740407331437,36.69222122199431
8610,27.2,27.22599983215332,91.0,0.0,19.7,5.7,20.82494801151321,33.44748440345396
8611,29.4,27.22599983215332,91.0,0.0,19.2,6.3,22.095279497347022,36.028583849204104
8612,25.4,27.22599983215332,91.0,0.0,20.0,5.6,26.370608411427376,33.311182523428215
8613,28.0,27.22599983215332,91.0,0.0,20.7,5.6,13.21846140211184,31.965538420633553
8614,28.7,27.22599983215332,91.0,0.0,19.1,6.3,19.44058045492795,34.53217413647838
8615,26.6,27.22599983215332,91.0,0.0,20.0,5.7,15.830983905298869,31.349295171589663
8616,25.3,27.22599983215332,91.0,0.0,20.9,5.8,11.745959004279495,28.823787701283848
8617,25.5,27.22599983215332,91.0,0.0,20.1,5.7,19.838534873381583,31.451560462014474
8618,27.7,27.22599983215332,91.0,0.0,20.8,5.9,28.013027257413647,36.10390817722409
8619,27.8,27.22599983215332,91.0,0.0,20.1,6.3,29.57534793569624,36.672604380708876
8620,29.4,27.22599983215332,91.0,0.0,19.9,6.3,28.8959945746153,38.06879837238459
8621,26.7,27.22599983215332,91.0,0.0,20.9,5.5,15.586637506153803,31.37599125184614
8622,26.3,27.22599983215332,91.0,0.0,20.1,5.9,10.545075310932425,29.463522593279727
8623,29.3,27.22599983215332,91.0,0.0,20.7,5.9,16.297012528093465,34.18910375842804
8624,29.9,27.22599983215332,91.0,0.0,20.5,6.1,29.50125356251139,38.75037606875341
8625,27.1,27.22599983215332,91.0,0.0,19.5,6.3,28.761696725855384,35.728509017756615
8626,29.5,27.22599983215332,91.0,0.0,20.8,6.3,14.803996685965439,33.94119900578963
8627,28.5,27.22599983215332,91.0,0.0,20.6,6.1,16.808519156718972,33.54255574701569
8628,25.2,27.22599983215332,91.0,0.0,20.3,6.4,17.81920719790966,30.5457621593729
8629,29.4,27.22599983215332,91.0,0.0,19.2,6.1,13.827815889712321,33.548344766913694
8630,28.2,27.22599983215332,91.0,0.0,19.9,5.7,11.475302235930512,31.642590670779153
8631,28.0,27.22599983215332,91.0,0.0,20.8,6.1,23.9664561740935,35.18993685222805
8632,28.0,27.22599983215332,91.0,0.0,20.1,6.2,19.20068884636985,33.760206653910956
8633,27.5,27.22599983215332,91.0,0.0,20.5,5.8,13.510647388144584,31.553194216443373
8634,28.1,27.22599983215332,91.0,0.0,20.7,5.6,16.239593339734732,32.97187800192042
8635,26.9,27.22599983215332,91.0,0.0,20.3,6.0,28.292381208631475,35.38771436258944
8636,25.7,27.22599983215332,91.0,0.0,20.6,6.1,23.588930977266077,32.776679293179825
8637,27.6,27.22599983215332,91.0,0.0,20.6,5.8,26.638914854213596,35.59167445626408
8638,28.6,27.22599983215332,91.0,0.0,20.8,6.5,22.5942102782525,35.37826308347575
8639,29.0,27.22599983215332,91.0,0.0,19.8,6.3,14.92371117559923,33.477113352679766
8640,27.4,26.875999450683597,92.0,0.0,19.3,6.2,11.192660080365398,30.75779802410962
8641,26.5,26.875999450683597,92.0,0.0,19.1,6.3,24.307034743179486,33.79211042295385
8642,27.5,26.875999450683597,92.0,0.0,19.1,5.8,13.759011301427407,31.627703390428223
8643,27.1,26.875999450683597,92.0,0.0,19.4,6.0,21.189899970416345,33.45696999112491
8644,28.2,26.875999450683597,92.0,0.0,19.8,5.7,10.693948381601333,31.4081845144804
8645,27.1,26.875999450683597,92.0,0.0,20.4,6.4,23.34910502587702,34.104731507763105
8646,26.9,26.875999450683597,92.0,0.0,19.6,5.9,25.89882480242321,34.66964744072696
8647,27.5,26.875999450683597,92.0,0.0,20.9,6.1,29.147112548145756,36.244133764443724
8648,27.5,26.875999450683597,92.0,0.0,19.1,5.7,16.50678337247639,32.452035011742915
8649,25.5,26.875999450683597,92.0,0.0,20.6,6.2,15.78504453287809,30.235513359863425
8650,25.0,26.875999450683597,92.0,0.0,20.4,6.5,12.026071758957581,28.607821527687275
8651,25.9,26.875999450683597,92.0,0.0,19.9,5.9,19.323613402009556,31.697084020602865
8652,26.9,26.875999450683597,92.0,0.0,20.1,5.6,16.041152686956345,31.7123458060869
8653,25.0,26.875999450683597,92.0,0.0,20.0,6.5,14.654831327715673,29.3964493983147
8654,26.7,26.875999450683597,92.0,0.0,19.8,6.2,27.08590914730473,34.82577274419142
8655,26.5,26.875999450683597,92.0,0.0,19.9,5.9,25.454599440740225,34.13637983222207
8656,27.6,26.875999450683597,92.0,0.0,20.2,6.3,22.186520150276213,34.25595604508287
8657,26.8,26.875999450683597,92.0,0.0,20.6,5.9,28.15507473696973,35.246522421090916
8658,27.3,26.875999450683597,92.0,0.0,19.6,6.3,15.110005543974381,31.833001663192313
8659,28.2,26.875999450683597,92.0,0.0,20.0,6.3,23.208919550667517,35.16267586520026
8660,26.4,26.875999450683597,92.0,0.0,19.7,6.1,25.086592004435616,33.925977601330686
8661,28.5,26.875999450683597,92.0,0.0,20.9,6.0,12.899680367260684,32.369904110178204
8662,26.7,26.875999450683597,92.0,0.0,19.3,6.0,27.801229269060602,35.04036878071818
8663,28.8,26.875999450683597,92.0,0.0,19.2,5.8,11.980612259198164,32.39418367775945
8664,29.9,26.875999450683597,92.0,0.0,19.8,6.0,12.479048322715085,33.643714496814525
8665,27.6,26.875999450683597,92.0,0.0,19.9,5.6,15.453879806535305,32.23616394196059
8666,26.0,26.875999450683597,92.0,0.0,20.6,6.2,16.392647267469634,30.91779418024089
8667,26.0,26.875999450683597,92.0,0.0,20.2,5.6,13.603478038955183,30.081043411686554
8668,28.9,26.875999450683597,92.0,0.0,20.2,5.8,13.463767995197083,32.93913039855912
8669,25.4,26.875999450683597,92.0,0.0,20.2,5.9,28.288214986936538,33.88646449608096
8670,28.0,26.875999450683597,92.0,0.0,19.2,6.2,26.744929210526195,36.023478763157854
8671,27.3,26.875999450683597,92.0,0.0,19.3,6.4,19.490174824604406,33.14705244738132
8672,26.4,26.875999450683597,92.0,0.0,19.5,6.5,29.36721358383971,35.21016407515191
8673,26.0,26.875999450683597,92.0,0.0,20.1,6.1,21.781862200771574,32.53455866023147
8674,27.4,26.875999450683597,92.0,0.0,19.1,5.8,24.891126161606564,34.86733784848197
8675,26.2,26.875999450683597,92.0,0.0,20.7,6.2,11.944957724596328,29.7834873173789
8676,27.2,26.875999450683597,92.0,0.0,19.7,6.0,14.383550830998503,31.51506524929955
8677,26.2,26.875999450683597,92.0,0.0,20.9,5.7,13.01675920072099,30.105027760216295
8678,25.7,26.875999450683597,92.0,0.0,20.6,5.8,19.431420025953443,31.529426007786032
8679,28.8,26.875999450683597,92.0,0.0,20.0,5.7,11.497055601362643,32.2491166804088
8680,27.2,26.875999450683597,92.0,0.0,20.9,6.5,15.292706364183225,31.787811909254966
8681,25.2,26.875999450683597,92.0,0.0,20.9,5.9,29.60714429698286,34.08214328909486
8682,27.8,26.875999450683597,92.0,0.0,19.9,5.9,26.285164316038728,35.68554929481162
8683,29.3,26.875999450683597,92.0,0.0,19.7,5.6,10.174628959449066,32.35238868783472
8684,25.6,26.875999450683597,92.0,0.0,20.1,6.5,18.010340506988964,31.00310215209669
8685,26.6,26.875999450683597,92.0,0.0,20.1,6.0,15.713827318357392,31.31414819550722
8686,27.5,26.875999450683597,92.0,0.0,19.8,5.6,17.260878250016326,32.6782634750049
8687,29.2,26.875999450683597,92.0,0.0,19.3,6.4,17.86138068198775,34.558414204596325
8688,29.2,26.875999450683597,92.0,0.0,20.9,6.3,22.63274903798294,35.98982471139488
8689,27.6,26.875999450683597,92.0,0.0,19.7,6.3,24.646798970553913,34.99403969116617
8690,27.8,26.875999450683597,92.0,0.0,20.6,6.3,21.45198696033186,34.235596088099555
8691,28.1,26.875999450683597,92.0,0.0,19.3,6.3,25.74534033080598,35.823602099241796
8692,25.8,26.875999450683597,92.0,0.0,20.0,6.5,13.305800031007198,29.79174000930216
8693,25.3,26.875999450683597,92.0,0.0,19.7,6.0,21.47430779335891,31.742292338007672
8694,29.0,26.875999450683597,92.0,0.0,20.3,5.8,13.971666904327511,33.19150007129825
8695,27.8,26.875999450683597,92.0,0.0,19.8,6.0,16.757559425219597,32.827267827565876
8696,25.6,26.875999450683597,92.0,0.0,20.7,5.8,26.580389499534824,33.574116849860445
8697,28.9,26.875999450683597,92.0,0.0,20.9,5.8,22.41658177153132,35.624974531459394
8698,25.0,26.875999450683597,92.0,0.0,20.3,5.6,15.54970488993803,29.66491146698141
8699,28.6,26.875999450683597,92.0,0.0,20.1,5.7,25.127153251801857,36.13814597554056
8700,25.4,26.57599830627441,93.0,0.0,19.2,5.7,12.515162135456979,29.154548640637092
8701,29.5,26.57599830627441,93.0,0.0,20.3,6.2,16.908211542667694,34.57246346280031
8702,29.6,26.57599830627441,93.0,0.0,20.0,6.4,28.00896514661573,38.00268954398472
8703,29.8,26.57599830627441,93.0,0.0,20.3,5.7,18.7022019163736,35.41066057491208
8704,27.4,26.57599830627441,93.0,0.0,19.5,6.1,17.80242503979742,32.74072751193923
8705,28.9,26.57599830627441,93.0,0.0,20.5,5.6,12.77723391592911,32.733170174778735
8706,28.7,26.57599830627441,93.0,0.0,19.2,6.1,11.961146362371306,32.28834390871139
8707,27.3,26.57599830627441,93.0,0.0,20.2,5.7,23.18670786616147,34.25601235984844
8708,26.7,26.57599830627441,93.0,0.0,20.3,6.1,23.286886934335733,33.68606608030072
8709,25.2,26.57599830627441,93.0,0.0,19.5,6.4,13.060401840892638,29.11812055226779
8710,29.5,26.57599830627441,93.0,0.0,20.1,6.3,19.95358443971769,35.48607533191531
8711,25.7,26.57599830627441,93.0,0.0,19.3,6.0,15.67375781581921,30.40212734474576
8712,28.1,26.57599830627441,93.0,0.0,20.7,5.8,24.775667616783835,35.53270028503515
8713,29.9,26.57599830627441,93.0,0.0,20.3,5.7,14.596735386759285,34.279020616027786
8714,28.7,26.57599830627441,93.0,0.0,20.7,5.7,28.94781423321174,37.38434426996352
8715,27.5,26.57599830627441,93.0,0.0,20.4,6.0,11.183553352493913,30.855066005748174
8716,29.7,26.57599830627441,93.0,0.0,20.6,5.5,18.07491222572898,35.122473667718694
8717,27.0,26.57599830627441,93.0,0.0,20.5,6.0,24.75275337317207,34.42582601195162
8718,25.3,26.57599830627441,93.0,0.0,20.7,5.9,26.944478279091268,33.38334348372738
8719,29.6,26.57599830627441,93.0,0.0,19.1,6.3,15.635864849742608,34.290759454922785
8720,25.6,26.57599830627441,93.0,0.0,20.8,5.7,18.34105368823552,31.102316106470656
8721,29.5,26.57599830627441,93.0,0.0,20.4,6.4,22.727220364808282,36.31816610944249
8722,25.7,26.57599830627441,93.0,0.0,19.4,6.1,14.596399518451049,30.078919855535315
8723,25.5,26.57599830627441,93.0,0.0,20.5,6.0,26.636096172536362,33.49082885176091
8724,26.1,26.57599830627441,93.0,0.0,20.2,6.1,28.067569837328826,34.52027095119865
8725,27.5,26.57599830627441,93.0,0.0,20.2,5.6,19.20043351762616,33.260130055287846
8726,26.0,26.57599830627441,93.0,0.0,20.5,5.9,15.890401006386822,30.767120301916044
8727,29.1,26.57599830627441,93.0,0.0,20.2,6.0,22.181171179312496,35.75435135379375
8728,28.9,26.57599830627441,93.0,0.0,20.4,6.5,28.296682552654275,37.38900476579628
8729,25.1,26.57599830627441,93.0,0.0,19.7,6.4,15.768630450430976,29.830589135129294
8730,25.6,26.57599830627441,93.0,0.0,20.6,5.7,27.15940851483133,33.7478225544494
8731,29.6,26.57599830627441,93.0,0.0,20.2,5.6,24.015574513715215,36.804672354114565
8732,29.1,26.57599830627441,93.0,0.0,20.5,5.7,18.792990149297342,34.73789704478921
8733,25.8,26.57599830627441,93.0,0.0,19.5,6.2,18.04315814114309,31.212947442342927
8734,27.6,26.57599830627441,93.0,0.0,20.5,5.6,14.496535822510273,31.948960746753084
8735,29.4,26.57599830627441,93.0,0.0,20.8,6.2,16.943930947525836,34.48317928425775
8736,26.3,26.57599830627441,93.0,0.0,20.1,5.8,20.67336611378729,32.50200983413619
8737,25.7,26.57599830627441,93.0,0.0,19.4,6.2,10.804377168985376,28.941313150695613
8738,26.4,26.57599830627441,93.0,0.0,19.4,6.4,26.05113418660913,34.21534025598274
8739,28.0,26.57599830627441,93.0,0.0,19.7,6.0,20.100079435284176,34.03002383058525
8740,28.3,26.57599830627441,93.0,0.0,20.9,5.6,12.134656263771863,31.94039687913156
8741,25.2,26.57599830627441,93.0,0.0,19.7,6.4,21.831283359033513,31.749385007710053
8742,25.6,26.57599830627441,93.0,0.0,20.5,5.5,20.590737177398196,31.77722115321946
8743,27.4,26.57599830627441,93.0,0.0,19.3,6.3,22.423849582240955,34.127154874672286
8744,25.9,26.57599830627441,93.0,0.0,19.1,6.4,15.999763575905995,30.699929072771795
8745,29.5,26.57599830627441,93.0,0.0,19.3,5.6,24.286176127582088,36.78585283827463
8746,27.6,26.57599830627441,93.0,0.0,20.1,5.9,15.339217542685981,32.20176526280579
8747,29.2,26.57599830627441,93.0,0.0,19.3,6.3,26.958827490888723,37.28764824726662
8748,29.8,26.57599830627441,93.0,0.0,19.8,5.9,28.553181332773867,38.36595439983216
8749,25.7,26.57599830627441,93.0,0.0,19.1,6.4,27.287468234651733,33.88624047039552
8750,30.0,26.57599830627441,93.0,0.0,19.7,5.6,24.080562528686436,37.22416875860593
8751,29.3,26.57599830627441,93.0,0.0,20.8,6.5,22.824154570037706,36.14724637101131
8752,29.9,26.57599830627441,93.0,0.0,20.6,5.6,26.681362071395085,37.904408621418526
8753,25.4,26.57599830627441,93.0,0.0,19.7,5.6,13.95460587107128,29.586381761321384
8754,28.7,26.57599830627441,93.0,0.0,20.5,5.8,23.718499867151564,35.81554996014547
8755,28.1,26.57599830627441,93.0,0.0,20.6,5.6,26.895231062624312,36.16856931878729
8756,27.5,26.57599830627441,93.0,0.0,20.5,6.4,22.146871829381663,34.1440615488145
8757,26.1,26.57599830627441,93.0,0.0,20.2,6.5,26.84398453057201,34.153195359171605
8758,26.6,26.57599830627441,93.0,0.0,20.1,6.1,21.686048200549948,33.105814460164986
8759,27.1,26.57599830627441,93.0,0.0,20.6,5.9,16.225260615074784,31.967578184522438
8760,26.1,26.32599830627441,94.0,0.0,20.0,5.8,14.91027885996668,30.573083657990004
8761,28.2,26.32599830627441,94.0,0.0,20.4,6.1,18.016270081667503,33.60488102450025
8762,28.8,26.32599830627441,94.0,0.0,20.7,5.7,24.38464429321778,36.11539328796533
8763,25.7,26.32599830627441,94.0,0.0,20.0,6.4,16.6367770966453,30.69103312899359
8764,27.4,26.32599830627441,94.0,0.0,20.8,5.9,28.893338979323907,36.06800169379717
8765,25.1,26.32599830627441,94.0,0.0,19.4,6.2,24.212024976692604,32.363607493007784
8766,29.4,26.32599830627441,94.0,0.0,19.2,5.9,18.61688807642848,34.98506642292854
8767,26.3,26.32599830627441,94.0,0.0,20.7,5.8,27.084286750053653,34.42528602501609
8768,26.1,26.32599830627441,94.0,0.0,19.8,6.4,25.119133947544462,33.63574018426334
8769,27.8,26.32599830627441,94.0,0.0,20.1,6.0,28.560415091070116,36.36812452732104
8770,27.7,26.32599830627441,94.0,0.0,19.4,5.7,24.013318447476966,34.90399553424309
8771,27.6,26.32599830627441,94.0,0.0,20.6,5.6,25.011271256091725,35.10338137682752
8772,27.7,26.32599830627441,94.0,0.0,20.7,6.0,15.023083763790089,32.206925129137026
8773,27.9,26.32599830627441,94.0,0.0,20.6,6.3,23.384814371448442,34.915444311434534
8774,29.8,26.32599830627441,94.0,0.0,19.4,6.5,13.721185541383354,33.91635566241501
8775,26.3,26.32599830627441,94.0,0.0,20.7,5.9,12.404203896574016,30.021261168972206
8776,26.8,26.32599830627441,94.0,0.0,20.4,6.3,21.14129759706291,33.14238927911887
8777,27.1,26.32599830627441,94.0,0.0,19.4,6.1,23.209518599044163,34.06285557971325
8778,26.9,26.32599830627441,94.0,0.0,19.6,6.3,15.36660418797152,31.509981256391455
8779,25.8,26.32599830627441,94.0,0.0,20.8,6.2,23.10868895005858,32.73260668501757
8780,27.4,26.32599830627441,94.0,0.0,20.3,6.5,28.539419372497726,35.961825811749314
8781,29.4,26.32599830627441,94.0,0.0,19.0,6.4,27.13848337361772,37.541545012085315
8782,26.9,26.32599830627441,94.0,0.0,20.5,6.4,26.14150264183474,34.74245079255042
8783,26.2,26.32599830627441,94.0,0.0,19.5,5.7,28.75151954820605,34.825455864461816
8784,27.4,26.32599830627441,94.0,0.0,20.5,5.7,27.89060793075521,35.76718237922656
8785,25.3,26.32599830627441,94.0,0.0,19.0,5.9,13.925247714449778,29.477574314334934
8786,26.3,26.32599830627441,94.0,0.0,19.2,5.8,29.83458615526294,35.25037584657888
8787,26.7,26.32599830627441,94.0,0.0,19.1,6.5,10.215021265371803,29.76450637961154
8788,29.3,26.32599830627441,94.0,0.0,19.3,6.3,17.755860687471902,34.62675820624157
8789,26.3,26.32599830627441,94.0,0.0,19.6,6.5,26.122650568835713,34.136795170650714
8790,27.1,26.32599830627441,94.0,0.0,19.2,6.1,10.717047340498716,30.315114202149616
8791,26.2,26.32599830627441,94.0,0.0,20.4,6.1,17.24839837452042,31.374519512356123
8792,29.8,26.32599830627441,94.0,0.0,20.5,6.1,12.794396168775389,33.638318850632615
8793,25.1,26.32599830627441,94.0,0.0,19.7,6.2,13.43496464300683,29.13048939290205
8794,27.4,26.32599830627441,94.0,0.0,21.0,5.5,17.633646528223935,32.69009395846718
8795,29.7,26.32599830627441,94.0,0.0,19.3,6.3,17.822053672871643,35.04661610186149
8796,28.8,26.32599830627441,94.0,0.0,19.8,6.1,23.78622497182704,35.93586749154811
8797,27.3,26.32599830627441,94.0,0.0,19.8,5.6,15.820274255052372,32.04608227651571
8798,27.9,26.32599830627441,94.0,0.0,19.7,6.1,18.16240003796345,33.348720011389034
8799,27.4,26.32599830627441,94.0,0.0,19.7,5.9,15.897430716270602,32.16922921488118
8800,28.7,26.32599830627441,94.0,0.0,20.0,6.2,12.674821888292184,32.502446566487656
8801,25.2,26.32599830627441,94.0,0.0,20.2,5.8,17.635344544993927,30.490603363498177
8802,29.5,26.32599830627441,94.0,0.0,20.7,6.3,29.87623452065394,38.462870356196184
8803,29.4,26.32599830627441,94.0,0.0,19.1,6.3,14.461577833651022,33.738473350095305
8804,28.6,26.32599830627441,94.0,0.0,20.5,6.4,18.892330847370292,34.26769925421109
8805,25.0,26.32599830627441,94.0,0.0,19.2,6.3,28.526741099740576,33.558022329922174
8806,27.7,26.32599830627441,94.0,0.0,20.8,5.9,22.081332331357295,34.32439969940719
8807,27.2,26.32599830627441,94.0,0.0,20.2,6.3,27.98314991642307,35.59494497492692
8808,27.3,26.32599830627441,94.0,0.0,20.8,5.5,11.654953656580407,30.79648609697412
8809,26.5,26.32599830627441,94.0,0.0,19.7,5.8,27.610221777228613,34.78306653316858
8810,29.3,26.32599830627441,94.0,0.0,20.4,6.1,12.358464977227424,33.007539493168224
8811,27.0,26.32599830627441,94.0,0.0,20.8,6.3,21.461931195169377,33.43857935855081
8812,28.4,26.32599830627441,94.0,0.0,20.8,6.2,15.733878321959143,33.12016349658774
8813,26.5,26.32599830627441,94.0,0.0,20.9,6.3,24.883584622550032,33.96507538676501
8814,26.3,26.32599830627441,94.0,0.0,19.2,6.3,19.145487066084684,32.043646119825404
8815,26.8,26.32599830627441,94.0,0.0,20.3,5.9,26.51508539036041,34.75452561710812
8816,27.3,26.32599830627441,94.0,0.0,19.8,6.5,20.93911694889155,33.581735084667464
8817,29.1,26.32599830627441,94.0,0.0,20.6,6.3,22.73254582892212,35.91976374867664
8818,26.6,26.32599830627441,94.0,0.0,19.5,6.0,11.994570519376566,30.19837115581297
8819,27.6,26.32599830627441,94.0,0.0,20.2,5.7,10.89926854629159,30.869780563887478
8820,26.2,26.07599830627441,94.0,0.0,19.9,6.1,13.784184636965325,30.335255391089596
8821,29.8,26.07599830627441,94.0,0.0,20.0,6.2,29.825418932193735,38.74762567965812
8822,29.3,26.07599830627441,94.0,0.0,20.0,6.0,26.913249875342633,37.37397496260279
8823,27.2,26.07599830627441,94.0,0.0,20.2,6.1,27.164001959905747,35.34920058797172
8824,25.2,26.07599830627441,94.0,0.0,19.3,6.1,24.365344663538906,32.509603399061675
8825,25.3,26.07599830627441,94.0,0.0,20.6,5.5,22.639680537618517,32.091904161285555
8826,30.0,26.07599830627441,94.0,0.0,20.7,6.1,12.15637997562223,33.64691399268667
8827,29.1,26.07599830627441,94.0,0.0,20.0,6.2,13.66087824512711,33.198263473538134
8828,26.1,26.07599830627441,94.0,0.0,19.4,5.9,15.909527414275948,30.872858224282787
8829,27.7,26.07599830627441,94.0,0.0,20.5,5.9,16.319828765940024,32.59594862978201
8830,28.4,26.07599830627441,94.0,0.0,19.4,6.2,27.67604478506339,36.70281343551902
8831,28.4,26.07599830627441,94.0,0.0,20.3,5.7,15.796779535299315,33.13903386058979
8832,28.3,26.07599830627441,94.0,0.0,19.6,6.5,20.052650950912437,34.31579528527373
8833,26.0,26.07599830627441,94.0,0.0,19.0,6.2,22.475655333695236,32.74269660010857
8834,25.5,26.07599830627441,94.0,0.0,19.1,5.9,24.795976970933857,32.93879309128016
8835,28.5,26.07599830627441,94.0,0.0,19.1,5.7,17.998653292879624,33.89959598786389
8836,27.9,26.07599830627441,94.0,0.0,20.0,6.2,14.852871019545937,32.35586130586378
8837,25.9,26.07599830627441,94.0,0.0,20.9,6.0,22.531735573313732,32.659520671994116
8838,28.2,26.07599830627441,94.0,0.0,19.7,5.7,14.592160590530517,32.577648177159155
8839,29.8,26.07599830627441,94.0,0.0,20.3,5.5,14.096380370398833,34.02891411111965
8840,28.8,26.07599830627441,94.0,0.0,20.0,6.4,12.232220484061775,32.46966614521853
8841,27.2,26.07599830627441,94.0,0.0,19.3,6.3,14.437904965189947,31.53137148955698
8842,25.6,26.07599830627441,94.0,0.0,20.4,6.1,20.888272120289095,31.86648163608673
8843,27.1,26.07599830627441,94.0,0.0,20.7,5.6,27.489011615754436,35.34670348472633
8844,28.6,26.07599830627441,94.0,0.0,20.6,6.4,14.81023873869952,33.043071621609855
8845,27.6,26.07599830627441,94.0,0.0,20.4,5.7,19.933390892193746,33.58001726765812
8846,25.6,26.07599830627441,94.0,0.0,19.4,5.9,21.194530691583722,31.95835920747512
8847,26.7,26.07599830627441,94.0,0.0,20.3,6.1,14.110403151476582,30.933120945442973
8848,25.1,26.07599830627441,94.0,0.0,20.4,5.9,23.3210106654397,32.09630319963191
8849,28.8,26.07599830627441,94.0,0.0,20.0,5.8,15.099991766224004,33.3299975298672
8850,28.2,26.07599830627441,94.0,0.0,20.1,5.8,11.233603924207316,31.570081177262193
8851,29.3,26.07599830627441,94.0,0.0,19.1,5.6,14.478939709969062,33.64368191299072
8852,27.0,26.07599830627441,94.0,0.0,20.4,6.5,22.68113127807852,33.80433938342355
8853,29.2,26.07599830627441,94.0,0.0,19.6,5.6,24.52291485630959,36.55687445689288
8854,26.4,26.07599830627441,94.0,0.0,20.4,6.1,20.90021927797705,32.67006578339311
8855,29.3,26.07599830627441,94.0,0.0,20.4,5.9,29.502814331107217,38.150844299332164
8856,26.6,26.07599830627441,94.0,0.0,21.0,6.4,26.14929796593139,34.444789389779416
8857,29.8,26.07599830627441,94.0,0.0,19.3,5.7,22.909441190684046,36.672832357205216
8858,29.8,26.07599830627441,94.0,0.0,19.0,5.6,12.947185602936216,33.68415568088086
8859,28.9,26.07599830627441,94.0,0.0,20.2,5.6,26.70237966142499,36.910713898427495
8860,26.7,26.07599830627441,94.0,0.0,20.2,6.3,11.940717226253007,30.2822151678759
8861,25.7,26.07599830627441,94.0,0.0,20.0,5.7,11.872616735102815,29.261785020530844
8862,29.8,26.07599830627441,94.0,0.0,19.6,5.6,24.589935731614336,37.1769807194843
8863,29.6,26.07599830627441,94.0,0.0,19.4,5.7,19.70682514771839,35.51204754431552
8864,29.1,26.07599830627441,94.0,0.0,19.4,6.0,27.145411453715415,37.243623436114625
8865,28.5,26.07599830627441,94.0,0.0,19.1,6.0,14.968676028297638,32.99060280848929
8866,26.0,26.07599830627441,94.0,0.0,19.9,5.8,28.29933974736334,34.489801924209004
8867,27.2,26.07599830627441,94.0,0.0,19.7,6.2,12.52908463494708,30.958725390484123
8868,29.7,26.07599830627441,94.0,0.0,20.6,6.3,14.002247369752514,33.90067421092575
8869,27.6,26.07599830627441,94.0,0.0,20.9,5.9,11.350455786567679,31.005136735970304
8870,27.2,26.07599830627441,94.0,0.0,20.3,5.9,11.385432370667687,30.615629711200306
8871,28.7,26.07599830627441,94.0,0.0,19.1,5.9,24.0864524764512,35.92593574293536
8872,25.9,26.07599830627441,94.0,0.0,20.3,6.2,23.441396327417117,32.93241889822514
8873,26.4,26.07599830627441,94.0,0.0,20.3,6.4,26.410818884443668,34.3232456653331
8874,27.0,26.07599830627441,94.0,0.0,19.3,6.5,23.760092957202467,34.12802788716074
8875,29.2,26.07599830627441,94.0,0.0,19.8,5.7,17.709150512611885,34.51274515378356
8876,28.7,26.07599830627441,94.0,0.0,19.7,5.7,21.20490031425586,35.06147009427676
8877,27.5,26.07599830627441,94.0,0.0,20.3,5.5,10.313517705849131,30.59405531175474
8878,26.2,26.07599830627441,94.0,0.0,19.6,5.9,25.147872344498154,33.74436170334945
8879,25.3,26.07599830627441,94.0,0.0,19.1,6.4,15.25908777166552,29.877726331499655
8880,29.1,26.025999069213867,94.0,0.0,19.4,6.0,18.24248450026479,34.57274535007944
8881,25.4,26.025999069213867,94.0,0.0,20.2,5.8,15.73969803899356,30.121909411698066
8882,29.1,26.025999069213867,94.0,0.0,19.9,5.6,11.89347231323457,32.66804169397037
8883,28.5,26.025999069213867,94.0,0.0,20.7,5.9,17.66508896710523,33.79952669013157
8884,27.5,26.025999069213867,94.0,0.0,20.9,5.9,22.819404583021242,34.34582137490637
8885,27.1,26.025999069213867,94.0,0.0,19.3,5.6,22.774243579402363,33.93227307382071
8886,28.4,26.025999069213867,94.0,0.0,20.5,6.4,12.264506621903461,32.079351986571034
8887,29.3,26.025999069213867,94.0,0.0,19.9,5.6,14.11976305581332,33.535928916744
8888,25.3,26.025999069213867,94.0,0.0,20.5,5.7,16.9519056462975,30.38557169388925
8889,29.3,26.025999069213867,94.0,0.0,20.9,5.7,27.26024202416351,37.478072607249054
8890,26.6,26.025999069213867,94.0,0.0,19.9,6.0,17.54263499719729,31.86279049915919
8891,28.4,26.025999069213867,94.0,0.0,19.2,5.8,11.17622949790789,31.752868849372366
8892,27.0,26.025999069213867,94.0,0.0,20.5,6.1,20.29613597493271,33.088840792479814
8893,26.0,26.025999069213867,94.0,0.0,20.1,6.3,27.519803015195524,34.255940904558656
8894,29.0,26.025999069213867,94.0,0.0,19.7,6.1,18.64661669455152,34.59398500836546
8895,27.8,26.025999069213867,94.0,0.0,19.7,6.3,28.954834651062523,36.486450395318755
8896,29.7,26.025999069213867,94.0,0.0,19.6,6.4,11.408987761646392,33.122696328493916
8897,28.8,26.025999069213867,94.0,0.0,20.8,5.9,11.445650465518227,32.23369513965547
8898,29.1,26.025999069213867,94.0,0.0,19.9,6.0,21.70633831235797,35.61190149370739
8899,29.8,26.025999069213867,94.0,0.0,19.1,6.2,17.828311755924503,35.14849352677735
8900,25.9,26.025999069213867,94.0,0.0,19.6,5.6,19.856406066491083,31.856921819947324
8901,29.8,26.025999069213867,94.0,0.0,20.4,6.3,19.458483174661556,35.637544952398464
8902,25.3,26.025999069213867,94.0,0.0,20.5,5.8,13.169682672362066,29.25090480170862
8903,29.8,26.025999069213867,94.0,0.0,20.8,6.4,26.843438543408553,37.85303156302257
8904,27.6,26.025999069213867,94.0,0.0,19.1,5.9,15.093497670458373,32.128049301137516
8905,26.4,26.025999069213867,94.0,0.0,21.0,5.6,11.831448062462522,29.949434418738754
8906,29.3,26.025999069213867,94.0,0.0,21.0,5.6,20.521175768310613,35.45635273049319
8907,28.3,26.025999069213867,94.0,0.0,19.6,5.7,18.790398799494106,33.937119639848234
8908,27.9,26.025999069213867,94.0,0.0,20.0,6.0,10.812875234658506,31.143862570397552
8909,27.0,26.025999069213867,94.0,0.0,19.7,5.8,15.69958615242712,31.709875845728135
8910,27.4,26.025999069213867,94.0,0.0,20.4,5.7,21.415232900170324,33.82456987005109
8911,25.2,26.025999069213867,94.0,0.0,19.3,6.0,29.694625501074256,34.10838765032228
8912,29.5,26.025999069213867,94.0,0.0,20.2,5.6,21.486963922452865,35.94608917673586
8913,25.7,26.025999069213867,94.0,0.0,19.1,5.7,13.94699550647238,29.884098651941713
8914,27.7,26.025999069213867,94.0,0.0,19.7,5.8,25.540608271345036,35.36218248140351
8915,29.1,26.025999069213867,94.0,0.0,19.7,6.1,27.41427776153462,37.32428332846039
8916,29.1,26.025999069213867,94.0,0.0,20.8,6.0,27.523411258334992,37.3570233775005
8917,30.0,26.025999069213867,94.0,0.0,19.4,6.2,24.927137532496836,37.47814125974905
8918,26.3,26.025999069213867,94.0,0.0,19.0,6.1,12.950094120269393,30.185028236080818
8919,26.1,26.025999069213867,94.0,0.0,20.7,6.4,27.62804958003729,34.38841487401119
8920,27.2,26.025999069213867,94.0,0.0,19.1,6.5,23.321427033176214,34.19642810995286
8921,27.7,26.025999069213867,94.0,0.0,19.2,6.2,27.046232024110072,35.813869607233016
8922,29.7,26.025999069213867,94.0,0.0,20.3,5.7,18.41648075074148,35.224944225222444
8923,27.2,26.025999069213867,94.0,0.0,20.6,5.9,12.943899191643336,31.083169757493
8924,25.4,26.025999069213867,94.0,0.0,20.7,5.7,19.906310660683445,31.371893198205033
8925,26.7,26.025999069213867,94.0,0.0,20.9,6.5,13.288298566814623,30.686489570044387
8926,29.8,26.025999069213867,94.0,0.0,20.7,6.1,22.481160100824873,36.54434803024746
8927,27.9,26.025999069213867,94.0,0.0,19.5,6.1,20.91322262155064,34.17396678646519
8928,26.1,26.025999069213867,94.0,0.0,20.6,6.2,28.918994914556514,34.775698474366955
8929,26.7,26.025999069213867,94.0,0.0,20.1,5.9,11.497144653661316,30.149143396098395
8930,25.7,26.025999069213867,94.0,0.0,19.6,6.1,23.10098197654138,32.630294592962414
8931,28.9,26.025999069213867,94.0,0.0,20.2,6.0,15.510490284631572,33.55314708538947
8932,28.4,26.025999069213867,94.0,0.0,19.6,6.3,10.068878249247327,31.420663474774198
8933,26.9,26.025999069213867,94.0,0.0,19.6,6.1,24.27003545754947,34.18101063726484
8934,29.5,26.025999069213867,94.0,0.0,20.0,6.4,14.022759937059028,33.70682798111771
8935,28.4,26.025999069213867,94.0,0.0,19.0,6.1,11.366777089892564,31.810033126967767
8936,25.3,26.025999069213867,94.0,0.0,19.8,5.6,18.48447610045566,30.845342830136698
8937,29.3,26.025999069213867,94.0,0.0,20.3,6.4,19.064621470624985,35.01938644118749
8938,25.8,26.025999069213867,94.0,0.0,20.1,6.2,17.978132777249602,31.19343983317488
8939,29.9,26.025999069213867,94.0,0.0,20.0,6.3,24.518597699147005,37.2555793097441
8940,28.5,26.07599830627441,94.0,0.0,19.8,5.6,10.983902390675361,31.79517071720261
8941,29.8,26.07599830627441,94.0,0.0,19.6,6.2,21.280739186588676,36.1842217559766
8942,26.6,26.07599830627441,94.0,0.0,19.6,6.0,23.152529034579494,33.545758710373846
8943,27.9,26.07599830627441,94.0,0.0,20.9,5.7,15.563749681943083,32.56912490458292
8944,26.2,26.07599830627441,94.0,0.0,21.0,6.3,15.16317683252611,30.74895304975783
8945,26.9,26.07599830627441,94.0,0.0,19.4,6.5,18.296559020698623,32.388967706209584
8946,28.7,26.07599830627441,94.0,0.0,19.9,5.9,14.527312502290679,33.0581937506872
8947,26.5,26.07599830627441,94.0,0.0,20.3,5.6,15.266637523284901,31.07999125698547
8948,28.1,26.07599830627441,94.0,0.0,20.9,6.1,18.2608857795139,33.578265733854174
8949,26.6,26.07599830627441,94.0,0.0,21.0,5.9,19.4274630684029,32.42823892052087
8950,28.1,26.07599830627441,94.0,0.0,19.3,5.5,27.50825192173673,36.352475576521016
8951,25.4,26.07599830627441,94.0,0.0,20.8,5.7,15.426708747490192,30.028012624247054
8952,27.5,26.07599830627441,94.0,0.0,19.3,5.8,24.90922695150632,34.9727680854519
8953,25.4,26.07599830627441,94.0,0.0,20.4,5.6,20.672192631123462,31.601657789337036
8954,27.2,26.07599830627441,94.0,0.0,19.7,5.6,22.911213041361407,34.073363912408425
8955,28.5,26.07599830627441,94.0,0.0,19.1,5.9,16.264725811530734,33.37941774345922
8956,29.1,26.07599830627441,94.0,0.0,20.5,5.9,27.468554200142876,37.34056626004286
8957,28.2,26.07599830627441,94.0,0.0,19.0,5.6,22.958991303913578,35.087697391174075
8958,29.9,26.07599830627441,94.0,0.0,20.9,5.8,24.342275605382632,37.20268268161479
8959,26.9,26.07599830627441,94.0,0.0,19.7,6.4,17.441423309187744,32.13242699275632
8960,25.4,26.07599830627441,94.0,0.0,19.6,6.4,28.875163648313833,34.062549094494145
8961,27.9,26.07599830627441,94.0,0.0,20.8,5.7,13.193267136930494,31.857980141079146
8962,29.7,26.07599830627441,94.0,0.0,20.9,5.9,14.936922628151956,34.18107678844559
8963,29.7,26.07599830627441,94.0,0.0,19.4,5.5,24.73046658480334,37.119139975441
8964,27.0,26.07599830627441,94.0,0.0,19.8,6.3,27.84407475131441,35.35322242539432
8965,25.0,26.07599830627441,94.0,0.0,19.8,5.7,22.29836285314542,31.689508855943625
8966,28.6,26.07599830627441,94.0,0.0,19.6,5.7,17.40588097459909,33.821764292379726
8967,25.6,26.07599830627441,94.0,0.0,19.5,6.3,29.2142578319948,34.36427734959844
8968,29.4,26.07599830627441,94.0,0.0,19.4,6.4,12.511024254526308,33.15330727635789
8969,26.1,26.07599830627441,94.0,0.0,19.1,6.3,15.507281381746289,30.75218441452389
8970,27.3,26.07599830627441,94.0,0.0,20.4,6.2,10.73370818901602,30.52011245670481
8971,26.9,26.07599830627441,94.0,0.0,19.7,6.4,18.515367116585143,32.45461013497554
8972,28.8,26.07599830627441,94.0,0.0,20.1,6.1,21.542543305071973,35.26276299152159
8973,29.1,26.07599830627441,94.0,0.0,20.4,6.2,10.334086681754556,32.20022600452637
8974,25.1,26.07599830627441,94.0,0.0,19.8,6.0,13.582199590242713,29.174659877072816
8975,25.5,26.07599830627441,94.0,0.0,21.0,6.3,21.46866186474741,31.940598559424224
8976,26.0,26.07599830627441,94.0,0.0,19.7,6.3,29.600200997358193,34.88006029920746
8977,26.6,26.07599830627441,94.0,0.0,19.8,5.7,11.93133703245426,30.17940110973628
8978,29.3,26.07599830627441,94.0,0.0,19.3,5.7,11.361573257504922,32.70847197725148
8979,27.6,26.07599830627441,94.0,0.0,19.2,5.9,26.516499097248158,35.554949729174446
8980,25.1,26.07599830627441,94.0,0.0,19.4,5.6,18.941311208607615,30.782393362582287
8981,26.4,26.07599830627441,94.0,0.0,20.5,5.9,12.66245950707525,30.198737852122573
8982,29.8,26.07599830627441,94.0,0.0,20.1,6.3,28.144355846607187,38.243306753982154
8983,28.2,26.07599830627441,94.0,0.0,20.6,5.9,25.84625450538101,35.953876351614305
8984,25.3,26.07599830627441,94.0,0.0,19.4,6.3,12.141184055048393,28.942355216514517
8985,27.5,26.07599830627441,94.0,0.0,19.2,5.9,10.743454842113067,30.72303645263392
8986,26.3,26.07599830627441,94.0,0.0,19.2,6.3,18.573349773400075,31.872004932020022
8987,29.1,26.07599830627441,94.0,0.0,20.7,6.1,15.919417746842882,33.87582532405287
8988,28.2,26.07599830627441,94.0,0.0,19.5,6.5,26.151228331180107,36.04536849935403
8989,29.5,26.07599830627441,94.0,0.0,19.4,5.9,18.528715709682395,35.05861471290472
8990,26.9,26.07599830627441,94.0,0.0,20.4,5.7,20.817913114164668,33.1453739342494
8991,29.2,26.07599830627441,94.0,0.0,20.2,6.2,22.98705966196937,36.09611789859081
8992,27.8,26.07599830627441,94.0,0.0,20.2,6.1,24.40161118476592,35.120483355429776
8993,26.6,26.07599830627441,94.0,0.0,20.1,6.1,10.743329887834875,29.822998966350465
8994,29.0,26.07599830627441,94.0,0.0,21.0,6.5,29.302546749892663,37.7907640249678
8995,27.4,26.07599830627441,94.0,0.0,20.1,6.1,24.37176374814532,34.711529124443594
8996,28.7,26.07599830627441,94.0,0.0,20.8,5.6,24.027941308413553,35.90838239252406
8997,28.8,26.07599830627441,94.0,0.0,19.5,6.0,22.784625310387305,35.63538759311619
8998,29.0,26.07599830627441,94.0,0.0,20.3,5.6,11.680883766003216,32.50426512980096
8999,28.4,26.07599830627441,94.0,0.0,19.3,6.0,21.593491721278642,34.87804751638359
9000,26.6,26.22599983215332,94.0,0.0,20.8,6.2,25.056983779873917,34.117095133962174
9001,26.7,26.22599983215332,94.0,0.0,20.6,6.2,13.924400174648593,30.877320052394577
9002,25.8,26.22599983215332,94.0,0.0,20.1,6.3,21.3917801950119,32.217534058503574
9003,25.8,26.22599983215332,94.0,0.0,20.2,5.9,27.679078552817664,34.1037235658453
9004,26.9,26.22599983215332,94.0,0.0,19.1,5.7,16.77071253743996,31.931213761231987
9005,26.6,26.22599983215332,94.0,0.0,20.2,6.3,13.532429453131975,30.659728835939593
9006,25.4,26.22599983215332,94.0,0.0,20.3,6.4,18.738393572103647,31.021518071631093
9007,28.5,26.22599983215332,94.0,0.0,19.3,6.1,11.32897193960652,31.898691581881955
9008,27.0,26.22599983215332,94.0,0.0,19.7,5.8,20.10361226995287,33.03108368098586
9009,28.5,26.22599983215332,94.0,0.0,19.0,5.6,26.228577734071987,36.36857332022159
9010,26.0,26.22599983215332,94.0,0.0,20.5,6.3,26.20449557918638,33.86134867375591
9011,30.0,26.22599983215332,94.0,0.0,20.4,5.7,20.33073949222232,36.0992218476667
9012,26.3,26.22599983215332,94.0,0.0,19.5,5.6,15.719871143257585,31.015961342977278
9013,27.8,26.22599983215332,94.0,0.0,19.9,6.1,20.339859689729963,33.90195790691899
9014,28.3,26.22599983215332,94.0,0.0,20.2,6.1,19.064095021223128,34.019228506366936
9015,29.9,26.22599983215332,94.0,0.0,20.4,6.0,16.450974103260627,34.83529223097818
9016,25.4,26.22599983215332,94.0,0.0,19.3,6.2,20.26375879611974,31.47912763883592
9017,25.1,26.22599983215332,94.0,0.0,21.0,5.8,21.76264538654896,31.62879361596469
9018,26.5,26.22599983215332,94.0,0.0,20.9,5.9,29.95543194578073,35.48662958373422
9019,29.7,26.22599983215332,94.0,0.0,20.8,6.0,13.790135343433818,33.83704060303015
9020,26.5,26.22599983215332,94.0,0.0,20.7,5.7,12.393138943586383,30.217941683075914
9021,28.2,26.22599983215332,94.0,0.0,20.1,6.0,22.547816372931074,34.96434491187932
9022,26.2,26.22599983215332,94.0,0.0,20.8,5.7,18.664430737147157,31.799329221144145
9023,27.2,26.22599983215332,94.0,0.0,20.1,6.4,25.417813731468115,34.82534411944043
9024,29.0,26.22599983215332,94.0,0.0,20.2,5.7,15.46879574219174,33.64063872265752
9025,26.5,26.22599983215332,94.0,0.0,19.5,5.6,18.321850682606573,31.99655520478197
9026,29.6,26.22599983215332,94.0,0.0,20.8,6.3,19.739925853210032,35.52197775596301
9027,27.8,26.22599983215332,94.0,0.0,21.0,5.9,15.794386660890435,32.53831599826713
9028,25.9,26.22599983215332,94.0,0.0,19.2,6.5,25.980354531181383,33.694106359354414
9029,28.2,26.22599983215332,94.0,0.0,20.0,5.9,17.53589368510039,33.460768105530114
9030,29.6,26.22599983215332,94.0,0.0,20.0,5.6,23.406399059883707,36.62191971796511
9031,26.2,26.22599983215332,94.0,0.0,20.5,5.8,26.379346128584974,34.11380383857549
9032,25.1,26.22599983215332,94.0,0.0,19.0,6.3,24.126178854496803,32.33785365634904
9033,28.3,26.22599983215332,94.0,0.0,20.7,6.3,16.681830990281913,33.30454929708458
9034,25.1,26.22599983215332,94.0,0.0,20.0,6.1,17.80343158500773,30.44102947550232
9035,30.0,26.22599983215332,94.0,0.0,20.9,6.4,14.401747668915627,34.32052430067469
9036,25.6,26.22599983215332,94.0,0.0,20.8,5.6,14.550602306366429,29.96518069190993
9037,28.7,26.22599983215332,94.0,0.0,19.2,5.7,24.680841721195023,36.10425251635851
9038,29.1,26.22599983215332,94.0,0.0,19.2,6.3,26.729066681027383,37.118720004308216
9039,28.6,26.22599983215332,94.0,0.0,19.3,6.4,29.955696730252047,37.58670901907561
9040,28.3,26.22599983215332,94.0,0.0,19.2,6.4,24.13415193224325,35.54024557967298
9041,30.0,26.22599983215332,94.0,0.0,20.9,6.4,23.73892623431005,37.12167787029301
9042,26.2,26.22599983215332,94.0,0.0,20.3,6.4,24.70512844544829,33.61153853363449
9043,29.2,26.22599983215332,94.0,0.0,20.0,6.3,27.515429468714846,37.454628840614454
9044,29.7,26.22599983215332,94.0,0.0,20.7,6.4,21.860995553362596,36.25829866600878
9045,27.7,26.22599983215332,94.0,0.0,19.9,5.5,22.919003651783797,34.57570109553514
9046,28.1,26.22599983215332,94.0,0.0,19.6,5.8,22.8055865756331,34.94167597268993
9047,28.6,26.22599983215332,94.0,0.0,20.3,5.6,13.713818466774377,32.71414554003231
9048,29.4,26.22599983215332,94.0,0.0,19.0,5.8,27.448093027514094,37.634427908254224
9049,25.6,26.22599983215332,94.0,0.0,20.0,6.5,26.716866936162756,33.61506008084883
9050,27.4,26.22599983215332,94.0,0.0,20.7,5.6,18.14221651463143,32.84266495438943
9051,28.9,26.22599983215332,94.0,0.0,20.3,5.8,25.79695763516922,36.63908729055076
9052,29.1,26.22599983215332,94.0,0.0,20.4,6.3,29.85937820326881,38.05781346098065
9053,28.2,26.22599983215332,94.0,0.0,20.8,6.1,17.801504918759996,33.540451475628
9054,27.6,26.22599983215332,94.0,0.0,19.2,5.8,23.70910048077549,34.71273014423265
9055,26.6,26.22599983215332,94.0,0.0,19.6,6.4,15.46361290771464,31.239083872314392
9056,25.1,26.22599983215332,94.0,0.0,20.7,6.3,28.699793845039036,33.709938153511715
9057,27.6,26.22599983215332,94.0,0.0,20.0,6.2,19.428716357559026,33.42861490726771
9058,28.4,26.22599983215332,94.0,0.0,19.8,6.3,25.876369103307496,36.162910730992245
9059,26.2,26.22599983215332,94.0,0.0,20.1,6.1,15.990149592912084,30.997044877873623
9060,25.7,26.775999069213867,92.0,0.0,20.3,5.6,21.066088336072973,32.01982650082189
9061,27.4,26.775999069213867,92.0,0.0,19.8,6.2,27.187610841233464,35.55628325237004
9062,27.8,26.775999069213867,92.0,0.0,19.8,5.9,25.948143325834742,35.58444299775042
9063,28.0,26.775999069213867,92.0,0.0,20.7,5.9,21.602800131770866,34.48084003953126
9064,26.8,26.775999069213867,92.0,0.0,19.5,5.7,23.99267679880372,33.99780303964112
9065,25.5,26.775999069213867,92.0,0.0,20.6,5.5,26.23420838948526,33.37026251684558
9066,27.5,26.775999069213867,92.0,0.0,19.6,5.8,27.98439941421308,35.89531982426392
9067,28.4,26.775999069213867,92.0,0.0,19.1,5.9,14.709719966658882,32.81291598999766
9068,28.7,26.775999069213867,92.0,0.0,19.8,5.7,28.42973039564421,37.22891911869326
9069,25.5,26.775999069213867,92.0,0.0,19.8,5.8,25.963268628719902,33.28898058861597
9070,26.1,26.775999069213867,92.0,0.0,19.8,5.6,23.056762184561087,33.01702865536833
9071,25.0,26.775999069213867,92.0,0.0,20.4,5.5,20.198458025896958,31.05953740776909
9072,29.8,26.775999069213867,92.0,0.0,20.3,6.2,23.79312903020642,36.937938709061925
9073,28.1,26.775999069213867,92.0,0.0,19.5,6.3,27.15191779482452,36.24557533844736
9074,29.1,26.775999069213867,92.0,0.0,19.9,6.2,20.865871694333435,35.35976150830003
9075,29.6,26.775999069213867,92.0,0.0,20.9,6.0,11.609439296003362,33.08283178880101
9076,28.7,26.775999069213867,92.0,0.0,19.0,5.9,23.73573730226896,35.820721190680686
9077,25.2,26.775999069213867,92.0,0.0,20.7,5.9,21.144867254164716,31.543460176249415
9078,25.8,26.775999069213867,92.0,0.0,19.9,6.2,20.00516974132887,31.80155092239866
9079,28.9,26.775999069213867,92.0,0.0,19.5,5.5,10.9632036505974,32.188961095179216
9080,26.4,26.775999069213867,92.0,0.0,19.5,6.5,16.243918816591556,31.273175644977464
9081,27.6,26.775999069213867,92.0,0.0,20.5,6.1,23.279866860227596,34.58396005806828
9082,27.4,26.775999069213867,92.0,0.0,20.7,6.5,22.92740526233878,34.27822157870163
9083,28.7,26.775999069213867,92.0,0.0,19.5,5.6,24.963662967336802,36.18909889020104
9084,27.9,26.775999069213867,92.0,0.0,20.5,6.1,17.66172745290625,33.19851823587187
9085,25.1,26.775999069213867,92.0,0.0,20.0,5.7,21.93458100060501,31.680374300181505
9086,27.9,26.775999069213867,92.0,0.0,20.3,6.2,11.879821175398355,31.463946352619505
9087,27.0,26.775999069213867,92.0,0.0,19.2,5.8,29.279992283395796,35.78399768501874
9088,28.3,26.775999069213867,92.0,0.0,20.3,6.1,23.6257764013919,35.38773292041757
9089,25.6,26.775999069213867,92.0,0.0,19.6,5.9,25.643270623318912,33.292981186995675
9090,28.0,26.775999069213867,92.0,0.0,19.7,5.7,15.939592940872098,32.781877882261625
9091,28.6,26.775999069213867,92.0,0.0,19.1,6.3,19.426540812087588,34.427962243626276
9092,27.2,26.775999069213867,92.0,0.0,19.3,6.2,20.817985669012735,33.44539570070382
9093,29.8,26.775999069213867,92.0,0.0,20.8,5.7,19.086925454869395,35.52607763646082
9094,25.1,26.775999069213867,92.0,0.0,20.1,5.7,25.44108541335668,32.732325624007004
9095,25.1,26.775999069213867,92.0,0.0,19.4,6.0,24.100001645753373,32.33000049372601
9096,29.9,26.775999069213867,92.0,0.0,20.1,5.9,19.995623022198412,35.89868690665952
9097,27.4,26.775999069213867,92.0,0.0,19.7,5.9,29.83640981116084,36.35092294334825
9098,30.0,26.775999069213867,92.0,0.0,20.9,5.5,23.98871944391515,37.19661583317455
9099,27.7,26.775999069213867,92.0,0.0,19.7,5.7,18.444420728358963,33.233326218507685
9100,26.0,26.775999069213867,92.0,0.0,19.6,6.1,21.928489949975635,32.57854698499269
9101,25.7,26.775999069213867,92.0,0.0,20.6,5.8,18.509678671384187,31.252903601415255
9102,28.6,26.775999069213867,92.0,0.0,19.4,6.0,10.729922371643081,31.818976711492926
9103,26.5,26.775999069213867,92.0,0.0,19.4,5.9,27.08024603141201,34.62407380942361
9104,25.8,26.775999069213867,92.0,0.0,19.5,5.7,18.66515586647553,31.39954675994266
9105,29.1,26.775999069213867,92.0,0.0,19.2,5.6,18.258419935486742,34.57752598064602
9106,27.7,26.775999069213867,92.0,0.0,20.3,6.1,13.803198417348284,31.840959525204482
9107,27.2,26.775999069213867,92.0,0.0,20.7,6.1,26.79481778857444,35.23844533657233
9108,28.7,26.775999069213867,92.0,0.0,20.6,6.2,17.090324536982596,33.82709736109478
9109,29.4,26.775999069213867,92.0,0.0,20.4,6.4,22.148321825816204,36.044496547744856
9110,28.0,26.775999069213867,92.0,0.0,19.3,5.5,21.515663293563872,34.45469898806916
9111,27.7,26.775999069213867,92.0,0.0,20.7,6.4,27.194240889516944,35.85827226685508
9112,27.9,26.775999069213867,92.0,0.0,19.4,6.4,26.517047088524528,35.85511412655735
9113,29.5,26.775999069213867,92.0,0.0,20.0,6.4,22.96854481834829,36.39056344550448
9114,28.5,26.775999069213867,92.0,0.0,21.0,6.2,14.363233030400146,32.808969909120044
9115,28.4,26.775999069213867,92.0,0.0,20.5,6.1,21.302108217239137,34.79063246517174
9116,28.8,26.775999069213867,92.0,0.0,20.9,6.3,26.440363481455506,36.732109044436655
9117,27.3,26.775999069213867,92.0,0.0,20.3,6.3,28.26732858565421,35.78019857569626
9118,25.6,26.775999069213867,92.0,0.0,20.8,5.8,23.354005575191586,32.606201672557475
9119,28.1,26.775999069213867,92.0,0.0,21.0,5.7,13.263880332575644,32.0791640997727
9120,28.0,27.97599983215332,85.0,0.0,20.1,5.6,13.76555376803627,32.12966613041088
9121,27.5,27.97599983215332,85.0,0.0,20.2,5.6,29.90287630920734,36.4708628927622
9122,29.7,27.97599983215332,85.0,0.0,19.8,6.4,29.922968469157233,38.676890540747166
9123,29.7,27.97599983215332,85.0,0.0,20.9,5.8,14.527140688055471,34.05814220641664
9124,26.3,27.97599983215332,85.0,0.0,20.0,5.6,19.755281819692716,32.22658454590781
9125,28.8,27.97599983215332,85.0,0.0,19.2,6.3,15.569274638934434,33.47078239168033
9126,28.3,27.97599983215332,85.0,0.0,20.8,5.5,15.017656708415164,32.80529701252455
9127,28.8,27.97599983215332,85.0,0.0,20.3,6.4,22.7523427458204,35.625702823746124
9128,28.3,27.97599983215332,85.0,0.0,20.8,6.1,20.700752399509202,34.51022571985276
9129,27.5,27.97599983215332,85.0,0.0,19.6,6.2,24.569972795896064,34.870991838768816
9130,29.2,27.97599983215332,85.0,0.0,20.8,5.8,12.686782532317098,33.006034759695126
9131,25.4,27.97599983215332,85.0,0.0,20.0,5.7,20.43791283481402,31.531373850444204
9132,25.8,27.97599983215332,85.0,0.0,20.4,6.4,25.697694008638344,33.509308202591505
9133,28.7,27.97599983215332,85.0,0.0,19.4,5.5,17.02400869912546,33.80720260973764
9134,26.5,27.97599983215332,85.0,0.0,19.5,6.2,22.82189416301636,33.34656824890491
9135,27.8,27.97599983215332,85.0,0.0,20.7,5.7,14.887165625893502,32.26614968776805
9136,28.0,27.97599983215332,85.0,0.0,20.4,5.5,16.355894820708166,32.90676844621245
9137,26.8,27.97599983215332,85.0,0.0,20.6,6.4,19.997230694880297,32.79916920846409
9138,28.3,27.97599983215332,85.0,0.0,19.2,5.7,16.7309904203217,33.31929712609651
9139,28.2,27.97599983215332,85.0,0.0,19.6,5.6,11.63719680752539,31.691159042257617
9140,26.0,27.97599983215332,85.0,0.0,20.1,5.6,25.78340444020881,33.735021332062644
9141,28.7,27.97599983215332,85.0,0.0,20.7,5.9,15.811099666258484,33.44332989987755
9142,25.1,27.97599983215332,85.0,0.0,19.8,6.2,26.697302620428417,33.10919078612852
9143,27.5,27.97599983215332,85.0,0.0,19.0,5.8,26.70767579141391,35.51230273742417
9144,27.7,27.97599983215332,85.0,0.0,19.0,5.6,28.937528856220883,36.381258656866265
9145,26.7,27.97599983215332,85.0,0.0,20.5,6.4,25.836656557043636,34.45099696711309
9146,29.1,27.97599983215332,85.0,0.0,20.8,6.1,23.03352717927651,36.01005815378296
9147,29.4,27.97599983215332,85.0,0.0,20.3,5.7,20.267392917682027,35.480217875304604
9148,27.7,27.97599983215332,85.0,0.0,20.7,6.2,28.54295728648391,36.262887185945175
9149,27.9,27.97599983215332,85.0,0.0,20.8,6.1,11.966621046003711,31.48998631380111
9150,27.7,27.97599983215332,85.0,0.0,19.9,5.7,14.4400609581317,32.032018287439506
9151,28.9,27.97599983215332,85.0,0.0,20.5,5.8,24.487758100340237,36.24632743010207
9152,25.5,27.97599983215332,85.0,0.0,19.9,5.9,22.421835114028177,32.22655053420846
9153,28.0,27.97599983215332,85.0,0.0,19.8,5.5,23.218898910558174,34.965669673167454
9154,30.0,27.97599983215332,85.0,0.0,21.0,5.6,10.802725785276605,33.24081773558298
9155,29.7,27.97599983215332,85.0,0.0,19.3,6.0,18.55929306344798,35.26778791903439
9156,29.2,27.97599983215332,85.0,0.0,21.0,5.8,22.596775267247715,35.97903258017431
9157,28.6,27.97599983215332,85.0,0.0,19.8,6.5,29.20875297405371,37.362625892216116
9158,28.7,27.97599983215332,85.0,0.0,20.3,6.4,10.123393277397026,31.737017983219108
9159,25.2,27.97599983215332,85.0,0.0,19.9,5.7,23.37808289301424,32.21342486790427
9160,29.8,27.97599983215332,85.0,0.0,19.5,6.3,21.552224045514837,36.26566721365445
9161,29.2,27.97599983215332,85.0,0.0,20.1,5.7,26.684406457339286,37.20532193720179
9162,26.6,27.97599983215332,85.0,0.0,21.0,5.7,12.105595176891823,30.23167855306755
9163,29.3,27.97599983215332,85.0,0.0,19.3,6.5,27.471732729745476,37.541519818923646
9164,27.7,27.97599983215332,85.0,0.0,19.6,5.9,13.166987753399098,31.650096326019728
9165,27.4,27.97599983215332,85.0,0.0,20.0,6.2,22.76797241517896,34.230391724553684
9166,25.1,27.97599983215332,85.0,0.0,19.2,6.0,21.311968717856683,31.493590615357007
9167,27.3,27.97599983215332,85.0,0.0,19.9,6.0,21.331271651297286,33.69938149538919
9168,29.9,27.97599983215332,85.0,0.0,19.2,5.9,27.50817443729041,38.15245233118712
9169,25.6,27.97599983215332,85.0,0.0,20.2,6.4,29.57125443328427,34.47137632998528
9170,26.0,27.97599983215332,85.0,0.0,20.9,6.4,16.004387360985355,30.801316208295606
9171,26.0,27.97599983215332,85.0,0.0,19.1,5.7,10.567073404518666,29.1701220213556
9172,28.6,27.97599983215332,85.0,0.0,20.1,6.3,12.512794063966776,32.35383821919003
9173,28.6,27.97599983215332,85.0,0.0,19.5,6.3,11.33992620767227,32.001977862301686
9174,29.1,27.97599983215332,85.0,0.0,19.2,6.0,16.38138279847708,34.01441483954312
9175,26.9,27.97599983215332,85.0,0.0,19.6,6.1,14.108850707581608,31.13265521227448
9176,25.2,27.97599983215332,85.0,0.0,20.7,5.5,29.622236179926272,34.08667085397788
9177,29.8,27.97599983215332,85.0,0.0,20.5,5.6,16.012081069367454,34.60362432081024
9178,27.7,27.97599983215332,85.0,0.0,20.4,6.2,20.272653942964787,33.78179618288944
9179,28.7,27.97599983215332,85.0,0.0,19.1,5.8,21.47094109386626,35.141282328159875
9180,27.4,29.57599830627441,76.0,0.0,20.6,5.8,14.995888857014387,31.898766657104314
9181,29.6,29.57599830627441,76.0,0.0,20.2,6.5,24.293357265845067,36.88800717975352
9182,25.6,29.57599830627441,76.0,0.0,20.7,5.8,28.287741329588258,34.086322398876476
9183,29.4,29.57599830627441,76.0,0.0,19.9,5.9,27.468135581733353,37.64044067452001
9184,27.4,29.57599830627441,76.0,0.0,20.2,5.5,25.466842611290442,35.04005278338713
9185,29.2,29.57599830627441,76.0,0.0,20.5,5.9,24.02492078989731,36.40747623696919
9186,25.3,29.57599830627441,76.0,0.0,20.2,5.7,19.22542647597539,31.06762794279262
9187,27.6,29.57599830627441,76.0,0.0,19.8,5.6,12.43122434954038,31.329367304862114
9188,29.4,29.57599830627441,76.0,0.0,20.4,6.3,18.62192692738651,34.98657807821595
9189,28.0,29.57599830627441,76.0,0.0,19.8,5.7,27.184093097900803,36.15522792937024
9190,28.0,29.57599830627441,76.0,0.0,20.5,6.3,10.97587535650953,31.29276260695286
9191,27.3,29.57599830627441,76.0,0.0,20.2,6.0,11.751428544026174,30.825428563207854
9192,25.8,29.57599830627441,76.0,0.0,20.3,6.0,21.933515470519733,32.38005464115592
9193,25.4,29.57599830627441,76.0,0.0,20.7,6.3,17.982721170845224,30.794816351253566
9194,28.7,29.57599830627441,76.0,0.0,20.5,6.0,19.866722818182545,34.66001684545476
9195,29.8,29.57599830627441,76.0,0.0,20.8,5.8,23.95246108713771,36.985738326141316
9196,28.7,29.57599830627441,76.0,0.0,20.7,6.5,20.258310279947537,34.77749308398426
9197,26.4,29.57599830627441,76.0,0.0,20.9,5.7,16.518925547443907,31.35567766423317
9198,25.9,29.57599830627441,76.0,0.0,19.3,6.0,24.78443493602294,33.33533048080688
9199,26.4,29.57599830627441,76.0,0.0,19.9,6.0,12.06455059490854,30.01936517847256
9200,29.9,29.57599830627441,76.0,0.0,20.4,5.8,25.796104337573965,37.63883130127219
9201,29.6,29.57599830627441,76.0,0.0,19.6,6.1,16.62485488572901,34.5874564657187
9202,28.7,29.57599830627441,76.0,0.0,20.2,5.9,18.48620883836835,34.24586265151051
9203,29.4,29.57599830627441,76.0,0.0,19.5,6.4,21.318303824303346,35.795491147291
9204,29.0,29.57599830627441,76.0,0.0,20.2,6.4,19.576472349618214,34.87294170488546
9205,27.9,29.57599830627441,76.0,0.0,20.8,6.3,17.475425826071664,33.1426277478215
9206,28.6,29.57599830627441,76.0,0.0,19.1,6.0,24.87741505831979,36.06322451749594
9207,28.9,29.57599830627441,76.0,0.0,19.8,6.0,17.26459526501247,34.07937857950374
9208,26.8,29.57599830627441,76.0,0.0,19.4,5.7,18.151829711668626,32.245548913500585
9209,25.5,29.57599830627441,76.0,0.0,19.7,5.9,11.227834620123591,28.86835038603708
9210,28.9,29.57599830627441,76.0,0.0,20.3,5.6,14.300121703643384,33.19003651109301
9211,26.5,29.57599830627441,76.0,0.0,20.4,6.3,14.856343707803815,30.956903112341145
9212,25.5,29.57599830627441,76.0,0.0,19.8,6.3,26.349467414300655,33.4048402242902
9213,25.4,29.57599830627441,76.0,0.0,20.1,5.6,20.00945426705465,31.402836280116393
9214,26.4,29.57599830627441,76.0,0.0,19.6,6.5,17.114155254313765,31.534246576294127
9215,28.1,29.57599830627441,76.0,0.0,19.6,5.9,11.714846308108616,31.614453892432586
9216,26.7,29.57599830627441,76.0,0.0,19.8,5.8,22.406112877510918,33.421833863253276
9217,25.7,29.57599830627441,76.0,0.0,20.6,5.7,28.319038447296197,34.19571153418886
9218,27.1,29.57599830627441,76.0,0.0,19.8,6.3,19.11114989553407,32.83334496866022
9219,25.3,29.57599830627441,76.0,0.0,19.6,5.9,21.685302500578082,31.805590750173426
9220,25.4,29.57599830627441,76.0,0.0,19.1,5.6,12.531683978045544,29.15950519341366
9221,27.4,29.57599830627441,76.0,0.0,20.7,6.4,13.778844286510918,31.533653285953275
9222,26.3,29.57599830627441,76.0,0.0,19.0,5.9,11.819637186065448,29.845891155819636
9223,27.5,29.57599830627441,76.0,0.0,19.1,5.5,21.774025537538854,34.03220766126166
9224,25.3,29.57599830627441,76.0,0.0,20.5,6.2,24.381648363868226,32.614494509160465
9225,28.9,29.57599830627441,76.0,0.0,20.9,5.9,12.208681313610832,32.56260439408325
9226,27.1,29.57599830627441,76.0,0.0,20.5,6.3,17.85222486040835,32.455667458122505
9227,29.3,29.57599830627441,76.0,0.0,20.3,5.6,10.6497221728204,32.49491665184612
9228,26.3,29.57599830627441,76.0,0.0,20.1,5.6,28.81864918098813,34.94559475429644
9229,26.7,29.57599830627441,76.0,0.0,19.2,5.6,16.248896102698005,31.5746688308094
9230,29.6,29.57599830627441,76.0,0.0,20.6,5.7,10.542217068634551,32.76266512059037
9231,26.8,29.57599830627441,76.0,0.0,20.9,5.7,20.84699948191738,33.05409984457521
9232,29.9,29.57599830627441,76.0,0.0,19.9,5.7,23.19628433794641,36.85888530138392
9233,29.9,29.57599830627441,76.0,0.0,20.0,5.7,24.45003075955139,37.23500922786542
9234,27.4,29.57599830627441,76.0,0.0,20.1,5.7,28.48628108040909,35.94588432412272
9235,27.8,29.57599830627441,76.0,0.0,19.7,6.2,19.46585904329856,33.63975771298957
9236,25.9,29.57599830627441,76.0,0.0,19.7,5.6,28.16429236770728,34.34928771031218
9237,26.6,29.57599830627441,76.0,0.0,19.1,6.1,26.079424954800956,34.42382748644029
9238,25.1,29.57599830627441,76.0,0.0,20.2,6.4,17.306219096381856,30.29186572891456
9239,28.9,29.57599830627441,76.0,0.0,20.3,5.9,11.771701661133385,32.43151049834002
9240,25.2,30.97599983215332,69.0,0.0,19.3,6.2,18.59243924035966,30.7777317721079
9241,26.7,30.97599983215332,69.0,0.0,20.6,5.6,19.377971289406467,32.51339138682194
9242,29.7,30.97599983215332,69.0,0.0,20.6,5.5,25.28343885579207,37.28503165673762
9243,27.0,30.97599983215332,69.0,0.0,20.9,6.0,18.292525658424616,32.487757697527385
9244,25.2,30.97599983215332,69.0,0.0,20.7,6.5,19.96868400961169,31.190605202883507
9245,28.7,30.97599983215332,69.0,0.0,19.9,6.5,12.68105581354474,32.50431674406342
9246,29.8,30.97599983215332,69.0,0.0,21.0,6.4,22.894113221701787,36.668233966510535
9247,27.7,30.97599983215332,69.0,0.0,20.8,5.8,20.731818842279424,33.91954565268382
9248,26.5,30.97599983215332,69.0,0.0,20.0,6.2,12.589597472428888,30.276879241728665
9249,29.2,30.97599983215332,69.0,0.0,19.5,6.1,17.233339208449284,34.370001762534784
9250,25.6,30.97599983215332,69.0,0.0,19.8,5.7,26.279257950023414,33.48377738500702
9251,26.7,30.97599983215332,69.0,0.0,20.1,5.7,24.39510704381784,34.018532113145355
9252,26.1,30.97599983215332,69.0,0.0,19.4,5.7,10.40265862382331,29.220797587146993
9253,28.7,30.97599983215332,69.0,0.0,20.9,5.9,17.29776858039323,33.88933057411797
9254,28.3,30.97599983215332,69.0,0.0,19.8,6.0,19.656378449861926,34.196913534958576
9255,29.2,30.97599983215332,69.0,0.0,19.3,6.1,29.452611131909645,38.035783339572895
9256,26.2,30.97599983215332,69.0,0.0,20.9,6.0,21.465698106429848,32.63970943192896
9257,28.5,30.97599983215332,69.0,0.0,19.9,5.7,26.151337076244165,36.34540112287325
9258,27.1,30.97599983215332,69.0,0.0,19.4,5.6,20.151938411852086,33.14558152355563
9259,25.1,30.97599983215332,69.0,0.0,20.0,6.4,15.681098863011263,29.80432965890338
9260,29.3,30.97599983215332,69.0,0.0,20.4,5.9,12.436603904090324,33.0309811712271
9261,25.9,30.97599983215332,69.0,0.0,20.0,6.1,26.50018581469572,33.850055744408714
9262,28.8,30.97599983215332,69.0,0.0,20.3,5.9,19.13085444676664,34.53925633402999
9263,27.5,30.97599983215332,69.0,0.0,20.9,5.6,11.361203375201953,30.908361012560587
9264,26.6,30.97599983215332,69.0,0.0,20.3,5.9,21.92190543187263,33.17657162956179
9265,27.1,30.97599983215332,69.0,0.0,19.9,6.0,23.101853868357107,34.03055616050713
9266,29.0,30.97599983215332,69.0,0.0,20.3,5.7,20.229568622808937,35.06887058684268
9267,29.2,30.97599983215332,69.0,0.0,19.9,5.8,20.101376830469174,35.23041304914075
9268,27.8,30.97599983215332,69.0,0.0,20.4,6.0,17.123516990602546,32.93705509718077
9269,27.7,30.97599983215332,69.0,0.0,19.9,6.4,25.334564293950514,35.30036928818515
9270,29.5,30.97599983215332,69.0,0.0,19.6,6.3,23.287383986947418,36.486215196084224
9271,25.2,30.97599983215332,69.0,0.0,20.0,5.6,25.093338812547366,32.72800164376421
9272,25.1,30.97599983215332,69.0,0.0,20.8,5.7,18.65312088753481,30.695936266260446
9273,25.9,30.97599983215332,69.0,0.0,20.0,6.4,20.59009499735691,32.077028499207074
9274,29.7,30.97599983215332,69.0,0.0,19.2,6.0,26.08991033257889,37.52697309977366
9275,26.3,30.97599983215332,69.0,0.0,20.4,5.6,25.2742767806614,33.88228303419842
9276,27.8,30.97599983215332,69.0,0.0,19.6,5.6,28.27763219972509,36.28328965991753
9277,27.5,30.97599983215332,69.0,0.0,21.0,6.0,19.133910981890246,33.24017329456707
9278,28.7,30.97599983215332,69.0,0.0,20.6,5.7,20.568697966026548,34.87060938980797
9279,29.3,30.97599983215332,69.0,0.0,19.3,6.2,25.332285356261238,36.89968560687837
9280,26.1,30.97599983215332,69.0,0.0,19.7,6.3,11.721457422315265,29.61643722669458
9281,27.7,30.97599983215332,69.0,0.0,20.8,5.7,29.529106901298587,36.558732070389574
9282,25.5,30.97599983215332,69.0,0.0,20.5,5.9,23.87252319842366,32.6617569595271
9283,27.8,30.97599983215332,69.0,0.0,20.5,5.6,27.06848696695924,35.920546090087775
9284,28.6,30.97599983215332,69.0,0.0,20.2,5.8,13.567939776132576,32.670381932839774
9285,29.4,30.97599983215332,69.0,0.0,19.8,5.7,28.617396263226333,37.9852188789679
9286,26.3,30.97599983215332,69.0,0.0,19.3,6.1,27.808270524233595,34.64248115727008
9287,25.9,30.97599983215332,69.0,0.0,19.8,6.0,12.616725855917396,29.685017756775217
9288,25.9,30.97599983215332,69.0,0.0,19.9,5.7,26.95603442906606,33.98681032871981
9289,28.6,30.97599983215332,69.0,0.0,20.2,6.3,13.452009611920053,32.63560288357602
9290,27.2,30.97599983215332,69.0,0.0,19.7,5.8,11.71807803563201,30.715423410689603
9291,26.0,30.97599983215332,69.0,0.0,19.2,6.4,13.583453865065522,30.075036159519655
9292,27.0,30.97599983215332,69.0,0.0,20.4,5.9,20.488332825939125,33.14649984778174
9293,25.9,30.97599983215332,69.0,0.0,19.1,6.2,12.661904547760965,29.698571364328288
9294,26.3,30.97599983215332,69.0,0.0,20.0,6.4,29.09278263355256,35.02783479006577
9295,28.4,30.97599983215332,69.0,0.0,19.1,5.9,25.99182917985197,36.19754875395559
9296,26.8,30.97599983215332,69.0,0.0,20.1,6.5,17.666377533643647,32.099913260093096
9297,28.9,30.97599983215332,69.0,0.0,19.3,5.7,15.192794979223317,33.45783849376699
9298,29.5,30.97599983215332,69.0,0.0,19.5,5.7,23.7081978246149,36.61245934738447
9299,26.7,30.97599983215332,69.0,0.0,20.3,5.5,19.139930225311815,32.44197906759354
9300,29.6,32.0260009765625,64.0,0.0,20.7,5.8,11.809556400625983,33.1428669201878
9301,27.8,32.0260009765625,64.0,0.0,20.7,6.0,22.546293879192753,34.563888163757824
9302,29.6,32.0260009765625,64.0,0.0,19.6,6.5,15.53388137355768,34.260164412067304
9303,25.5,32.0260009765625,64.0,0.0,20.7,6.4,28.02056594029021,33.90616978208706
9304,29.1,32.0260009765625,64.0,0.0,20.6,6.0,10.374093115019697,32.21222793450591
9305,25.1,32.0260009765625,64.0,0.0,19.3,6.1,14.39873895580141,29.419621686740424
9306,27.3,32.0260009765625,64.0,0.0,19.1,5.8,19.03714449633893,33.011143348901676
9307,26.8,32.0260009765625,64.0,0.0,20.6,6.4,26.04146214174279,34.61243864252284
9308,26.7,32.0260009765625,64.0,0.0,19.9,6.2,12.29136330833269,30.387408992499807
9309,28.1,32.0260009765625,64.0,0.0,19.5,6.0,20.536833525997498,34.26105005779925
9310,26.2,32.0260009765625,64.0,0.0,19.9,5.7,11.933068358810049,29.779920507643013
9311,25.4,32.0260009765625,64.0,0.0,20.8,5.7,21.122256302681805,31.73667689080454
9312,27.3,32.0260009765625,64.0,0.0,19.1,5.9,10.256488974134967,30.37694669224049
9313,25.9,32.0260009765625,64.0,0.0,19.7,6.3,24.535173651251228,33.26055209537537
9314,29.4,32.0260009765625,64.0,0.0,20.9,5.7,11.902188248065453,32.970656474419634
9315,28.2,32.0260009765625,64.0,0.0,19.7,5.8,18.02841693832013,33.60852508149604
9316,27.0,32.0260009765625,64.0,0.0,20.4,6.2,18.657988050510816,32.59739641515324
9317,28.9,32.0260009765625,64.0,0.0,20.7,5.7,13.729111444588064,33.01873343337642
9318,27.1,32.0260009765625,64.0,0.0,19.2,6.5,24.76571224519359,34.52971367355808
9319,25.2,32.0260009765625,64.0,0.0,20.1,6.4,18.407106195935846,30.722131858780752
9320,27.4,32.0260009765625,64.0,0.0,19.4,6.1,15.036225182003678,31.9108675546011
9321,27.3,32.0260009765625,64.0,0.0,19.1,5.7,14.112139684532394,31.53364190535972
9322,25.8,32.0260009765625,64.0,0.0,19.8,6.4,20.231818629751864,31.86954558892556
9323,25.8,32.0260009765625,64.0,0.0,19.6,5.8,24.29664139044989,33.08899241713497
9324,28.9,32.0260009765625,64.0,0.0,19.4,6.1,19.15037694087473,34.64511308226242
9325,25.5,32.0260009765625,64.0,0.0,20.5,6.2,17.915106452160142,30.874531935648044
9326,28.1,32.0260009765625,64.0,0.0,19.8,6.3,12.00428442375804,31.701285327127415
9327,30.0,32.0260009765625,64.0,0.0,20.2,6.5,18.783121122324957,35.634936336697486
9328,29.0,32.0260009765625,64.0,0.0,19.7,6.2,18.871948414102327,34.6615845242307
9329,29.0,32.0260009765625,64.0,0.0,20.5,6.3,20.40058878396691,35.12017663519007
9330,26.4,32.0260009765625,64.0,0.0,19.3,6.0,23.445615686586507,33.43368470597595
9331,25.2,32.0260009765625,64.0,0.0,20.3,5.5,19.50153862581572,31.050461587744714
9332,27.5,32.0260009765625,64.0,0.0,20.5,6.1,23.536697076758024,34.561009123027404
9333,27.5,32.0260009765625,64.0,0.0,20.3,6.2,24.304368436862674,34.7913105310588
9334,25.6,32.0260009765625,64.0,0.0,19.4,6.1,14.314447913089015,29.894334373926707
9335,27.0,32.0260009765625,64.0,0.0,19.2,5.9,26.692430114444818,35.007729034333444
9336,26.4,32.0260009765625,64.0,0.0,20.8,5.7,21.95585749730423,32.98675724919127
9337,29.0,32.0260009765625,64.0,0.0,19.6,5.5,19.563185865033162,34.86895575950995
9338,27.1,32.0260009765625,64.0,0.0,19.7,5.6,15.787573034350377,31.836271910305115
9339,28.6,32.0260009765625,64.0,0.0,20.0,5.6,10.478094751253455,31.743428425376038
9340,29.4,32.0260009765625,64.0,0.0,20.2,5.7,21.2514887508394,35.77544662525182
9341,25.2,32.0260009765625,64.0,0.0,20.1,6.3,19.992305800090186,31.197691740027054
9342,26.7,32.0260009765625,64.0,0.0,20.9,6.1,11.742702852698025,30.222810855809406
9343,25.6,32.0260009765625,64.0,0.0,20.5,5.8,12.05484138979758,29.216452416939276
9344,25.5,32.0260009765625,64.0,0.0,19.9,6.0,22.52571328913129,32.25771398673939
9345,26.4,32.0260009765625,64.0,0.0,21.0,5.5,18.038427140485688,31.811528142145704
9346,25.2,32.0260009765625,64.0,0.0,19.3,6.4,17.935808442170316,30.580742532651094
9347,29.6,32.0260009765625,64.0,0.0,20.6,6.2,21.859561580552416,36.157868474165724
9348,27.1,32.0260009765625,64.0,0.0,20.6,6.4,15.897963862081621,31.869389158624486
9349,28.4,32.0260009765625,64.0,0.0,20.4,6.2,19.155302964405738,34.14659088932172
9350,27.5,32.0260009765625,64.0,0.0,19.7,5.9,17.427530333122164,32.72825909993665
9351,25.6,32.0260009765625,64.0,0.0,19.1,6.3,27.870739052886066,33.96122171586582
9352,27.2,32.0260009765625,64.0,0.0,20.5,5.5,20.22762350922857,33.26828705276857
9353,27.8,32.0260009765625,64.0,0.0,20.4,6.2,18.32309772052791,33.296929316158376
9354,27.9,32.0260009765625,64.0,0.0,19.9,5.8,26.13865485572359,35.741596456717076
9355,28.2,32.0260009765625,64.0,0.0,19.1,5.6,25.562768419002907,35.86883052570087
9356,26.7,32.0260009765625,64.0,0.0,20.7,6.3,21.403125466468765,33.12093763994063
9357,26.4,32.0260009765625,64.0,0.0,19.9,6.2,29.564021355407103,35.26920640662213
9358,25.0,32.0260009765625,64.0,0.0,19.6,5.8,26.684904283221044,33.00547128496631
9359,27.9,32.0260009765625,64.0,0.0,20.4,6.3,10.54462144151226,31.063386432453676
9360,29.1,32.82600021362305,61.0,0.0,19.6,6.4,13.373320596028135,33.11199617880844
9361,25.1,32.82600021362305,61.0,0.0,20.7,6.3,16.92427578957742,30.177282736873227
9362,29.4,32.82600021362305,61.0,0.0,20.9,6.5,28.419524554952627,37.925857366485786
9363,26.2,32.82600021362305,61.0,0.0,19.8,6.3,24.169667606948856,33.45090028208465
9364,26.1,32.82600021362305,61.0,0.0,20.6,6.3,10.314270585404167,29.194281175621253
9365,28.8,32.82600021362305,61.0,0.0,19.3,6.0,18.764417128394964,34.42932513851849
9366,28.7,32.82600021362305,61.0,0.0,19.3,6.4,18.597049022322622,34.27911470669679
9367,27.7,32.82600021362305,61.0,0.0,19.2,5.7,29.17804266493452,36.453412799480354
9368,28.9,32.82600021362305,61.0,0.0,20.5,5.8,22.53375166259598,35.66012549877879
9369,27.4,32.82600021362305,61.0,0.0,19.1,5.8,25.811263453298523,35.143379035989554
9370,29.2,32.82600021362305,61.0,0.0,19.9,6.5,18.17840277794847,34.65352083338454
9371,28.4,32.82600021362305,61.0,0.0,20.3,6.2,22.51768890637903,35.155306671913706
9372,25.1,32.82600021362305,61.0,0.0,20.9,6.0,20.413729773482967,31.22411893204489
9373,26.5,32.82600021362305,61.0,0.0,19.7,6.5,19.655296017362247,32.39658880520867
9374,29.7,32.82600021362305,61.0,0.0,19.4,6.1,13.235724000502413,33.670717200150726
9375,29.1,32.82600021362305,61.0,0.0,19.2,5.6,21.56420950554712,35.569262851664135
9376,28.3,32.82600021362305,61.0,0.0,19.3,6.4,21.41999183332325,34.725997549996976
9377,26.6,32.82600021362305,61.0,0.0,20.1,6.3,10.841455749476266,29.85243672484288
9378,26.0,32.82600021362305,61.0,0.0,19.7,5.6,13.936874909240283,30.181062472772084
9379,27.4,32.82600021362305,61.0,0.0,19.7,6.1,15.538129212284106,32.06143876368523
9380,26.2,32.82600021362305,61.0,0.0,19.8,5.8,15.761266356083247,30.928379906824972
9381,29.5,32.82600021362305,61.0,0.0,19.2,6.2,24.952119197542615,36.985635759262784
9382,26.1,32.82600021362305,61.0,0.0,20.8,5.8,25.657832005968757,33.79734960179063
9383,25.0,32.82600021362305,61.0,0.0,20.2,5.6,18.554057142808194,30.566217142842458
9384,28.4,32.82600021362305,61.0,0.0,19.5,6.0,22.457979501814396,35.13739385054431
9385,25.1,32.82600021362305,61.0,0.0,19.6,5.7,26.89966735796233,33.1699002073887
9386,29.5,32.82600021362305,61.0,0.0,19.4,5.6,15.936936853402715,34.28108105602082
9387,28.6,32.82600021362305,61.0,0.0,19.4,6.5,23.310375533062718,35.593112659918816
9388,27.4,32.82600021362305,61.0,0.0,19.4,5.6,28.14547528504274,35.84364258551282
9389,26.6,32.82600021362305,61.0,0.0,19.6,6.4,25.49379193292832,34.248137579878495
9390,27.2,32.82600021362305,61.0,0.0,19.7,5.6,15.320241072845299,31.79607232185359
9391,25.0,32.82600021362305,61.0,0.0,20.3,5.9,29.905540847034377,33.97166225411031
9392,30.0,32.82600021362305,61.0,0.0,19.5,6.2,24.47551900042935,37.3426557001288
9393,27.8,32.82600021362305,61.0,0.0,19.8,6.0,29.340957367063897,36.60228721011917
9394,28.7,32.82600021362305,61.0,0.0,19.7,6.5,22.912803515886907,35.57384105476607
9395,27.5,32.82600021362305,61.0,0.0,20.3,6.3,28.933311801775474,36.17999354053264
9396,26.2,32.82600021362305,61.0,0.0,20.2,6.4,18.989241347045702,31.89677240411371
9397,28.1,32.82600021362305,61.0,0.0,20.6,5.9,11.039532684227337,31.411859805268204
9398,26.3,32.82600021362305,61.0,0.0,19.7,6.1,12.070202496897826,29.921060749069348
9399,29.8,32.82600021362305,61.0,0.0,19.6,6.2,27.077683066878674,37.9233049200636
9400,27.1,32.82600021362305,61.0,0.0,19.5,5.8,27.259507598302125,35.27785227949064
9401,28.9,32.82600021362305,61.0,0.0,20.4,6.4,22.53387079009833,35.6601612370295
9402,25.6,32.82600021362305,61.0,0.0,20.5,6.5,14.438725898477212,29.931617769543166
9403,26.5,32.82600021362305,61.0,0.0,19.2,5.9,23.221972958358315,33.46659188750749
9404,29.2,32.82600021362305,61.0,0.0,19.6,6.3,14.88850450682897,33.66655135204869
9405,26.8,32.82600021362305,61.0,0.0,19.9,5.7,10.562295763849443,29.968688729154835
9406,27.2,32.82600021362305,61.0,0.0,19.5,6.2,28.563388430753598,35.76901652922608
9407,29.1,32.82600021362305,61.0,0.0,20.6,6.1,12.044574596805997,32.7133723790418
9408,25.9,32.82600021362305,61.0,0.0,19.1,5.6,20.934431768883734,32.18032953066512
9409,26.4,32.82600021362305,61.0,0.0,20.2,5.9,17.49162257679191,31.64748677303757
9410,25.7,32.82600021362305,61.0,0.0,19.8,5.6,21.459545260269266,32.13786357808078
9411,26.9,32.82600021362305,61.0,0.0,19.3,5.9,12.39204609188905,30.617613827566714
9412,26.0,32.82600021362305,61.0,0.0,19.5,5.9,27.392165892399188,34.217649767719756
9413,27.1,32.82600021362305,61.0,0.0,19.6,6.3,25.674563824686935,34.80236914740608
9414,26.0,32.82600021362305,61.0,0.0,19.4,5.9,27.47043986671525,34.24113196001457
9415,29.4,32.82600021362305,61.0,0.0,20.0,5.7,18.214400560269336,34.8643201680808
9416,26.1,32.82600021362305,61.0,0.0,20.3,5.6,17.025705285651156,31.20771158569535
9417,26.7,32.82600021362305,61.0,0.0,20.1,5.7,24.619958170129035,34.08598745103871
9418,28.3,32.82600021362305,61.0,0.0,21.0,5.6,27.771807220017564,36.63154216600527
9419,27.2,32.82600021362305,61.0,0.0,21.0,6.5,28.203833893273178,35.66115016798195
9420,29.8,33.2760009765625,59.0,0.0,20.8,6.1,22.15806977476015,36.447420932428045
9421,28.6,33.2760009765625,59.0,0.0,19.9,6.3,25.798814373015567,36.33964431190467
9422,27.5,33.2760009765625,59.0,0.0,19.3,6.4,13.007318849992336,31.4021956549977
9423,27.4,33.2760009765625,59.0,0.0,20.8,6.2,22.859965131441687,34.2579895394325
9424,28.2,33.2760009765625,59.0,0.0,19.1,6.4,26.438905039733264,36.131671511919976
9425,28.4,33.2760009765625,59.0,0.0,20.5,6.3,28.379895915641058,36.913968774692314
9426,25.7,33.2760009765625,59.0,0.0,20.1,6.2,14.162650259404083,29.948795077821224
9427,25.0,33.2760009765625,59.0,0.0,20.0,6.2,18.902166581794635,30.670649974538392
9428,25.8,33.2760009765625,59.0,0.0,20.5,5.9,19.02185222356338,31.506555667069016
9429,25.3,33.2760009765625,59.0,0.0,19.2,6.2,26.798592107647984,33.33957763229439
9430,25.7,33.2760009765625,59.0,0.0,19.5,6.2,16.857044352431316,30.757113305729394
9431,28.9,33.2760009765625,59.0,0.0,20.7,5.7,11.95804522471782,32.487413567415345
9432,29.0,33.2760009765625,59.0,0.0,20.3,5.9,19.804297335524417,34.94128920065732
9433,29.6,33.2760009765625,59.0,0.0,19.9,6.3,24.652334361110878,36.99570030833326
9434,26.1,33.2760009765625,59.0,0.0,20.9,6.4,24.17030545563595,33.35109163669079
9435,28.2,33.2760009765625,59.0,0.0,20.8,5.8,24.686098662019308,35.605829598605794
9436,27.9,33.2760009765625,59.0,0.0,19.2,5.7,12.858657517920346,31.7575972553761
9437,28.2,33.2760009765625,59.0,0.0,20.4,5.7,16.907130510820473,33.272139153246144
9438,25.2,33.2760009765625,59.0,0.0,20.4,5.7,24.815690895058523,32.64470726851756
9439,28.6,33.2760009765625,59.0,0.0,20.0,6.5,24.439768266133708,35.93193047984011
9440,25.3,33.2760009765625,59.0,0.0,19.8,5.5,29.42061776647147,34.12618532994144
9441,25.2,33.2760009765625,59.0,0.0,19.6,6.4,26.531664349553804,33.15949930486614
9442,29.7,33.2760009765625,59.0,0.0,20.4,5.6,16.608130260108325,34.682439078032495
9443,27.5,33.2760009765625,59.0,0.0,19.6,6.0,20.479757168790595,33.643927150637175
9444,28.9,33.2760009765625,59.0,0.0,20.7,5.6,20.1242025690136,34.93726077070408
9445,27.5,33.2760009765625,59.0,0.0,20.6,6.3,23.999582385854488,34.699874715756344
9446,25.2,33.2760009765625,59.0,0.0,19.9,6.2,29.739889092501606,34.12196672775048
9447,29.1,33.2760009765625,59.0,0.0,20.0,6.1,14.955096988802612,33.58652909664079
9448,27.9,33.2760009765625,59.0,0.0,20.1,6.2,12.773495874271735,31.73204876228152
9449,25.2,33.2760009765625,59.0,0.0,20.9,6.3,15.480881931240893,29.844264579372265
9450,26.7,33.2760009765625,59.0,0.0,20.4,5.8,22.037438798849212,33.311231639654764
9451,25.1,33.2760009765625,59.0,0.0,20.3,6.4,12.477478962499726,28.84324368874992
9452,27.2,33.2760009765625,59.0,0.0,19.2,6.5,14.23714622483191,31.471143867449573
9453,29.6,33.2760009765625,59.0,0.0,20.2,5.9,12.191874051675946,33.25756221550279
9454,25.6,33.2760009765625,59.0,0.0,19.8,6.2,10.789854804301562,28.83695644129047
9455,25.7,33.2760009765625,59.0,0.0,20.3,6.0,22.680162685855066,32.50404880575652
9456,29.2,33.2760009765625,59.0,0.0,20.4,6.5,20.510878647215666,35.3532635941647
9457,25.9,33.2760009765625,59.0,0.0,19.1,6.0,27.14494926027229,34.043484778081684
9458,25.7,33.2760009765625,59.0,0.0,19.4,5.5,27.052953135824367,33.81588594074731
9459,29.9,33.2760009765625,59.0,0.0,20.1,5.8,25.609169135206734,37.58275074056202
9460,26.9,33.2760009765625,59.0,0.0,20.7,5.9,23.865938625103897,34.05978158753117
9461,29.5,33.2760009765625,59.0,0.0,20.0,6.2,22.56488950156668,36.26946685047
9462,29.5,33.2760009765625,59.0,0.0,19.8,5.8,24.653328036682254,36.895998411004676
9463,27.4,33.2760009765625,59.0,0.0,19.1,5.8,14.71803221421199,31.815409664263594
9464,28.9,33.2760009765625,59.0,0.0,19.5,5.5,16.784508001776537,33.93535240053296
9465,28.3,33.2760009765625,59.0,0.0,20.3,6.3,25.12566375805519,35.837699127416556
9466,29.4,33.2760009765625,59.0,0.0,19.4,5.6,21.729138699071058,35.918741609721316
9467,26.3,33.2760009765625,59.0,0.0,20.3,5.6,25.941709467519033,34.08251284025571
9468,27.7,33.2760009765625,59.0,0.0,20.1,5.7,11.263351631135702,31.07900548934071
9469,25.1,33.2760009765625,59.0,0.0,19.3,6.3,10.286480068470038,28.18594402054101
9470,29.2,33.2760009765625,59.0,0.0,20.3,6.5,18.415559341109336,34.7246678023328
9471,28.1,33.2760009765625,59.0,0.0,19.4,5.6,13.381189711209394,32.11435691336282
9472,25.0,33.2760009765625,59.0,0.0,20.0,5.6,17.95689083783885,30.387067251351652
9473,26.8,33.2760009765625,59.0,0.0,20.1,5.8,22.542480742760674,33.5627442228282
9474,29.4,33.2760009765625,59.0,0.0,20.1,5.9,16.668347292568164,34.40050418777045
9475,27.3,33.2760009765625,59.0,0.0,20.7,6.2,29.83783651194138,36.25135095358242
9476,25.1,33.2760009765625,59.0,0.0,19.2,6.2,10.175356541375294,28.15260696241259
9477,27.4,33.2760009765625,59.0,0.0,20.5,6.1,19.011012979251554,33.10330389377546
9478,26.6,33.2760009765625,59.0,0.0,19.7,6.1,19.44938337535754,32.43481501260727
9479,25.3,33.2760009765625,59.0,0.0,19.0,6.2,18.48342107725086,30.845026323175258
9480,25.6,33.22600173950195,59.0,0.0,19.9,5.6,11.827053080377922,29.148115924113377
9481,25.3,33.22600173950195,59.0,0.0,19.1,6.1,28.81451809840644,33.944355429521934
9482,29.4,33.22600173950195,59.0,0.0,20.6,5.9,27.30189660827527,37.59056898248258
9483,25.3,33.22600173950195,59.0,0.0,20.6,6.1,20.64111138317947,31.49233341495384
9484,27.0,33.22600173950195,59.0,0.0,20.2,5.6,25.003708027040844,34.50111240811225
9485,28.4,33.22600173950195,59.0,0.0,19.6,6.5,28.832958282038675,37.0498874846116
9486,29.3,33.22600173950195,59.0,0.0,19.3,6.3,13.372293059425182,33.311687917827555
9487,27.5,33.22600173950195,59.0,0.0,20.8,5.6,11.820154770344127,31.04604643110324
9488,29.4,33.22600173950195,59.0,0.0,19.5,5.9,23.426475483701182,36.427942645110356
9489,29.8,33.22600173950195,59.0,0.0,20.4,6.1,26.846880256666154,37.85406407699985
9490,29.0,33.22600173950195,59.0,0.0,20.9,6.1,13.722147860574596,33.11664435817238
9491,26.7,33.22600173950195,59.0,0.0,19.5,6.5,21.163188540438295,33.04895656213149
9492,25.5,33.22600173950195,59.0,0.0,20.0,6.3,13.764656715758065,29.62939701472742
9493,29.2,33.22600173950195,59.0,0.0,20.4,5.9,29.33180930387753,37.99954279116326
9494,26.7,33.22600173950195,59.0,0.0,19.4,6.3,27.68430726479724,35.005292179439174
9495,26.5,33.22600173950195,59.0,0.0,19.6,5.8,18.38812659370044,32.01643797811013
9496,27.9,33.22600173950195,59.0,0.0,19.6,6.1,27.058082971708334,36.0174248915125
9497,28.2,33.22600173950195,59.0,0.0,19.8,6.0,19.160146396962354,33.948043919088704
9498,26.5,33.22600173950195,59.0,0.0,19.2,5.7,22.85302277930029,33.35590683379009
9499,25.8,33.22600173950195,59.0,0.0,19.8,6.2,12.412371951364396,29.52371158540932
9500,25.0,33.22600173950195,59.0,0.0,20.8,6.3,19.199821379406583,30.759946413821975
9501,27.8,33.22600173950195,59.0,0.0,19.3,5.6,26.208505796223566,35.66255173886707
9502,28.8,33.22600173950195,59.0,0.0,20.8,5.7,18.946077339481022,34.48382320184431
9503,25.8,33.22600173950195,59.0,0.0,19.9,5.7,22.70449269795258,32.61134780938578
9504,29.3,33.22600173950195,59.0,0.0,19.7,6.2,24.615311386427177,36.684593415928155
9505,29.5,33.22600173950195,59.0,0.0,20.9,5.9,26.301155711398003,37.390346713419405
9506,28.6,33.22600173950195,59.0,0.0,19.5,6.1,24.097669232305115,35.829300769691535
9507,26.9,33.22600173950195,59.0,0.0,20.3,6.1,12.595718717242852,30.678715615172855
9508,26.4,33.22600173950195,59.0,0.0,20.0,6.1,15.200310498224336,30.960093149467298
9509,27.4,33.22600173950195,59.0,0.0,20.1,6.4,22.133611982020764,34.04008359460623
9510,29.4,33.22600173950195,59.0,0.0,19.1,5.9,20.583396022405424,35.57501880672162
9511,27.1,33.22600173950195,59.0,0.0,19.8,5.6,28.64465679863525,35.69339703959058
9512,26.2,33.22600173950195,59.0,0.0,20.9,6.3,26.16665791004197,34.04999737301259
9513,27.7,33.22600173950195,59.0,0.0,20.9,6.4,15.64031907119844,32.39209572135953
9514,29.9,33.22600173950195,59.0,0.0,20.5,6.0,23.578291044349303,36.97348731330479
9515,25.1,33.22600173950195,59.0,0.0,19.0,6.3,22.6261512882744,31.887845386482322
9516,29.0,33.22600173950195,59.0,0.0,19.9,5.9,24.116062758487963,36.23481882754639
9517,28.1,33.22600173950195,59.0,0.0,19.5,5.8,15.082052846607489,32.62461585398225
9518,27.0,33.22600173950195,59.0,0.0,21.0,6.4,24.02287333254764,34.20686199976429
9519,27.1,33.22600173950195,59.0,0.0,19.3,5.8,14.238349743429007,31.371504923028702
9520,28.5,33.22600173950195,59.0,0.0,20.2,6.3,21.89480126129095,35.06844037838729
9521,25.3,33.22600173950195,59.0,0.0,20.4,5.8,27.069309699897165,33.42079290996915
9522,29.2,33.22600173950195,59.0,0.0,20.9,6.4,29.107870211204688,37.932361063361405
9523,28.5,33.22600173950195,59.0,0.0,20.4,6.5,21.855429881092817,35.05662896432784
9524,27.9,33.22600173950195,59.0,0.0,20.6,5.8,19.516827476950596,33.75504824308518
9525,25.7,33.22600173950195,59.0,0.0,20.8,6.1,17.917398342911078,31.075219502873324
9526,26.7,33.22600173950195,59.0,0.0,19.4,5.8,17.474549616181253,31.942364884854374
9527,28.8,33.22600173950195,59.0,0.0,20.8,5.9,25.295255694320225,36.38857670829607
9528,27.0,33.22600173950195,59.0,0.0,20.6,5.6,16.686879156494072,32.00606374694822
9529,29.3,33.22600173950195,59.0,0.0,19.8,6.0,22.327181821717915,35.99815454651537
9530,28.9,33.22600173950195,59.0,0.0,20.2,5.8,28.104723573617456,37.33141707208524
9531,26.1,33.22600173950195,59.0,0.0,19.9,6.2,24.529758878192077,33.45892766345762
9532,28.0,33.22600173950195,59.0,0.0,20.4,6.1,17.896730428358225,33.36901912850747
9533,26.6,33.22600173950195,59.0,0.0,20.1,5.9,13.257426201997959,30.57722786059939
9534,27.6,33.22600173950195,59.0,0.0,20.4,6.4,19.136008174265548,33.34080245227967
9535,25.3,33.22600173950195,59.0,0.0,19.7,6.4,20.669402594360083,31.500820778308025
9536,26.6,33.22600173950195,59.0,0.0,20.3,5.5,17.087647247031992,31.726294174109597
9537,26.3,33.22600173950195,59.0,0.0,19.3,6.4,19.450013530005897,32.13500405900177
9538,26.6,33.22600173950195,59.0,0.0,19.9,6.1,28.72046289033615,35.216138867100845
9539,26.6,33.22600173950195,59.0,0.0,20.6,6.4,11.363711456092782,30.009113436827835
9540,26.6,32.82600021362305,59.0,0.0,20.5,6.4,28.02004320446184,35.006012961338556
9541,27.8,32.82600021362305,59.0,0.0,19.9,5.6,13.506685763945775,31.852005729183734
9542,26.9,32.82600021362305,59.0,0.0,20.1,6.2,20.522718082285706,33.05681542468571
9543,29.8,32.82600021362305,59.0,0.0,20.1,6.2,29.6588780458575,38.69766341375725
9544,27.2,32.82600021362305,59.0,0.0,20.1,6.4,19.16431195599265,32.94929358679779
9545,26.6,32.82600021362305,59.0,0.0,20.7,5.6,14.548796395765404,30.964638918729623
9546,29.6,32.82600021362305,59.0,0.0,20.3,6.3,11.37460813129149,33.01238243938745
9547,27.4,32.82600021362305,59.0,0.0,20.7,6.3,16.809109222178392,32.44273276665351
9548,28.6,32.82600021362305,59.0,0.0,19.7,5.6,15.250699778457706,33.17520993353731
9549,25.1,32.82600021362305,59.0,0.0,20.4,6.4,22.780794797692586,31.934238439307777
9550,29.5,32.82600021362305,59.0,0.0,19.2,5.7,10.263604447506381,32.57908133425192
9551,29.5,32.82600021362305,59.0,0.0,20.2,5.7,24.909953914883676,36.972986174465106
9552,27.5,32.82600021362305,59.0,0.0,20.8,5.8,12.61582080245523,31.28474624073657
9553,25.1,32.82600021362305,59.0,0.0,20.2,6.2,20.41230632588242,31.223691897764727
9554,27.6,32.82600021362305,59.0,0.0,20.3,6.0,10.618959033266364,30.78568770997991
9555,26.9,32.82600021362305,59.0,0.0,19.8,5.6,26.4266433994417,34.827993019832505
9556,27.9,32.82600021362305,59.0,0.0,20.9,6.1,21.285767208617997,34.285730162585395
9557,26.7,32.82600021362305,59.0,0.0,19.6,5.9,28.320451403583718,35.19613542107511
9558,27.0,32.82600021362305,59.0,0.0,19.8,6.1,17.52258812632406,32.256776437897216
9559,26.4,32.82600021362305,59.0,0.0,20.9,6.0,22.175582553707436,33.05267476611223
9560,29.9,32.82600021362305,59.0,0.0,20.1,5.7,16.013112267847607,34.70393368035428
9561,26.2,32.82600021362305,59.0,0.0,20.9,6.5,23.51257784950949,33.25377335485285
9562,26.7,32.82600021362305,59.0,0.0,19.6,6.1,20.893310608077012,32.9679931824231
9563,26.8,32.82600021362305,59.0,0.0,19.0,6.0,18.196500463029047,32.258950138908716
9564,28.2,32.82600021362305,59.0,0.0,19.9,5.9,19.582855796430913,34.07485673892927
9565,27.1,32.82600021362305,59.0,0.0,19.4,5.9,24.60090976647944,34.48027292994384
9566,27.8,32.82600021362305,59.0,0.0,19.4,6.2,11.665520996774568,31.29965629903237
9567,25.4,32.82600021362305,59.0,0.0,20.3,5.9,26.527665472262182,33.358299641678656
9568,27.6,32.82600021362305,59.0,0.0,20.6,6.1,18.858740700495282,33.25762221014858
9569,26.1,32.82600021362305,59.0,0.0,19.7,5.7,19.196070264750347,31.858821079425105
9570,27.9,32.82600021362305,59.0,0.0,19.8,5.6,24.522403954829272,35.25672118644878
9571,26.9,32.82600021362305,59.0,0.0,20.8,6.2,17.233640855852446,32.07009225675573
9572,27.3,32.82600021362305,59.0,0.0,19.2,6.3,11.550569192234557,30.76517075767037
9573,29.3,32.82600021362305,59.0,0.0,19.6,6.2,12.362480030763052,33.00874400922892
9574,28.1,32.82600021362305,59.0,0.0,20.6,5.8,15.984826771828725,32.89544803154862
9575,28.1,32.82600021362305,59.0,0.0,19.4,5.6,13.204437333741733,32.061331200122524
9576,25.2,32.82600021362305,59.0,0.0,19.5,6.2,19.07787664320722,30.923362992962165
9577,25.3,32.82600021362305,59.0,0.0,20.1,6.3,19.453659198501864,31.13609775955056
9578,25.1,32.82600021362305,59.0,0.0,19.6,5.6,29.984243436130242,34.095273030839074
9579,28.4,32.82600021362305,59.0,0.0,20.3,6.4,24.674186309130796,35.80225589273924
9580,29.3,32.82600021362305,59.0,0.0,20.9,6.2,13.484637008713394,33.345391102614016
9581,27.1,32.82600021362305,59.0,0.0,20.0,6.1,21.695728923297313,33.6087186769892
9582,27.1,32.82600021362305,59.0,0.0,20.7,5.9,20.37933696006894,33.21380108802068
9583,28.4,32.82600021362305,59.0,0.0,19.0,5.8,29.27799060587563,37.183397181762686
9584,27.5,32.82600021362305,59.0,0.0,20.4,6.3,11.799903051411684,31.039970915423506
9585,26.4,32.82600021362305,59.0,0.0,20.3,6.5,13.542313978069435,30.46269419342083
9586,29.2,32.82600021362305,59.0,0.0,20.4,5.5,28.436674885080325,37.7310024655241
9587,25.6,32.82600021362305,59.0,0.0,20.0,6.2,23.040776006472598,32.51223280194178
9588,28.1,32.82600021362305,59.0,0.0,20.1,5.9,29.14917950726132,36.8447538521784
9589,29.3,32.82600021362305,59.0,0.0,19.9,5.8,10.230884430359675,32.369265329107904
9590,27.5,32.82600021362305,59.0,0.0,19.2,6.5,22.53127681429976,34.259383044289926
9591,29.8,32.82600021362305,59.0,0.0,20.4,5.8,26.296355058710112,37.688906517613034
9592,28.1,32.82600021362305,59.0,0.0,21.0,6.1,24.34822222262906,35.40446666678872
9593,29.8,32.82600021362305,59.0,0.0,19.0,5.8,16.65018922407187,34.79505676722156
9594,26.8,32.82600021362305,59.0,0.0,19.6,6.1,13.038771786640254,30.711631535992076
9595,27.6,32.82600021362305,59.0,0.0,19.0,5.9,17.814648764080836,32.94439462922425
9596,25.9,32.82600021362305,59.0,0.0,20.7,5.9,21.983851199539757,32.495155359861926
9597,25.5,32.82600021362305,59.0,0.0,20.3,6.0,25.119330514482563,33.03579915434477
9598,29.6,32.82600021362305,59.0,0.0,20.4,5.9,16.8530813689409,34.655924410682275
9599,29.7,32.82600021362305,59.0,0.0,20.4,6.0,27.50901238392929,37.952703715178785
9600,29.9,32.176002502441406,62.0,0.0,19.5,6.3,21.48627822742719,36.34588346822815
9601,28.7,32.176002502441406,62.0,0.0,19.6,6.4,26.308461580816502,36.59253847424495
9602,25.3,32.176002502441406,62.0,0.0,19.9,6.4,24.380586081673172,32.614175824501956
9603,26.3,32.176002502441406,62.0,0.0,19.5,6.4,21.454750020601917,32.736425006180575
9604,25.8,32.176002502441406,62.0,0.0,20.8,5.6,20.020902882532347,31.806270864759703
9605,28.5,32.176002502441406,62.0,0.0,20.4,6.2,15.204108565635368,33.06123256969061
9606,28.8,32.176002502441406,62.0,0.0,19.2,6.5,17.532614865656875,34.05978445969706
9607,27.7,32.176002502441406,62.0,0.0,20.2,6.0,22.42092698975489,34.42627809692647
9608,26.7,32.176002502441406,62.0,0.0,20.3,6.1,10.54234834323761,29.862704502971283
9609,29.1,32.176002502441406,62.0,0.0,20.1,6.2,12.125009050010592,32.73750271500318
9610,26.3,32.176002502441406,62.0,0.0,20.5,6.2,21.97897660195597,32.89369298058679
9611,27.2,32.176002502441406,62.0,0.0,20.8,6.2,15.248375248431724,31.774512574529517
9612,28.7,32.176002502441406,62.0,0.0,19.3,5.9,11.825285004052091,32.247585501215625
9613,27.0,32.176002502441406,62.0,0.0,19.8,6.1,22.9606829821411,33.88820489464233
9614,27.7,32.176002502441406,62.0,0.0,19.8,6.1,20.475540475728394,33.84266214271852
9615,27.2,32.176002502441406,62.0,0.0,19.2,5.8,20.17696193203379,33.253088579610136
9616,27.3,32.176002502441406,62.0,0.0,20.3,6.1,22.142173378502576,33.94265201355077
9617,28.2,32.176002502441406,62.0,0.0,19.2,6.0,16.200318777318643,33.060095633195594
9618,27.5,32.176002502441406,62.0,0.0,19.1,5.8,27.924409834829085,35.87732295044873
9619,25.1,32.176002502441406,62.0,0.0,19.6,5.6,12.77586207315914,28.93275862194774
9620,27.8,32.176002502441406,62.0,0.0,19.5,5.6,13.090409916693941,31.727122975008182
9621,27.0,32.176002502441406,62.0,0.0,20.2,6.1,18.504071766432972,32.55122152992989
9622,29.2,32.176002502441406,62.0,0.0,20.2,5.7,10.495798320898057,32.34873949626942
9623,27.3,32.176002502441406,62.0,0.0,19.2,6.0,26.339379585298204,35.201813875589465
9624,26.5,32.176002502441406,62.0,0.0,19.3,5.7,27.1088079603079,34.63264238809237
9625,29.7,32.176002502441406,62.0,0.0,19.6,6.0,14.330924533044039,33.99927735991321
9626,26.9,32.176002502441406,62.0,0.0,20.1,6.5,29.108234145731803,35.63247024371954
9627,28.3,32.176002502441406,62.0,0.0,20.2,5.5,16.13298837250764,33.13989651175229
9628,26.4,32.176002502441406,62.0,0.0,19.1,6.1,11.11476661741275,29.734429985223823
9629,26.0,32.176002502441406,62.0,0.0,20.7,6.3,21.72770481846844,32.51831144554053
9630,29.5,32.176002502441406,62.0,0.0,19.9,5.6,14.714828477446067,33.91444854323382
9631,28.9,32.176002502441406,62.0,0.0,20.8,6.0,22.358916446882525,35.607674934064754
9632,28.1,32.176002502441406,62.0,0.0,19.8,6.0,16.821583115727567,33.14647493471827
9633,26.5,32.176002502441406,62.0,0.0,19.7,6.5,10.058899989010964,29.51766999670329
9634,25.2,32.176002502441406,62.0,0.0,20.9,6.3,10.308994068883695,28.29269822066511
9635,29.9,32.176002502441406,62.0,0.0,21.0,5.6,19.01677089444345,35.605031268333036
9636,27.8,32.176002502441406,62.0,0.0,20.3,6.2,16.956546420951035,32.88696392628531
9637,27.0,32.176002502441406,62.0,0.0,20.3,6.2,22.623648387123477,33.787094516137046
9638,29.9,32.176002502441406,62.0,0.0,19.2,5.9,19.064709514100244,35.61941285423007
9639,29.6,32.176002502441406,62.0,0.0,19.4,5.8,26.840359475425082,37.65210784262753
9640,25.5,32.176002502441406,62.0,0.0,20.9,5.8,28.87332278214528,34.16199683464358
9641,28.9,32.176002502441406,62.0,0.0,20.3,6.2,14.375516782776884,33.21265503483306
9642,25.8,32.176002502441406,62.0,0.0,20.9,5.9,24.509579736327428,33.15287392089823
9643,28.7,32.176002502441406,62.0,0.0,20.4,5.6,22.30912073334507,35.39273622000352
9644,27.8,32.176002502441406,62.0,0.0,21.0,6.0,12.117130258744208,31.435139077623262
9645,26.9,32.176002502441406,62.0,0.0,20.9,6.0,12.343661763780307,30.60309852913409
9646,27.0,32.176002502441406,62.0,0.0,19.0,5.5,29.95189262835963,35.985567788507886
9647,25.1,32.176002502441406,62.0,0.0,19.1,5.9,25.710838829576467,32.81325164887294
9648,27.5,32.176002502441406,62.0,0.0,20.3,5.8,13.486618556642751,31.545985566992826
9649,25.3,32.176002502441406,62.0,0.0,20.6,6.4,25.868037507987843,33.06041125239635
9650,27.8,32.176002502441406,62.0,0.0,20.5,5.6,21.983278071304156,34.394983421391245
9651,27.0,32.176002502441406,62.0,0.0,19.7,6.1,11.00226828203332,30.300680484609995
9652,25.8,32.176002502441406,62.0,0.0,20.8,6.2,18.30769700616885,31.292309101850655
9653,29.9,32.176002502441406,62.0,0.0,20.0,5.6,24.32557944773852,37.197673834321556
9654,25.7,32.176002502441406,62.0,0.0,19.7,6.2,16.66692552016329,30.700077656048986
9655,28.9,32.176002502441406,62.0,0.0,21.0,5.5,22.284030075633048,35.58520902268991
9656,25.9,32.176002502441406,62.0,0.0,20.1,5.7,27.755950029029684,34.2267850087089
9657,27.4,32.176002502441406,62.0,0.0,20.7,5.8,11.421946253478989,30.826583876043696
9658,29.1,32.176002502441406,62.0,0.0,20.2,6.1,26.10498426099661,36.93149527829898
9659,27.5,32.176002502441406,62.0,0.0,20.0,5.8,29.994227370699594,36.498268211209876
9660,27.6,31.275999069213867,67.0,0.0,19.8,5.9,26.77231890722502,35.63169567216751
9661,28.4,31.275999069213867,67.0,0.0,19.4,6.3,11.828461763738387,31.948538529121514
9662,27.3,31.275999069213867,67.0,0.0,20.1,6.0,14.828081299293043,31.748424389787914
9663,25.9,31.275999069213867,67.0,0.0,19.8,5.8,13.484839591053978,29.94545187731619
9664,26.8,31.275999069213867,67.0,0.0,19.2,6.2,19.252065771667006,32.575619731500105
9665,28.1,31.275999069213867,67.0,0.0,20.5,5.6,23.977426466270483,35.29322793988115
9666,27.4,31.275999069213867,67.0,0.0,20.7,6.5,19.77575360229751,33.33272608068925
9667,29.8,31.275999069213867,67.0,0.0,19.4,5.8,10.043675797105534,32.81310273913166
9668,28.0,31.275999069213867,67.0,0.0,20.0,6.5,18.281160956187982,33.484348286856395
9669,26.3,31.275999069213867,67.0,0.0,20.4,5.5,25.1115893049542,33.83347679148626
9670,26.6,31.275999069213867,67.0,0.0,19.9,5.8,24.31222841018598,33.893668523055794
9671,27.3,31.275999069213867,67.0,0.0,19.5,6.2,27.656192955064174,35.59685788651925
9672,25.1,31.275999069213867,67.0,0.0,19.5,5.7,25.201003234967384,32.66030097049022
9673,27.7,31.275999069213867,67.0,0.0,19.6,5.8,27.079223677665063,35.82376710329952
9674,25.8,31.275999069213867,67.0,0.0,19.6,5.8,11.71845561266817,29.315536683800453
9675,26.7,31.275999069213867,67.0,0.0,20.6,5.6,25.465808632031777,34.33974258960953
9676,25.9,31.275999069213867,67.0,0.0,20.8,6.2,24.128909498447925,33.13867284953437
9677,28.7,31.275999069213867,67.0,0.0,20.8,6.2,17.443546947885626,33.93306408436569
9678,25.1,31.275999069213867,67.0,0.0,19.0,6.4,23.84994726024253,32.25498417807276
9679,28.7,31.275999069213867,67.0,0.0,19.5,6.5,19.980092386249172,34.69402771587475
9680,27.9,31.275999069213867,67.0,0.0,20.3,6.3,27.32303737984767,36.0969112139543
9681,27.0,31.275999069213867,67.0,0.0,20.5,6.0,17.921600420988234,32.37648012629647
9682,29.9,31.275999069213867,67.0,0.0,20.6,5.8,29.47018647735448,38.74105594320634
9683,29.4,31.275999069213867,67.0,0.0,20.5,5.7,29.46833263375758,38.240499790127274
9684,26.7,31.275999069213867,67.0,0.0,19.5,5.7,19.183391993946557,32.455017598183964
9685,28.6,31.275999069213867,67.0,0.0,19.2,6.4,26.806459309492286,36.641937792847685
9686,29.9,31.275999069213867,67.0,0.0,20.4,5.8,17.656710888281545,35.19701326648446
9687,29.5,31.275999069213867,67.0,0.0,20.6,5.8,20.780236431970067,35.73407092959102
9688,29.1,31.275999069213867,67.0,0.0,20.7,6.4,13.063922006327171,33.01917660189815
9689,28.0,31.275999069213867,67.0,0.0,19.4,5.9,10.330035983000256,31.099010794900078
9690,27.8,31.275999069213867,67.0,0.0,20.2,5.7,26.332486440932502,35.699745932279754
9691,27.7,31.275999069213867,67.0,0.0,20.1,6.4,21.84010893055068,34.252032679165204
9692,26.4,31.275999069213867,67.0,0.0,19.1,5.8,10.735291999711958,29.620587599913584
9693,27.5,31.275999069213867,67.0,0.0,19.2,6.0,12.925682106045338,31.3777046318136
9694,29.1,31.275999069213867,67.0,0.0,20.2,6.3,17.00469011754506,34.20140703526352
9695,27.4,31.275999069213867,67.0,0.0,19.7,6.0,22.335937569565385,34.10078127086961
9696,25.1,31.275999069213867,67.0,0.0,20.2,5.8,12.304371428473662,28.7913114285421
9697,28.6,31.275999069213867,67.0,0.0,19.1,6.1,22.610748745431565,35.383224623629474
9698,25.2,31.275999069213867,67.0,0.0,19.5,6.0,27.05097334839322,33.315292004517964
9699,29.2,31.275999069213867,67.0,0.0,21.0,5.8,11.57294798873716,32.671884396621145
9700,28.1,31.275999069213867,67.0,0.0,20.0,5.6,24.96613107217715,35.589839321653145
9701,28.9,31.275999069213867,67.0,0.0,20.0,6.1,23.428807680901507,35.928642304270454
9702,25.8,31.275999069213867,67.0,0.0,20.4,6.0,17.73075401162179,31.119226203486537
9703,29.7,31.275999069213867,67.0,0.0,20.5,5.8,25.621183979448503,37.38635519383455
9704,28.8,31.275999069213867,67.0,0.0,19.9,6.0,17.83632816912003,34.15089845073601
9705,25.3,31.275999069213867,67.0,0.0,19.2,6.3,29.697685534837593,34.20930566045128
9706,26.8,31.275999069213867,67.0,0.0,19.6,6.0,10.04860569512509,29.814581708537528
9707,28.0,31.275999069213867,67.0,0.0,19.7,6.0,26.963637896070676,36.0890913688212
9708,28.9,31.275999069213867,67.0,0.0,20.7,6.0,26.11484707604849,36.73445412281455
9709,25.1,31.275999069213867,67.0,0.0,20.8,6.4,20.796554656937957,31.33896639708139
9710,25.3,31.275999069213867,67.0,0.0,20.4,6.4,20.22185792986827,31.366557378960483
9711,29.9,31.275999069213867,67.0,0.0,19.7,6.3,23.48747818536007,36.94624345560802
9712,25.1,31.275999069213867,67.0,0.0,19.8,6.2,24.511106510992725,32.45333195329782
9713,29.4,31.275999069213867,67.0,0.0,20.8,6.3,19.668422813447762,35.30052684403433
9714,28.1,31.275999069213867,67.0,0.0,20.3,5.7,28.684392712697765,36.70531781380933
9715,29.4,31.275999069213867,67.0,0.0,20.1,6.0,26.16167668218329,37.248503004654985
9716,25.5,31.275999069213867,67.0,0.0,19.1,6.2,15.960808371852973,30.288242511555893
9717,25.8,31.275999069213867,67.0,0.0,19.8,6.3,20.852900253427613,32.055870076028285
9718,25.4,31.275999069213867,67.0,0.0,19.0,5.8,12.182639088185493,29.054791726455647
9719,27.4,31.275999069213867,67.0,0.0,19.3,5.8,22.803500293421493,34.24105008802645
9720,27.1,30.17599868774414,73.0,0.0,20.8,5.5,23.098698824282778,34.029609647284836
9721,25.3,30.17599868774414,73.0,0.0,20.8,5.9,29.45159800854731,34.135479402564194
9722,26.6,30.17599868774414,73.0,0.0,20.1,5.9,18.797007423236067,32.23910222697082
9723,25.2,30.17599868774414,73.0,0.0,20.8,6.3,17.066756118210215,30.320026835463064
9724,27.6,30.17599868774414,73.0,0.0,20.1,6.0,18.347195696523467,33.104158708957044
9725,28.0,30.17599868774414,73.0,0.0,19.0,6.3,28.442736287514787,36.532820886254434
9726,25.4,30.17599868774414,73.0,0.0,19.0,5.7,25.684974688458347,33.1054924065375
9727,25.1,30.17599868774414,73.0,0.0,19.6,5.7,27.202117816428853,33.26063534492866
9728,25.0,30.17599868774414,73.0,0.0,19.7,6.0,13.430169519403432,29.02905085582103
9729,27.8,30.17599868774414,73.0,0.0,20.3,5.8,26.27928021205482,35.68378406361644
9730,26.2,30.17599868774414,73.0,0.0,20.5,6.2,26.182487199516356,34.05474615985491
9731,27.7,30.17599868774414,73.0,0.0,20.1,6.2,19.501185159705656,33.55035554791169
9732,27.6,30.17599868774414,73.0,0.0,19.9,5.8,18.965591618053143,33.28967748541594
9733,27.1,30.17599868774414,73.0,0.0,20.3,5.6,21.813899459902004,33.6441698379706
9734,29.3,30.17599868774414,73.0,0.0,20.1,5.7,18.1980565231667,34.75941695695001
9735,27.4,30.17599868774414,73.0,0.0,19.2,5.8,27.307165675214105,35.59214970256423
9736,25.6,30.17599868774414,73.0,0.0,19.8,5.6,15.449449184946928,30.23483475548408
9737,27.0,30.17599868774414,73.0,0.0,20.5,5.6,24.413831017310883,34.32414930519327
9738,27.1,30.17599868774414,73.0,0.0,19.5,6.4,28.547667192794457,35.66430015783834
9739,27.7,30.17599868774414,73.0,0.0,19.1,6.5,11.213125932075926,31.063937779622776
9740,27.1,30.17599868774414,73.0,0.0,20.1,5.7,28.3523103344742,35.605693100342265
9741,28.4,30.17599868774414,73.0,0.0,19.6,5.7,21.15905822205292,34.747717466615875
9742,28.8,30.17599868774414,73.0,0.0,20.5,6.5,27.215739936366134,36.96472198090984
9743,28.6,30.17599868774414,73.0,0.0,19.8,6.1,27.879863994713464,36.96395919841404
9744,26.0,30.17599868774414,73.0,0.0,19.9,6.4,11.965789627031302,29.589736888109393
9745,29.0,30.17599868774414,73.0,0.0,19.8,6.1,16.3896831635029,33.916904949050874
9746,25.9,30.17599868774414,73.0,0.0,20.2,6.4,12.888499790029282,29.766549937008783
9747,27.0,30.17599868774414,73.0,0.0,20.4,6.0,26.102897816346772,34.83086934490403
9748,25.7,30.17599868774414,73.0,0.0,20.8,5.7,17.430365940110725,30.929109782033215
9749,28.9,30.17599868774414,73.0,0.0,19.3,5.9,28.674502770200753,37.50235083106023
9750,28.0,30.17599868774414,73.0,0.0,19.4,5.6,20.41105287135766,34.1233158614073
9751,25.9,30.17599868774414,73.0,0.0,20.4,5.5,10.610104314826652,29.083031294447995
9752,27.3,30.17599868774414,73.0,0.0,20.4,6.1,23.985196661593534,34.49555899847806
9753,25.6,30.17599868774414,73.0,0.0,20.2,6.0,17.863848258839237,30.959154477651772
9754,26.3,30.17599868774414,73.0,0.0,20.1,5.5,14.0463941293737,30.51391823881211
9755,28.5,30.17599868774414,73.0,0.0,20.9,6.2,27.615863190143596,36.78475895704308
9756,26.4,30.17599868774414,73.0,0.0,19.5,5.9,21.26782955279957,32.78034886583987
9757,29.4,30.17599868774414,73.0,0.0,19.7,6.1,18.540982065389297,34.962294619616785
9758,27.5,30.17599868774414,73.0,0.0,19.7,5.6,22.701580287058974,34.310474086117694
9759,29.4,30.17599868774414,73.0,0.0,19.1,5.9,10.369325186017559,32.51079755580527
9760,29.0,30.17599868774414,73.0,0.0,19.2,6.2,16.53061373963886,33.95918412189166
9761,25.8,30.17599868774414,73.0,0.0,20.4,5.9,25.221604719380505,33.36648141581415
9762,26.8,30.17599868774414,73.0,0.0,19.9,6.0,18.13282079226531,32.23984623767959
9763,26.2,30.17599868774414,73.0,0.0,20.3,5.8,23.657745778746317,33.2973237336239
9764,27.8,30.17599868774414,73.0,0.0,20.7,6.2,12.73749301719764,31.621247905159294
9765,27.9,30.17599868774414,73.0,0.0,20.7,6.5,12.128142686393385,31.538442805918013
9766,27.6,30.17599868774414,73.0,0.0,19.1,5.9,14.603708710825682,31.981112613247706
9767,27.3,30.17599868774414,73.0,0.0,19.1,5.6,26.075524376313936,35.122657312894184
9768,28.5,30.17599868774414,73.0,0.0,19.5,5.7,16.25743503809761,33.37723051142928
9769,26.8,30.17599868774414,73.0,0.0,20.3,5.8,29.528515596137847,35.658554678841355
9770,28.9,30.17599868774414,73.0,0.0,20.4,5.7,23.75647412987492,36.02694223896248
9771,27.0,30.17599868774414,73.0,0.0,20.5,6.2,25.211195472632102,34.563358641789634
9772,28.6,30.17599868774414,73.0,0.0,19.7,6.0,21.025351001681454,34.907605300504436
9773,27.7,30.17599868774414,73.0,0.0,19.1,5.9,24.199504766646438,34.95985142999393
9774,25.4,30.17599868774414,73.0,0.0,20.6,6.3,26.816019610712544,33.44480588321376
9775,25.7,30.17599868774414,73.0,0.0,19.1,5.5,15.41819422432076,30.325458267296227
9776,28.7,30.17599868774414,73.0,0.0,19.9,6.2,22.441009457343327,35.432302837203
9777,28.4,30.17599868774414,73.0,0.0,20.9,6.0,28.331217791086825,36.899365337326046
9778,29.9,30.17599868774414,73.0,0.0,19.3,6.4,26.125409966939888,37.73762299008197
9779,28.0,30.17599868774414,73.0,0.0,20.2,6.5,27.700189931060706,36.31005697931821
9780,27.4,29.125999450683597,79.0,0.0,19.8,5.9,28.826706849173817,36.04801205475214
9781,25.4,29.125999450683597,79.0,0.0,19.7,6.2,25.67964664115674,33.10389399234702
9782,27.5,29.125999450683597,79.0,0.0,20.4,6.3,14.466703713995553,31.840011114198667
9783,29.3,29.125999450683597,79.0,0.0,19.4,6.3,17.090002455502017,34.427000736650605
9784,28.9,29.125999450683597,79.0,0.0,20.0,6.0,28.17419355889563,37.352258067668686
9785,25.9,29.125999450683597,79.0,0.0,20.6,5.9,21.17983793874334,32.253951381623
9786,25.7,29.125999450683597,79.0,0.0,19.7,5.6,10.4894588902619,28.84683766707857
9787,28.5,29.125999450683597,79.0,0.0,19.7,6.4,19.98075135626549,34.49422540687965
9788,29.7,29.125999450683597,79.0,0.0,20.3,5.7,22.7019820850285,36.510594625508546
9789,29.5,29.125999450683597,79.0,0.0,19.9,5.7,12.762550789966056,33.32876523698982
9790,28.5,29.125999450683597,79.0,0.0,19.3,5.9,21.224944965858597,34.86748348975758
9791,25.7,29.125999450683597,79.0,0.0,20.7,6.2,17.81688799381305,31.045066398143916
9792,29.7,29.125999450683597,79.0,0.0,20.8,5.7,23.047180243572818,36.614154073071845
9793,27.5,29.125999450683597,79.0,0.0,19.7,6.5,20.562954871026804,33.66888646130804
9794,29.9,29.125999450683597,79.0,0.0,19.4,6.3,20.11178260937278,35.93353478281183
9795,27.0,29.125999450683597,79.0,0.0,20.5,5.9,14.013347073391277,31.204004122017384
9796,25.5,29.125999450683597,79.0,0.0,20.9,6.4,10.27285112465501,28.581855337396505
9797,28.4,29.125999450683597,79.0,0.0,20.4,6.2,26.600950717106898,36.38028521513207
9798,27.7,29.125999450683597,79.0,0.0,19.0,5.6,17.820076373032435,33.04602291190973
9799,27.6,29.125999450683597,79.0,0.0,20.2,6.4,11.7707619289558,31.13122857868674
9800,25.5,29.125999450683597,79.0,0.0,21.0,6.0,18.5600405695109,31.06801217085327
9801,26.1,29.125999450683597,79.0,0.0,19.7,5.7,18.116472734547166,31.53494182036415
9802,29.1,29.125999450683597,79.0,0.0,20.2,6.0,19.42554552370591,34.92766365711177
9803,25.1,29.125999450683597,79.0,0.0,20.2,5.7,14.422552557754106,29.426765767326234
9804,27.0,29.125999450683597,79.0,0.0,19.4,5.8,23.002056994347427,33.90061709830423
9805,25.4,29.125999450683597,79.0,0.0,19.2,5.9,10.385725249717375,28.51571757491521
9806,27.8,29.125999450683597,79.0,0.0,20.1,6.2,16.761498931937417,32.828449679581226
9807,29.1,29.125999450683597,79.0,0.0,19.2,5.6,12.156251859481284,32.74687555784438
9808,29.7,29.125999450683597,79.0,0.0,20.9,6.2,28.650203736879956,38.29506112106399
9809,26.1,29.125999450683597,79.0,0.0,21.0,6.0,25.111657875755085,33.63349736272653
9810,26.8,29.125999450683597,79.0,0.0,19.5,6.1,18.52412783558487,32.35723835067546
9811,28.8,29.125999450683597,79.0,0.0,20.0,6.3,13.447385249991425,32.83421557499743
9812,25.5,29.125999450683597,79.0,0.0,20.2,5.8,19.497071009533677,31.3491213028601
9813,29.0,29.125999450683597,79.0,0.0,20.4,6.2,22.648231812585866,35.79446954377576
9814,29.5,29.125999450683597,79.0,0.0,20.7,6.5,10.352594439879237,32.60577833196377
9815,28.1,29.125999450683597,79.0,0.0,19.3,6.2,28.36333983504079,36.60900195051224
9816,25.9,29.125999450683597,79.0,0.0,19.3,6.1,28.799374516616542,34.53981235498496
9817,27.5,29.125999450683597,79.0,0.0,19.5,6.2,24.760050542026992,34.9280151626081
9818,28.1,29.125999450683597,79.0,0.0,19.6,6.2,13.697519899818113,32.20925596994543
9819,26.7,29.125999450683597,79.0,0.0,19.4,5.9,10.68219441615496,29.904658324846487
9820,27.6,29.125999450683597,79.0,0.0,19.1,5.5,16.531866024416576,32.55955980732497
9821,27.8,29.125999450683597,79.0,0.0,20.0,6.4,29.691364601152873,36.707409380345865
9822,29.6,29.125999450683597,79.0,0.0,19.9,6.1,21.387708687742848,36.016312606322856
9823,25.7,29.125999450683597,79.0,0.0,20.7,5.9,13.06608485117427,29.61982545535228
9824,27.9,29.125999450683597,79.0,0.0,19.3,5.6,11.829670603674156,31.448901181102244
9825,29.2,29.125999450683597,79.0,0.0,20.5,5.6,24.501868815607224,36.550560644682164
9826,27.8,29.125999450683597,79.0,0.0,20.8,6.1,20.064661452100367,33.81939843563011
9827,28.5,29.125999450683597,79.0,0.0,19.1,6.0,21.87832510906864,35.06349753272059
9828,25.3,29.125999450683597,79.0,0.0,20.6,5.6,28.197045114860032,33.75911353445801
9829,25.9,29.125999450683597,79.0,0.0,19.9,6.3,25.60128911558116,33.58038673467435
9830,27.9,29.125999450683597,79.0,0.0,19.6,5.7,12.517742017780822,31.655322605334245
9831,25.5,29.125999450683597,79.0,0.0,19.6,6.2,20.4559624962541,31.636788748876228
9832,27.1,29.125999450683597,79.0,0.0,20.8,6.1,11.588249144656384,30.576474743396915
9833,28.1,29.125999450683597,79.0,0.0,19.7,5.6,10.308828677519429,31.19264860325583
9834,28.0,29.125999450683597,79.0,0.0,19.7,5.5,15.66538985754778,32.69961695726433
9835,26.8,29.125999450683597,79.0,0.0,20.2,5.7,22.917016098752104,33.67510482962563
9836,27.7,29.125999450683597,79.0,0.0,19.2,5.7,14.665776532857064,32.09973295985712
9837,29.6,29.125999450683597,79.0,0.0,20.4,5.6,10.866698711160858,32.86000961334826
9838,25.3,29.125999450683597,79.0,0.0,20.7,6.4,12.007515190503783,28.902254557151135
9839,27.5,29.125999450683597,79.0,0.0,19.7,6.5,10.703385906549416,30.711015771964824
9840,25.7,28.17599868774414,83.0,0.0,20.9,5.8,15.211644378197862,30.263493313459357
9841,26.3,28.17599868774414,83.0,0.0,19.2,6.2,22.28122159203927,32.98436647761178
9842,28.8,28.17599868774414,83.0,0.0,19.8,5.9,17.922190125361936,34.17665703760858
9843,29.9,28.17599868774414,83.0,0.0,20.5,6.2,18.297624982439842,35.38928749473195
9844,27.2,28.17599868774414,83.0,0.0,19.3,5.8,20.624056919597823,33.38721707587935
9845,25.9,28.17599868774414,83.0,0.0,20.9,6.4,12.931101352498505,29.77933040574955
9846,28.0,28.17599868774414,83.0,0.0,19.6,5.6,21.467838815076384,34.44035164452291
9847,25.8,28.17599868774414,83.0,0.0,20.2,5.9,26.298663567834595,33.68959907035038
9848,26.4,28.17599868774414,83.0,0.0,19.2,5.7,29.02369549916635,35.107108649749904
9849,26.7,28.17599868774414,83.0,0.0,19.5,5.6,17.738702074123214,32.02161062223696
9850,28.7,28.17599868774414,83.0,0.0,19.1,6.4,22.24545552156873,35.373636656470616
9851,26.6,28.17599868774414,83.0,0.0,19.2,6.4,25.351111239800055,34.205333371940014
9852,26.7,28.17599868774414,83.0,0.0,20.3,6.4,17.851580192708887,32.05547405781267
9853,27.7,28.17599868774414,83.0,0.0,20.7,6.3,20.803278018880306,33.94098340566409
9854,26.3,28.17599868774414,83.0,0.0,19.7,5.5,15.734798746382609,31.020439623914783
9855,27.7,28.17599868774414,83.0,0.0,20.8,6.3,11.642890929510726,31.192867278853218
9856,27.6,28.17599868774414,83.0,0.0,19.0,6.3,18.140518021311987,33.0421554063936
9857,26.2,28.17599868774414,83.0,0.0,19.6,5.9,17.741296639924855,31.522388991977454
9858,27.0,28.17599868774414,83.0,0.0,20.5,5.6,23.732300643949273,34.11969019318478
9859,26.6,28.17599868774414,83.0,0.0,19.1,5.6,12.578444891434462,30.37353346743034
9860,26.5,28.17599868774414,83.0,0.0,20.2,6.2,16.752038932094216,31.525611679628263
9861,26.9,28.17599868774414,83.0,0.0,20.7,6.0,20.26022038026285,32.97806611407886
9862,29.8,28.17599868774414,83.0,0.0,19.2,6.3,22.904707044813364,36.671412113444006
9863,29.0,28.17599868774414,83.0,0.0,19.1,5.5,13.060402907855481,32.918120872356646
9864,25.1,28.17599868774414,83.0,0.0,20.6,6.1,23.66198938049008,32.198596814147024
9865,27.7,28.17599868774414,83.0,0.0,19.5,6.2,14.082051792376733,31.92461553771302
9866,28.8,28.17599868774414,83.0,0.0,21.0,5.8,14.444549413329469,33.13336482399884
9867,27.3,28.17599868774414,83.0,0.0,20.5,6.1,14.626885927750417,31.688065778325125
9868,29.0,28.17599868774414,83.0,0.0,20.3,6.1,27.601501310258943,37.280450393077686
9869,26.9,28.17599868774414,83.0,0.0,20.3,5.9,22.537130120969397,33.66113903629082
9870,25.8,28.17599868774414,83.0,0.0,19.2,5.5,11.327428206328689,29.19822846189861
9871,27.4,28.17599868774414,83.0,0.0,20.1,6.0,29.98366160305051,36.39509848091515
9872,25.8,28.17599868774414,83.0,0.0,20.7,6.1,22.447227377492588,32.534168213247774
9873,27.0,28.17599868774414,83.0,0.0,19.5,5.9,22.82804797512048,33.84841439253614
9874,26.6,28.17599868774414,83.0,0.0,20.1,6.2,21.205060233364595,32.961518070009376
9875,28.8,28.17599868774414,83.0,0.0,20.8,6.2,28.705842492424797,37.41175274772744
9876,25.9,28.17599868774414,83.0,0.0,21.0,6.5,22.80334339200239,32.74100301760072
9877,27.4,28.17599868774414,83.0,0.0,19.6,6.0,18.173732030469555,32.852119609140864
9878,27.4,28.17599868774414,83.0,0.0,19.8,5.8,27.433781270266515,35.630134381079955
9879,29.3,28.17599868774414,83.0,0.0,20.3,5.8,29.771337513239537,38.23140125397186
9880,29.8,28.17599868774414,83.0,0.0,20.2,6.2,10.495104199116856,32.948531259735056
9881,30.0,28.17599868774414,83.0,0.0,19.4,6.4,26.59103200459278,37.97730960137783
9882,27.6,28.17599868774414,83.0,0.0,20.0,6.4,10.26583325238004,30.679749975714014
9883,27.0,28.17599868774414,83.0,0.0,19.7,5.9,27.755547033050597,35.32666410991518
9884,27.3,28.17599868774414,83.0,0.0,20.5,6.4,18.912130045311528,32.973639013593456
9885,28.1,28.17599868774414,83.0,0.0,19.5,5.6,23.37508601775426,35.11252580532628
9886,27.4,28.17599868774414,83.0,0.0,19.8,6.2,19.26344411444932,33.179033234334796
9887,26.7,28.17599868774414,83.0,0.0,19.4,6.4,19.803020910483376,32.64090627314501
9888,25.8,28.17599868774414,83.0,0.0,20.9,5.8,16.822743544176678,30.846823063253005
9889,26.1,28.17599868774414,83.0,0.0,19.5,6.1,11.316897704070996,29.4950693112213
9890,25.8,28.17599868774414,83.0,0.0,20.1,6.3,23.337458273758493,32.80123748212755
9891,25.9,28.17599868774414,83.0,0.0,20.0,5.9,20.587331210775808,32.07619936323274
9892,27.1,28.17599868774414,83.0,0.0,19.9,6.0,18.19115238705134,32.55734571611541
9893,28.3,28.17599868774414,83.0,0.0,20.7,5.9,17.48546642450427,33.54563992735128
9894,29.1,28.17599868774414,83.0,0.0,20.3,6.2,27.688940680695197,37.40668220420856
9895,27.9,28.17599868774414,83.0,0.0,19.4,6.1,22.96643848206296,34.78993154461889
9896,25.5,28.17599868774414,83.0,0.0,20.7,5.5,22.4580484849625,32.23741454548875
9897,29.8,28.17599868774414,83.0,0.0,20.2,5.9,12.032446629654638,33.40973398889639
9898,25.6,28.17599868774414,83.0,0.0,19.0,6.4,19.44337927528774,31.433013782586322
9899,29.2,28.17599868774414,83.0,0.0,19.2,5.7,16.79901605327478,34.239704815982435
9900,28.5,27.32599830627441,87.0,0.0,20.8,5.9,15.614601190822711,33.184380357246816
9901,25.6,27.32599830627441,87.0,0.0,19.7,6.3,14.137469184949614,29.841240755484886
9902,26.9,27.32599830627441,87.0,0.0,19.5,5.8,16.01924571654972,31.705773714964913
9903,25.1,27.32599830627441,87.0,0.0,19.1,5.9,26.833648096277955,33.150094428883385
9904,29.7,27.32599830627441,87.0,0.0,20.7,6.2,18.659253355622077,35.297776006686625
9905,26.2,27.32599830627441,87.0,0.0,19.4,5.6,16.755199154520426,31.226559746356127
9906,25.3,27.32599830627441,87.0,0.0,20.6,6.0,27.979407982116957,33.69382239463509
9907,27.7,27.32599830627441,87.0,0.0,19.9,5.7,19.678358407365344,33.603507522209604
9908,26.9,27.32599830627441,87.0,0.0,19.2,6.4,10.771566161408636,30.13146984842259
9909,25.8,27.32599830627441,87.0,0.0,20.8,6.1,18.943432785929964,31.48302983577899
9910,25.7,27.32599830627441,87.0,0.0,19.2,6.1,28.20701795590609,34.16210538677183
9911,28.5,27.32599830627441,87.0,0.0,19.3,6.0,10.362861362095632,31.60885840862869
9912,25.8,27.32599830627441,87.0,0.0,20.5,5.6,25.361712103678624,33.40851363110359
9913,26.0,27.32599830627441,87.0,0.0,19.2,6.3,23.019054707217546,32.90571641216526
9914,28.9,27.32599830627441,87.0,0.0,20.3,5.9,20.008436673985216,34.902531002195566
9915,26.2,27.32599830627441,87.0,0.0,20.2,5.6,27.259736294061568,34.37792088821847
9916,26.2,27.32599830627441,87.0,0.0,19.3,6.0,17.744472967416804,31.52334189022504
9917,25.9,27.32599830627441,87.0,0.0,20.8,5.6,12.246695910271061,29.574008773081317
9918,30.0,27.32599830627441,87.0,0.0,20.2,6.5,23.62187518023761,37.086562554071286
9919,25.8,27.32599830627441,87.0,0.0,19.1,6.2,17.352963927105762,31.005889178131728
9920,26.5,27.32599830627441,87.0,0.0,20.2,6.3,15.554825866627668,31.1664477599883
9921,27.5,27.32599830627441,87.0,0.0,20.1,6.5,19.382462541125157,33.31473876233755
9922,28.6,27.32599830627441,87.0,0.0,19.7,6.4,16.141856150866424,33.44255684525993
9923,27.9,27.32599830627441,87.0,0.0,19.3,5.9,25.99608573310865,35.69882571993259
9924,27.5,27.32599830627441,87.0,0.0,19.8,6.4,26.24255518317836,35.37276655495351
9925,29.6,27.32599830627441,87.0,0.0,20.2,5.5,13.275988827322827,33.58279664819685
9926,26.8,27.32599830627441,87.0,0.0,20.8,5.7,28.596774867968705,35.37903246039061
9927,29.9,27.32599830627441,87.0,0.0,20.1,5.7,24.51881386762205,37.255644160286614
9928,27.9,27.32599830627441,87.0,0.0,19.9,6.1,19.596574845529375,33.77897245365881
9929,28.5,27.32599830627441,87.0,0.0,20.5,6.4,28.95817184854615,37.18745155456384
9930,27.8,27.32599830627441,87.0,0.0,19.8,6.3,17.732526335631142,33.11975790068934
9931,29.5,27.32599830627441,87.0,0.0,20.3,6.0,16.709229459159566,34.51276883774787
9932,25.8,27.32599830627441,87.0,0.0,20.3,6.3,21.02569426793703,32.10770828038111
9933,25.5,27.32599830627441,87.0,0.0,19.2,6.4,17.848993355618976,30.854698006685695
9934,28.2,27.32599830627441,87.0,0.0,20.1,5.6,12.470865165775455,31.941259549732635
9935,27.6,27.32599830627441,87.0,0.0,19.7,5.9,15.506828981024281,32.252048694307284
9936,27.6,27.32599830627441,87.0,0.0,19.9,5.6,28.489183529396513,36.146755058818954
9937,28.2,27.32599830627441,87.0,0.0,19.8,5.7,29.563590808536734,37.06907724256102
9938,28.7,27.32599830627441,87.0,0.0,19.6,6.0,20.072462802745598,34.721738840823676
9939,26.7,27.32599830627441,87.0,0.0,19.9,5.8,16.076661119384347,31.522998335815302
9940,26.3,27.32599830627441,87.0,0.0,19.9,5.5,17.836016190464118,31.650804857139235
9941,26.6,27.32599830627441,87.0,0.0,20.0,5.6,24.848943707228145,34.05468311216845
9942,27.9,27.32599830627441,87.0,0.0,20.8,5.9,26.414963353920683,35.8244890061762
9943,27.1,27.32599830627441,87.0,0.0,19.3,5.6,22.546462106961624,33.86393863208849
9944,27.4,27.32599830627441,87.0,0.0,20.9,5.6,25.131424970339957,34.93942749110199
9945,29.5,27.32599830627441,87.0,0.0,20.3,6.1,17.855111659267976,34.85653349778039
9946,28.9,27.32599830627441,87.0,0.0,19.2,6.3,16.522586002855384,33.85677580085661
9947,26.8,27.32599830627441,87.0,0.0,20.8,5.8,16.698327197550412,31.809498159265125
9948,28.4,27.32599830627441,87.0,0.0,20.2,6.4,21.49045541721152,34.84713662516346
9949,27.4,27.32599830627441,87.0,0.0,20.5,6.2,13.370652274742197,31.411195682422658
9950,26.9,27.32599830627441,87.0,0.0,19.5,5.8,12.576511447668537,30.67295343430056
9951,28.6,27.32599830627441,87.0,0.0,20.5,5.9,23.703847458007044,35.71115423740211
9952,29.0,27.32599830627441,87.0,0.0,20.6,5.6,18.593263862750742,34.57797915882522
9953,28.3,27.32599830627441,87.0,0.0,20.9,5.9,29.422959394131276,37.12688781823938
9954,29.6,27.32599830627441,87.0,0.0,19.3,5.9,19.589440588297826,35.47683217648935
9955,27.3,27.32599830627441,87.0,0.0,20.7,6.3,16.16108847908088,32.14832654372427
9956,25.7,27.32599830627441,87.0,0.0,19.5,5.6,23.309335160196685,32.692800548059004
9957,25.1,27.32599830627441,87.0,0.0,19.6,6.2,12.301881629847546,28.790564488954267
9958,26.5,27.32599830627441,87.0,0.0,19.6,5.7,11.01417812678826,29.80425343803648
9959,26.6,27.32599830627441,87.0,0.0,20.0,6.4,25.06131560112109,34.11839468033633
9960,27.7,26.67599868774414,89.0,0.0,20.9,5.6,27.5011362753899,35.95034088261697
9961,25.3,26.67599868774414,89.0,0.0,19.9,5.7,14.9222809833108,29.77668429499324
9962,26.6,26.67599868774414,89.0,0.0,20.6,6.1,29.67833011179916,35.50349903353975
9963,25.4,26.67599868774414,89.0,0.0,20.1,5.8,27.245881365252554,33.573764409575766
9964,26.5,26.67599868774414,89.0,0.0,20.8,5.8,21.28457655789253,32.88537296736776
9965,25.0,26.67599868774414,89.0,0.0,20.2,6.3,10.6462877545742,28.193886326372258
9966,25.7,26.67599868774414,89.0,0.0,19.3,6.5,18.712449428930867,31.31373482867926
9967,28.3,26.67599868774414,89.0,0.0,20.0,6.2,14.11512098974197,32.53453629692259
9968,27.0,26.67599868774414,89.0,0.0,19.4,6.2,10.290509307576842,30.087152792273052
9969,26.5,26.67599868774414,89.0,0.0,19.7,5.8,26.656269409167397,34.49688082275022
9970,25.5,26.67599868774414,89.0,0.0,20.5,5.8,26.20564635168398,33.36169390550519
9971,29.8,26.67599868774414,89.0,0.0,19.2,6.2,17.052528540326215,34.915758562097864
9972,25.4,26.67599868774414,89.0,0.0,19.3,6.5,21.46286873600818,31.838860620802453
9973,25.9,26.67599868774414,89.0,0.0,19.2,6.2,11.966085919540914,29.489825775862272
9974,28.6,26.67599868774414,89.0,0.0,19.8,6.5,29.57339303196023,37.47201790958807
9975,26.6,26.67599868774414,89.0,0.0,20.6,6.2,12.500126379385678,30.350037913815704
9976,28.3,26.67599868774414,89.0,0.0,20.5,5.6,26.524440665921908,36.25733219977657
9977,26.7,26.67599868774414,89.0,0.0,19.9,5.9,16.283418792500903,31.58502563775027
9978,29.0,26.67599868774414,89.0,0.0,19.0,5.9,26.75949230178544,37.02784769053563
9979,27.6,26.67599868774414,89.0,0.0,20.1,5.7,28.325969905705456,36.09779097171164
9980,26.4,26.67599868774414,89.0,0.0,19.9,6.2,10.64921662290599,29.594764986871795
9981,29.7,26.67599868774414,89.0,0.0,19.5,5.8,17.352874270531302,34.905862281159386
9982,28.7,26.67599868774414,89.0,0.0,20.3,6.0,21.705405091309657,35.21162152739289
9983,28.4,26.67599868774414,89.0,0.0,19.2,5.6,14.45838886014658,32.73751665804397
9984,26.3,26.67599868774414,89.0,0.0,20.1,6.0,26.82044034788171,34.346132104364514
9985,29.2,26.67599868774414,89.0,0.0,20.9,5.9,16.94180414976398,34.28254124492919
9986,26.7,26.67599868774414,89.0,0.0,20.2,6.1,25.41405852389201,34.3242175571676
9987,29.8,26.67599868774414,89.0,0.0,19.5,5.6,25.507226682502907,37.452168004750874
9988,26.5,26.67599868774414,89.0,0.0,19.3,6.1,27.980573348946166,34.89417200468385
9989,28.6,26.67599868774414,89.0,0.0,19.6,6.3,13.43120184947214,32.62936055484164
9990,26.2,26.67599868774414,89.0,0.0,20.6,6.4,13.101556258951852,30.130466877685556
9991,25.3,26.67599868774414,89.0,0.0,20.7,5.8,29.65100828941426,34.195302486824275
9992,29.5,26.67599868774414,89.0,0.0,20.6,5.8,29.72405273933412,38.417215821800234
9993,27.1,26.67599868774414,89.0,0.0,19.8,6.1,18.424926754927828,32.62747802647835
9994,25.9,26.67599868774414,89.0,0.0,20.8,6.3,22.10675156102328,32.53202546830698
9995,25.8,26.67599868774414,89.0,0.0,19.7,5.6,15.327375842791245,30.398212752837374
9996,29.3,26.67599868774414,89.0,0.0,19.0,5.5,26.414974421110987,37.2244923263333
9997,26.8,26.67599868774414,89.0,0.0,19.5,5.6,15.53745928739384,31.461237786218152
9998,28.4,26.67599868774414,89.0,0.0,19.8,6.1,10.526150956173524,31.557845286852057
9999,29.8,26.67599868774414,89.0,0.0,20.9,5.5,13.82213919488801,33.946641758466406
10000,26.8,26.67599868774414,89.0,0.0,20.4,5.5,15.26751637718779,31.38025491315634
10001,26.1,26.67599868774414,89.0,0.0,20.7,6.4,17.382220368588648,31.314666110576596
10002,25.5,26.67599868774414,89.0,0.0,19.0,6.4,16.872725638258494,30.561817691477547
10003,29.4,26.67599868774414,89.0,0.0,20.4,6.2,27.97945396823889,37.793836190471666
10004,26.5,26.67599868774414,89.0,0.0,19.7,5.9,14.472434041682254,30.841730212504675
10005,25.6,26.67599868774414,89.0,0.0,19.9,5.8,13.320505758360534,29.59615172750816
10006,27.7,26.67599868774414,89.0,0.0,19.9,6.1,19.50399969610957,33.55119990883287
10007,25.4,26.67599868774414,89.0,0.0,20.8,6.4,16.744766172553458,30.423429851766038
10008,26.8,26.67599868774414,89.0,0.0,19.4,6.1,17.54062121332198,32.062186363996595
10009,26.4,26.67599868774414,89.0,0.0,20.3,6.3,19.59096507186485,32.27728952155945
10010,25.4,26.67599868774414,89.0,0.0,19.9,6.3,29.30976253660972,34.192928760982916
10011,27.2,26.67599868774414,89.0,0.0,20.1,6.0,29.77407723648899,36.132223170946695
10012,28.4,26.67599868774414,89.0,0.0,20.5,5.9,20.343889921776316,34.503166976532896
10013,26.5,26.67599868774414,89.0,0.0,21.0,5.7,19.74283869643355,32.42285160893007
10014,27.7,26.67599868774414,89.0,0.0,20.5,6.1,19.782788761853425,33.63483662855603
10015,27.6,26.67599868774414,89.0,0.0,19.4,5.7,23.737826400034923,34.72134792001048
10016,27.8,26.67599868774414,89.0,0.0,20.1,6.5,22.72809696930319,34.618429090790954
10017,28.8,26.67599868774414,89.0,0.0,19.6,5.8,14.511000203525576,33.15330006105767
10018,27.5,26.67599868774414,89.0,0.0,20.1,5.6,27.85078271834979,35.855234815504936
10019,28.4,26.67599868774414,89.0,0.0,20.8,6.0,21.88610454282845,34.96583136284853
10020,28.6,26.32599830627441,90.0,0.0,20.4,6.3,21.450400372918946,35.035120111875685
10021,29.4,26.32599830627441,90.0,0.0,19.4,6.4,24.006618730030507,36.60198561900915
10022,27.3,26.32599830627441,90.0,0.0,19.0,6.5,25.725509552359256,35.017652865707774
10023,27.6,26.32599830627441,90.0,0.0,19.7,5.7,11.460318581316358,31.03809557439491
10024,26.9,26.32599830627441,90.0,0.0,20.9,6.1,13.270852868896316,30.881255860668894
10025,27.9,26.32599830627441,90.0,0.0,20.9,6.1,11.679910671612701,31.403973201483808
10026,26.9,26.32599830627441,90.0,0.0,20.9,6.4,14.447807041203113,31.23434211236093
10027,27.4,26.32599830627441,90.0,0.0,19.8,6.3,16.65671103137784,32.39701330941335
10028,29.9,26.32599830627441,90.0,0.0,19.8,6.3,18.648672452779763,35.494601735833925
10029,26.7,26.32599830627441,90.0,0.0,21.0,5.9,20.217056040785828,32.765116812235746
10030,26.3,26.32599830627441,90.0,0.0,19.2,5.7,26.54335483456041,34.263006450368124
10031,25.6,26.32599830627441,90.0,0.0,20.4,5.7,22.32377943053431,32.297133829160295
10032,26.1,26.32599830627441,90.0,0.0,19.3,6.1,23.748317769518376,33.22449533085551
10033,28.9,26.32599830627441,90.0,0.0,21.0,6.3,13.434658286552743,32.93039748596582
10034,28.9,26.32599830627441,90.0,0.0,20.8,6.2,11.601874688904608,32.38056240667138
10035,27.3,26.32599830627441,90.0,0.0,19.2,5.6,21.988393316897152,33.896517995069146
10036,29.6,26.32599830627441,90.0,0.0,20.4,5.9,15.663456425013136,34.29903692750394
10037,29.0,26.32599830627441,90.0,0.0,20.5,6.2,29.55601837294336,37.86680551188301
10038,26.8,26.32599830627441,90.0,0.0,20.9,5.7,28.33974700205853,35.30192410061756
10039,25.1,26.32599830627441,90.0,0.0,19.3,6.4,29.13135159431264,33.83940547829379
10040,29.4,26.32599830627441,90.0,0.0,20.1,5.7,18.733038333946656,35.019911500183994
10041,29.6,26.32599830627441,90.0,0.0,20.6,6.1,13.654801845597751,33.696440553679324
10042,28.3,26.32599830627441,90.0,0.0,19.5,6.1,17.225897103096965,33.46776913092909
10043,28.5,26.32599830627441,90.0,0.0,20.6,6.5,12.660788236927017,32.298236471078106
10044,29.3,26.32599830627441,90.0,0.0,20.5,6.2,15.825190746518325,34.0475572239555
10045,25.2,26.32599830627441,90.0,0.0,20.2,5.6,23.517972265554953,32.25539167966649
10046,25.0,26.32599830627441,90.0,0.0,19.0,5.9,27.03200080143264,33.10960024042979
10047,25.9,26.32599830627441,90.0,0.0,19.3,6.3,15.959323090296822,30.687796927089046
10048,25.3,26.32599830627441,90.0,0.0,20.9,5.9,26.97134840708289,33.391404522124866
10049,28.7,26.32599830627441,90.0,0.0,20.0,5.7,22.11386940346857,35.33416082104057
10050,28.7,26.32599830627441,90.0,0.0,21.0,5.7,16.997390309973994,33.799217092992194
10051,28.9,26.32599830627441,90.0,0.0,20.5,5.5,27.23982183129111,37.071946549387334
10052,25.7,26.32599830627441,90.0,0.0,19.7,5.8,24.53881352512857,33.06164405753857
10053,29.0,26.32599830627441,90.0,0.0,20.4,6.5,14.003619681055596,33.20108590431668
10054,25.8,26.32599830627441,90.0,0.0,20.8,5.8,26.804122308400263,33.84123669252008
10055,28.0,26.32599830627441,90.0,0.0,19.2,6.3,11.2813172434914,31.38439517304742
10056,26.7,26.32599830627441,90.0,0.0,20.8,5.6,28.13323806367904,35.13997141910371
10057,26.9,26.32599830627441,90.0,0.0,19.4,6.3,21.429294197744156,33.32878825932325
10058,26.9,26.32599830627441,90.0,0.0,20.2,6.2,22.2631313914682,33.57893941744046
10059,26.8,26.32599830627441,90.0,0.0,20.6,6.0,18.040871661536496,32.21226149846095
10060,28.5,26.32599830627441,90.0,0.0,19.8,6.0,24.255091712232257,35.77652751366968
10061,28.1,26.32599830627441,90.0,0.0,19.5,6.0,19.695524351893827,34.00865730556815
10062,26.8,26.32599830627441,90.0,0.0,19.4,5.5,23.188628495013795,33.75658854850414
10063,29.6,26.32599830627441,90.0,0.0,19.4,6.2,22.85679858871307,36.45703957661392
10064,26.3,26.32599830627441,90.0,0.0,19.9,6.1,15.023992085761272,30.80719762572838
10065,25.6,26.32599830627441,90.0,0.0,19.6,6.4,23.35744985942185,32.607234957826556
10066,27.7,26.32599830627441,90.0,0.0,19.6,6.3,20.114266977528935,33.73428009325868
10067,26.7,26.32599830627441,90.0,0.0,19.1,5.9,26.01931088287388,34.50579326486216
10068,29.9,26.32599830627441,90.0,0.0,20.2,6.4,29.436848519079017,38.7310545557237
10069,27.6,26.32599830627441,90.0,0.0,20.5,6.4,22.595039479603756,34.37851184388113
10070,27.3,26.32599830627441,90.0,0.0,20.6,5.9,18.952880837108307,32.98586425113249
10071,26.0,26.32599830627441,90.0,0.0,20.2,6.4,27.864514105351528,34.35935423160546
10072,25.2,26.32599830627441,90.0,0.0,19.8,5.5,28.4751562909326,33.74254688727978
10073,27.8,26.32599830627441,90.0,0.0,20.7,5.9,12.978559778021951,31.693567933406587
10074,29.9,26.32599830627441,90.0,0.0,19.1,6.1,24.651926417299613,37.29557792518988
10075,25.8,26.32599830627441,90.0,0.0,20.9,5.7,29.818672655373085,34.74560179661192
10076,27.4,26.32599830627441,90.0,0.0,19.0,6.0,19.60890259129546,33.28267077738864
10077,26.7,26.32599830627441,90.0,0.0,19.2,6.2,21.33079071298187,33.09923721389456
10078,25.2,26.32599830627441,90.0,0.0,20.6,6.0,12.223195260814997,28.8669585782445
10079,27.5,26.32599830627441,90.0,0.0,20.6,6.0,13.189265421472616,31.456779626441786
