id,temperature,humidity,rain,salinity,ph,soil_moisture
20250428000000,26.67599868774414,89.0,0.0,20.1,6.5,32.4
20250428000100,26.67599868774414,89.0,0.0,20.0,5.5,23.8
20250428000200,26.67599868774414,89.0,0.0,20.0,6.4,24.6
20250428000300,26.67599868774414,89.0,0.0,20.0,5.6,35.5
20250428000400,26.67599868774414,89.0,0.0,19.5,5.9,26.8
20250428000500,26.67599868774414,89.0,0.0,19.2,6.5,23.0
20250428000600,26.67599868774414,89.0,0.0,19.8,6.5,17.4
20250428000700,26.67599868774414,89.0,0.0,20.0,6.4,20.7
20250428000800,26.67599868774414,89.0,0.0,20.4,5.5,38.5
20250428000900,26.67599868774414,89.0,0.0,19.1,5.7,30.6
20250428001000,26.67599868774414,89.0,0.0,20.1,6.2,34.8
20250428001100,26.67599868774414,89.0,0.0,20.6,6.5,34.9
20250428001200,26.67599868774414,89.0,0.0,20.1,5.6,36.1
20250428001300,26.67599868774414,89.0,0.0,20.2,5.7,16.5
20250428001400,26.67599868774414,89.0,0.0,19.6,5.7,29.4
20250428001500,26.67599868774414,89.0,0.0,20.9,6.1,28.4
20250428001600,26.67599868774414,89.0,0.0,19.5,5.6,16.9
20250428001700,26.67599868774414,89.0,0.0,19.7,5.7,21.6
20250428001800,26.67599868774414,89.0,0.0,19.6,6.0,29.2
20250428001900,26.67599868774414,89.0,0.0,20.6,5.9,35.0
20250428002000,26.67599868774414,89.0,0.0,19.1,5.9,27.5
20250428002100,26.67599868774414,89.0,0.0,20.7,6.5,17.9
20250428002200,26.67599868774414,89.0,0.0,19.6,6.0,37.4
20250428002300,26.67599868774414,89.0,0.0,20.9,5.7,35.3
20250428002400,26.67599868774414,89.0,0.0,20.8,5.6,23.2
20250428002500,26.67599868774414,89.0,0.0,20.5,5.8,31.9
20250428002600,26.67599868774414,89.0,0.0,19.0,5.9,33.7
20250428002700,26.67599868774414,89.0,0.0,20.4,5.9,38.7
20250428002800,26.67599868774414,89.0,0.0,20.8,5.9,33.9
20250428002900,26.67599868774414,89.0,0.0,21.0,5.6,27.0
20250428003000,26.67599868774414,89.0,0.0,20.1,5.7,34.9
20250428003100,26.67599868774414,89.0,0.0,20.8,6.1,18.0
20250428003200,26.67599868774414,89.0,0.0,20.9,6.0,32.1
20250428003300,26.67599868774414,89.0,0.0,21.0,5.8,18.4
20250428003400,26.67599868774414,89.0,0.0,19.1,6.3,26.9
20250428003500,26.67599868774414,89.0,0.0,19.4,5.6,19.5
20250428003600,26.67599868774414,89.0,0.0,20.2,5.9,30.2
20250428003700,26.67599868774414,89.0,0.0,20.5,5.9,18.9
20250428003800,26.67599868774414,89.0,0.0,20.5,5.8,15.4
20250428003900,26.67599868774414,89.0,0.0,19.3,5.8,26.3
20250428004000,26.67599868774414,89.0,0.0,20.6,5.8,35.3
20250428004100,26.67599868774414,89.0,0.0,20.7,5.8,28.9
20250428004200,26.67599868774414,89.0,0.0,20.6,5.6,19.2
20250428004300,26.67599868774414,89.0,0.0,19.7,6.4,21.1
20250428004400,26.67599868774414,89.0,0.0,20.7,6.2,26.9
20250428004500,26.67599868774414,89.0,0.0,20.8,6.4,25.8
20250428004600,26.67599868774414,89.0,0.0,20.7,6.2,29.5
20250428004700,26.67599868774414,89.0,0.0,21.0,5.7,22.3
20250428004800,26.67599868774414,89.0,0.0,20.1,6.1,32.4
20250428004900,26.67599868774414,89.0,0.0,20.0,5.6,25.3
20250428005000,26.67599868774414,89.0,0.0,20.1,5.9,21.2
20250428005100,26.67599868774414,89.0,0.0,20.1,6.1,28.9
20250428005200,26.67599868774414,89.0,0.0,19.6,5.8,26.2
20250428005300,26.67599868774414,89.0,0.0,19.9,6.1,27.5
20250428005400,26.67599868774414,89.0,0.0,20.4,6.3,17.8
20250428005500,26.67599868774414,89.0,0.0,21.0,5.6,38.2
20250428005600,26.67599868774414,89.0,0.0,19.6,5.9,32.4
20250428005700,26.67599868774414,89.0,0.0,19.4,6.4,34.8
20250428005800,26.67599868774414,89.0,0.0,20.4,6.1,17.5
20250428005900,26.67599868774414,89.0,0.0,20.2,5.6,18.2
20250428010000,26.525999069213867,90.0,0.0,20.1,6.4,26.3
20250428010100,26.525999069213867,90.0,0.0,19.6,6.0,27.5
20250428010200,26.525999069213867,90.0,0.0,20.9,5.9,37.6
20250428010300,26.525999069213867,90.0,0.0,20.3,6.5,19.3
20250428010400,26.525999069213867,90.0,0.0,19.4,6.3,34.9
20250428010500,26.525999069213867,90.0,0.0,20.1,6.2,33.9
20250428010600,26.525999069213867,90.0,0.0,20.4,5.8,28.9
20250428010700,26.525999069213867,90.0,0.0,20.4,5.8,21.6
20250428010800,26.525999069213867,90.0,0.0,20.4,6.2,20.1
20250428010900,26.525999069213867,90.0,0.0,19.2,6.5,27.7
20250428011000,26.525999069213867,90.0,0.0,19.0,5.6,22.8
20250428011100,26.525999069213867,90.0,0.0,19.6,6.3,20.9
20250428011200,26.525999069213867,90.0,0.0,20.3,6.4,37.1
20250428011300,26.525999069213867,90.0,0.0,19.5,5.7,29.4
20250428011400,26.525999069213867,90.0,0.0,20.0,6.0,37.4
20250428011500,26.525999069213867,90.0,0.0,19.1,6.2,35.8
20250428011600,26.525999069213867,90.0,0.0,19.7,5.7,31.2
20250428011700,26.525999069213867,90.0,0.0,20.1,6.0,35.0
20250428011800,26.525999069213867,90.0,0.0,20.1,5.6,29.2
20250428011900,26.525999069213867,90.0,0.0,19.9,6.1,24.7
20250428012000,26.525999069213867,90.0,0.0,20.9,6.2,18.8
20250428012100,26.525999069213867,90.0,0.0,20.1,6.0,25.9
20250428012200,26.525999069213867,90.0,0.0,19.8,5.9,28.1
20250428012300,26.525999069213867,90.0,0.0,20.6,5.6,39.0
20250428012400,26.525999069213867,90.0,0.0,19.5,5.7,34.3
20250428012500,26.525999069213867,90.0,0.0,19.2,5.9,36.8
20250428012600,26.525999069213867,90.0,0.0,19.4,5.7,30.5
20250428012700,26.525999069213867,90.0,0.0,20.3,6.2,38.2
20250428012800,26.525999069213867,90.0,0.0,20.9,6.0,33.8
20250428012900,26.525999069213867,90.0,0.0,19.6,5.7,32.8
20250428013000,26.525999069213867,90.0,0.0,21.0,5.7,18.4
20250428013100,26.525999069213867,90.0,0.0,19.0,5.6,34.4
20250428013200,26.525999069213867,90.0,0.0,19.0,6.4,33.3
20250428013300,26.525999069213867,90.0,0.0,20.9,5.6,39.9
20250428013400,26.525999069213867,90.0,0.0,20.2,6.3,34.5
20250428013500,26.525999069213867,90.0,0.0,20.3,6.4,20.3
20250428013600,26.525999069213867,90.0,0.0,19.5,6.4,29.6
20250428013700,26.525999069213867,90.0,0.0,19.9,5.8,35.4
20250428013800,26.525999069213867,90.0,0.0,20.6,5.6,34.6
20250428013900,26.525999069213867,90.0,0.0,20.1,5.6,29.0
20250428014000,26.525999069213867,90.0,0.0,20.9,6.5,17.6
20250428014100,26.525999069213867,90.0,0.0,20.3,5.9,26.1
20250428014200,26.525999069213867,90.0,0.0,19.9,6.5,24.6
20250428014300,26.525999069213867,90.0,0.0,20.1,5.8,24.9
20250428014400,26.525999069213867,90.0,0.0,19.7,6.0,20.5
20250428014500,26.525999069213867,90.0,0.0,19.3,5.9,16.1
20250428014600,26.525999069213867,90.0,0.0,20.7,6.3,29.3
20250428014700,26.525999069213867,90.0,0.0,19.6,6.3,29.5
20250428014800,26.525999069213867,90.0,0.0,19.6,6.0,17.5
20250428014900,26.525999069213867,90.0,0.0,19.5,6.0,25.9
20250428015000,26.525999069213867,90.0,0.0,19.7,5.8,17.4
20250428015100,26.525999069213867,90.0,0.0,20.1,5.7,29.7
20250428015200,26.525999069213867,90.0,0.0,20.0,6.1,36.4
20250428015300,26.525999069213867,90.0,0.0,20.6,5.8,19.0
20250428015400,26.525999069213867,90.0,0.0,20.5,6.0,33.1
20250428015500,26.525999069213867,90.0,0.0,20.9,6.0,30.3
20250428015600,26.525999069213867,90.0,0.0,19.2,6.0,38.8
20250428015700,26.525999069213867,90.0,0.0,19.9,6.1,23.5
20250428015800,26.525999069213867,90.0,0.0,20.1,6.4,29.1
20250428015900,26.525999069213867,90.0,0.0,20.5,5.9,18.2
20250428020000,26.47599983215332,90.0,0.0,20.4,5.6,22.7
20250428020100,26.47599983215332,90.0,0.0,19.0,6.0,29.0
20250428020200,26.47599983215332,90.0,0.0,19.8,5.6,24.2
20250428020300,26.47599983215332,90.0,0.0,19.9,6.1,17.5
20250428020400,26.47599983215332,90.0,0.0,19.5,5.5,15.3
20250428020500,26.47599983215332,90.0,0.0,20.2,5.7,16.8
20250428020600,26.47599983215332,90.0,0.0,19.0,6.3,25.0
20250428020700,26.47599983215332,90.0,0.0,20.9,6.4,28.4
20250428020800,26.47599983215332,90.0,0.0,20.9,5.9,24.2
20250428020900,26.47599983215332,90.0,0.0,19.1,6.3,35.4
20250428021000,26.47599983215332,90.0,0.0,19.7,5.5,31.7
20250428021100,26.47599983215332,90.0,0.0,20.7,5.8,30.5
20250428021200,26.47599983215332,90.0,0.0,19.4,5.9,33.5
20250428021300,26.47599983215332,90.0,0.0,20.6,5.7,22.1
20250428021400,26.47599983215332,90.0,0.0,20.6,6.0,29.3
20250428021500,26.47599983215332,90.0,0.0,19.9,6.0,31.6
20250428021600,26.47599983215332,90.0,0.0,19.4,6.4,39.7
20250428021700,26.47599983215332,90.0,0.0,19.3,6.0,28.1
20250428021800,26.47599983215332,90.0,0.0,19.4,5.8,24.4
20250428021900,26.47599983215332,90.0,0.0,21.0,5.9,16.8
20250428022000,26.47599983215332,90.0,0.0,19.0,6.0,21.3
20250428022100,26.47599983215332,90.0,0.0,21.0,6.4,19.5
20250428022200,26.47599983215332,90.0,0.0,20.2,6.5,20.1
20250428022300,26.47599983215332,90.0,0.0,20.4,6.3,27.4
20250428022400,26.47599983215332,90.0,0.0,19.2,6.3,24.5
20250428022500,26.47599983215332,90.0,0.0,19.6,5.5,37.6
20250428022600,26.47599983215332,90.0,0.0,20.8,6.0,38.4
20250428022700,26.47599983215332,90.0,0.0,19.5,5.6,34.1
20250428022800,26.47599983215332,90.0,0.0,20.6,6.0,31.3
20250428022900,26.47599983215332,90.0,0.0,20.0,5.6,34.9
20250428023000,26.47599983215332,90.0,0.0,19.1,5.6,19.0
20250428023100,26.47599983215332,90.0,0.0,20.3,5.9,19.1
20250428023200,26.47599983215332,90.0,0.0,20.8,6.2,39.1
20250428023300,26.47599983215332,90.0,0.0,19.4,6.3,20.1
20250428023400,26.47599983215332,90.0,0.0,19.5,6.2,30.1
20250428023500,26.47599983215332,90.0,0.0,20.0,6.4,30.7
20250428023600,26.47599983215332,90.0,0.0,19.8,5.7,29.7
20250428023700,26.47599983215332,90.0,0.0,20.6,5.5,34.3
20250428023800,26.47599983215332,90.0,0.0,20.3,6.1,39.6
20250428023900,26.47599983215332,90.0,0.0,19.6,6.0,23.5
20250428024000,26.47599983215332,90.0,0.0,19.2,5.5,36.5
20250428024100,26.47599983215332,90.0,0.0,19.9,6.5,27.9
20250428024200,26.47599983215332,90.0,0.0,20.6,5.9,37.1
20250428024300,26.47599983215332,90.0,0.0,20.7,5.7,26.4
20250428024400,26.47599983215332,90.0,0.0,19.3,5.8,26.0
20250428024500,26.47599983215332,90.0,0.0,19.7,6.3,34.7
20250428024600,26.47599983215332,90.0,0.0,20.9,5.8,20.9
20250428024700,26.47599983215332,90.0,0.0,19.5,5.8,24.5
20250428024800,26.47599983215332,90.0,0.0,20.4,6.3,27.0
20250428024900,26.47599983215332,90.0,0.0,20.6,5.9,19.0
20250428025000,26.47599983215332,90.0,0.0,20.3,6.5,37.5
20250428025100,26.47599983215332,90.0,0.0,21.0,6.0,34.4
20250428025200,26.47599983215332,90.0,0.0,20.0,5.6,36.8
20250428025300,26.47599983215332,90.0,0.0,20.9,6.4,37.0
20250428025400,26.47599983215332,90.0,0.0,19.9,6.1,24.1
20250428025500,26.47599983215332,90.0,0.0,20.1,5.6,30.8
20250428025600,26.47599983215332,90.0,0.0,20.9,6.1,37.5
20250428025700,26.47599983215332,90.0,0.0,20.0,6.5,32.7
20250428025800,26.47599983215332,90.0,0.0,20.5,6.4,35.8
20250428025900,26.47599983215332,90.0,0.0,19.2,6.0,34.4
20250428030000,26.525999069213867,90.0,0.0,20.8,5.5,31.4
20250428030100,26.525999069213867,90.0,0.0,19.5,6.0,34.5
20250428030200,26.525999069213867,90.0,0.0,20.7,5.6,17.3
20250428030300,26.525999069213867,90.0,0.0,19.3,6.3,16.9
20250428030400,26.525999069213867,90.0,0.0,20.1,5.7,18.0
20250428030500,26.525999069213867,90.0,0.0,21.0,6.4,23.5
20250428030600,26.525999069213867,90.0,0.0,21.0,6.0,38.0
20250428030700,26.525999069213867,90.0,0.0,20.2,5.8,32.1
20250428030800,26.525999069213867,90.0,0.0,20.1,6.1,33.5
20250428030900,26.525999069213867,90.0,0.0,20.8,6.3,21.0
20250428031000,26.525999069213867,90.0,0.0,20.5,6.1,25.2
20250428031100,26.525999069213867,90.0,0.0,20.9,6.2,35.2
20250428031200,26.525999069213867,90.0,0.0,20.6,6.2,34.2
20250428031300,26.525999069213867,90.0,0.0,20.7,5.6,19.4
20250428031400,26.525999069213867,90.0,0.0,20.5,6.5,28.4
20250428031500,26.525999069213867,90.0,0.0,19.1,6.4,25.2
20250428031600,26.525999069213867,90.0,0.0,19.9,6.2,37.1
20250428031700,26.525999069213867,90.0,0.0,19.7,6.3,32.2
20250428031800,26.525999069213867,90.0,0.0,19.6,6.3,30.1
20250428031900,26.525999069213867,90.0,0.0,19.9,6.3,31.7
20250428032000,26.525999069213867,90.0,0.0,20.2,6.3,38.9
20250428032100,26.525999069213867,90.0,0.0,19.5,5.9,27.8
20250428032200,26.525999069213867,90.0,0.0,20.4,6.0,37.8
20250428032300,26.525999069213867,90.0,0.0,19.3,6.5,33.5
20250428032400,26.525999069213867,90.0,0.0,19.2,5.7,36.9
20250428032500,26.525999069213867,90.0,0.0,20.6,5.5,37.6
20250428032600,26.525999069213867,90.0,0.0,20.6,5.7,24.2
20250428032700,26.525999069213867,90.0,0.0,19.1,6.0,28.9
20250428032800,26.525999069213867,90.0,0.0,20.3,6.4,27.2
20250428032900,26.525999069213867,90.0,0.0,19.4,5.6,18.5
20250428033000,26.525999069213867,90.0,0.0,20.2,6.0,33.8
20250428033100,26.525999069213867,90.0,0.0,20.1,6.3,37.2
20250428033200,26.525999069213867,90.0,0.0,20.8,6.2,32.3
20250428033300,26.525999069213867,90.0,0.0,20.3,5.7,25.7
20250428033400,26.525999069213867,90.0,0.0,19.4,6.0,17.7
20250428033500,26.525999069213867,90.0,0.0,19.1,6.0,19.4
20250428033600,26.525999069213867,90.0,0.0,20.8,5.7,16.4
20250428033700,26.525999069213867,90.0,0.0,19.6,6.4,23.4
20250428033800,26.525999069213867,90.0,0.0,20.4,6.3,31.2
20250428033900,26.525999069213867,90.0,0.0,19.5,6.3,21.4
20250428034000,26.525999069213867,90.0,0.0,20.5,6.0,36.3
20250428034100,26.525999069213867,90.0,0.0,19.6,5.6,26.3
20250428034200,26.525999069213867,90.0,0.0,20.2,6.0,30.4
20250428034300,26.525999069213867,90.0,0.0,20.7,5.9,15.7
20250428034400,26.525999069213867,90.0,0.0,19.5,5.7,36.6
20250428034500,26.525999069213867,90.0,0.0,19.7,5.9,30.1
20250428034600,26.525999069213867,90.0,0.0,20.7,6.4,19.0
20250428034700,26.525999069213867,90.0,0.0,20.3,5.7,36.2
20250428034800,26.525999069213867,90.0,0.0,20.1,6.0,16.9
20250428034900,26.525999069213867,90.0,0.0,20.3,6.0,28.5
20250428035000,26.525999069213867,90.0,0.0,20.2,6.0,34.1
20250428035100,26.525999069213867,90.0,0.0,19.9,5.6,27.7
20250428035200,26.525999069213867,90.0,0.0,19.2,6.4,39.1
20250428035300,26.525999069213867,90.0,0.0,20.3,5.8,33.7
20250428035400,26.525999069213867,90.0,0.0,19.4,6.5,15.2
20250428035500,26.525999069213867,90.0,0.0,19.2,6.4,38.6
20250428035600,26.525999069213867,90.0,0.0,19.3,5.8,35.9
20250428035700,26.525999069213867,90.0,0.0,19.6,6.0,24.5
20250428035800,26.525999069213867,90.0,0.0,19.0,5.8,27.0
20250428035900,26.525999069213867,90.0,0.0,20.9,6.1,30.4
20250428040000,26.47599983215332,91.0,0.0,19.7,6.5,32.7
20250428040100,26.47599983215332,91.0,0.0,19.0,6.1,28.6
20250428040200,26.47599983215332,91.0,0.0,20.2,5.9,20.2
20250428040300,26.47599983215332,91.0,0.0,20.5,6.1,21.0
20250428040400,26.47599983215332,91.0,0.0,19.4,5.7,33.5
20250428040500,26.47599983215332,91.0,0.0,19.8,6.2,15.6
20250428040600,26.47599983215332,91.0,0.0,20.2,6.2,27.3
20250428040700,26.47599983215332,91.0,0.0,20.5,6.5,38.7
20250428040800,26.47599983215332,91.0,0.0,19.5,5.9,24.1
20250428040900,26.47599983215332,91.0,0.0,19.2,5.6,30.5
20250428041000,26.47599983215332,91.0,0.0,20.1,5.6,35.2
20250428041100,26.47599983215332,91.0,0.0,19.4,5.9,15.1
20250428041200,26.47599983215332,91.0,0.0,20.6,6.1,35.6
20250428041300,26.47599983215332,91.0,0.0,19.7,5.8,21.2
20250428041400,26.47599983215332,91.0,0.0,20.7,6.1,18.2
20250428041500,26.47599983215332,91.0,0.0,20.8,6.4,36.9
20250428041600,26.47599983215332,91.0,0.0,20.3,6.4,30.9
20250428041700,26.47599983215332,91.0,0.0,19.5,6.1,30.7
20250428041800,26.47599983215332,91.0,0.0,19.1,6.1,39.1
20250428041900,26.47599983215332,91.0,0.0,21.0,6.4,15.0
20250428042000,26.47599983215332,91.0,0.0,19.4,5.7,26.8
20250428042100,26.47599983215332,91.0,0.0,19.8,6.4,22.6
20250428042200,26.47599983215332,91.0,0.0,20.5,5.9,16.5
20250428042300,26.47599983215332,91.0,0.0,19.6,6.3,16.8
20250428042400,26.47599983215332,91.0,0.0,19.8,6.0,20.7
20250428042500,26.47599983215332,91.0,0.0,20.8,6.0,18.4
20250428042600,26.47599983215332,91.0,0.0,19.0,5.7,33.0
20250428042700,26.47599983215332,91.0,0.0,20.0,6.0,31.3
20250428042800,26.47599983215332,91.0,0.0,20.7,5.5,23.6
20250428042900,26.47599983215332,91.0,0.0,19.7,6.2,29.2
20250428043000,26.47599983215332,91.0,0.0,20.2,5.7,34.1
20250428043100,26.47599983215332,91.0,0.0,19.9,6.1,34.8
20250428043200,26.47599983215332,91.0,0.0,20.8,6.1,39.9
20250428043300,26.47599983215332,91.0,0.0,20.9,5.7,28.4
20250428043400,26.47599983215332,91.0,0.0,19.8,6.5,20.1
20250428043500,26.47599983215332,91.0,0.0,20.5,5.9,19.0
20250428043600,26.47599983215332,91.0,0.0,20.1,5.7,23.4
20250428043700,26.47599983215332,91.0,0.0,19.0,6.0,15.8
20250428043800,26.47599983215332,91.0,0.0,19.8,6.4,16.9
20250428043900,26.47599983215332,91.0,0.0,19.6,6.0,34.8
20250428044000,26.47599983215332,91.0,0.0,19.8,5.6,23.9
20250428044100,26.47599983215332,91.0,0.0,19.3,6.2,27.5
20250428044200,26.47599983215332,91.0,0.0,19.5,6.4,26.9
20250428044300,26.47599983215332,91.0,0.0,19.6,5.8,39.1
20250428044400,26.47599983215332,91.0,0.0,20.9,6.4,35.8
20250428044500,26.47599983215332,91.0,0.0,20.3,6.0,25.8
20250428044600,26.47599983215332,91.0,0.0,20.4,5.6,39.6
20250428044700,26.47599983215332,91.0,0.0,19.8,6.0,24.3
20250428044800,26.47599983215332,91.0,0.0,20.0,6.2,33.3
20250428044900,26.47599983215332,91.0,0.0,19.1,5.9,28.7
20250428045000,26.47599983215332,91.0,0.0,19.8,6.1,20.4
20250428045100,26.47599983215332,91.0,0.0,20.5,6.3,19.4
20250428045200,26.47599983215332,91.0,0.0,20.8,5.9,39.5
20250428045300,26.47599983215332,91.0,0.0,20.7,5.8,19.6
20250428045400,26.47599983215332,91.0,0.0,20.1,6.1,17.1
20250428045500,26.47599983215332,91.0,0.0,20.1,6.3,21.1
20250428045600,26.47599983215332,91.0,0.0,19.0,5.6,30.7
20250428045700,26.47599983215332,91.0,0.0,19.2,5.6,15.3
20250428045800,26.47599983215332,91.0,0.0,20.7,5.6,34.8
20250428045900,26.47599983215332,91.0,0.0,20.8,6.0,15.6
20250428050000,26.42599868774414,92.0,0.0,20.6,5.9,17.3
20250428050100,26.42599868774414,92.0,0.0,20.6,6.2,39.7
20250428050200,26.42599868774414,92.0,0.0,19.6,5.8,27.1
20250428050300,26.42599868774414,92.0,0.0,20.7,6.1,20.2
20250428050400,26.42599868774414,92.0,0.0,19.2,5.9,22.4
20250428050500,26.42599868774414,92.0,0.0,19.7,5.6,39.7
20250428050600,26.42599868774414,92.0,0.0,19.9,6.3,27.7
20250428050700,26.42599868774414,92.0,0.0,20.8,6.5,19.9
20250428050800,26.42599868774414,92.0,0.0,19.1,5.9,17.5
20250428050900,26.42599868774414,92.0,0.0,19.2,6.1,31.2
20250428051000,26.42599868774414,92.0,0.0,20.3,6.2,22.5
20250428051100,26.42599868774414,92.0,0.0,19.8,5.7,29.7
20250428051200,26.42599868774414,92.0,0.0,19.3,5.8,31.6
20250428051300,26.42599868774414,92.0,0.0,19.7,5.8,20.3
20250428051400,26.42599868774414,92.0,0.0,20.1,6.3,27.8
20250428051500,26.42599868774414,92.0,0.0,20.4,5.5,20.8
20250428051600,26.42599868774414,92.0,0.0,20.4,5.7,28.6
20250428051700,26.42599868774414,92.0,0.0,20.4,5.6,32.4
20250428051800,26.42599868774414,92.0,0.0,20.4,6.0,36.0
20250428051900,26.42599868774414,92.0,0.0,19.5,6.3,30.7
20250428052000,26.42599868774414,92.0,0.0,20.2,6.2,17.5
20250428052100,26.42599868774414,92.0,0.0,20.5,5.5,21.2
20250428052200,26.42599868774414,92.0,0.0,20.0,6.4,16.6
20250428052300,26.42599868774414,92.0,0.0,19.7,5.8,27.0
20250428052400,26.42599868774414,92.0,0.0,19.8,6.2,31.8
20250428052500,26.42599868774414,92.0,0.0,20.5,6.5,27.0
20250428052600,26.42599868774414,92.0,0.0,20.9,6.3,25.8
20250428052700,26.42599868774414,92.0,0.0,19.7,5.7,28.3
20250428052800,26.42599868774414,92.0,0.0,20.4,5.6,30.7
20250428052900,26.42599868774414,92.0,0.0,20.7,6.3,24.8
20250428053000,26.42599868774414,92.0,0.0,20.1,5.5,30.2
20250428053100,26.42599868774414,92.0,0.0,19.3,6.5,18.4
20250428053200,26.42599868774414,92.0,0.0,20.9,5.5,28.2
20250428053300,26.42599868774414,92.0,0.0,21.0,5.7,39.1
20250428053400,26.42599868774414,92.0,0.0,20.7,5.8,25.8
20250428053500,26.42599868774414,92.0,0.0,20.7,6.0,34.1
20250428053600,26.42599868774414,92.0,0.0,19.7,5.5,19.5
20250428053700,26.42599868774414,92.0,0.0,20.1,5.6,26.2
20250428053800,26.42599868774414,92.0,0.0,20.0,6.2,23.9
20250428053900,26.42599868774414,92.0,0.0,19.1,6.3,37.9
20250428054000,26.42599868774414,92.0,0.0,19.8,6.4,38.9
20250428054100,26.42599868774414,92.0,0.0,20.7,6.2,28.7
20250428054200,26.42599868774414,92.0,0.0,20.9,5.9,39.6
20250428054300,26.42599868774414,92.0,0.0,20.0,6.4,22.4
20250428054400,26.42599868774414,92.0,0.0,19.1,5.7,38.7
20250428054500,26.42599868774414,92.0,0.0,19.2,6.0,16.8
20250428054600,26.42599868774414,92.0,0.0,20.4,5.7,30.5
20250428054700,26.42599868774414,92.0,0.0,20.8,5.8,22.6
20250428054800,26.42599868774414,92.0,0.0,19.0,5.6,16.5
20250428054900,26.42599868774414,92.0,0.0,19.0,6.3,16.1
20250428055000,26.42599868774414,92.0,0.0,19.1,6.0,32.9
20250428055100,26.42599868774414,92.0,0.0,20.2,6.0,36.3
20250428055200,26.42599868774414,92.0,0.0,19.9,5.9,37.9
20250428055300,26.42599868774414,92.0,0.0,20.1,6.2,17.7
20250428055400,26.42599868774414,92.0,0.0,19.0,6.1,36.1
20250428055500,26.42599868774414,92.0,0.0,19.9,5.6,23.9
20250428055600,26.42599868774414,92.0,0.0,20.6,6.4,25.1
20250428055700,26.42599868774414,92.0,0.0,19.5,5.9,16.6
20250428055800,26.42599868774414,92.0,0.0,20.9,5.9,15.5
20250428055900,26.42599868774414,92.0,0.0,19.5,6.2,16.5
20250428060000,26.47599983215332,92.0,0.0,19.6,6.3,19.1
20250428060100,26.47599983215332,92.0,0.0,20.9,6.1,37.7
20250428060200,26.47599983215332,92.0,0.0,20.7,5.6,39.0
20250428060300,26.47599983215332,92.0,0.0,20.3,6.5,37.0
20250428060400,26.47599983215332,92.0,0.0,19.3,5.7,33.1
20250428060500,26.47599983215332,92.0,0.0,20.3,6.1,23.0
20250428060600,26.47599983215332,92.0,0.0,19.1,6.0,31.6
20250428060700,26.47599983215332,92.0,0.0,19.7,5.5,32.6
20250428060800,26.47599983215332,92.0,0.0,19.5,6.3,33.0
20250428060900,26.47599983215332,92.0,0.0,20.0,6.2,36.0
20250428061000,26.47599983215332,92.0,0.0,20.3,6.3,27.2
20250428061100,26.47599983215332,92.0,0.0,19.9,6.3,39.3
20250428061200,26.47599983215332,92.0,0.0,20.4,6.2,23.0
20250428061300,26.47599983215332,92.0,0.0,19.3,6.0,21.3
20250428061400,26.47599983215332,92.0,0.0,19.2,6.4,18.9
20250428061500,26.47599983215332,92.0,0.0,19.7,6.5,33.2
20250428061600,26.47599983215332,92.0,0.0,20.8,5.7,19.2
20250428061700,26.47599983215332,92.0,0.0,19.3,6.0,35.7
20250428061800,26.47599983215332,92.0,0.0,19.1,6.2,15.2
20250428061900,26.47599983215332,92.0,0.0,19.8,5.6,36.3
20250428062000,26.47599983215332,92.0,0.0,20.5,6.1,22.8
20250428062100,26.47599983215332,92.0,0.0,20.6,6.2,23.2
20250428062200,26.47599983215332,92.0,0.0,20.8,6.4,33.1
20250428062300,26.47599983215332,92.0,0.0,20.9,6.0,31.8
20250428062400,26.47599983215332,92.0,0.0,20.4,5.6,20.2
20250428062500,26.47599983215332,92.0,0.0,20.3,6.5,27.8
20250428062600,26.47599983215332,92.0,0.0,20.0,5.6,28.4
20250428062700,26.47599983215332,92.0,0.0,20.2,5.8,26.1
20250428062800,26.47599983215332,92.0,0.0,19.3,6.3,21.6
20250428062900,26.47599983215332,92.0,0.0,19.3,6.5,24.2
20250428063000,26.47599983215332,92.0,0.0,19.7,5.9,29.9
20250428063100,26.47599983215332,92.0,0.0,20.2,6.0,38.7
20250428063200,26.47599983215332,92.0,0.0,19.6,5.7,18.4
20250428063300,26.47599983215332,92.0,0.0,19.9,6.5,39.8
20250428063400,26.47599983215332,92.0,0.0,20.3,6.0,24.5
20250428063500,26.47599983215332,92.0,0.0,19.9,6.0,20.5
20250428063600,26.47599983215332,92.0,0.0,20.6,5.6,38.5
20250428063700,26.47599983215332,92.0,0.0,20.0,6.5,37.0
20250428063800,26.47599983215332,92.0,0.0,20.7,6.3,15.0
20250428063900,26.47599983215332,92.0,0.0,20.2,6.4,33.6
20250428064000,26.47599983215332,92.0,0.0,19.3,5.6,29.1
20250428064100,26.47599983215332,92.0,0.0,19.3,5.8,25.5
20250428064200,26.47599983215332,92.0,0.0,19.9,5.8,30.6
20250428064300,26.47599983215332,92.0,0.0,20.1,6.2,19.0
20250428064400,26.47599983215332,92.0,0.0,19.2,5.6,29.7
20250428064500,26.47599983215332,92.0,0.0,20.6,5.6,30.1
20250428064600,26.47599983215332,92.0,0.0,20.7,5.9,25.9
20250428064700,26.47599983215332,92.0,0.0,20.0,5.9,35.9
20250428064800,26.47599983215332,92.0,0.0,19.6,6.1,20.3
20250428064900,26.47599983215332,92.0,0.0,19.5,6.3,33.1
20250428065000,26.47599983215332,92.0,0.0,20.3,5.9,36.8
20250428065100,26.47599983215332,92.0,0.0,19.8,6.3,23.0
20250428065200,26.47599983215332,92.0,0.0,19.9,6.1,25.8
20250428065300,26.47599983215332,92.0,0.0,19.4,6.0,34.7
20250428065400,26.47599983215332,92.0,0.0,19.2,6.2,29.1
20250428065500,26.47599983215332,92.0,0.0,20.5,5.7,24.0
20250428065600,26.47599983215332,92.0,0.0,20.2,6.2,33.1
20250428065700,26.47599983215332,92.0,0.0,19.6,6.5,31.5
20250428065800,26.47599983215332,92.0,0.0,20.5,6.3,17.3
20250428065900,26.47599983215332,92.0,0.0,20.6,5.9,21.3
20250428070000,27.47599983215332,89.0,0.0,19.8,6.0,19.2
20250428070100,27.47599983215332,89.0,0.0,19.8,6.0,21.4
20250428070200,27.47599983215332,89.0,0.0,19.1,6.2,17.9
20250428070300,27.47599983215332,89.0,0.0,20.1,5.9,33.3
20250428070400,27.47599983215332,89.0,0.0,20.8,5.5,17.3
20250428070500,27.47599983215332,89.0,0.0,19.7,5.7,15.7
20250428070600,27.47599983215332,89.0,0.0,19.6,6.0,29.6
20250428070700,27.47599983215332,89.0,0.0,19.7,6.0,23.3
20250428070800,27.47599983215332,89.0,0.0,20.4,6.0,27.0
20250428070900,27.47599983215332,89.0,0.0,19.2,6.5,19.6
20250428071000,27.47599983215332,89.0,0.0,20.7,5.5,21.3
20250428071100,27.47599983215332,89.0,0.0,20.8,5.5,31.6
20250428071200,27.47599983215332,89.0,0.0,20.8,5.6,33.2
20250428071300,27.47599983215332,89.0,0.0,19.9,6.5,34.8
20250428071400,27.47599983215332,89.0,0.0,20.5,5.7,36.4
20250428071500,27.47599983215332,89.0,0.0,19.2,6.3,38.5
20250428071600,27.47599983215332,89.0,0.0,20.6,6.3,15.9
20250428071700,27.47599983215332,89.0,0.0,20.6,6.2,26.7
20250428071800,27.47599983215332,89.0,0.0,20.2,5.7,15.1
20250428071900,27.47599983215332,89.0,0.0,20.9,6.1,29.0
20250428072000,27.47599983215332,89.0,0.0,19.6,5.6,19.3
20250428072100,27.47599983215332,89.0,0.0,19.4,5.6,30.4
20250428072200,27.47599983215332,89.0,0.0,20.8,5.5,30.2
20250428072300,27.47599983215332,89.0,0.0,19.7,6.3,37.0
20250428072400,27.47599983215332,89.0,0.0,20.1,5.5,27.0
20250428072500,27.47599983215332,89.0,0.0,19.9,6.0,21.6
20250428072600,27.47599983215332,89.0,0.0,19.8,5.5,23.4
20250428072700,27.47599983215332,89.0,0.0,19.5,5.7,32.1
20250428072800,27.47599983215332,89.0,0.0,19.3,6.2,30.1
20250428072900,27.47599983215332,89.0,0.0,20.2,5.8,26.0
20250428073000,27.47599983215332,89.0,0.0,20.4,5.7,18.2
20250428073100,27.47599983215332,89.0,0.0,20.4,6.1,38.2
20250428073200,27.47599983215332,89.0,0.0,20.0,5.9,25.2
20250428073300,27.47599983215332,89.0,0.0,19.9,6.4,24.8
20250428073400,27.47599983215332,89.0,0.0,19.7,5.7,28.1
20250428073500,27.47599983215332,89.0,0.0,19.6,5.6,31.8
20250428073600,27.47599983215332,89.0,0.0,19.6,6.0,23.2
20250428073700,27.47599983215332,89.0,0.0,19.1,5.6,21.6
20250428073800,27.47599983215332,89.0,0.0,20.0,6.2,26.9
20250428073900,27.47599983215332,89.0,0.0,20.4,5.7,21.8
20250428074000,27.47599983215332,89.0,0.0,19.1,5.6,19.0
20250428074100,27.47599983215332,89.0,0.0,20.5,6.0,30.7
20250428074200,27.47599983215332,89.0,0.0,20.1,6.2,32.3
20250428074300,27.47599983215332,89.0,0.0,20.3,5.6,26.3
20250428074400,27.47599983215332,89.0,0.0,19.9,6.3,39.6
20250428074500,27.47599983215332,89.0,0.0,20.0,6.4,29.4
20250428074600,27.47599983215332,89.0,0.0,21.0,6.1,31.2
20250428074700,27.47599983215332,89.0,0.0,19.2,6.2,31.3
20250428074800,27.47599983215332,89.0,0.0,19.0,6.0,39.0
20250428074900,27.47599983215332,89.0,0.0,20.7,6.4,16.9
20250428075000,27.47599983215332,89.0,0.0,20.2,5.9,19.7
20250428075100,27.47599983215332,89.0,0.0,19.9,5.6,19.5
20250428075200,27.47599983215332,89.0,0.0,20.7,5.6,19.4
20250428075300,27.47599983215332,89.0,0.0,20.4,5.8,21.0
20250428075400,27.47599983215332,89.0,0.0,19.7,5.9,25.9
20250428075500,27.47599983215332,89.0,0.0,19.1,6.5,21.8
20250428075600,27.47599983215332,89.0,0.0,19.6,5.7,22.6
20250428075700,27.47599983215332,89.0,0.0,20.1,6.5,31.5
20250428075800,27.47599983215332,89.0,0.0,20.4,6.5,34.1
20250428075900,27.47599983215332,89.0,0.0,19.2,6.2,33.1
20250428080000,29.025999069213867,81.0,0.0,19.3,6.4,33.4
20250428080100,29.025999069213867,81.0,0.0,20.1,5.5,29.9
20250428080200,29.025999069213867,81.0,0.0,20.5,5.9,20.7
20250428080300,29.025999069213867,81.0,0.0,19.3,6.4,18.7
20250428080400,29.025999069213867,81.0,0.0,19.1,6.2,37.1
20250428080500,29.025999069213867,81.0,0.0,20.4,6.5,38.5
20250428080600,29.025999069213867,81.0,0.0,19.2,6.4,35.2
20250428080700,29.025999069213867,81.0,0.0,20.8,5.7,34.1
20250428080800,29.025999069213867,81.0,0.0,19.3,6.1,18.3
20250428080900,29.025999069213867,81.0,0.0,20.2,5.8,39.4
20250428081000,29.025999069213867,81.0,0.0,20.4,5.5,22.5
20250428081100,29.025999069213867,81.0,0.0,20.5,5.9,28.8
20250428081200,29.025999069213867,81.0,0.0,19.1,6.2,32.5
20250428081300,29.025999069213867,81.0,0.0,20.0,5.8,36.2
20250428081400,29.025999069213867,81.0,0.0,19.6,6.1,20.3
20250428081500,29.025999069213867,81.0,0.0,21.0,6.1,39.7
20250428081600,29.025999069213867,81.0,0.0,20.5,6.5,31.1
20250428081700,29.025999069213867,81.0,0.0,20.7,6.0,31.3
20250428081800,29.025999069213867,81.0,0.0,19.1,5.8,26.5
20250428081900,29.025999069213867,81.0,0.0,19.0,5.5,18.8
20250428082000,29.025999069213867,81.0,0.0,19.4,5.9,23.5
20250428082100,29.025999069213867,81.0,0.0,19.6,6.1,16.5
20250428082200,29.025999069213867,81.0,0.0,19.4,6.2,36.2
20250428082300,29.025999069213867,81.0,0.0,20.8,6.0,30.4
20250428082400,29.025999069213867,81.0,0.0,20.9,5.7,36.7
20250428082500,29.025999069213867,81.0,0.0,19.9,5.6,22.7
20250428082600,29.025999069213867,81.0,0.0,19.2,5.7,18.7
20250428082700,29.025999069213867,81.0,0.0,20.9,5.8,34.9
20250428082800,29.025999069213867,81.0,0.0,20.4,5.8,25.6
20250428082900,29.025999069213867,81.0,0.0,19.7,6.1,31.5
20250428083000,29.025999069213867,81.0,0.0,20.7,5.7,20.5
20250428083100,29.025999069213867,81.0,0.0,20.5,5.9,31.8
20250428083200,29.025999069213867,81.0,0.0,20.6,6.0,24.0
20250428083300,29.025999069213867,81.0,0.0,20.0,6.1,19.2
20250428083400,29.025999069213867,81.0,0.0,20.6,6.2,16.1
20250428083500,29.025999069213867,81.0,0.0,19.7,5.7,16.9
20250428083600,29.025999069213867,81.0,0.0,19.9,5.8,17.5
20250428083700,29.025999069213867,81.0,0.0,20.0,5.9,23.3
20250428083800,29.025999069213867,81.0,0.0,19.1,6.4,27.7
20250428083900,29.025999069213867,81.0,0.0,20.0,5.5,20.6
20250428084000,29.025999069213867,81.0,0.0,19.6,5.6,26.8
20250428084100,29.025999069213867,81.0,0.0,20.8,5.8,40.0
20250428084200,29.025999069213867,81.0,0.0,20.8,5.6,29.9
20250428084300,29.025999069213867,81.0,0.0,19.7,5.7,21.2
20250428084400,29.025999069213867,81.0,0.0,19.6,5.6,23.1
20250428084500,29.025999069213867,81.0,0.0,19.6,5.7,37.1
20250428084600,29.025999069213867,81.0,0.0,19.4,5.7,32.9
20250428084700,29.025999069213867,81.0,0.0,20.0,6.1,36.6
20250428084800,29.025999069213867,81.0,0.0,19.2,5.7,24.9
20250428084900,29.025999069213867,81.0,0.0,19.2,6.0,35.6
20250428085000,29.025999069213867,81.0,0.0,20.4,6.3,21.3
20250428085100,29.025999069213867,81.0,0.0,19.2,6.5,32.3
20250428085200,29.025999069213867,81.0,0.0,19.9,5.7,30.7
20250428085300,29.025999069213867,81.0,0.0,20.0,6.4,22.7
20250428085400,29.025999069213867,81.0,0.0,19.8,6.1,38.6
20250428085500,29.025999069213867,81.0,0.0,20.2,6.1,19.6
20250428085600,29.025999069213867,81.0,0.0,19.0,6.3,34.2
20250428085700,29.025999069213867,81.0,0.0,20.5,6.0,34.2
20250428085800,29.025999069213867,81.0,0.0,20.7,6.2,36.0
20250428085900,29.025999069213867,81.0,0.0,20.2,6.4,31.6
20250428090000,30.525999069213867,71.0,0.0,19.1,6.5,24.5
20250428090100,30.525999069213867,71.0,0.0,19.8,5.8,24.9
20250428090200,30.525999069213867,71.0,0.0,20.7,6.0,29.3
20250428090300,30.525999069213867,71.0,0.0,19.6,5.8,35.8
20250428090400,30.525999069213867,71.0,0.0,20.7,5.7,27.1
20250428090500,30.525999069213867,71.0,0.0,20.7,5.8,19.3
20250428090600,30.525999069213867,71.0,0.0,20.6,6.2,25.3
20250428090700,30.525999069213867,71.0,0.0,20.5,5.9,25.3
20250428090800,30.525999069213867,71.0,0.0,20.0,6.2,33.9
20250428090900,30.525999069213867,71.0,0.0,19.3,6.5,38.0
20250428091000,30.525999069213867,71.0,0.0,20.3,6.2,33.5
20250428091100,30.525999069213867,71.0,0.0,20.7,6.5,17.5
20250428091200,30.525999069213867,71.0,0.0,19.6,6.0,23.1
20250428091300,30.525999069213867,71.0,0.0,20.1,5.7,20.7
20250428091400,30.525999069213867,71.0,0.0,19.6,5.6,29.0
20250428091500,30.525999069213867,71.0,0.0,19.3,6.5,21.6
20250428091600,30.525999069213867,71.0,0.0,20.4,5.6,37.2
20250428091700,30.525999069213867,71.0,0.0,19.4,6.4,30.0
20250428091800,30.525999069213867,71.0,0.0,19.0,5.5,31.5
20250428091900,30.525999069213867,71.0,0.0,20.0,5.8,20.9
20250428092000,30.525999069213867,71.0,0.0,20.8,6.3,30.8
20250428092100,30.525999069213867,71.0,0.0,20.6,6.3,15.7
20250428092200,30.525999069213867,71.0,0.0,20.3,6.4,22.2
20250428092300,30.525999069213867,71.0,0.0,19.5,6.1,36.8
20250428092400,30.525999069213867,71.0,0.0,19.8,6.0,38.0
20250428092500,30.525999069213867,71.0,0.0,19.1,5.7,33.3
20250428092600,30.525999069213867,71.0,0.0,20.6,5.6,31.9
20250428092700,30.525999069213867,71.0,0.0,20.3,6.0,30.6
20250428092800,30.525999069213867,71.0,0.0,20.5,6.5,37.4
20250428092900,30.525999069213867,71.0,0.0,19.0,5.7,22.6
20250428093000,30.525999069213867,71.0,0.0,20.0,6.4,27.6
20250428093100,30.525999069213867,71.0,0.0,19.7,6.3,26.7
20250428093200,30.525999069213867,71.0,0.0,20.6,6.4,21.2
20250428093300,30.525999069213867,71.0,0.0,20.5,6.1,28.6
20250428093400,30.525999069213867,71.0,0.0,19.9,5.8,23.2
20250428093500,30.525999069213867,71.0,0.0,19.7,5.9,27.9
20250428093600,30.525999069213867,71.0,0.0,20.7,5.7,32.7
20250428093700,30.525999069213867,71.0,0.0,20.9,5.6,18.9
20250428093800,30.525999069213867,71.0,0.0,20.7,6.2,29.3
20250428093900,30.525999069213867,71.0,0.0,20.2,5.6,17.2
20250428094000,30.525999069213867,71.0,0.0,19.6,6.1,21.7
20250428094100,30.525999069213867,71.0,0.0,20.0,6.0,39.3
20250428094200,30.525999069213867,71.0,0.0,19.2,5.5,33.9
20250428094300,30.525999069213867,71.0,0.0,21.0,6.1,39.1
20250428094400,30.525999069213867,71.0,0.0,19.5,6.0,38.7
20250428094500,30.525999069213867,71.0,0.0,20.5,6.3,33.1
20250428094600,30.525999069213867,71.0,0.0,19.2,6.1,16.4
20250428094700,30.525999069213867,71.0,0.0,20.7,5.8,23.2
20250428094800,30.525999069213867,71.0,0.0,20.4,6.2,16.6
20250428094900,30.525999069213867,71.0,0.0,20.4,5.6,36.5
20250428095000,30.525999069213867,71.0,0.0,20.9,5.9,22.9
20250428095100,30.525999069213867,71.0,0.0,19.1,5.8,22.9
20250428095200,30.525999069213867,71.0,0.0,20.6,5.6,32.4
20250428095300,30.525999069213867,71.0,0.0,20.4,5.7,34.4
20250428095400,30.525999069213867,71.0,0.0,20.4,6.3,16.4
20250428095500,30.525999069213867,71.0,0.0,20.9,6.1,39.0
20250428095600,30.525999069213867,71.0,0.0,19.9,6.3,29.9
20250428095700,30.525999069213867,71.0,0.0,19.3,5.8,21.2
20250428095800,30.525999069213867,71.0,0.0,20.7,6.3,18.9
20250428095900,30.525999069213867,71.0,0.0,19.4,6.5,15.3
20250428100000,31.92599868774414,63.0,0.0,20.2,6.5,17.1
20250428100100,31.92599868774414,63.0,0.0,19.8,6.3,16.4
20250428100200,31.92599868774414,63.0,0.0,20.5,6.0,16.3
20250428100300,31.92599868774414,63.0,0.0,19.4,6.5,17.0
20250428100400,31.92599868774414,63.0,0.0,19.5,6.0,26.4
20250428100500,31.92599868774414,63.0,0.0,20.4,6.1,23.0
20250428100600,31.92599868774414,63.0,0.0,20.6,5.8,36.9
20250428100700,31.92599868774414,63.0,0.0,19.1,6.0,19.9
20250428100800,31.92599868774414,63.0,0.0,19.9,6.1,32.5
20250428100900,31.92599868774414,63.0,0.0,20.9,5.8,16.1
20250428101000,31.92599868774414,63.0,0.0,19.1,6.4,20.2
20250428101100,31.92599868774414,63.0,0.0,20.5,6.1,17.1
20250428101200,31.92599868774414,63.0,0.0,19.6,6.5,23.3
20250428101300,31.92599868774414,63.0,0.0,19.8,6.4,35.4
20250428101400,31.92599868774414,63.0,0.0,20.2,5.8,30.4
20250428101500,31.92599868774414,63.0,0.0,19.1,6.4,29.3
20250428101600,31.92599868774414,63.0,0.0,20.5,6.3,39.1
20250428101700,31.92599868774414,63.0,0.0,20.5,6.4,36.5
20250428101800,31.92599868774414,63.0,0.0,20.7,5.6,24.5
20250428101900,31.92599868774414,63.0,0.0,19.5,6.2,20.5
20250428102000,31.92599868774414,63.0,0.0,20.5,6.0,31.1
20250428102100,31.92599868774414,63.0,0.0,19.6,6.4,36.6
20250428102200,31.92599868774414,63.0,0.0,20.2,5.8,25.3
20250428102300,31.92599868774414,63.0,0.0,19.6,6.3,35.6
20250428102400,31.92599868774414,63.0,0.0,19.4,6.0,31.8
20250428102500,31.92599868774414,63.0,0.0,20.5,5.8,23.0
20250428102600,31.92599868774414,63.0,0.0,19.4,6.1,38.2
20250428102700,31.92599868774414,63.0,0.0,20.1,5.8,35.2
20250428102800,31.92599868774414,63.0,0.0,19.6,6.2,31.1
20250428102900,31.92599868774414,63.0,0.0,20.2,6.4,21.7
20250428103000,31.92599868774414,63.0,0.0,19.9,6.3,30.1
20250428103100,31.92599868774414,63.0,0.0,19.2,5.5,15.3
20250428103200,31.92599868774414,63.0,0.0,20.5,6.1,15.3
20250428103300,31.92599868774414,63.0,0.0,20.9,5.8,16.0
20250428103400,31.92599868774414,63.0,0.0,19.4,5.5,38.6
20250428103500,31.92599868774414,63.0,0.0,20.3,5.7,27.3
20250428103600,31.92599868774414,63.0,0.0,19.3,6.1,33.8
20250428103700,31.92599868774414,63.0,0.0,20.7,6.3,34.1
20250428103800,31.92599868774414,63.0,0.0,20.1,6.1,26.9
20250428103900,31.92599868774414,63.0,0.0,20.8,5.7,36.4
20250428104000,31.92599868774414,63.0,0.0,20.7,6.2,28.0
20250428104100,31.92599868774414,63.0,0.0,20.0,5.8,34.8
20250428104200,31.92599868774414,63.0,0.0,19.9,6.1,35.9
20250428104300,31.92599868774414,63.0,0.0,19.1,6.1,33.9
20250428104400,31.92599868774414,63.0,0.0,20.2,6.1,16.5
20250428104500,31.92599868774414,63.0,0.0,20.0,6.2,36.0
20250428104600,31.92599868774414,63.0,0.0,20.1,6.4,37.8
20250428104700,31.92599868774414,63.0,0.0,20.7,6.1,22.1
20250428104800,31.92599868774414,63.0,0.0,20.5,5.5,33.3
20250428104900,31.92599868774414,63.0,0.0,20.2,5.6,16.6
20250428105000,31.92599868774414,63.0,0.0,19.2,6.0,26.0
20250428105100,31.92599868774414,63.0,0.0,20.4,6.3,35.6
20250428105200,31.92599868774414,63.0,0.0,19.7,5.8,27.7
20250428105300,31.92599868774414,63.0,0.0,20.0,5.7,36.8
20250428105400,31.92599868774414,63.0,0.0,19.3,6.3,20.1
20250428105500,31.92599868774414,63.0,0.0,19.5,5.5,25.4
20250428105600,31.92599868774414,63.0,0.0,21.0,5.7,27.2
20250428105700,31.92599868774414,63.0,0.0,20.4,6.1,36.3
20250428105800,31.92599868774414,63.0,0.0,19.4,5.6,25.1
20250428105900,31.92599868774414,63.0,0.0,19.8,5.6,20.7
20250428110000,33.47600173950195,56.0,0.0,20.2,5.9,37.0
20250428110100,33.47600173950195,56.0,0.0,20.5,6.2,26.5
20250428110200,33.47600173950195,56.0,0.0,20.0,6.2,36.2
20250428110300,33.47600173950195,56.0,0.0,20.6,6.2,25.7
20250428110400,33.47600173950195,56.0,0.0,20.8,6.1,37.7
20250428110500,33.47600173950195,56.0,0.0,20.5,6.4,33.5
20250428110600,33.47600173950195,56.0,0.0,20.0,5.9,38.3
20250428110700,33.47600173950195,56.0,0.0,20.5,5.8,17.1
20250428110800,33.47600173950195,56.0,0.0,20.0,5.7,28.5
20250428110900,33.47600173950195,56.0,0.0,19.7,5.6,27.1
20250428111000,33.47600173950195,56.0,0.0,20.5,6.1,21.5
20250428111100,33.47600173950195,56.0,0.0,20.3,6.1,36.2
20250428111200,33.47600173950195,56.0,0.0,19.6,5.9,19.7
20250428111300,33.47600173950195,56.0,0.0,20.9,6.2,30.9
20250428111400,33.47600173950195,56.0,0.0,20.6,5.9,27.9
20250428111500,33.47600173950195,56.0,0.0,20.4,5.7,36.1
20250428111600,33.47600173950195,56.0,0.0,19.6,6.2,38.5
20250428111700,33.47600173950195,56.0,0.0,19.4,5.6,29.4
20250428111800,33.47600173950195,56.0,0.0,19.6,6.2,34.5
20250428111900,33.47600173950195,56.0,0.0,19.2,6.4,21.9
20250428112000,33.47600173950195,56.0,0.0,19.2,6.1,30.2
20250428112100,33.47600173950195,56.0,0.0,20.6,6.3,18.4
20250428112200,33.47600173950195,56.0,0.0,19.7,6.2,22.1
20250428112300,33.47600173950195,56.0,0.0,20.2,6.4,17.8
20250428112400,33.47600173950195,56.0,0.0,19.7,6.1,28.9
20250428112500,33.47600173950195,56.0,0.0,20.2,5.7,19.3
20250428112600,33.47600173950195,56.0,0.0,19.1,6.2,33.5
20250428112700,33.47600173950195,56.0,0.0,19.1,6.4,38.6
20250428112800,33.47600173950195,56.0,0.0,20.5,6.0,31.8
20250428112900,33.47600173950195,56.0,0.0,21.0,6.1,35.5
20250428113000,33.47600173950195,56.0,0.0,19.8,6.1,19.9
20250428113100,33.47600173950195,56.0,0.0,21.0,5.6,17.6
20250428113200,33.47600173950195,56.0,0.0,19.7,6.3,25.6
20250428113300,33.47600173950195,56.0,0.0,20.5,5.7,38.3
20250428113400,33.47600173950195,56.0,0.0,20.2,6.2,33.3
20250428113500,33.47600173950195,56.0,0.0,20.1,5.8,32.4
20250428113600,33.47600173950195,56.0,0.0,19.5,6.0,19.0
20250428113700,33.47600173950195,56.0,0.0,20.9,5.5,15.4
20250428113800,33.47600173950195,56.0,0.0,20.1,6.3,27.4
20250428113900,33.47600173950195,56.0,0.0,19.7,6.5,35.8
20250428114000,33.47600173950195,56.0,0.0,20.1,6.4,34.3
20250428114100,33.47600173950195,56.0,0.0,20.4,5.6,34.3
20250428114200,33.47600173950195,56.0,0.0,19.2,5.5,19.5
20250428114300,33.47600173950195,56.0,0.0,20.5,6.2,38.0
20250428114400,33.47600173950195,56.0,0.0,19.5,5.8,21.8
20250428114500,33.47600173950195,56.0,0.0,19.5,6.2,26.7
20250428114600,33.47600173950195,56.0,0.0,20.6,6.4,25.3
20250428114700,33.47600173950195,56.0,0.0,20.5,6.0,28.6
20250428114800,33.47600173950195,56.0,0.0,20.6,5.7,15.6
20250428114900,33.47600173950195,56.0,0.0,19.9,6.3,20.7
20250428115000,33.47600173950195,56.0,0.0,20.7,5.6,36.7
20250428115100,33.47600173950195,56.0,0.0,19.9,6.1,36.5
20250428115200,33.47600173950195,56.0,0.0,19.2,5.7,15.5
20250428115300,33.47600173950195,56.0,0.0,19.3,6.3,28.2
20250428115400,33.47600173950195,56.0,0.0,19.7,6.1,26.5
20250428115500,33.47600173950195,56.0,0.0,20.9,6.5,24.3
20250428115600,33.47600173950195,56.0,0.0,19.7,5.6,26.0
20250428115700,33.47600173950195,56.0,0.0,19.4,6.2,28.3
20250428115800,33.47600173950195,56.0,0.0,20.8,6.4,34.5
20250428115900,33.47600173950195,56.0,0.0,19.1,5.9,35.0
20250428120000,34.926002502441406,50.0,0.0,20.1,6.0,32.5
20250428120100,34.926002502441406,50.0,0.0,19.1,5.8,21.8
20250428120200,34.926002502441406,50.0,0.0,19.1,6.0,17.7
20250428120300,34.926002502441406,50.0,0.0,20.5,6.3,18.2
20250428120400,34.926002502441406,50.0,0.0,19.9,5.8,30.8
20250428120500,34.926002502441406,50.0,0.0,19.7,6.5,16.0
20250428120600,34.926002502441406,50.0,0.0,20.0,5.7,28.5
20250428120700,34.926002502441406,50.0,0.0,20.4,6.4,33.5
20250428120800,34.926002502441406,50.0,0.0,19.9,5.7,22.1
20250428120900,34.926002502441406,50.0,0.0,19.7,5.8,32.6
20250428121000,34.926002502441406,50.0,0.0,19.5,5.6,17.2
20250428121100,34.926002502441406,50.0,0.0,20.9,5.7,25.4
20250428121200,34.926002502441406,50.0,0.0,19.7,5.7,38.8
20250428121300,34.926002502441406,50.0,0.0,19.4,6.3,35.0
20250428121400,34.926002502441406,50.0,0.0,20.0,6.0,32.4
20250428121500,34.926002502441406,50.0,0.0,20.4,5.9,22.1
20250428121600,34.926002502441406,50.0,0.0,19.3,6.2,30.3
20250428121700,34.926002502441406,50.0,0.0,19.5,6.4,27.0
20250428121800,34.926002502441406,50.0,0.0,20.8,6.2,38.7
20250428121900,34.926002502441406,50.0,0.0,19.7,5.7,28.6
20250428122000,34.926002502441406,50.0,0.0,20.0,6.1,30.5
20250428122100,34.926002502441406,50.0,0.0,20.8,6.3,39.7
20250428122200,34.926002502441406,50.0,0.0,19.1,5.6,19.8
20250428122300,34.926002502441406,50.0,0.0,20.8,5.6,19.7
20250428122400,34.926002502441406,50.0,0.0,19.2,5.6,32.7
20250428122500,34.926002502441406,50.0,0.0,20.4,5.6,26.9
20250428122600,34.926002502441406,50.0,0.0,20.1,6.2,19.8
20250428122700,34.926002502441406,50.0,0.0,20.5,6.1,15.0
20250428122800,34.926002502441406,50.0,0.0,20.0,6.0,34.3
20250428122900,34.926002502441406,50.0,0.0,19.7,5.6,15.4
20250428123000,34.926002502441406,50.0,0.0,20.0,6.4,29.6
20250428123100,34.926002502441406,50.0,0.0,19.5,6.4,24.2
20250428123200,34.926002502441406,50.0,0.0,20.3,6.1,19.6
20250428123300,34.926002502441406,50.0,0.0,19.9,6.2,34.9
20250428123400,34.926002502441406,50.0,0.0,19.4,5.7,17.1
20250428123500,34.926002502441406,50.0,0.0,19.7,6.3,33.3
20250428123600,34.926002502441406,50.0,0.0,19.3,6.0,30.2
20250428123700,34.926002502441406,50.0,0.0,19.3,6.3,19.2
20250428123800,34.926002502441406,50.0,0.0,20.2,6.2,23.7
20250428123900,34.926002502441406,50.0,0.0,19.7,6.2,36.2
20250428124000,34.926002502441406,50.0,0.0,20.6,5.8,30.4
20250428124100,34.926002502441406,50.0,0.0,21.0,6.5,39.9
20250428124200,34.926002502441406,50.0,0.0,19.1,6.3,30.5
20250428124300,34.926002502441406,50.0,0.0,19.3,5.7,22.0
20250428124400,34.926002502441406,50.0,0.0,19.6,5.7,38.4
20250428124500,34.926002502441406,50.0,0.0,20.8,6.1,20.2
20250428124600,34.926002502441406,50.0,0.0,20.4,6.5,20.7
20250428124700,34.926002502441406,50.0,0.0,19.3,5.5,38.1
20250428124800,34.926002502441406,50.0,0.0,20.7,5.8,25.9
20250428124900,34.926002502441406,50.0,0.0,20.1,6.0,38.9
20250428125000,34.926002502441406,50.0,0.0,20.6,5.5,33.9
20250428125100,34.926002502441406,50.0,0.0,19.9,5.8,33.7
20250428125200,34.926002502441406,50.0,0.0,21.0,5.7,34.5
20250428125300,34.926002502441406,50.0,0.0,20.1,5.7,24.5
20250428125400,34.926002502441406,50.0,0.0,20.6,6.4,25.0
20250428125500,34.926002502441406,50.0,0.0,19.7,6.5,34.6
20250428125600,34.926002502441406,50.0,0.0,19.3,6.2,24.1
20250428125700,34.926002502441406,50.0,0.0,19.9,5.5,15.8
20250428125800,34.926002502441406,50.0,0.0,19.0,6.3,39.8
20250428125900,34.926002502441406,50.0,0.0,20.6,5.7,27.0
20250428130000,35.926002502441406,45.0,0.0,20.3,5.8,20.8
20250428130100,35.926002502441406,45.0,0.0,20.0,6.0,32.6
20250428130200,35.926002502441406,45.0,0.0,20.5,6.1,21.3
20250428130300,35.926002502441406,45.0,0.0,19.6,5.7,37.9
20250428130400,35.926002502441406,45.0,0.0,20.6,6.1,16.1
20250428130500,35.926002502441406,45.0,0.0,20.0,5.6,22.9
20250428130600,35.926002502441406,45.0,0.0,20.6,5.8,37.6
20250428130700,35.926002502441406,45.0,0.0,20.1,6.3,39.4
20250428130800,35.926002502441406,45.0,0.0,19.1,6.0,39.4
20250428130900,35.926002502441406,45.0,0.0,19.2,5.6,34.6
20250428131000,35.926002502441406,45.0,0.0,20.4,5.9,18.1
20250428131100,35.926002502441406,45.0,0.0,20.4,5.9,18.4
20250428131200,35.926002502441406,45.0,0.0,20.4,6.4,20.7
20250428131300,35.926002502441406,45.0,0.0,19.0,6.4,15.8
20250428131400,35.926002502441406,45.0,0.0,19.6,6.3,20.0
20250428131500,35.926002502441406,45.0,0.0,19.3,6.4,15.3
20250428131600,35.926002502441406,45.0,0.0,19.7,6.0,38.1
20250428131700,35.926002502441406,45.0,0.0,19.0,5.8,34.4
20250428131800,35.926002502441406,45.0,0.0,20.9,6.3,39.6
20250428131900,35.926002502441406,45.0,0.0,19.2,6.3,22.3
20250428132000,35.926002502441406,45.0,0.0,20.6,5.9,16.8
20250428132100,35.926002502441406,45.0,0.0,20.6,6.3,23.6
20250428132200,35.926002502441406,45.0,0.0,20.7,5.6,20.4
20250428132300,35.926002502441406,45.0,0.0,19.8,5.7,25.3
20250428132400,35.926002502441406,45.0,0.0,19.2,6.2,27.8
20250428132500,35.926002502441406,45.0,0.0,20.4,6.5,29.7
20250428132600,35.926002502441406,45.0,0.0,19.4,6.5,29.5
20250428132700,35.926002502441406,45.0,0.0,20.3,6.1,28.3
20250428132800,35.926002502441406,45.0,0.0,19.9,5.8,31.9
20250428132900,35.926002502441406,45.0,0.0,19.3,5.9,15.6
20250428133000,35.926002502441406,45.0,0.0,20.5,6.2,29.1
20250428133100,35.926002502441406,45.0,0.0,20.6,6.4,32.6
20250428133200,35.926002502441406,45.0,0.0,19.4,6.3,28.2
20250428133300,35.926002502441406,45.0,0.0,20.6,5.6,22.6
20250428133400,35.926002502441406,45.0,0.0,20.6,6.5,33.6
20250428133500,35.926002502441406,45.0,0.0,20.7,6.1,23.6
20250428133600,35.926002502441406,45.0,0.0,20.5,5.8,16.9
20250428133700,35.926002502441406,45.0,0.0,19.4,6.0,19.8
20250428133800,35.926002502441406,45.0,0.0,20.8,6.2,23.3
20250428133900,35.926002502441406,45.0,0.0,19.0,6.3,32.5
20250428134000,35.926002502441406,45.0,0.0,19.3,6.2,21.9
20250428134100,35.926002502441406,45.0,0.0,19.9,6.4,22.6
20250428134200,35.926002502441406,45.0,0.0,20.8,5.6,25.9
20250428134300,35.926002502441406,45.0,0.0,20.9,5.9,22.5
20250428134400,35.926002502441406,45.0,0.0,19.9,6.3,28.3
20250428134500,35.926002502441406,45.0,0.0,20.8,6.2,21.8
20250428134600,35.926002502441406,45.0,0.0,19.3,6.2,34.8
20250428134700,35.926002502441406,45.0,0.0,21.0,6.0,25.7
20250428134800,35.926002502441406,45.0,0.0,20.6,6.0,34.2
20250428134900,35.926002502441406,45.0,0.0,19.7,5.9,39.7
20250428135000,35.926002502441406,45.0,0.0,19.6,5.8,22.5
20250428135100,35.926002502441406,45.0,0.0,20.3,6.3,15.3
20250428135200,35.926002502441406,45.0,0.0,21.0,6.3,34.3
20250428135300,35.926002502441406,45.0,0.0,20.4,5.9,27.9
20250428135400,35.926002502441406,45.0,0.0,20.2,6.5,29.1
20250428135500,35.926002502441406,45.0,0.0,19.2,6.5,22.3
20250428135600,35.926002502441406,45.0,0.0,19.1,6.0,23.9
20250428135700,35.926002502441406,45.0,0.0,20.3,6.0,30.9
20250428135800,35.926002502441406,45.0,0.0,20.4,5.5,17.2
20250428135900,35.926002502441406,45.0,0.0,19.3,6.1,19.1
20250428140000,36.5260009765625,41.0,0.0,20.7,6.5,26.8
20250428140100,36.5260009765625,41.0,0.0,19.5,6.5,20.7
20250428140200,36.5260009765625,41.0,0.0,19.4,5.7,21.7
20250428140300,36.5260009765625,41.0,0.0,19.4,6.4,30.9
20250428140400,36.5260009765625,41.0,0.0,20.6,5.9,38.2
20250428140500,36.5260009765625,41.0,0.0,20.1,5.5,19.1
20250428140600,36.5260009765625,41.0,0.0,21.0,6.2,26.6
20250428140700,36.5260009765625,41.0,0.0,20.0,5.8,38.1
20250428140800,36.5260009765625,41.0,0.0,19.8,5.5,16.4
20250428140900,36.5260009765625,41.0,0.0,20.2,6.3,15.6
20250428141000,36.5260009765625,41.0,0.0,19.5,6.0,26.4
20250428141100,36.5260009765625,41.0,0.0,19.3,5.6,16.3
20250428141200,36.5260009765625,41.0,0.0,19.2,5.6,22.1
20250428141300,36.5260009765625,41.0,0.0,20.0,5.9,30.6
20250428141400,36.5260009765625,41.0,0.0,19.0,6.2,16.9
20250428141500,36.5260009765625,41.0,0.0,19.7,5.9,32.3
20250428141600,36.5260009765625,41.0,0.0,20.2,5.6,38.1
20250428141700,36.5260009765625,41.0,0.0,20.3,6.0,34.2
20250428141800,36.5260009765625,41.0,0.0,19.7,5.6,32.5
20250428141900,36.5260009765625,41.0,0.0,19.5,6.2,28.3
20250428142000,36.5260009765625,41.0,0.0,20.5,5.5,32.0
20250428142100,36.5260009765625,41.0,0.0,20.0,6.4,25.2
20250428142200,36.5260009765625,41.0,0.0,19.2,6.0,25.3
20250428142300,36.5260009765625,41.0,0.0,20.1,5.8,31.6
20250428142400,36.5260009765625,41.0,0.0,19.4,5.7,19.9
20250428142500,36.5260009765625,41.0,0.0,20.4,6.1,21.1
20250428142600,36.5260009765625,41.0,0.0,19.9,5.9,18.9
20250428142700,36.5260009765625,41.0,0.0,20.2,6.2,24.2
20250428142800,36.5260009765625,41.0,0.0,19.5,6.4,22.9
20250428142900,36.5260009765625,41.0,0.0,20.8,6.1,33.0
20250428143000,36.5260009765625,41.0,0.0,19.5,5.6,30.2
20250428143100,36.5260009765625,41.0,0.0,19.1,5.8,38.7
20250428143200,36.5260009765625,41.0,0.0,20.3,5.5,23.5
20250428143300,36.5260009765625,41.0,0.0,19.4,5.7,16.7
20250428143400,36.5260009765625,41.0,0.0,20.2,6.1,32.0
20250428143500,36.5260009765625,41.0,0.0,20.6,5.9,33.6
20250428143600,36.5260009765625,41.0,0.0,20.1,6.3,36.2
20250428143700,36.5260009765625,41.0,0.0,20.6,5.8,34.3
20250428143800,36.5260009765625,41.0,0.0,19.3,5.6,19.8
20250428143900,36.5260009765625,41.0,0.0,19.8,6.4,25.4
20250428144000,36.5260009765625,41.0,0.0,19.3,5.6,38.5
20250428144100,36.5260009765625,41.0,0.0,20.0,6.2,20.5
20250428144200,36.5260009765625,41.0,0.0,20.5,6.1,23.7
20250428144300,36.5260009765625,41.0,0.0,19.2,6.1,17.3
20250428144400,36.5260009765625,41.0,0.0,19.2,6.3,21.4
20250428144500,36.5260009765625,41.0,0.0,20.8,5.9,32.3
20250428144600,36.5260009765625,41.0,0.0,20.9,6.2,20.7
20250428144700,36.5260009765625,41.0,0.0,19.0,6.4,37.0
20250428144800,36.5260009765625,41.0,0.0,20.1,6.4,25.5
20250428144900,36.5260009765625,41.0,0.0,19.3,5.5,19.2
20250428145000,36.5260009765625,41.0,0.0,19.6,5.6,31.9
20250428145100,36.5260009765625,41.0,0.0,20.3,5.7,16.8
20250428145200,36.5260009765625,41.0,0.0,20.3,6.0,37.9
20250428145300,36.5260009765625,41.0,0.0,20.4,6.5,36.7
20250428145400,36.5260009765625,41.0,0.0,19.1,6.0,23.1
20250428145500,36.5260009765625,41.0,0.0,20.6,5.8,22.8
20250428145600,36.5260009765625,41.0,0.0,20.3,6.4,25.3
20250428145700,36.5260009765625,41.0,0.0,20.0,5.6,21.7
20250428145800,36.5260009765625,41.0,0.0,19.1,6.1,23.7
20250428145900,36.5260009765625,41.0,0.0,19.3,6.2,38.7
20250428150000,36.7760009765625,38.0,0.0,20.0,6.4,18.8
20250428150100,36.7760009765625,38.0,0.0,19.4,6.2,22.1
20250428150200,36.7760009765625,38.0,0.0,20.7,6.0,24.3
20250428150300,36.7760009765625,38.0,0.0,20.4,6.3,19.5
20250428150400,36.7760009765625,38.0,0.0,19.9,5.7,23.3
20250428150500,36.7760009765625,38.0,0.0,19.8,5.8,34.0
20250428150600,36.7760009765625,38.0,0.0,20.8,5.8,22.7
20250428150700,36.7760009765625,38.0,0.0,19.3,6.1,38.6
20250428150800,36.7760009765625,38.0,0.0,19.5,6.1,22.3
20250428150900,36.7760009765625,38.0,0.0,19.8,5.8,18.1
20250428151000,36.7760009765625,38.0,0.0,20.5,5.5,23.7
20250428151100,36.7760009765625,38.0,0.0,19.6,6.4,39.3
20250428151200,36.7760009765625,38.0,0.0,19.9,6.2,27.9
20250428151300,36.7760009765625,38.0,0.0,19.4,6.4,20.9
20250428151400,36.7760009765625,38.0,0.0,20.0,6.4,34.9
20250428151500,36.7760009765625,38.0,0.0,19.6,6.3,34.7
20250428151600,36.7760009765625,38.0,0.0,21.0,6.1,38.5
20250428151700,36.7760009765625,38.0,0.0,19.8,6.2,24.0
20250428151800,36.7760009765625,38.0,0.0,19.0,6.2,18.9
20250428151900,36.7760009765625,38.0,0.0,19.9,5.9,29.0
20250428152000,36.7760009765625,38.0,0.0,19.9,5.6,22.5
20250428152100,36.7760009765625,38.0,0.0,20.6,6.0,31.4
20250428152200,36.7760009765625,38.0,0.0,19.2,6.0,34.4
20250428152300,36.7760009765625,38.0,0.0,20.9,6.5,21.5
20250428152400,36.7760009765625,38.0,0.0,20.8,5.9,29.8
20250428152500,36.7760009765625,38.0,0.0,20.0,5.7,25.5
20250428152600,36.7760009765625,38.0,0.0,20.9,6.2,24.2
20250428152700,36.7760009765625,38.0,0.0,20.5,5.7,23.8
20250428152800,36.7760009765625,38.0,0.0,19.4,6.3,34.8
20250428152900,36.7760009765625,38.0,0.0,20.9,5.9,39.6
20250428153000,36.7760009765625,38.0,0.0,19.7,6.0,35.9
20250428153100,36.7760009765625,38.0,0.0,20.9,6.2,31.7
20250428153200,36.7760009765625,38.0,0.0,20.5,6.2,23.2
20250428153300,36.7760009765625,38.0,0.0,20.2,5.7,17.5
20250428153400,36.7760009765625,38.0,0.0,20.8,6.3,25.9
20250428153500,36.7760009765625,38.0,0.0,19.6,6.4,20.5
20250428153600,36.7760009765625,38.0,0.0,20.9,5.8,20.1
20250428153700,36.7760009765625,38.0,0.0,19.2,5.8,39.8
20250428153800,36.7760009765625,38.0,0.0,19.5,6.5,39.2
20250428153900,36.7760009765625,38.0,0.0,19.4,6.2,20.5
20250428154000,36.7760009765625,38.0,0.0,20.9,5.7,22.3
20250428154100,36.7760009765625,38.0,0.0,20.8,5.5,36.4
20250428154200,36.7760009765625,38.0,0.0,19.5,5.7,26.6
20250428154300,36.7760009765625,38.0,0.0,19.6,6.0,25.1
20250428154400,36.7760009765625,38.0,0.0,19.6,5.6,19.2
20250428154500,36.7760009765625,38.0,0.0,19.5,6.0,17.2
20250428154600,36.7760009765625,38.0,0.0,19.2,6.4,17.1
20250428154700,36.7760009765625,38.0,0.0,20.6,6.3,20.3
20250428154800,36.7760009765625,38.0,0.0,20.0,6.3,18.7
20250428154900,36.7760009765625,38.0,0.0,19.8,5.6,22.5
20250428155000,36.7760009765625,38.0,0.0,20.6,6.1,24.7
20250428155100,36.7760009765625,38.0,0.0,20.2,5.9,33.6
20250428155200,36.7760009765625,38.0,0.0,20.6,5.7,28.4
20250428155300,36.7760009765625,38.0,0.0,19.6,5.9,27.4
20250428155400,36.7760009765625,38.0,0.0,19.6,6.1,15.5
20250428155500,36.7760009765625,38.0,0.0,20.8,6.1,23.9
20250428155600,36.7760009765625,38.0,0.0,20.8,6.2,23.4
20250428155700,36.7760009765625,38.0,0.0,20.1,5.9,26.1
20250428155800,36.7760009765625,38.0,0.0,19.2,6.0,34.6
20250428155900,36.7760009765625,38.0,0.0,19.5,6.3,37.1
20250428160000,36.32600021362305,38.0,0.0,20.4,6.3,35.7
20250428160100,36.32600021362305,38.0,0.0,20.6,6.3,32.4
20250428160200,36.32600021362305,38.0,0.0,20.5,6.4,38.2
20250428160300,36.32600021362305,38.0,0.0,20.9,6.2,38.1
20250428160400,36.32600021362305,38.0,0.0,20.9,5.6,18.2
20250428160500,36.32600021362305,38.0,0.0,19.4,5.7,18.5
20250428160600,36.32600021362305,38.0,0.0,19.7,5.6,32.1
20250428160700,36.32600021362305,38.0,0.0,20.5,5.9,26.4
20250428160800,36.32600021362305,38.0,0.0,19.8,5.8,36.9
20250428160900,36.32600021362305,38.0,0.0,19.5,5.7,21.5
20250428161000,36.32600021362305,38.0,0.0,19.8,5.6,36.3
20250428161100,36.32600021362305,38.0,0.0,20.4,6.3,15.9
20250428161200,36.32600021362305,38.0,0.0,19.8,5.7,16.0
20250428161300,36.32600021362305,38.0,0.0,20.7,6.1,39.3
20250428161400,36.32600021362305,38.0,0.0,20.4,5.8,39.6
20250428161500,36.32600021362305,38.0,0.0,19.7,6.3,20.2
20250428161600,36.32600021362305,38.0,0.0,19.8,5.9,32.3
20250428161700,36.32600021362305,38.0,0.0,20.1,6.1,19.9
20250428161800,36.32600021362305,38.0,0.0,20.8,6.1,39.4
20250428161900,36.32600021362305,38.0,0.0,20.9,6.0,22.6
20250428162000,36.32600021362305,38.0,0.0,20.1,6.3,33.6
20250428162100,36.32600021362305,38.0,0.0,19.2,5.5,24.6
20250428162200,36.32600021362305,38.0,0.0,20.3,6.3,37.7
20250428162300,36.32600021362305,38.0,0.0,20.3,5.5,35.2
20250428162400,36.32600021362305,38.0,0.0,20.4,6.0,19.0
20250428162500,36.32600021362305,38.0,0.0,19.5,5.9,31.8
20250428162600,36.32600021362305,38.0,0.0,20.7,6.3,27.0
20250428162700,36.32600021362305,38.0,0.0,20.7,5.8,23.7
20250428162800,36.32600021362305,38.0,0.0,20.4,6.1,37.5
20250428162900,36.32600021362305,38.0,0.0,20.3,5.7,28.7
20250428163000,36.32600021362305,38.0,0.0,20.2,5.6,34.4
20250428163100,36.32600021362305,38.0,0.0,19.2,5.6,34.3
20250428163200,36.32600021362305,38.0,0.0,20.4,5.9,36.2
20250428163300,36.32600021362305,38.0,0.0,20.0,5.9,33.0
20250428163400,36.32600021362305,38.0,0.0,21.0,6.1,36.8
20250428163500,36.32600021362305,38.0,0.0,19.2,6.5,25.4
20250428163600,36.32600021362305,38.0,0.0,20.0,5.7,25.0
20250428163700,36.32600021362305,38.0,0.0,19.6,6.2,39.0
20250428163800,36.32600021362305,38.0,0.0,20.2,5.6,16.8
20250428163900,36.32600021362305,38.0,0.0,19.3,5.8,18.8
20250428164000,36.32600021362305,38.0,0.0,20.3,6.4,20.4
20250428164100,36.32600021362305,38.0,0.0,21.0,6.3,38.7
20250428164200,36.32600021362305,38.0,0.0,20.1,5.5,23.8
20250428164300,36.32600021362305,38.0,0.0,19.3,5.7,35.0
20250428164400,36.32600021362305,38.0,0.0,19.3,6.4,38.8
20250428164500,36.32600021362305,38.0,0.0,19.3,6.3,15.3
20250428164600,36.32600021362305,38.0,0.0,19.6,5.5,23.6
20250428164700,36.32600021362305,38.0,0.0,19.6,6.0,33.5
20250428164800,36.32600021362305,38.0,0.0,20.4,6.2,37.9
20250428164900,36.32600021362305,38.0,0.0,19.8,5.9,30.7
20250428165000,36.32600021362305,38.0,0.0,19.2,5.8,19.9
20250428165100,36.32600021362305,38.0,0.0,20.3,5.9,16.1
20250428165200,36.32600021362305,38.0,0.0,19.8,5.5,19.3
20250428165300,36.32600021362305,38.0,0.0,19.1,5.8,22.9
20250428165400,36.32600021362305,38.0,0.0,20.3,6.5,18.6
20250428165500,36.32600021362305,38.0,0.0,20.1,5.6,29.4
20250428165600,36.32600021362305,38.0,0.0,19.7,5.7,17.5
20250428165700,36.32600021362305,38.0,0.0,20.5,6.2,39.1
20250428165800,36.32600021362305,38.0,0.0,20.0,5.8,35.9
20250428165900,36.32600021362305,38.0,0.0,19.9,5.8,21.4
20250428170000,33.375999450683594,51.0,0.0,19.2,6.4,35.2
20250428170100,33.375999450683594,51.0,0.0,19.1,6.0,27.9
20250428170200,33.375999450683594,51.0,0.0,20.8,5.8,21.3
20250428170300,33.375999450683594,51.0,0.0,20.2,5.9,16.5
20250428170400,33.375999450683594,51.0,0.0,20.6,6.5,16.8
20250428170500,33.375999450683594,51.0,0.0,20.1,6.4,33.8
20250428170600,33.375999450683594,51.0,0.0,19.9,6.3,38.1
20250428170700,33.375999450683594,51.0,0.0,20.9,6.2,18.9
20250428170800,33.375999450683594,51.0,0.0,19.0,6.2,39.1
20250428170900,33.375999450683594,51.0,0.0,19.3,5.9,39.3
20250428171000,33.375999450683594,51.0,0.0,20.9,5.8,39.6
20250428171100,33.375999450683594,51.0,0.0,19.3,6.2,18.6
20250428171200,33.375999450683594,51.0,0.0,19.2,5.6,27.7
20250428171300,33.375999450683594,51.0,0.0,19.3,6.0,20.7
20250428171400,33.375999450683594,51.0,0.0,20.1,5.9,15.1
20250428171500,33.375999450683594,51.0,0.0,20.9,6.0,23.0
20250428171600,33.375999450683594,51.0,0.0,20.8,5.6,36.3
20250428171700,33.375999450683594,51.0,0.0,19.2,6.4,32.5
20250428171800,33.375999450683594,51.0,0.0,20.0,6.0,23.5
20250428171900,33.375999450683594,51.0,0.0,20.0,6.2,19.5
20250428172000,33.375999450683594,51.0,0.0,19.3,6.1,32.5
20250428172100,33.375999450683594,51.0,0.0,20.1,6.0,22.1
20250428172200,33.375999450683594,51.0,0.0,20.8,5.6,21.4
20250428172300,33.375999450683594,51.0,0.0,20.0,5.6,34.9
20250428172400,33.375999450683594,51.0,0.0,19.4,5.8,36.5
20250428172500,33.375999450683594,51.0,0.0,20.5,5.5,30.1
20250428172600,33.375999450683594,51.0,0.0,20.6,6.0,24.2
20250428172700,33.375999450683594,51.0,0.0,19.3,5.8,25.4
20250428172800,33.375999450683594,51.0,0.0,20.2,5.8,28.6
20250428172900,33.375999450683594,51.0,0.0,20.9,6.0,38.9
20250428173000,33.375999450683594,51.0,0.0,19.6,5.5,20.1
20250428173100,33.375999450683594,51.0,0.0,20.8,5.6,26.1
20250428173200,33.375999450683594,51.0,0.0,20.6,5.9,39.2
20250428173300,33.375999450683594,51.0,0.0,20.2,6.4,36.1
20250428173400,33.375999450683594,51.0,0.0,19.5,6.0,38.4
20250428173500,33.375999450683594,51.0,0.0,19.2,5.8,15.6
20250428173600,33.375999450683594,51.0,0.0,19.8,5.9,19.9
20250428173700,33.375999450683594,51.0,0.0,20.8,6.4,31.1
20250428173800,33.375999450683594,51.0,0.0,20.2,5.5,16.0
20250428173900,33.375999450683594,51.0,0.0,20.6,5.9,27.9
20250428174000,33.375999450683594,51.0,0.0,20.4,6.5,33.3
20250428174100,33.375999450683594,51.0,0.0,20.5,5.8,21.5
20250428174200,33.375999450683594,51.0,0.0,20.9,5.9,35.1
20250428174300,33.375999450683594,51.0,0.0,20.6,6.4,22.3
20250428174400,33.375999450683594,51.0,0.0,20.9,6.4,21.9
20250428174500,33.375999450683594,51.0,0.0,19.8,6.3,34.0
20250428174600,33.375999450683594,51.0,0.0,20.6,5.5,30.9
20250428174700,33.375999450683594,51.0,0.0,19.5,6.4,37.9
20250428174800,33.375999450683594,51.0,0.0,19.6,6.2,30.1
20250428174900,33.375999450683594,51.0,0.0,19.7,5.8,27.0
20250428175000,33.375999450683594,51.0,0.0,20.6,6.0,24.4
20250428175100,33.375999450683594,51.0,0.0,20.2,5.8,22.3
20250428175200,33.375999450683594,51.0,0.0,19.1,6.0,35.1
20250428175300,33.375999450683594,51.0,0.0,20.7,6.3,37.9
20250428175400,33.375999450683594,51.0,0.0,20.9,5.7,35.6
20250428175500,33.375999450683594,51.0,0.0,20.1,5.8,31.3
20250428175600,33.375999450683594,51.0,0.0,19.5,5.9,21.9
20250428175700,33.375999450683594,51.0,0.0,20.1,6.3,39.2
20250428175800,33.375999450683594,51.0,0.0,19.4,6.2,37.8
20250428175900,33.375999450683594,51.0,0.0,19.8,5.8,35.1
20250428180000,31.42599868774414,60.0,0.0,19.8,5.8,31.4
20250428180100,31.42599868774414,60.0,0.0,20.5,6.4,19.9
20250428180200,31.42599868774414,60.0,0.0,20.7,5.6,32.2
20250428180300,31.42599868774414,60.0,0.0,19.8,6.1,19.9
20250428180400,31.42599868774414,60.0,0.0,19.3,6.5,37.0
20250428180500,31.42599868774414,60.0,0.0,20.5,5.9,23.7
20250428180600,31.42599868774414,60.0,0.0,19.9,5.6,27.4
20250428180700,31.42599868774414,60.0,0.0,19.8,6.2,23.2
20250428180800,31.42599868774414,60.0,0.0,19.6,6.0,34.7
20250428180900,31.42599868774414,60.0,0.0,20.7,6.4,25.7
20250428181000,31.42599868774414,60.0,0.0,20.5,5.7,22.1
20250428181100,31.42599868774414,60.0,0.0,20.3,6.1,22.1
20250428181200,31.42599868774414,60.0,0.0,19.7,5.9,19.0
20250428181300,31.42599868774414,60.0,0.0,19.5,5.6,26.1
20250428181400,31.42599868774414,60.0,0.0,19.3,5.8,28.8
20250428181500,31.42599868774414,60.0,0.0,19.3,6.3,16.5
20250428181600,31.42599868774414,60.0,0.0,21.0,5.8,23.1
20250428181700,31.42599868774414,60.0,0.0,20.9,6.0,28.3
20250428181800,31.42599868774414,60.0,0.0,19.4,6.0,28.4
20250428181900,31.42599868774414,60.0,0.0,19.3,6.1,16.8
20250428182000,31.42599868774414,60.0,0.0,20.7,6.0,32.0
20250428182100,31.42599868774414,60.0,0.0,19.2,6.0,19.1
20250428182200,31.42599868774414,60.0,0.0,19.3,5.9,34.3
20250428182300,31.42599868774414,60.0,0.0,20.1,5.8,17.2
20250428182400,31.42599868774414,60.0,0.0,20.5,6.2,21.9
20250428182500,31.42599868774414,60.0,0.0,20.8,5.8,27.0
20250428182600,31.42599868774414,60.0,0.0,20.7,5.8,15.8
20250428182700,31.42599868774414,60.0,0.0,21.0,6.1,35.4
20250428182800,31.42599868774414,60.0,0.0,20.7,6.4,17.6
20250428182900,31.42599868774414,60.0,0.0,20.8,6.4,18.7
20250428183000,31.42599868774414,60.0,0.0,20.2,5.7,34.1
20250428183100,31.42599868774414,60.0,0.0,19.6,5.6,29.0
20250428183200,31.42599868774414,60.0,0.0,19.9,6.4,28.9
20250428183300,31.42599868774414,60.0,0.0,19.4,5.9,32.2
20250428183400,31.42599868774414,60.0,0.0,19.8,6.0,31.6
20250428183500,31.42599868774414,60.0,0.0,19.5,5.5,26.3
20250428183600,31.42599868774414,60.0,0.0,19.1,6.0,18.2
20250428183700,31.42599868774414,60.0,0.0,20.9,5.8,27.1
20250428183800,31.42599868774414,60.0,0.0,20.7,5.5,29.9
20250428183900,31.42599868774414,60.0,0.0,20.4,5.6,15.6
20250428184000,31.42599868774414,60.0,0.0,19.9,6.0,22.6
20250428184100,31.42599868774414,60.0,0.0,20.4,6.5,26.4
20250428184200,31.42599868774414,60.0,0.0,20.8,5.7,30.7
20250428184300,31.42599868774414,60.0,0.0,19.9,5.5,34.3
20250428184400,31.42599868774414,60.0,0.0,20.0,6.1,25.2
20250428184500,31.42599868774414,60.0,0.0,19.5,5.8,26.8
20250428184600,31.42599868774414,60.0,0.0,20.3,5.5,20.9
20250428184700,31.42599868774414,60.0,0.0,19.7,5.7,16.7
20250428184800,31.42599868774414,60.0,0.0,20.1,6.0,25.9
20250428184900,31.42599868774414,60.0,0.0,19.3,5.5,38.5
20250428185000,31.42599868774414,60.0,0.0,21.0,5.9,38.5
20250428185100,31.42599868774414,60.0,0.0,19.1,5.7,38.2
20250428185200,31.42599868774414,60.0,0.0,19.6,6.0,22.8
20250428185300,31.42599868774414,60.0,0.0,19.8,6.4,36.0
20250428185400,31.42599868774414,60.0,0.0,19.1,5.9,35.8
20250428185500,31.42599868774414,60.0,0.0,19.7,6.0,30.4
20250428185600,31.42599868774414,60.0,0.0,20.4,6.2,25.2
20250428185700,31.42599868774414,60.0,0.0,19.5,5.9,27.2
20250428185800,31.42599868774414,60.0,0.0,20.1,6.1,26.5
20250428185900,31.42599868774414,60.0,0.0,20.7,5.6,36.2
20250428190000,30.025999069213867,70.0,0.0,19.7,6.1,36.8
20250428190100,30.025999069213867,70.0,0.0,20.0,6.1,21.1
20250428190200,30.025999069213867,70.0,0.0,20.1,6.2,32.2
20250428190300,30.025999069213867,70.0,0.0,20.4,6.3,39.3
20250428190400,30.025999069213867,70.0,0.0,20.1,5.6,25.3
20250428190500,30.025999069213867,70.0,0.0,19.9,5.8,30.4
20250428190600,30.025999069213867,70.0,0.0,19.7,6.0,17.6
20250428190700,30.025999069213867,70.0,0.0,20.9,6.2,18.4
20250428190800,30.025999069213867,70.0,0.0,19.6,6.5,39.6
20250428190900,30.025999069213867,70.0,0.0,19.1,6.1,26.2
20250428191000,30.025999069213867,70.0,0.0,19.7,5.7,36.5
20250428191100,30.025999069213867,70.0,0.0,20.3,5.5,28.5
20250428191200,30.025999069213867,70.0,0.0,20.5,6.1,39.5
20250428191300,30.025999069213867,70.0,0.0,20.0,6.1,21.6
20250428191400,30.025999069213867,70.0,0.0,19.3,5.6,24.0
20250428191500,30.025999069213867,70.0,0.0,20.4,6.0,37.8
20250428191600,30.025999069213867,70.0,0.0,20.6,5.5,23.5
20250428191700,30.025999069213867,70.0,0.0,19.8,5.5,30.1
20250428191800,30.025999069213867,70.0,0.0,19.0,6.2,28.5
20250428191900,30.025999069213867,70.0,0.0,20.2,5.7,30.9
20250428192000,30.025999069213867,70.0,0.0,20.7,6.0,18.5
20250428192100,30.025999069213867,70.0,0.0,19.7,6.0,15.6
20250428192200,30.025999069213867,70.0,0.0,20.0,5.7,38.7
20250428192300,30.025999069213867,70.0,0.0,20.5,5.9,26.3
20250428192400,30.025999069213867,70.0,0.0,19.0,5.8,29.9
20250428192500,30.025999069213867,70.0,0.0,20.6,6.3,20.7
20250428192600,30.025999069213867,70.0,0.0,19.1,5.7,36.5
20250428192700,30.025999069213867,70.0,0.0,20.8,6.5,35.3
20250428192800,30.025999069213867,70.0,0.0,19.5,5.7,29.8
20250428192900,30.025999069213867,70.0,0.0,21.0,5.9,36.4
20250428193000,30.025999069213867,70.0,0.0,20.4,5.9,25.4
20250428193100,30.025999069213867,70.0,0.0,20.6,5.7,18.1
20250428193200,30.025999069213867,70.0,0.0,20.9,6.1,22.1
20250428193300,30.025999069213867,70.0,0.0,19.7,5.8,16.6
20250428193400,30.025999069213867,70.0,0.0,19.7,5.9,18.7
20250428193500,30.025999069213867,70.0,0.0,20.9,6.2,23.2
20250428193600,30.025999069213867,70.0,0.0,19.5,6.1,30.8
20250428193700,30.025999069213867,70.0,0.0,20.2,5.6,25.7
20250428193800,30.025999069213867,70.0,0.0,19.8,6.5,29.0
20250428193900,30.025999069213867,70.0,0.0,19.8,6.4,23.6
20250428194000,30.025999069213867,70.0,0.0,19.1,6.0,35.9
20250428194100,30.025999069213867,70.0,0.0,19.7,6.5,33.1
20250428194200,30.025999069213867,70.0,0.0,19.7,6.2,21.7
20250428194300,30.025999069213867,70.0,0.0,19.2,6.4,16.5
20250428194400,30.025999069213867,70.0,0.0,20.6,6.1,30.6
20250428194500,30.025999069213867,70.0,0.0,19.5,6.0,32.3
20250428194600,30.025999069213867,70.0,0.0,19.5,5.9,39.0
20250428194700,30.025999069213867,70.0,0.0,19.8,5.9,34.0
20250428194800,30.025999069213867,70.0,0.0,19.6,6.5,18.1
20250428194900,30.025999069213867,70.0,0.0,21.0,5.8,31.0
20250428195000,30.025999069213867,70.0,0.0,20.6,5.5,24.6
20250428195100,30.025999069213867,70.0,0.0,20.5,5.7,21.4
20250428195200,30.025999069213867,70.0,0.0,21.0,5.5,26.6
20250428195300,30.025999069213867,70.0,0.0,20.4,5.8,36.3
20250428195400,30.025999069213867,70.0,0.0,20.0,5.7,39.3
20250428195500,30.025999069213867,70.0,0.0,20.7,5.6,16.2
20250428195600,30.025999069213867,70.0,0.0,20.5,6.1,21.7
20250428195700,30.025999069213867,70.0,0.0,19.8,6.4,26.1
20250428195800,30.025999069213867,70.0,0.0,20.7,5.9,29.4
20250428195900,30.025999069213867,70.0,0.0,20.6,6.2,15.1
20250428200000,29.17599868774414,75.0,0.0,19.2,6.0,24.7
20250428200100,29.17599868774414,75.0,0.0,20.8,6.4,23.3
20250428200200,29.17599868774414,75.0,0.0,19.1,6.0,36.0
20250428200300,29.17599868774414,75.0,0.0,20.9,5.7,18.3
20250428200400,29.17599868774414,75.0,0.0,19.6,6.3,39.1
20250428200500,29.17599868774414,75.0,0.0,19.2,6.0,32.2
20250428200600,29.17599868774414,75.0,0.0,19.4,5.5,21.6
20250428200700,29.17599868774414,75.0,0.0,20.3,5.8,15.7
20250428200800,29.17599868774414,75.0,0.0,19.5,6.3,20.6
20250428200900,29.17599868774414,75.0,0.0,19.1,6.2,34.7
20250428201000,29.17599868774414,75.0,0.0,19.1,5.9,27.9
20250428201100,29.17599868774414,75.0,0.0,19.1,6.3,37.7
20250428201200,29.17599868774414,75.0,0.0,20.5,6.4,29.8
20250428201300,29.17599868774414,75.0,0.0,19.8,5.9,32.8
20250428201400,29.17599868774414,75.0,0.0,19.9,5.6,20.2
20250428201500,29.17599868774414,75.0,0.0,19.7,5.9,27.2
20250428201600,29.17599868774414,75.0,0.0,21.0,6.1,26.9
20250428201700,29.17599868774414,75.0,0.0,20.5,6.4,29.3
20250428201800,29.17599868774414,75.0,0.0,20.8,6.1,21.1
20250428201900,29.17599868774414,75.0,0.0,20.3,5.9,26.6
20250428202000,29.17599868774414,75.0,0.0,20.4,6.3,20.1
20250428202100,29.17599868774414,75.0,0.0,20.2,6.0,20.5
20250428202200,29.17599868774414,75.0,0.0,19.8,5.8,35.8
20250428202300,29.17599868774414,75.0,0.0,19.3,6.0,25.5
20250428202400,29.17599868774414,75.0,0.0,20.3,5.7,37.4
20250428202500,29.17599868774414,75.0,0.0,20.4,5.7,39.5
20250428202600,29.17599868774414,75.0,0.0,19.6,6.3,21.9
20250428202700,29.17599868774414,75.0,0.0,20.6,5.5,15.9
20250428202800,29.17599868774414,75.0,0.0,19.5,6.0,16.5
20250428202900,29.17599868774414,75.0,0.0,20.4,6.0,37.3
20250428203000,29.17599868774414,75.0,0.0,20.8,6.3,39.9
20250428203100,29.17599868774414,75.0,0.0,19.9,5.8,30.7
20250428203200,29.17599868774414,75.0,0.0,19.4,6.0,32.2
20250428203300,29.17599868774414,75.0,0.0,20.0,5.9,17.0
20250428203400,29.17599868774414,75.0,0.0,20.8,5.8,35.0
20250428203500,29.17599868774414,75.0,0.0,19.5,6.5,37.5
20250428203600,29.17599868774414,75.0,0.0,20.0,6.0,26.3
20250428203700,29.17599868774414,75.0,0.0,19.9,6.3,27.0
20250428203800,29.17599868774414,75.0,0.0,19.5,5.6,30.8
20250428203900,29.17599868774414,75.0,0.0,19.1,6.5,15.2
20250428204000,29.17599868774414,75.0,0.0,19.8,6.5,32.8
20250428204100,29.17599868774414,75.0,0.0,19.7,5.9,27.7
20250428204200,29.17599868774414,75.0,0.0,20.5,6.2,21.4
20250428204300,29.17599868774414,75.0,0.0,20.0,6.2,37.8
20250428204400,29.17599868774414,75.0,0.0,19.6,6.3,15.5
20250428204500,29.17599868774414,75.0,0.0,19.5,5.7,15.8
20250428204600,29.17599868774414,75.0,0.0,19.0,5.9,20.1
20250428204700,29.17599868774414,75.0,0.0,20.0,5.9,32.9
20250428204800,29.17599868774414,75.0,0.0,20.0,6.1,30.8
20250428204900,29.17599868774414,75.0,0.0,20.8,6.0,21.3
20250428205000,29.17599868774414,75.0,0.0,20.7,6.3,31.7
20250428205100,29.17599868774414,75.0,0.0,19.4,5.9,39.8
20250428205200,29.17599868774414,75.0,0.0,19.2,6.1,39.9
20250428205300,29.17599868774414,75.0,0.0,19.7,5.6,29.4
20250428205400,29.17599868774414,75.0,0.0,19.3,6.3,33.5
20250428205500,29.17599868774414,75.0,0.0,19.9,5.8,31.9
20250428205600,29.17599868774414,75.0,0.0,19.0,6.3,20.9
20250428205700,29.17599868774414,75.0,0.0,20.3,6.2,28.5
20250428205800,29.17599868774414,75.0,0.0,19.1,6.2,39.7
20250428205900,29.17599868774414,75.0,0.0,19.8,6.1,34.7
20250428210000,28.575998306274414,80.0,0.0,19.7,5.9,36.9
20250428210100,28.575998306274414,80.0,0.0,19.8,6.0,23.8
20250428210200,28.575998306274414,80.0,0.0,20.2,5.9,16.1
20250428210300,28.575998306274414,80.0,0.0,20.5,5.8,18.2
20250428210400,28.575998306274414,80.0,0.0,20.3,5.7,21.9
20250428210500,28.575998306274414,80.0,0.0,20.3,6.0,23.4
20250428210600,28.575998306274414,80.0,0.0,19.7,6.5,20.5
20250428210700,28.575998306274414,80.0,0.0,19.7,6.3,20.3
20250428210800,28.575998306274414,80.0,0.0,20.4,6.1,23.5
20250428210900,28.575998306274414,80.0,0.0,19.9,5.7,30.1
20250428211000,28.575998306274414,80.0,0.0,19.1,6.0,35.8
20250428211100,28.575998306274414,80.0,0.0,20.1,6.4,22.0
20250428211200,28.575998306274414,80.0,0.0,20.9,5.8,24.3
20250428211300,28.575998306274414,80.0,0.0,20.8,5.7,28.4
20250428211400,28.575998306274414,80.0,0.0,20.7,6.1,21.1
20250428211500,28.575998306274414,80.0,0.0,20.8,6.1,33.5
20250428211600,28.575998306274414,80.0,0.0,20.8,5.9,16.1
20250428211700,28.575998306274414,80.0,0.0,20.9,6.1,29.0
20250428211800,28.575998306274414,80.0,0.0,20.2,6.1,36.9
20250428211900,28.575998306274414,80.0,0.0,19.7,5.7,18.0
20250428212000,28.575998306274414,80.0,0.0,19.7,5.7,21.8
20250428212100,28.575998306274414,80.0,0.0,20.0,6.0,17.0
20250428212200,28.575998306274414,80.0,0.0,20.0,6.1,26.7
20250428212300,28.575998306274414,80.0,0.0,19.8,5.7,16.1
20250428212400,28.575998306274414,80.0,0.0,20.6,6.5,19.4
20250428212500,28.575998306274414,80.0,0.0,20.1,6.0,38.5
20250428212600,28.575998306274414,80.0,0.0,20.5,6.2,36.7
20250428212700,28.575998306274414,80.0,0.0,19.0,6.3,26.7
20250428212800,28.575998306274414,80.0,0.0,19.2,5.6,31.6
20250428212900,28.575998306274414,80.0,0.0,19.3,6.4,20.4
20250428213000,28.575998306274414,80.0,0.0,20.0,5.7,36.4
20250428213100,28.575998306274414,80.0,0.0,20.9,5.8,39.8
20250428213200,28.575998306274414,80.0,0.0,20.3,6.4,19.5
20250428213300,28.575998306274414,80.0,0.0,19.7,6.1,26.0
20250428213400,28.575998306274414,80.0,0.0,19.8,5.9,23.4
20250428213500,28.575998306274414,80.0,0.0,20.4,5.8,37.2
20250428213600,28.575998306274414,80.0,0.0,19.0,5.6,25.0
20250428213700,28.575998306274414,80.0,0.0,19.7,6.0,32.1
20250428213800,28.575998306274414,80.0,0.0,20.7,6.4,39.0
20250428213900,28.575998306274414,80.0,0.0,19.9,6.5,21.3
20250428214000,28.575998306274414,80.0,0.0,19.7,6.4,16.4
20250428214100,28.575998306274414,80.0,0.0,20.1,6.5,17.9
20250428214200,28.575998306274414,80.0,0.0,20.4,5.7,19.4
20250428214300,28.575998306274414,80.0,0.0,19.9,6.3,33.3
20250428214400,28.575998306274414,80.0,0.0,20.3,6.4,35.4
20250428214500,28.575998306274414,80.0,0.0,20.0,5.9,28.6
20250428214600,28.575998306274414,80.0,0.0,20.0,6.1,19.6
20250428214700,28.575998306274414,80.0,0.0,20.3,5.9,15.8
20250428214800,28.575998306274414,80.0,0.0,20.5,6.4,22.2
20250428214900,28.575998306274414,80.0,0.0,19.1,6.4,24.1
20250428215000,28.575998306274414,80.0,0.0,19.0,6.4,35.2
20250428215100,28.575998306274414,80.0,0.0,19.4,6.2,31.9
20250428215200,28.575998306274414,80.0,0.0,20.8,6.1,40.0
20250428215300,28.575998306274414,80.0,0.0,19.5,6.2,38.5
20250428215400,28.575998306274414,80.0,0.0,19.1,5.9,16.6
20250428215500,28.575998306274414,80.0,0.0,20.2,6.4,21.0
20250428215600,28.575998306274414,80.0,0.0,20.5,6.0,20.2
20250428215700,28.575998306274414,80.0,0.0,20.3,5.9,17.0
20250428215800,28.575998306274414,80.0,0.0,20.0,5.8,17.5
20250428215900,28.575998306274414,80.0,0.0,20.1,5.6,36.9
20250428220000,28.125999450683594,82.0,0.0,20.6,5.8,19.9
20250428220100,28.125999450683594,82.0,0.0,19.5,6.2,21.4
20250428220200,28.125999450683594,82.0,0.0,20.0,6.4,17.8
20250428220300,28.125999450683594,82.0,0.0,19.2,6.1,34.8
20250428220400,28.125999450683594,82.0,0.0,19.5,5.8,32.8
20250428220500,28.125999450683594,82.0,0.0,20.2,5.6,17.6
20250428220600,28.125999450683594,82.0,0.0,20.9,6.2,39.4
20250428220700,28.125999450683594,82.0,0.0,19.1,6.0,23.2
20250428220800,28.125999450683594,82.0,0.0,20.9,6.0,19.5
20250428220900,28.125999450683594,82.0,0.0,20.3,6.4,23.4
20250428221000,28.125999450683594,82.0,0.0,20.8,5.7,39.4
20250428221100,28.125999450683594,82.0,0.0,20.1,6.3,27.0
20250428221200,28.125999450683594,82.0,0.0,20.7,6.3,38.7
20250428221300,28.125999450683594,82.0,0.0,19.3,5.8,36.8
20250428221400,28.125999450683594,82.0,0.0,19.7,6.1,27.1
20250428221500,28.125999450683594,82.0,0.0,21.0,6.1,35.4
20250428221600,28.125999450683594,82.0,0.0,20.1,6.4,29.9
20250428221700,28.125999450683594,82.0,0.0,19.1,6.5,22.1
20250428221800,28.125999450683594,82.0,0.0,19.1,6.4,33.7
20250428221900,28.125999450683594,82.0,0.0,19.7,5.9,34.0
20250428222000,28.125999450683594,82.0,0.0,19.2,6.4,34.9
20250428222100,28.125999450683594,82.0,0.0,19.6,5.6,18.0
20250428222200,28.125999450683594,82.0,0.0,19.3,6.4,24.9
20250428222300,28.125999450683594,82.0,0.0,20.1,5.6,35.2
20250428222400,28.125999450683594,82.0,0.0,20.0,5.9,28.7
20250428222500,28.125999450683594,82.0,0.0,20.8,6.1,33.8
20250428222600,28.125999450683594,82.0,0.0,19.2,5.9,33.4
20250428222700,28.125999450683594,82.0,0.0,20.1,6.3,31.3
20250428222800,28.125999450683594,82.0,0.0,19.4,5.5,20.9
20250428222900,28.125999450683594,82.0,0.0,19.3,5.8,19.5
20250428223000,28.125999450683594,82.0,0.0,20.1,5.9,30.0
20250428223100,28.125999450683594,82.0,0.0,20.8,5.9,21.0
20250428223200,28.125999450683594,82.0,0.0,19.6,5.8,22.8
20250428223300,28.125999450683594,82.0,0.0,20.4,6.0,17.0
20250428223400,28.125999450683594,82.0,0.0,19.2,5.9,39.5
20250428223500,28.125999450683594,82.0,0.0,20.1,5.9,16.0
20250428223600,28.125999450683594,82.0,0.0,19.5,6.4,19.6
20250428223700,28.125999450683594,82.0,0.0,20.9,6.0,17.8
20250428223800,28.125999450683594,82.0,0.0,19.0,6.4,36.6
20250428223900,28.125999450683594,82.0,0.0,19.5,5.6,36.0
20250428224000,28.125999450683594,82.0,0.0,20.8,6.4,22.9
20250428224100,28.125999450683594,82.0,0.0,19.7,5.6,39.9
20250428224200,28.125999450683594,82.0,0.0,20.0,6.4,36.2
20250428224300,28.125999450683594,82.0,0.0,19.5,5.7,25.4
20250428224400,28.125999450683594,82.0,0.0,20.8,6.2,36.5
20250428224500,28.125999450683594,82.0,0.0,19.9,6.1,37.9
20250428224600,28.125999450683594,82.0,0.0,20.6,5.9,38.7
20250428224700,28.125999450683594,82.0,0.0,20.2,6.2,30.9
20250428224800,28.125999450683594,82.0,0.0,19.9,5.6,23.3
20250428224900,28.125999450683594,82.0,0.0,19.1,5.6,38.3
20250428225000,28.125999450683594,82.0,0.0,19.7,6.0,20.6
20250428225100,28.125999450683594,82.0,0.0,20.3,5.8,32.8
20250428225200,28.125999450683594,82.0,0.0,19.8,5.8,35.9
20250428225300,28.125999450683594,82.0,0.0,20.8,6.1,24.0
20250428225400,28.125999450683594,82.0,0.0,20.7,5.6,28.0
20250428225500,28.125999450683594,82.0,0.0,20.8,6.2,21.2
20250428225600,28.125999450683594,82.0,0.0,20.2,5.6,20.2
20250428225700,28.125999450683594,82.0,0.0,19.6,6.0,28.5
20250428225800,28.125999450683594,82.0,0.0,19.7,5.7,25.4
20250428225900,28.125999450683594,82.0,0.0,20.8,5.9,23.9
20250428230000,27.875999450683594,84.0,0.0,19.8,6.1,31.4
20250428230100,27.875999450683594,84.0,0.0,19.6,6.2,16.6
20250428230200,27.875999450683594,84.0,0.0,20.7,5.7,24.7
20250428230300,27.875999450683594,84.0,0.0,20.0,6.0,23.4
20250428230400,27.875999450683594,84.0,0.0,19.3,6.0,30.0
20250428230500,27.875999450683594,84.0,0.0,20.6,5.7,38.9
20250428230600,27.875999450683594,84.0,0.0,20.1,6.5,39.1
20250428230700,27.875999450683594,84.0,0.0,20.5,5.7,25.6
20250428230800,27.875999450683594,84.0,0.0,19.4,6.3,22.7
20250428230900,27.875999450683594,84.0,0.0,21.0,6.2,29.6
20250428231000,27.875999450683594,84.0,0.0,19.5,6.3,36.6
20250428231100,27.875999450683594,84.0,0.0,20.2,6.4,30.2
20250428231200,27.875999450683594,84.0,0.0,19.2,6.2,21.0
20250428231300,27.875999450683594,84.0,0.0,20.7,6.5,38.6
20250428231400,27.875999450683594,84.0,0.0,20.9,6.2,36.8
20250428231500,27.875999450683594,84.0,0.0,20.3,5.7,38.8
20250428231600,27.875999450683594,84.0,0.0,20.0,6.0,25.1
20250428231700,27.875999450683594,84.0,0.0,20.0,5.5,29.4
20250428231800,27.875999450683594,84.0,0.0,19.3,5.8,22.1
20250428231900,27.875999450683594,84.0,0.0,19.4,5.6,34.3
20250428232000,27.875999450683594,84.0,0.0,19.4,5.6,32.6
20250428232100,27.875999450683594,84.0,0.0,20.5,5.6,25.6
20250428232200,27.875999450683594,84.0,0.0,20.1,5.7,37.2
20250428232300,27.875999450683594,84.0,0.0,20.1,5.6,36.8
20250428232400,27.875999450683594,84.0,0.0,19.8,6.4,25.3
20250428232500,27.875999450683594,84.0,0.0,19.7,5.9,38.6
20250428232600,27.875999450683594,84.0,0.0,20.2,5.9,22.7
20250428232700,27.875999450683594,84.0,0.0,19.5,6.1,36.9
20250428232800,27.875999450683594,84.0,0.0,20.7,5.6,35.6
20250428232900,27.875999450683594,84.0,0.0,20.2,5.5,26.0
20250428233000,27.875999450683594,84.0,0.0,19.5,6.3,22.4
20250428233100,27.875999450683594,84.0,0.0,19.9,6.4,21.0
20250428233200,27.875999450683594,84.0,0.0,20.4,6.2,35.1
20250428233300,27.875999450683594,84.0,0.0,19.0,6.0,25.9
20250428233400,27.875999450683594,84.0,0.0,20.0,6.2,38.3
20250428233500,27.875999450683594,84.0,0.0,20.6,6.1,30.2
20250428233600,27.875999450683594,84.0,0.0,20.2,5.8,37.1
20250428233700,27.875999450683594,84.0,0.0,20.3,6.2,33.5
20250428233800,27.875999450683594,84.0,0.0,19.8,6.3,34.8
20250428233900,27.875999450683594,84.0,0.0,20.7,5.8,30.8
20250428234000,27.875999450683594,84.0,0.0,20.3,6.3,38.5
20250428234100,27.875999450683594,84.0,0.0,20.2,5.6,31.1
20250428234200,27.875999450683594,84.0,0.0,20.4,5.9,28.5
20250428234300,27.875999450683594,84.0,0.0,19.9,6.3,19.2
20250428234400,27.875999450683594,84.0,0.0,20.1,6.3,33.0
20250428234500,27.875999450683594,84.0,0.0,20.3,5.5,34.0
20250428234600,27.875999450683594,84.0,0.0,19.9,5.5,20.1
20250428234700,27.875999450683594,84.0,0.0,19.6,6.4,36.4
20250428234800,27.875999450683594,84.0,0.0,19.1,5.7,22.6
20250428234900,27.875999450683594,84.0,0.0,19.1,5.8,28.0
20250428235000,27.875999450683594,84.0,0.0,19.9,5.5,39.3
20250428235100,27.875999450683594,84.0,0.0,20.7,6.1,36.1
20250428235200,27.875999450683594,84.0,0.0,20.9,5.7,16.5
20250428235300,27.875999450683594,84.0,0.0,20.5,5.6,22.4
20250428235400,27.875999450683594,84.0,0.0,20.9,6.1,19.8
20250428235500,27.875999450683594,84.0,0.0,20.7,5.5,32.5
20250428235600,27.875999450683594,84.0,0.0,19.8,5.8,34.1
20250428235700,27.875999450683594,84.0,0.0,19.6,6.0,17.4
20250428235800,27.875999450683594,84.0,0.0,20.1,6.2,34.4
20250428235900,27.875999450683594,84.0,0.0,19.9,5.8,26.4
20250429000000,27.775999069213867,85.0,0.0,20.0,6.2,36.6
20250429000100,27.775999069213867,85.0,0.0,19.3,5.7,31.6
20250429000200,27.775999069213867,85.0,0.0,20.7,6.1,16.7
20250429000300,27.775999069213867,85.0,0.0,20.8,5.5,23.1
20250429000400,27.775999069213867,85.0,0.0,20.6,6.1,16.6
20250429000500,27.775999069213867,85.0,0.0,20.6,6.0,24.3
20250429000600,27.775999069213867,85.0,0.0,20.6,6.3,37.6
20250429000700,27.775999069213867,85.0,0.0,20.0,6.1,39.2
20250429000800,27.775999069213867,85.0,0.0,20.0,6.3,27.3
20250429000900,27.775999069213867,85.0,0.0,19.8,6.4,22.4
20250429001000,27.775999069213867,85.0,0.0,19.9,5.9,16.7
20250429001100,27.775999069213867,85.0,0.0,20.3,6.1,35.9
20250429001200,27.775999069213867,85.0,0.0,19.9,6.2,32.9
20250429001300,27.775999069213867,85.0,0.0,20.4,6.0,18.0
20250429001400,27.775999069213867,85.0,0.0,19.9,5.7,33.3
20250429001500,27.775999069213867,85.0,0.0,19.3,5.7,21.2
20250429001600,27.775999069213867,85.0,0.0,20.8,5.5,38.2
20250429001700,27.775999069213867,85.0,0.0,19.0,5.6,36.3
20250429001800,27.775999069213867,85.0,0.0,19.9,5.9,22.5
20250429001900,27.775999069213867,85.0,0.0,20.2,6.0,19.5
20250429002000,27.775999069213867,85.0,0.0,20.5,5.9,30.7
20250429002100,27.775999069213867,85.0,0.0,19.4,5.9,38.3
20250429002200,27.775999069213867,85.0,0.0,19.5,6.0,30.8
20250429002300,27.775999069213867,85.0,0.0,19.0,5.7,21.7
20250429002400,27.775999069213867,85.0,0.0,19.8,6.2,20.7
20250429002500,27.775999069213867,85.0,0.0,20.4,6.4,35.0
20250429002600,27.775999069213867,85.0,0.0,20.2,5.5,38.1
20250429002700,27.775999069213867,85.0,0.0,19.2,6.5,23.4
20250429002800,27.775999069213867,85.0,0.0,20.6,6.0,19.3
20250429002900,27.775999069213867,85.0,0.0,19.0,6.0,31.0
20250429003000,27.775999069213867,85.0,0.0,21.0,6.4,25.4
20250429003100,27.775999069213867,85.0,0.0,19.8,5.5,27.6
20250429003200,27.775999069213867,85.0,0.0,19.3,6.4,17.4
20250429003300,27.775999069213867,85.0,0.0,19.3,5.5,18.8
20250429003400,27.775999069213867,85.0,0.0,20.9,5.7,18.7
20250429003500,27.775999069213867,85.0,0.0,20.6,5.8,18.6
20250429003600,27.775999069213867,85.0,0.0,19.3,5.6,15.4
20250429003700,27.775999069213867,85.0,0.0,19.8,5.7,28.8
20250429003800,27.775999069213867,85.0,0.0,20.6,5.8,23.5
20250429003900,27.775999069213867,85.0,0.0,20.4,5.6,30.5
20250429004000,27.775999069213867,85.0,0.0,20.6,6.0,22.2
20250429004100,27.775999069213867,85.0,0.0,20.7,5.7,30.3
20250429004200,27.775999069213867,85.0,0.0,20.0,6.3,19.3
20250429004300,27.775999069213867,85.0,0.0,20.9,6.4,34.9
20250429004400,27.775999069213867,85.0,0.0,20.2,6.3,22.0
20250429004500,27.775999069213867,85.0,0.0,20.1,6.2,31.8
20250429004600,27.775999069213867,85.0,0.0,20.8,6.1,20.4
20250429004700,27.775999069213867,85.0,0.0,21.0,5.8,23.0
20250429004800,27.775999069213867,85.0,0.0,20.0,5.6,30.3
20250429004900,27.775999069213867,85.0,0.0,20.0,5.5,27.1
20250429005000,27.775999069213867,85.0,0.0,19.6,5.9,24.0
20250429005100,27.775999069213867,85.0,0.0,19.4,5.7,31.5
20250429005200,27.775999069213867,85.0,0.0,20.1,5.7,30.1
20250429005300,27.775999069213867,85.0,0.0,19.8,5.5,19.4
20250429005400,27.775999069213867,85.0,0.0,20.6,6.0,38.0
20250429005500,27.775999069213867,85.0,0.0,19.1,6.3,17.6
20250429005600,27.775999069213867,85.0,0.0,20.1,6.2,28.6
20250429005700,27.775999069213867,85.0,0.0,20.5,6.4,26.2
20250429005800,27.775999069213867,85.0,0.0,20.8,6.1,36.1
20250429005900,27.775999069213867,85.0,0.0,19.4,5.7,39.5
20250429010000,27.625999450683594,86.0,0.0,19.3,6.5,38.3
20250429010100,27.625999450683594,86.0,0.0,19.8,5.7,20.7
20250429010200,27.625999450683594,86.0,0.0,19.9,5.5,38.9
20250429010300,27.625999450683594,86.0,0.0,19.1,5.6,16.4
20250429010400,27.625999450683594,86.0,0.0,20.3,5.5,35.8
20250429010500,27.625999450683594,86.0,0.0,20.8,5.8,31.4
20250429010600,27.625999450683594,86.0,0.0,19.2,5.7,16.4
20250429010700,27.625999450683594,86.0,0.0,20.8,5.9,38.6
20250429010800,27.625999450683594,86.0,0.0,19.7,5.7,23.6
20250429010900,27.625999450683594,86.0,0.0,20.2,6.4,34.3
20250429011000,27.625999450683594,86.0,0.0,19.8,6.1,30.7
20250429011100,27.625999450683594,86.0,0.0,19.6,5.8,31.5
20250429011200,27.625999450683594,86.0,0.0,20.2,6.1,32.7
20250429011300,27.625999450683594,86.0,0.0,20.8,6.1,35.3
20250429011400,27.625999450683594,86.0,0.0,20.1,6.1,20.1
20250429011500,27.625999450683594,86.0,0.0,20.5,5.8,29.2
20250429011600,27.625999450683594,86.0,0.0,20.8,5.8,19.4
20250429011700,27.625999450683594,86.0,0.0,19.4,5.5,33.9
20250429011800,27.625999450683594,86.0,0.0,20.2,6.1,36.0
20250429011900,27.625999450683594,86.0,0.0,19.4,6.3,39.6
20250429012000,27.625999450683594,86.0,0.0,20.8,6.4,26.4
20250429012100,27.625999450683594,86.0,0.0,20.4,6.0,28.4
20250429012200,27.625999450683594,86.0,0.0,19.0,5.8,20.2
20250429012300,27.625999450683594,86.0,0.0,20.8,5.9,31.3
20250429012400,27.625999450683594,86.0,0.0,19.8,5.8,15.2
20250429012500,27.625999450683594,86.0,0.0,20.8,5.6,36.3
20250429012600,27.625999450683594,86.0,0.0,19.1,6.5,22.2
20250429012700,27.625999450683594,86.0,0.0,19.5,6.3,35.6
20250429012800,27.625999450683594,86.0,0.0,20.1,6.0,27.9
20250429012900,27.625999450683594,86.0,0.0,20.0,6.0,21.0
20250429013000,27.625999450683594,86.0,0.0,20.2,5.8,23.4
20250429013100,27.625999450683594,86.0,0.0,19.4,5.7,29.8
20250429013200,27.625999450683594,86.0,0.0,20.9,6.3,19.3
20250429013300,27.625999450683594,86.0,0.0,19.6,6.4,18.8
20250429013400,27.625999450683594,86.0,0.0,20.1,5.7,35.4
20250429013500,27.625999450683594,86.0,0.0,19.7,5.7,25.1
20250429013600,27.625999450683594,86.0,0.0,20.0,6.0,24.1
20250429013700,27.625999450683594,86.0,0.0,19.1,6.1,30.1
20250429013800,27.625999450683594,86.0,0.0,19.1,5.8,35.0
20250429013900,27.625999450683594,86.0,0.0,19.7,6.1,19.6
20250429014000,27.625999450683594,86.0,0.0,20.3,6.3,32.6
20250429014100,27.625999450683594,86.0,0.0,19.1,6.0,22.9
20250429014200,27.625999450683594,86.0,0.0,20.6,6.2,31.1
20250429014300,27.625999450683594,86.0,0.0,20.2,5.8,19.8
20250429014400,27.625999450683594,86.0,0.0,19.2,6.1,37.0
20250429014500,27.625999450683594,86.0,0.0,19.4,5.8,35.5
20250429014600,27.625999450683594,86.0,0.0,20.8,6.1,18.4
20250429014700,27.625999450683594,86.0,0.0,19.0,6.4,39.9
20250429014800,27.625999450683594,86.0,0.0,19.7,5.8,31.0
20250429014900,27.625999450683594,86.0,0.0,19.1,5.8,37.1
20250429015000,27.625999450683594,86.0,0.0,19.9,6.3,36.7
20250429015100,27.625999450683594,86.0,0.0,19.0,5.7,20.2
20250429015200,27.625999450683594,86.0,0.0,19.7,5.7,19.8
20250429015300,27.625999450683594,86.0,0.0,19.6,5.5,39.9
20250429015400,27.625999450683594,86.0,0.0,20.8,5.8,27.5
20250429015500,27.625999450683594,86.0,0.0,20.9,5.7,26.4
20250429015600,27.625999450683594,86.0,0.0,20.3,6.5,32.2
20250429015700,27.625999450683594,86.0,0.0,20.0,6.5,39.4
20250429015800,27.625999450683594,86.0,0.0,20.6,5.7,16.5
20250429015900,27.625999450683594,86.0,0.0,19.1,5.9,25.9
20250429020000,27.47599983215332,87.0,0.0,19.3,6.3,26.3
20250429020100,27.47599983215332,87.0,0.0,19.3,5.6,30.0
20250429020200,27.47599983215332,87.0,0.0,20.3,5.8,38.6
20250429020300,27.47599983215332,87.0,0.0,19.2,6.0,22.1
20250429020400,27.47599983215332,87.0,0.0,20.5,5.6,39.4
20250429020500,27.47599983215332,87.0,0.0,19.1,5.6,28.3
20250429020600,27.47599983215332,87.0,0.0,20.6,6.4,17.1
20250429020700,27.47599983215332,87.0,0.0,19.9,6.3,19.8
20250429020800,27.47599983215332,87.0,0.0,19.4,5.5,18.2
20250429020900,27.47599983215332,87.0,0.0,20.7,6.3,38.4
20250429021000,27.47599983215332,87.0,0.0,19.0,6.4,26.1
20250429021100,27.47599983215332,87.0,0.0,20.0,5.7,29.4
20250429021200,27.47599983215332,87.0,0.0,20.1,6.0,36.6
20250429021300,27.47599983215332,87.0,0.0,20.7,6.4,24.3
20250429021400,27.47599983215332,87.0,0.0,19.7,6.0,21.8
20250429021500,27.47599983215332,87.0,0.0,20.2,5.5,32.2
20250429021600,27.47599983215332,87.0,0.0,20.9,6.0,16.0
20250429021700,27.47599983215332,87.0,0.0,19.1,5.7,22.1
20250429021800,27.47599983215332,87.0,0.0,19.5,5.9,15.1
20250429021900,27.47599983215332,87.0,0.0,19.8,5.8,30.2
20250429022000,27.47599983215332,87.0,0.0,19.5,5.5,28.1
20250429022100,27.47599983215332,87.0,0.0,19.0,5.5,36.6
20250429022200,27.47599983215332,87.0,0.0,20.4,5.8,38.7
20250429022300,27.47599983215332,87.0,0.0,20.3,6.2,27.7
20250429022400,27.47599983215332,87.0,0.0,20.5,5.8,25.9
20250429022500,27.47599983215332,87.0,0.0,19.6,6.0,26.0
20250429022600,27.47599983215332,87.0,0.0,19.6,5.5,23.9
20250429022700,27.47599983215332,87.0,0.0,19.6,6.4,31.9
20250429022800,27.47599983215332,87.0,0.0,20.1,6.1,24.0
20250429022900,27.47599983215332,87.0,0.0,20.4,6.0,38.8
20250429023000,27.47599983215332,87.0,0.0,19.2,6.4,39.0
20250429023100,27.47599983215332,87.0,0.0,21.0,5.6,36.2
20250429023200,27.47599983215332,87.0,0.0,20.2,6.2,28.6
20250429023300,27.47599983215332,87.0,0.0,20.6,6.0,35.4
20250429023400,27.47599983215332,87.0,0.0,20.0,5.7,16.7
20250429023500,27.47599983215332,87.0,0.0,19.1,5.8,16.5
20250429023600,27.47599983215332,87.0,0.0,20.7,6.0,38.8
20250429023700,27.47599983215332,87.0,0.0,20.1,5.9,25.7
20250429023800,27.47599983215332,87.0,0.0,20.5,6.0,21.0
20250429023900,27.47599983215332,87.0,0.0,20.7,6.4,15.2
20250429024000,27.47599983215332,87.0,0.0,20.4,5.7,16.3
20250429024100,27.47599983215332,87.0,0.0,19.7,6.4,31.9
20250429024200,27.47599983215332,87.0,0.0,19.4,6.3,39.6
20250429024300,27.47599983215332,87.0,0.0,19.0,6.5,33.5
20250429024400,27.47599983215332,87.0,0.0,19.3,5.8,36.9
20250429024500,27.47599983215332,87.0,0.0,19.1,5.7,20.1
20250429024600,27.47599983215332,87.0,0.0,20.1,5.6,33.5
20250429024700,27.47599983215332,87.0,0.0,19.6,6.1,35.5
20250429024800,27.47599983215332,87.0,0.0,20.7,6.0,35.7
20250429024900,27.47599983215332,87.0,0.0,20.0,5.7,26.1
20250429025000,27.47599983215332,87.0,0.0,21.0,6.4,35.3
20250429025100,27.47599983215332,87.0,0.0,19.5,5.9,16.0
20250429025200,27.47599983215332,87.0,0.0,19.3,6.2,28.5
20250429025300,27.47599983215332,87.0,0.0,19.2,5.9,26.2
20250429025400,27.47599983215332,87.0,0.0,21.0,6.0,33.1
20250429025500,27.47599983215332,87.0,0.0,19.2,6.3,27.7
20250429025600,27.47599983215332,87.0,0.0,20.1,5.7,32.3
20250429025700,27.47599983215332,87.0,0.0,20.4,6.3,18.8
20250429025800,27.47599983215332,87.0,0.0,19.5,6.1,16.9
20250429025900,27.47599983215332,87.0,0.0,20.6,5.9,19.7
20250429030000,27.325998306274414,89.0,0.0,19.6,6.2,24.3
20250429030100,27.325998306274414,89.0,0.0,20.6,5.7,35.6
20250429030200,27.325998306274414,89.0,0.0,20.0,6.4,24.3
20250429030300,27.325998306274414,89.0,0.0,21.0,6.3,31.1
20250429030400,27.325998306274414,89.0,0.0,20.0,5.8,31.5
20250429030500,27.325998306274414,89.0,0.0,19.9,6.4,31.1
20250429030600,27.325998306274414,89.0,0.0,19.2,6.1,35.8
20250429030700,27.325998306274414,89.0,0.0,19.5,6.4,16.9
20250429030800,27.325998306274414,89.0,0.0,19.1,5.8,15.4
20250429030900,27.325998306274414,89.0,0.0,20.5,5.8,37.2
20250429031000,27.325998306274414,89.0,0.0,19.1,6.3,20.5
20250429031100,27.325998306274414,89.0,0.0,21.0,5.9,20.2
20250429031200,27.325998306274414,89.0,0.0,20.2,6.3,15.5
20250429031300,27.325998306274414,89.0,0.0,19.2,5.6,23.6
20250429031400,27.325998306274414,89.0,0.0,19.9,6.3,35.7
20250429031500,27.325998306274414,89.0,0.0,20.9,6.1,24.5
20250429031600,27.325998306274414,89.0,0.0,20.8,5.8,17.8
20250429031700,27.325998306274414,89.0,0.0,20.0,5.8,22.5
20250429031800,27.325998306274414,89.0,0.0,20.2,6.4,15.4
20250429031900,27.325998306274414,89.0,0.0,20.9,5.6,30.5
20250429032000,27.325998306274414,89.0,0.0,20.4,5.8,24.3
20250429032100,27.325998306274414,89.0,0.0,19.4,6.2,35.3
20250429032200,27.325998306274414,89.0,0.0,19.9,6.3,39.6
20250429032300,27.325998306274414,89.0,0.0,19.1,5.7,27.3
20250429032400,27.325998306274414,89.0,0.0,21.0,6.5,23.6
20250429032500,27.325998306274414,89.0,0.0,19.4,6.2,16.7
20250429032600,27.325998306274414,89.0,0.0,19.7,6.5,33.4
20250429032700,27.325998306274414,89.0,0.0,20.8,5.7,24.3
20250429032800,27.325998306274414,89.0,0.0,19.3,5.7,31.4
20250429032900,27.325998306274414,89.0,0.0,19.1,5.8,37.0
20250429033000,27.325998306274414,89.0,0.0,20.9,5.9,27.3
20250429033100,27.325998306274414,89.0,0.0,20.1,6.1,19.7
20250429033200,27.325998306274414,89.0,0.0,20.2,5.5,34.2
20250429033300,27.325998306274414,89.0,0.0,19.2,5.7,32.9
20250429033400,27.325998306274414,89.0,0.0,20.5,5.9,19.3
20250429033500,27.325998306274414,89.0,0.0,20.9,6.0,26.0
20250429033600,27.325998306274414,89.0,0.0,20.7,5.8,33.5
20250429033700,27.325998306274414,89.0,0.0,19.6,6.2,38.3
20250429033800,27.325998306274414,89.0,0.0,19.6,6.4,20.0
20250429033900,27.325998306274414,89.0,0.0,19.9,6.3,30.2
20250429034000,27.325998306274414,89.0,0.0,19.5,6.2,35.8
20250429034100,27.325998306274414,89.0,0.0,20.4,6.1,16.3
20250429034200,27.325998306274414,89.0,0.0,19.6,5.8,26.3
20250429034300,27.325998306274414,89.0,0.0,19.9,6.2,31.2
20250429034400,27.325998306274414,89.0,0.0,19.7,6.2,37.6
20250429034500,27.325998306274414,89.0,0.0,19.8,5.5,15.8
20250429034600,27.325998306274414,89.0,0.0,20.3,5.7,20.2
20250429034700,27.325998306274414,89.0,0.0,19.3,5.8,15.8
20250429034800,27.325998306274414,89.0,0.0,19.7,6.5,22.9
20250429034900,27.325998306274414,89.0,0.0,20.3,6.4,38.7
20250429035000,27.325998306274414,89.0,0.0,20.6,6.1,39.1
20250429035100,27.325998306274414,89.0,0.0,20.7,6.2,20.1
20250429035200,27.325998306274414,89.0,0.0,20.3,5.5,22.2
20250429035300,27.325998306274414,89.0,0.0,20.6,5.6,22.8
20250429035400,27.325998306274414,89.0,0.0,20.6,6.1,23.1
20250429035500,27.325998306274414,89.0,0.0,20.7,5.8,19.0
20250429035600,27.325998306274414,89.0,0.0,20.1,5.5,16.3
20250429035700,27.325998306274414,89.0,0.0,20.5,5.9,25.9
20250429035800,27.325998306274414,89.0,0.0,20.3,6.4,39.2
20250429035900,27.325998306274414,89.0,0.0,21.0,6.4,31.0
20250429040000,27.17599868774414,90.0,0.0,20.6,6.1,27.5
20250429040100,27.17599868774414,90.0,0.0,20.8,6.1,20.2
20250429040200,27.17599868774414,90.0,0.0,20.7,6.0,36.9
20250429040300,27.17599868774414,90.0,0.0,19.5,6.2,32.2
20250429040400,27.17599868774414,90.0,0.0,20.8,6.2,34.6
20250429040500,27.17599868774414,90.0,0.0,19.6,6.0,30.0
20250429040600,27.17599868774414,90.0,0.0,20.6,6.4,26.6
20250429040700,27.17599868774414,90.0,0.0,19.9,5.7,27.7
20250429040800,27.17599868774414,90.0,0.0,19.2,5.7,37.9
20250429040900,27.17599868774414,90.0,0.0,19.3,5.7,21.8
20250429041000,27.17599868774414,90.0,0.0,20.5,6.3,27.7
20250429041100,27.17599868774414,90.0,0.0,19.2,6.1,24.2
20250429041200,27.17599868774414,90.0,0.0,19.6,5.7,35.0
20250429041300,27.17599868774414,90.0,0.0,19.8,5.8,33.4
20250429041400,27.17599868774414,90.0,0.0,19.3,5.9,28.8
20250429041500,27.17599868774414,90.0,0.0,19.3,6.5,28.4
20250429041600,27.17599868774414,90.0,0.0,19.3,6.0,27.5
20250429041700,27.17599868774414,90.0,0.0,20.6,6.5,39.0
20250429041800,27.17599868774414,90.0,0.0,19.5,6.0,40.0
20250429041900,27.17599868774414,90.0,0.0,20.6,6.4,20.1
20250429042000,27.17599868774414,90.0,0.0,20.3,5.5,27.5
20250429042100,27.17599868774414,90.0,0.0,20.5,6.4,28.7
20250429042200,27.17599868774414,90.0,0.0,19.1,5.8,33.0
20250429042300,27.17599868774414,90.0,0.0,19.3,6.4,27.1
20250429042400,27.17599868774414,90.0,0.0,20.2,6.4,16.5
20250429042500,27.17599868774414,90.0,0.0,19.4,5.6,26.5
20250429042600,27.17599868774414,90.0,0.0,20.7,6.0,20.6
20250429042700,27.17599868774414,90.0,0.0,19.9,5.9,35.4
20250429042800,27.17599868774414,90.0,0.0,19.1,5.6,25.3
20250429042900,27.17599868774414,90.0,0.0,20.2,6.0,29.6
20250429043000,27.17599868774414,90.0,0.0,20.1,5.7,15.1
20250429043100,27.17599868774414,90.0,0.0,19.8,5.5,23.6
20250429043200,27.17599868774414,90.0,0.0,20.4,6.0,28.8
20250429043300,27.17599868774414,90.0,0.0,20.5,5.9,26.9
20250429043400,27.17599868774414,90.0,0.0,19.6,6.0,32.9
20250429043500,27.17599868774414,90.0,0.0,19.8,6.3,16.4
20250429043600,27.17599868774414,90.0,0.0,20.2,5.9,21.1
20250429043700,27.17599868774414,90.0,0.0,19.6,6.1,22.3
20250429043800,27.17599868774414,90.0,0.0,20.8,6.1,30.2
20250429043900,27.17599868774414,90.0,0.0,20.0,6.4,24.4
20250429044000,27.17599868774414,90.0,0.0,19.4,5.7,23.0
20250429044100,27.17599868774414,90.0,0.0,20.2,6.4,20.5
20250429044200,27.17599868774414,90.0,0.0,20.9,6.4,26.0
20250429044300,27.17599868774414,90.0,0.0,20.8,6.5,35.9
20250429044400,27.17599868774414,90.0,0.0,19.6,5.5,22.9
20250429044500,27.17599868774414,90.0,0.0,20.4,6.2,19.9
20250429044600,27.17599868774414,90.0,0.0,19.6,6.2,25.8
20250429044700,27.17599868774414,90.0,0.0,19.6,5.7,35.9
20250429044800,27.17599868774414,90.0,0.0,19.2,6.0,23.4
20250429044900,27.17599868774414,90.0,0.0,19.5,5.9,33.3
20250429045000,27.17599868774414,90.0,0.0,19.5,5.6,37.0
20250429045100,27.17599868774414,90.0,0.0,19.5,6.0,22.6
20250429045200,27.17599868774414,90.0,0.0,19.8,5.5,29.0
20250429045300,27.17599868774414,90.0,0.0,20.2,6.0,23.1
20250429045400,27.17599868774414,90.0,0.0,19.3,6.1,26.9
20250429045500,27.17599868774414,90.0,0.0,19.7,5.7,28.5
20250429045600,27.17599868774414,90.0,0.0,20.5,5.8,24.6
20250429045700,27.17599868774414,90.0,0.0,20.0,6.2,24.3
20250429045800,27.17599868774414,90.0,0.0,20.7,6.4,21.9
20250429045900,27.17599868774414,90.0,0.0,19.4,5.7,17.9
20250429050000,27.025999069213867,90.0,0.0,19.6,5.6,15.7
20250429050100,27.025999069213867,90.0,0.0,19.8,6.2,15.8
20250429050200,27.025999069213867,90.0,0.0,19.2,6.4,37.3
20250429050300,27.025999069213867,90.0,0.0,20.9,5.8,23.6
20250429050400,27.025999069213867,90.0,0.0,19.5,5.9,37.2
20250429050500,27.025999069213867,90.0,0.0,20.2,6.3,32.0
20250429050600,27.025999069213867,90.0,0.0,20.1,5.5,36.6
20250429050700,27.025999069213867,90.0,0.0,19.2,5.7,34.9
20250429050800,27.025999069213867,90.0,0.0,20.6,6.3,15.3
20250429050900,27.025999069213867,90.0,0.0,20.1,5.5,26.7
20250429051000,27.025999069213867,90.0,0.0,20.3,5.8,18.4
20250429051100,27.025999069213867,90.0,0.0,19.6,5.9,34.9
20250429051200,27.025999069213867,90.0,0.0,20.5,6.4,21.2
20250429051300,27.025999069213867,90.0,0.0,20.7,5.9,21.7
20250429051400,27.025999069213867,90.0,0.0,20.1,5.6,17.1
20250429051500,27.025999069213867,90.0,0.0,20.3,6.2,19.2
20250429051600,27.025999069213867,90.0,0.0,19.3,6.4,22.8
20250429051700,27.025999069213867,90.0,0.0,19.5,6.4,39.6
20250429051800,27.025999069213867,90.0,0.0,19.4,5.5,39.7
20250429051900,27.025999069213867,90.0,0.0,20.8,6.2,29.9
20250429052000,27.025999069213867,90.0,0.0,19.4,6.4,18.8
20250429052100,27.025999069213867,90.0,0.0,19.1,5.7,30.6
20250429052200,27.025999069213867,90.0,0.0,19.9,5.8,24.5
20250429052300,27.025999069213867,90.0,0.0,20.4,5.7,29.4
20250429052400,27.025999069213867,90.0,0.0,20.8,6.0,26.2
20250429052500,27.025999069213867,90.0,0.0,19.1,5.6,26.5
20250429052600,27.025999069213867,90.0,0.0,20.7,6.4,18.2
20250429052700,27.025999069213867,90.0,0.0,20.5,6.3,19.5
20250429052800,27.025999069213867,90.0,0.0,19.6,6.4,24.2
20250429052900,27.025999069213867,90.0,0.0,19.2,5.5,30.3
20250429053000,27.025999069213867,90.0,0.0,19.8,5.7,22.3
20250429053100,27.025999069213867,90.0,0.0,20.1,5.9,38.4
20250429053200,27.025999069213867,90.0,0.0,19.5,6.4,19.5
20250429053300,27.025999069213867,90.0,0.0,20.4,5.8,15.3
20250429053400,27.025999069213867,90.0,0.0,20.8,5.7,30.6
20250429053500,27.025999069213867,90.0,0.0,19.3,6.2,39.9
20250429053600,27.025999069213867,90.0,0.0,20.5,6.4,30.6
20250429053700,27.025999069213867,90.0,0.0,19.6,6.4,19.8
20250429053800,27.025999069213867,90.0,0.0,21.0,5.7,16.1
20250429053900,27.025999069213867,90.0,0.0,19.5,6.4,19.2
20250429054000,27.025999069213867,90.0,0.0,19.2,6.4,15.3
20250429054100,27.025999069213867,90.0,0.0,19.2,6.0,25.0
20250429054200,27.025999069213867,90.0,0.0,19.2,5.9,23.7
20250429054300,27.025999069213867,90.0,0.0,20.4,5.6,31.6
20250429054400,27.025999069213867,90.0,0.0,19.1,6.3,15.8
20250429054500,27.025999069213867,90.0,0.0,19.3,5.5,22.7
20250429054600,27.025999069213867,90.0,0.0,20.5,5.9,23.7
20250429054700,27.025999069213867,90.0,0.0,20.6,6.1,28.0
20250429054800,27.025999069213867,90.0,0.0,20.6,5.9,23.6
20250429054900,27.025999069213867,90.0,0.0,20.2,6.0,28.6
20250429055000,27.025999069213867,90.0,0.0,19.0,5.7,39.7
20250429055100,27.025999069213867,90.0,0.0,19.8,6.4,22.2
20250429055200,27.025999069213867,90.0,0.0,19.4,6.1,33.5
20250429055300,27.025999069213867,90.0,0.0,20.0,6.5,15.9
20250429055400,27.025999069213867,90.0,0.0,20.7,6.2,22.2
20250429055500,27.025999069213867,90.0,0.0,20.0,6.2,31.5
20250429055600,27.025999069213867,90.0,0.0,19.8,6.0,36.4
20250429055700,27.025999069213867,90.0,0.0,19.4,6.1,25.9
20250429055800,27.025999069213867,90.0,0.0,19.5,6.3,15.1
20250429055900,27.025999069213867,90.0,0.0,19.1,5.5,24.4
20250429060000,26.92599868774414,91.0,0.0,20.9,5.8,36.4
20250429060100,26.92599868774414,91.0,0.0,20.1,5.7,33.1
20250429060200,26.92599868774414,91.0,0.0,20.4,6.4,19.2
20250429060300,26.92599868774414,91.0,0.0,19.4,6.0,30.3
20250429060400,26.92599868774414,91.0,0.0,21.0,5.5,36.7
20250429060500,26.92599868774414,91.0,0.0,19.9,6.0,21.6
20250429060600,26.92599868774414,91.0,0.0,20.6,5.8,29.3
20250429060700,26.92599868774414,91.0,0.0,20.2,5.7,16.6
20250429060800,26.92599868774414,91.0,0.0,20.1,6.3,24.9
20250429060900,26.92599868774414,91.0,0.0,20.3,6.4,30.5
20250429061000,26.92599868774414,91.0,0.0,21.0,5.5,17.3
20250429061100,26.92599868774414,91.0,0.0,20.6,5.6,34.6
20250429061200,26.92599868774414,91.0,0.0,19.4,5.9,18.0
20250429061300,26.92599868774414,91.0,0.0,20.4,5.7,21.2
20250429061400,26.92599868774414,91.0,0.0,19.6,5.9,37.0
20250429061500,26.92599868774414,91.0,0.0,19.7,6.4,28.3
20250429061600,26.92599868774414,91.0,0.0,20.7,6.4,39.8
20250429061700,26.92599868774414,91.0,0.0,19.2,5.7,15.6
20250429061800,26.92599868774414,91.0,0.0,20.9,5.8,31.6
20250429061900,26.92599868774414,91.0,0.0,19.2,5.9,17.4
20250429062000,26.92599868774414,91.0,0.0,20.7,5.8,19.8
20250429062100,26.92599868774414,91.0,0.0,20.9,6.4,18.8
20250429062200,26.92599868774414,91.0,0.0,19.2,5.7,16.5
20250429062300,26.92599868774414,91.0,0.0,19.5,5.9,39.6
20250429062400,26.92599868774414,91.0,0.0,20.7,6.4,34.7
20250429062500,26.92599868774414,91.0,0.0,20.4,6.0,35.1
20250429062600,26.92599868774414,91.0,0.0,19.4,6.0,22.1
20250429062700,26.92599868774414,91.0,0.0,20.5,5.8,24.8
20250429062800,26.92599868774414,91.0,0.0,20.3,5.8,35.4
20250429062900,26.92599868774414,91.0,0.0,19.8,5.9,28.2
20250429063000,26.92599868774414,91.0,0.0,19.8,6.1,27.4
20250429063100,26.92599868774414,91.0,0.0,20.4,6.3,38.3
20250429063200,26.92599868774414,91.0,0.0,19.9,5.8,25.8
20250429063300,26.92599868774414,91.0,0.0,19.5,6.5,17.6
20250429063400,26.92599868774414,91.0,0.0,20.8,5.6,27.6
20250429063500,26.92599868774414,91.0,0.0,20.7,6.0,32.0
20250429063600,26.92599868774414,91.0,0.0,20.1,5.8,24.0
20250429063700,26.92599868774414,91.0,0.0,19.2,6.2,22.6
20250429063800,26.92599868774414,91.0,0.0,20.9,5.6,19.6
20250429063900,26.92599868774414,91.0,0.0,19.0,5.5,16.0
20250429064000,26.92599868774414,91.0,0.0,20.8,5.7,24.8
20250429064100,26.92599868774414,91.0,0.0,20.3,6.0,16.2
20250429064200,26.92599868774414,91.0,0.0,20.2,5.5,33.5
20250429064300,26.92599868774414,91.0,0.0,19.8,6.0,38.7
20250429064400,26.92599868774414,91.0,0.0,19.5,5.9,36.6
20250429064500,26.92599868774414,91.0,0.0,19.9,6.0,31.2
20250429064600,26.92599868774414,91.0,0.0,19.4,6.2,38.1
20250429064700,26.92599868774414,91.0,0.0,20.4,5.9,39.9
20250429064800,26.92599868774414,91.0,0.0,20.4,6.0,18.6
20250429064900,26.92599868774414,91.0,0.0,19.8,5.6,17.3
20250429065000,26.92599868774414,91.0,0.0,19.4,5.9,29.0
20250429065100,26.92599868774414,91.0,0.0,19.8,6.4,37.1
20250429065200,26.92599868774414,91.0,0.0,19.2,6.3,23.0
20250429065300,26.92599868774414,91.0,0.0,20.4,5.9,28.1
20250429065400,26.92599868774414,91.0,0.0,19.1,5.9,36.1
20250429065500,26.92599868774414,91.0,0.0,20.8,5.8,26.7
20250429065600,26.92599868774414,91.0,0.0,19.2,6.3,16.0
20250429065700,26.92599868774414,91.0,0.0,20.1,5.6,30.4
20250429065800,26.92599868774414,91.0,0.0,19.3,6.2,37.9
20250429065900,26.92599868774414,91.0,0.0,19.6,5.6,39.0
20250429070000,27.875999450683594,88.0,0.0,20.1,5.7,20.0
20250429070100,27.875999450683594,88.0,0.0,20.9,6.3,38.4
20250429070200,27.875999450683594,88.0,0.0,20.8,5.8,35.8
20250429070300,27.875999450683594,88.0,0.0,20.2,5.9,23.4
20250429070400,27.875999450683594,88.0,0.0,20.1,6.2,19.9
20250429070500,27.875999450683594,88.0,0.0,20.6,6.0,31.7
20250429070600,27.875999450683594,88.0,0.0,19.9,5.9,33.3
20250429070700,27.875999450683594,88.0,0.0,20.5,5.5,24.5
20250429070800,27.875999450683594,88.0,0.0,20.6,5.6,33.5
20250429070900,27.875999450683594,88.0,0.0,19.8,6.3,25.1
20250429071000,27.875999450683594,88.0,0.0,19.9,5.5,22.2
20250429071100,27.875999450683594,88.0,0.0,20.5,6.0,34.9
20250429071200,27.875999450683594,88.0,0.0,21.0,5.9,15.7
20250429071300,27.875999450683594,88.0,0.0,20.6,6.3,23.7
20250429071400,27.875999450683594,88.0,0.0,20.8,6.3,37.2
20250429071500,27.875999450683594,88.0,0.0,19.9,5.9,37.9
20250429071600,27.875999450683594,88.0,0.0,19.9,6.2,29.9
20250429071700,27.875999450683594,88.0,0.0,19.4,5.8,17.4
20250429071800,27.875999450683594,88.0,0.0,20.1,5.8,20.8
20250429071900,27.875999450683594,88.0,0.0,19.1,5.9,18.1
20250429072000,27.875999450683594,88.0,0.0,20.5,5.5,32.6
20250429072100,27.875999450683594,88.0,0.0,20.1,5.9,33.9
20250429072200,27.875999450683594,88.0,0.0,19.9,5.8,25.7
20250429072300,27.875999450683594,88.0,0.0,20.7,6.1,28.2
20250429072400,27.875999450683594,88.0,0.0,19.9,6.4,16.6
20250429072500,27.875999450683594,88.0,0.0,20.2,5.9,23.3
20250429072600,27.875999450683594,88.0,0.0,19.4,6.2,20.0
20250429072700,27.875999450683594,88.0,0.0,20.9,5.8,27.4
20250429072800,27.875999450683594,88.0,0.0,19.1,5.8,22.0
20250429072900,27.875999450683594,88.0,0.0,19.1,6.2,26.7
20250429073000,27.875999450683594,88.0,0.0,19.3,5.6,18.1
20250429073100,27.875999450683594,88.0,0.0,20.5,6.5,36.1
20250429073200,27.875999450683594,88.0,0.0,20.5,6.2,25.5
20250429073300,27.875999450683594,88.0,0.0,21.0,6.0,15.4
20250429073400,27.875999450683594,88.0,0.0,19.7,5.7,29.1
20250429073500,27.875999450683594,88.0,0.0,20.7,5.5,31.5
20250429073600,27.875999450683594,88.0,0.0,19.9,5.9,34.0
20250429073700,27.875999450683594,88.0,0.0,21.0,5.5,36.8
20250429073800,27.875999450683594,88.0,0.0,20.5,6.3,39.9
20250429073900,27.875999450683594,88.0,0.0,19.1,5.5,39.9
20250429074000,27.875999450683594,88.0,0.0,19.0,6.4,33.7
20250429074100,27.875999450683594,88.0,0.0,19.9,6.2,16.3
20250429074200,27.875999450683594,88.0,0.0,19.9,6.3,35.9
20250429074300,27.875999450683594,88.0,0.0,19.4,6.0,37.2
20250429074400,27.875999450683594,88.0,0.0,19.2,5.9,20.1
20250429074500,27.875999450683594,88.0,0.0,19.1,5.7,17.4
20250429074600,27.875999450683594,88.0,0.0,19.1,6.2,30.4
20250429074700,27.875999450683594,88.0,0.0,19.4,6.3,36.0
20250429074800,27.875999450683594,88.0,0.0,19.3,5.8,31.5
20250429074900,27.875999450683594,88.0,0.0,20.7,5.9,22.1
20250429075000,27.875999450683594,88.0,0.0,19.1,6.1,20.5
20250429075100,27.875999450683594,88.0,0.0,20.5,6.4,35.5
20250429075200,27.875999450683594,88.0,0.0,20.0,5.5,34.9
20250429075300,27.875999450683594,88.0,0.0,20.0,5.6,30.3
20250429075400,27.875999450683594,88.0,0.0,20.7,5.9,33.9
20250429075500,27.875999450683594,88.0,0.0,19.6,6.1,15.7
20250429075600,27.875999450683594,88.0,0.0,19.5,5.7,24.2
20250429075700,27.875999450683594,88.0,0.0,20.4,5.6,38.7
20250429075800,27.875999450683594,88.0,0.0,19.4,6.1,19.0
20250429075900,27.875999450683594,88.0,0.0,20.9,6.1,21.9
20250429080000,29.275999069213867,79.0,0.0,19.9,6.4,23.3
20250429080100,29.275999069213867,79.0,0.0,20.0,6.5,25.7
20250429080200,29.275999069213867,79.0,0.0,20.7,6.0,28.7
20250429080300,29.275999069213867,79.0,0.0,19.8,6.3,33.5
20250429080400,29.275999069213867,79.0,0.0,20.4,6.2,22.8
20250429080500,29.275999069213867,79.0,0.0,20.7,6.4,19.6
20250429080600,29.275999069213867,79.0,0.0,19.4,6.4,22.6
20250429080700,29.275999069213867,79.0,0.0,19.9,6.3,23.5
20250429080800,29.275999069213867,79.0,0.0,20.0,5.6,32.4
20250429080900,29.275999069213867,79.0,0.0,20.8,6.4,17.2
20250429081000,29.275999069213867,79.0,0.0,21.0,6.3,29.5
20250429081100,29.275999069213867,79.0,0.0,20.0,6.2,29.2
20250429081200,29.275999069213867,79.0,0.0,20.2,5.7,31.6
20250429081300,29.275999069213867,79.0,0.0,20.4,6.0,23.3
20250429081400,29.275999069213867,79.0,0.0,19.8,6.0,29.7
20250429081500,29.275999069213867,79.0,0.0,20.0,6.3,21.0
20250429081600,29.275999069213867,79.0,0.0,20.3,5.6,34.9
20250429081700,29.275999069213867,79.0,0.0,21.0,5.8,19.2
20250429081800,29.275999069213867,79.0,0.0,19.8,6.4,15.1
20250429081900,29.275999069213867,79.0,0.0,19.3,5.9,21.0
20250429082000,29.275999069213867,79.0,0.0,20.4,6.4,23.4
20250429082100,29.275999069213867,79.0,0.0,20.2,5.9,38.7
20250429082200,29.275999069213867,79.0,0.0,19.6,5.9,32.3
20250429082300,29.275999069213867,79.0,0.0,20.9,6.0,28.3
20250429082400,29.275999069213867,79.0,0.0,19.7,5.6,18.6
20250429082500,29.275999069213867,79.0,0.0,19.6,6.2,20.3
20250429082600,29.275999069213867,79.0,0.0,20.5,6.2,34.4
20250429082700,29.275999069213867,79.0,0.0,20.1,6.1,32.8
20250429082800,29.275999069213867,79.0,0.0,19.9,5.6,23.2
20250429082900,29.275999069213867,79.0,0.0,20.8,6.0,38.1
20250429083000,29.275999069213867,79.0,0.0,20.8,6.1,30.1
20250429083100,29.275999069213867,79.0,0.0,20.8,5.6,36.2
20250429083200,29.275999069213867,79.0,0.0,19.2,5.5,16.9
20250429083300,29.275999069213867,79.0,0.0,20.8,6.1,34.5
20250429083400,29.275999069213867,79.0,0.0,19.2,6.5,28.8
20250429083500,29.275999069213867,79.0,0.0,20.8,5.9,35.5
20250429083600,29.275999069213867,79.0,0.0,20.5,6.2,33.6
20250429083700,29.275999069213867,79.0,0.0,19.8,6.3,37.3
20250429083800,29.275999069213867,79.0,0.0,19.9,6.0,37.7
20250429083900,29.275999069213867,79.0,0.0,19.7,5.9,21.9
20250429084000,29.275999069213867,79.0,0.0,19.3,5.7,36.8
20250429084100,29.275999069213867,79.0,0.0,20.1,5.7,18.4
20250429084200,29.275999069213867,79.0,0.0,19.2,6.2,34.2
20250429084300,29.275999069213867,79.0,0.0,20.2,6.3,25.9
20250429084400,29.275999069213867,79.0,0.0,19.5,6.4,27.0
20250429084500,29.275999069213867,79.0,0.0,20.2,5.8,37.3
20250429084600,29.275999069213867,79.0,0.0,20.4,6.0,20.3
20250429084700,29.275999069213867,79.0,0.0,20.4,6.0,21.2
20250429084800,29.275999069213867,79.0,0.0,19.6,6.4,35.3
20250429084900,29.275999069213867,79.0,0.0,19.2,5.6,28.9
20250429085000,29.275999069213867,79.0,0.0,19.1,5.8,32.2
20250429085100,29.275999069213867,79.0,0.0,20.1,6.1,32.2
20250429085200,29.275999069213867,79.0,0.0,19.5,6.0,25.8
20250429085300,29.275999069213867,79.0,0.0,21.0,6.0,31.7
20250429085400,29.275999069213867,79.0,0.0,20.1,5.9,32.0
20250429085500,29.275999069213867,79.0,0.0,20.5,6.3,29.1
20250429085600,29.275999069213867,79.0,0.0,19.7,5.6,20.7
20250429085700,29.275999069213867,79.0,0.0,20.5,5.6,27.4
20250429085800,29.275999069213867,79.0,0.0,19.9,6.4,19.8
20250429085900,29.275999069213867,79.0,0.0,19.2,6.4,24.7
20250429090000,30.875999450683594,70.0,0.0,19.4,6.0,20.8
20250429090100,30.875999450683594,70.0,0.0,19.1,6.4,16.0
20250429090200,30.875999450683594,70.0,0.0,19.7,6.2,20.4
20250429090300,30.875999450683594,70.0,0.0,19.7,6.4,23.4
20250429090400,30.875999450683594,70.0,0.0,19.3,6.0,23.3
20250429090500,30.875999450683594,70.0,0.0,19.8,5.7,31.9
20250429090600,30.875999450683594,70.0,0.0,20.2,5.9,36.2
20250429090700,30.875999450683594,70.0,0.0,20.9,5.7,16.8
20250429090800,30.875999450683594,70.0,0.0,19.6,5.9,24.6
20250429090900,30.875999450683594,70.0,0.0,20.3,5.7,25.1
20250429091000,30.875999450683594,70.0,0.0,19.9,5.6,17.0
20250429091100,30.875999450683594,70.0,0.0,19.5,5.8,32.8
20250429091200,30.875999450683594,70.0,0.0,20.3,6.2,34.4
20250429091300,30.875999450683594,70.0,0.0,19.9,5.8,37.1
20250429091400,30.875999450683594,70.0,0.0,20.3,6.2,23.1
20250429091500,30.875999450683594,70.0,0.0,19.5,6.5,15.3
20250429091600,30.875999450683594,70.0,0.0,20.4,6.3,25.6
20250429091700,30.875999450683594,70.0,0.0,20.2,5.9,21.9
20250429091800,30.875999450683594,70.0,0.0,20.2,6.3,32.3
20250429091900,30.875999450683594,70.0,0.0,20.5,5.9,27.3
20250429092000,30.875999450683594,70.0,0.0,20.4,5.9,25.8
20250429092100,30.875999450683594,70.0,0.0,19.6,5.9,21.5
20250429092200,30.875999450683594,70.0,0.0,20.3,5.6,31.3
20250429092300,30.875999450683594,70.0,0.0,20.1,6.0,19.3
20250429092400,30.875999450683594,70.0,0.0,20.9,6.3,15.3
20250429092500,30.875999450683594,70.0,0.0,20.2,6.1,28.5
20250429092600,30.875999450683594,70.0,0.0,20.5,6.0,33.0
20250429092700,30.875999450683594,70.0,0.0,20.5,6.4,15.5
20250429092800,30.875999450683594,70.0,0.0,20.2,5.8,28.9
20250429092900,30.875999450683594,70.0,0.0,19.4,6.0,38.9
20250429093000,30.875999450683594,70.0,0.0,20.4,5.7,17.7
20250429093100,30.875999450683594,70.0,0.0,19.1,5.7,20.2
20250429093200,30.875999450683594,70.0,0.0,20.4,5.8,38.0
20250429093300,30.875999450683594,70.0,0.0,20.8,5.5,31.2
20250429093400,30.875999450683594,70.0,0.0,19.7,5.6,25.9
20250429093500,30.875999450683594,70.0,0.0,19.3,5.6,24.1
20250429093600,30.875999450683594,70.0,0.0,19.7,6.0,28.3
20250429093700,30.875999450683594,70.0,0.0,19.0,5.9,23.5
20250429093800,30.875999450683594,70.0,0.0,19.6,6.5,37.8
20250429093900,30.875999450683594,70.0,0.0,19.2,5.6,37.8
20250429094000,30.875999450683594,70.0,0.0,20.5,5.9,31.2
20250429094100,30.875999450683594,70.0,0.0,20.3,6.2,20.2
20250429094200,30.875999450683594,70.0,0.0,19.6,5.6,37.8
20250429094300,30.875999450683594,70.0,0.0,20.4,5.9,22.7
20250429094400,30.875999450683594,70.0,0.0,20.5,6.5,22.5
20250429094500,30.875999450683594,70.0,0.0,20.5,6.5,23.6
20250429094600,30.875999450683594,70.0,0.0,19.3,6.2,40.0
20250429094700,30.875999450683594,70.0,0.0,20.0,6.3,32.2
20250429094800,30.875999450683594,70.0,0.0,20.7,6.1,29.7
20250429094900,30.875999450683594,70.0,0.0,20.3,6.0,33.5
20250429095000,30.875999450683594,70.0,0.0,21.0,5.8,34.1
20250429095100,30.875999450683594,70.0,0.0,19.9,6.1,31.6
20250429095200,30.875999450683594,70.0,0.0,19.9,5.7,17.8
20250429095300,30.875999450683594,70.0,0.0,19.3,6.0,19.9
20250429095400,30.875999450683594,70.0,0.0,20.0,5.9,34.5
20250429095500,30.875999450683594,70.0,0.0,20.7,5.5,38.3
20250429095600,30.875999450683594,70.0,0.0,20.3,6.0,31.3
20250429095700,30.875999450683594,70.0,0.0,20.6,5.5,26.8
20250429095800,30.875999450683594,70.0,0.0,20.6,5.9,22.9
20250429095900,30.875999450683594,70.0,0.0,20.0,5.9,35.0
20250429100000,32.47600173950195,60.0,0.0,19.5,5.6,21.2
20250429100100,32.47600173950195,60.0,0.0,19.4,5.6,25.4
20250429100200,32.47600173950195,60.0,0.0,20.5,6.3,33.5
20250429100300,32.47600173950195,60.0,0.0,20.6,6.0,33.3
20250429100400,32.47600173950195,60.0,0.0,19.3,5.7,24.8
20250429100500,32.47600173950195,60.0,0.0,20.4,6.5,38.9
20250429100600,32.47600173950195,60.0,0.0,19.2,5.7,30.2
20250429100700,32.47600173950195,60.0,0.0,20.3,6.4,35.0
20250429100800,32.47600173950195,60.0,0.0,20.5,6.5,16.6
20250429100900,32.47600173950195,60.0,0.0,20.5,5.7,21.5
20250429101000,32.47600173950195,60.0,0.0,20.7,6.1,32.6
20250429101100,32.47600173950195,60.0,0.0,19.5,5.6,16.5
20250429101200,32.47600173950195,60.0,0.0,19.9,6.4,35.7
20250429101300,32.47600173950195,60.0,0.0,20.9,5.9,34.2
20250429101400,32.47600173950195,60.0,0.0,19.7,6.0,32.8
20250429101500,32.47600173950195,60.0,0.0,20.5,6.2,22.4
20250429101600,32.47600173950195,60.0,0.0,19.1,6.2,24.0
20250429101700,32.47600173950195,60.0,0.0,19.6,5.6,28.7
20250429101800,32.47600173950195,60.0,0.0,20.2,5.7,28.3
20250429101900,32.47600173950195,60.0,0.0,20.3,5.6,38.1
20250429102000,32.47600173950195,60.0,0.0,20.6,5.6,35.1
20250429102100,32.47600173950195,60.0,0.0,19.2,6.1,39.4
20250429102200,32.47600173950195,60.0,0.0,20.6,5.7,27.3
20250429102300,32.47600173950195,60.0,0.0,19.8,6.2,25.8
20250429102400,32.47600173950195,60.0,0.0,20.4,5.6,18.8
20250429102500,32.47600173950195,60.0,0.0,19.5,5.8,33.7
20250429102600,32.47600173950195,60.0,0.0,19.2,5.9,23.5
20250429102700,32.47600173950195,60.0,0.0,20.8,6.4,18.7
20250429102800,32.47600173950195,60.0,0.0,19.4,5.6,37.4
20250429102900,32.47600173950195,60.0,0.0,19.0,6.3,20.9
20250429103000,32.47600173950195,60.0,0.0,20.4,5.8,16.8
20250429103100,32.47600173950195,60.0,0.0,20.4,5.7,27.8
20250429103200,32.47600173950195,60.0,0.0,19.9,5.9,19.6
20250429103300,32.47600173950195,60.0,0.0,19.8,6.2,34.4
20250429103400,32.47600173950195,60.0,0.0,19.2,5.7,36.0
20250429103500,32.47600173950195,60.0,0.0,19.5,5.8,33.3
20250429103600,32.47600173950195,60.0,0.0,19.3,6.5,29.9
20250429103700,32.47600173950195,60.0,0.0,20.3,5.7,28.8
20250429103800,32.47600173950195,60.0,0.0,19.7,6.1,18.5
20250429103900,32.47600173950195,60.0,0.0,19.5,5.8,24.2
20250429104000,32.47600173950195,60.0,0.0,19.7,6.1,20.8
20250429104100,32.47600173950195,60.0,0.0,20.6,6.1,22.6
20250429104200,32.47600173950195,60.0,0.0,20.3,5.8,20.7
20250429104300,32.47600173950195,60.0,0.0,20.1,5.9,24.5
20250429104400,32.47600173950195,60.0,0.0,19.7,5.6,28.4
20250429104500,32.47600173950195,60.0,0.0,19.5,6.4,15.9
20250429104600,32.47600173950195,60.0,0.0,20.5,6.2,20.3
20250429104700,32.47600173950195,60.0,0.0,20.8,5.5,20.7
20250429104800,32.47600173950195,60.0,0.0,20.1,6.2,36.4
20250429104900,32.47600173950195,60.0,0.0,20.8,5.8,36.3
20250429105000,32.47600173950195,60.0,0.0,20.0,6.4,15.9
20250429105100,32.47600173950195,60.0,0.0,19.9,6.0,18.5
20250429105200,32.47600173950195,60.0,0.0,19.4,5.6,21.1
20250429105300,32.47600173950195,60.0,0.0,19.3,6.1,17.9
20250429105400,32.47600173950195,60.0,0.0,19.2,5.7,28.1
20250429105500,32.47600173950195,60.0,0.0,20.5,5.9,28.6
20250429105600,32.47600173950195,60.0,0.0,19.7,6.5,37.3
20250429105700,32.47600173950195,60.0,0.0,20.5,5.9,30.4
20250429105800,32.47600173950195,60.0,0.0,19.7,5.6,38.4
20250429105900,32.47600173950195,60.0,0.0,20.8,6.2,19.7
20250429110000,33.97600173950195,53.0,0.0,19.4,5.7,26.1
20250429110100,33.97600173950195,53.0,0.0,19.3,6.0,31.3
20250429110200,33.97600173950195,53.0,0.0,20.7,6.2,37.8
20250429110300,33.97600173950195,53.0,0.0,19.9,6.1,26.5
20250429110400,33.97600173950195,53.0,0.0,20.9,5.9,30.1
20250429110500,33.97600173950195,53.0,0.0,19.5,5.6,28.4
20250429110600,33.97600173950195,53.0,0.0,19.1,5.6,15.8
20250429110700,33.97600173950195,53.0,0.0,19.1,5.7,26.9
20250429110800,33.97600173950195,53.0,0.0,20.3,6.5,38.1
20250429110900,33.97600173950195,53.0,0.0,20.7,5.9,37.5
20250429111000,33.97600173950195,53.0,0.0,20.9,5.6,22.7
20250429111100,33.97600173950195,53.0,0.0,20.0,5.9,25.8
20250429111200,33.97600173950195,53.0,0.0,20.1,6.4,27.0
20250429111300,33.97600173950195,53.0,0.0,20.5,6.1,29.3
20250429111400,33.97600173950195,53.0,0.0,19.8,6.4,27.1
20250429111500,33.97600173950195,53.0,0.0,19.9,5.9,22.0
20250429111600,33.97600173950195,53.0,0.0,19.7,6.4,29.0
20250429111700,33.97600173950195,53.0,0.0,20.1,6.2,28.9
20250429111800,33.97600173950195,53.0,0.0,19.5,6.0,33.5
20250429111900,33.97600173950195,53.0,0.0,19.7,5.6,20.0
20250429112000,33.97600173950195,53.0,0.0,19.5,6.4,17.3
20250429112100,33.97600173950195,53.0,0.0,19.9,5.6,17.1
20250429112200,33.97600173950195,53.0,0.0,20.0,6.2,24.0
20250429112300,33.97600173950195,53.0,0.0,19.1,6.1,22.4
20250429112400,33.97600173950195,53.0,0.0,19.0,6.0,34.1
20250429112500,33.97600173950195,53.0,0.0,19.1,6.1,21.0
20250429112600,33.97600173950195,53.0,0.0,20.7,5.9,23.1
20250429112700,33.97600173950195,53.0,0.0,20.8,6.4,24.8
20250429112800,33.97600173950195,53.0,0.0,19.8,6.4,31.9
20250429112900,33.97600173950195,53.0,0.0,20.3,6.3,22.5
20250429113000,33.97600173950195,53.0,0.0,20.2,6.3,35.8
20250429113100,33.97600173950195,53.0,0.0,19.9,5.7,15.3
20250429113200,33.97600173950195,53.0,0.0,20.1,5.7,36.4
20250429113300,33.97600173950195,53.0,0.0,20.4,5.9,20.9
20250429113400,33.97600173950195,53.0,0.0,19.5,5.9,36.5
20250429113500,33.97600173950195,53.0,0.0,19.2,6.2,19.7
20250429113600,33.97600173950195,53.0,0.0,20.8,6.0,20.0
20250429113700,33.97600173950195,53.0,0.0,19.2,6.4,20.5
20250429113800,33.97600173950195,53.0,0.0,20.6,6.3,25.0
20250429113900,33.97600173950195,53.0,0.0,20.9,5.7,32.5
20250429114000,33.97600173950195,53.0,0.0,20.2,6.1,22.5
20250429114100,33.97600173950195,53.0,0.0,20.1,6.1,18.8
20250429114200,33.97600173950195,53.0,0.0,19.9,6.4,29.3
20250429114300,33.97600173950195,53.0,0.0,19.0,5.6,38.2
20250429114400,33.97600173950195,53.0,0.0,20.8,5.8,34.5
20250429114500,33.97600173950195,53.0,0.0,19.1,5.6,29.9
20250429114600,33.97600173950195,53.0,0.0,20.1,6.5,33.4
20250429114700,33.97600173950195,53.0,0.0,20.8,5.7,16.2
20250429114800,33.97600173950195,53.0,0.0,20.2,6.3,20.6
20250429114900,33.97600173950195,53.0,0.0,20.8,6.0,21.0
20250429115000,33.97600173950195,53.0,0.0,20.9,5.9,20.1
20250429115100,33.97600173950195,53.0,0.0,20.8,6.2,35.5
20250429115200,33.97600173950195,53.0,0.0,20.2,6.3,21.3
20250429115300,33.97600173950195,53.0,0.0,20.1,6.2,27.4
20250429115400,33.97600173950195,53.0,0.0,20.7,6.3,34.2
20250429115500,33.97600173950195,53.0,0.0,20.8,5.6,36.7
20250429115600,33.97600173950195,53.0,0.0,20.8,6.2,39.1
20250429115700,33.97600173950195,53.0,0.0,19.2,6.0,39.0
20250429115800,33.97600173950195,53.0,0.0,19.1,5.9,36.9
20250429115900,33.97600173950195,53.0,0.0,19.8,5.7,28.4
20250429120000,35.375999450683594,46.0,0.0,19.3,6.1,15.2
20250429120100,35.375999450683594,46.0,0.0,19.4,5.8,34.4
20250429120200,35.375999450683594,46.0,0.0,20.6,5.9,19.2
20250429120300,35.375999450683594,46.0,0.0,19.1,5.7,34.9
20250429120400,35.375999450683594,46.0,0.0,20.9,5.8,33.3
20250429120500,35.375999450683594,46.0,0.0,19.8,5.7,37.8
20250429120600,35.375999450683594,46.0,0.0,20.7,6.4,31.9
20250429120700,35.375999450683594,46.0,0.0,20.1,6.0,28.3
20250429120800,35.375999450683594,46.0,0.0,19.9,5.8,30.8
20250429120900,35.375999450683594,46.0,0.0,19.5,6.2,33.2
20250429121000,35.375999450683594,46.0,0.0,19.3,5.7,25.8
20250429121100,35.375999450683594,46.0,0.0,20.1,5.9,30.7
20250429121200,35.375999450683594,46.0,0.0,19.9,6.5,36.3
20250429121300,35.375999450683594,46.0,0.0,20.0,6.5,29.8
20250429121400,35.375999450683594,46.0,0.0,19.0,6.4,18.0
20250429121500,35.375999450683594,46.0,0.0,19.0,6.1,32.7
20250429121600,35.375999450683594,46.0,0.0,20.8,6.0,30.8
20250429121700,35.375999450683594,46.0,0.0,19.8,5.6,33.4
20250429121800,35.375999450683594,46.0,0.0,20.5,5.9,28.0
20250429121900,35.375999450683594,46.0,0.0,20.7,6.4,33.7
20250429122000,35.375999450683594,46.0,0.0,19.4,5.8,19.2
20250429122100,35.375999450683594,46.0,0.0,20.3,5.5,24.4
20250429122200,35.375999450683594,46.0,0.0,19.9,5.6,27.5
20250429122300,35.375999450683594,46.0,0.0,20.9,5.8,24.3
20250429122400,35.375999450683594,46.0,0.0,20.0,5.6,32.4
20250429122500,35.375999450683594,46.0,0.0,20.3,6.0,30.3
20250429122600,35.375999450683594,46.0,0.0,19.8,6.1,27.3
20250429122700,35.375999450683594,46.0,0.0,20.0,6.2,16.1
20250429122800,35.375999450683594,46.0,0.0,20.8,5.7,23.7
20250429122900,35.375999450683594,46.0,0.0,20.5,6.3,21.2
20250429123000,35.375999450683594,46.0,0.0,20.0,6.3,22.1
20250429123100,35.375999450683594,46.0,0.0,20.6,5.7,25.0
20250429123200,35.375999450683594,46.0,0.0,20.7,5.6,22.6
20250429123300,35.375999450683594,46.0,0.0,20.2,5.8,36.9
20250429123400,35.375999450683594,46.0,0.0,21.0,6.2,36.4
20250429123500,35.375999450683594,46.0,0.0,19.6,6.3,30.4
20250429123600,35.375999450683594,46.0,0.0,19.3,6.4,25.2
20250429123700,35.375999450683594,46.0,0.0,20.7,6.5,28.2
20250429123800,35.375999450683594,46.0,0.0,20.7,5.6,26.9
20250429123900,35.375999450683594,46.0,0.0,19.5,5.7,35.1
20250429124000,35.375999450683594,46.0,0.0,19.4,5.8,20.6
20250429124100,35.375999450683594,46.0,0.0,19.6,6.2,27.6
20250429124200,35.375999450683594,46.0,0.0,19.0,5.9,32.8
20250429124300,35.375999450683594,46.0,0.0,19.6,5.8,38.6
20250429124400,35.375999450683594,46.0,0.0,19.9,6.0,31.7
20250429124500,35.375999450683594,46.0,0.0,19.3,6.4,16.4
20250429124600,35.375999450683594,46.0,0.0,20.5,5.7,37.6
20250429124700,35.375999450683594,46.0,0.0,20.9,6.4,36.4
20250429124800,35.375999450683594,46.0,0.0,20.5,5.7,29.4
20250429124900,35.375999450683594,46.0,0.0,20.4,5.5,34.2
20250429125000,35.375999450683594,46.0,0.0,20.8,6.1,16.6
20250429125100,35.375999450683594,46.0,0.0,20.8,6.3,38.5
20250429125200,35.375999450683594,46.0,0.0,20.9,5.7,17.3
20250429125300,35.375999450683594,46.0,0.0,19.6,6.4,30.2
20250429125400,35.375999450683594,46.0,0.0,19.1,6.1,16.3
20250429125500,35.375999450683594,46.0,0.0,19.2,5.9,37.7
20250429125600,35.375999450683594,46.0,0.0,20.2,6.4,25.1
20250429125700,35.375999450683594,46.0,0.0,20.9,5.6,22.9
20250429125800,35.375999450683594,46.0,0.0,20.1,6.2,35.5
20250429125900,35.375999450683594,46.0,0.0,20.1,6.4,17.7
20250429130000,36.426002502441406,42.0,0.0,20.6,6.0,30.0
20250429130100,36.426002502441406,42.0,0.0,19.0,5.6,22.3
20250429130200,36.426002502441406,42.0,0.0,20.2,5.9,19.9
20250429130300,36.426002502441406,42.0,0.0,20.9,6.2,27.6
20250429130400,36.426002502441406,42.0,0.0,20.5,5.7,30.0
20250429130500,36.426002502441406,42.0,0.0,21.0,6.1,22.4
20250429130600,36.426002502441406,42.0,0.0,20.3,5.6,25.8
20250429130700,36.426002502441406,42.0,0.0,20.2,6.2,29.3
20250429130800,36.426002502441406,42.0,0.0,19.6,6.5,18.9
20250429130900,36.426002502441406,42.0,0.0,19.6,6.3,15.2
20250429131000,36.426002502441406,42.0,0.0,19.2,6.2,24.2
20250429131100,36.426002502441406,42.0,0.0,20.9,5.8,21.7
20250429131200,36.426002502441406,42.0,0.0,19.6,5.9,24.9
20250429131300,36.426002502441406,42.0,0.0,20.8,6.1,24.9
20250429131400,36.426002502441406,42.0,0.0,20.1,6.2,33.0
20250429131500,36.426002502441406,42.0,0.0,19.2,6.4,32.1
20250429131600,36.426002502441406,42.0,0.0,19.3,5.9,36.3
20250429131700,36.426002502441406,42.0,0.0,20.4,5.9,30.5
20250429131800,36.426002502441406,42.0,0.0,19.0,6.5,19.3
20250429131900,36.426002502441406,42.0,0.0,19.2,5.8,17.7
20250429132000,36.426002502441406,42.0,0.0,19.5,5.8,17.3
20250429132100,36.426002502441406,42.0,0.0,20.1,6.3,22.4
20250429132200,36.426002502441406,42.0,0.0,20.9,6.2,21.9
20250429132300,36.426002502441406,42.0,0.0,19.2,5.9,34.2
20250429132400,36.426002502441406,42.0,0.0,19.8,6.3,30.0
20250429132500,36.426002502441406,42.0,0.0,19.3,5.6,18.7
20250429132600,36.426002502441406,42.0,0.0,20.8,5.9,23.5
20250429132700,36.426002502441406,42.0,0.0,19.7,5.9,32.9
20250429132800,36.426002502441406,42.0,0.0,19.9,5.5,31.6
20250429132900,36.426002502441406,42.0,0.0,20.8,6.2,27.0
20250429133000,36.426002502441406,42.0,0.0,20.7,6.1,34.1
20250429133100,36.426002502441406,42.0,0.0,19.3,5.8,21.4
20250429133200,36.426002502441406,42.0,0.0,20.6,5.6,20.5
20250429133300,36.426002502441406,42.0,0.0,19.1,5.6,18.0
20250429133400,36.426002502441406,42.0,0.0,20.9,5.9,33.6
20250429133500,36.426002502441406,42.0,0.0,20.8,5.6,16.9
20250429133600,36.426002502441406,42.0,0.0,20.2,6.0,16.1
20250429133700,36.426002502441406,42.0,0.0,20.5,6.1,37.4
20250429133800,36.426002502441406,42.0,0.0,19.5,5.6,37.2
20250429133900,36.426002502441406,42.0,0.0,19.9,6.4,30.7
20250429134000,36.426002502441406,42.0,0.0,20.1,6.3,24.3
20250429134100,36.426002502441406,42.0,0.0,19.1,5.9,31.7
20250429134200,36.426002502441406,42.0,0.0,19.9,6.4,39.2
20250429134300,36.426002502441406,42.0,0.0,20.7,6.3,22.5
20250429134400,36.426002502441406,42.0,0.0,20.7,5.6,35.4
20250429134500,36.426002502441406,42.0,0.0,19.1,6.3,19.4
20250429134600,36.426002502441406,42.0,0.0,20.0,6.4,31.3
20250429134700,36.426002502441406,42.0,0.0,19.5,6.0,21.6
20250429134800,36.426002502441406,42.0,0.0,20.6,6.2,26.2
20250429134900,36.426002502441406,42.0,0.0,20.1,6.0,37.4
20250429135000,36.426002502441406,42.0,0.0,21.0,6.3,30.8
20250429135100,36.426002502441406,42.0,0.0,19.5,5.6,33.4
20250429135200,36.426002502441406,42.0,0.0,19.0,5.8,32.0
20250429135300,36.426002502441406,42.0,0.0,19.4,6.3,26.6
20250429135400,36.426002502441406,42.0,0.0,19.3,6.5,26.9
20250429135500,36.426002502441406,42.0,0.0,19.9,6.3,18.4
20250429135600,36.426002502441406,42.0,0.0,20.6,6.4,33.2
20250429135700,36.426002502441406,42.0,0.0,19.5,6.1,31.3
20250429135800,36.426002502441406,42.0,0.0,19.6,6.3,39.3
20250429135900,36.426002502441406,42.0,0.0,20.7,5.6,36.4
20250429140000,36.82600021362305,39.0,0.0,19.2,5.9,25.9
20250429140100,36.82600021362305,39.0,0.0,19.8,6.3,36.8
20250429140200,36.82600021362305,39.0,0.0,20.7,6.1,18.0
20250429140300,36.82600021362305,39.0,0.0,19.9,5.8,19.0
20250429140400,36.82600021362305,39.0,0.0,20.7,5.9,24.8
20250429140500,36.82600021362305,39.0,0.0,19.3,6.5,23.9
20250429140600,36.82600021362305,39.0,0.0,20.4,6.4,16.6
20250429140700,36.82600021362305,39.0,0.0,19.9,6.2,25.0
20250429140800,36.82600021362305,39.0,0.0,19.3,5.6,20.8
20250429140900,36.82600021362305,39.0,0.0,19.7,6.1,32.8
20250429141000,36.82600021362305,39.0,0.0,19.9,6.4,31.7
20250429141100,36.82600021362305,39.0,0.0,19.4,6.3,18.7
20250429141200,36.82600021362305,39.0,0.0,20.1,5.7,35.8
20250429141300,36.82600021362305,39.0,0.0,19.5,6.3,36.9
20250429141400,36.82600021362305,39.0,0.0,20.5,6.3,27.7
20250429141500,36.82600021362305,39.0,0.0,19.2,6.3,23.8
20250429141600,36.82600021362305,39.0,0.0,20.7,5.6,39.9
20250429141700,36.82600021362305,39.0,0.0,19.9,5.5,18.5
20250429141800,36.82600021362305,39.0,0.0,19.6,5.9,37.7
20250429141900,36.82600021362305,39.0,0.0,19.7,6.1,35.6
20250429142000,36.82600021362305,39.0,0.0,19.6,5.9,38.0
20250429142100,36.82600021362305,39.0,0.0,20.5,6.2,33.5
20250429142200,36.82600021362305,39.0,0.0,19.9,6.1,20.5
20250429142300,36.82600021362305,39.0,0.0,20.6,6.3,30.6
20250429142400,36.82600021362305,39.0,0.0,20.2,5.8,39.2
20250429142500,36.82600021362305,39.0,0.0,19.2,5.8,20.1
20250429142600,36.82600021362305,39.0,0.0,19.1,5.8,33.9
20250429142700,36.82600021362305,39.0,0.0,19.2,6.4,29.7
20250429142800,36.82600021362305,39.0,0.0,20.0,5.8,19.3
20250429142900,36.82600021362305,39.0,0.0,19.5,6.3,37.9
20250429143000,36.82600021362305,39.0,0.0,20.6,6.4,30.0
20250429143100,36.82600021362305,39.0,0.0,19.9,5.8,33.9
20250429143200,36.82600021362305,39.0,0.0,20.0,5.9,26.2
20250429143300,36.82600021362305,39.0,0.0,20.0,6.3,19.1
20250429143400,36.82600021362305,39.0,0.0,19.4,5.7,39.8
20250429143500,36.82600021362305,39.0,0.0,20.6,5.9,36.0
20250429143600,36.82600021362305,39.0,0.0,19.8,5.5,17.9
20250429143700,36.82600021362305,39.0,0.0,20.3,6.0,25.4
20250429143800,36.82600021362305,39.0,0.0,20.0,6.4,29.8
20250429143900,36.82600021362305,39.0,0.0,20.3,5.6,34.2
20250429144000,36.82600021362305,39.0,0.0,20.5,5.7,31.0
20250429144100,36.82600021362305,39.0,0.0,19.2,5.7,20.7
20250429144200,36.82600021362305,39.0,0.0,19.9,6.4,24.1
20250429144300,36.82600021362305,39.0,0.0,19.4,5.9,34.8
20250429144400,36.82600021362305,39.0,0.0,19.5,6.3,35.5
20250429144500,36.82600021362305,39.0,0.0,19.8,6.1,33.8
20250429144600,36.82600021362305,39.0,0.0,20.4,5.7,39.4
20250429144700,36.82600021362305,39.0,0.0,19.0,6.2,28.2
20250429144800,36.82600021362305,39.0,0.0,20.2,6.2,31.8
20250429144900,36.82600021362305,39.0,0.0,20.5,5.5,35.3
20250429145000,36.82600021362305,39.0,0.0,19.3,6.4,20.3
20250429145100,36.82600021362305,39.0,0.0,19.0,6.0,15.7
20250429145200,36.82600021362305,39.0,0.0,20.2,6.1,23.9
20250429145300,36.82600021362305,39.0,0.0,19.6,6.0,27.9
20250429145400,36.82600021362305,39.0,0.0,19.3,5.9,34.0
20250429145500,36.82600021362305,39.0,0.0,19.8,6.1,26.8
20250429145600,36.82600021362305,39.0,0.0,19.9,5.9,31.0
20250429145700,36.82600021362305,39.0,0.0,20.0,6.2,26.6
20250429145800,36.82600021362305,39.0,0.0,20.1,6.2,21.9
20250429145900,36.82600021362305,39.0,0.0,20.7,6.1,20.4
20250429150000,36.926002502441406,38.0,0.0,20.8,6.4,18.9
20250429150100,36.926002502441406,38.0,0.0,20.0,6.4,22.1
20250429150200,36.926002502441406,38.0,0.0,19.2,6.1,34.3
20250429150300,36.926002502441406,38.0,0.0,20.1,6.1,26.7
20250429150400,36.926002502441406,38.0,0.0,20.0,6.1,33.3
20250429150500,36.926002502441406,38.0,0.0,19.9,5.8,30.5
20250429150600,36.926002502441406,38.0,0.0,19.9,6.3,16.4
20250429150700,36.926002502441406,38.0,0.0,20.0,6.3,31.0
20250429150800,36.926002502441406,38.0,0.0,20.2,6.0,21.2
20250429150900,36.926002502441406,38.0,0.0,19.0,6.3,31.8
20250429151000,36.926002502441406,38.0,0.0,19.2,6.4,18.0
20250429151100,36.926002502441406,38.0,0.0,20.3,5.5,27.0
20250429151200,36.926002502441406,38.0,0.0,20.5,6.4,15.1
20250429151300,36.926002502441406,38.0,0.0,20.1,5.8,33.9
20250429151400,36.926002502441406,38.0,0.0,19.3,6.4,16.7
20250429151500,36.926002502441406,38.0,0.0,19.6,6.0,28.8
20250429151600,36.926002502441406,38.0,0.0,20.1,5.6,15.9
20250429151700,36.926002502441406,38.0,0.0,20.2,5.9,23.9
20250429151800,36.926002502441406,38.0,0.0,20.8,5.8,21.3
20250429151900,36.926002502441406,38.0,0.0,20.8,6.1,33.4
20250429152000,36.926002502441406,38.0,0.0,19.3,6.5,17.7
20250429152100,36.926002502441406,38.0,0.0,20.1,6.4,31.0
20250429152200,36.926002502441406,38.0,0.0,19.6,5.9,39.7
20250429152300,36.926002502441406,38.0,0.0,19.0,5.5,38.0
20250429152400,36.926002502441406,38.0,0.0,20.0,6.0,38.6
20250429152500,36.926002502441406,38.0,0.0,20.5,6.4,39.6
20250429152600,36.926002502441406,38.0,0.0,20.1,6.3,28.5
20250429152700,36.926002502441406,38.0,0.0,19.2,5.7,20.8
20250429152800,36.926002502441406,38.0,0.0,19.1,6.3,22.8
20250429152900,36.926002502441406,38.0,0.0,19.3,5.7,31.2
20250429153000,36.926002502441406,38.0,0.0,19.1,5.7,31.2
20250429153100,36.926002502441406,38.0,0.0,19.2,6.3,29.3
20250429153200,36.926002502441406,38.0,0.0,20.2,6.1,30.8
20250429153300,36.926002502441406,38.0,0.0,20.0,6.2,39.8
20250429153400,36.926002502441406,38.0,0.0,19.7,5.9,29.6
20250429153500,36.926002502441406,38.0,0.0,19.5,5.8,27.3
20250429153600,36.926002502441406,38.0,0.0,20.3,6.3,16.1
20250429153700,36.926002502441406,38.0,0.0,20.8,6.2,26.9
20250429153800,36.926002502441406,38.0,0.0,20.3,6.2,31.0
20250429153900,36.926002502441406,38.0,0.0,20.2,6.1,28.5
20250429154000,36.926002502441406,38.0,0.0,20.7,5.9,30.6
20250429154100,36.926002502441406,38.0,0.0,20.8,5.7,38.1
20250429154200,36.926002502441406,38.0,0.0,20.2,6.2,22.9
20250429154300,36.926002502441406,38.0,0.0,19.4,5.6,27.8
20250429154400,36.926002502441406,38.0,0.0,20.8,5.8,39.1
20250429154500,36.926002502441406,38.0,0.0,20.2,5.9,38.0
20250429154600,36.926002502441406,38.0,0.0,20.6,5.6,24.7
20250429154700,36.926002502441406,38.0,0.0,20.1,5.5,30.9
20250429154800,36.926002502441406,38.0,0.0,20.1,5.7,31.0
20250429154900,36.926002502441406,38.0,0.0,19.3,6.1,35.9
20250429155000,36.926002502441406,38.0,0.0,20.2,6.1,24.8
20250429155100,36.926002502441406,38.0,0.0,19.1,6.1,35.9
20250429155200,36.926002502441406,38.0,0.0,19.4,6.3,20.4
20250429155300,36.926002502441406,38.0,0.0,20.5,6.1,17.9
20250429155400,36.926002502441406,38.0,0.0,19.9,6.0,39.9
20250429155500,36.926002502441406,38.0,0.0,19.7,5.5,26.4
20250429155600,36.926002502441406,38.0,0.0,19.4,6.2,26.1
20250429155700,36.926002502441406,38.0,0.0,20.6,5.7,22.8
20250429155800,36.926002502441406,38.0,0.0,20.2,6.1,19.5
20250429155900,36.926002502441406,38.0,0.0,19.2,6.1,17.2
20250429160000,36.47600173950195,37.0,0.0,19.8,6.4,15.2
20250429160100,36.47600173950195,37.0,0.0,20.8,6.5,39.1
20250429160200,36.47600173950195,37.0,0.0,20.6,5.9,23.6
20250429160300,36.47600173950195,37.0,0.0,19.6,6.2,34.1
20250429160400,36.47600173950195,37.0,0.0,19.4,5.7,38.9
20250429160500,36.47600173950195,37.0,0.0,20.9,6.5,36.2
20250429160600,36.47600173950195,37.0,0.0,20.4,6.3,19.2
20250429160700,36.47600173950195,37.0,0.0,19.3,5.7,29.0
20250429160800,36.47600173950195,37.0,0.0,19.2,6.4,16.9
20250429160900,36.47600173950195,37.0,0.0,20.5,6.3,30.0
20250429161000,36.47600173950195,37.0,0.0,20.7,5.8,24.3
20250429161100,36.47600173950195,37.0,0.0,19.3,5.7,25.8
20250429161200,36.47600173950195,37.0,0.0,20.8,6.1,29.1
20250429161300,36.47600173950195,37.0,0.0,21.0,5.8,23.3
20250429161400,36.47600173950195,37.0,0.0,20.1,6.1,20.1
20250429161500,36.47600173950195,37.0,0.0,20.9,5.7,40.0
20250429161600,36.47600173950195,37.0,0.0,19.5,6.3,20.6
20250429161700,36.47600173950195,37.0,0.0,20.8,5.9,28.3
20250429161800,36.47600173950195,37.0,0.0,19.6,6.0,15.7
20250429161900,36.47600173950195,37.0,0.0,20.9,5.7,27.7
20250429162000,36.47600173950195,37.0,0.0,20.6,6.5,21.2
20250429162100,36.47600173950195,37.0,0.0,20.2,6.0,39.0
20250429162200,36.47600173950195,37.0,0.0,20.0,5.8,25.7
20250429162300,36.47600173950195,37.0,0.0,19.6,6.1,20.5
20250429162400,36.47600173950195,37.0,0.0,20.6,5.8,35.0
20250429162500,36.47600173950195,37.0,0.0,19.0,5.9,28.9
20250429162600,36.47600173950195,37.0,0.0,20.6,6.2,28.9
20250429162700,36.47600173950195,37.0,0.0,20.8,6.5,33.9
20250429162800,36.47600173950195,37.0,0.0,19.9,5.6,26.2
20250429162900,36.47600173950195,37.0,0.0,19.4,5.9,17.3
20250429163000,36.47600173950195,37.0,0.0,20.0,5.9,23.4
20250429163100,36.47600173950195,37.0,0.0,19.5,5.9,37.4
20250429163200,36.47600173950195,37.0,0.0,19.7,5.8,32.1
20250429163300,36.47600173950195,37.0,0.0,20.4,5.9,28.8
20250429163400,36.47600173950195,37.0,0.0,20.1,6.3,16.9
20250429163500,36.47600173950195,37.0,0.0,20.9,6.1,16.5
20250429163600,36.47600173950195,37.0,0.0,19.4,6.5,29.1
20250429163700,36.47600173950195,37.0,0.0,19.2,6.3,20.9
20250429163800,36.47600173950195,37.0,0.0,20.6,6.0,35.0
20250429163900,36.47600173950195,37.0,0.0,20.6,6.4,38.8
20250429164000,36.47600173950195,37.0,0.0,19.2,5.9,37.2
20250429164100,36.47600173950195,37.0,0.0,20.1,6.3,31.2
20250429164200,36.47600173950195,37.0,0.0,19.8,6.3,27.3
20250429164300,36.47600173950195,37.0,0.0,20.0,6.4,17.4
20250429164400,36.47600173950195,37.0,0.0,19.5,5.9,29.2
20250429164500,36.47600173950195,37.0,0.0,19.8,6.0,39.5
20250429164600,36.47600173950195,37.0,0.0,20.2,5.8,16.4
20250429164700,36.47600173950195,37.0,0.0,20.0,5.6,25.4
20250429164800,36.47600173950195,37.0,0.0,19.1,6.5,27.6
20250429164900,36.47600173950195,37.0,0.0,19.9,5.8,30.6
20250429165000,36.47600173950195,37.0,0.0,20.9,5.9,17.9
20250429165100,36.47600173950195,37.0,0.0,20.9,5.5,17.7
20250429165200,36.47600173950195,37.0,0.0,20.1,6.2,16.1
20250429165300,36.47600173950195,37.0,0.0,20.3,5.8,36.5
20250429165400,36.47600173950195,37.0,0.0,20.7,6.2,32.9
20250429165500,36.47600173950195,37.0,0.0,20.3,5.6,16.5
20250429165600,36.47600173950195,37.0,0.0,19.3,6.3,24.7
20250429165700,36.47600173950195,37.0,0.0,20.8,6.0,36.7
20250429165800,36.47600173950195,37.0,0.0,20.4,6.2,24.2
20250429165900,36.47600173950195,37.0,0.0,20.0,5.9,18.4
20250429170000,35.926002502441406,37.0,0.0,20.5,5.6,35.6
20250429170100,35.926002502441406,37.0,0.0,20.9,5.7,22.3
20250429170200,35.926002502441406,37.0,0.0,20.1,5.7,29.2
20250429170300,35.926002502441406,37.0,0.0,19.4,6.0,39.9
20250429170400,35.926002502441406,37.0,0.0,19.3,6.1,38.1
20250429170500,35.926002502441406,37.0,0.0,19.6,6.1,19.2
20250429170600,35.926002502441406,37.0,0.0,19.9,5.5,25.8
20250429170700,35.926002502441406,37.0,0.0,20.6,5.7,26.2
20250429170800,35.926002502441406,37.0,0.0,19.5,6.0,27.9
20250429170900,35.926002502441406,37.0,0.0,20.5,5.8,29.3
20250429171000,35.926002502441406,37.0,0.0,20.8,6.2,36.0
20250429171100,35.926002502441406,37.0,0.0,20.7,5.6,17.2
20250429171200,35.926002502441406,37.0,0.0,20.3,5.8,36.6
20250429171300,35.926002502441406,37.0,0.0,19.7,6.2,20.7
20250429171400,35.926002502441406,37.0,0.0,19.3,6.0,27.7
20250429171500,35.926002502441406,37.0,0.0,20.7,5.6,35.8
20250429171600,35.926002502441406,37.0,0.0,19.4,6.1,35.0
20250429171700,35.926002502441406,37.0,0.0,19.1,5.7,20.4
20250429171800,35.926002502441406,37.0,0.0,20.6,6.2,30.2
20250429171900,35.926002502441406,37.0,0.0,19.8,6.1,26.1
20250429172000,35.926002502441406,37.0,0.0,20.7,6.2,23.4
20250429172100,35.926002502441406,37.0,0.0,19.3,6.2,32.7
20250429172200,35.926002502441406,37.0,0.0,20.3,5.9,19.2
20250429172300,35.926002502441406,37.0,0.0,19.3,5.7,19.7
20250429172400,35.926002502441406,37.0,0.0,19.4,5.8,20.2
20250429172500,35.926002502441406,37.0,0.0,20.6,5.8,30.9
20250429172600,35.926002502441406,37.0,0.0,19.1,6.4,25.6
20250429172700,35.926002502441406,37.0,0.0,19.6,6.1,37.1
20250429172800,35.926002502441406,37.0,0.0,20.6,5.8,39.1
20250429172900,35.926002502441406,37.0,0.0,20.3,6.0,26.7
20250429173000,35.926002502441406,37.0,0.0,20.5,6.2,23.8
20250429173100,35.926002502441406,37.0,0.0,21.0,5.7,24.1
20250429173200,35.926002502441406,37.0,0.0,19.4,6.0,18.4
20250429173300,35.926002502441406,37.0,0.0,20.2,5.6,35.8
20250429173400,35.926002502441406,37.0,0.0,20.6,5.9,16.8
20250429173500,35.926002502441406,37.0,0.0,20.3,6.3,18.5
20250429173600,35.926002502441406,37.0,0.0,19.0,6.4,25.2
20250429173700,35.926002502441406,37.0,0.0,20.2,6.1,28.7
20250429173800,35.926002502441406,37.0,0.0,20.2,6.0,31.2
20250429173900,35.926002502441406,37.0,0.0,19.5,5.7,35.5
20250429174000,35.926002502441406,37.0,0.0,19.7,5.7,24.8
20250429174100,35.926002502441406,37.0,0.0,20.1,5.6,22.3
20250429174200,35.926002502441406,37.0,0.0,19.7,6.4,19.4
20250429174300,35.926002502441406,37.0,0.0,19.4,6.5,38.5
20250429174400,35.926002502441406,37.0,0.0,20.4,5.8,27.3
20250429174500,35.926002502441406,37.0,0.0,20.2,6.1,20.5
20250429174600,35.926002502441406,37.0,0.0,19.9,6.2,31.0
20250429174700,35.926002502441406,37.0,0.0,19.8,6.3,16.4
20250429174800,35.926002502441406,37.0,0.0,20.7,6.1,25.0
20250429174900,35.926002502441406,37.0,0.0,19.8,5.5,37.0
20250429175000,35.926002502441406,37.0,0.0,19.3,6.3,15.2
20250429175100,35.926002502441406,37.0,0.0,20.5,5.9,19.2
20250429175200,35.926002502441406,37.0,0.0,20.0,6.1,28.4
20250429175300,35.926002502441406,37.0,0.0,21.0,6.4,36.6
20250429175400,35.926002502441406,37.0,0.0,20.2,5.6,32.6
20250429175500,35.926002502441406,37.0,0.0,19.2,5.7,37.7
20250429175600,35.926002502441406,37.0,0.0,20.8,6.3,36.7
20250429175700,35.926002502441406,37.0,0.0,20.6,6.5,37.4
20250429175800,35.926002502441406,37.0,0.0,19.5,6.4,32.8
20250429175900,35.926002502441406,37.0,0.0,20.3,6.4,29.1
20250429180000,34.07600021362305,44.0,0.0,19.9,6.1,23.1
20250429180100,34.07600021362305,44.0,0.0,19.6,5.9,30.9
20250429180200,34.07600021362305,44.0,0.0,19.4,5.8,27.5
20250429180300,34.07600021362305,44.0,0.0,19.1,5.8,23.4
20250429180400,34.07600021362305,44.0,0.0,20.9,5.5,16.1
20250429180500,34.07600021362305,44.0,0.0,20.0,5.6,26.6
20250429180600,34.07600021362305,44.0,0.0,20.3,5.9,24.4
20250429180700,34.07600021362305,44.0,0.0,20.8,5.9,21.9
20250429180800,34.07600021362305,44.0,0.0,19.3,6.3,27.3
20250429180900,34.07600021362305,44.0,0.0,20.9,6.1,31.8
20250429181000,34.07600021362305,44.0,0.0,20.5,5.6,19.5
20250429181100,34.07600021362305,44.0,0.0,20.3,6.2,32.9
20250429181200,34.07600021362305,44.0,0.0,20.1,6.1,35.4
20250429181300,34.07600021362305,44.0,0.0,20.1,6.0,36.8
20250429181400,34.07600021362305,44.0,0.0,20.2,5.8,18.7
20250429181500,34.07600021362305,44.0,0.0,19.2,5.9,30.4
20250429181600,34.07600021362305,44.0,0.0,20.7,6.0,34.5
20250429181700,34.07600021362305,44.0,0.0,19.5,6.3,15.6
20250429181800,34.07600021362305,44.0,0.0,20.5,5.8,19.1
20250429181900,34.07600021362305,44.0,0.0,20.0,6.3,37.1
20250429182000,34.07600021362305,44.0,0.0,20.8,6.3,22.2
20250429182100,34.07600021362305,44.0,0.0,19.8,6.5,22.9
20250429182200,34.07600021362305,44.0,0.0,19.1,5.5,24.4
20250429182300,34.07600021362305,44.0,0.0,19.9,5.8,19.4
20250429182400,34.07600021362305,44.0,0.0,20.9,5.7,37.8
20250429182500,34.07600021362305,44.0,0.0,20.9,6.2,17.7
20250429182600,34.07600021362305,44.0,0.0,19.2,6.2,26.4
20250429182700,34.07600021362305,44.0,0.0,19.8,5.8,17.0
20250429182800,34.07600021362305,44.0,0.0,19.4,5.9,32.1
20250429182900,34.07600021362305,44.0,0.0,19.0,6.3,16.3
20250429183000,34.07600021362305,44.0,0.0,20.8,6.3,18.5
20250429183100,34.07600021362305,44.0,0.0,20.2,5.9,35.3
20250429183200,34.07600021362305,44.0,0.0,19.1,5.8,23.3
20250429183300,34.07600021362305,44.0,0.0,19.3,6.0,35.4
20250429183400,34.07600021362305,44.0,0.0,19.8,5.6,31.9
20250429183500,34.07600021362305,44.0,0.0,19.5,6.1,16.9
20250429183600,34.07600021362305,44.0,0.0,19.5,6.4,28.2
20250429183700,34.07600021362305,44.0,0.0,19.2,6.0,19.4
20250429183800,34.07600021362305,44.0,0.0,19.5,6.3,18.6
20250429183900,34.07600021362305,44.0,0.0,20.4,6.5,26.0
20250429184000,34.07600021362305,44.0,0.0,19.2,6.5,30.4
20250429184100,34.07600021362305,44.0,0.0,19.6,6.2,34.0
20250429184200,34.07600021362305,44.0,0.0,19.2,6.2,28.5
20250429184300,34.07600021362305,44.0,0.0,20.6,5.5,30.6
20250429184400,34.07600021362305,44.0,0.0,20.5,6.0,26.4
20250429184500,34.07600021362305,44.0,0.0,19.1,6.0,37.2
20250429184600,34.07600021362305,44.0,0.0,20.6,5.6,20.4
20250429184700,34.07600021362305,44.0,0.0,20.6,6.4,24.0
20250429184800,34.07600021362305,44.0,0.0,21.0,5.8,35.4
20250429184900,34.07600021362305,44.0,0.0,20.0,5.7,19.0
20250429185000,34.07600021362305,44.0,0.0,19.4,6.0,29.0
20250429185100,34.07600021362305,44.0,0.0,20.4,5.8,16.3
20250429185200,34.07600021362305,44.0,0.0,20.9,6.4,35.4
20250429185300,34.07600021362305,44.0,0.0,19.5,5.6,18.1
20250429185400,34.07600021362305,44.0,0.0,19.5,5.9,27.0
20250429185500,34.07600021362305,44.0,0.0,20.1,5.6,27.2
20250429185600,34.07600021362305,44.0,0.0,20.9,5.9,36.5
20250429185700,34.07600021362305,44.0,0.0,20.1,5.8,23.6
20250429185800,34.07600021362305,44.0,0.0,20.3,5.8,28.0
20250429185900,34.07600021362305,44.0,0.0,20.5,6.2,18.9
20250429190000,30.525999069213867,65.0,0.0,20.1,5.7,16.5
20250429190100,30.525999069213867,65.0,0.0,19.7,6.4,23.7
20250429190200,30.525999069213867,65.0,0.0,19.5,5.6,18.9
20250429190300,30.525999069213867,65.0,0.0,20.7,5.6,19.3
20250429190400,30.525999069213867,65.0,0.0,20.1,5.9,21.5
20250429190500,30.525999069213867,65.0,0.0,19.3,6.0,31.0
20250429190600,30.525999069213867,65.0,0.0,19.3,5.8,17.0
20250429190700,30.525999069213867,65.0,0.0,19.9,5.9,29.6
20250429190800,30.525999069213867,65.0,0.0,19.9,5.9,37.8
20250429190900,30.525999069213867,65.0,0.0,19.6,6.1,23.3
20250429191000,30.525999069213867,65.0,0.0,20.4,6.2,24.4
20250429191100,30.525999069213867,65.0,0.0,20.8,6.5,20.0
20250429191200,30.525999069213867,65.0,0.0,20.2,6.2,27.8
20250429191300,30.525999069213867,65.0,0.0,19.1,6.0,30.8
20250429191400,30.525999069213867,65.0,0.0,20.2,5.9,20.4
20250429191500,30.525999069213867,65.0,0.0,19.9,5.9,25.6
20250429191600,30.525999069213867,65.0,0.0,19.7,6.3,19.5
20250429191700,30.525999069213867,65.0,0.0,20.1,5.9,24.8
20250429191800,30.525999069213867,65.0,0.0,19.3,6.3,15.9
20250429191900,30.525999069213867,65.0,0.0,20.8,5.8,26.0
20250429192000,30.525999069213867,65.0,0.0,20.3,6.0,21.7
20250429192100,30.525999069213867,65.0,0.0,20.3,5.7,37.5
20250429192200,30.525999069213867,65.0,0.0,19.7,5.6,35.8
20250429192300,30.525999069213867,65.0,0.0,19.7,5.7,21.4
20250429192400,30.525999069213867,65.0,0.0,19.9,6.0,22.6
20250429192500,30.525999069213867,65.0,0.0,20.7,6.5,32.6
20250429192600,30.525999069213867,65.0,0.0,20.4,5.8,30.9
20250429192700,30.525999069213867,65.0,0.0,19.3,5.5,18.3
20250429192800,30.525999069213867,65.0,0.0,20.3,5.8,29.8
20250429192900,30.525999069213867,65.0,0.0,20.7,6.1,19.6
20250429193000,30.525999069213867,65.0,0.0,19.4,6.2,39.0
20250429193100,30.525999069213867,65.0,0.0,19.1,5.9,35.0
20250429193200,30.525999069213867,65.0,0.0,20.4,5.5,24.1
20250429193300,30.525999069213867,65.0,0.0,19.1,5.7,26.3
20250429193400,30.525999069213867,65.0,0.0,20.0,5.7,34.7
20250429193500,30.525999069213867,65.0,0.0,20.3,6.3,20.7
20250429193600,30.525999069213867,65.0,0.0,19.6,6.0,34.9
20250429193700,30.525999069213867,65.0,0.0,19.2,6.4,32.7
20250429193800,30.525999069213867,65.0,0.0,20.2,5.5,17.9
20250429193900,30.525999069213867,65.0,0.0,19.2,6.1,34.3
20250429194000,30.525999069213867,65.0,0.0,20.0,6.0,24.2
20250429194100,30.525999069213867,65.0,0.0,19.9,6.3,18.4
20250429194200,30.525999069213867,65.0,0.0,19.6,5.9,28.0
20250429194300,30.525999069213867,65.0,0.0,20.4,5.7,24.6
20250429194400,30.525999069213867,65.0,0.0,20.8,5.5,16.6
20250429194500,30.525999069213867,65.0,0.0,20.0,6.0,17.9
20250429194600,30.525999069213867,65.0,0.0,20.8,6.2,25.3
20250429194700,30.525999069213867,65.0,0.0,20.9,6.4,39.3
20250429194800,30.525999069213867,65.0,0.0,19.7,6.0,22.5
20250429194900,30.525999069213867,65.0,0.0,20.5,5.9,30.6
20250429195000,30.525999069213867,65.0,0.0,20.0,6.3,22.6
20250429195100,30.525999069213867,65.0,0.0,19.4,6.4,28.0
20250429195200,30.525999069213867,65.0,0.0,20.2,6.4,19.0
20250429195300,30.525999069213867,65.0,0.0,20.6,5.7,34.8
20250429195400,30.525999069213867,65.0,0.0,20.9,5.9,29.7
20250429195500,30.525999069213867,65.0,0.0,19.3,6.4,28.1
20250429195600,30.525999069213867,65.0,0.0,19.7,5.8,31.2
20250429195700,30.525999069213867,65.0,0.0,19.2,6.3,36.4
20250429195800,30.525999069213867,65.0,0.0,21.0,6.2,22.7
20250429195900,30.525999069213867,65.0,0.0,19.2,6.4,18.8
20250429200000,29.97599983215332,67.0,0.0,19.2,5.8,30.0
20250429200100,29.97599983215332,67.0,0.0,20.0,6.1,28.6
20250429200200,29.97599983215332,67.0,0.0,19.4,6.4,18.4
20250429200300,29.97599983215332,67.0,0.0,19.6,6.0,21.8
20250429200400,29.97599983215332,67.0,0.0,20.9,5.9,39.5
20250429200500,29.97599983215332,67.0,0.0,20.9,6.4,33.8
20250429200600,29.97599983215332,67.0,0.0,20.4,6.1,15.4
20250429200700,29.97599983215332,67.0,0.0,19.8,6.5,17.7
20250429200800,29.97599983215332,67.0,0.0,19.3,6.0,20.0
20250429200900,29.97599983215332,67.0,0.0,20.2,5.8,35.8
20250429201000,29.97599983215332,67.0,0.0,20.2,6.0,35.1
20250429201100,29.97599983215332,67.0,0.0,19.6,6.2,32.9
20250429201200,29.97599983215332,67.0,0.0,20.2,6.1,27.9
20250429201300,29.97599983215332,67.0,0.0,20.5,6.0,39.9
20250429201400,29.97599983215332,67.0,0.0,19.4,6.2,33.6
20250429201500,29.97599983215332,67.0,0.0,20.7,6.0,19.7
20250429201600,29.97599983215332,67.0,0.0,20.8,5.7,34.1
20250429201700,29.97599983215332,67.0,0.0,19.4,5.6,37.6
20250429201800,29.97599983215332,67.0,0.0,19.8,5.8,37.4
20250429201900,29.97599983215332,67.0,0.0,20.2,6.2,33.6
20250429202000,29.97599983215332,67.0,0.0,21.0,5.5,24.6
20250429202100,29.97599983215332,67.0,0.0,19.2,5.5,16.1
20250429202200,29.97599983215332,67.0,0.0,20.4,6.2,29.4
20250429202300,29.97599983215332,67.0,0.0,20.7,5.6,22.3
20250429202400,29.97599983215332,67.0,0.0,19.6,5.6,33.3
20250429202500,29.97599983215332,67.0,0.0,19.5,6.2,17.8
20250429202600,29.97599983215332,67.0,0.0,19.2,6.3,29.8
20250429202700,29.97599983215332,67.0,0.0,20.4,5.8,16.3
20250429202800,29.97599983215332,67.0,0.0,20.7,6.0,35.9
20250429202900,29.97599983215332,67.0,0.0,19.2,6.2,25.3
20250429203000,29.97599983215332,67.0,0.0,20.2,6.4,34.9
20250429203100,29.97599983215332,67.0,0.0,20.7,6.4,36.6
20250429203200,29.97599983215332,67.0,0.0,20.6,6.5,24.3
20250429203300,29.97599983215332,67.0,0.0,20.2,6.4,22.4
20250429203400,29.97599983215332,67.0,0.0,20.5,6.3,25.0
20250429203500,29.97599983215332,67.0,0.0,20.1,6.4,34.3
20250429203600,29.97599983215332,67.0,0.0,20.4,6.3,20.0
20250429203700,29.97599983215332,67.0,0.0,19.0,6.4,25.5
20250429203800,29.97599983215332,67.0,0.0,19.1,5.6,35.0
20250429203900,29.97599983215332,67.0,0.0,19.8,5.6,23.1
20250429204000,29.97599983215332,67.0,0.0,20.6,5.5,15.7
20250429204100,29.97599983215332,67.0,0.0,20.9,6.4,22.1
20250429204200,29.97599983215332,67.0,0.0,20.7,5.8,20.5
20250429204300,29.97599983215332,67.0,0.0,20.5,6.4,37.0
20250429204400,29.97599983215332,67.0,0.0,20.6,5.9,32.4
20250429204500,29.97599983215332,67.0,0.0,20.5,6.5,34.8
20250429204600,29.97599983215332,67.0,0.0,19.3,5.7,23.4
20250429204700,29.97599983215332,67.0,0.0,20.9,5.6,21.8
20250429204800,29.97599983215332,67.0,0.0,20.1,6.5,31.0
20250429204900,29.97599983215332,67.0,0.0,20.7,6.0,22.1
20250429205000,29.97599983215332,67.0,0.0,20.9,6.4,37.2
20250429205100,29.97599983215332,67.0,0.0,19.8,6.1,15.9
20250429205200,29.97599983215332,67.0,0.0,20.0,6.4,26.5
20250429205300,29.97599983215332,67.0,0.0,19.1,5.6,28.2
20250429205400,29.97599983215332,67.0,0.0,20.1,6.0,28.0
20250429205500,29.97599983215332,67.0,0.0,20.7,6.3,39.1
20250429205600,29.97599983215332,67.0,0.0,19.3,6.5,31.5
20250429205700,29.97599983215332,67.0,0.0,19.6,6.2,31.1
20250429205800,29.97599983215332,67.0,0.0,20.3,6.3,29.5
20250429205900,29.97599983215332,67.0,0.0,20.6,5.8,29.0
20250429210000,29.42599868774414,71.0,0.0,21.0,5.6,35.5
20250429210100,29.42599868774414,71.0,0.0,20.3,6.2,38.6
20250429210200,29.42599868774414,71.0,0.0,20.3,6.0,35.4
20250429210300,29.42599868774414,71.0,0.0,20.1,5.9,32.8
20250429210400,29.42599868774414,71.0,0.0,20.2,6.1,20.9
20250429210500,29.42599868774414,71.0,0.0,19.3,6.2,17.2
20250429210600,29.42599868774414,71.0,0.0,19.4,6.5,27.8
20250429210700,29.42599868774414,71.0,0.0,19.3,6.0,30.7
20250429210800,29.42599868774414,71.0,0.0,20.1,5.9,16.3
20250429210900,29.42599868774414,71.0,0.0,20.7,6.4,32.8
20250429211000,29.42599868774414,71.0,0.0,19.5,5.6,24.5
20250429211100,29.42599868774414,71.0,0.0,19.2,5.6,23.8
20250429211200,29.42599868774414,71.0,0.0,19.5,6.1,21.3
20250429211300,29.42599868774414,71.0,0.0,20.0,5.5,28.3
20250429211400,29.42599868774414,71.0,0.0,19.4,5.9,25.4
20250429211500,29.42599868774414,71.0,0.0,19.0,6.2,23.9
20250429211600,29.42599868774414,71.0,0.0,20.4,6.1,39.8
20250429211700,29.42599868774414,71.0,0.0,19.5,5.9,34.7
20250429211800,29.42599868774414,71.0,0.0,19.9,6.5,27.1
20250429211900,29.42599868774414,71.0,0.0,19.1,6.0,26.5
20250429212000,29.42599868774414,71.0,0.0,20.4,6.4,31.9
20250429212100,29.42599868774414,71.0,0.0,19.4,6.3,21.3
20250429212200,29.42599868774414,71.0,0.0,20.9,5.8,19.3
20250429212300,29.42599868774414,71.0,0.0,20.0,6.0,15.1
20250429212400,29.42599868774414,71.0,0.0,21.0,6.5,34.5
20250429212500,29.42599868774414,71.0,0.0,19.4,6.0,16.8
20250429212600,29.42599868774414,71.0,0.0,19.7,6.2,15.6
20250429212700,29.42599868774414,71.0,0.0,21.0,6.3,31.2
20250429212800,29.42599868774414,71.0,0.0,19.2,5.9,26.1
20250429212900,29.42599868774414,71.0,0.0,19.6,6.0,31.9
20250429213000,29.42599868774414,71.0,0.0,20.4,5.8,34.0
20250429213100,29.42599868774414,71.0,0.0,19.0,5.7,16.0
20250429213200,29.42599868774414,71.0,0.0,19.2,6.1,32.2
20250429213300,29.42599868774414,71.0,0.0,20.1,5.6,30.5
20250429213400,29.42599868774414,71.0,0.0,19.2,6.1,34.6
20250429213500,29.42599868774414,71.0,0.0,19.1,5.5,28.9
20250429213600,29.42599868774414,71.0,0.0,20.5,6.2,24.1
20250429213700,29.42599868774414,71.0,0.0,19.1,5.6,16.8
20250429213800,29.42599868774414,71.0,0.0,19.8,5.8,23.7
20250429213900,29.42599868774414,71.0,0.0,19.0,5.5,17.9
20250429214000,29.42599868774414,71.0,0.0,20.2,5.5,18.0
20250429214100,29.42599868774414,71.0,0.0,19.4,5.6,36.0
20250429214200,29.42599868774414,71.0,0.0,20.9,6.5,21.2
20250429214300,29.42599868774414,71.0,0.0,19.9,6.2,28.3
20250429214400,29.42599868774414,71.0,0.0,20.6,6.1,37.0
20250429214500,29.42599868774414,71.0,0.0,19.5,5.9,21.0
20250429214600,29.42599868774414,71.0,0.0,20.2,6.2,35.8
20250429214700,29.42599868774414,71.0,0.0,20.7,5.9,23.9
20250429214800,29.42599868774414,71.0,0.0,19.5,6.3,26.6
20250429214900,29.42599868774414,71.0,0.0,20.1,6.3,18.7
20250429215000,29.42599868774414,71.0,0.0,20.7,6.5,37.8
20250429215100,29.42599868774414,71.0,0.0,20.9,6.5,17.5
20250429215200,29.42599868774414,71.0,0.0,19.5,6.4,19.3
20250429215300,29.42599868774414,71.0,0.0,19.2,6.0,23.5
20250429215400,29.42599868774414,71.0,0.0,19.9,5.9,15.9
20250429215500,29.42599868774414,71.0,0.0,19.6,6.4,20.8
20250429215600,29.42599868774414,71.0,0.0,19.5,6.0,37.3
20250429215700,29.42599868774414,71.0,0.0,20.3,5.8,30.2
20250429215800,29.42599868774414,71.0,0.0,21.0,5.6,24.5
20250429215900,29.42599868774414,71.0,0.0,19.4,5.8,18.5
20250429220000,28.92599868774414,73.0,0.0,19.7,5.7,36.1
20250429220100,28.92599868774414,73.0,0.0,20.9,6.5,39.1
20250429220200,28.92599868774414,73.0,0.0,20.4,5.5,34.2
20250429220300,28.92599868774414,73.0,0.0,19.4,5.7,32.0
20250429220400,28.92599868774414,73.0,0.0,19.0,6.1,28.2
20250429220500,28.92599868774414,73.0,0.0,20.9,6.3,32.1
20250429220600,28.92599868774414,73.0,0.0,19.8,6.2,22.5
20250429220700,28.92599868774414,73.0,0.0,19.1,5.8,19.1
20250429220800,28.92599868774414,73.0,0.0,20.5,5.8,20.2
20250429220900,28.92599868774414,73.0,0.0,20.6,6.5,27.5
20250429221000,28.92599868774414,73.0,0.0,19.0,6.2,33.7
20250429221100,28.92599868774414,73.0,0.0,20.3,6.2,32.0
20250429221200,28.92599868774414,73.0,0.0,20.9,6.5,16.3
20250429221300,28.92599868774414,73.0,0.0,19.6,6.3,27.1
20250429221400,28.92599868774414,73.0,0.0,19.3,6.1,39.1
20250429221500,28.92599868774414,73.0,0.0,20.3,6.2,16.2
20250429221600,28.92599868774414,73.0,0.0,19.1,5.8,20.8
20250429221700,28.92599868774414,73.0,0.0,20.1,5.7,22.3
20250429221800,28.92599868774414,73.0,0.0,19.6,5.6,15.8
20250429221900,28.92599868774414,73.0,0.0,19.7,6.1,36.8
20250429222000,28.92599868774414,73.0,0.0,20.9,6.1,26.2
20250429222100,28.92599868774414,73.0,0.0,20.7,6.4,18.0
20250429222200,28.92599868774414,73.0,0.0,19.3,5.9,23.5
20250429222300,28.92599868774414,73.0,0.0,19.3,5.7,34.3
20250429222400,28.92599868774414,73.0,0.0,20.0,5.9,27.0
20250429222500,28.92599868774414,73.0,0.0,19.4,6.1,20.6
20250429222600,28.92599868774414,73.0,0.0,19.2,5.5,18.4
20250429222700,28.92599868774414,73.0,0.0,19.4,5.8,38.1
20250429222800,28.92599868774414,73.0,0.0,20.0,5.9,39.8
20250429222900,28.92599868774414,73.0,0.0,19.8,5.6,20.7
20250429223000,28.92599868774414,73.0,0.0,20.5,5.7,23.9
20250429223100,28.92599868774414,73.0,0.0,19.3,6.3,19.8
20250429223200,28.92599868774414,73.0,0.0,20.1,6.1,31.8
20250429223300,28.92599868774414,73.0,0.0,19.1,6.1,15.6
20250429223400,28.92599868774414,73.0,0.0,20.4,5.8,15.8
20250429223500,28.92599868774414,73.0,0.0,19.5,6.1,27.6
20250429223600,28.92599868774414,73.0,0.0,20.0,5.6,28.7
20250429223700,28.92599868774414,73.0,0.0,20.4,6.0,32.4
20250429223800,28.92599868774414,73.0,0.0,20.8,5.7,22.1
20250429223900,28.92599868774414,73.0,0.0,20.4,6.0,19.5
20250429224000,28.92599868774414,73.0,0.0,19.3,5.6,36.8
20250429224100,28.92599868774414,73.0,0.0,19.9,6.2,22.7
20250429224200,28.92599868774414,73.0,0.0,19.5,6.1,39.4
20250429224300,28.92599868774414,73.0,0.0,20.3,6.4,17.7
20250429224400,28.92599868774414,73.0,0.0,19.6,6.3,22.7
20250429224500,28.92599868774414,73.0,0.0,20.7,6.0,28.2
20250429224600,28.92599868774414,73.0,0.0,20.0,6.2,25.0
20250429224700,28.92599868774414,73.0,0.0,19.2,5.7,32.7
20250429224800,28.92599868774414,73.0,0.0,21.0,6.5,15.5
20250429224900,28.92599868774414,73.0,0.0,20.4,6.2,19.9
20250429225000,28.92599868774414,73.0,0.0,20.2,6.5,36.2
20250429225100,28.92599868774414,73.0,0.0,19.3,5.5,19.8
20250429225200,28.92599868774414,73.0,0.0,19.6,5.6,25.7
20250429225300,28.92599868774414,73.0,0.0,19.5,6.4,31.4
20250429225400,28.92599868774414,73.0,0.0,20.2,6.3,20.2
20250429225500,28.92599868774414,73.0,0.0,19.5,5.9,29.1
20250429225600,28.92599868774414,73.0,0.0,19.8,6.0,19.8
20250429225700,28.92599868774414,73.0,0.0,19.3,6.4,27.2
20250429225800,28.92599868774414,73.0,0.0,20.1,6.0,35.0
20250429225900,28.92599868774414,73.0,0.0,19.4,6.2,17.3
20250429230000,28.325998306274414,77.0,0.0,21.0,6.3,32.3
20250429230100,28.325998306274414,77.0,0.0,20.7,6.1,32.6
20250429230200,28.325998306274414,77.0,0.0,19.7,5.9,19.4
20250429230300,28.325998306274414,77.0,0.0,19.9,6.3,33.7
20250429230400,28.325998306274414,77.0,0.0,20.5,5.7,22.0
20250429230500,28.325998306274414,77.0,0.0,20.5,6.4,21.7
20250429230600,28.325998306274414,77.0,0.0,19.1,5.7,24.8
20250429230700,28.325998306274414,77.0,0.0,19.5,6.1,36.5
20250429230800,28.325998306274414,77.0,0.0,19.6,5.5,28.6
20250429230900,28.325998306274414,77.0,0.0,19.3,5.5,30.4
20250429231000,28.325998306274414,77.0,0.0,20.0,6.1,26.1
20250429231100,28.325998306274414,77.0,0.0,20.6,6.3,19.4
20250429231200,28.325998306274414,77.0,0.0,19.2,6.4,34.1
20250429231300,28.325998306274414,77.0,0.0,20.2,6.0,18.4
20250429231400,28.325998306274414,77.0,0.0,20.8,6.0,35.3
20250429231500,28.325998306274414,77.0,0.0,19.1,5.6,28.8
20250429231600,28.325998306274414,77.0,0.0,19.8,5.5,34.6
20250429231700,28.325998306274414,77.0,0.0,19.8,5.6,20.8
20250429231800,28.325998306274414,77.0,0.0,19.5,5.8,29.9
20250429231900,28.325998306274414,77.0,0.0,20.0,5.7,28.0
20250429232000,28.325998306274414,77.0,0.0,20.6,5.7,29.1
20250429232100,28.325998306274414,77.0,0.0,19.6,6.2,25.4
20250429232200,28.325998306274414,77.0,0.0,19.0,6.1,18.5
20250429232300,28.325998306274414,77.0,0.0,19.5,6.0,39.5
20250429232400,28.325998306274414,77.0,0.0,20.6,5.8,18.3
20250429232500,28.325998306274414,77.0,0.0,20.7,6.3,25.3
20250429232600,28.325998306274414,77.0,0.0,19.7,6.1,28.0
20250429232700,28.325998306274414,77.0,0.0,19.8,6.3,20.7
20250429232800,28.325998306274414,77.0,0.0,20.0,6.0,30.5
20250429232900,28.325998306274414,77.0,0.0,19.9,6.0,19.9
20250429233000,28.325998306274414,77.0,0.0,19.0,6.1,27.1
20250429233100,28.325998306274414,77.0,0.0,20.7,6.0,18.0
20250429233200,28.325998306274414,77.0,0.0,19.0,6.0,21.2
20250429233300,28.325998306274414,77.0,0.0,20.5,6.3,20.7
20250429233400,28.325998306274414,77.0,0.0,20.3,6.3,34.2
20250429233500,28.325998306274414,77.0,0.0,21.0,5.7,31.7
20250429233600,28.325998306274414,77.0,0.0,19.4,5.9,24.1
20250429233700,28.325998306274414,77.0,0.0,20.6,6.1,25.9
20250429233800,28.325998306274414,77.0,0.0,20.5,6.5,22.7
20250429233900,28.325998306274414,77.0,0.0,20.5,5.7,21.2
20250429234000,28.325998306274414,77.0,0.0,19.7,5.9,22.2
20250429234100,28.325998306274414,77.0,0.0,20.7,6.4,22.1
20250429234200,28.325998306274414,77.0,0.0,19.3,6.0,33.2
20250429234300,28.325998306274414,77.0,0.0,20.6,5.9,38.7
20250429234400,28.325998306274414,77.0,0.0,19.9,6.5,38.2
20250429234500,28.325998306274414,77.0,0.0,20.9,6.3,38.4
20250429234600,28.325998306274414,77.0,0.0,20.5,6.4,30.6
20250429234700,28.325998306274414,77.0,0.0,19.7,6.1,40.0
20250429234800,28.325998306274414,77.0,0.0,20.3,5.8,16.4
20250429234900,28.325998306274414,77.0,0.0,20.1,6.2,25.0
20250429235000,28.325998306274414,77.0,0.0,19.4,6.1,16.6
20250429235100,28.325998306274414,77.0,0.0,19.3,5.8,17.0
20250429235200,28.325998306274414,77.0,0.0,19.8,5.8,16.4
20250429235300,28.325998306274414,77.0,0.0,20.4,5.8,39.9
20250429235400,28.325998306274414,77.0,0.0,19.9,6.1,28.3
20250429235500,28.325998306274414,77.0,0.0,20.9,5.5,39.0
20250429235600,28.325998306274414,77.0,0.0,19.7,6.5,39.0
20250429235700,28.325998306274414,77.0,0.0,20.6,5.5,16.3
20250429235800,28.325998306274414,77.0,0.0,19.7,6.4,15.3
20250429235900,28.325998306274414,77.0,0.0,20.3,5.6,27.6
20250430000000,27.875999450683594,80.0,0.0,21.0,6.0,35.0
20250430000100,27.875999450683594,80.0,0.0,19.9,6.4,23.1
20250430000200,27.875999450683594,80.0,0.0,19.1,6.4,38.2
20250430000300,27.875999450683594,80.0,0.0,19.4,6.1,24.5
20250430000400,27.875999450683594,80.0,0.0,20.1,6.1,22.7
20250430000500,27.875999450683594,80.0,0.0,20.2,5.9,17.9
20250430000600,27.875999450683594,80.0,0.0,20.7,5.8,37.3
20250430000700,27.875999450683594,80.0,0.0,20.5,6.4,15.3
20250430000800,27.875999450683594,80.0,0.0,19.7,5.6,24.4
20250430000900,27.875999450683594,80.0,0.0,19.6,6.0,29.7
20250430001000,27.875999450683594,80.0,0.0,20.2,5.6,15.7
20250430001100,27.875999450683594,80.0,0.0,20.0,6.4,18.9
20250430001200,27.875999450683594,80.0,0.0,19.2,6.1,16.2
20250430001300,27.875999450683594,80.0,0.0,19.6,5.9,35.6
20250430001400,27.875999450683594,80.0,0.0,19.1,6.3,28.9
20250430001500,27.875999450683594,80.0,0.0,20.1,6.3,33.7
20250430001600,27.875999450683594,80.0,0.0,19.8,6.5,27.1
20250430001700,27.875999450683594,80.0,0.0,20.5,6.2,23.1
20250430001800,27.875999450683594,80.0,0.0,19.9,5.9,16.8
20250430001900,27.875999450683594,80.0,0.0,20.7,6.3,36.6
20250430002000,27.875999450683594,80.0,0.0,20.7,6.1,30.2
20250430002100,27.875999450683594,80.0,0.0,19.2,6.5,21.9
20250430002200,27.875999450683594,80.0,0.0,20.7,5.8,32.9
20250430002300,27.875999450683594,80.0,0.0,19.4,6.2,38.1
20250430002400,27.875999450683594,80.0,0.0,19.5,5.9,30.0
20250430002500,27.875999450683594,80.0,0.0,21.0,6.3,21.4
20250430002600,27.875999450683594,80.0,0.0,20.5,6.4,15.5
20250430002700,27.875999450683594,80.0,0.0,19.1,6.4,37.0
20250430002800,27.875999450683594,80.0,0.0,19.4,5.9,38.8
20250430002900,27.875999450683594,80.0,0.0,19.0,6.0,32.8
20250430003000,27.875999450683594,80.0,0.0,19.2,5.7,18.8
20250430003100,27.875999450683594,80.0,0.0,20.0,6.1,35.7
20250430003200,27.875999450683594,80.0,0.0,21.0,5.7,24.4
20250430003300,27.875999450683594,80.0,0.0,20.1,6.4,30.3
20250430003400,27.875999450683594,80.0,0.0,19.1,6.3,16.6
20250430003500,27.875999450683594,80.0,0.0,19.7,5.9,31.1
20250430003600,27.875999450683594,80.0,0.0,20.3,5.5,15.9
20250430003700,27.875999450683594,80.0,0.0,19.6,6.3,33.0
20250430003800,27.875999450683594,80.0,0.0,19.5,5.9,27.2
20250430003900,27.875999450683594,80.0,0.0,20.3,5.5,18.3
20250430004000,27.875999450683594,80.0,0.0,19.1,6.0,38.1
20250430004100,27.875999450683594,80.0,0.0,20.7,5.8,22.8
20250430004200,27.875999450683594,80.0,0.0,19.3,6.4,18.3
20250430004300,27.875999450683594,80.0,0.0,19.2,6.2,37.3
20250430004400,27.875999450683594,80.0,0.0,19.1,6.3,32.3
20250430004500,27.875999450683594,80.0,0.0,20.0,6.4,27.3
20250430004600,27.875999450683594,80.0,0.0,20.5,5.5,16.9
20250430004700,27.875999450683594,80.0,0.0,20.1,5.7,29.4
20250430004800,27.875999450683594,80.0,0.0,19.4,5.6,36.5
20250430004900,27.875999450683594,80.0,0.0,19.6,6.1,25.7
20250430005000,27.875999450683594,80.0,0.0,19.4,6.4,30.1
20250430005100,27.875999450683594,80.0,0.0,19.1,5.6,30.9
20250430005200,27.875999450683594,80.0,0.0,20.4,6.4,29.1
20250430005300,27.875999450683594,80.0,0.0,20.6,6.2,17.0
20250430005400,27.875999450683594,80.0,0.0,20.2,5.8,23.2
20250430005500,27.875999450683594,80.0,0.0,19.2,5.6,29.4
20250430005600,27.875999450683594,80.0,0.0,19.5,5.7,15.9
20250430005700,27.875999450683594,80.0,0.0,19.1,5.8,38.5
20250430005800,27.875999450683594,80.0,0.0,19.2,5.6,24.5
20250430005900,27.875999450683594,80.0,0.0,20.5,6.1,17.1
20250430010000,27.525999069213867,82.0,0.0,20.2,6.3,28.4
20250430010100,27.525999069213867,82.0,0.0,19.8,6.0,28.4
20250430010200,27.525999069213867,82.0,0.0,19.2,6.4,20.1
20250430010300,27.525999069213867,82.0,0.0,19.1,5.9,38.5
20250430010400,27.525999069213867,82.0,0.0,19.8,6.5,35.9
20250430010500,27.525999069213867,82.0,0.0,20.6,6.4,17.6
20250430010600,27.525999069213867,82.0,0.0,19.9,5.7,39.6
20250430010700,27.525999069213867,82.0,0.0,20.9,5.8,39.9
20250430010800,27.525999069213867,82.0,0.0,19.1,6.1,36.1
20250430010900,27.525999069213867,82.0,0.0,19.3,6.2,31.9
20250430011000,27.525999069213867,82.0,0.0,20.4,6.0,33.1
20250430011100,27.525999069213867,82.0,0.0,20.8,6.1,35.2
20250430011200,27.525999069213867,82.0,0.0,20.8,6.2,30.3
20250430011300,27.525999069213867,82.0,0.0,19.1,6.4,35.0
20250430011400,27.525999069213867,82.0,0.0,19.5,6.2,21.3
20250430011500,27.525999069213867,82.0,0.0,19.9,5.8,17.0
20250430011600,27.525999069213867,82.0,0.0,19.5,6.1,30.4
20250430011700,27.525999069213867,82.0,0.0,19.3,5.8,33.3
20250430011800,27.525999069213867,82.0,0.0,20.7,6.4,38.7
20250430011900,27.525999069213867,82.0,0.0,20.0,5.9,29.7
20250430012000,27.525999069213867,82.0,0.0,19.4,6.0,32.7
20250430012100,27.525999069213867,82.0,0.0,19.5,6.3,23.3
20250430012200,27.525999069213867,82.0,0.0,19.1,6.1,39.0
20250430012300,27.525999069213867,82.0,0.0,21.0,5.6,25.6
20250430012400,27.525999069213867,82.0,0.0,19.6,6.0,37.9
20250430012500,27.525999069213867,82.0,0.0,20.4,5.7,34.3
20250430012600,27.525999069213867,82.0,0.0,20.0,5.6,27.9
20250430012700,27.525999069213867,82.0,0.0,19.5,6.0,20.0
20250430012800,27.525999069213867,82.0,0.0,19.9,5.9,28.3
20250430012900,27.525999069213867,82.0,0.0,19.9,5.9,22.2
20250430013000,27.525999069213867,82.0,0.0,20.2,6.0,36.3
20250430013100,27.525999069213867,82.0,0.0,20.6,6.3,15.5
20250430013200,27.525999069213867,82.0,0.0,20.4,5.7,22.4
20250430013300,27.525999069213867,82.0,0.0,20.5,5.8,33.9
20250430013400,27.525999069213867,82.0,0.0,19.7,5.8,26.1
20250430013500,27.525999069213867,82.0,0.0,20.4,5.7,39.3
20250430013600,27.525999069213867,82.0,0.0,19.7,5.6,30.0
20250430013700,27.525999069213867,82.0,0.0,20.2,5.5,25.8
20250430013800,27.525999069213867,82.0,0.0,20.1,5.6,21.3
20250430013900,27.525999069213867,82.0,0.0,20.2,5.7,30.5
20250430014000,27.525999069213867,82.0,0.0,19.8,6.4,26.9
20250430014100,27.525999069213867,82.0,0.0,19.9,6.4,15.9
20250430014200,27.525999069213867,82.0,0.0,19.7,5.5,27.0
20250430014300,27.525999069213867,82.0,0.0,21.0,5.6,16.5
20250430014400,27.525999069213867,82.0,0.0,19.4,5.8,20.0
20250430014500,27.525999069213867,82.0,0.0,20.6,6.2,16.0
20250430014600,27.525999069213867,82.0,0.0,20.2,5.5,34.7
20250430014700,27.525999069213867,82.0,0.0,19.3,6.3,35.7
20250430014800,27.525999069213867,82.0,0.0,20.3,6.2,23.0
20250430014900,27.525999069213867,82.0,0.0,20.7,6.5,20.4
20250430015000,27.525999069213867,82.0,0.0,20.0,6.4,29.7
20250430015100,27.525999069213867,82.0,0.0,19.4,6.0,38.4
20250430015200,27.525999069213867,82.0,0.0,20.0,6.4,27.3
20250430015300,27.525999069213867,82.0,0.0,20.6,5.6,36.9
20250430015400,27.525999069213867,82.0,0.0,19.0,5.7,39.2
20250430015500,27.525999069213867,82.0,0.0,19.7,5.9,39.5
20250430015600,27.525999069213867,82.0,0.0,20.1,6.5,38.9
20250430015700,27.525999069213867,82.0,0.0,19.4,5.9,39.6
20250430015800,27.525999069213867,82.0,0.0,19.9,6.3,32.6
20250430015900,27.525999069213867,82.0,0.0,19.5,6.2,39.8
20250430020000,27.375999450683594,83.0,0.0,20.3,5.9,35.9
20250430020100,27.375999450683594,83.0,0.0,20.4,5.7,37.4
20250430020200,27.375999450683594,83.0,0.0,20.1,6.1,33.1
20250430020300,27.375999450683594,83.0,0.0,19.3,6.2,29.0
20250430020400,27.375999450683594,83.0,0.0,19.9,5.6,30.8
20250430020500,27.375999450683594,83.0,0.0,20.3,5.5,31.5
20250430020600,27.375999450683594,83.0,0.0,19.4,6.5,16.2
20250430020700,27.375999450683594,83.0,0.0,19.6,6.1,18.3
20250430020800,27.375999450683594,83.0,0.0,20.9,6.3,26.3
20250430020900,27.375999450683594,83.0,0.0,19.1,6.4,28.8
20250430021000,27.375999450683594,83.0,0.0,20.4,6.2,38.4
20250430021100,27.375999450683594,83.0,0.0,19.7,6.3,28.2
20250430021200,27.375999450683594,83.0,0.0,19.4,5.5,16.9
20250430021300,27.375999450683594,83.0,0.0,19.9,5.6,38.1
20250430021400,27.375999450683594,83.0,0.0,20.0,6.3,36.2
20250430021500,27.375999450683594,83.0,0.0,19.4,6.1,16.4
20250430021600,27.375999450683594,83.0,0.0,19.1,5.6,31.6
20250430021700,27.375999450683594,83.0,0.0,20.9,5.9,15.8
20250430021800,27.375999450683594,83.0,0.0,19.5,5.7,15.2
20250430021900,27.375999450683594,83.0,0.0,19.2,5.7,19.2
20250430022000,27.375999450683594,83.0,0.0,20.5,6.2,20.3
20250430022100,27.375999450683594,83.0,0.0,19.8,6.4,35.9
20250430022200,27.375999450683594,83.0,0.0,20.1,6.4,25.5
20250430022300,27.375999450683594,83.0,0.0,20.5,5.6,34.0
20250430022400,27.375999450683594,83.0,0.0,21.0,5.7,31.8
20250430022500,27.375999450683594,83.0,0.0,19.9,6.4,16.9
20250430022600,27.375999450683594,83.0,0.0,20.5,5.9,17.7
20250430022700,27.375999450683594,83.0,0.0,19.4,5.8,21.7
20250430022800,27.375999450683594,83.0,0.0,19.8,6.3,25.3
20250430022900,27.375999450683594,83.0,0.0,21.0,6.4,22.8
20250430023000,27.375999450683594,83.0,0.0,20.5,5.9,18.9
20250430023100,27.375999450683594,83.0,0.0,20.9,6.0,22.8
20250430023200,27.375999450683594,83.0,0.0,19.1,6.1,25.8
20250430023300,27.375999450683594,83.0,0.0,19.5,6.3,23.6
20250430023400,27.375999450683594,83.0,0.0,20.1,6.0,29.6
20250430023500,27.375999450683594,83.0,0.0,20.2,6.0,35.0
20250430023600,27.375999450683594,83.0,0.0,19.5,5.6,31.6
20250430023700,27.375999450683594,83.0,0.0,19.9,5.6,19.3
20250430023800,27.375999450683594,83.0,0.0,19.9,5.6,25.8
20250430023900,27.375999450683594,83.0,0.0,19.7,6.0,28.0
20250430024000,27.375999450683594,83.0,0.0,19.0,5.7,20.8
20250430024100,27.375999450683594,83.0,0.0,20.8,5.7,30.8
20250430024200,27.375999450683594,83.0,0.0,19.2,6.3,21.8
20250430024300,27.375999450683594,83.0,0.0,19.7,5.8,32.0
20250430024400,27.375999450683594,83.0,0.0,20.3,6.3,32.8
20250430024500,27.375999450683594,83.0,0.0,21.0,5.5,22.7
20250430024600,27.375999450683594,83.0,0.0,20.6,5.6,30.6
20250430024700,27.375999450683594,83.0,0.0,19.4,5.6,28.4
20250430024800,27.375999450683594,83.0,0.0,19.2,5.8,19.9
20250430024900,27.375999450683594,83.0,0.0,20.1,6.0,39.0
20250430025000,27.375999450683594,83.0,0.0,19.7,6.2,38.0
20250430025100,27.375999450683594,83.0,0.0,19.2,6.2,18.5
20250430025200,27.375999450683594,83.0,0.0,19.5,5.7,36.9
20250430025300,27.375999450683594,83.0,0.0,19.4,6.1,39.3
20250430025400,27.375999450683594,83.0,0.0,20.1,6.3,34.5
20250430025500,27.375999450683594,83.0,0.0,19.0,6.4,20.9
20250430025600,27.375999450683594,83.0,0.0,20.5,6.2,37.1
20250430025700,27.375999450683594,83.0,0.0,20.5,6.0,26.5
20250430025800,27.375999450683594,83.0,0.0,19.5,6.5,32.6
20250430025900,27.375999450683594,83.0,0.0,20.0,6.0,31.4
20250430030000,26.97599983215332,85.0,0.0,19.2,6.1,22.8
20250430030100,26.97599983215332,85.0,0.0,20.9,5.7,36.9
20250430030200,26.97599983215332,85.0,0.0,20.0,5.6,21.5
20250430030300,26.97599983215332,85.0,0.0,19.4,6.4,31.3
20250430030400,26.97599983215332,85.0,0.0,20.7,6.1,22.0
20250430030500,26.97599983215332,85.0,0.0,20.3,5.8,28.9
20250430030600,26.97599983215332,85.0,0.0,19.6,5.5,39.5
20250430030700,26.97599983215332,85.0,0.0,19.7,6.3,28.8
20250430030800,26.97599983215332,85.0,0.0,19.2,5.9,34.0
20250430030900,26.97599983215332,85.0,0.0,20.2,6.0,36.3
20250430031000,26.97599983215332,85.0,0.0,20.6,5.9,35.2
20250430031100,26.97599983215332,85.0,0.0,19.5,5.7,39.1
20250430031200,26.97599983215332,85.0,0.0,19.7,5.7,35.1
20250430031300,26.97599983215332,85.0,0.0,20.2,5.6,24.5
20250430031400,26.97599983215332,85.0,0.0,20.8,6.3,38.8
20250430031500,26.97599983215332,85.0,0.0,19.4,5.9,17.4
20250430031600,26.97599983215332,85.0,0.0,20.3,5.7,25.1
20250430031700,26.97599983215332,85.0,0.0,19.0,5.5,18.9
20250430031800,26.97599983215332,85.0,0.0,19.0,6.3,38.1
20250430031900,26.97599983215332,85.0,0.0,20.0,6.2,33.5
20250430032000,26.97599983215332,85.0,0.0,20.8,6.3,34.4
20250430032100,26.97599983215332,85.0,0.0,20.3,6.3,19.2
20250430032200,26.97599983215332,85.0,0.0,19.8,5.5,19.0
20250430032300,26.97599983215332,85.0,0.0,20.9,6.0,23.7
20250430032400,26.97599983215332,85.0,0.0,20.8,6.2,18.8
20250430032500,26.97599983215332,85.0,0.0,19.4,5.7,34.8
20250430032600,26.97599983215332,85.0,0.0,20.3,5.7,25.3
20250430032700,26.97599983215332,85.0,0.0,20.2,5.8,31.8
20250430032800,26.97599983215332,85.0,0.0,20.4,6.1,27.7
20250430032900,26.97599983215332,85.0,0.0,20.8,6.2,26.0
20250430033000,26.97599983215332,85.0,0.0,19.1,5.7,32.0
20250430033100,26.97599983215332,85.0,0.0,19.6,6.3,23.1
20250430033200,26.97599983215332,85.0,0.0,20.1,6.4,35.6
20250430033300,26.97599983215332,85.0,0.0,20.5,6.2,32.7
20250430033400,26.97599983215332,85.0,0.0,20.4,5.7,34.5
20250430033500,26.97599983215332,85.0,0.0,19.4,5.6,32.7
20250430033600,26.97599983215332,85.0,0.0,20.4,6.2,32.1
20250430033700,26.97599983215332,85.0,0.0,20.5,6.2,21.7
20250430033800,26.97599983215332,85.0,0.0,19.1,5.8,38.1
20250430033900,26.97599983215332,85.0,0.0,19.7,6.5,35.6
20250430034000,26.97599983215332,85.0,0.0,20.4,6.1,36.3
20250430034100,26.97599983215332,85.0,0.0,20.1,5.6,30.3
20250430034200,26.97599983215332,85.0,0.0,19.7,5.7,22.1
20250430034300,26.97599983215332,85.0,0.0,19.4,6.4,25.2
20250430034400,26.97599983215332,85.0,0.0,20.2,5.7,25.9
20250430034500,26.97599983215332,85.0,0.0,20.1,5.6,31.9
20250430034600,26.97599983215332,85.0,0.0,19.2,6.4,28.0
20250430034700,26.97599983215332,85.0,0.0,20.3,5.6,25.7
20250430034800,26.97599983215332,85.0,0.0,19.7,6.0,29.8
20250430034900,26.97599983215332,85.0,0.0,19.8,5.6,39.7
20250430035000,26.97599983215332,85.0,0.0,20.1,6.3,37.0
20250430035100,26.97599983215332,85.0,0.0,20.1,5.8,34.2
20250430035200,26.97599983215332,85.0,0.0,19.8,6.3,22.9
20250430035300,26.97599983215332,85.0,0.0,20.2,5.6,23.9
20250430035400,26.97599983215332,85.0,0.0,20.4,5.6,38.2
20250430035500,26.97599983215332,85.0,0.0,19.7,5.9,38.6
20250430035600,26.97599983215332,85.0,0.0,20.4,5.8,39.3
20250430035700,26.97599983215332,85.0,0.0,20.9,6.0,26.6
20250430035800,26.97599983215332,85.0,0.0,19.4,6.5,19.0
20250430035900,26.97599983215332,85.0,0.0,19.8,6.3,15.0
20250430040000,26.72599983215332,86.0,0.0,20.8,6.0,20.6
20250430040100,26.72599983215332,86.0,0.0,20.7,5.7,39.3
20250430040200,26.72599983215332,86.0,0.0,19.3,5.5,27.9
20250430040300,26.72599983215332,86.0,0.0,21.0,6.1,35.6
20250430040400,26.72599983215332,86.0,0.0,20.3,5.5,34.6
20250430040500,26.72599983215332,86.0,0.0,19.7,5.7,33.2
20250430040600,26.72599983215332,86.0,0.0,20.8,5.6,24.4
20250430040700,26.72599983215332,86.0,0.0,19.3,6.1,16.9
20250430040800,26.72599983215332,86.0,0.0,20.7,6.0,20.7
20250430040900,26.72599983215332,86.0,0.0,20.5,6.1,35.4
20250430041000,26.72599983215332,86.0,0.0,20.6,5.8,26.2
20250430041100,26.72599983215332,86.0,0.0,20.3,6.2,28.7
20250430041200,26.72599983215332,86.0,0.0,19.3,5.7,22.7
20250430041300,26.72599983215332,86.0,0.0,19.1,6.0,25.0
20250430041400,26.72599983215332,86.0,0.0,20.4,6.0,21.8
20250430041500,26.72599983215332,86.0,0.0,19.5,5.9,25.5
20250430041600,26.72599983215332,86.0,0.0,20.7,6.2,35.2
20250430041700,26.72599983215332,86.0,0.0,20.8,5.6,19.8
20250430041800,26.72599983215332,86.0,0.0,20.0,6.2,23.5
20250430041900,26.72599983215332,86.0,0.0,20.8,5.8,30.5
20250430042000,26.72599983215332,86.0,0.0,19.5,6.5,15.3
20250430042100,26.72599983215332,86.0,0.0,20.3,6.5,18.3
20250430042200,26.72599983215332,86.0,0.0,19.9,6.4,23.5
20250430042300,26.72599983215332,86.0,0.0,20.9,6.1,19.8
20250430042400,26.72599983215332,86.0,0.0,20.5,6.0,24.4
20250430042500,26.72599983215332,86.0,0.0,20.5,5.6,19.0
20250430042600,26.72599983215332,86.0,0.0,19.7,5.5,28.7
20250430042700,26.72599983215332,86.0,0.0,20.0,5.7,19.9
20250430042800,26.72599983215332,86.0,0.0,20.5,5.8,23.3
20250430042900,26.72599983215332,86.0,0.0,19.2,5.5,25.5
20250430043000,26.72599983215332,86.0,0.0,19.7,5.7,28.6
20250430043100,26.72599983215332,86.0,0.0,19.4,5.8,32.1
20250430043200,26.72599983215332,86.0,0.0,19.1,5.7,17.0
20250430043300,26.72599983215332,86.0,0.0,19.8,6.0,32.0
20250430043400,26.72599983215332,86.0,0.0,19.9,5.8,31.9
20250430043500,26.72599983215332,86.0,0.0,20.3,6.5,15.9
20250430043600,26.72599983215332,86.0,0.0,19.5,6.4,28.3
20250430043700,26.72599983215332,86.0,0.0,19.4,5.5,28.6
20250430043800,26.72599983215332,86.0,0.0,20.8,6.5,15.3
20250430043900,26.72599983215332,86.0,0.0,19.8,6.4,20.0
20250430044000,26.72599983215332,86.0,0.0,19.1,5.9,34.5
20250430044100,26.72599983215332,86.0,0.0,20.6,6.3,22.2
20250430044200,26.72599983215332,86.0,0.0,19.6,6.2,39.4
20250430044300,26.72599983215332,86.0,0.0,21.0,5.8,38.0
20250430044400,26.72599983215332,86.0,0.0,19.2,5.9,24.0
20250430044500,26.72599983215332,86.0,0.0,20.1,6.4,30.7
20250430044600,26.72599983215332,86.0,0.0,19.9,5.8,18.3
20250430044700,26.72599983215332,86.0,0.0,20.6,5.6,25.6
20250430044800,26.72599983215332,86.0,0.0,20.0,6.4,16.1
20250430044900,26.72599983215332,86.0,0.0,19.8,6.2,37.7
20250430045000,26.72599983215332,86.0,0.0,20.2,6.3,16.0
20250430045100,26.72599983215332,86.0,0.0,20.2,6.3,38.2
20250430045200,26.72599983215332,86.0,0.0,20.2,6.0,22.8
20250430045300,26.72599983215332,86.0,0.0,19.8,5.9,23.5
20250430045400,26.72599983215332,86.0,0.0,20.3,5.9,33.2
20250430045500,26.72599983215332,86.0,0.0,20.0,5.6,18.9
20250430045600,26.72599983215332,86.0,0.0,20.1,6.3,23.8
20250430045700,26.72599983215332,86.0,0.0,19.9,6.5,28.4
20250430045800,26.72599983215332,86.0,0.0,19.3,6.3,21.3
20250430045900,26.72599983215332,86.0,0.0,20.6,6.3,21.3
20250430050000,26.525999069213867,88.0,0.0,20.7,5.7,39.3
20250430050100,26.525999069213867,88.0,0.0,19.4,6.1,16.3
20250430050200,26.525999069213867,88.0,0.0,20.2,5.8,20.6
20250430050300,26.525999069213867,88.0,0.0,21.0,6.5,34.5
20250430050400,26.525999069213867,88.0,0.0,21.0,5.9,16.5
20250430050500,26.525999069213867,88.0,0.0,19.3,5.9,20.2
20250430050600,26.525999069213867,88.0,0.0,19.7,5.9,30.7
20250430050700,26.525999069213867,88.0,0.0,19.4,6.1,26.9
20250430050800,26.525999069213867,88.0,0.0,19.3,5.9,19.8
20250430050900,26.525999069213867,88.0,0.0,20.4,6.4,25.0
20250430051000,26.525999069213867,88.0,0.0,20.1,6.1,32.7
20250430051100,26.525999069213867,88.0,0.0,20.6,5.8,34.0
20250430051200,26.525999069213867,88.0,0.0,20.0,5.9,37.0
20250430051300,26.525999069213867,88.0,0.0,19.9,6.5,38.7
20250430051400,26.525999069213867,88.0,0.0,19.8,6.4,40.0
20250430051500,26.525999069213867,88.0,0.0,20.7,5.7,18.4
20250430051600,26.525999069213867,88.0,0.0,19.8,6.1,31.6
20250430051700,26.525999069213867,88.0,0.0,19.5,6.0,17.8
20250430051800,26.525999069213867,88.0,0.0,19.4,6.5,28.7
20250430051900,26.525999069213867,88.0,0.0,20.4,6.0,24.7
20250430052000,26.525999069213867,88.0,0.0,19.6,6.3,29.3
20250430052100,26.525999069213867,88.0,0.0,19.5,5.7,30.8
20250430052200,26.525999069213867,88.0,0.0,20.8,6.1,35.4
20250430052300,26.525999069213867,88.0,0.0,20.9,6.4,36.2
20250430052400,26.525999069213867,88.0,0.0,20.3,6.2,26.1
20250430052500,26.525999069213867,88.0,0.0,19.8,5.7,33.7
20250430052600,26.525999069213867,88.0,0.0,19.2,5.7,37.7
20250430052700,26.525999069213867,88.0,0.0,20.1,6.3,26.3
20250430052800,26.525999069213867,88.0,0.0,20.2,5.9,24.7
20250430052900,26.525999069213867,88.0,0.0,19.4,5.9,24.5
20250430053000,26.525999069213867,88.0,0.0,20.1,6.2,38.1
20250430053100,26.525999069213867,88.0,0.0,20.4,5.8,25.8
20250430053200,26.525999069213867,88.0,0.0,20.0,6.0,19.2
20250430053300,26.525999069213867,88.0,0.0,19.5,5.7,27.5
20250430053400,26.525999069213867,88.0,0.0,19.7,5.7,31.0
20250430053500,26.525999069213867,88.0,0.0,20.0,5.9,28.2
20250430053600,26.525999069213867,88.0,0.0,19.9,6.3,16.9
20250430053700,26.525999069213867,88.0,0.0,20.1,6.2,31.1
20250430053800,26.525999069213867,88.0,0.0,20.6,5.7,18.2
20250430053900,26.525999069213867,88.0,0.0,20.5,6.2,33.5
20250430054000,26.525999069213867,88.0,0.0,19.2,6.2,31.4
20250430054100,26.525999069213867,88.0,0.0,19.2,6.0,18.9
20250430054200,26.525999069213867,88.0,0.0,20.8,5.8,15.1
20250430054300,26.525999069213867,88.0,0.0,20.2,5.7,35.6
20250430054400,26.525999069213867,88.0,0.0,19.5,5.7,31.1
20250430054500,26.525999069213867,88.0,0.0,19.5,5.8,32.5
20250430054600,26.525999069213867,88.0,0.0,19.6,6.0,16.4
20250430054700,26.525999069213867,88.0,0.0,20.8,6.5,26.7
20250430054800,26.525999069213867,88.0,0.0,19.3,5.8,21.4
20250430054900,26.525999069213867,88.0,0.0,20.0,5.8,34.9
20250430055000,26.525999069213867,88.0,0.0,20.5,6.2,17.5
20250430055100,26.525999069213867,88.0,0.0,20.7,6.0,28.4
20250430055200,26.525999069213867,88.0,0.0,20.6,6.4,35.9
20250430055300,26.525999069213867,88.0,0.0,20.2,5.5,22.1
20250430055400,26.525999069213867,88.0,0.0,19.9,5.9,21.7
20250430055500,26.525999069213867,88.0,0.0,19.6,6.2,20.0
20250430055600,26.525999069213867,88.0,0.0,19.1,6.1,35.6
20250430055700,26.525999069213867,88.0,0.0,20.7,6.1,32.8
20250430055800,26.525999069213867,88.0,0.0,19.2,5.7,36.7
20250430055900,26.525999069213867,88.0,0.0,19.1,6.0,26.5
20250430060000,26.47599983215332,89.0,0.0,20.2,6.0,30.3
20250430060100,26.47599983215332,89.0,0.0,20.8,5.9,38.2
20250430060200,26.47599983215332,89.0,0.0,19.3,6.0,32.6
20250430060300,26.47599983215332,89.0,0.0,20.4,5.8,39.8
20250430060400,26.47599983215332,89.0,0.0,20.2,5.8,37.5
20250430060500,26.47599983215332,89.0,0.0,20.0,6.2,31.0
20250430060600,26.47599983215332,89.0,0.0,20.4,6.0,28.6
20250430060700,26.47599983215332,89.0,0.0,20.3,5.6,21.6
20250430060800,26.47599983215332,89.0,0.0,20.9,6.0,23.9
20250430060900,26.47599983215332,89.0,0.0,20.5,5.9,26.6
20250430061000,26.47599983215332,89.0,0.0,20.5,5.8,21.4
20250430061100,26.47599983215332,89.0,0.0,20.4,6.4,31.6
20250430061200,26.47599983215332,89.0,0.0,19.6,5.9,18.4
20250430061300,26.47599983215332,89.0,0.0,20.3,5.8,19.9
20250430061400,26.47599983215332,89.0,0.0,19.4,6.0,31.4
20250430061500,26.47599983215332,89.0,0.0,20.9,6.1,23.6
20250430061600,26.47599983215332,89.0,0.0,20.9,5.7,35.9
20250430061700,26.47599983215332,89.0,0.0,19.3,5.6,29.0
20250430061800,26.47599983215332,89.0,0.0,20.3,6.2,23.5
20250430061900,26.47599983215332,89.0,0.0,19.8,5.5,17.5
20250430062000,26.47599983215332,89.0,0.0,20.6,6.4,39.8
20250430062100,26.47599983215332,89.0,0.0,20.1,6.2,31.4
20250430062200,26.47599983215332,89.0,0.0,19.8,6.3,18.8
20250430062300,26.47599983215332,89.0,0.0,20.9,5.9,15.7
20250430062400,26.47599983215332,89.0,0.0,20.3,6.0,26.0
20250430062500,26.47599983215332,89.0,0.0,20.8,6.1,33.9
20250430062600,26.47599983215332,89.0,0.0,19.9,6.2,30.9
20250430062700,26.47599983215332,89.0,0.0,20.0,5.7,34.2
20250430062800,26.47599983215332,89.0,0.0,20.2,5.8,25.2
20250430062900,26.47599983215332,89.0,0.0,19.8,5.7,25.6
20250430063000,26.47599983215332,89.0,0.0,20.1,6.1,21.0
20250430063100,26.47599983215332,89.0,0.0,21.0,6.1,37.1
20250430063200,26.47599983215332,89.0,0.0,19.2,6.3,33.4
20250430063300,26.47599983215332,89.0,0.0,20.1,5.9,35.8
20250430063400,26.47599983215332,89.0,0.0,19.7,6.1,27.5
20250430063500,26.47599983215332,89.0,0.0,20.9,6.3,19.9
20250430063600,26.47599983215332,89.0,0.0,19.3,6.0,32.0
20250430063700,26.47599983215332,89.0,0.0,19.1,6.3,36.3
20250430063800,26.47599983215332,89.0,0.0,20.3,6.0,29.4
20250430063900,26.47599983215332,89.0,0.0,20.4,6.1,34.1
20250430064000,26.47599983215332,89.0,0.0,20.6,5.5,20.6
20250430064100,26.47599983215332,89.0,0.0,20.2,5.8,38.1
20250430064200,26.47599983215332,89.0,0.0,19.7,5.7,22.5
20250430064300,26.47599983215332,89.0,0.0,19.4,6.4,18.0
20250430064400,26.47599983215332,89.0,0.0,20.3,6.3,25.2
20250430064500,26.47599983215332,89.0,0.0,19.1,5.6,34.1
20250430064600,26.47599983215332,89.0,0.0,19.3,6.1,35.6
20250430064700,26.47599983215332,89.0,0.0,19.2,5.9,22.8
20250430064800,26.47599983215332,89.0,0.0,20.9,5.7,22.2
20250430064900,26.47599983215332,89.0,0.0,20.4,6.4,39.2
20250430065000,26.47599983215332,89.0,0.0,20.7,6.4,31.4
20250430065100,26.47599983215332,89.0,0.0,20.9,5.9,38.8
20250430065200,26.47599983215332,89.0,0.0,19.3,6.4,29.8
20250430065300,26.47599983215332,89.0,0.0,20.8,6.1,26.9
20250430065400,26.47599983215332,89.0,0.0,19.0,5.6,18.0
20250430065500,26.47599983215332,89.0,0.0,20.1,6.1,35.9
20250430065600,26.47599983215332,89.0,0.0,19.6,5.7,19.1
20250430065700,26.47599983215332,89.0,0.0,19.6,6.2,20.3
20250430065800,26.47599983215332,89.0,0.0,20.0,5.8,20.9
20250430065900,26.47599983215332,89.0,0.0,20.3,5.7,24.9
20250430070000,27.67599868774414,85.0,0.0,19.5,6.2,34.1
20250430070100,27.67599868774414,85.0,0.0,19.8,6.3,24.8
20250430070200,27.67599868774414,85.0,0.0,19.7,5.8,20.2
20250430070300,27.67599868774414,85.0,0.0,20.7,5.9,36.3
20250430070400,27.67599868774414,85.0,0.0,19.7,5.9,19.3
20250430070500,27.67599868774414,85.0,0.0,19.1,6.1,38.7
20250430070600,27.67599868774414,85.0,0.0,20.2,5.7,30.8
20250430070700,27.67599868774414,85.0,0.0,19.9,5.8,40.0
20250430070800,27.67599868774414,85.0,0.0,19.2,5.6,36.0
20250430070900,27.67599868774414,85.0,0.0,19.7,6.4,27.6
20250430071000,27.67599868774414,85.0,0.0,19.3,6.2,37.8
20250430071100,27.67599868774414,85.0,0.0,20.7,6.2,16.5
20250430071200,27.67599868774414,85.0,0.0,19.3,6.2,21.9
20250430071300,27.67599868774414,85.0,0.0,20.2,6.1,34.0
20250430071400,27.67599868774414,85.0,0.0,19.7,6.0,23.9
20250430071500,27.67599868774414,85.0,0.0,20.6,6.1,26.8
20250430071600,27.67599868774414,85.0,0.0,20.9,5.5,39.1
20250430071700,27.67599868774414,85.0,0.0,20.5,5.8,37.2
20250430071800,27.67599868774414,85.0,0.0,19.3,6.3,25.5
20250430071900,27.67599868774414,85.0,0.0,20.9,5.6,39.2
20250430072000,27.67599868774414,85.0,0.0,19.8,6.3,23.6
20250430072100,27.67599868774414,85.0,0.0,19.3,6.4,17.9
20250430072200,27.67599868774414,85.0,0.0,19.6,6.2,31.5
20250430072300,27.67599868774414,85.0,0.0,20.4,6.3,33.5
20250430072400,27.67599868774414,85.0,0.0,19.3,5.8,19.7
20250430072500,27.67599868774414,85.0,0.0,20.4,5.8,36.8
20250430072600,27.67599868774414,85.0,0.0,20.8,5.7,33.7
20250430072700,27.67599868774414,85.0,0.0,19.6,6.0,20.1
20250430072800,27.67599868774414,85.0,0.0,19.4,6.1,17.3
20250430072900,27.67599868774414,85.0,0.0,19.7,6.2,25.3
20250430073000,27.67599868774414,85.0,0.0,20.6,5.6,32.0
20250430073100,27.67599868774414,85.0,0.0,19.3,6.1,16.3
20250430073200,27.67599868774414,85.0,0.0,19.9,6.4,15.7
20250430073300,27.67599868774414,85.0,0.0,20.5,6.4,33.1
20250430073400,27.67599868774414,85.0,0.0,19.2,5.9,15.5
20250430073500,27.67599868774414,85.0,0.0,19.9,6.1,35.8
20250430073600,27.67599868774414,85.0,0.0,20.1,6.4,15.2
20250430073700,27.67599868774414,85.0,0.0,19.8,6.5,27.0
20250430073800,27.67599868774414,85.0,0.0,20.3,6.1,22.8
20250430073900,27.67599868774414,85.0,0.0,19.5,6.5,27.4
20250430074000,27.67599868774414,85.0,0.0,20.9,6.1,19.8
20250430074100,27.67599868774414,85.0,0.0,20.4,5.5,24.3
20250430074200,27.67599868774414,85.0,0.0,20.1,5.9,29.5
20250430074300,27.67599868774414,85.0,0.0,20.2,6.0,38.3
20250430074400,27.67599868774414,85.0,0.0,19.3,6.3,30.4
20250430074500,27.67599868774414,85.0,0.0,19.9,6.5,19.4
20250430074600,27.67599868774414,85.0,0.0,20.9,6.4,37.8
20250430074700,27.67599868774414,85.0,0.0,19.4,5.6,34.4
20250430074800,27.67599868774414,85.0,0.0,19.2,5.6,24.2
20250430074900,27.67599868774414,85.0,0.0,19.6,5.9,33.9
20250430075000,27.67599868774414,85.0,0.0,21.0,5.7,19.9
20250430075100,27.67599868774414,85.0,0.0,20.6,5.6,16.8
20250430075200,27.67599868774414,85.0,0.0,19.5,6.1,26.3
20250430075300,27.67599868774414,85.0,0.0,20.0,5.5,30.0
20250430075400,27.67599868774414,85.0,0.0,20.0,6.2,25.2
20250430075500,27.67599868774414,85.0,0.0,20.1,5.6,27.4
20250430075600,27.67599868774414,85.0,0.0,20.5,6.4,35.6
20250430075700,27.67599868774414,85.0,0.0,20.0,5.8,29.2
20250430075800,27.67599868774414,85.0,0.0,20.9,5.9,19.0
20250430075900,27.67599868774414,85.0,0.0,20.7,5.8,38.2
20250430080000,29.575998306274414,76.0,0.0,19.6,5.6,29.7
20250430080100,29.575998306274414,76.0,0.0,19.3,6.5,29.8
20250430080200,29.575998306274414,76.0,0.0,19.5,5.6,34.5
20250430080300,29.575998306274414,76.0,0.0,19.1,6.2,21.4
20250430080400,29.575998306274414,76.0,0.0,20.3,6.1,15.3
20250430080500,29.575998306274414,76.0,0.0,20.5,5.7,34.6
20250430080600,29.575998306274414,76.0,0.0,20.4,5.6,22.5
20250430080700,29.575998306274414,76.0,0.0,20.3,5.7,38.8
20250430080800,29.575998306274414,76.0,0.0,19.1,5.5,32.6
20250430080900,29.575998306274414,76.0,0.0,20.3,5.7,23.2
20250430081000,29.575998306274414,76.0,0.0,19.2,6.2,17.0
20250430081100,29.575998306274414,76.0,0.0,19.5,5.7,29.8
20250430081200,29.575998306274414,76.0,0.0,20.6,6.5,33.9
20250430081300,29.575998306274414,76.0,0.0,19.7,5.9,28.9
20250430081400,29.575998306274414,76.0,0.0,19.6,5.8,33.4
20250430081500,29.575998306274414,76.0,0.0,19.8,5.8,37.0
20250430081600,29.575998306274414,76.0,0.0,19.8,5.8,37.6
20250430081700,29.575998306274414,76.0,0.0,19.0,6.2,30.1
20250430081800,29.575998306274414,76.0,0.0,20.3,5.8,23.9
20250430081900,29.575998306274414,76.0,0.0,20.5,5.9,22.9
20250430082000,29.575998306274414,76.0,0.0,20.7,5.5,38.7
20250430082100,29.575998306274414,76.0,0.0,19.2,5.6,20.3
20250430082200,29.575998306274414,76.0,0.0,20.7,5.9,26.8
20250430082300,29.575998306274414,76.0,0.0,19.7,6.3,25.0
20250430082400,29.575998306274414,76.0,0.0,19.0,6.1,22.9
20250430082500,29.575998306274414,76.0,0.0,19.9,5.7,19.4
20250430082600,29.575998306274414,76.0,0.0,20.6,6.0,17.5
20250430082700,29.575998306274414,76.0,0.0,19.6,5.8,15.3
20250430082800,29.575998306274414,76.0,0.0,20.0,6.2,21.2
20250430082900,29.575998306274414,76.0,0.0,20.7,6.0,29.3
20250430083000,29.575998306274414,76.0,0.0,19.5,6.0,29.3
20250430083100,29.575998306274414,76.0,0.0,19.5,5.9,23.1
20250430083200,29.575998306274414,76.0,0.0,19.7,6.0,22.8
20250430083300,29.575998306274414,76.0,0.0,19.7,6.1,27.8
20250430083400,29.575998306274414,76.0,0.0,20.1,6.0,18.5
20250430083500,29.575998306274414,76.0,0.0,20.4,6.3,17.8
20250430083600,29.575998306274414,76.0,0.0,19.3,5.9,26.0
20250430083700,29.575998306274414,76.0,0.0,19.5,6.1,31.4
20250430083800,29.575998306274414,76.0,0.0,20.7,5.8,35.6
20250430083900,29.575998306274414,76.0,0.0,19.2,5.8,22.3
20250430084000,29.575998306274414,76.0,0.0,20.2,6.5,18.3
20250430084100,29.575998306274414,76.0,0.0,19.9,6.4,27.2
20250430084200,29.575998306274414,76.0,0.0,19.0,6.3,34.1
20250430084300,29.575998306274414,76.0,0.0,20.9,6.4,23.4
20250430084400,29.575998306274414,76.0,0.0,19.8,6.4,28.2
20250430084500,29.575998306274414,76.0,0.0,20.1,6.1,19.9
20250430084600,29.575998306274414,76.0,0.0,21.0,6.3,29.5
20250430084700,29.575998306274414,76.0,0.0,19.7,6.0,30.6
20250430084800,29.575998306274414,76.0,0.0,19.7,6.4,38.1
20250430084900,29.575998306274414,76.0,0.0,19.8,6.4,16.8
20250430085000,29.575998306274414,76.0,0.0,20.0,5.6,26.9
20250430085100,29.575998306274414,76.0,0.0,20.6,6.4,30.4
20250430085200,29.575998306274414,76.0,0.0,19.8,5.7,23.6
20250430085300,29.575998306274414,76.0,0.0,19.4,6.1,36.5
20250430085400,29.575998306274414,76.0,0.0,20.8,5.7,31.3
20250430085500,29.575998306274414,76.0,0.0,20.0,6.3,37.1
20250430085600,29.575998306274414,76.0,0.0,19.3,5.6,32.2
20250430085700,29.575998306274414,76.0,0.0,19.4,5.6,36.3
20250430085800,29.575998306274414,76.0,0.0,19.4,6.1,33.6
20250430085900,29.575998306274414,76.0,0.0,19.4,6.4,35.0
20250430090000,31.375999450683594,67.0,0.0,20.0,6.3,38.7
20250430090100,31.375999450683594,67.0,0.0,19.2,6.0,36.4
20250430090200,31.375999450683594,67.0,0.0,20.6,6.3,15.8
20250430090300,31.375999450683594,67.0,0.0,20.5,5.7,25.5
20250430090400,31.375999450683594,67.0,0.0,20.8,6.0,28.4
20250430090500,31.375999450683594,67.0,0.0,20.4,5.8,36.6
20250430090600,31.375999450683594,67.0,0.0,19.6,6.3,34.8
20250430090700,31.375999450683594,67.0,0.0,20.0,6.1,38.6
20250430090800,31.375999450683594,67.0,0.0,19.3,6.4,17.2
20250430090900,31.375999450683594,67.0,0.0,20.2,5.7,37.8
20250430091000,31.375999450683594,67.0,0.0,19.5,6.4,31.9
20250430091100,31.375999450683594,67.0,0.0,19.5,5.9,18.5
20250430091200,31.375999450683594,67.0,0.0,20.8,6.3,20.4
20250430091300,31.375999450683594,67.0,0.0,20.7,5.7,15.4
20250430091400,31.375999450683594,67.0,0.0,19.5,6.0,32.2
20250430091500,31.375999450683594,67.0,0.0,19.6,5.7,33.0
20250430091600,31.375999450683594,67.0,0.0,19.4,6.1,26.7
20250430091700,31.375999450683594,67.0,0.0,20.5,5.9,29.1
20250430091800,31.375999450683594,67.0,0.0,19.2,6.4,30.8
20250430091900,31.375999450683594,67.0,0.0,19.4,5.8,17.3
20250430092000,31.375999450683594,67.0,0.0,19.5,6.2,31.3
20250430092100,31.375999450683594,67.0,0.0,20.9,6.0,19.5
20250430092200,31.375999450683594,67.0,0.0,20.6,6.3,23.5
20250430092300,31.375999450683594,67.0,0.0,20.1,5.5,24.6
20250430092400,31.375999450683594,67.0,0.0,20.6,5.9,16.3
20250430092500,31.375999450683594,67.0,0.0,19.5,6.4,38.8
20250430092600,31.375999450683594,67.0,0.0,19.5,5.6,26.5
20250430092700,31.375999450683594,67.0,0.0,19.1,6.2,17.2
20250430092800,31.375999450683594,67.0,0.0,20.0,6.4,38.8
20250430092900,31.375999450683594,67.0,0.0,20.3,6.1,24.9
20250430093000,31.375999450683594,67.0,0.0,20.3,6.2,35.9
20250430093100,31.375999450683594,67.0,0.0,20.8,6.0,20.6
20250430093200,31.375999450683594,67.0,0.0,19.3,5.8,37.4
20250430093300,31.375999450683594,67.0,0.0,20.6,6.4,34.3
20250430093400,31.375999450683594,67.0,0.0,20.2,5.9,37.7
20250430093500,31.375999450683594,67.0,0.0,19.3,5.9,25.5
20250430093600,31.375999450683594,67.0,0.0,19.6,5.7,18.1
20250430093700,31.375999450683594,67.0,0.0,19.0,6.4,26.7
20250430093800,31.375999450683594,67.0,0.0,20.8,6.3,23.7
20250430093900,31.375999450683594,67.0,0.0,20.1,6.3,20.1
20250430094000,31.375999450683594,67.0,0.0,20.2,6.1,17.2
20250430094100,31.375999450683594,67.0,0.0,19.7,6.0,30.9
20250430094200,31.375999450683594,67.0,0.0,20.8,6.2,27.6
20250430094300,31.375999450683594,67.0,0.0,19.7,6.1,31.3
20250430094400,31.375999450683594,67.0,0.0,20.7,5.5,27.4
20250430094500,31.375999450683594,67.0,0.0,19.3,6.4,35.7
20250430094600,31.375999450683594,67.0,0.0,20.5,5.6,19.7
20250430094700,31.375999450683594,67.0,0.0,19.5,6.1,19.9
20250430094800,31.375999450683594,67.0,0.0,19.8,5.9,30.0
20250430094900,31.375999450683594,67.0,0.0,19.5,5.7,23.2
20250430095000,31.375999450683594,67.0,0.0,20.4,5.8,36.9
20250430095100,31.375999450683594,67.0,0.0,19.6,5.6,37.1
20250430095200,31.375999450683594,67.0,0.0,19.4,5.8,26.1
20250430095300,31.375999450683594,67.0,0.0,19.1,6.0,39.6
20250430095400,31.375999450683594,67.0,0.0,19.5,6.1,18.4
20250430095500,31.375999450683594,67.0,0.0,20.7,5.9,39.2
20250430095600,31.375999450683594,67.0,0.0,19.8,5.7,33.7
20250430095700,31.375999450683594,67.0,0.0,19.7,5.8,25.2
20250430095800,31.375999450683594,67.0,0.0,20.6,6.0,35.5
20250430095900,31.375999450683594,67.0,0.0,20.5,6.3,22.4
20250430100000,32.926002502441406,59.0,0.0,19.3,5.7,19.7
20250430100100,32.926002502441406,59.0,0.0,20.4,6.3,30.8
20250430100200,32.926002502441406,59.0,0.0,20.0,6.3,16.7
20250430100300,32.926002502441406,59.0,0.0,20.7,6.4,16.4
20250430100400,32.926002502441406,59.0,0.0,19.9,5.8,23.1
20250430100500,32.926002502441406,59.0,0.0,19.6,6.3,33.6
20250430100600,32.926002502441406,59.0,0.0,20.4,5.6,39.4
20250430100700,32.926002502441406,59.0,0.0,19.2,5.8,37.1
20250430100800,32.926002502441406,59.0,0.0,20.2,6.1,27.6
20250430100900,32.926002502441406,59.0,0.0,19.6,6.3,35.7
20250430101000,32.926002502441406,59.0,0.0,20.7,5.6,34.6
20250430101100,32.926002502441406,59.0,0.0,20.7,5.5,23.5
20250430101200,32.926002502441406,59.0,0.0,19.0,6.3,34.9
20250430101300,32.926002502441406,59.0,0.0,20.2,5.8,30.7
20250430101400,32.926002502441406,59.0,0.0,20.5,5.8,31.4
20250430101500,32.926002502441406,59.0,0.0,20.4,6.3,19.5
20250430101600,32.926002502441406,59.0,0.0,19.6,5.7,22.6
20250430101700,32.926002502441406,59.0,0.0,20.7,6.3,38.2
20250430101800,32.926002502441406,59.0,0.0,20.6,6.5,39.0
20250430101900,32.926002502441406,59.0,0.0,19.2,6.2,24.9
20250430102000,32.926002502441406,59.0,0.0,19.7,6.0,36.0
20250430102100,32.926002502441406,59.0,0.0,19.4,5.6,24.0
20250430102200,32.926002502441406,59.0,0.0,20.8,5.8,17.1
20250430102300,32.926002502441406,59.0,0.0,19.3,6.1,23.3
20250430102400,32.926002502441406,59.0,0.0,19.7,6.5,34.6
20250430102500,32.926002502441406,59.0,0.0,19.1,5.9,32.1
20250430102600,32.926002502441406,59.0,0.0,20.0,5.8,21.2
20250430102700,32.926002502441406,59.0,0.0,20.9,6.0,15.2
20250430102800,32.926002502441406,59.0,0.0,19.5,6.0,29.0
20250430102900,32.926002502441406,59.0,0.0,20.6,6.5,19.4
20250430103000,32.926002502441406,59.0,0.0,19.3,5.9,17.7
20250430103100,32.926002502441406,59.0,0.0,19.2,6.1,34.8
20250430103200,32.926002502441406,59.0,0.0,20.0,5.9,39.7
20250430103300,32.926002502441406,59.0,0.0,20.2,5.8,17.6
20250430103400,32.926002502441406,59.0,0.0,20.6,6.4,15.6
20250430103500,32.926002502441406,59.0,0.0,20.2,6.3,34.6
20250430103600,32.926002502441406,59.0,0.0,20.8,6.1,38.0
20250430103700,32.926002502441406,59.0,0.0,19.0,6.3,37.2
20250430103800,32.926002502441406,59.0,0.0,19.8,5.5,37.4
20250430103900,32.926002502441406,59.0,0.0,20.0,5.9,35.6
20250430104000,32.926002502441406,59.0,0.0,19.5,6.1,34.0
20250430104100,32.926002502441406,59.0,0.0,20.0,6.3,38.6
20250430104200,32.926002502441406,59.0,0.0,20.5,5.7,29.3
20250430104300,32.926002502441406,59.0,0.0,20.7,5.6,15.7
20250430104400,32.926002502441406,59.0,0.0,20.5,6.1,37.2
20250430104500,32.926002502441406,59.0,0.0,20.5,6.4,22.2
20250430104600,32.926002502441406,59.0,0.0,19.2,6.1,36.4
20250430104700,32.926002502441406,59.0,0.0,19.0,5.7,29.5
20250430104800,32.926002502441406,59.0,0.0,19.7,6.4,20.7
20250430104900,32.926002502441406,59.0,0.0,19.7,6.0,37.0
20250430105000,32.926002502441406,59.0,0.0,19.2,6.4,20.3
20250430105100,32.926002502441406,59.0,0.0,20.1,5.8,32.2
20250430105200,32.926002502441406,59.0,0.0,20.6,6.4,32.8
20250430105300,32.926002502441406,59.0,0.0,20.0,5.7,35.7
20250430105400,32.926002502441406,59.0,0.0,20.4,6.5,36.0
20250430105500,32.926002502441406,59.0,0.0,20.9,6.3,21.0
20250430105600,32.926002502441406,59.0,0.0,19.8,6.3,30.6
20250430105700,32.926002502441406,59.0,0.0,20.4,5.9,33.1
20250430105800,32.926002502441406,59.0,0.0,20.6,6.1,27.6
20250430105900,32.926002502441406,59.0,0.0,20.0,6.2,27.2
20250430110000,34.426002502441406,52.0,0.0,19.7,5.7,39.1
20250430110100,34.426002502441406,52.0,0.0,20.9,5.8,17.6
20250430110200,34.426002502441406,52.0,0.0,21.0,5.8,20.1
20250430110300,34.426002502441406,52.0,0.0,19.4,5.7,15.4
20250430110400,34.426002502441406,52.0,0.0,19.0,6.4,28.4
20250430110500,34.426002502441406,52.0,0.0,20.5,5.5,19.3
20250430110600,34.426002502441406,52.0,0.0,19.8,6.1,26.3
20250430110700,34.426002502441406,52.0,0.0,19.6,6.2,26.4
20250430110800,34.426002502441406,52.0,0.0,19.5,6.2,25.7
20250430110900,34.426002502441406,52.0,0.0,20.0,6.3,24.5
20250430111000,34.426002502441406,52.0,0.0,19.6,5.8,21.8
20250430111100,34.426002502441406,52.0,0.0,20.6,6.1,15.6
20250430111200,34.426002502441406,52.0,0.0,20.7,5.8,23.9
20250430111300,34.426002502441406,52.0,0.0,19.4,5.5,17.0
20250430111400,34.426002502441406,52.0,0.0,20.5,5.8,38.7
20250430111500,34.426002502441406,52.0,0.0,19.4,6.3,20.7
20250430111600,34.426002502441406,52.0,0.0,20.6,6.1,24.8
20250430111700,34.426002502441406,52.0,0.0,20.8,5.5,33.6
20250430111800,34.426002502441406,52.0,0.0,20.0,5.7,38.0
20250430111900,34.426002502441406,52.0,0.0,19.7,6.4,39.5
20250430112000,34.426002502441406,52.0,0.0,20.0,6.2,26.7
20250430112100,34.426002502441406,52.0,0.0,19.7,6.2,35.8
20250430112200,34.426002502441406,52.0,0.0,19.2,5.8,18.7
20250430112300,34.426002502441406,52.0,0.0,20.2,6.4,20.5
20250430112400,34.426002502441406,52.0,0.0,20.8,5.5,38.1
20250430112500,34.426002502441406,52.0,0.0,20.2,6.2,27.8
20250430112600,34.426002502441406,52.0,0.0,20.1,6.2,19.7
20250430112700,34.426002502441406,52.0,0.0,19.0,6.4,31.7
20250430112800,34.426002502441406,52.0,0.0,19.5,6.5,33.3
20250430112900,34.426002502441406,52.0,0.0,19.8,6.0,29.4
20250430113000,34.426002502441406,52.0,0.0,19.2,5.6,19.5
20250430113100,34.426002502441406,52.0,0.0,19.8,6.4,38.1
20250430113200,34.426002502441406,52.0,0.0,20.7,6.3,38.3
20250430113300,34.426002502441406,52.0,0.0,20.8,6.0,22.9
20250430113400,34.426002502441406,52.0,0.0,19.7,5.8,27.1
20250430113500,34.426002502441406,52.0,0.0,19.5,5.8,33.2
20250430113600,34.426002502441406,52.0,0.0,19.0,6.1,20.9
20250430113700,34.426002502441406,52.0,0.0,19.7,6.1,20.1
20250430113800,34.426002502441406,52.0,0.0,20.8,5.7,18.1
20250430113900,34.426002502441406,52.0,0.0,20.6,6.1,19.7
20250430114000,34.426002502441406,52.0,0.0,19.7,6.4,30.8
20250430114100,34.426002502441406,52.0,0.0,19.7,6.4,36.7
20250430114200,34.426002502441406,52.0,0.0,20.8,6.1,18.3
20250430114300,34.426002502441406,52.0,0.0,19.0,6.1,24.8
20250430114400,34.426002502441406,52.0,0.0,19.8,6.3,37.7
20250430114500,34.426002502441406,52.0,0.0,19.0,5.6,35.6
20250430114600,34.426002502441406,52.0,0.0,19.7,5.9,15.0
20250430114700,34.426002502441406,52.0,0.0,20.6,6.1,21.3
20250430114800,34.426002502441406,52.0,0.0,20.6,6.0,27.0
20250430114900,34.426002502441406,52.0,0.0,20.5,5.8,33.6
20250430115000,34.426002502441406,52.0,0.0,19.8,6.2,31.8
20250430115100,34.426002502441406,52.0,0.0,20.9,6.2,34.7
20250430115200,34.426002502441406,52.0,0.0,20.6,5.6,38.5
20250430115300,34.426002502441406,52.0,0.0,19.3,5.7,33.9
20250430115400,34.426002502441406,52.0,0.0,19.3,6.3,27.2
20250430115500,34.426002502441406,52.0,0.0,19.7,6.0,21.1
20250430115600,34.426002502441406,52.0,0.0,20.7,5.8,31.8
20250430115700,34.426002502441406,52.0,0.0,19.9,5.8,21.4
20250430115800,34.426002502441406,52.0,0.0,20.6,5.8,23.7
20250430115900,34.426002502441406,52.0,0.0,19.3,6.0,36.3
20250430120000,35.82600021362305,47.0,0.0,19.5,6.2,33.6
20250430120100,35.82600021362305,47.0,0.0,19.3,6.4,17.5
20250430120200,35.82600021362305,47.0,0.0,20.2,5.9,27.5
20250430120300,35.82600021362305,47.0,0.0,21.0,6.5,19.6
20250430120400,35.82600021362305,47.0,0.0,19.4,6.2,27.3
20250430120500,35.82600021362305,47.0,0.0,20.2,5.8,32.7
20250430120600,35.82600021362305,47.0,0.0,20.5,6.0,24.9
20250430120700,35.82600021362305,47.0,0.0,20.0,5.8,31.4
20250430120800,35.82600021362305,47.0,0.0,19.3,5.6,28.8
20250430120900,35.82600021362305,47.0,0.0,19.2,6.2,17.4
20250430121000,35.82600021362305,47.0,0.0,20.0,5.9,33.6
20250430121100,35.82600021362305,47.0,0.0,20.3,6.3,32.9
20250430121200,35.82600021362305,47.0,0.0,19.1,5.8,27.7
20250430121300,35.82600021362305,47.0,0.0,20.0,6.0,35.9
20250430121400,35.82600021362305,47.0,0.0,20.4,6.2,19.3
20250430121500,35.82600021362305,47.0,0.0,19.9,5.5,28.9
20250430121600,35.82600021362305,47.0,0.0,19.9,5.9,15.4
20250430121700,35.82600021362305,47.0,0.0,19.1,6.0,21.7
20250430121800,35.82600021362305,47.0,0.0,19.7,5.6,21.2
20250430121900,35.82600021362305,47.0,0.0,19.7,6.2,35.9
20250430122000,35.82600021362305,47.0,0.0,20.6,6.4,21.4
20250430122100,35.82600021362305,47.0,0.0,20.9,5.7,31.6
20250430122200,35.82600021362305,47.0,0.0,20.8,5.8,38.9
20250430122300,35.82600021362305,47.0,0.0,20.1,6.5,39.8
20250430122400,35.82600021362305,47.0,0.0,20.1,6.1,23.1
20250430122500,35.82600021362305,47.0,0.0,20.0,5.5,21.7
20250430122600,35.82600021362305,47.0,0.0,21.0,5.9,30.5
20250430122700,35.82600021362305,47.0,0.0,20.3,6.0,24.4
20250430122800,35.82600021362305,47.0,0.0,20.5,5.9,33.7
20250430122900,35.82600021362305,47.0,0.0,20.0,5.9,25.0
20250430123000,35.82600021362305,47.0,0.0,19.6,5.9,26.3
20250430123100,35.82600021362305,47.0,0.0,20.0,5.5,37.8
20250430123200,35.82600021362305,47.0,0.0,19.4,6.1,28.0
20250430123300,35.82600021362305,47.0,0.0,20.0,5.5,26.5
20250430123400,35.82600021362305,47.0,0.0,19.8,6.1,21.9
20250430123500,35.82600021362305,47.0,0.0,19.1,5.8,25.7
20250430123600,35.82600021362305,47.0,0.0,20.7,5.9,17.3
20250430123700,35.82600021362305,47.0,0.0,19.8,5.7,25.2
20250430123800,35.82600021362305,47.0,0.0,19.7,6.2,15.9
20250430123900,35.82600021362305,47.0,0.0,20.1,6.2,26.8
20250430124000,35.82600021362305,47.0,0.0,21.0,6.3,17.0
20250430124100,35.82600021362305,47.0,0.0,19.7,6.2,20.5
20250430124200,35.82600021362305,47.0,0.0,20.6,6.0,25.9
20250430124300,35.82600021362305,47.0,0.0,20.2,6.0,27.4
20250430124400,35.82600021362305,47.0,0.0,20.1,6.0,35.7
20250430124500,35.82600021362305,47.0,0.0,19.4,5.5,27.3
20250430124600,35.82600021362305,47.0,0.0,19.8,5.7,24.0
20250430124700,35.82600021362305,47.0,0.0,20.0,5.9,30.8
20250430124800,35.82600021362305,47.0,0.0,20.8,5.9,34.4
20250430124900,35.82600021362305,47.0,0.0,19.5,6.1,30.6
20250430125000,35.82600021362305,47.0,0.0,20.1,6.3,32.3
20250430125100,35.82600021362305,47.0,0.0,19.4,6.2,15.5
20250430125200,35.82600021362305,47.0,0.0,20.9,5.6,21.6
20250430125300,35.82600021362305,47.0,0.0,19.2,6.0,31.6
20250430125400,35.82600021362305,47.0,0.0,20.4,6.3,27.0
20250430125500,35.82600021362305,47.0,0.0,19.2,5.9,32.6
20250430125600,35.82600021362305,47.0,0.0,19.5,5.6,19.1
20250430125700,35.82600021362305,47.0,0.0,19.9,5.9,39.3
20250430125800,35.82600021362305,47.0,0.0,20.7,5.6,18.1
20250430125900,35.82600021362305,47.0,0.0,20.1,5.9,15.1
20250430130000,36.7760009765625,43.0,0.0,20.9,5.7,27.4
20250430130100,36.7760009765625,43.0,0.0,19.1,6.4,30.9
20250430130200,36.7760009765625,43.0,0.0,19.0,6.1,22.9
20250430130300,36.7760009765625,43.0,0.0,19.2,6.3,37.2
20250430130400,36.7760009765625,43.0,0.0,19.7,5.8,35.0
20250430130500,36.7760009765625,43.0,0.0,19.9,6.0,31.7
20250430130600,36.7760009765625,43.0,0.0,20.1,6.3,27.3
20250430130700,36.7760009765625,43.0,0.0,19.3,5.7,39.9
20250430130800,36.7760009765625,43.0,0.0,20.8,6.4,17.6
20250430130900,36.7760009765625,43.0,0.0,19.9,5.7,21.0
20250430131000,36.7760009765625,43.0,0.0,20.9,6.2,25.3
20250430131100,36.7760009765625,43.0,0.0,20.7,5.7,34.9
20250430131200,36.7760009765625,43.0,0.0,20.5,5.7,24.2
20250430131300,36.7760009765625,43.0,0.0,20.9,5.7,30.3
20250430131400,36.7760009765625,43.0,0.0,19.2,6.2,27.8
20250430131500,36.7760009765625,43.0,0.0,19.8,6.4,25.4
20250430131600,36.7760009765625,43.0,0.0,19.1,5.7,30.1
20250430131700,36.7760009765625,43.0,0.0,20.3,6.5,23.1
20250430131800,36.7760009765625,43.0,0.0,20.0,5.7,29.4
20250430131900,36.7760009765625,43.0,0.0,19.7,5.8,33.0
20250430132000,36.7760009765625,43.0,0.0,20.1,6.0,17.1
20250430132100,36.7760009765625,43.0,0.0,19.7,6.4,23.0
20250430132200,36.7760009765625,43.0,0.0,20.9,6.1,15.5
20250430132300,36.7760009765625,43.0,0.0,20.7,6.1,15.2
20250430132400,36.7760009765625,43.0,0.0,19.3,5.5,28.7
20250430132500,36.7760009765625,43.0,0.0,19.6,6.4,31.9
20250430132600,36.7760009765625,43.0,0.0,20.9,6.0,36.7
20250430132700,36.7760009765625,43.0,0.0,20.9,5.9,22.4
20250430132800,36.7760009765625,43.0,0.0,20.3,5.6,38.9
20250430132900,36.7760009765625,43.0,0.0,20.3,6.3,23.0
20250430133000,36.7760009765625,43.0,0.0,19.1,5.6,25.6
20250430133100,36.7760009765625,43.0,0.0,19.7,6.1,39.0
20250430133200,36.7760009765625,43.0,0.0,19.2,6.1,31.6
20250430133300,36.7760009765625,43.0,0.0,20.3,5.9,18.6
20250430133400,36.7760009765625,43.0,0.0,19.6,6.3,30.9
20250430133500,36.7760009765625,43.0,0.0,20.8,5.9,20.5
20250430133600,36.7760009765625,43.0,0.0,19.9,6.2,25.4
20250430133700,36.7760009765625,43.0,0.0,20.9,6.0,17.7
20250430133800,36.7760009765625,43.0,0.0,19.3,5.6,34.7
20250430133900,36.7760009765625,43.0,0.0,20.8,6.1,31.9
20250430134000,36.7760009765625,43.0,0.0,20.0,5.5,28.9
20250430134100,36.7760009765625,43.0,0.0,19.5,5.6,17.5
20250430134200,36.7760009765625,43.0,0.0,20.5,5.8,15.6
20250430134300,36.7760009765625,43.0,0.0,20.3,6.2,39.1
20250430134400,36.7760009765625,43.0,0.0,20.0,6.4,35.7
20250430134500,36.7760009765625,43.0,0.0,19.9,6.1,15.0
20250430134600,36.7760009765625,43.0,0.0,20.0,6.0,31.0
20250430134700,36.7760009765625,43.0,0.0,19.1,6.1,34.2
20250430134800,36.7760009765625,43.0,0.0,20.4,5.7,36.5
20250430134900,36.7760009765625,43.0,0.0,20.8,5.5,38.6
20250430135000,36.7760009765625,43.0,0.0,20.2,6.2,26.9
20250430135100,36.7760009765625,43.0,0.0,21.0,6.3,38.0
20250430135200,36.7760009765625,43.0,0.0,19.5,5.5,37.7
20250430135300,36.7760009765625,43.0,0.0,20.5,6.1,15.5
20250430135400,36.7760009765625,43.0,0.0,20.9,6.2,37.4
20250430135500,36.7760009765625,43.0,0.0,20.3,6.2,37.3
20250430135600,36.7760009765625,43.0,0.0,19.2,5.7,28.9
20250430135700,36.7760009765625,43.0,0.0,20.1,5.7,29.7
20250430135800,36.7760009765625,43.0,0.0,20.1,5.6,37.4
20250430135900,36.7760009765625,43.0,0.0,19.5,5.6,28.2
20250430140000,37.426002502441406,40.0,0.0,19.5,6.3,16.8
20250430140100,37.426002502441406,40.0,0.0,19.4,5.6,23.6
20250430140200,37.426002502441406,40.0,0.0,20.4,5.9,18.5
20250430140300,37.426002502441406,40.0,0.0,20.4,5.8,28.2
20250430140400,37.426002502441406,40.0,0.0,20.9,5.6,25.0
20250430140500,37.426002502441406,40.0,0.0,19.0,6.3,37.0
20250430140600,37.426002502441406,40.0,0.0,19.1,6.2,23.2
20250430140700,37.426002502441406,40.0,0.0,19.5,5.6,39.2
20250430140800,37.426002502441406,40.0,0.0,19.4,6.2,16.8
20250430140900,37.426002502441406,40.0,0.0,19.7,6.0,25.0
20250430141000,37.426002502441406,40.0,0.0,20.9,5.6,25.5
20250430141100,37.426002502441406,40.0,0.0,19.1,5.6,35.9
20250430141200,37.426002502441406,40.0,0.0,21.0,5.6,29.4
20250430141300,37.426002502441406,40.0,0.0,19.2,5.7,34.7
20250430141400,37.426002502441406,40.0,0.0,19.7,6.1,33.0
20250430141500,37.426002502441406,40.0,0.0,19.2,5.7,23.9
20250430141600,37.426002502441406,40.0,0.0,19.1,6.2,35.2
20250430141700,37.426002502441406,40.0,0.0,19.6,5.9,23.0
20250430141800,37.426002502441406,40.0,0.0,19.1,6.4,26.1
20250430141900,37.426002502441406,40.0,0.0,19.2,6.5,25.1
20250430142000,37.426002502441406,40.0,0.0,20.8,6.5,27.5
20250430142100,37.426002502441406,40.0,0.0,20.9,5.7,16.5
20250430142200,37.426002502441406,40.0,0.0,19.4,6.1,30.7
20250430142300,37.426002502441406,40.0,0.0,19.1,5.9,35.7
20250430142400,37.426002502441406,40.0,0.0,19.0,6.4,24.5
20250430142500,37.426002502441406,40.0,0.0,20.5,5.8,29.1
20250430142600,37.426002502441406,40.0,0.0,19.3,6.1,35.1
20250430142700,37.426002502441406,40.0,0.0,20.0,5.8,36.0
20250430142800,37.426002502441406,40.0,0.0,20.7,6.4,34.5
20250430142900,37.426002502441406,40.0,0.0,20.2,6.5,24.7
20250430143000,37.426002502441406,40.0,0.0,20.9,6.2,18.2
20250430143100,37.426002502441406,40.0,0.0,20.2,5.6,36.7
20250430143200,37.426002502441406,40.0,0.0,19.5,6.0,30.2
20250430143300,37.426002502441406,40.0,0.0,19.1,5.5,32.6
20250430143400,37.426002502441406,40.0,0.0,19.3,5.6,26.3
20250430143500,37.426002502441406,40.0,0.0,19.5,5.9,19.7
20250430143600,37.426002502441406,40.0,0.0,20.1,6.4,18.2
20250430143700,37.426002502441406,40.0,0.0,19.0,6.2,22.9
20250430143800,37.426002502441406,40.0,0.0,19.1,6.3,29.3
20250430143900,37.426002502441406,40.0,0.0,21.0,6.3,37.3
20250430144000,37.426002502441406,40.0,0.0,19.3,6.4,22.7
20250430144100,37.426002502441406,40.0,0.0,20.3,5.7,15.4
20250430144200,37.426002502441406,40.0,0.0,19.8,6.1,34.5
20250430144300,37.426002502441406,40.0,0.0,20.4,5.5,23.4
20250430144400,37.426002502441406,40.0,0.0,19.6,5.6,31.5
20250430144500,37.426002502441406,40.0,0.0,20.9,6.1,15.9
20250430144600,37.426002502441406,40.0,0.0,20.7,6.5,23.6
20250430144700,37.426002502441406,40.0,0.0,19.7,5.9,24.9
20250430144800,37.426002502441406,40.0,0.0,20.5,5.9,31.5
20250430144900,37.426002502441406,40.0,0.0,19.8,5.7,16.5
20250430145000,37.426002502441406,40.0,0.0,20.9,5.6,15.1
20250430145100,37.426002502441406,40.0,0.0,20.6,6.2,35.7
20250430145200,37.426002502441406,40.0,0.0,19.4,6.1,18.5
20250430145300,37.426002502441406,40.0,0.0,20.4,5.9,32.5
20250430145400,37.426002502441406,40.0,0.0,19.9,5.7,21.8
20250430145500,37.426002502441406,40.0,0.0,20.2,6.4,22.3
20250430145600,37.426002502441406,40.0,0.0,20.5,5.7,31.0
20250430145700,37.426002502441406,40.0,0.0,19.6,5.6,38.8
20250430145800,37.426002502441406,40.0,0.0,20.6,6.3,18.2
20250430145900,37.426002502441406,40.0,0.0,20.3,6.2,26.5
20250430150000,37.375999450683594,38.0,0.0,20.1,5.7,24.9
20250430150100,37.375999450683594,38.0,0.0,20.6,5.8,20.1
20250430150200,37.375999450683594,38.0,0.0,20.1,5.7,23.3
20250430150300,37.375999450683594,38.0,0.0,21.0,6.2,28.3
20250430150400,37.375999450683594,38.0,0.0,20.6,5.9,35.0
20250430150500,37.375999450683594,38.0,0.0,20.2,5.7,32.6
20250430150600,37.375999450683594,38.0,0.0,20.1,5.6,18.7
20250430150700,37.375999450683594,38.0,0.0,20.1,6.0,25.5
20250430150800,37.375999450683594,38.0,0.0,19.6,5.9,15.6
20250430150900,37.375999450683594,38.0,0.0,20.9,6.3,39.8
20250430151000,37.375999450683594,38.0,0.0,20.3,6.3,31.4
20250430151100,37.375999450683594,38.0,0.0,19.7,5.9,18.5
20250430151200,37.375999450683594,38.0,0.0,19.7,6.4,19.0
20250430151300,37.375999450683594,38.0,0.0,20.1,5.7,32.5
20250430151400,37.375999450683594,38.0,0.0,20.0,6.4,20.0
20250430151500,37.375999450683594,38.0,0.0,20.9,5.9,36.7
20250430151600,37.375999450683594,38.0,0.0,20.8,6.1,26.2
20250430151700,37.375999450683594,38.0,0.0,19.8,5.6,30.8
20250430151800,37.375999450683594,38.0,0.0,20.4,6.2,15.5
20250430151900,37.375999450683594,38.0,0.0,19.3,5.8,29.4
20250430152000,37.375999450683594,38.0,0.0,19.4,5.8,31.0
20250430152100,37.375999450683594,38.0,0.0,19.1,6.4,32.1
20250430152200,37.375999450683594,38.0,0.0,20.9,6.3,34.8
20250430152300,37.375999450683594,38.0,0.0,20.3,5.9,29.7
20250430152400,37.375999450683594,38.0,0.0,21.0,6.1,27.9
20250430152500,37.375999450683594,38.0,0.0,20.0,5.9,25.3
20250430152600,37.375999450683594,38.0,0.0,20.1,5.6,23.6
20250430152700,37.375999450683594,38.0,0.0,19.9,5.9,26.5
20250430152800,37.375999450683594,38.0,0.0,20.6,5.7,36.9
20250430152900,37.375999450683594,38.0,0.0,19.4,5.8,16.7
20250430153000,37.375999450683594,38.0,0.0,20.6,6.5,39.4
20250430153100,37.375999450683594,38.0,0.0,20.9,5.7,38.5
20250430153200,37.375999450683594,38.0,0.0,20.8,6.2,32.2
20250430153300,37.375999450683594,38.0,0.0,20.9,6.2,25.8
20250430153400,37.375999450683594,38.0,0.0,20.1,5.7,23.0
20250430153500,37.375999450683594,38.0,0.0,20.0,5.9,21.4
20250430153600,37.375999450683594,38.0,0.0,19.4,6.0,35.6
20250430153700,37.375999450683594,38.0,0.0,20.1,6.2,28.1
20250430153800,37.375999450683594,38.0,0.0,19.8,6.0,26.4
20250430153900,37.375999450683594,38.0,0.0,19.6,6.3,27.4
20250430154000,37.375999450683594,38.0,0.0,19.0,6.1,30.6
20250430154100,37.375999450683594,38.0,0.0,19.5,5.5,33.3
20250430154200,37.375999450683594,38.0,0.0,19.5,6.3,18.3
20250430154300,37.375999450683594,38.0,0.0,20.8,6.2,36.0
20250430154400,37.375999450683594,38.0,0.0,20.9,5.9,17.4
20250430154500,37.375999450683594,38.0,0.0,20.3,6.3,37.7
20250430154600,37.375999450683594,38.0,0.0,21.0,5.7,37.0
20250430154700,37.375999450683594,38.0,0.0,20.6,6.1,28.3
20250430154800,37.375999450683594,38.0,0.0,20.3,6.0,30.4
20250430154900,37.375999450683594,38.0,0.0,19.1,5.9,22.0
20250430155000,37.375999450683594,38.0,0.0,20.7,5.9,35.2
20250430155100,37.375999450683594,38.0,0.0,19.9,5.5,33.1
20250430155200,37.375999450683594,38.0,0.0,19.9,6.1,34.1
20250430155300,37.375999450683594,38.0,0.0,21.0,6.3,39.7
20250430155400,37.375999450683594,38.0,0.0,19.3,6.3,27.1
20250430155500,37.375999450683594,38.0,0.0,20.3,6.2,36.9
20250430155600,37.375999450683594,38.0,0.0,19.4,6.2,29.0
20250430155700,37.375999450683594,38.0,0.0,19.4,5.8,16.7
20250430155800,37.375999450683594,38.0,0.0,19.5,6.1,22.9
20250430155900,37.375999450683594,38.0,0.0,20.4,5.5,34.6
20250430160000,37.07600021362305,38.0,0.0,20.0,6.3,38.9
20250430160100,37.07600021362305,38.0,0.0,19.9,6.4,26.5
20250430160200,37.07600021362305,38.0,0.0,20.3,6.5,28.5
20250430160300,37.07600021362305,38.0,0.0,20.3,6.4,39.3
20250430160400,37.07600021362305,38.0,0.0,20.5,5.8,35.6
20250430160500,37.07600021362305,38.0,0.0,20.1,6.5,20.9
20250430160600,37.07600021362305,38.0,0.0,20.6,6.4,35.1
20250430160700,37.07600021362305,38.0,0.0,19.9,5.9,21.4
20250430160800,37.07600021362305,38.0,0.0,20.6,6.4,23.1
20250430160900,37.07600021362305,38.0,0.0,19.3,5.8,22.2
20250430161000,37.07600021362305,38.0,0.0,20.5,6.3,27.8
20250430161100,37.07600021362305,38.0,0.0,20.6,6.2,24.6
20250430161200,37.07600021362305,38.0,0.0,19.2,6.3,32.7
20250430161300,37.07600021362305,38.0,0.0,20.8,6.3,20.2
20250430161400,37.07600021362305,38.0,0.0,19.3,5.6,33.3
20250430161500,37.07600021362305,38.0,0.0,19.3,6.1,30.3
20250430161600,37.07600021362305,38.0,0.0,19.4,6.2,39.8
20250430161700,37.07600021362305,38.0,0.0,19.7,5.7,36.1
20250430161800,37.07600021362305,38.0,0.0,20.7,6.3,17.7
20250430161900,37.07600021362305,38.0,0.0,20.1,6.3,18.8
20250430162000,37.07600021362305,38.0,0.0,20.6,6.3,22.0
20250430162100,37.07600021362305,38.0,0.0,20.2,6.4,24.8
20250430162200,37.07600021362305,38.0,0.0,20.8,6.3,32.4
20250430162300,37.07600021362305,38.0,0.0,19.7,5.9,16.9
20250430162400,37.07600021362305,38.0,0.0,20.1,5.6,34.9
20250430162500,37.07600021362305,38.0,0.0,19.9,5.8,36.7
20250430162600,37.07600021362305,38.0,0.0,20.6,5.7,37.3
20250430162700,37.07600021362305,38.0,0.0,20.0,5.5,20.9
20250430162800,37.07600021362305,38.0,0.0,19.3,6.3,17.2
20250430162900,37.07600021362305,38.0,0.0,20.5,5.5,25.3
20250430163000,37.07600021362305,38.0,0.0,19.1,6.2,19.6
20250430163100,37.07600021362305,38.0,0.0,19.8,6.4,17.1
20250430163200,37.07600021362305,38.0,0.0,20.0,5.8,27.9
20250430163300,37.07600021362305,38.0,0.0,19.6,5.6,36.1
20250430163400,37.07600021362305,38.0,0.0,20.5,6.3,32.1
20250430163500,37.07600021362305,38.0,0.0,19.9,6.5,15.7
20250430163600,37.07600021362305,38.0,0.0,20.6,6.4,25.2
20250430163700,37.07600021362305,38.0,0.0,19.2,6.1,32.0
20250430163800,37.07600021362305,38.0,0.0,20.4,6.0,27.8
20250430163900,37.07600021362305,38.0,0.0,20.0,5.6,25.8
20250430164000,37.07600021362305,38.0,0.0,20.0,6.4,21.9
20250430164100,37.07600021362305,38.0,0.0,19.7,6.2,15.4
20250430164200,37.07600021362305,38.0,0.0,19.1,5.8,30.5
20250430164300,37.07600021362305,38.0,0.0,19.2,6.4,15.0
20250430164400,37.07600021362305,38.0,0.0,19.2,5.7,16.5
20250430164500,37.07600021362305,38.0,0.0,19.5,6.2,31.6
20250430164600,37.07600021362305,38.0,0.0,19.3,6.3,38.7
20250430164700,37.07600021362305,38.0,0.0,20.0,6.4,30.6
20250430164800,37.07600021362305,38.0,0.0,20.1,5.6,25.0
20250430164900,37.07600021362305,38.0,0.0,20.7,5.9,32.4
20250430165000,37.07600021362305,38.0,0.0,20.4,6.0,18.6
20250430165100,37.07600021362305,38.0,0.0,21.0,5.5,17.4
20250430165200,37.07600021362305,38.0,0.0,19.7,6.1,35.2
20250430165300,37.07600021362305,38.0,0.0,20.3,5.7,23.6
20250430165400,37.07600021362305,38.0,0.0,19.7,6.1,35.3
20250430165500,37.07600021362305,38.0,0.0,20.0,6.1,35.1
20250430165600,37.07600021362305,38.0,0.0,19.7,5.9,34.0
20250430165700,37.07600021362305,38.0,0.0,19.4,6.4,20.5
20250430165800,37.07600021362305,38.0,0.0,20.5,5.8,35.1
20250430165900,37.07600021362305,38.0,0.0,20.7,6.4,31.9
20250430170000,36.47600173950195,39.0,0.0,20.0,6.0,28.1
20250430170100,36.47600173950195,39.0,0.0,19.6,5.7,36.7
20250430170200,36.47600173950195,39.0,0.0,20.2,6.4,26.6
20250430170300,36.47600173950195,39.0,0.0,20.3,5.7,15.6
20250430170400,36.47600173950195,39.0,0.0,19.7,6.4,38.5
20250430170500,36.47600173950195,39.0,0.0,20.1,6.3,35.3
20250430170600,36.47600173950195,39.0,0.0,20.0,6.4,39.4
20250430170700,36.47600173950195,39.0,0.0,19.6,6.3,36.4
20250430170800,36.47600173950195,39.0,0.0,19.2,6.2,30.0
20250430170900,36.47600173950195,39.0,0.0,19.9,5.6,36.9
20250430171000,36.47600173950195,39.0,0.0,19.9,5.8,21.3
20250430171100,36.47600173950195,39.0,0.0,19.2,5.5,26.3
20250430171200,36.47600173950195,39.0,0.0,19.5,5.6,36.2
20250430171300,36.47600173950195,39.0,0.0,20.0,6.1,34.3
20250430171400,36.47600173950195,39.0,0.0,19.8,6.1,27.0
20250430171500,36.47600173950195,39.0,0.0,19.9,5.7,22.5
20250430171600,36.47600173950195,39.0,0.0,19.7,6.0,37.6
20250430171700,36.47600173950195,39.0,0.0,19.4,6.1,28.4
20250430171800,36.47600173950195,39.0,0.0,20.3,5.6,30.8
20250430171900,36.47600173950195,39.0,0.0,20.8,5.5,35.4
20250430172000,36.47600173950195,39.0,0.0,19.7,5.6,21.9
20250430172100,36.47600173950195,39.0,0.0,20.2,6.0,17.7
20250430172200,36.47600173950195,39.0,0.0,21.0,6.3,21.6
20250430172300,36.47600173950195,39.0,0.0,19.3,6.2,15.7
20250430172400,36.47600173950195,39.0,0.0,19.5,5.7,28.7
20250430172500,36.47600173950195,39.0,0.0,20.0,6.2,36.7
20250430172600,36.47600173950195,39.0,0.0,19.3,5.6,36.3
20250430172700,36.47600173950195,39.0,0.0,19.2,5.9,32.6
20250430172800,36.47600173950195,39.0,0.0,19.6,6.3,26.6
20250430172900,36.47600173950195,39.0,0.0,20.5,5.8,21.8
20250430173000,36.47600173950195,39.0,0.0,19.1,6.0,34.9
20250430173100,36.47600173950195,39.0,0.0,20.8,6.4,26.9
20250430173200,36.47600173950195,39.0,0.0,19.1,5.6,28.7
20250430173300,36.47600173950195,39.0,0.0,20.0,6.2,16.7
20250430173400,36.47600173950195,39.0,0.0,19.6,5.5,32.7
20250430173500,36.47600173950195,39.0,0.0,19.4,5.6,29.5
20250430173600,36.47600173950195,39.0,0.0,20.7,5.9,39.1
20250430173700,36.47600173950195,39.0,0.0,19.6,5.6,16.3
20250430173800,36.47600173950195,39.0,0.0,20.9,6.1,32.8
20250430173900,36.47600173950195,39.0,0.0,19.7,5.9,24.4
20250430174000,36.47600173950195,39.0,0.0,19.3,6.2,19.1
20250430174100,36.47600173950195,39.0,0.0,20.8,5.7,23.3
20250430174200,36.47600173950195,39.0,0.0,20.6,5.7,37.0
20250430174300,36.47600173950195,39.0,0.0,20.0,6.0,15.9
20250430174400,36.47600173950195,39.0,0.0,19.6,5.7,31.5
20250430174500,36.47600173950195,39.0,0.0,19.2,5.8,29.5
20250430174600,36.47600173950195,39.0,0.0,20.9,6.3,15.6
20250430174700,36.47600173950195,39.0,0.0,19.3,6.1,34.1
20250430174800,36.47600173950195,39.0,0.0,20.4,5.6,28.5
20250430174900,36.47600173950195,39.0,0.0,20.7,5.7,22.8
20250430175000,36.47600173950195,39.0,0.0,19.0,6.1,32.6
20250430175100,36.47600173950195,39.0,0.0,20.9,6.0,34.9
20250430175200,36.47600173950195,39.0,0.0,19.1,5.6,15.9
20250430175300,36.47600173950195,39.0,0.0,20.1,6.2,15.6
20250430175400,36.47600173950195,39.0,0.0,20.1,6.2,38.0
20250430175500,36.47600173950195,39.0,0.0,20.8,5.8,19.0
20250430175600,36.47600173950195,39.0,0.0,20.0,5.7,36.7
20250430175700,36.47600173950195,39.0,0.0,19.0,6.4,24.8
20250430175800,36.47600173950195,39.0,0.0,20.1,6.1,32.3
20250430175900,36.47600173950195,39.0,0.0,20.4,5.6,28.8
20250430180000,34.72600173950195,45.0,0.0,20.1,6.0,33.7
20250430180100,34.72600173950195,45.0,0.0,19.1,5.6,32.1
20250430180200,34.72600173950195,45.0,0.0,19.8,6.5,37.3
20250430180300,34.72600173950195,45.0,0.0,20.6,6.4,22.6
20250430180400,34.72600173950195,45.0,0.0,19.9,6.3,26.5
20250430180500,34.72600173950195,45.0,0.0,19.2,6.5,24.8
20250430180600,34.72600173950195,45.0,0.0,19.0,6.5,15.1
20250430180700,34.72600173950195,45.0,0.0,20.4,5.8,35.9
20250430180800,34.72600173950195,45.0,0.0,19.3,5.7,24.9
20250430180900,34.72600173950195,45.0,0.0,20.3,6.3,34.2
20250430181000,34.72600173950195,45.0,0.0,19.2,5.6,28.2
20250430181100,34.72600173950195,45.0,0.0,20.3,6.4,32.8
20250430181200,34.72600173950195,45.0,0.0,19.5,5.6,28.2
20250430181300,34.72600173950195,45.0,0.0,19.2,5.6,23.8
20250430181400,34.72600173950195,45.0,0.0,20.8,6.0,33.2
20250430181500,34.72600173950195,45.0,0.0,20.0,6.5,23.2
20250430181600,34.72600173950195,45.0,0.0,20.9,5.9,28.6
20250430181700,34.72600173950195,45.0,0.0,20.5,6.0,30.9
20250430181800,34.72600173950195,45.0,0.0,20.3,5.7,30.6
20250430181900,34.72600173950195,45.0,0.0,19.8,5.8,39.9
20250430182000,34.72600173950195,45.0,0.0,20.4,5.9,39.1
20250430182100,34.72600173950195,45.0,0.0,20.4,5.6,20.0
20250430182200,34.72600173950195,45.0,0.0,20.7,5.8,36.6
20250430182300,34.72600173950195,45.0,0.0,19.7,6.4,38.2
20250430182400,34.72600173950195,45.0,0.0,20.0,6.3,22.9
20250430182500,34.72600173950195,45.0,0.0,20.7,6.2,19.0
20250430182600,34.72600173950195,45.0,0.0,20.9,6.4,33.8
20250430182700,34.72600173950195,45.0,0.0,20.5,6.1,19.5
20250430182800,34.72600173950195,45.0,0.0,19.3,6.1,15.0
20250430182900,34.72600173950195,45.0,0.0,19.3,5.5,27.1
20250430183000,34.72600173950195,45.0,0.0,19.7,5.5,17.6
20250430183100,34.72600173950195,45.0,0.0,19.7,6.5,35.4
20250430183200,34.72600173950195,45.0,0.0,20.2,6.2,19.8
20250430183300,34.72600173950195,45.0,0.0,20.6,5.7,31.2
20250430183400,34.72600173950195,45.0,0.0,19.9,6.1,19.0
20250430183500,34.72600173950195,45.0,0.0,20.0,6.1,18.9
20250430183600,34.72600173950195,45.0,0.0,20.1,6.1,31.8
20250430183700,34.72600173950195,45.0,0.0,19.8,6.1,30.7
20250430183800,34.72600173950195,45.0,0.0,20.8,5.5,23.8
20250430183900,34.72600173950195,45.0,0.0,20.0,5.9,32.6
20250430184000,34.72600173950195,45.0,0.0,21.0,6.0,15.1
20250430184100,34.72600173950195,45.0,0.0,19.1,6.1,29.6
20250430184200,34.72600173950195,45.0,0.0,20.2,5.6,39.2
20250430184300,34.72600173950195,45.0,0.0,20.3,5.7,28.4
20250430184400,34.72600173950195,45.0,0.0,19.4,5.6,20.6
20250430184500,34.72600173950195,45.0,0.0,20.2,6.2,33.9
20250430184600,34.72600173950195,45.0,0.0,19.8,6.1,24.0
20250430184700,34.72600173950195,45.0,0.0,19.5,6.2,25.3
20250430184800,34.72600173950195,45.0,0.0,19.9,6.2,26.1
20250430184900,34.72600173950195,45.0,0.0,20.2,6.2,34.4
20250430185000,34.72600173950195,45.0,0.0,20.8,5.8,19.8
20250430185100,34.72600173950195,45.0,0.0,20.9,6.1,21.3
20250430185200,34.72600173950195,45.0,0.0,20.7,5.6,36.3
20250430185300,34.72600173950195,45.0,0.0,20.1,5.7,16.9
20250430185400,34.72600173950195,45.0,0.0,20.8,6.5,22.3
20250430185500,34.72600173950195,45.0,0.0,20.5,5.6,40.0
20250430185600,34.72600173950195,45.0,0.0,19.7,5.6,28.5
20250430185700,34.72600173950195,45.0,0.0,19.8,6.1,27.1
20250430185800,34.72600173950195,45.0,0.0,19.4,6.0,27.1
20250430185900,34.72600173950195,45.0,0.0,19.9,6.2,25.0
20250430190000,30.825998306274414,67.0,0.0,19.2,5.5,23.8
20250430190100,30.825998306274414,67.0,0.0,20.8,6.2,25.0
20250430190200,30.825998306274414,67.0,0.0,20.2,6.5,17.8
20250430190300,30.825998306274414,67.0,0.0,20.9,6.0,30.7
20250430190400,30.825998306274414,67.0,0.0,20.7,5.5,37.0
20250430190500,30.825998306274414,67.0,0.0,20.0,5.6,17.2
20250430190600,30.825998306274414,67.0,0.0,19.9,5.7,36.3
20250430190700,30.825998306274414,67.0,0.0,19.7,6.4,18.0
20250430190800,30.825998306274414,67.0,0.0,19.5,6.0,15.7
20250430190900,30.825998306274414,67.0,0.0,20.8,6.0,35.0
20250430191000,30.825998306274414,67.0,0.0,19.2,5.5,37.6
20250430191100,30.825998306274414,67.0,0.0,19.3,5.6,34.8
20250430191200,30.825998306274414,67.0,0.0,19.2,6.3,28.7
20250430191300,30.825998306274414,67.0,0.0,20.2,6.0,16.0
20250430191400,30.825998306274414,67.0,0.0,20.1,6.1,20.3
20250430191500,30.825998306274414,67.0,0.0,19.4,5.9,34.0
20250430191600,30.825998306274414,67.0,0.0,20.7,6.0,36.3
20250430191700,30.825998306274414,67.0,0.0,20.6,5.9,30.1
20250430191800,30.825998306274414,67.0,0.0,20.8,5.9,17.9
20250430191900,30.825998306274414,67.0,0.0,19.7,6.4,18.2
20250430192000,30.825998306274414,67.0,0.0,19.8,6.4,18.9
20250430192100,30.825998306274414,67.0,0.0,19.2,6.4,39.6
20250430192200,30.825998306274414,67.0,0.0,20.2,6.0,23.4
20250430192300,30.825998306274414,67.0,0.0,19.1,6.1,17.0
20250430192400,30.825998306274414,67.0,0.0,20.9,5.9,30.3
20250430192500,30.825998306274414,67.0,0.0,19.2,5.6,23.2
20250430192600,30.825998306274414,67.0,0.0,19.4,5.7,39.6
20250430192700,30.825998306274414,67.0,0.0,19.8,5.7,31.7
20250430192800,30.825998306274414,67.0,0.0,19.8,5.7,34.9
20250430192900,30.825998306274414,67.0,0.0,19.7,6.2,32.4
20250430193000,30.825998306274414,67.0,0.0,19.3,6.5,24.1
20250430193100,30.825998306274414,67.0,0.0,20.3,6.1,19.9
20250430193200,30.825998306274414,67.0,0.0,21.0,5.9,27.3
20250430193300,30.825998306274414,67.0,0.0,19.1,6.3,37.7
20250430193400,30.825998306274414,67.0,0.0,20.9,6.2,26.3
20250430193500,30.825998306274414,67.0,0.0,19.4,5.7,28.4
20250430193600,30.825998306274414,67.0,0.0,19.2,6.4,18.6
20250430193700,30.825998306274414,67.0,0.0,19.8,6.2,30.4
20250430193800,30.825998306274414,67.0,0.0,20.0,5.7,30.4
20250430193900,30.825998306274414,67.0,0.0,20.0,5.6,30.5
20250430194000,30.825998306274414,67.0,0.0,20.2,5.7,28.7
20250430194100,30.825998306274414,67.0,0.0,19.4,5.7,37.7
20250430194200,30.825998306274414,67.0,0.0,20.7,6.1,25.5
20250430194300,30.825998306274414,67.0,0.0,20.0,5.9,35.5
20250430194400,30.825998306274414,67.0,0.0,19.9,6.2,32.3
20250430194500,30.825998306274414,67.0,0.0,19.9,6.2,32.1
20250430194600,30.825998306274414,67.0,0.0,19.7,5.7,15.4
20250430194700,30.825998306274414,67.0,0.0,20.7,5.5,34.5
20250430194800,30.825998306274414,67.0,0.0,20.5,5.8,22.8
20250430194900,30.825998306274414,67.0,0.0,19.2,5.6,31.2
20250430195000,30.825998306274414,67.0,0.0,19.6,6.0,29.7
20250430195100,30.825998306274414,67.0,0.0,19.5,6.1,20.4
20250430195200,30.825998306274414,67.0,0.0,19.9,5.8,16.7
20250430195300,30.825998306274414,67.0,0.0,19.3,6.0,23.0
20250430195400,30.825998306274414,67.0,0.0,19.1,6.4,18.6
20250430195500,30.825998306274414,67.0,0.0,20.0,6.4,20.3
20250430195600,30.825998306274414,67.0,0.0,19.9,6.0,37.4
20250430195700,30.825998306274414,67.0,0.0,20.5,5.6,35.0
20250430195800,30.825998306274414,67.0,0.0,19.6,6.2,34.7
20250430195900,30.825998306274414,67.0,0.0,20.7,6.4,33.2
20250430200000,30.625999450683594,62.0,0.0,19.5,6.1,37.0
20250430200100,30.625999450683594,62.0,0.0,19.6,5.6,36.1
20250430200200,30.625999450683594,62.0,0.0,20.4,6.3,15.5
20250430200300,30.625999450683594,62.0,0.0,20.5,6.3,39.7
20250430200400,30.625999450683594,62.0,0.0,21.0,5.7,15.7
20250430200500,30.625999450683594,62.0,0.0,19.7,6.2,29.6
20250430200600,30.625999450683594,62.0,0.0,20.3,5.5,32.0
20250430200700,30.625999450683594,62.0,0.0,19.2,5.5,18.2
20250430200800,30.625999450683594,62.0,0.0,20.8,5.9,34.9
20250430200900,30.625999450683594,62.0,0.0,19.3,5.8,18.2
20250430201000,30.625999450683594,62.0,0.0,20.5,6.4,17.6
20250430201100,30.625999450683594,62.0,0.0,19.1,6.3,38.7
20250430201200,30.625999450683594,62.0,0.0,19.1,6.3,38.9
20250430201300,30.625999450683594,62.0,0.0,20.4,5.6,16.9
20250430201400,30.625999450683594,62.0,0.0,20.9,6.3,18.7
20250430201500,30.625999450683594,62.0,0.0,19.5,5.5,27.4
20250430201600,30.625999450683594,62.0,0.0,19.2,6.4,37.7
20250430201700,30.625999450683594,62.0,0.0,20.2,5.8,24.5
20250430201800,30.625999450683594,62.0,0.0,19.3,5.7,17.8
20250430201900,30.625999450683594,62.0,0.0,19.6,5.9,30.8
20250430202000,30.625999450683594,62.0,0.0,19.3,6.5,30.1
20250430202100,30.625999450683594,62.0,0.0,19.6,5.8,33.4
20250430202200,30.625999450683594,62.0,0.0,20.8,6.0,35.0
20250430202300,30.625999450683594,62.0,0.0,19.4,5.9,18.4
20250430202400,30.625999450683594,62.0,0.0,19.2,6.1,15.8
20250430202500,30.625999450683594,62.0,0.0,19.4,6.5,24.7
20250430202600,30.625999450683594,62.0,0.0,19.9,5.8,16.3
20250430202700,30.625999450683594,62.0,0.0,19.7,5.6,37.4
20250430202800,30.625999450683594,62.0,0.0,19.7,6.0,15.1
20250430202900,30.625999450683594,62.0,0.0,19.1,6.0,25.7
20250430203000,30.625999450683594,62.0,0.0,20.9,6.1,15.0
20250430203100,30.625999450683594,62.0,0.0,20.5,5.8,31.2
20250430203200,30.625999450683594,62.0,0.0,19.9,6.1,15.7
20250430203300,30.625999450683594,62.0,0.0,19.8,6.1,21.2
20250430203400,30.625999450683594,62.0,0.0,20.0,6.3,33.5
20250430203500,30.625999450683594,62.0,0.0,20.6,6.2,22.0
20250430203600,30.625999450683594,62.0,0.0,20.4,5.9,20.0
20250430203700,30.625999450683594,62.0,0.0,20.8,6.2,27.5
20250430203800,30.625999450683594,62.0,0.0,20.0,6.0,21.1
20250430203900,30.625999450683594,62.0,0.0,19.0,6.4,17.1
20250430204000,30.625999450683594,62.0,0.0,20.8,6.5,36.9
20250430204100,30.625999450683594,62.0,0.0,21.0,5.6,19.5
20250430204200,30.625999450683594,62.0,0.0,19.3,5.7,17.5
20250430204300,30.625999450683594,62.0,0.0,19.4,6.0,22.2
20250430204400,30.625999450683594,62.0,0.0,20.2,6.3,20.6
20250430204500,30.625999450683594,62.0,0.0,20.3,6.1,38.9
20250430204600,30.625999450683594,62.0,0.0,20.8,5.6,22.2
20250430204700,30.625999450683594,62.0,0.0,19.8,6.4,35.1
20250430204800,30.625999450683594,62.0,0.0,20.0,6.0,39.6
20250430204900,30.625999450683594,62.0,0.0,20.1,5.5,20.5
20250430205000,30.625999450683594,62.0,0.0,19.7,6.3,34.5
20250430205100,30.625999450683594,62.0,0.0,20.8,5.6,21.1
20250430205200,30.625999450683594,62.0,0.0,19.9,6.1,34.5
20250430205300,30.625999450683594,62.0,0.0,19.3,5.7,31.0
20250430205400,30.625999450683594,62.0,0.0,19.7,5.7,29.8
20250430205500,30.625999450683594,62.0,0.0,20.9,6.4,28.5
20250430205600,30.625999450683594,62.0,0.0,19.1,5.6,25.7
20250430205700,30.625999450683594,62.0,0.0,20.7,6.0,34.5
20250430205800,30.625999450683594,62.0,0.0,19.2,6.0,30.7
20250430205900,30.625999450683594,62.0,0.0,19.3,6.1,17.6
20250430210000,29.97599983215332,62.0,0.0,21.0,6.0,21.0
20250430210100,29.97599983215332,62.0,0.0,20.0,5.6,32.1
20250430210200,29.97599983215332,62.0,0.0,20.7,6.0,35.0
20250430210300,29.97599983215332,62.0,0.0,20.3,5.5,16.7
20250430210400,29.97599983215332,62.0,0.0,20.2,5.6,35.0
20250430210500,29.97599983215332,62.0,0.0,20.2,6.3,17.0
20250430210600,29.97599983215332,62.0,0.0,20.8,5.7,23.5
20250430210700,29.97599983215332,62.0,0.0,19.1,6.3,28.5
20250430210800,29.97599983215332,62.0,0.0,19.6,6.3,16.4
20250430210900,29.97599983215332,62.0,0.0,19.0,6.4,32.5
20250430211000,29.97599983215332,62.0,0.0,19.3,5.7,22.1
20250430211100,29.97599983215332,62.0,0.0,20.9,5.8,19.1
20250430211200,29.97599983215332,62.0,0.0,20.2,6.1,26.5
20250430211300,29.97599983215332,62.0,0.0,20.5,5.7,36.3
20250430211400,29.97599983215332,62.0,0.0,19.9,6.5,25.4
20250430211500,29.97599983215332,62.0,0.0,19.6,6.4,31.8
20250430211600,29.97599983215332,62.0,0.0,20.4,5.8,34.2
20250430211700,29.97599983215332,62.0,0.0,19.7,5.9,38.9
20250430211800,29.97599983215332,62.0,0.0,20.7,6.4,38.8
20250430211900,29.97599983215332,62.0,0.0,19.7,6.2,26.9
20250430212000,29.97599983215332,62.0,0.0,20.5,6.3,18.3
20250430212100,29.97599983215332,62.0,0.0,20.0,5.9,24.1
20250430212200,29.97599983215332,62.0,0.0,20.9,5.7,32.1
20250430212300,29.97599983215332,62.0,0.0,20.3,6.4,29.7
20250430212400,29.97599983215332,62.0,0.0,20.6,5.9,22.6
20250430212500,29.97599983215332,62.0,0.0,19.6,5.9,25.9
20250430212600,29.97599983215332,62.0,0.0,19.1,5.8,22.1
20250430212700,29.97599983215332,62.0,0.0,19.3,5.8,32.4
20250430212800,29.97599983215332,62.0,0.0,20.0,5.9,19.8
20250430212900,29.97599983215332,62.0,0.0,20.7,6.4,15.9
20250430213000,29.97599983215332,62.0,0.0,20.0,6.2,24.0
20250430213100,29.97599983215332,62.0,0.0,20.4,5.6,34.3
20250430213200,29.97599983215332,62.0,0.0,19.7,6.0,31.3
20250430213300,29.97599983215332,62.0,0.0,19.4,5.9,18.7
20250430213400,29.97599983215332,62.0,0.0,20.3,6.5,36.7
20250430213500,29.97599983215332,62.0,0.0,20.9,6.4,23.1
20250430213600,29.97599983215332,62.0,0.0,20.6,5.8,21.4
20250430213700,29.97599983215332,62.0,0.0,19.3,6.4,23.8
20250430213800,29.97599983215332,62.0,0.0,20.2,6.0,28.1
20250430213900,29.97599983215332,62.0,0.0,19.6,5.9,32.7
20250430214000,29.97599983215332,62.0,0.0,21.0,5.7,24.0
20250430214100,29.97599983215332,62.0,0.0,19.4,6.4,36.9
20250430214200,29.97599983215332,62.0,0.0,19.0,6.0,23.8
20250430214300,29.97599983215332,62.0,0.0,19.2,6.0,22.7
20250430214400,29.97599983215332,62.0,0.0,19.8,5.7,24.7
20250430214500,29.97599983215332,62.0,0.0,19.3,6.5,30.6
20250430214600,29.97599983215332,62.0,0.0,20.1,5.6,36.0
20250430214700,29.97599983215332,62.0,0.0,19.8,6.0,21.2
20250430214800,29.97599983215332,62.0,0.0,20.9,6.4,18.3
20250430214900,29.97599983215332,62.0,0.0,19.2,6.1,38.8
20250430215000,29.97599983215332,62.0,0.0,19.3,6.3,31.2
20250430215100,29.97599983215332,62.0,0.0,19.2,6.3,15.4
20250430215200,29.97599983215332,62.0,0.0,20.6,5.6,28.1
20250430215300,29.97599983215332,62.0,0.0,19.2,6.2,20.2
20250430215400,29.97599983215332,62.0,0.0,20.3,5.6,37.1
20250430215500,29.97599983215332,62.0,0.0,20.0,6.1,34.0
20250430215600,29.97599983215332,62.0,0.0,20.8,6.1,28.6
20250430215700,29.97599983215332,62.0,0.0,20.9,6.0,28.7
20250430215800,29.97599983215332,62.0,0.0,20.6,6.0,37.7
20250430215900,29.97599983215332,62.0,0.0,20.0,5.8,20.2
20250430220000,29.325998306274414,69.0,0.0,19.6,6.2,24.6
20250430220100,29.325998306274414,69.0,0.0,20.4,5.5,25.7
20250430220200,29.325998306274414,69.0,0.0,20.6,6.1,22.2
20250430220300,29.325998306274414,69.0,0.0,19.8,5.6,35.1
20250430220400,29.325998306274414,69.0,0.0,19.2,6.4,21.5
20250430220500,29.325998306274414,69.0,0.0,19.8,5.6,24.4
20250430220600,29.325998306274414,69.0,0.0,19.8,6.1,26.1
20250430220700,29.325998306274414,69.0,0.0,19.6,5.8,34.4
20250430220800,29.325998306274414,69.0,0.0,19.7,6.4,25.4
20250430220900,29.325998306274414,69.0,0.0,20.5,5.6,29.2
20250430221000,29.325998306274414,69.0,0.0,20.2,6.3,15.6
20250430221100,29.325998306274414,69.0,0.0,20.9,5.6,20.9
20250430221200,29.325998306274414,69.0,0.0,19.8,6.3,31.3
20250430221300,29.325998306274414,69.0,0.0,19.5,5.7,33.4
20250430221400,29.325998306274414,69.0,0.0,19.7,5.6,23.2
20250430221500,29.325998306274414,69.0,0.0,20.3,6.5,34.4
20250430221600,29.325998306274414,69.0,0.0,20.2,5.9,28.3
20250430221700,29.325998306274414,69.0,0.0,20.7,5.5,29.5
20250430221800,29.325998306274414,69.0,0.0,20.9,6.0,32.1
20250430221900,29.325998306274414,69.0,0.0,20.2,5.6,27.0
20250430222000,29.325998306274414,69.0,0.0,19.8,5.8,16.6
20250430222100,29.325998306274414,69.0,0.0,20.9,5.6,15.0
20250430222200,29.325998306274414,69.0,0.0,20.5,5.8,19.6
20250430222300,29.325998306274414,69.0,0.0,20.2,6.0,32.6
20250430222400,29.325998306274414,69.0,0.0,19.0,5.7,28.1
20250430222500,29.325998306274414,69.0,0.0,19.0,6.1,17.3
20250430222600,29.325998306274414,69.0,0.0,20.1,5.7,31.5
20250430222700,29.325998306274414,69.0,0.0,20.8,5.7,32.4
20250430222800,29.325998306274414,69.0,0.0,20.9,5.6,36.0
20250430222900,29.325998306274414,69.0,0.0,19.5,5.5,27.1
20250430223000,29.325998306274414,69.0,0.0,20.6,5.8,17.5
20250430223100,29.325998306274414,69.0,0.0,20.6,6.5,23.7
20250430223200,29.325998306274414,69.0,0.0,20.4,6.5,23.7
20250430223300,29.325998306274414,69.0,0.0,20.0,5.9,32.0
20250430223400,29.325998306274414,69.0,0.0,19.1,6.2,17.8
20250430223500,29.325998306274414,69.0,0.0,20.0,6.4,31.5
20250430223600,29.325998306274414,69.0,0.0,19.1,6.3,37.6
20250430223700,29.325998306274414,69.0,0.0,19.5,6.4,25.6
20250430223800,29.325998306274414,69.0,0.0,20.0,5.7,25.7
20250430223900,29.325998306274414,69.0,0.0,20.2,5.5,25.2
20250430224000,29.325998306274414,69.0,0.0,20.0,6.2,21.1
20250430224100,29.325998306274414,69.0,0.0,20.6,5.7,24.9
20250430224200,29.325998306274414,69.0,0.0,20.2,5.5,38.4
20250430224300,29.325998306274414,69.0,0.0,19.7,6.3,23.9
20250430224400,29.325998306274414,69.0,0.0,20.3,5.5,22.3
20250430224500,29.325998306274414,69.0,0.0,19.2,6.2,26.5
20250430224600,29.325998306274414,69.0,0.0,20.1,6.1,24.5
20250430224700,29.325998306274414,69.0,0.0,19.9,6.1,21.6
20250430224800,29.325998306274414,69.0,0.0,20.8,6.0,29.5
20250430224900,29.325998306274414,69.0,0.0,20.7,5.8,38.5
20250430225000,29.325998306274414,69.0,0.0,19.8,6.3,18.3
20250430225100,29.325998306274414,69.0,0.0,20.5,6.0,35.6
20250430225200,29.325998306274414,69.0,0.0,21.0,6.0,24.5
20250430225300,29.325998306274414,69.0,0.0,19.9,6.5,16.7
20250430225400,29.325998306274414,69.0,0.0,20.7,5.7,37.4
20250430225500,29.325998306274414,69.0,0.0,20.3,6.5,37.2
20250430225600,29.325998306274414,69.0,0.0,20.6,6.0,17.7
20250430225700,29.325998306274414,69.0,0.0,19.6,5.5,21.1
20250430225800,29.325998306274414,69.0,0.0,19.9,6.4,17.0
20250430225900,29.325998306274414,69.0,0.0,19.2,6.2,15.8
20250430230000,28.92599868774414,75.0,0.0,20.5,6.0,16.8
20250430230100,28.92599868774414,75.0,0.0,20.1,6.3,15.9
20250430230200,28.92599868774414,75.0,0.0,19.4,6.3,27.9
20250430230300,28.92599868774414,75.0,0.0,20.4,6.3,16.8
20250430230400,28.92599868774414,75.0,0.0,20.0,6.3,33.1
20250430230500,28.92599868774414,75.0,0.0,20.5,6.1,36.2
20250430230600,28.92599868774414,75.0,0.0,20.0,5.9,37.7
20250430230700,28.92599868774414,75.0,0.0,19.3,5.7,29.0
20250430230800,28.92599868774414,75.0,0.0,19.2,6.3,26.4
20250430230900,28.92599868774414,75.0,0.0,20.7,6.2,20.7
20250430231000,28.92599868774414,75.0,0.0,19.9,5.9,33.3
20250430231100,28.92599868774414,75.0,0.0,19.7,5.6,24.2
20250430231200,28.92599868774414,75.0,0.0,19.6,6.4,24.8
20250430231300,28.92599868774414,75.0,0.0,20.8,6.1,18.1
20250430231400,28.92599868774414,75.0,0.0,20.4,5.7,33.5
20250430231500,28.92599868774414,75.0,0.0,20.0,5.7,30.7
20250430231600,28.92599868774414,75.0,0.0,19.4,6.4,35.9
20250430231700,28.92599868774414,75.0,0.0,20.2,6.0,23.9
20250430231800,28.92599868774414,75.0,0.0,20.3,6.4,28.6
20250430231900,28.92599868774414,75.0,0.0,20.7,6.0,16.0
20250430232000,28.92599868774414,75.0,0.0,20.7,6.3,25.6
20250430232100,28.92599868774414,75.0,0.0,19.5,5.8,29.6
20250430232200,28.92599868774414,75.0,0.0,20.8,6.4,17.2
20250430232300,28.92599868774414,75.0,0.0,20.6,6.2,36.4
20250430232400,28.92599868774414,75.0,0.0,19.2,6.2,34.1
20250430232500,28.92599868774414,75.0,0.0,19.2,5.9,24.4
20250430232600,28.92599868774414,75.0,0.0,19.4,5.8,30.6
20250430232700,28.92599868774414,75.0,0.0,19.3,6.0,39.1
20250430232800,28.92599868774414,75.0,0.0,20.9,5.7,16.4
20250430232900,28.92599868774414,75.0,0.0,19.2,5.6,22.1
20250430233000,28.92599868774414,75.0,0.0,20.5,5.8,32.6
20250430233100,28.92599868774414,75.0,0.0,19.1,5.6,26.4
20250430233200,28.92599868774414,75.0,0.0,20.9,6.3,21.9
20250430233300,28.92599868774414,75.0,0.0,20.9,6.4,20.8
20250430233400,28.92599868774414,75.0,0.0,19.0,5.8,18.1
20250430233500,28.92599868774414,75.0,0.0,20.8,6.3,23.7
20250430233600,28.92599868774414,75.0,0.0,20.3,5.7,20.4
20250430233700,28.92599868774414,75.0,0.0,19.3,6.0,31.3
20250430233800,28.92599868774414,75.0,0.0,19.1,5.7,30.3
20250430233900,28.92599868774414,75.0,0.0,19.0,5.9,34.0
20250430234000,28.92599868774414,75.0,0.0,20.1,5.9,29.5
20250430234100,28.92599868774414,75.0,0.0,21.0,6.4,33.7
20250430234200,28.92599868774414,75.0,0.0,20.4,6.2,36.7
20250430234300,28.92599868774414,75.0,0.0,19.2,6.1,23.3
20250430234400,28.92599868774414,75.0,0.0,19.4,5.8,16.4
20250430234500,28.92599868774414,75.0,0.0,20.5,6.0,36.7
20250430234600,28.92599868774414,75.0,0.0,20.5,6.4,39.2
20250430234700,28.92599868774414,75.0,0.0,20.4,6.0,31.8
20250430234800,28.92599868774414,75.0,0.0,20.8,5.9,28.4
20250430234900,28.92599868774414,75.0,0.0,20.6,5.7,34.4
20250430235000,28.92599868774414,75.0,0.0,20.2,6.1,23.5
20250430235100,28.92599868774414,75.0,0.0,20.1,6.1,34.2
20250430235200,28.92599868774414,75.0,0.0,19.3,6.1,26.9
20250430235300,28.92599868774414,75.0,0.0,19.9,5.8,38.7
20250430235400,28.92599868774414,75.0,0.0,19.0,6.4,39.0
20250430235500,28.92599868774414,75.0,0.0,19.9,5.9,33.9
20250430235600,28.92599868774414,75.0,0.0,20.6,6.1,28.1
20250430235700,28.92599868774414,75.0,0.0,20.6,5.6,19.1
20250430235800,28.92599868774414,75.0,0.0,20.9,6.4,31.6
20250430235900,28.92599868774414,75.0,0.0,20.7,6.4,21.9
20250501000000,28.575998306274414,78.0,0.0,20.6,5.7,39.9
20250501000100,28.575998306274414,78.0,0.0,19.8,6.0,28.9
20250501000200,28.575998306274414,78.0,0.0,19.2,6.2,20.2
20250501000300,28.575998306274414,78.0,0.0,20.3,6.1,18.3
20250501000400,28.575998306274414,78.0,0.0,19.1,5.8,33.8
20250501000500,28.575998306274414,78.0,0.0,20.3,6.4,39.7
20250501000600,28.575998306274414,78.0,0.0,20.0,6.0,15.1
20250501000700,28.575998306274414,78.0,0.0,20.7,5.6,23.4
20250501000800,28.575998306274414,78.0,0.0,19.2,6.4,23.8
20250501000900,28.575998306274414,78.0,0.0,19.3,5.8,25.7
20250501001000,28.575998306274414,78.0,0.0,20.8,5.8,18.2
20250501001100,28.575998306274414,78.0,0.0,19.9,6.2,32.2
20250501001200,28.575998306274414,78.0,0.0,20.5,6.4,17.9
20250501001300,28.575998306274414,78.0,0.0,20.3,5.5,17.8
20250501001400,28.575998306274414,78.0,0.0,21.0,6.5,31.8
20250501001500,28.575998306274414,78.0,0.0,20.6,5.8,21.2
20250501001600,28.575998306274414,78.0,0.0,19.7,5.6,18.8
20250501001700,28.575998306274414,78.0,0.0,19.9,5.5,17.7
20250501001800,28.575998306274414,78.0,0.0,19.1,6.1,17.6
20250501001900,28.575998306274414,78.0,0.0,20.8,6.3,22.5
20250501002000,28.575998306274414,78.0,0.0,20.8,6.3,20.0
20250501002100,28.575998306274414,78.0,0.0,19.1,6.1,39.8
20250501002200,28.575998306274414,78.0,0.0,21.0,6.0,32.7
20250501002300,28.575998306274414,78.0,0.0,20.5,5.8,35.5
20250501002400,28.575998306274414,78.0,0.0,20.2,6.4,23.9
20250501002500,28.575998306274414,78.0,0.0,20.2,6.4,18.5
20250501002600,28.575998306274414,78.0,0.0,20.6,6.0,21.1
20250501002700,28.575998306274414,78.0,0.0,19.3,6.0,38.9
20250501002800,28.575998306274414,78.0,0.0,20.0,6.4,20.1
20250501002900,28.575998306274414,78.0,0.0,19.6,6.3,36.4
20250501003000,28.575998306274414,78.0,0.0,20.3,6.1,27.1
20250501003100,28.575998306274414,78.0,0.0,19.3,6.3,18.0
20250501003200,28.575998306274414,78.0,0.0,19.9,6.1,22.3
20250501003300,28.575998306274414,78.0,0.0,20.0,5.5,22.7
20250501003400,28.575998306274414,78.0,0.0,19.7,5.6,37.6
20250501003500,28.575998306274414,78.0,0.0,20.4,5.7,24.3
20250501003600,28.575998306274414,78.0,0.0,19.2,5.5,32.4
20250501003700,28.575998306274414,78.0,0.0,20.9,5.7,23.4
20250501003800,28.575998306274414,78.0,0.0,19.4,6.2,38.8
20250501003900,28.575998306274414,78.0,0.0,19.2,6.3,38.7
20250501004000,28.575998306274414,78.0,0.0,19.1,5.8,22.4
20250501004100,28.575998306274414,78.0,0.0,19.8,5.7,15.2
20250501004200,28.575998306274414,78.0,0.0,20.5,5.6,15.3
20250501004300,28.575998306274414,78.0,0.0,19.2,5.6,38.7
20250501004400,28.575998306274414,78.0,0.0,19.5,5.8,39.1
20250501004500,28.575998306274414,78.0,0.0,20.6,5.7,36.7
20250501004600,28.575998306274414,78.0,0.0,19.9,5.6,22.2
20250501004700,28.575998306274414,78.0,0.0,20.0,6.3,20.9
20250501004800,28.575998306274414,78.0,0.0,20.9,6.4,16.9
20250501004900,28.575998306274414,78.0,0.0,19.4,5.6,30.8
20250501005000,28.575998306274414,78.0,0.0,19.6,5.7,20.1
20250501005100,28.575998306274414,78.0,0.0,19.3,6.3,21.1
20250501005200,28.575998306274414,78.0,0.0,20.0,5.6,34.5
20250501005300,28.575998306274414,78.0,0.0,19.3,6.2,21.2
20250501005400,28.575998306274414,78.0,0.0,19.1,6.1,19.3
20250501005500,28.575998306274414,78.0,0.0,19.1,5.6,36.6
20250501005600,28.575998306274414,78.0,0.0,20.2,5.5,39.1
20250501005700,28.575998306274414,78.0,0.0,19.0,6.2,37.9
20250501005800,28.575998306274414,78.0,0.0,20.2,6.1,25.8
20250501005900,28.575998306274414,78.0,0.0,19.1,6.1,23.8
20250501010000,28.22599983215332,81.0,0.0,19.1,5.7,34.2
20250501010100,28.22599983215332,81.0,0.0,20.7,6.0,22.2
20250501010200,28.22599983215332,81.0,0.0,19.9,5.5,18.2
20250501010300,28.22599983215332,81.0,0.0,20.6,5.7,20.8
20250501010400,28.22599983215332,81.0,0.0,20.5,5.6,35.5
20250501010500,28.22599983215332,81.0,0.0,19.2,5.6,21.7
20250501010600,28.22599983215332,81.0,0.0,19.5,6.4,30.1
20250501010700,28.22599983215332,81.0,0.0,20.9,6.3,34.3
20250501010800,28.22599983215332,81.0,0.0,19.1,5.6,29.3
20250501010900,28.22599983215332,81.0,0.0,20.6,6.5,26.6
20250501011000,28.22599983215332,81.0,0.0,20.4,6.0,34.4
20250501011100,28.22599983215332,81.0,0.0,19.1,5.8,35.3
20250501011200,28.22599983215332,81.0,0.0,19.3,6.1,28.8
20250501011300,28.22599983215332,81.0,0.0,19.3,5.6,16.6
20250501011400,28.22599983215332,81.0,0.0,20.2,5.6,15.7
20250501011500,28.22599983215332,81.0,0.0,21.0,6.2,37.0
20250501011600,28.22599983215332,81.0,0.0,19.2,5.8,19.9
20250501011700,28.22599983215332,81.0,0.0,20.5,5.8,27.4
20250501011800,28.22599983215332,81.0,0.0,20.0,5.5,29.5
20250501011900,28.22599983215332,81.0,0.0,19.6,6.4,32.8
20250501012000,28.22599983215332,81.0,0.0,21.0,6.0,18.6
20250501012100,28.22599983215332,81.0,0.0,19.6,6.2,23.9
20250501012200,28.22599983215332,81.0,0.0,20.9,5.6,31.7
20250501012300,28.22599983215332,81.0,0.0,19.1,6.3,23.1
20250501012400,28.22599983215332,81.0,0.0,19.1,6.3,23.9
20250501012500,28.22599983215332,81.0,0.0,19.2,6.3,38.0
20250501012600,28.22599983215332,81.0,0.0,20.5,5.9,37.2
20250501012700,28.22599983215332,81.0,0.0,19.7,6.0,39.6
20250501012800,28.22599983215332,81.0,0.0,19.7,6.1,34.9
20250501012900,28.22599983215332,81.0,0.0,19.4,5.9,27.1
20250501013000,28.22599983215332,81.0,0.0,20.0,6.3,19.8
20250501013100,28.22599983215332,81.0,0.0,19.4,6.2,37.3
20250501013200,28.22599983215332,81.0,0.0,19.0,6.0,31.1
20250501013300,28.22599983215332,81.0,0.0,19.1,6.2,33.8
20250501013400,28.22599983215332,81.0,0.0,19.2,5.9,36.2
20250501013500,28.22599983215332,81.0,0.0,19.9,5.7,32.2
20250501013600,28.22599983215332,81.0,0.0,19.7,6.2,26.9
20250501013700,28.22599983215332,81.0,0.0,19.4,6.2,32.9
20250501013800,28.22599983215332,81.0,0.0,20.5,5.8,17.7
20250501013900,28.22599983215332,81.0,0.0,19.6,5.6,35.2
20250501014000,28.22599983215332,81.0,0.0,19.4,6.2,35.4
20250501014100,28.22599983215332,81.0,0.0,19.7,5.6,27.3
20250501014200,28.22599983215332,81.0,0.0,19.5,6.0,32.2
20250501014300,28.22599983215332,81.0,0.0,19.0,6.0,22.7
20250501014400,28.22599983215332,81.0,0.0,20.5,6.3,31.1
20250501014500,28.22599983215332,81.0,0.0,19.8,5.8,36.5
20250501014600,28.22599983215332,81.0,0.0,19.8,6.3,29.2
20250501014700,28.22599983215332,81.0,0.0,19.5,5.6,37.3
20250501014800,28.22599983215332,81.0,0.0,20.0,5.9,32.9
20250501014900,28.22599983215332,81.0,0.0,19.8,6.4,16.5
20250501015000,28.22599983215332,81.0,0.0,19.5,5.9,38.1
20250501015100,28.22599983215332,81.0,0.0,19.7,5.7,27.6
20250501015200,28.22599983215332,81.0,0.0,19.5,5.8,34.1
20250501015300,28.22599983215332,81.0,0.0,21.0,6.5,16.7
20250501015400,28.22599983215332,81.0,0.0,19.5,6.4,25.8
20250501015500,28.22599983215332,81.0,0.0,20.8,5.6,21.0
20250501015600,28.22599983215332,81.0,0.0,20.4,5.8,33.2
20250501015700,28.22599983215332,81.0,0.0,20.6,6.4,33.6
20250501015800,28.22599983215332,81.0,0.0,20.8,6.0,35.5
20250501015900,28.22599983215332,81.0,0.0,19.2,6.2,22.8
20250501020000,27.825998306274414,84.0,0.0,20.6,6.4,29.3
20250501020100,27.825998306274414,84.0,0.0,20.4,6.2,34.4
20250501020200,27.825998306274414,84.0,0.0,20.8,5.9,25.5
20250501020300,27.825998306274414,84.0,0.0,20.0,6.0,29.3
20250501020400,27.825998306274414,84.0,0.0,20.1,6.4,19.8
20250501020500,27.825998306274414,84.0,0.0,19.2,5.5,21.2
20250501020600,27.825998306274414,84.0,0.0,19.9,5.8,24.3
20250501020700,27.825998306274414,84.0,0.0,20.4,6.4,35.4
20250501020800,27.825998306274414,84.0,0.0,19.3,5.6,25.0
20250501020900,27.825998306274414,84.0,0.0,19.8,6.2,31.3
20250501021000,27.825998306274414,84.0,0.0,19.7,6.1,29.0
20250501021100,27.825998306274414,84.0,0.0,19.9,6.0,25.2
20250501021200,27.825998306274414,84.0,0.0,20.2,6.1,15.4
20250501021300,27.825998306274414,84.0,0.0,19.2,5.8,27.0
20250501021400,27.825998306274414,84.0,0.0,20.3,6.0,22.8
20250501021500,27.825998306274414,84.0,0.0,19.1,6.1,20.0
20250501021600,27.825998306274414,84.0,0.0,20.6,5.9,29.3
20250501021700,27.825998306274414,84.0,0.0,20.8,5.7,30.0
20250501021800,27.825998306274414,84.0,0.0,19.3,6.2,29.2
20250501021900,27.825998306274414,84.0,0.0,19.6,6.3,34.5
20250501022000,27.825998306274414,84.0,0.0,20.6,6.0,23.3
20250501022100,27.825998306274414,84.0,0.0,19.8,6.0,32.6
20250501022200,27.825998306274414,84.0,0.0,19.3,5.7,31.7
20250501022300,27.825998306274414,84.0,0.0,20.1,5.6,37.9
20250501022400,27.825998306274414,84.0,0.0,20.9,6.4,36.3
20250501022500,27.825998306274414,84.0,0.0,19.7,6.1,27.3
20250501022600,27.825998306274414,84.0,0.0,19.7,5.5,25.8
20250501022700,27.825998306274414,84.0,0.0,19.6,6.4,16.6
20250501022800,27.825998306274414,84.0,0.0,20.0,5.5,21.4
20250501022900,27.825998306274414,84.0,0.0,19.7,5.8,18.5
20250501023000,27.825998306274414,84.0,0.0,20.8,6.0,30.8
20250501023100,27.825998306274414,84.0,0.0,19.7,6.2,19.6
20250501023200,27.825998306274414,84.0,0.0,20.8,6.5,33.7
20250501023300,27.825998306274414,84.0,0.0,20.7,6.4,22.7
20250501023400,27.825998306274414,84.0,0.0,19.4,6.4,29.3
20250501023500,27.825998306274414,84.0,0.0,20.7,5.6,20.5
20250501023600,27.825998306274414,84.0,0.0,20.9,6.3,38.8
20250501023700,27.825998306274414,84.0,0.0,19.6,5.8,18.9
20250501023800,27.825998306274414,84.0,0.0,19.2,5.9,16.1
20250501023900,27.825998306274414,84.0,0.0,19.2,5.7,19.3
20250501024000,27.825998306274414,84.0,0.0,19.3,5.6,24.9
20250501024100,27.825998306274414,84.0,0.0,20.7,6.5,38.2
20250501024200,27.825998306274414,84.0,0.0,20.9,5.5,17.2
20250501024300,27.825998306274414,84.0,0.0,20.6,5.8,31.3
20250501024400,27.825998306274414,84.0,0.0,19.5,6.4,36.9
20250501024500,27.825998306274414,84.0,0.0,20.3,6.4,21.5
20250501024600,27.825998306274414,84.0,0.0,20.3,6.1,33.3
20250501024700,27.825998306274414,84.0,0.0,20.8,6.4,27.0
20250501024800,27.825998306274414,84.0,0.0,20.8,5.8,17.2
20250501024900,27.825998306274414,84.0,0.0,20.2,5.6,35.4
20250501025000,27.825998306274414,84.0,0.0,19.3,5.8,29.3
20250501025100,27.825998306274414,84.0,0.0,19.3,5.6,38.9
20250501025200,27.825998306274414,84.0,0.0,20.0,6.2,18.0
20250501025300,27.825998306274414,84.0,0.0,20.4,6.0,20.8
20250501025400,27.825998306274414,84.0,0.0,20.2,6.1,15.6
20250501025500,27.825998306274414,84.0,0.0,19.9,6.3,38.7
20250501025600,27.825998306274414,84.0,0.0,19.6,6.4,26.3
20250501025700,27.825998306274414,84.0,0.0,19.5,6.2,36.9
20250501025800,27.825998306274414,84.0,0.0,19.1,5.9,35.2
20250501025900,27.825998306274414,84.0,0.0,19.9,5.6,38.1
20250501030000,27.47599983215332,87.0,0.0,19.5,5.5,15.5
20250501030100,27.47599983215332,87.0,0.0,20.7,5.8,24.7
20250501030200,27.47599983215332,87.0,0.0,19.8,6.3,21.1
20250501030300,27.47599983215332,87.0,0.0,20.7,6.2,15.9
20250501030400,27.47599983215332,87.0,0.0,19.8,6.4,38.1
20250501030500,27.47599983215332,87.0,0.0,19.4,5.6,35.4
20250501030600,27.47599983215332,87.0,0.0,19.8,6.0,28.8
20250501030700,27.47599983215332,87.0,0.0,20.0,5.7,22.9
20250501030800,27.47599983215332,87.0,0.0,20.0,5.7,37.4
20250501030900,27.47599983215332,87.0,0.0,21.0,5.8,29.0
20250501031000,27.47599983215332,87.0,0.0,21.0,6.0,23.6
20250501031100,27.47599983215332,87.0,0.0,20.0,6.2,37.1
20250501031200,27.47599983215332,87.0,0.0,19.0,6.0,27.3
20250501031300,27.47599983215332,87.0,0.0,19.5,6.4,32.4
20250501031400,27.47599983215332,87.0,0.0,19.6,5.6,15.7
20250501031500,27.47599983215332,87.0,0.0,20.7,5.5,37.0
20250501031600,27.47599983215332,87.0,0.0,19.4,5.6,15.4
20250501031700,27.47599983215332,87.0,0.0,20.2,5.7,26.1
20250501031800,27.47599983215332,87.0,0.0,20.1,5.7,18.8
20250501031900,27.47599983215332,87.0,0.0,19.7,6.4,26.8
20250501032000,27.47599983215332,87.0,0.0,20.8,6.2,20.6
20250501032100,27.47599983215332,87.0,0.0,20.0,6.2,35.1
20250501032200,27.47599983215332,87.0,0.0,20.4,5.5,38.4
20250501032300,27.47599983215332,87.0,0.0,20.5,6.4,17.1
20250501032400,27.47599983215332,87.0,0.0,19.5,5.9,30.5
20250501032500,27.47599983215332,87.0,0.0,20.6,5.9,30.8
20250501032600,27.47599983215332,87.0,0.0,19.4,6.1,36.7
20250501032700,27.47599983215332,87.0,0.0,20.0,6.4,29.8
20250501032800,27.47599983215332,87.0,0.0,20.6,6.5,24.7
20250501032900,27.47599983215332,87.0,0.0,19.9,6.4,27.5
20250501033000,27.47599983215332,87.0,0.0,20.1,6.1,25.3
20250501033100,27.47599983215332,87.0,0.0,19.8,5.5,30.5
20250501033200,27.47599983215332,87.0,0.0,19.2,5.8,39.3
20250501033300,27.47599983215332,87.0,0.0,19.4,6.1,24.8
20250501033400,27.47599983215332,87.0,0.0,20.1,6.5,32.5
20250501033500,27.47599983215332,87.0,0.0,19.7,5.9,28.8
20250501033600,27.47599983215332,87.0,0.0,19.9,6.1,21.2
20250501033700,27.47599983215332,87.0,0.0,20.3,5.6,28.9
20250501033800,27.47599983215332,87.0,0.0,19.7,5.6,32.7
20250501033900,27.47599983215332,87.0,0.0,20.3,5.8,35.4
20250501034000,27.47599983215332,87.0,0.0,20.5,6.0,30.0
20250501034100,27.47599983215332,87.0,0.0,20.8,5.7,38.8
20250501034200,27.47599983215332,87.0,0.0,19.5,6.1,24.2
20250501034300,27.47599983215332,87.0,0.0,19.0,5.5,27.6
20250501034400,27.47599983215332,87.0,0.0,19.5,6.4,38.3
20250501034500,27.47599983215332,87.0,0.0,20.1,5.6,22.6
20250501034600,27.47599983215332,87.0,0.0,19.1,6.1,27.4
20250501034700,27.47599983215332,87.0,0.0,19.8,6.1,28.1
20250501034800,27.47599983215332,87.0,0.0,19.8,6.0,22.8
20250501034900,27.47599983215332,87.0,0.0,19.4,6.2,38.4
20250501035000,27.47599983215332,87.0,0.0,19.8,6.0,28.6
20250501035100,27.47599983215332,87.0,0.0,21.0,6.3,28.6
20250501035200,27.47599983215332,87.0,0.0,19.2,5.9,23.4
20250501035300,27.47599983215332,87.0,0.0,19.9,5.9,16.3
20250501035400,27.47599983215332,87.0,0.0,19.4,6.0,18.9
20250501035500,27.47599983215332,87.0,0.0,19.9,5.7,23.5
20250501035600,27.47599983215332,87.0,0.0,20.9,5.7,21.2
20250501035700,27.47599983215332,87.0,0.0,20.0,6.1,37.6
20250501035800,27.47599983215332,87.0,0.0,19.6,6.1,24.1
20250501035900,27.47599983215332,87.0,0.0,19.5,5.6,28.5
20250501040000,27.325998306274414,88.0,0.0,20.1,5.8,35.6
20250501040100,27.325998306274414,88.0,0.0,20.3,6.2,22.2
20250501040200,27.325998306274414,88.0,0.0,20.0,5.6,38.9
20250501040300,27.325998306274414,88.0,0.0,19.0,5.9,25.7
20250501040400,27.325998306274414,88.0,0.0,19.4,5.7,36.0
20250501040500,27.325998306274414,88.0,0.0,20.5,5.6,19.0
20250501040600,27.325998306274414,88.0,0.0,20.8,5.7,25.7
20250501040700,27.325998306274414,88.0,0.0,19.7,5.6,19.2
20250501040800,27.325998306274414,88.0,0.0,19.5,6.5,32.2
20250501040900,27.325998306274414,88.0,0.0,19.7,6.4,36.9
20250501041000,27.325998306274414,88.0,0.0,19.1,6.4,18.7
20250501041100,27.325998306274414,88.0,0.0,20.1,5.8,31.5
20250501041200,27.325998306274414,88.0,0.0,19.8,6.2,38.8
20250501041300,27.325998306274414,88.0,0.0,20.3,6.0,27.9
20250501041400,27.325998306274414,88.0,0.0,19.3,5.8,27.6
20250501041500,27.325998306274414,88.0,0.0,19.3,6.1,15.2
20250501041600,27.325998306274414,88.0,0.0,20.1,5.8,29.0
20250501041700,27.325998306274414,88.0,0.0,19.9,5.5,38.4
20250501041800,27.325998306274414,88.0,0.0,19.0,6.3,16.8
20250501041900,27.325998306274414,88.0,0.0,19.6,5.9,22.8
20250501042000,27.325998306274414,88.0,0.0,19.1,6.4,25.6
20250501042100,27.325998306274414,88.0,0.0,19.2,5.8,32.8
20250501042200,27.325998306274414,88.0,0.0,19.3,5.8,35.9
20250501042300,27.325998306274414,88.0,0.0,20.2,6.0,28.7
20250501042400,27.325998306274414,88.0,0.0,20.0,6.2,31.5
20250501042500,27.325998306274414,88.0,0.0,20.0,6.4,23.4
20250501042600,27.325998306274414,88.0,0.0,20.9,5.6,32.4
20250501042700,27.325998306274414,88.0,0.0,19.8,6.2,15.6
20250501042800,27.325998306274414,88.0,0.0,20.6,5.8,29.2
20250501042900,27.325998306274414,88.0,0.0,20.7,6.2,20.1
20250501043000,27.325998306274414,88.0,0.0,19.6,6.4,32.7
20250501043100,27.325998306274414,88.0,0.0,19.6,6.1,28.7
20250501043200,27.325998306274414,88.0,0.0,20.2,6.2,33.4
20250501043300,27.325998306274414,88.0,0.0,20.4,6.0,35.8
20250501043400,27.325998306274414,88.0,0.0,20.8,6.2,29.0
20250501043500,27.325998306274414,88.0,0.0,19.9,6.0,16.3
20250501043600,27.325998306274414,88.0,0.0,20.5,5.6,30.2
20250501043700,27.325998306274414,88.0,0.0,19.9,6.0,33.6
20250501043800,27.325998306274414,88.0,0.0,19.2,5.6,39.5
20250501043900,27.325998306274414,88.0,0.0,20.3,5.6,39.9
20250501044000,27.325998306274414,88.0,0.0,20.3,5.6,34.9
20250501044100,27.325998306274414,88.0,0.0,20.9,5.7,22.6
20250501044200,27.325998306274414,88.0,0.0,19.2,5.8,33.8
20250501044300,27.325998306274414,88.0,0.0,20.1,6.1,17.4
20250501044400,27.325998306274414,88.0,0.0,20.7,5.5,16.6
20250501044500,27.325998306274414,88.0,0.0,19.6,6.1,20.1
20250501044600,27.325998306274414,88.0,0.0,20.4,6.4,35.6
20250501044700,27.325998306274414,88.0,0.0,20.8,5.5,29.0
20250501044800,27.325998306274414,88.0,0.0,19.2,5.7,18.3
20250501044900,27.325998306274414,88.0,0.0,19.3,5.7,33.5
20250501045000,27.325998306274414,88.0,0.0,19.4,5.8,37.0
20250501045100,27.325998306274414,88.0,0.0,20.8,5.5,17.9
20250501045200,27.325998306274414,88.0,0.0,19.8,6.3,24.5
20250501045300,27.325998306274414,88.0,0.0,19.1,5.7,16.0
20250501045400,27.325998306274414,88.0,0.0,19.7,6.2,25.9
20250501045500,27.325998306274414,88.0,0.0,20.5,6.3,30.5
20250501045600,27.325998306274414,88.0,0.0,20.8,6.4,36.8
20250501045700,27.325998306274414,88.0,0.0,19.6,6.4,18.1
20250501045800,27.325998306274414,88.0,0.0,20.7,5.9,23.5
20250501045900,27.325998306274414,88.0,0.0,19.5,6.1,20.6
20250501050000,27.42599868774414,89.0,0.0,20.6,6.0,28.7
20250501050100,27.42599868774414,89.0,0.0,20.0,6.0,38.1
20250501050200,27.42599868774414,89.0,0.0,19.1,6.1,16.5
20250501050300,27.42599868774414,89.0,0.0,20.3,5.5,19.2
20250501050400,27.42599868774414,89.0,0.0,19.1,6.3,22.7
20250501050500,27.42599868774414,89.0,0.0,19.5,6.4,31.9
20250501050600,27.42599868774414,89.0,0.0,19.8,5.6,15.3
20250501050700,27.42599868774414,89.0,0.0,19.8,5.7,25.5
20250501050800,27.42599868774414,89.0,0.0,20.7,6.3,27.3
20250501050900,27.42599868774414,89.0,0.0,20.9,6.3,16.8
20250501051000,27.42599868774414,89.0,0.0,20.5,6.4,32.8
20250501051100,27.42599868774414,89.0,0.0,19.2,5.6,32.1
20250501051200,27.42599868774414,89.0,0.0,19.7,5.6,25.9
20250501051300,27.42599868774414,89.0,0.0,20.6,5.6,21.1
20250501051400,27.42599868774414,89.0,0.0,20.2,6.3,30.2
20250501051500,27.42599868774414,89.0,0.0,19.6,5.6,15.4
20250501051600,27.42599868774414,89.0,0.0,19.9,6.0,36.2
20250501051700,27.42599868774414,89.0,0.0,19.3,5.9,20.6
20250501051800,27.42599868774414,89.0,0.0,19.3,5.8,33.1
20250501051900,27.42599868774414,89.0,0.0,19.1,6.4,35.0
20250501052000,27.42599868774414,89.0,0.0,20.8,5.7,16.4
20250501052100,27.42599868774414,89.0,0.0,20.6,6.2,25.9
20250501052200,27.42599868774414,89.0,0.0,19.5,5.9,33.0
20250501052300,27.42599868774414,89.0,0.0,20.7,6.3,34.0
20250501052400,27.42599868774414,89.0,0.0,21.0,5.9,29.8
20250501052500,27.42599868774414,89.0,0.0,20.0,5.9,20.5
20250501052600,27.42599868774414,89.0,0.0,19.7,5.7,39.2
20250501052700,27.42599868774414,89.0,0.0,19.9,6.4,15.9
20250501052800,27.42599868774414,89.0,0.0,19.5,5.8,16.1
20250501052900,27.42599868774414,89.0,0.0,19.2,6.1,19.9
20250501053000,27.42599868774414,89.0,0.0,19.5,6.4,15.6
20250501053100,27.42599868774414,89.0,0.0,19.5,5.7,16.2
20250501053200,27.42599868774414,89.0,0.0,19.9,6.0,24.9
20250501053300,27.42599868774414,89.0,0.0,20.2,5.6,37.1
20250501053400,27.42599868774414,89.0,0.0,20.7,6.3,38.9
20250501053500,27.42599868774414,89.0,0.0,19.8,5.8,38.2
20250501053600,27.42599868774414,89.0,0.0,19.5,6.4,21.1
20250501053700,27.42599868774414,89.0,0.0,19.1,6.5,38.3
20250501053800,27.42599868774414,89.0,0.0,20.3,6.2,22.2
20250501053900,27.42599868774414,89.0,0.0,20.8,5.6,32.5
20250501054000,27.42599868774414,89.0,0.0,19.5,6.1,25.8
20250501054100,27.42599868774414,89.0,0.0,20.6,6.4,26.9
20250501054200,27.42599868774414,89.0,0.0,19.1,5.9,21.8
20250501054300,27.42599868774414,89.0,0.0,19.7,5.7,15.5
20250501054400,27.42599868774414,89.0,0.0,20.4,5.6,25.1
20250501054500,27.42599868774414,89.0,0.0,19.3,5.9,16.6
20250501054600,27.42599868774414,89.0,0.0,20.0,5.5,28.5
20250501054700,27.42599868774414,89.0,0.0,19.1,5.8,15.4
20250501054800,27.42599868774414,89.0,0.0,19.7,6.2,25.4
20250501054900,27.42599868774414,89.0,0.0,20.8,6.5,17.0
20250501055000,27.42599868774414,89.0,0.0,20.3,5.9,24.7
20250501055100,27.42599868774414,89.0,0.0,19.1,5.8,17.3
20250501055200,27.42599868774414,89.0,0.0,20.1,6.1,27.4
20250501055300,27.42599868774414,89.0,0.0,20.1,6.1,28.3
20250501055400,27.42599868774414,89.0,0.0,20.4,6.3,34.3
20250501055500,27.42599868774414,89.0,0.0,19.4,5.5,32.4
20250501055600,27.42599868774414,89.0,0.0,20.6,6.5,21.2
20250501055700,27.42599868774414,89.0,0.0,19.2,6.1,32.8
20250501055800,27.42599868774414,89.0,0.0,20.3,6.2,23.0
20250501055900,27.42599868774414,89.0,0.0,20.2,5.7,31.8
20250501060000,27.775999069213867,88.0,0.0,20.3,6.1,18.8
20250501060100,27.775999069213867,88.0,0.0,19.1,6.3,33.4
20250501060200,27.775999069213867,88.0,0.0,19.2,5.8,20.5
20250501060300,27.775999069213867,88.0,0.0,19.5,5.9,20.1
20250501060400,27.775999069213867,88.0,0.0,19.7,6.3,39.3
20250501060500,27.775999069213867,88.0,0.0,20.9,6.3,24.3
20250501060600,27.775999069213867,88.0,0.0,20.6,6.0,25.2
20250501060700,27.775999069213867,88.0,0.0,19.0,6.3,23.6
20250501060800,27.775999069213867,88.0,0.0,19.4,6.0,25.5
20250501060900,27.775999069213867,88.0,0.0,19.5,6.4,33.4
20250501061000,27.775999069213867,88.0,0.0,20.4,5.5,35.8
20250501061100,27.775999069213867,88.0,0.0,20.4,5.7,26.7
20250501061200,27.775999069213867,88.0,0.0,20.7,6.3,38.0
20250501061300,27.775999069213867,88.0,0.0,19.2,5.5,15.4
20250501061400,27.775999069213867,88.0,0.0,19.9,5.7,37.5
20250501061500,27.775999069213867,88.0,0.0,20.8,5.6,36.6
20250501061600,27.775999069213867,88.0,0.0,20.5,5.8,26.9
20250501061700,27.775999069213867,88.0,0.0,20.8,6.2,32.3
20250501061800,27.775999069213867,88.0,0.0,20.1,5.7,25.1
20250501061900,27.775999069213867,88.0,0.0,19.5,6.1,26.9
20250501062000,27.775999069213867,88.0,0.0,21.0,5.7,36.9
20250501062100,27.775999069213867,88.0,0.0,19.1,5.6,28.6
20250501062200,27.775999069213867,88.0,0.0,20.5,6.1,21.2
20250501062300,27.775999069213867,88.0,0.0,20.6,6.0,35.3
20250501062400,27.775999069213867,88.0,0.0,20.6,6.5,32.5
20250501062500,27.775999069213867,88.0,0.0,20.7,5.8,29.4
20250501062600,27.775999069213867,88.0,0.0,19.8,5.6,36.0
20250501062700,27.775999069213867,88.0,0.0,20.5,5.9,33.1
20250501062800,27.775999069213867,88.0,0.0,20.3,5.8,35.1
20250501062900,27.775999069213867,88.0,0.0,20.6,6.4,31.1
20250501063000,27.775999069213867,88.0,0.0,20.9,6.1,35.5
20250501063100,27.775999069213867,88.0,0.0,20.1,6.0,36.5
20250501063200,27.775999069213867,88.0,0.0,19.6,5.5,33.9
20250501063300,27.775999069213867,88.0,0.0,20.1,5.8,30.4
20250501063400,27.775999069213867,88.0,0.0,20.6,5.9,17.3
20250501063500,27.775999069213867,88.0,0.0,19.7,6.2,32.8
20250501063600,27.775999069213867,88.0,0.0,19.5,6.4,22.0
20250501063700,27.775999069213867,88.0,0.0,19.3,5.5,37.6
20250501063800,27.775999069213867,88.0,0.0,19.6,6.4,26.2
20250501063900,27.775999069213867,88.0,0.0,19.9,6.1,37.2
20250501064000,27.775999069213867,88.0,0.0,19.0,5.7,31.2
20250501064100,27.775999069213867,88.0,0.0,20.2,6.0,27.2
20250501064200,27.775999069213867,88.0,0.0,20.3,5.6,29.5
20250501064300,27.775999069213867,88.0,0.0,19.3,5.8,15.7
20250501064400,27.775999069213867,88.0,0.0,20.9,6.2,23.4
20250501064500,27.775999069213867,88.0,0.0,21.0,5.9,20.6
20250501064600,27.775999069213867,88.0,0.0,20.4,5.9,17.9
20250501064700,27.775999069213867,88.0,0.0,19.6,5.8,16.4
20250501064800,27.775999069213867,88.0,0.0,19.5,6.1,26.9
20250501064900,27.775999069213867,88.0,0.0,20.8,6.5,32.5
20250501065000,27.775999069213867,88.0,0.0,19.7,6.5,36.5
20250501065100,27.775999069213867,88.0,0.0,19.6,5.7,21.1
20250501065200,27.775999069213867,88.0,0.0,20.0,5.6,28.6
20250501065300,27.775999069213867,88.0,0.0,20.4,6.3,26.1
20250501065400,27.775999069213867,88.0,0.0,20.3,6.1,21.7
20250501065500,27.775999069213867,88.0,0.0,19.1,6.5,15.9
20250501065600,27.775999069213867,88.0,0.0,20.7,6.2,20.5
20250501065700,27.775999069213867,88.0,0.0,20.2,5.5,35.0
20250501065800,27.775999069213867,88.0,0.0,20.0,6.0,20.8
20250501065900,27.775999069213867,88.0,0.0,19.9,6.3,26.8
20250501070000,28.375999450683594,86.0,0.0,19.2,6.1,19.2
20250501070100,28.375999450683594,86.0,0.0,20.2,6.3,18.2
20250501070200,28.375999450683594,86.0,0.0,19.2,6.5,33.5
20250501070300,28.375999450683594,86.0,0.0,19.6,5.6,30.8
20250501070400,28.375999450683594,86.0,0.0,19.3,6.4,22.2
20250501070500,28.375999450683594,86.0,0.0,20.6,6.4,30.2
20250501070600,28.375999450683594,86.0,0.0,19.8,5.9,32.5
20250501070700,28.375999450683594,86.0,0.0,20.7,6.3,18.2
20250501070800,28.375999450683594,86.0,0.0,19.7,6.3,38.2
20250501070900,28.375999450683594,86.0,0.0,21.0,5.8,21.0
20250501071000,28.375999450683594,86.0,0.0,20.9,6.0,27.6
20250501071100,28.375999450683594,86.0,0.0,20.2,6.1,26.2
20250501071200,28.375999450683594,86.0,0.0,20.3,6.1,15.8
20250501071300,28.375999450683594,86.0,0.0,20.8,5.7,36.8
20250501071400,28.375999450683594,86.0,0.0,20.8,5.7,28.9
20250501071500,28.375999450683594,86.0,0.0,20.9,6.2,28.0
20250501071600,28.375999450683594,86.0,0.0,19.2,5.6,27.8
20250501071700,28.375999450683594,86.0,0.0,19.3,6.5,34.6
20250501071800,28.375999450683594,86.0,0.0,19.8,5.5,19.4
20250501071900,28.375999450683594,86.0,0.0,20.7,5.5,32.9
20250501072000,28.375999450683594,86.0,0.0,19.9,5.9,22.1
20250501072100,28.375999450683594,86.0,0.0,20.6,5.9,37.5
20250501072200,28.375999450683594,86.0,0.0,19.9,6.4,38.3
20250501072300,28.375999450683594,86.0,0.0,19.5,5.9,20.5
20250501072400,28.375999450683594,86.0,0.0,20.9,6.0,26.6
20250501072500,28.375999450683594,86.0,0.0,19.2,6.4,30.0
20250501072600,28.375999450683594,86.0,0.0,19.1,6.3,18.5
20250501072700,28.375999450683594,86.0,0.0,20.6,6.3,35.7
20250501072800,28.375999450683594,86.0,0.0,19.9,6.3,29.2
20250501072900,28.375999450683594,86.0,0.0,19.9,5.5,30.2
20250501073000,28.375999450683594,86.0,0.0,20.4,6.4,29.8
20250501073100,28.375999450683594,86.0,0.0,19.3,5.9,37.3
20250501073200,28.375999450683594,86.0,0.0,19.6,6.3,36.8
20250501073300,28.375999450683594,86.0,0.0,19.2,5.5,27.7
20250501073400,28.375999450683594,86.0,0.0,19.3,6.1,32.9
20250501073500,28.375999450683594,86.0,0.0,20.4,6.2,32.2
20250501073600,28.375999450683594,86.0,0.0,19.2,5.5,36.2
20250501073700,28.375999450683594,86.0,0.0,20.4,5.6,27.3
20250501073800,28.375999450683594,86.0,0.0,20.6,5.9,33.6
20250501073900,28.375999450683594,86.0,0.0,20.4,6.2,38.1
20250501074000,28.375999450683594,86.0,0.0,20.0,6.2,16.2
20250501074100,28.375999450683594,86.0,0.0,19.1,5.9,32.7
20250501074200,28.375999450683594,86.0,0.0,19.7,5.9,18.1
20250501074300,28.375999450683594,86.0,0.0,19.0,6.5,30.4
20250501074400,28.375999450683594,86.0,0.0,19.0,6.3,31.1
20250501074500,28.375999450683594,86.0,0.0,19.5,6.3,18.0
20250501074600,28.375999450683594,86.0,0.0,19.3,6.2,26.2
20250501074700,28.375999450683594,86.0,0.0,19.3,6.3,27.2
20250501074800,28.375999450683594,86.0,0.0,20.9,6.1,20.9
20250501074900,28.375999450683594,86.0,0.0,19.8,5.6,38.4
20250501075000,28.375999450683594,86.0,0.0,20.8,6.3,16.2
20250501075100,28.375999450683594,86.0,0.0,20.1,5.7,21.6
20250501075200,28.375999450683594,86.0,0.0,20.3,6.4,19.0
20250501075300,28.375999450683594,86.0,0.0,20.1,6.1,28.4
20250501075400,28.375999450683594,86.0,0.0,20.5,6.5,29.4
20250501075500,28.375999450683594,86.0,0.0,19.6,6.1,37.2
20250501075600,28.375999450683594,86.0,0.0,20.4,6.2,25.8
20250501075700,28.375999450683594,86.0,0.0,20.9,5.8,18.1
20250501075800,28.375999450683594,86.0,0.0,19.5,6.0,25.3
20250501075900,28.375999450683594,86.0,0.0,20.7,5.7,17.1
20250501080000,29.42599868774414,80.0,0.0,19.3,6.3,16.1
20250501080100,29.42599868774414,80.0,0.0,19.9,5.7,27.8
20250501080200,29.42599868774414,80.0,0.0,19.8,5.6,37.2
20250501080300,29.42599868774414,80.0,0.0,19.5,5.8,28.5
20250501080400,29.42599868774414,80.0,0.0,19.3,6.3,31.5
20250501080500,29.42599868774414,80.0,0.0,19.7,6.0,30.5
20250501080600,29.42599868774414,80.0,0.0,19.6,6.5,37.4
20250501080700,29.42599868774414,80.0,0.0,19.6,6.3,19.9
20250501080800,29.42599868774414,80.0,0.0,20.8,6.1,25.0
20250501080900,29.42599868774414,80.0,0.0,19.6,6.3,31.0
20250501081000,29.42599868774414,80.0,0.0,20.4,6.0,15.2
20250501081100,29.42599868774414,80.0,0.0,19.3,6.1,29.4
20250501081200,29.42599868774414,80.0,0.0,20.4,6.1,33.2
20250501081300,29.42599868774414,80.0,0.0,19.5,5.9,22.2
20250501081400,29.42599868774414,80.0,0.0,21.0,6.4,17.0
20250501081500,29.42599868774414,80.0,0.0,19.6,6.0,16.9
20250501081600,29.42599868774414,80.0,0.0,19.1,6.3,18.7
20250501081700,29.42599868774414,80.0,0.0,19.4,5.7,30.4
20250501081800,29.42599868774414,80.0,0.0,19.4,5.8,23.7
20250501081900,29.42599868774414,80.0,0.0,20.4,5.6,32.9
20250501082000,29.42599868774414,80.0,0.0,19.3,5.9,35.2
20250501082100,29.42599868774414,80.0,0.0,20.4,5.5,30.7
20250501082200,29.42599868774414,80.0,0.0,20.4,6.3,19.5
20250501082300,29.42599868774414,80.0,0.0,19.2,6.2,31.1
20250501082400,29.42599868774414,80.0,0.0,20.8,6.4,21.2
20250501082500,29.42599868774414,80.0,0.0,19.6,5.7,37.0
20250501082600,29.42599868774414,80.0,0.0,20.8,6.1,37.9
20250501082700,29.42599868774414,80.0,0.0,20.9,6.3,19.2
20250501082800,29.42599868774414,80.0,0.0,20.6,6.5,35.1
20250501082900,29.42599868774414,80.0,0.0,19.7,5.9,37.2
20250501083000,29.42599868774414,80.0,0.0,20.2,6.0,32.0
20250501083100,29.42599868774414,80.0,0.0,19.1,6.0,26.9
20250501083200,29.42599868774414,80.0,0.0,19.3,5.8,33.5
20250501083300,29.42599868774414,80.0,0.0,19.1,5.7,26.1
20250501083400,29.42599868774414,80.0,0.0,19.7,5.6,23.4
20250501083500,29.42599868774414,80.0,0.0,20.3,5.8,19.7
20250501083600,29.42599868774414,80.0,0.0,19.9,5.6,30.2
20250501083700,29.42599868774414,80.0,0.0,20.1,5.9,32.8
20250501083800,29.42599868774414,80.0,0.0,19.3,5.7,29.5
20250501083900,29.42599868774414,80.0,0.0,19.2,5.5,37.5
20250501084000,29.42599868774414,80.0,0.0,20.4,6.2,32.7
20250501084100,29.42599868774414,80.0,0.0,19.5,5.9,19.1
20250501084200,29.42599868774414,80.0,0.0,19.4,5.9,17.9
20250501084300,29.42599868774414,80.0,0.0,21.0,6.4,32.2
20250501084400,29.42599868774414,80.0,0.0,21.0,5.6,36.3
20250501084500,29.42599868774414,80.0,0.0,20.7,6.1,24.1
20250501084600,29.42599868774414,80.0,0.0,19.3,6.0,25.0
20250501084700,29.42599868774414,80.0,0.0,20.1,5.9,32.7
20250501084800,29.42599868774414,80.0,0.0,20.1,5.9,33.7
20250501084900,29.42599868774414,80.0,0.0,20.6,5.8,30.9
20250501085000,29.42599868774414,80.0,0.0,20.3,6.4,19.7
20250501085100,29.42599868774414,80.0,0.0,20.0,5.7,28.4
20250501085200,29.42599868774414,80.0,0.0,20.5,5.8,32.7
20250501085300,29.42599868774414,80.0,0.0,21.0,6.1,37.9
20250501085400,29.42599868774414,80.0,0.0,20.9,6.2,29.9
20250501085500,29.42599868774414,80.0,0.0,20.4,6.3,22.4
20250501085600,29.42599868774414,80.0,0.0,19.9,5.9,37.3
20250501085700,29.42599868774414,80.0,0.0,20.8,6.0,20.9
20250501085800,29.42599868774414,80.0,0.0,19.1,6.1,34.8
20250501085900,29.42599868774414,80.0,0.0,20.8,5.7,19.6
20250501090000,30.72599983215332,73.0,0.0,19.8,6.3,30.3
20250501090100,30.72599983215332,73.0,0.0,20.9,5.9,32.4
20250501090200,30.72599983215332,73.0,0.0,19.2,5.8,20.2
20250501090300,30.72599983215332,73.0,0.0,19.5,5.7,33.8
20250501090400,30.72599983215332,73.0,0.0,20.4,6.0,30.4
20250501090500,30.72599983215332,73.0,0.0,20.8,6.3,28.0
20250501090600,30.72599983215332,73.0,0.0,20.4,6.4,16.1
20250501090700,30.72599983215332,73.0,0.0,20.6,5.9,38.9
20250501090800,30.72599983215332,73.0,0.0,21.0,5.5,33.3
20250501090900,30.72599983215332,73.0,0.0,20.3,6.0,39.7
20250501091000,30.72599983215332,73.0,0.0,19.7,5.6,33.4
20250501091100,30.72599983215332,73.0,0.0,21.0,5.6,39.1
20250501091200,30.72599983215332,73.0,0.0,19.8,5.6,38.2
20250501091300,30.72599983215332,73.0,0.0,19.1,5.6,29.6
20250501091400,30.72599983215332,73.0,0.0,19.7,6.5,38.7
20250501091500,30.72599983215332,73.0,0.0,20.7,5.7,32.2
20250501091600,30.72599983215332,73.0,0.0,20.4,5.6,18.4
20250501091700,30.72599983215332,73.0,0.0,19.4,5.9,18.9
20250501091800,30.72599983215332,73.0,0.0,19.4,5.8,24.7
20250501091900,30.72599983215332,73.0,0.0,20.6,6.4,23.4
20250501092000,30.72599983215332,73.0,0.0,19.3,6.1,36.3
20250501092100,30.72599983215332,73.0,0.0,19.4,6.2,36.4
20250501092200,30.72599983215332,73.0,0.0,20.3,5.8,23.7
20250501092300,30.72599983215332,73.0,0.0,20.2,6.1,23.5
20250501092400,30.72599983215332,73.0,0.0,19.4,5.8,20.9
20250501092500,30.72599983215332,73.0,0.0,19.6,5.8,30.2
20250501092600,30.72599983215332,73.0,0.0,20.1,5.7,32.7
20250501092700,30.72599983215332,73.0,0.0,20.3,6.2,27.2
20250501092800,30.72599983215332,73.0,0.0,19.5,5.6,39.1
20250501092900,30.72599983215332,73.0,0.0,19.5,6.3,28.7
20250501093000,30.72599983215332,73.0,0.0,20.0,6.2,16.0
20250501093100,30.72599983215332,73.0,0.0,20.2,5.9,18.9
20250501093200,30.72599983215332,73.0,0.0,20.5,5.7,32.4
20250501093300,30.72599983215332,73.0,0.0,20.6,6.1,28.4
20250501093400,30.72599983215332,73.0,0.0,20.2,5.9,32.1
20250501093500,30.72599983215332,73.0,0.0,20.0,6.3,39.1
20250501093600,30.72599983215332,73.0,0.0,19.0,5.5,30.4
20250501093700,30.72599983215332,73.0,0.0,20.0,6.0,25.1
20250501093800,30.72599983215332,73.0,0.0,20.5,5.8,27.2
20250501093900,30.72599983215332,73.0,0.0,21.0,6.4,18.6
20250501094000,30.72599983215332,73.0,0.0,19.9,6.4,36.0
20250501094100,30.72599983215332,73.0,0.0,20.5,6.4,37.8
20250501094200,30.72599983215332,73.0,0.0,19.7,5.8,27.1
20250501094300,30.72599983215332,73.0,0.0,19.7,5.8,33.6
20250501094400,30.72599983215332,73.0,0.0,19.1,5.7,25.7
20250501094500,30.72599983215332,73.0,0.0,20.8,5.7,27.6
20250501094600,30.72599983215332,73.0,0.0,19.7,6.5,39.8
20250501094700,30.72599983215332,73.0,0.0,20.8,6.1,25.1
20250501094800,30.72599983215332,73.0,0.0,19.4,5.8,39.5
20250501094900,30.72599983215332,73.0,0.0,19.7,5.7,38.9
20250501095000,30.72599983215332,73.0,0.0,20.5,5.5,30.2
20250501095100,30.72599983215332,73.0,0.0,19.8,5.6,31.1
20250501095200,30.72599983215332,73.0,0.0,19.6,6.4,34.3
20250501095300,30.72599983215332,73.0,0.0,20.5,6.0,33.7
20250501095400,30.72599983215332,73.0,0.0,19.5,6.3,24.5
20250501095500,30.72599983215332,73.0,0.0,19.7,5.9,24.6
20250501095600,30.72599983215332,73.0,0.0,19.0,5.5,34.9
20250501095700,30.72599983215332,73.0,0.0,20.0,5.9,38.7
20250501095800,30.72599983215332,73.0,0.0,20.2,6.1,39.2
20250501095900,30.72599983215332,73.0,0.0,20.7,6.5,32.5
20250501100000,31.92599868774414,66.0,0.0,19.9,6.4,22.2
20250501100100,31.92599868774414,66.0,0.0,21.0,5.6,35.2
20250501100200,31.92599868774414,66.0,0.0,19.5,5.9,35.2
20250501100300,31.92599868774414,66.0,0.0,19.9,6.1,24.9
20250501100400,31.92599868774414,66.0,0.0,20.2,5.7,21.3
20250501100500,31.92599868774414,66.0,0.0,20.7,6.1,33.7
20250501100600,31.92599868774414,66.0,0.0,19.6,6.0,34.1
20250501100700,31.92599868774414,66.0,0.0,20.2,6.4,20.3
20250501100800,31.92599868774414,66.0,0.0,19.4,6.2,15.7
20250501100900,31.92599868774414,66.0,0.0,19.6,5.8,34.5
20250501101000,31.92599868774414,66.0,0.0,19.6,6.5,24.1
20250501101100,31.92599868774414,66.0,0.0,20.7,5.6,38.0
20250501101200,31.92599868774414,66.0,0.0,19.3,5.7,15.6
20250501101300,31.92599868774414,66.0,0.0,20.3,5.9,25.6
20250501101400,31.92599868774414,66.0,0.0,20.6,6.5,23.1
20250501101500,31.92599868774414,66.0,0.0,20.6,6.3,23.5
20250501101600,31.92599868774414,66.0,0.0,20.3,6.2,37.1
20250501101700,31.92599868774414,66.0,0.0,20.4,6.0,34.0
20250501101800,31.92599868774414,66.0,0.0,20.1,6.4,29.3
20250501101900,31.92599868774414,66.0,0.0,19.5,5.5,34.1
20250501102000,31.92599868774414,66.0,0.0,20.4,6.2,23.3
20250501102100,31.92599868774414,66.0,0.0,20.3,5.9,30.0
20250501102200,31.92599868774414,66.0,0.0,20.7,6.0,29.5
20250501102300,31.92599868774414,66.0,0.0,20.1,5.7,32.8
20250501102400,31.92599868774414,66.0,0.0,20.5,6.3,22.8
20250501102500,31.92599868774414,66.0,0.0,19.9,5.8,16.4
20250501102600,31.92599868774414,66.0,0.0,20.6,5.8,15.6
20250501102700,31.92599868774414,66.0,0.0,19.1,6.0,30.9
20250501102800,31.92599868774414,66.0,0.0,20.7,6.3,40.0
20250501102900,31.92599868774414,66.0,0.0,20.8,5.8,16.2
20250501103000,31.92599868774414,66.0,0.0,20.4,6.0,21.0
20250501103100,31.92599868774414,66.0,0.0,20.5,5.9,21.7
20250501103200,31.92599868774414,66.0,0.0,19.5,6.5,16.4
20250501103300,31.92599868774414,66.0,0.0,19.2,6.0,30.6
20250501103400,31.92599868774414,66.0,0.0,19.4,6.4,16.9
20250501103500,31.92599868774414,66.0,0.0,19.3,5.9,17.6
20250501103600,31.92599868774414,66.0,0.0,19.1,5.5,39.0
20250501103700,31.92599868774414,66.0,0.0,19.3,6.1,20.3
20250501103800,31.92599868774414,66.0,0.0,20.5,5.9,32.5
20250501103900,31.92599868774414,66.0,0.0,19.7,6.0,17.7
20250501104000,31.92599868774414,66.0,0.0,20.6,5.6,20.3
20250501104100,31.92599868774414,66.0,0.0,20.1,6.3,35.0
20250501104200,31.92599868774414,66.0,0.0,20.5,5.6,18.6
20250501104300,31.92599868774414,66.0,0.0,19.2,6.4,15.3
20250501104400,31.92599868774414,66.0,0.0,19.4,5.9,35.8
20250501104500,31.92599868774414,66.0,0.0,19.3,5.7,19.4
20250501104600,31.92599868774414,66.0,0.0,20.9,6.4,37.2
20250501104700,31.92599868774414,66.0,0.0,20.4,5.7,19.1
20250501104800,31.92599868774414,66.0,0.0,20.7,5.5,22.6
20250501104900,31.92599868774414,66.0,0.0,19.9,6.0,28.7
20250501105000,31.92599868774414,66.0,0.0,19.5,6.1,34.4
20250501105100,31.92599868774414,66.0,0.0,20.5,5.8,30.9
20250501105200,31.92599868774414,66.0,0.0,19.5,5.7,28.4
20250501105300,31.92599868774414,66.0,0.0,19.4,6.1,18.1
20250501105400,31.92599868774414,66.0,0.0,20.2,5.8,31.4
20250501105500,31.92599868774414,66.0,0.0,20.9,6.0,28.2
20250501105600,31.92599868774414,66.0,0.0,19.7,5.9,35.2
20250501105700,31.92599868774414,66.0,0.0,19.3,6.4,37.3
20250501105800,31.92599868774414,66.0,0.0,20.6,5.7,31.1
20250501105900,31.92599868774414,66.0,0.0,20.9,6.1,29.3
20250501110000,32.875999450683594,62.0,0.0,20.7,6.5,22.4
20250501110100,32.875999450683594,62.0,0.0,20.9,6.5,22.1
20250501110200,32.875999450683594,62.0,0.0,19.3,5.7,21.1
20250501110300,32.875999450683594,62.0,0.0,19.4,6.0,34.7
20250501110400,32.875999450683594,62.0,0.0,20.2,5.5,30.5
20250501110500,32.875999450683594,62.0,0.0,20.3,5.9,36.4
20250501110600,32.875999450683594,62.0,0.0,19.3,6.3,23.0
20250501110700,32.875999450683594,62.0,0.0,19.9,5.9,21.3
20250501110800,32.875999450683594,62.0,0.0,20.0,5.6,28.4
20250501110900,32.875999450683594,62.0,0.0,20.1,5.7,19.8
20250501111000,32.875999450683594,62.0,0.0,19.5,6.0,21.6
20250501111100,32.875999450683594,62.0,0.0,19.4,6.2,38.5
20250501111200,32.875999450683594,62.0,0.0,19.7,6.3,27.3
20250501111300,32.875999450683594,62.0,0.0,20.0,6.1,16.7
20250501111400,32.875999450683594,62.0,0.0,19.7,5.9,27.0
20250501111500,32.875999450683594,62.0,0.0,20.6,6.3,16.2
20250501111600,32.875999450683594,62.0,0.0,19.6,6.3,39.2
20250501111700,32.875999450683594,62.0,0.0,19.6,6.1,31.0
20250501111800,32.875999450683594,62.0,0.0,20.9,5.6,15.3
20250501111900,32.875999450683594,62.0,0.0,20.5,6.2,31.4
20250501112000,32.875999450683594,62.0,0.0,19.4,6.3,27.4
20250501112100,32.875999450683594,62.0,0.0,19.7,6.0,31.4
20250501112200,32.875999450683594,62.0,0.0,20.1,6.3,37.5
20250501112300,32.875999450683594,62.0,0.0,19.2,6.4,29.6
20250501112400,32.875999450683594,62.0,0.0,21.0,5.5,27.7
20250501112500,32.875999450683594,62.0,0.0,19.3,5.9,30.1
20250501112600,32.875999450683594,62.0,0.0,20.5,6.3,28.5
20250501112700,32.875999450683594,62.0,0.0,19.5,5.9,20.9
20250501112800,32.875999450683594,62.0,0.0,20.4,5.9,21.4
20250501112900,32.875999450683594,62.0,0.0,19.2,5.7,29.1
20250501113000,32.875999450683594,62.0,0.0,19.3,6.4,36.0
20250501113100,32.875999450683594,62.0,0.0,20.9,5.8,37.8
20250501113200,32.875999450683594,62.0,0.0,20.6,5.8,37.1
20250501113300,32.875999450683594,62.0,0.0,20.3,5.8,19.6
20250501113400,32.875999450683594,62.0,0.0,20.8,6.3,29.7
20250501113500,32.875999450683594,62.0,0.0,20.3,6.5,35.0
20250501113600,32.875999450683594,62.0,0.0,20.8,5.7,29.8
20250501113700,32.875999450683594,62.0,0.0,19.6,6.4,17.9
20250501113800,32.875999450683594,62.0,0.0,19.4,6.2,31.6
20250501113900,32.875999450683594,62.0,0.0,19.2,5.7,23.4
20250501114000,32.875999450683594,62.0,0.0,19.8,5.6,16.5
20250501114100,32.875999450683594,62.0,0.0,20.9,5.8,39.7
20250501114200,32.875999450683594,62.0,0.0,20.7,5.9,36.6
20250501114300,32.875999450683594,62.0,0.0,20.5,6.2,35.0
20250501114400,32.875999450683594,62.0,0.0,19.4,5.9,20.5
20250501114500,32.875999450683594,62.0,0.0,19.6,5.6,23.8
20250501114600,32.875999450683594,62.0,0.0,19.5,6.2,27.6
20250501114700,32.875999450683594,62.0,0.0,20.1,6.4,34.7
20250501114800,32.875999450683594,62.0,0.0,20.7,5.9,25.8
20250501114900,32.875999450683594,62.0,0.0,20.6,6.0,29.4
20250501115000,32.875999450683594,62.0,0.0,19.9,5.6,25.7
20250501115100,32.875999450683594,62.0,0.0,19.5,6.3,31.5
20250501115200,32.875999450683594,62.0,0.0,20.4,6.2,20.4
20250501115300,32.875999450683594,62.0,0.0,20.6,6.1,39.1
20250501115400,32.875999450683594,62.0,0.0,19.5,5.7,25.5
20250501115500,32.875999450683594,62.0,0.0,20.3,6.5,35.4
20250501115600,32.875999450683594,62.0,0.0,19.5,6.2,26.2
20250501115700,32.875999450683594,62.0,0.0,20.4,5.9,29.4
20250501115800,32.875999450683594,62.0,0.0,19.2,6.4,29.7
20250501115900,32.875999450683594,62.0,0.0,19.4,6.5,33.6
20250501120000,33.676002502441406,59.0,0.0,20.4,5.8,23.9
20250501120100,33.676002502441406,59.0,0.0,20.0,6.0,29.9
20250501120200,33.676002502441406,59.0,0.0,20.3,6.4,20.3
20250501120300,33.676002502441406,59.0,0.0,20.0,5.7,17.6
20250501120400,33.676002502441406,59.0,0.0,20.7,5.8,19.1
20250501120500,33.676002502441406,59.0,0.0,20.6,6.3,32.7
20250501120600,33.676002502441406,59.0,0.0,19.2,5.8,25.4
20250501120700,33.676002502441406,59.0,0.0,19.4,5.5,37.8
20250501120800,33.676002502441406,59.0,0.0,19.8,6.2,37.1
20250501120900,33.676002502441406,59.0,0.0,19.0,6.1,31.2
20250501121000,33.676002502441406,59.0,0.0,19.1,6.3,29.9
20250501121100,33.676002502441406,59.0,0.0,19.3,6.2,28.1
20250501121200,33.676002502441406,59.0,0.0,19.3,5.8,32.0
20250501121300,33.676002502441406,59.0,0.0,19.1,6.2,25.4
20250501121400,33.676002502441406,59.0,0.0,19.2,6.0,17.0
20250501121500,33.676002502441406,59.0,0.0,20.2,5.9,28.0
20250501121600,33.676002502441406,59.0,0.0,20.1,6.2,15.0
20250501121700,33.676002502441406,59.0,0.0,19.8,6.1,33.6
20250501121800,33.676002502441406,59.0,0.0,20.9,6.1,16.9
20250501121900,33.676002502441406,59.0,0.0,19.4,6.0,22.7
20250501122000,33.676002502441406,59.0,0.0,19.6,5.9,25.5
20250501122100,33.676002502441406,59.0,0.0,21.0,6.1,33.9
20250501122200,33.676002502441406,59.0,0.0,19.2,6.4,36.8
20250501122300,33.676002502441406,59.0,0.0,19.6,5.6,27.4
20250501122400,33.676002502441406,59.0,0.0,19.5,6.3,27.5
20250501122500,33.676002502441406,59.0,0.0,19.2,5.7,25.6
20250501122600,33.676002502441406,59.0,0.0,20.2,5.9,31.9
20250501122700,33.676002502441406,59.0,0.0,21.0,6.0,24.5
20250501122800,33.676002502441406,59.0,0.0,19.5,6.3,24.0
20250501122900,33.676002502441406,59.0,0.0,20.2,6.2,19.2
20250501123000,33.676002502441406,59.0,0.0,20.4,6.5,23.6
20250501123100,33.676002502441406,59.0,0.0,20.3,6.3,17.0
20250501123200,33.676002502441406,59.0,0.0,19.6,5.8,16.8
20250501123300,33.676002502441406,59.0,0.0,19.7,6.0,32.0
20250501123400,33.676002502441406,59.0,0.0,20.8,5.7,24.3
20250501123500,33.676002502441406,59.0,0.0,20.8,5.7,34.9
20250501123600,33.676002502441406,59.0,0.0,20.7,5.7,30.2
20250501123700,33.676002502441406,59.0,0.0,20.2,6.1,16.4
20250501123800,33.676002502441406,59.0,0.0,20.0,6.4,33.0
20250501123900,33.676002502441406,59.0,0.0,19.2,5.9,27.5
20250501124000,33.676002502441406,59.0,0.0,19.6,6.2,29.0
20250501124100,33.676002502441406,59.0,0.0,20.4,5.7,32.4
20250501124200,33.676002502441406,59.0,0.0,19.7,6.2,26.1
20250501124300,33.676002502441406,59.0,0.0,19.4,5.9,23.8
20250501124400,33.676002502441406,59.0,0.0,20.7,5.7,24.2
20250501124500,33.676002502441406,59.0,0.0,19.6,5.6,30.4
20250501124600,33.676002502441406,59.0,0.0,19.8,6.0,36.1
20250501124700,33.676002502441406,59.0,0.0,19.9,6.2,25.8
20250501124800,33.676002502441406,59.0,0.0,19.3,5.7,27.5
20250501124900,33.676002502441406,59.0,0.0,19.7,6.4,29.1
20250501125000,33.676002502441406,59.0,0.0,19.0,5.7,15.3
20250501125100,33.676002502441406,59.0,0.0,20.1,5.6,29.4
20250501125200,33.676002502441406,59.0,0.0,19.3,5.8,34.6
20250501125300,33.676002502441406,59.0,0.0,20.0,5.7,26.6
20250501125400,33.676002502441406,59.0,0.0,20.2,5.8,31.5
20250501125500,33.676002502441406,59.0,0.0,20.1,5.6,23.7
20250501125600,33.676002502441406,59.0,0.0,19.9,5.5,24.5
20250501125700,33.676002502441406,59.0,0.0,20.6,6.1,33.4
20250501125800,33.676002502441406,59.0,0.0,19.4,6.0,34.7
20250501125900,33.676002502441406,59.0,0.0,20.2,5.7,26.4
20250501130000,34.22600173950195,56.0,0.0,19.0,5.6,23.6
20250501130100,34.22600173950195,56.0,0.0,20.3,6.3,23.2
20250501130200,34.22600173950195,56.0,0.0,19.3,6.5,35.3
20250501130300,34.22600173950195,56.0,0.0,19.6,5.6,28.7
20250501130400,34.22600173950195,56.0,0.0,20.9,6.1,25.3
20250501130500,34.22600173950195,56.0,0.0,19.5,6.0,16.3
20250501130600,34.22600173950195,56.0,0.0,20.7,5.7,34.5
20250501130700,34.22600173950195,56.0,0.0,19.3,6.3,39.7
20250501130800,34.22600173950195,56.0,0.0,19.4,6.3,17.1
20250501130900,34.22600173950195,56.0,0.0,20.2,5.9,31.2
20250501131000,34.22600173950195,56.0,0.0,20.6,6.4,16.6
20250501131100,34.22600173950195,56.0,0.0,20.4,6.1,30.9
20250501131200,34.22600173950195,56.0,0.0,19.5,6.2,31.3
20250501131300,34.22600173950195,56.0,0.0,20.2,5.5,31.3
20250501131400,34.22600173950195,56.0,0.0,19.8,5.7,24.1
20250501131500,34.22600173950195,56.0,0.0,19.3,5.5,26.2
20250501131600,34.22600173950195,56.0,0.0,20.4,5.8,38.0
20250501131700,34.22600173950195,56.0,0.0,20.8,5.7,19.0
20250501131800,34.22600173950195,56.0,0.0,19.1,6.1,32.9
20250501131900,34.22600173950195,56.0,0.0,20.8,6.2,23.2
20250501132000,34.22600173950195,56.0,0.0,20.5,5.6,34.9
20250501132100,34.22600173950195,56.0,0.0,19.5,5.8,20.2
20250501132200,34.22600173950195,56.0,0.0,19.2,5.6,21.7
20250501132300,34.22600173950195,56.0,0.0,20.1,6.3,18.5
20250501132400,34.22600173950195,56.0,0.0,19.3,5.9,35.1
20250501132500,34.22600173950195,56.0,0.0,19.8,5.7,37.1
20250501132600,34.22600173950195,56.0,0.0,20.0,5.5,33.6
20250501132700,34.22600173950195,56.0,0.0,19.4,5.6,18.6
20250501132800,34.22600173950195,56.0,0.0,19.8,5.8,37.5
20250501132900,34.22600173950195,56.0,0.0,20.4,6.2,16.1
20250501133000,34.22600173950195,56.0,0.0,20.1,5.8,39.1
20250501133100,34.22600173950195,56.0,0.0,19.4,6.1,28.5
20250501133200,34.22600173950195,56.0,0.0,20.7,6.2,24.8
20250501133300,34.22600173950195,56.0,0.0,19.2,5.5,36.3
20250501133400,34.22600173950195,56.0,0.0,19.9,6.4,16.7
20250501133500,34.22600173950195,56.0,0.0,20.1,5.6,28.2
20250501133600,34.22600173950195,56.0,0.0,20.8,5.6,39.4
20250501133700,34.22600173950195,56.0,0.0,19.7,5.8,31.3
20250501133800,34.22600173950195,56.0,0.0,19.9,5.8,29.1
20250501133900,34.22600173950195,56.0,0.0,20.9,6.0,23.0
20250501134000,34.22600173950195,56.0,0.0,19.8,5.8,27.7
20250501134100,34.22600173950195,56.0,0.0,19.9,6.3,32.8
20250501134200,34.22600173950195,56.0,0.0,19.2,5.9,30.5
20250501134300,34.22600173950195,56.0,0.0,20.4,5.8,16.7
20250501134400,34.22600173950195,56.0,0.0,19.6,5.7,16.0
20250501134500,34.22600173950195,56.0,0.0,19.2,6.1,25.0
20250501134600,34.22600173950195,56.0,0.0,19.2,6.2,30.6
20250501134700,34.22600173950195,56.0,0.0,20.5,6.0,22.5
20250501134800,34.22600173950195,56.0,0.0,20.0,5.9,23.9
20250501134900,34.22600173950195,56.0,0.0,19.9,6.0,15.8
20250501135000,34.22600173950195,56.0,0.0,20.0,5.5,28.1
20250501135100,34.22600173950195,56.0,0.0,20.1,5.9,22.0
20250501135200,34.22600173950195,56.0,0.0,20.0,5.6,22.2
20250501135300,34.22600173950195,56.0,0.0,20.4,5.8,29.0
20250501135400,34.22600173950195,56.0,0.0,19.5,5.7,27.0
20250501135500,34.22600173950195,56.0,0.0,20.4,6.3,38.7
20250501135600,34.22600173950195,56.0,0.0,19.7,6.2,17.2
20250501135700,34.22600173950195,56.0,0.0,19.9,5.7,36.4
20250501135800,34.22600173950195,56.0,0.0,20.6,6.2,24.9
20250501135900,34.22600173950195,56.0,0.0,19.7,6.4,38.5
20250501140000,34.676002502441406,53.0,0.0,20.8,6.4,26.7
20250501140100,34.676002502441406,53.0,0.0,19.2,6.4,23.4
20250501140200,34.676002502441406,53.0,0.0,20.6,6.1,20.1
20250501140300,34.676002502441406,53.0,0.0,19.1,5.9,22.5
20250501140400,34.676002502441406,53.0,0.0,20.3,5.7,25.6
20250501140500,34.676002502441406,53.0,0.0,20.7,5.9,33.0
20250501140600,34.676002502441406,53.0,0.0,20.5,6.0,36.0
20250501140700,34.676002502441406,53.0,0.0,19.2,5.8,18.5
20250501140800,34.676002502441406,53.0,0.0,20.5,6.5,35.6
20250501140900,34.676002502441406,53.0,0.0,20.9,6.2,26.3
20250501141000,34.676002502441406,53.0,0.0,20.7,6.2,18.9
20250501141100,34.676002502441406,53.0,0.0,19.1,5.9,23.5
20250501141200,34.676002502441406,53.0,0.0,21.0,6.3,36.7
20250501141300,34.676002502441406,53.0,0.0,19.6,5.8,31.0
20250501141400,34.676002502441406,53.0,0.0,19.9,6.2,28.2
20250501141500,34.676002502441406,53.0,0.0,19.7,5.8,32.9
20250501141600,34.676002502441406,53.0,0.0,19.9,5.8,38.6
20250501141700,34.676002502441406,53.0,0.0,20.0,5.9,26.9
20250501141800,34.676002502441406,53.0,0.0,19.3,6.3,15.4
20250501141900,34.676002502441406,53.0,0.0,20.9,6.2,24.1
20250501142000,34.676002502441406,53.0,0.0,19.1,6.4,28.1
20250501142100,34.676002502441406,53.0,0.0,20.6,6.1,28.7
20250501142200,34.676002502441406,53.0,0.0,20.0,5.6,17.6
20250501142300,34.676002502441406,53.0,0.0,20.4,5.6,24.7
20250501142400,34.676002502441406,53.0,0.0,19.9,6.3,17.3
20250501142500,34.676002502441406,53.0,0.0,19.5,5.9,31.0
20250501142600,34.676002502441406,53.0,0.0,20.7,6.3,25.8
20250501142700,34.676002502441406,53.0,0.0,19.7,5.7,28.1
20250501142800,34.676002502441406,53.0,0.0,20.3,6.0,27.4
20250501142900,34.676002502441406,53.0,0.0,19.3,6.4,22.0
20250501143000,34.676002502441406,53.0,0.0,19.4,6.2,34.0
20250501143100,34.676002502441406,53.0,0.0,20.1,5.6,39.6
20250501143200,34.676002502441406,53.0,0.0,20.7,5.7,21.1
20250501143300,34.676002502441406,53.0,0.0,20.6,6.4,24.3
20250501143400,34.676002502441406,53.0,0.0,19.3,5.9,27.0
20250501143500,34.676002502441406,53.0,0.0,19.0,5.7,23.7
20250501143600,34.676002502441406,53.0,0.0,19.3,6.4,15.9
20250501143700,34.676002502441406,53.0,0.0,19.5,5.8,25.7
20250501143800,34.676002502441406,53.0,0.0,20.8,6.0,30.1
20250501143900,34.676002502441406,53.0,0.0,20.4,5.9,30.9
20250501144000,34.676002502441406,53.0,0.0,19.3,6.1,36.3
20250501144100,34.676002502441406,53.0,0.0,19.6,6.3,27.7
20250501144200,34.676002502441406,53.0,0.0,19.8,6.2,16.0
20250501144300,34.676002502441406,53.0,0.0,19.4,6.5,29.6
20250501144400,34.676002502441406,53.0,0.0,21.0,5.5,28.0
20250501144500,34.676002502441406,53.0,0.0,19.4,6.1,20.1
20250501144600,34.676002502441406,53.0,0.0,20.4,5.6,22.0
20250501144700,34.676002502441406,53.0,0.0,19.2,6.0,30.0
20250501144800,34.676002502441406,53.0,0.0,19.3,5.8,33.8
20250501144900,34.676002502441406,53.0,0.0,20.7,6.3,28.6
20250501145000,34.676002502441406,53.0,0.0,20.4,6.1,29.0
20250501145100,34.676002502441406,53.0,0.0,20.0,6.1,35.5
20250501145200,34.676002502441406,53.0,0.0,19.6,5.8,39.3
20250501145300,34.676002502441406,53.0,0.0,20.5,5.8,18.5
20250501145400,34.676002502441406,53.0,0.0,19.4,5.9,21.0
20250501145500,34.676002502441406,53.0,0.0,20.3,6.3,37.1
20250501145600,34.676002502441406,53.0,0.0,20.5,6.5,30.7
20250501145700,34.676002502441406,53.0,0.0,19.7,6.2,25.0
20250501145800,34.676002502441406,53.0,0.0,20.7,5.9,30.1
20250501145900,34.676002502441406,53.0,0.0,20.4,5.8,19.9
20250501150000,34.926002502441406,51.0,0.0,20.7,5.6,19.5
20250501150100,34.926002502441406,51.0,0.0,20.1,6.2,32.5
20250501150200,34.926002502441406,51.0,0.0,20.3,6.0,27.4
20250501150300,34.926002502441406,51.0,0.0,20.6,6.4,35.3
20250501150400,34.926002502441406,51.0,0.0,19.9,6.2,39.7
20250501150500,34.926002502441406,51.0,0.0,19.1,6.1,19.7
20250501150600,34.926002502441406,51.0,0.0,19.1,5.9,16.0
20250501150700,34.926002502441406,51.0,0.0,19.2,5.6,35.2
20250501150800,34.926002502441406,51.0,0.0,19.1,5.8,33.6
20250501150900,34.926002502441406,51.0,0.0,20.8,6.4,21.8
20250501151000,34.926002502441406,51.0,0.0,20.3,6.2,33.2
20250501151100,34.926002502441406,51.0,0.0,19.3,6.3,39.5
20250501151200,34.926002502441406,51.0,0.0,19.6,6.4,38.9
20250501151300,34.926002502441406,51.0,0.0,20.3,6.1,18.7
20250501151400,34.926002502441406,51.0,0.0,20.9,5.6,15.4
20250501151500,34.926002502441406,51.0,0.0,20.2,5.6,20.3
20250501151600,34.926002502441406,51.0,0.0,20.2,6.5,16.5
20250501151700,34.926002502441406,51.0,0.0,20.7,6.1,27.6
20250501151800,34.926002502441406,51.0,0.0,19.3,5.6,30.3
20250501151900,34.926002502441406,51.0,0.0,20.4,6.4,32.1
20250501152000,34.926002502441406,51.0,0.0,20.7,5.5,32.1
20250501152100,34.926002502441406,51.0,0.0,19.5,5.7,24.8
20250501152200,34.926002502441406,51.0,0.0,20.6,5.7,39.2
20250501152300,34.926002502441406,51.0,0.0,20.9,5.8,37.3
20250501152400,34.926002502441406,51.0,0.0,19.2,6.0,34.4
20250501152500,34.926002502441406,51.0,0.0,20.7,5.7,29.9
20250501152600,34.926002502441406,51.0,0.0,20.8,6.2,29.7
20250501152700,34.926002502441406,51.0,0.0,19.8,5.8,16.3
20250501152800,34.926002502441406,51.0,0.0,20.1,6.0,32.6
20250501152900,34.926002502441406,51.0,0.0,20.3,6.3,15.1
20250501153000,34.926002502441406,51.0,0.0,19.3,5.6,20.4
20250501153100,34.926002502441406,51.0,0.0,19.2,5.6,22.2
20250501153200,34.926002502441406,51.0,0.0,19.8,6.1,30.1
20250501153300,34.926002502441406,51.0,0.0,21.0,6.2,15.4
20250501153400,34.926002502441406,51.0,0.0,19.8,5.7,19.6
20250501153500,34.926002502441406,51.0,0.0,19.2,5.8,17.8
20250501153600,34.926002502441406,51.0,0.0,19.6,6.0,36.2
20250501153700,34.926002502441406,51.0,0.0,20.0,5.5,33.0
20250501153800,34.926002502441406,51.0,0.0,19.9,6.1,33.5
20250501153900,34.926002502441406,51.0,0.0,19.8,6.4,28.4
20250501154000,34.926002502441406,51.0,0.0,20.3,5.6,20.4
20250501154100,34.926002502441406,51.0,0.0,19.4,6.2,22.8
20250501154200,34.926002502441406,51.0,0.0,20.1,5.9,21.1
20250501154300,34.926002502441406,51.0,0.0,19.7,5.8,19.9
20250501154400,34.926002502441406,51.0,0.0,20.2,5.9,32.9
20250501154500,34.926002502441406,51.0,0.0,19.9,5.8,38.1
20250501154600,34.926002502441406,51.0,0.0,20.9,5.9,27.2
20250501154700,34.926002502441406,51.0,0.0,20.0,6.4,26.6
20250501154800,34.926002502441406,51.0,0.0,20.8,5.8,16.4
20250501154900,34.926002502441406,51.0,0.0,20.4,5.7,32.5
20250501155000,34.926002502441406,51.0,0.0,20.9,6.5,23.1
20250501155100,34.926002502441406,51.0,0.0,20.8,5.5,35.8
20250501155200,34.926002502441406,51.0,0.0,20.0,6.2,25.1
20250501155300,34.926002502441406,51.0,0.0,20.8,5.8,37.4
20250501155400,34.926002502441406,51.0,0.0,20.5,6.0,25.6
20250501155500,34.926002502441406,51.0,0.0,20.5,6.5,21.0
20250501155600,34.926002502441406,51.0,0.0,19.9,5.7,19.6
20250501155700,34.926002502441406,51.0,0.0,19.6,6.3,38.8
20250501155800,34.926002502441406,51.0,0.0,19.1,5.7,16.6
20250501155900,34.926002502441406,51.0,0.0,19.4,6.0,37.5
20250501160000,34.47600173950195,52.0,0.0,20.6,6.4,27.7
20250501160100,34.47600173950195,52.0,0.0,20.3,6.3,29.4
20250501160200,34.47600173950195,52.0,0.0,20.2,6.3,22.5
20250501160300,34.47600173950195,52.0,0.0,20.9,6.0,37.3
20250501160400,34.47600173950195,52.0,0.0,20.0,6.2,23.2
20250501160500,34.47600173950195,52.0,0.0,19.2,5.8,30.0
20250501160600,34.47600173950195,52.0,0.0,19.3,5.7,37.2
20250501160700,34.47600173950195,52.0,0.0,20.4,6.3,30.9
20250501160800,34.47600173950195,52.0,0.0,20.3,5.7,34.4
20250501160900,34.47600173950195,52.0,0.0,20.3,5.8,34.4
20250501161000,34.47600173950195,52.0,0.0,20.4,6.4,20.8
20250501161100,34.47600173950195,52.0,0.0,20.3,6.1,38.3
20250501161200,34.47600173950195,52.0,0.0,19.4,5.7,18.9
20250501161300,34.47600173950195,52.0,0.0,20.8,5.8,24.0
20250501161400,34.47600173950195,52.0,0.0,20.2,5.5,37.8
20250501161500,34.47600173950195,52.0,0.0,20.1,5.5,29.9
20250501161600,34.47600173950195,52.0,0.0,19.1,5.8,25.8
20250501161700,34.47600173950195,52.0,0.0,19.9,6.4,24.4
20250501161800,34.47600173950195,52.0,0.0,20.1,6.2,15.4
20250501161900,34.47600173950195,52.0,0.0,19.3,6.2,29.8
20250501162000,34.47600173950195,52.0,0.0,20.0,5.9,17.7
20250501162100,34.47600173950195,52.0,0.0,19.6,6.5,24.5
20250501162200,34.47600173950195,52.0,0.0,19.1,6.0,38.8
20250501162300,34.47600173950195,52.0,0.0,20.2,5.7,16.5
20250501162400,34.47600173950195,52.0,0.0,20.0,6.4,20.0
20250501162500,34.47600173950195,52.0,0.0,19.5,6.5,36.6
20250501162600,34.47600173950195,52.0,0.0,19.2,5.9,16.4
20250501162700,34.47600173950195,52.0,0.0,19.1,5.9,39.5
20250501162800,34.47600173950195,52.0,0.0,19.5,6.0,31.4
20250501162900,34.47600173950195,52.0,0.0,19.1,6.2,23.7
20250501163000,34.47600173950195,52.0,0.0,20.5,6.5,27.4
20250501163100,34.47600173950195,52.0,0.0,19.3,5.6,24.8
20250501163200,34.47600173950195,52.0,0.0,20.1,6.1,39.7
20250501163300,34.47600173950195,52.0,0.0,20.4,6.2,25.4
20250501163400,34.47600173950195,52.0,0.0,19.5,6.4,35.7
20250501163500,34.47600173950195,52.0,0.0,20.8,5.6,19.0
20250501163600,34.47600173950195,52.0,0.0,20.3,6.2,21.5
20250501163700,34.47600173950195,52.0,0.0,19.2,6.4,32.4
20250501163800,34.47600173950195,52.0,0.0,20.3,6.0,23.9
20250501163900,34.47600173950195,52.0,0.0,20.1,5.8,22.6
20250501164000,34.47600173950195,52.0,0.0,19.8,6.3,36.8
20250501164100,34.47600173950195,52.0,0.0,20.8,5.8,31.2
20250501164200,34.47600173950195,52.0,0.0,20.2,5.7,38.6
20250501164300,34.47600173950195,52.0,0.0,19.4,6.3,29.1
20250501164400,34.47600173950195,52.0,0.0,19.2,6.2,15.3
20250501164500,34.47600173950195,52.0,0.0,19.3,6.2,35.7
20250501164600,34.47600173950195,52.0,0.0,19.6,5.8,37.3
20250501164700,34.47600173950195,52.0,0.0,19.5,6.1,39.2
20250501164800,34.47600173950195,52.0,0.0,20.3,6.1,18.4
20250501164900,34.47600173950195,52.0,0.0,19.6,6.4,20.3
20250501165000,34.47600173950195,52.0,0.0,19.4,5.6,25.3
20250501165100,34.47600173950195,52.0,0.0,20.7,5.7,29.2
20250501165200,34.47600173950195,52.0,0.0,19.4,6.2,18.5
20250501165300,34.47600173950195,52.0,0.0,19.3,5.9,25.2
20250501165400,34.47600173950195,52.0,0.0,20.7,6.1,24.3
20250501165500,34.47600173950195,52.0,0.0,20.2,6.3,25.9
20250501165600,34.47600173950195,52.0,0.0,19.6,6.4,15.7
20250501165700,34.47600173950195,52.0,0.0,20.7,6.1,30.4
20250501165800,34.47600173950195,52.0,0.0,19.4,6.5,34.4
20250501165900,34.47600173950195,52.0,0.0,19.0,6.2,16.9
20250501170000,32.875999450683594,59.0,0.0,19.5,5.8,15.8
20250501170100,32.875999450683594,59.0,0.0,20.3,5.5,35.9
20250501170200,32.875999450683594,59.0,0.0,20.4,5.6,21.3
20250501170300,32.875999450683594,59.0,0.0,20.3,5.6,18.9
20250501170400,32.875999450683594,59.0,0.0,19.1,5.7,15.6
20250501170500,32.875999450683594,59.0,0.0,20.2,5.8,36.4
20250501170600,32.875999450683594,59.0,0.0,20.5,5.6,18.8
20250501170700,32.875999450683594,59.0,0.0,21.0,6.3,23.4
20250501170800,32.875999450683594,59.0,0.0,19.7,6.2,30.2
20250501170900,32.875999450683594,59.0,0.0,19.9,6.5,37.5
20250501171000,32.875999450683594,59.0,0.0,20.5,5.8,30.9
20250501171100,32.875999450683594,59.0,0.0,20.4,5.8,20.3
20250501171200,32.875999450683594,59.0,0.0,19.0,6.4,17.0
20250501171300,32.875999450683594,59.0,0.0,19.5,6.3,28.1
20250501171400,32.875999450683594,59.0,0.0,20.9,6.3,25.7
20250501171500,32.875999450683594,59.0,0.0,19.2,5.6,22.5
20250501171600,32.875999450683594,59.0,0.0,20.0,6.5,27.3
20250501171700,32.875999450683594,59.0,0.0,19.1,5.9,29.4
20250501171800,32.875999450683594,59.0,0.0,20.6,6.0,33.7
20250501171900,32.875999450683594,59.0,0.0,20.8,6.0,20.6
20250501172000,32.875999450683594,59.0,0.0,19.3,6.1,38.8
20250501172100,32.875999450683594,59.0,0.0,20.4,6.0,16.8
20250501172200,32.875999450683594,59.0,0.0,19.9,5.9,23.6
20250501172300,32.875999450683594,59.0,0.0,20.9,5.8,20.6
20250501172400,32.875999450683594,59.0,0.0,19.0,6.5,23.7
20250501172500,32.875999450683594,59.0,0.0,20.7,6.2,31.4
20250501172600,32.875999450683594,59.0,0.0,19.1,6.5,22.6
20250501172700,32.875999450683594,59.0,0.0,19.0,5.7,15.7
20250501172800,32.875999450683594,59.0,0.0,20.6,6.0,31.6
20250501172900,32.875999450683594,59.0,0.0,19.2,6.4,31.3
20250501173000,32.875999450683594,59.0,0.0,20.7,6.1,32.6
20250501173100,32.875999450683594,59.0,0.0,20.0,6.2,34.6
20250501173200,32.875999450683594,59.0,0.0,19.4,5.7,30.8
20250501173300,32.875999450683594,59.0,0.0,19.2,6.4,27.4
20250501173400,32.875999450683594,59.0,0.0,20.7,5.6,21.4
20250501173500,32.875999450683594,59.0,0.0,19.0,6.1,19.1
20250501173600,32.875999450683594,59.0,0.0,19.3,6.4,37.9
20250501173700,32.875999450683594,59.0,0.0,20.3,6.3,18.4
20250501173800,32.875999450683594,59.0,0.0,20.8,5.7,32.3
20250501173900,32.875999450683594,59.0,0.0,20.8,5.9,31.0
20250501174000,32.875999450683594,59.0,0.0,19.7,5.6,16.2
20250501174100,32.875999450683594,59.0,0.0,19.9,5.8,23.0
20250501174200,32.875999450683594,59.0,0.0,20.3,6.0,34.0
20250501174300,32.875999450683594,59.0,0.0,20.5,5.5,27.5
20250501174400,32.875999450683594,59.0,0.0,19.2,6.2,19.5
20250501174500,32.875999450683594,59.0,0.0,19.5,6.5,29.2
20250501174600,32.875999450683594,59.0,0.0,20.0,5.7,26.5
20250501174700,32.875999450683594,59.0,0.0,19.6,5.8,16.5
20250501174800,32.875999450683594,59.0,0.0,20.5,5.5,34.6
20250501174900,32.875999450683594,59.0,0.0,20.7,6.4,17.2
20250501175000,32.875999450683594,59.0,0.0,20.5,5.8,22.8
20250501175100,32.875999450683594,59.0,0.0,19.2,6.5,20.0
20250501175200,32.875999450683594,59.0,0.0,20.5,5.9,22.9
20250501175300,32.875999450683594,59.0,0.0,19.8,6.0,25.0
20250501175400,32.875999450683594,59.0,0.0,19.9,5.9,33.2
20250501175500,32.875999450683594,59.0,0.0,19.7,5.6,23.2
20250501175600,32.875999450683594,59.0,0.0,20.1,5.9,20.8
20250501175700,32.875999450683594,59.0,0.0,20.3,6.2,28.1
20250501175800,32.875999450683594,59.0,0.0,20.3,5.8,16.8
20250501175900,32.875999450683594,59.0,0.0,20.9,5.6,29.6
20250501180000,30.575998306274414,70.0,0.0,19.9,6.0,36.2
20250501180100,30.575998306274414,70.0,0.0,20.9,5.6,22.1
20250501180200,30.575998306274414,70.0,0.0,20.5,5.5,21.2
20250501180300,30.575998306274414,70.0,0.0,19.7,6.0,16.3
20250501180400,30.575998306274414,70.0,0.0,20.7,6.2,23.0
20250501180500,30.575998306274414,70.0,0.0,20.5,6.1,26.5
20250501180600,30.575998306274414,70.0,0.0,20.8,6.4,32.4
20250501180700,30.575998306274414,70.0,0.0,19.3,6.2,29.4
20250501180800,30.575998306274414,70.0,0.0,19.9,5.8,39.6
20250501180900,30.575998306274414,70.0,0.0,19.4,5.6,37.4
20250501181000,30.575998306274414,70.0,0.0,19.0,5.6,17.5
20250501181100,30.575998306274414,70.0,0.0,20.2,5.5,33.0
20250501181200,30.575998306274414,70.0,0.0,19.2,6.0,37.6
20250501181300,30.575998306274414,70.0,0.0,20.6,6.3,30.0
20250501181400,30.575998306274414,70.0,0.0,19.3,5.8,32.2
20250501181500,30.575998306274414,70.0,0.0,21.0,5.7,23.3
20250501181600,30.575998306274414,70.0,0.0,20.2,5.5,35.3
20250501181700,30.575998306274414,70.0,0.0,20.6,6.3,28.1
20250501181800,30.575998306274414,70.0,0.0,19.7,6.4,20.8
20250501181900,30.575998306274414,70.0,0.0,19.9,5.5,18.7
20250501182000,30.575998306274414,70.0,0.0,20.7,5.8,19.9
20250501182100,30.575998306274414,70.0,0.0,20.1,5.8,19.8
20250501182200,30.575998306274414,70.0,0.0,20.2,6.2,21.6
20250501182300,30.575998306274414,70.0,0.0,20.8,6.2,15.1
20250501182400,30.575998306274414,70.0,0.0,19.9,6.4,29.7
20250501182500,30.575998306274414,70.0,0.0,19.3,6.3,22.7
20250501182600,30.575998306274414,70.0,0.0,20.7,5.5,36.6
20250501182700,30.575998306274414,70.0,0.0,19.6,5.9,22.3
20250501182800,30.575998306274414,70.0,0.0,20.2,5.8,16.2
20250501182900,30.575998306274414,70.0,0.0,19.7,6.2,35.4
20250501183000,30.575998306274414,70.0,0.0,20.3,5.8,16.9
20250501183100,30.575998306274414,70.0,0.0,19.8,5.6,33.5
20250501183200,30.575998306274414,70.0,0.0,21.0,6.4,29.9
20250501183300,30.575998306274414,70.0,0.0,19.8,6.2,22.7
20250501183400,30.575998306274414,70.0,0.0,20.7,6.1,19.4
20250501183500,30.575998306274414,70.0,0.0,20.3,5.9,35.3
20250501183600,30.575998306274414,70.0,0.0,20.2,5.7,24.5
20250501183700,30.575998306274414,70.0,0.0,20.5,6.3,22.8
20250501183800,30.575998306274414,70.0,0.0,19.0,6.1,16.3
20250501183900,30.575998306274414,70.0,0.0,19.5,6.0,25.3
20250501184000,30.575998306274414,70.0,0.0,19.8,5.6,35.4
20250501184100,30.575998306274414,70.0,0.0,20.4,5.8,21.0
20250501184200,30.575998306274414,70.0,0.0,20.0,6.2,38.0
20250501184300,30.575998306274414,70.0,0.0,20.4,5.7,31.0
20250501184400,30.575998306274414,70.0,0.0,19.0,6.1,33.9
20250501184500,30.575998306274414,70.0,0.0,20.0,6.4,24.6
20250501184600,30.575998306274414,70.0,0.0,19.5,5.8,25.8
20250501184700,30.575998306274414,70.0,0.0,19.7,6.3,20.1
20250501184800,30.575998306274414,70.0,0.0,19.4,6.0,37.9
20250501184900,30.575998306274414,70.0,0.0,20.5,6.2,35.0
20250501185000,30.575998306274414,70.0,0.0,19.8,5.8,36.7
20250501185100,30.575998306274414,70.0,0.0,19.1,6.0,39.6
20250501185200,30.575998306274414,70.0,0.0,20.0,5.6,21.4
20250501185300,30.575998306274414,70.0,0.0,20.7,6.2,22.3
20250501185400,30.575998306274414,70.0,0.0,19.2,5.5,27.3
20250501185500,30.575998306274414,70.0,0.0,20.2,6.0,24.4
20250501185600,30.575998306274414,70.0,0.0,20.9,6.3,35.6
20250501185700,30.575998306274414,70.0,0.0,19.9,6.4,15.6
20250501185800,30.575998306274414,70.0,0.0,19.1,5.6,16.1
20250501185900,30.575998306274414,70.0,0.0,19.9,6.1,26.0
20250501190000,28.875999450683594,79.0,0.0,20.9,6.4,16.4
20250501190100,28.875999450683594,79.0,0.0,20.9,5.7,30.3
20250501190200,28.875999450683594,79.0,0.0,19.5,5.7,15.3
20250501190300,28.875999450683594,79.0,0.0,19.6,6.2,30.9
20250501190400,28.875999450683594,79.0,0.0,19.8,5.8,18.5
20250501190500,28.875999450683594,79.0,0.0,20.9,6.1,26.2
20250501190600,28.875999450683594,79.0,0.0,20.0,6.1,27.6
20250501190700,28.875999450683594,79.0,0.0,20.9,6.2,27.2
20250501190800,28.875999450683594,79.0,0.0,19.4,6.2,20.4
20250501190900,28.875999450683594,79.0,0.0,19.9,5.8,30.0
20250501191000,28.875999450683594,79.0,0.0,19.5,6.0,17.3
20250501191100,28.875999450683594,79.0,0.0,20.7,5.9,19.5
20250501191200,28.875999450683594,79.0,0.0,19.5,6.5,26.4
20250501191300,28.875999450683594,79.0,0.0,21.0,6.3,33.4
20250501191400,28.875999450683594,79.0,0.0,21.0,5.9,16.1
20250501191500,28.875999450683594,79.0,0.0,20.4,5.8,30.4
20250501191600,28.875999450683594,79.0,0.0,19.2,6.1,18.4
20250501191700,28.875999450683594,79.0,0.0,20.8,6.2,29.0
20250501191800,28.875999450683594,79.0,0.0,20.6,5.7,33.0
20250501191900,28.875999450683594,79.0,0.0,20.3,6.4,22.4
20250501192000,28.875999450683594,79.0,0.0,20.1,5.9,39.9
20250501192100,28.875999450683594,79.0,0.0,19.2,6.4,26.0
20250501192200,28.875999450683594,79.0,0.0,20.2,5.6,16.1
20250501192300,28.875999450683594,79.0,0.0,19.8,6.3,28.2
20250501192400,28.875999450683594,79.0,0.0,20.1,6.4,28.7
20250501192500,28.875999450683594,79.0,0.0,20.4,6.1,33.0
20250501192600,28.875999450683594,79.0,0.0,19.6,6.2,24.9
20250501192700,28.875999450683594,79.0,0.0,19.7,6.5,20.7
20250501192800,28.875999450683594,79.0,0.0,19.4,6.4,24.3
20250501192900,28.875999450683594,79.0,0.0,19.3,6.3,19.5
20250501193000,28.875999450683594,79.0,0.0,20.7,5.7,27.4
20250501193100,28.875999450683594,79.0,0.0,19.2,6.4,25.6
20250501193200,28.875999450683594,79.0,0.0,19.8,5.6,18.3
20250501193300,28.875999450683594,79.0,0.0,19.8,6.1,17.7
20250501193400,28.875999450683594,79.0,0.0,20.0,6.0,33.8
20250501193500,28.875999450683594,79.0,0.0,19.0,6.4,33.0
20250501193600,28.875999450683594,79.0,0.0,20.0,5.7,23.7
20250501193700,28.875999450683594,79.0,0.0,20.3,6.2,30.7
20250501193800,28.875999450683594,79.0,0.0,19.3,5.7,27.5
20250501193900,28.875999450683594,79.0,0.0,19.4,6.4,19.5
20250501194000,28.875999450683594,79.0,0.0,20.1,5.9,17.6
20250501194100,28.875999450683594,79.0,0.0,20.1,5.6,28.7
20250501194200,28.875999450683594,79.0,0.0,20.6,5.8,29.9
20250501194300,28.875999450683594,79.0,0.0,20.4,5.8,36.7
20250501194400,28.875999450683594,79.0,0.0,19.9,6.2,23.6
20250501194500,28.875999450683594,79.0,0.0,20.8,6.3,18.9
20250501194600,28.875999450683594,79.0,0.0,20.2,5.6,34.8
20250501194700,28.875999450683594,79.0,0.0,20.7,6.0,21.7
20250501194800,28.875999450683594,79.0,0.0,19.3,6.3,35.4
20250501194900,28.875999450683594,79.0,0.0,19.1,6.3,24.4
20250501195000,28.875999450683594,79.0,0.0,19.3,6.2,15.3
20250501195100,28.875999450683594,79.0,0.0,20.1,6.5,30.3
20250501195200,28.875999450683594,79.0,0.0,20.1,6.3,37.4
20250501195300,28.875999450683594,79.0,0.0,20.2,6.1,29.9
20250501195400,28.875999450683594,79.0,0.0,20.6,5.8,38.4
20250501195500,28.875999450683594,79.0,0.0,19.9,6.0,24.0
20250501195600,28.875999450683594,79.0,0.0,19.6,6.0,30.2
20250501195700,28.875999450683594,79.0,0.0,20.9,6.4,31.6
20250501195800,28.875999450683594,79.0,0.0,20.3,5.7,22.1
20250501195900,28.875999450683594,79.0,0.0,19.1,6.1,32.4
20250501200000,28.325998306274414,83.0,0.0,20.0,6.2,25.2
20250501200100,28.325998306274414,83.0,0.0,19.5,5.8,17.9
20250501200200,28.325998306274414,83.0,0.0,20.6,5.6,16.7
20250501200300,28.325998306274414,83.0,0.0,20.1,5.8,29.1
20250501200400,28.325998306274414,83.0,0.0,19.4,6.4,32.8
20250501200500,28.325998306274414,83.0,0.0,19.2,5.7,27.7
20250501200600,28.325998306274414,83.0,0.0,20.7,5.8,16.4
20250501200700,28.325998306274414,83.0,0.0,21.0,6.3,17.2
20250501200800,28.325998306274414,83.0,0.0,20.7,5.6,27.5
20250501200900,28.325998306274414,83.0,0.0,19.4,6.1,17.1
20250501201000,28.325998306274414,83.0,0.0,20.4,6.5,24.0
20250501201100,28.325998306274414,83.0,0.0,19.5,6.3,39.0
20250501201200,28.325998306274414,83.0,0.0,20.8,5.7,29.4
20250501201300,28.325998306274414,83.0,0.0,20.7,5.6,22.4
20250501201400,28.325998306274414,83.0,0.0,19.4,5.9,22.6
20250501201500,28.325998306274414,83.0,0.0,19.3,6.1,31.9
20250501201600,28.325998306274414,83.0,0.0,21.0,6.0,39.2
20250501201700,28.325998306274414,83.0,0.0,20.9,5.7,36.7
20250501201800,28.325998306274414,83.0,0.0,20.0,6.4,25.3
20250501201900,28.325998306274414,83.0,0.0,19.7,6.2,37.7
20250501202000,28.325998306274414,83.0,0.0,21.0,6.4,33.8
20250501202100,28.325998306274414,83.0,0.0,20.5,6.3,28.5
20250501202200,28.325998306274414,83.0,0.0,20.6,6.2,37.7
20250501202300,28.325998306274414,83.0,0.0,19.7,6.0,24.3
20250501202400,28.325998306274414,83.0,0.0,20.6,6.3,21.8
20250501202500,28.325998306274414,83.0,0.0,19.4,5.7,28.1
20250501202600,28.325998306274414,83.0,0.0,19.2,5.7,15.5
20250501202700,28.325998306274414,83.0,0.0,20.3,6.4,25.2
20250501202800,28.325998306274414,83.0,0.0,20.6,6.0,16.6
20250501202900,28.325998306274414,83.0,0.0,20.3,6.2,30.6
20250501203000,28.325998306274414,83.0,0.0,20.8,6.4,25.0
20250501203100,28.325998306274414,83.0,0.0,20.1,5.9,36.0
20250501203200,28.325998306274414,83.0,0.0,19.8,6.2,38.7
20250501203300,28.325998306274414,83.0,0.0,19.0,5.8,21.5
20250501203400,28.325998306274414,83.0,0.0,19.8,5.7,17.4
20250501203500,28.325998306274414,83.0,0.0,19.4,5.6,38.9
20250501203600,28.325998306274414,83.0,0.0,19.4,6.0,29.2
20250501203700,28.325998306274414,83.0,0.0,20.7,5.8,23.8
20250501203800,28.325998306274414,83.0,0.0,19.1,6.1,18.6
20250501203900,28.325998306274414,83.0,0.0,19.9,6.2,21.3
20250501204000,28.325998306274414,83.0,0.0,19.2,5.7,38.7
20250501204100,28.325998306274414,83.0,0.0,20.7,5.8,28.7
20250501204200,28.325998306274414,83.0,0.0,20.5,5.9,30.5
20250501204300,28.325998306274414,83.0,0.0,19.7,5.9,30.9
20250501204400,28.325998306274414,83.0,0.0,19.0,6.4,28.4
20250501204500,28.325998306274414,83.0,0.0,20.7,5.8,22.0
20250501204600,28.325998306274414,83.0,0.0,19.9,6.1,36.5
20250501204700,28.325998306274414,83.0,0.0,19.8,6.3,30.1
20250501204800,28.325998306274414,83.0,0.0,20.2,6.0,17.7
20250501204900,28.325998306274414,83.0,0.0,20.7,5.8,23.1
20250501205000,28.325998306274414,83.0,0.0,19.3,5.9,35.4
20250501205100,28.325998306274414,83.0,0.0,19.5,5.6,26.3
20250501205200,28.325998306274414,83.0,0.0,19.9,6.2,30.2
20250501205300,28.325998306274414,83.0,0.0,20.3,5.7,27.5
20250501205400,28.325998306274414,83.0,0.0,20.6,5.8,22.8
20250501205500,28.325998306274414,83.0,0.0,20.2,5.6,16.9
20250501205600,28.325998306274414,83.0,0.0,20.4,6.2,26.8
20250501205700,28.325998306274414,83.0,0.0,19.2,6.4,16.1
20250501205800,28.325998306274414,83.0,0.0,20.0,6.2,33.7
20250501205900,28.325998306274414,83.0,0.0,19.9,5.6,33.7
20250501210000,28.375999450683594,85.0,0.0,20.4,5.6,24.0
20250501210100,28.375999450683594,85.0,0.0,20.7,6.4,15.6
20250501210200,28.375999450683594,85.0,0.0,19.3,6.0,32.9
20250501210300,28.375999450683594,85.0,0.0,20.2,6.2,17.4
20250501210400,28.375999450683594,85.0,0.0,20.0,6.5,21.8
20250501210500,28.375999450683594,85.0,0.0,19.1,6.4,27.7
20250501210600,28.375999450683594,85.0,0.0,20.4,6.2,39.0
20250501210700,28.375999450683594,85.0,0.0,20.0,5.9,27.5
20250501210800,28.375999450683594,85.0,0.0,20.1,6.2,16.2
20250501210900,28.375999450683594,85.0,0.0,19.5,5.7,39.8
20250501211000,28.375999450683594,85.0,0.0,19.2,5.6,37.2
20250501211100,28.375999450683594,85.0,0.0,19.7,6.2,39.9
20250501211200,28.375999450683594,85.0,0.0,20.8,5.9,28.2
20250501211300,28.375999450683594,85.0,0.0,19.8,6.3,32.3
20250501211400,28.375999450683594,85.0,0.0,19.7,6.2,25.5
20250501211500,28.375999450683594,85.0,0.0,19.7,6.2,29.5
20250501211600,28.375999450683594,85.0,0.0,20.2,5.7,26.5
20250501211700,28.375999450683594,85.0,0.0,20.7,6.3,33.6
20250501211800,28.375999450683594,85.0,0.0,19.7,5.5,34.8
20250501211900,28.375999450683594,85.0,0.0,20.5,5.5,22.3
20250501212000,28.375999450683594,85.0,0.0,19.6,6.5,21.8
20250501212100,28.375999450683594,85.0,0.0,19.1,5.6,25.2
20250501212200,28.375999450683594,85.0,0.0,20.2,6.0,28.3
20250501212300,28.375999450683594,85.0,0.0,19.3,5.8,23.2
20250501212400,28.375999450683594,85.0,0.0,20.6,6.1,32.5
20250501212500,28.375999450683594,85.0,0.0,19.0,6.4,26.6
20250501212600,28.375999450683594,85.0,0.0,20.3,5.9,20.4
20250501212700,28.375999450683594,85.0,0.0,20.2,5.9,33.3
20250501212800,28.375999450683594,85.0,0.0,20.6,6.4,25.3
20250501212900,28.375999450683594,85.0,0.0,20.0,6.0,16.2
20250501213000,28.375999450683594,85.0,0.0,19.3,6.2,17.4
20250501213100,28.375999450683594,85.0,0.0,19.7,5.8,36.2
20250501213200,28.375999450683594,85.0,0.0,19.8,5.7,34.5
20250501213300,28.375999450683594,85.0,0.0,19.6,6.4,21.3
20250501213400,28.375999450683594,85.0,0.0,20.0,5.8,33.3
20250501213500,28.375999450683594,85.0,0.0,20.3,6.3,25.5
20250501213600,28.375999450683594,85.0,0.0,20.7,5.8,24.4
20250501213700,28.375999450683594,85.0,0.0,19.1,6.3,36.1
20250501213800,28.375999450683594,85.0,0.0,19.6,6.5,29.3
20250501213900,28.375999450683594,85.0,0.0,20.6,5.8,36.9
20250501214000,28.375999450683594,85.0,0.0,19.6,5.7,22.4
20250501214100,28.375999450683594,85.0,0.0,19.6,6.4,29.7
20250501214200,28.375999450683594,85.0,0.0,20.2,6.4,25.8
20250501214300,28.375999450683594,85.0,0.0,20.1,6.5,23.7
20250501214400,28.375999450683594,85.0,0.0,19.7,5.8,19.6
20250501214500,28.375999450683594,85.0,0.0,19.5,5.8,26.9
20250501214600,28.375999450683594,85.0,0.0,19.9,5.8,37.7
20250501214700,28.375999450683594,85.0,0.0,20.1,6.3,21.9
20250501214800,28.375999450683594,85.0,0.0,20.0,6.4,21.7
20250501214900,28.375999450683594,85.0,0.0,19.2,6.2,28.7
20250501215000,28.375999450683594,85.0,0.0,19.6,5.9,15.1
20250501215100,28.375999450683594,85.0,0.0,20.4,6.0,35.4
20250501215200,28.375999450683594,85.0,0.0,20.4,5.8,19.6
20250501215300,28.375999450683594,85.0,0.0,20.6,6.3,21.2
20250501215400,28.375999450683594,85.0,0.0,20.4,6.4,29.2
20250501215500,28.375999450683594,85.0,0.0,19.8,6.4,32.0
20250501215600,28.375999450683594,85.0,0.0,19.6,6.0,18.6
20250501215700,28.375999450683594,85.0,0.0,20.9,6.4,22.1
20250501215800,28.375999450683594,85.0,0.0,20.8,6.3,19.9
20250501215900,28.375999450683594,85.0,0.0,19.3,5.7,31.1
20250501220000,28.325998306274414,87.0,0.0,19.2,6.1,15.5
20250501220100,28.325998306274414,87.0,0.0,19.8,6.1,18.1
20250501220200,28.325998306274414,87.0,0.0,20.8,5.9,39.3
20250501220300,28.325998306274414,87.0,0.0,20.7,5.9,21.7
20250501220400,28.325998306274414,87.0,0.0,19.3,6.4,23.8
20250501220500,28.325998306274414,87.0,0.0,20.6,6.0,30.8
20250501220600,28.325998306274414,87.0,0.0,20.2,6.1,22.3
20250501220700,28.325998306274414,87.0,0.0,19.0,6.1,35.5
20250501220800,28.325998306274414,87.0,0.0,20.4,5.9,17.0
20250501220900,28.325998306274414,87.0,0.0,20.9,5.8,29.3
20250501221000,28.325998306274414,87.0,0.0,20.3,5.8,17.6
20250501221100,28.325998306274414,87.0,0.0,19.2,6.1,26.4
20250501221200,28.325998306274414,87.0,0.0,20.5,5.5,22.3
20250501221300,28.325998306274414,87.0,0.0,19.6,6.0,34.7
20250501221400,28.325998306274414,87.0,0.0,19.3,5.6,30.3
20250501221500,28.325998306274414,87.0,0.0,20.0,6.2,28.5
20250501221600,28.325998306274414,87.0,0.0,19.2,5.6,20.6
20250501221700,28.325998306274414,87.0,0.0,20.3,6.0,26.3
20250501221800,28.325998306274414,87.0,0.0,19.7,5.7,31.6
20250501221900,28.325998306274414,87.0,0.0,19.8,5.7,26.9
20250501222000,28.325998306274414,87.0,0.0,20.0,6.1,28.7
20250501222100,28.325998306274414,87.0,0.0,19.7,5.9,36.0
20250501222200,28.325998306274414,87.0,0.0,20.9,6.4,28.5
20250501222300,28.325998306274414,87.0,0.0,19.6,5.9,32.3
20250501222400,28.325998306274414,87.0,0.0,20.9,6.3,28.3
20250501222500,28.325998306274414,87.0,0.0,20.6,5.6,19.9
20250501222600,28.325998306274414,87.0,0.0,19.6,6.2,25.6
20250501222700,28.325998306274414,87.0,0.0,19.7,6.5,29.4
20250501222800,28.325998306274414,87.0,0.0,19.5,5.5,35.4
20250501222900,28.325998306274414,87.0,0.0,20.6,5.9,35.1
20250501223000,28.325998306274414,87.0,0.0,19.9,6.0,15.1
20250501223100,28.325998306274414,87.0,0.0,19.2,5.8,26.3
20250501223200,28.325998306274414,87.0,0.0,19.5,6.2,22.8
20250501223300,28.325998306274414,87.0,0.0,19.0,6.0,25.1
20250501223400,28.325998306274414,87.0,0.0,19.7,5.9,31.3
20250501223500,28.325998306274414,87.0,0.0,20.6,5.8,17.4
20250501223600,28.325998306274414,87.0,0.0,19.4,5.5,30.8
20250501223700,28.325998306274414,87.0,0.0,20.2,6.1,36.5
20250501223800,28.325998306274414,87.0,0.0,19.1,6.2,36.7
20250501223900,28.325998306274414,87.0,0.0,19.3,6.2,38.4
20250501224000,28.325998306274414,87.0,0.0,20.0,5.7,34.0
20250501224100,28.325998306274414,87.0,0.0,20.5,6.0,24.9
20250501224200,28.325998306274414,87.0,0.0,20.9,5.7,23.0
20250501224300,28.325998306274414,87.0,0.0,20.3,5.6,30.1
20250501224400,28.325998306274414,87.0,0.0,20.9,6.2,33.4
20250501224500,28.325998306274414,87.0,0.0,20.3,5.7,28.4
20250501224600,28.325998306274414,87.0,0.0,19.0,5.7,27.6
20250501224700,28.325998306274414,87.0,0.0,19.4,6.4,32.5
20250501224800,28.325998306274414,87.0,0.0,19.1,6.1,36.2
20250501224900,28.325998306274414,87.0,0.0,19.5,5.9,17.8
20250501225000,28.325998306274414,87.0,0.0,19.9,6.2,27.1
20250501225100,28.325998306274414,87.0,0.0,19.3,6.2,26.1
20250501225200,28.325998306274414,87.0,0.0,20.5,6.5,36.8
20250501225300,28.325998306274414,87.0,0.0,19.3,5.8,35.6
20250501225400,28.325998306274414,87.0,0.0,20.8,5.9,33.7
20250501225500,28.325998306274414,87.0,0.0,19.1,6.1,38.3
20250501225600,28.325998306274414,87.0,0.0,20.0,6.2,39.4
20250501225700,28.325998306274414,87.0,0.0,20.3,6.4,15.6
20250501225800,28.325998306274414,87.0,0.0,19.3,6.4,31.7
20250501225900,28.325998306274414,87.0,0.0,20.4,5.7,20.8
20250501230000,28.025999069213867,89.0,0.0,20.9,5.6,17.2
20250501230100,28.025999069213867,89.0,0.0,19.9,6.0,20.6
20250501230200,28.025999069213867,89.0,0.0,19.6,5.9,18.7
20250501230300,28.025999069213867,89.0,0.0,20.5,5.5,36.1
20250501230400,28.025999069213867,89.0,0.0,19.1,5.7,30.0
20250501230500,28.025999069213867,89.0,0.0,19.3,5.8,26.4
20250501230600,28.025999069213867,89.0,0.0,19.6,6.0,28.1
20250501230700,28.025999069213867,89.0,0.0,19.6,6.1,22.4
20250501230800,28.025999069213867,89.0,0.0,19.3,5.5,17.0
20250501230900,28.025999069213867,89.0,0.0,19.9,6.2,17.2
20250501231000,28.025999069213867,89.0,0.0,20.4,6.2,39.4
20250501231100,28.025999069213867,89.0,0.0,19.5,6.2,26.1
20250501231200,28.025999069213867,89.0,0.0,20.5,5.5,28.2
20250501231300,28.025999069213867,89.0,0.0,19.2,6.3,29.0
20250501231400,28.025999069213867,89.0,0.0,20.2,6.1,16.6
20250501231500,28.025999069213867,89.0,0.0,20.1,5.5,29.6
20250501231600,28.025999069213867,89.0,0.0,19.2,5.6,30.7
20250501231700,28.025999069213867,89.0,0.0,19.9,6.4,20.8
20250501231800,28.025999069213867,89.0,0.0,19.0,5.7,36.1
20250501231900,28.025999069213867,89.0,0.0,19.1,5.9,17.6
20250501232000,28.025999069213867,89.0,0.0,19.8,5.8,39.5
20250501232100,28.025999069213867,89.0,0.0,20.2,5.7,29.5
20250501232200,28.025999069213867,89.0,0.0,20.7,6.1,35.5
20250501232300,28.025999069213867,89.0,0.0,20.4,6.0,25.6
20250501232400,28.025999069213867,89.0,0.0,20.8,6.3,28.9
20250501232500,28.025999069213867,89.0,0.0,19.9,5.8,22.6
20250501232600,28.025999069213867,89.0,0.0,19.8,6.1,35.2
20250501232700,28.025999069213867,89.0,0.0,20.1,6.4,30.2
20250501232800,28.025999069213867,89.0,0.0,19.7,6.0,16.5
20250501232900,28.025999069213867,89.0,0.0,19.2,6.1,23.3
20250501233000,28.025999069213867,89.0,0.0,20.1,6.0,23.5
20250501233100,28.025999069213867,89.0,0.0,20.3,6.3,26.6
20250501233200,28.025999069213867,89.0,0.0,20.5,6.5,34.7
20250501233300,28.025999069213867,89.0,0.0,19.7,5.5,22.4
20250501233400,28.025999069213867,89.0,0.0,19.5,6.1,24.1
20250501233500,28.025999069213867,89.0,0.0,20.0,5.8,25.2
20250501233600,28.025999069213867,89.0,0.0,19.7,6.0,35.1
20250501233700,28.025999069213867,89.0,0.0,20.3,5.7,17.3
20250501233800,28.025999069213867,89.0,0.0,20.3,6.3,19.1
20250501233900,28.025999069213867,89.0,0.0,19.9,5.7,37.3
20250501234000,28.025999069213867,89.0,0.0,20.0,5.9,18.3
20250501234100,28.025999069213867,89.0,0.0,20.3,6.3,28.0
20250501234200,28.025999069213867,89.0,0.0,20.1,6.3,39.2
20250501234300,28.025999069213867,89.0,0.0,19.3,6.4,33.3
20250501234400,28.025999069213867,89.0,0.0,19.6,6.3,36.1
20250501234500,28.025999069213867,89.0,0.0,19.7,5.9,20.2
20250501234600,28.025999069213867,89.0,0.0,19.6,5.8,15.4
20250501234700,28.025999069213867,89.0,0.0,19.4,6.0,37.4
20250501234800,28.025999069213867,89.0,0.0,19.2,5.9,20.6
20250501234900,28.025999069213867,89.0,0.0,19.7,5.7,31.7
20250501235000,28.025999069213867,89.0,0.0,19.6,6.3,15.5
20250501235100,28.025999069213867,89.0,0.0,19.2,5.6,27.4
20250501235200,28.025999069213867,89.0,0.0,19.2,6.0,33.6
20250501235300,28.025999069213867,89.0,0.0,20.1,6.1,35.7
20250501235400,28.025999069213867,89.0,0.0,20.1,5.9,31.6
20250501235500,28.025999069213867,89.0,0.0,19.2,6.4,19.3
20250501235600,28.025999069213867,89.0,0.0,20.4,5.7,24.5
20250501235700,28.025999069213867,89.0,0.0,20.2,6.1,24.1
20250501235800,28.025999069213867,89.0,0.0,20.0,6.2,15.4
20250501235900,28.025999069213867,89.0,0.0,20.1,6.2,37.7
20250502000000,27.67599868774414,90.0,0.0,19.1,5.5,22.4
20250502000100,27.67599868774414,90.0,0.0,20.5,5.5,37.4
20250502000200,27.67599868774414,90.0,0.0,20.8,5.6,35.4
20250502000300,27.67599868774414,90.0,0.0,20.0,6.4,30.0
20250502000400,27.67599868774414,90.0,0.0,20.8,6.4,17.4
20250502000500,27.67599868774414,90.0,0.0,20.3,5.8,19.6
20250502000600,27.67599868774414,90.0,0.0,19.6,5.8,22.7
20250502000700,27.67599868774414,90.0,0.0,20.1,5.6,35.7
20250502000800,27.67599868774414,90.0,0.0,20.2,6.0,25.6
20250502000900,27.67599868774414,90.0,0.0,20.3,6.2,26.3
20250502001000,27.67599868774414,90.0,0.0,19.6,6.1,27.4
20250502001100,27.67599868774414,90.0,0.0,19.4,6.1,16.2
20250502001200,27.67599868774414,90.0,0.0,19.5,6.0,26.7
20250502001300,27.67599868774414,90.0,0.0,19.4,5.8,39.3
20250502001400,27.67599868774414,90.0,0.0,19.4,6.2,38.5
20250502001500,27.67599868774414,90.0,0.0,20.4,6.2,24.6
20250502001600,27.67599868774414,90.0,0.0,19.6,5.7,36.1
20250502001700,27.67599868774414,90.0,0.0,19.9,5.7,38.5
20250502001800,27.67599868774414,90.0,0.0,19.2,6.2,25.7
20250502001900,27.67599868774414,90.0,0.0,20.2,5.8,27.6
20250502002000,27.67599868774414,90.0,0.0,19.9,5.9,35.9
20250502002100,27.67599868774414,90.0,0.0,19.3,5.8,36.4
20250502002200,27.67599868774414,90.0,0.0,20.0,5.9,22.7
20250502002300,27.67599868774414,90.0,0.0,19.1,6.3,33.5
20250502002400,27.67599868774414,90.0,0.0,19.8,5.9,25.2
20250502002500,27.67599868774414,90.0,0.0,21.0,5.8,17.2
20250502002600,27.67599868774414,90.0,0.0,20.9,5.7,28.0
20250502002700,27.67599868774414,90.0,0.0,19.3,5.6,15.4
20250502002800,27.67599868774414,90.0,0.0,20.5,6.2,29.5
20250502002900,27.67599868774414,90.0,0.0,20.2,6.3,30.8
20250502003000,27.67599868774414,90.0,0.0,20.9,6.5,24.6
20250502003100,27.67599868774414,90.0,0.0,20.2,6.3,29.4
20250502003200,27.67599868774414,90.0,0.0,20.3,6.2,32.5
20250502003300,27.67599868774414,90.0,0.0,19.6,5.9,36.0
20250502003400,27.67599868774414,90.0,0.0,19.3,5.8,35.9
20250502003500,27.67599868774414,90.0,0.0,19.8,6.3,38.1
20250502003600,27.67599868774414,90.0,0.0,20.8,6.0,30.0
20250502003700,27.67599868774414,90.0,0.0,19.7,5.6,21.1
20250502003800,27.67599868774414,90.0,0.0,20.1,5.9,22.0
20250502003900,27.67599868774414,90.0,0.0,19.9,5.8,18.3
20250502004000,27.67599868774414,90.0,0.0,20.1,5.6,19.1
20250502004100,27.67599868774414,90.0,0.0,19.7,5.8,37.4
20250502004200,27.67599868774414,90.0,0.0,20.5,5.8,17.2
20250502004300,27.67599868774414,90.0,0.0,20.0,5.8,36.8
20250502004400,27.67599868774414,90.0,0.0,19.8,5.9,19.8
20250502004500,27.67599868774414,90.0,0.0,19.9,5.6,36.2
20250502004600,27.67599868774414,90.0,0.0,20.1,5.9,37.2
20250502004700,27.67599868774414,90.0,0.0,20.1,5.9,15.9
20250502004800,27.67599868774414,90.0,0.0,20.8,6.0,20.8
20250502004900,27.67599868774414,90.0,0.0,19.7,6.2,39.8
20250502005000,27.67599868774414,90.0,0.0,19.6,5.8,21.8
20250502005100,27.67599868774414,90.0,0.0,19.9,5.5,37.7
20250502005200,27.67599868774414,90.0,0.0,19.7,5.7,23.8
20250502005300,27.67599868774414,90.0,0.0,20.0,5.7,35.3
20250502005400,27.67599868774414,90.0,0.0,20.4,6.0,22.3
20250502005500,27.67599868774414,90.0,0.0,20.7,5.8,17.4
20250502005600,27.67599868774414,90.0,0.0,20.0,6.1,16.7
20250502005700,27.67599868774414,90.0,0.0,19.0,6.3,32.5
20250502005800,27.67599868774414,90.0,0.0,19.4,6.1,25.4
20250502005900,27.67599868774414,90.0,0.0,19.8,6.4,36.1
20250502010000,27.325998306274414,91.0,0.0,19.3,6.4,15.9
20250502010100,27.325998306274414,91.0,0.0,20.8,5.5,29.4
20250502010200,27.325998306274414,91.0,0.0,20.3,6.4,26.6
20250502010300,27.325998306274414,91.0,0.0,20.4,5.7,17.2
20250502010400,27.325998306274414,91.0,0.0,20.1,6.0,36.1
20250502010500,27.325998306274414,91.0,0.0,19.8,5.9,31.8
20250502010600,27.325998306274414,91.0,0.0,20.3,5.8,39.6
20250502010700,27.325998306274414,91.0,0.0,19.5,5.5,39.3
20250502010800,27.325998306274414,91.0,0.0,20.9,6.2,18.6
20250502010900,27.325998306274414,91.0,0.0,19.2,6.0,32.3
20250502011000,27.325998306274414,91.0,0.0,20.2,5.9,29.7
20250502011100,27.325998306274414,91.0,0.0,19.8,5.7,25.6
20250502011200,27.325998306274414,91.0,0.0,19.4,6.5,20.7
20250502011300,27.325998306274414,91.0,0.0,20.3,6.3,16.2
20250502011400,27.325998306274414,91.0,0.0,20.3,5.9,16.5
20250502011500,27.325998306274414,91.0,0.0,19.1,5.8,26.7
20250502011600,27.325998306274414,91.0,0.0,19.3,6.4,33.7
20250502011700,27.325998306274414,91.0,0.0,20.8,5.6,36.7
20250502011800,27.325998306274414,91.0,0.0,20.4,6.4,32.8
20250502011900,27.325998306274414,91.0,0.0,20.6,5.6,31.0
20250502012000,27.325998306274414,91.0,0.0,20.7,5.6,15.0
20250502012100,27.325998306274414,91.0,0.0,19.5,6.4,32.3
20250502012200,27.325998306274414,91.0,0.0,19.2,5.7,26.4
20250502012300,27.325998306274414,91.0,0.0,20.7,6.2,26.9
20250502012400,27.325998306274414,91.0,0.0,20.0,6.3,18.7
20250502012500,27.325998306274414,91.0,0.0,20.7,6.1,27.3
20250502012600,27.325998306274414,91.0,0.0,19.5,5.8,30.3
20250502012700,27.325998306274414,91.0,0.0,19.0,5.8,26.2
20250502012800,27.325998306274414,91.0,0.0,19.7,5.8,15.3
20250502012900,27.325998306274414,91.0,0.0,19.7,6.4,24.0
20250502013000,27.325998306274414,91.0,0.0,20.0,6.3,30.5
20250502013100,27.325998306274414,91.0,0.0,20.2,5.7,25.7
20250502013200,27.325998306274414,91.0,0.0,19.9,6.4,30.8
20250502013300,27.325998306274414,91.0,0.0,20.0,6.5,37.4
20250502013400,27.325998306274414,91.0,0.0,19.8,5.9,22.2
20250502013500,27.325998306274414,91.0,0.0,19.6,5.7,36.5
20250502013600,27.325998306274414,91.0,0.0,19.7,6.0,22.7
20250502013700,27.325998306274414,91.0,0.0,20.5,5.9,23.8
20250502013800,27.325998306274414,91.0,0.0,20.9,6.0,27.5
20250502013900,27.325998306274414,91.0,0.0,20.5,5.7,33.5
20250502014000,27.325998306274414,91.0,0.0,19.9,6.3,33.1
20250502014100,27.325998306274414,91.0,0.0,19.1,5.8,29.3
20250502014200,27.325998306274414,91.0,0.0,20.4,5.6,35.5
20250502014300,27.325998306274414,91.0,0.0,20.0,5.6,22.4
20250502014400,27.325998306274414,91.0,0.0,19.1,5.9,39.3
20250502014500,27.325998306274414,91.0,0.0,19.4,6.0,16.6
20250502014600,27.325998306274414,91.0,0.0,20.8,6.2,21.0
20250502014700,27.325998306274414,91.0,0.0,19.9,5.7,26.0
20250502014800,27.325998306274414,91.0,0.0,20.4,6.4,39.6
20250502014900,27.325998306274414,91.0,0.0,20.0,5.9,26.5
20250502015000,27.325998306274414,91.0,0.0,20.8,6.2,15.7
20250502015100,27.325998306274414,91.0,0.0,20.7,5.8,23.0
20250502015200,27.325998306274414,91.0,0.0,21.0,5.9,26.4
20250502015300,27.325998306274414,91.0,0.0,19.4,6.3,22.2
20250502015400,27.325998306274414,91.0,0.0,21.0,6.3,16.6
20250502015500,27.325998306274414,91.0,0.0,19.6,5.8,23.1
20250502015600,27.325998306274414,91.0,0.0,19.1,6.3,24.7
20250502015700,27.325998306274414,91.0,0.0,20.3,6.2,25.8
20250502015800,27.325998306274414,91.0,0.0,20.5,6.3,17.3
20250502015900,27.325998306274414,91.0,0.0,20.0,6.3,18.7
20250502020000,26.92599868774414,92.0,0.0,20.2,6.5,29.9
20250502020100,26.92599868774414,92.0,0.0,20.7,6.0,21.2
20250502020200,26.92599868774414,92.0,0.0,21.0,6.3,37.0
20250502020300,26.92599868774414,92.0,0.0,20.9,5.5,22.4
20250502020400,26.92599868774414,92.0,0.0,20.5,5.5,17.7
20250502020500,26.92599868774414,92.0,0.0,20.2,5.6,21.6
20250502020600,26.92599868774414,92.0,0.0,19.1,5.9,27.8
20250502020700,26.92599868774414,92.0,0.0,19.0,6.3,35.9
20250502020800,26.92599868774414,92.0,0.0,19.5,6.2,18.8
20250502020900,26.92599868774414,92.0,0.0,21.0,6.0,34.4
20250502021000,26.92599868774414,92.0,0.0,20.6,5.6,16.5
20250502021100,26.92599868774414,92.0,0.0,20.9,5.7,36.9
20250502021200,26.92599868774414,92.0,0.0,19.1,5.9,33.7
20250502021300,26.92599868774414,92.0,0.0,19.2,5.6,32.8
20250502021400,26.92599868774414,92.0,0.0,20.5,6.4,30.7
20250502021500,26.92599868774414,92.0,0.0,19.1,5.9,36.3
20250502021600,26.92599868774414,92.0,0.0,19.9,6.1,34.0
20250502021700,26.92599868774414,92.0,0.0,20.4,6.0,32.5
20250502021800,26.92599868774414,92.0,0.0,19.9,6.1,20.0
20250502021900,26.92599868774414,92.0,0.0,20.6,6.2,27.9
20250502022000,26.92599868774414,92.0,0.0,19.1,6.4,35.4
20250502022100,26.92599868774414,92.0,0.0,20.0,5.7,17.9
20250502022200,26.92599868774414,92.0,0.0,20.4,5.5,16.1
20250502022300,26.92599868774414,92.0,0.0,19.8,5.7,26.3
20250502022400,26.92599868774414,92.0,0.0,19.7,6.2,39.0
20250502022500,26.92599868774414,92.0,0.0,19.0,6.5,32.0
20250502022600,26.92599868774414,92.0,0.0,20.8,5.7,24.4
20250502022700,26.92599868774414,92.0,0.0,20.0,6.2,26.5
20250502022800,26.92599868774414,92.0,0.0,20.5,6.3,25.8
20250502022900,26.92599868774414,92.0,0.0,20.4,5.5,32.6
20250502023000,26.92599868774414,92.0,0.0,19.7,5.6,24.4
20250502023100,26.92599868774414,92.0,0.0,20.8,6.1,39.7
20250502023200,26.92599868774414,92.0,0.0,19.8,5.6,29.8
20250502023300,26.92599868774414,92.0,0.0,19.2,6.0,27.6
20250502023400,26.92599868774414,92.0,0.0,20.2,6.3,34.1
20250502023500,26.92599868774414,92.0,0.0,20.7,6.5,35.1
20250502023600,26.92599868774414,92.0,0.0,19.2,5.8,38.1
20250502023700,26.92599868774414,92.0,0.0,19.9,6.3,24.5
20250502023800,26.92599868774414,92.0,0.0,19.1,5.9,28.3
20250502023900,26.92599868774414,92.0,0.0,20.7,6.0,19.4
20250502024000,26.92599868774414,92.0,0.0,20.4,6.1,38.2
20250502024100,26.92599868774414,92.0,0.0,19.1,6.4,17.2
20250502024200,26.92599868774414,92.0,0.0,19.5,6.1,33.1
20250502024300,26.92599868774414,92.0,0.0,20.9,6.3,31.3
20250502024400,26.92599868774414,92.0,0.0,19.5,6.0,38.5
20250502024500,26.92599868774414,92.0,0.0,20.3,5.9,24.9
20250502024600,26.92599868774414,92.0,0.0,19.4,6.3,39.3
20250502024700,26.92599868774414,92.0,0.0,19.9,6.4,34.5
20250502024800,26.92599868774414,92.0,0.0,20.1,5.6,32.3
20250502024900,26.92599868774414,92.0,0.0,20.5,6.3,31.1
20250502025000,26.92599868774414,92.0,0.0,19.6,5.7,35.6
20250502025100,26.92599868774414,92.0,0.0,19.2,6.4,25.4
20250502025200,26.92599868774414,92.0,0.0,19.4,6.4,23.2
20250502025300,26.92599868774414,92.0,0.0,20.0,6.1,23.6
20250502025400,26.92599868774414,92.0,0.0,19.6,5.9,27.9
20250502025500,26.92599868774414,92.0,0.0,19.1,6.5,38.3
20250502025600,26.92599868774414,92.0,0.0,19.1,6.1,33.5
20250502025700,26.92599868774414,92.0,0.0,19.1,6.4,21.6
20250502025800,26.92599868774414,92.0,0.0,20.0,6.5,15.8
20250502025900,26.92599868774414,92.0,0.0,19.7,6.2,21.9
20250502030000,26.575998306274414,94.0,0.0,19.6,6.1,25.1
20250502030100,26.575998306274414,94.0,0.0,20.7,6.4,24.9
20250502030200,26.575998306274414,94.0,0.0,19.6,6.4,17.6
20250502030300,26.575998306274414,94.0,0.0,19.4,5.5,16.2
20250502030400,26.575998306274414,94.0,0.0,20.9,5.6,18.4
20250502030500,26.575998306274414,94.0,0.0,20.2,5.9,34.5
20250502030600,26.575998306274414,94.0,0.0,19.7,5.9,15.7
20250502030700,26.575998306274414,94.0,0.0,20.8,6.4,29.9
20250502030800,26.575998306274414,94.0,0.0,20.2,6.0,36.9
20250502030900,26.575998306274414,94.0,0.0,20.3,5.5,39.7
20250502031000,26.575998306274414,94.0,0.0,19.8,6.0,28.6
20250502031100,26.575998306274414,94.0,0.0,20.6,5.8,28.7
20250502031200,26.575998306274414,94.0,0.0,20.9,6.0,26.1
20250502031300,26.575998306274414,94.0,0.0,19.8,6.5,39.9
20250502031400,26.575998306274414,94.0,0.0,19.5,6.2,27.0
20250502031500,26.575998306274414,94.0,0.0,20.1,6.0,15.2
20250502031600,26.575998306274414,94.0,0.0,20.3,5.8,28.7
20250502031700,26.575998306274414,94.0,0.0,19.4,6.5,29.4
20250502031800,26.575998306274414,94.0,0.0,19.7,6.1,17.7
20250502031900,26.575998306274414,94.0,0.0,20.1,5.6,23.5
20250502032000,26.575998306274414,94.0,0.0,20.4,5.6,17.4
20250502032100,26.575998306274414,94.0,0.0,19.8,6.4,28.4
20250502032200,26.575998306274414,94.0,0.0,19.8,6.0,35.1
20250502032300,26.575998306274414,94.0,0.0,20.2,5.8,25.8
20250502032400,26.575998306274414,94.0,0.0,19.3,5.9,25.9
20250502032500,26.575998306274414,94.0,0.0,19.6,6.1,33.5
20250502032600,26.575998306274414,94.0,0.0,19.3,5.6,30.0
20250502032700,26.575998306274414,94.0,0.0,19.1,5.6,19.1
20250502032800,26.575998306274414,94.0,0.0,19.1,6.3,34.0
20250502032900,26.575998306274414,94.0,0.0,19.1,6.1,33.7
20250502033000,26.575998306274414,94.0,0.0,20.7,5.6,36.4
20250502033100,26.575998306274414,94.0,0.0,19.2,5.9,19.8
20250502033200,26.575998306274414,94.0,0.0,20.6,6.3,20.1
20250502033300,26.575998306274414,94.0,0.0,20.7,6.4,37.2
20250502033400,26.575998306274414,94.0,0.0,20.8,6.3,40.0
20250502033500,26.575998306274414,94.0,0.0,20.1,6.1,35.9
20250502033600,26.575998306274414,94.0,0.0,19.8,6.3,32.6
20250502033700,26.575998306274414,94.0,0.0,20.9,5.9,27.2
20250502033800,26.575998306274414,94.0,0.0,20.5,6.0,18.3
20250502033900,26.575998306274414,94.0,0.0,20.4,5.7,26.9
20250502034000,26.575998306274414,94.0,0.0,19.5,5.9,28.7
20250502034100,26.575998306274414,94.0,0.0,19.3,6.2,38.7
20250502034200,26.575998306274414,94.0,0.0,20.0,6.2,28.0
20250502034300,26.575998306274414,94.0,0.0,20.3,5.9,25.4
20250502034400,26.575998306274414,94.0,0.0,19.4,5.7,38.6
20250502034500,26.575998306274414,94.0,0.0,20.4,5.7,31.5
20250502034600,26.575998306274414,94.0,0.0,20.9,6.4,31.6
20250502034700,26.575998306274414,94.0,0.0,19.3,6.5,29.3
20250502034800,26.575998306274414,94.0,0.0,19.5,5.8,18.0
20250502034900,26.575998306274414,94.0,0.0,20.5,5.5,32.6
20250502035000,26.575998306274414,94.0,0.0,19.0,5.8,24.4
20250502035100,26.575998306274414,94.0,0.0,20.6,5.7,19.8
20250502035200,26.575998306274414,94.0,0.0,20.8,5.7,36.8
20250502035300,26.575998306274414,94.0,0.0,19.9,6.4,29.8
20250502035400,26.575998306274414,94.0,0.0,19.0,6.2,33.6
20250502035500,26.575998306274414,94.0,0.0,19.7,6.2,20.8
20250502035600,26.575998306274414,94.0,0.0,20.9,6.4,25.4
20250502035700,26.575998306274414,94.0,0.0,19.4,5.7,33.6
20250502035800,26.575998306274414,94.0,0.0,19.0,5.7,28.9
20250502035900,26.575998306274414,94.0,0.0,20.4,6.0,26.0
20250502040000,26.375999450683594,94.0,0.0,20.8,6.4,15.8
20250502040100,26.375999450683594,94.0,0.0,19.4,6.5,29.5
20250502040200,26.375999450683594,94.0,0.0,19.8,6.0,22.6
20250502040300,26.375999450683594,94.0,0.0,20.9,5.8,18.4
20250502040400,26.375999450683594,94.0,0.0,20.6,5.9,15.3
20250502040500,26.375999450683594,94.0,0.0,20.7,6.2,22.8
20250502040600,26.375999450683594,94.0,0.0,21.0,6.0,32.1
20250502040700,26.375999450683594,94.0,0.0,20.6,5.5,32.2
20250502040800,26.375999450683594,94.0,0.0,21.0,6.2,39.8
20250502040900,26.375999450683594,94.0,0.0,20.8,6.0,19.4
20250502041000,26.375999450683594,94.0,0.0,20.3,6.3,35.7
20250502041100,26.375999450683594,94.0,0.0,20.9,5.8,35.0
20250502041200,26.375999450683594,94.0,0.0,19.3,6.5,25.2
20250502041300,26.375999450683594,94.0,0.0,19.2,5.7,29.8
20250502041400,26.375999450683594,94.0,0.0,20.0,5.7,22.3
20250502041500,26.375999450683594,94.0,0.0,19.2,6.3,27.4
20250502041600,26.375999450683594,94.0,0.0,20.6,6.1,39.1
20250502041700,26.375999450683594,94.0,0.0,19.0,6.3,36.6
20250502041800,26.375999450683594,94.0,0.0,20.9,5.6,31.3
20250502041900,26.375999450683594,94.0,0.0,19.5,5.7,31.9
20250502042000,26.375999450683594,94.0,0.0,19.6,5.8,18.2
20250502042100,26.375999450683594,94.0,0.0,19.1,6.0,39.5
20250502042200,26.375999450683594,94.0,0.0,20.7,6.1,23.8
20250502042300,26.375999450683594,94.0,0.0,19.0,5.8,38.2
20250502042400,26.375999450683594,94.0,0.0,20.5,6.5,29.0
20250502042500,26.375999450683594,94.0,0.0,20.5,6.5,16.5
20250502042600,26.375999450683594,94.0,0.0,20.2,6.4,38.3
20250502042700,26.375999450683594,94.0,0.0,19.5,5.8,35.0
20250502042800,26.375999450683594,94.0,0.0,20.9,6.3,28.2
20250502042900,26.375999450683594,94.0,0.0,19.2,5.9,31.4
20250502043000,26.375999450683594,94.0,0.0,20.3,6.0,25.6
20250502043100,26.375999450683594,94.0,0.0,19.3,6.0,33.8
20250502043200,26.375999450683594,94.0,0.0,20.6,5.8,16.5
20250502043300,26.375999450683594,94.0,0.0,19.8,6.2,27.1
20250502043400,26.375999450683594,94.0,0.0,20.8,6.0,35.6
20250502043500,26.375999450683594,94.0,0.0,19.3,5.8,26.4
20250502043600,26.375999450683594,94.0,0.0,19.6,5.5,29.4
20250502043700,26.375999450683594,94.0,0.0,19.0,5.5,38.1
20250502043800,26.375999450683594,94.0,0.0,20.1,5.8,27.2
20250502043900,26.375999450683594,94.0,0.0,19.9,5.7,30.7
20250502044000,26.375999450683594,94.0,0.0,20.5,6.0,33.0
20250502044100,26.375999450683594,94.0,0.0,19.9,5.5,33.6
20250502044200,26.375999450683594,94.0,0.0,20.6,5.7,23.1
20250502044300,26.375999450683594,94.0,0.0,20.0,6.5,33.4
20250502044400,26.375999450683594,94.0,0.0,20.0,6.0,29.1
20250502044500,26.375999450683594,94.0,0.0,20.6,6.5,39.7
20250502044600,26.375999450683594,94.0,0.0,20.0,5.7,17.2
20250502044700,26.375999450683594,94.0,0.0,19.8,6.2,18.2
20250502044800,26.375999450683594,94.0,0.0,19.2,5.6,36.5
20250502044900,26.375999450683594,94.0,0.0,20.8,6.2,15.4
20250502045000,26.375999450683594,94.0,0.0,20.9,5.6,21.2
20250502045100,26.375999450683594,94.0,0.0,19.6,5.7,31.6
20250502045200,26.375999450683594,94.0,0.0,20.9,5.5,29.6
20250502045300,26.375999450683594,94.0,0.0,20.3,6.0,33.6
20250502045400,26.375999450683594,94.0,0.0,19.2,6.5,27.0
20250502045500,26.375999450683594,94.0,0.0,19.9,6.1,31.2
20250502045600,26.375999450683594,94.0,0.0,19.6,5.5,24.5
20250502045700,26.375999450683594,94.0,0.0,20.3,5.9,36.3
20250502045800,26.375999450683594,94.0,0.0,20.2,6.0,20.7
20250502045900,26.375999450683594,94.0,0.0,20.9,5.6,31.1
20250502050000,26.325998306274414,94.0,0.0,20.0,6.3,34.4
20250502050100,26.325998306274414,94.0,0.0,20.9,5.6,31.3
20250502050200,26.325998306274414,94.0,0.0,19.2,6.3,17.5
20250502050300,26.325998306274414,94.0,0.0,20.5,6.2,31.0
20250502050400,26.325998306274414,94.0,0.0,20.0,6.2,23.5
20250502050500,26.325998306274414,94.0,0.0,19.5,5.7,36.3
20250502050600,26.325998306274414,94.0,0.0,19.3,6.1,29.6
20250502050700,26.325998306274414,94.0,0.0,20.5,5.9,19.3
20250502050800,26.325998306274414,94.0,0.0,19.4,5.6,23.5
20250502050900,26.325998306274414,94.0,0.0,20.3,6.4,32.5
20250502051000,26.325998306274414,94.0,0.0,20.5,6.4,27.6
20250502051100,26.325998306274414,94.0,0.0,19.2,5.7,24.4
20250502051200,26.325998306274414,94.0,0.0,20.9,6.3,30.0
20250502051300,26.325998306274414,94.0,0.0,19.5,6.2,37.7
20250502051400,26.325998306274414,94.0,0.0,20.2,6.0,27.7
20250502051500,26.325998306274414,94.0,0.0,20.5,6.0,26.0
20250502051600,26.325998306274414,94.0,0.0,20.3,6.2,30.6
20250502051700,26.325998306274414,94.0,0.0,20.2,5.7,22.3
20250502051800,26.325998306274414,94.0,0.0,19.1,5.7,31.7
20250502051900,26.325998306274414,94.0,0.0,20.2,6.4,19.0
20250502052000,26.325998306274414,94.0,0.0,20.3,6.0,15.4
20250502052100,26.325998306274414,94.0,0.0,20.6,5.9,28.5
20250502052200,26.325998306274414,94.0,0.0,19.5,6.4,26.7
20250502052300,26.325998306274414,94.0,0.0,20.9,5.6,17.4
20250502052400,26.325998306274414,94.0,0.0,19.8,5.9,39.1
20250502052500,26.325998306274414,94.0,0.0,20.9,6.0,32.7
20250502052600,26.325998306274414,94.0,0.0,20.9,6.3,16.7
20250502052700,26.325998306274414,94.0,0.0,19.9,5.9,33.9
20250502052800,26.325998306274414,94.0,0.0,20.4,5.9,16.4
20250502052900,26.325998306274414,94.0,0.0,20.3,5.9,20.4
20250502053000,26.325998306274414,94.0,0.0,20.1,5.6,16.0
20250502053100,26.325998306274414,94.0,0.0,20.0,5.5,26.2
20250502053200,26.325998306274414,94.0,0.0,20.6,6.3,30.1
20250502053300,26.325998306274414,94.0,0.0,20.4,6.4,25.3
20250502053400,26.325998306274414,94.0,0.0,20.9,5.7,19.8
20250502053500,26.325998306274414,94.0,0.0,20.4,5.7,18.4
20250502053600,26.325998306274414,94.0,0.0,20.7,5.8,32.3
20250502053700,26.325998306274414,94.0,0.0,19.5,6.0,32.5
20250502053800,26.325998306274414,94.0,0.0,19.9,6.3,39.9
20250502053900,26.325998306274414,94.0,0.0,20.3,5.6,27.9
20250502054000,26.325998306274414,94.0,0.0,20.1,5.7,34.1
20250502054100,26.325998306274414,94.0,0.0,20.5,6.1,18.2
20250502054200,26.325998306274414,94.0,0.0,20.1,5.6,28.3
20250502054300,26.325998306274414,94.0,0.0,20.1,5.5,30.5
20250502054400,26.325998306274414,94.0,0.0,20.1,6.2,15.9
20250502054500,26.325998306274414,94.0,0.0,21.0,6.0,25.0
20250502054600,26.325998306274414,94.0,0.0,20.1,5.6,34.5
20250502054700,26.325998306274414,94.0,0.0,19.0,5.7,21.4
20250502054800,26.325998306274414,94.0,0.0,20.7,5.8,15.4
20250502054900,26.325998306274414,94.0,0.0,19.1,5.7,32.1
20250502055000,26.325998306274414,94.0,0.0,19.7,6.2,25.6
20250502055100,26.325998306274414,94.0,0.0,20.7,6.3,34.7
20250502055200,26.325998306274414,94.0,0.0,20.6,5.7,27.8
20250502055300,26.325998306274414,94.0,0.0,20.0,6.2,24.3
20250502055400,26.325998306274414,94.0,0.0,21.0,6.3,24.7
20250502055500,26.325998306274414,94.0,0.0,20.8,5.8,20.7
20250502055600,26.325998306274414,94.0,0.0,20.6,6.1,34.4
20250502055700,26.325998306274414,94.0,0.0,20.4,6.3,28.0
20250502055800,26.325998306274414,94.0,0.0,19.9,6.3,39.1
20250502055900,26.325998306274414,94.0,0.0,20.4,5.6,37.4
20250502060000,26.42599868774414,93.0,0.0,20.3,6.5,25.6
20250502060100,26.42599868774414,93.0,0.0,20.2,6.0,33.4
20250502060200,26.42599868774414,93.0,0.0,20.7,6.3,32.0
20250502060300,26.42599868774414,93.0,0.0,21.0,5.9,17.2
20250502060400,26.42599868774414,93.0,0.0,19.2,6.4,25.9
20250502060500,26.42599868774414,93.0,0.0,20.8,5.9,24.9
20250502060600,26.42599868774414,93.0,0.0,19.9,6.4,24.9
20250502060700,26.42599868774414,93.0,0.0,19.8,6.3,20.0
20250502060800,26.42599868774414,93.0,0.0,20.1,5.8,30.2
20250502060900,26.42599868774414,93.0,0.0,19.5,6.3,28.4
20250502061000,26.42599868774414,93.0,0.0,20.9,6.3,35.5
20250502061100,26.42599868774414,93.0,0.0,20.1,5.8,34.1
20250502061200,26.42599868774414,93.0,0.0,20.8,5.6,16.1
20250502061300,26.42599868774414,93.0,0.0,19.6,5.9,16.5
20250502061400,26.42599868774414,93.0,0.0,19.4,6.4,17.2
20250502061500,26.42599868774414,93.0,0.0,19.3,6.4,34.6
20250502061600,26.42599868774414,93.0,0.0,19.7,5.5,29.2
20250502061700,26.42599868774414,93.0,0.0,20.2,5.6,33.9
20250502061800,26.42599868774414,93.0,0.0,20.8,5.6,24.9
20250502061900,26.42599868774414,93.0,0.0,19.4,5.5,36.5
20250502062000,26.42599868774414,93.0,0.0,19.6,6.2,16.7
20250502062100,26.42599868774414,93.0,0.0,19.2,5.7,26.1
20250502062200,26.42599868774414,93.0,0.0,20.6,6.3,36.3
20250502062300,26.42599868774414,93.0,0.0,20.5,6.4,37.7
20250502062400,26.42599868774414,93.0,0.0,20.2,6.2,25.7
20250502062500,26.42599868774414,93.0,0.0,19.2,5.7,22.1
20250502062600,26.42599868774414,93.0,0.0,20.7,6.4,27.2
20250502062700,26.42599868774414,93.0,0.0,20.6,6.4,21.9
20250502062800,26.42599868774414,93.0,0.0,19.2,5.7,38.2
20250502062900,26.42599868774414,93.0,0.0,19.7,5.8,19.7
20250502063000,26.42599868774414,93.0,0.0,20.1,5.6,19.8
20250502063100,26.42599868774414,93.0,0.0,20.8,5.9,19.2
20250502063200,26.42599868774414,93.0,0.0,20.6,5.6,33.9
20250502063300,26.42599868774414,93.0,0.0,19.0,6.2,30.9
20250502063400,26.42599868774414,93.0,0.0,20.4,5.7,27.3
20250502063500,26.42599868774414,93.0,0.0,19.2,5.5,31.4
20250502063600,26.42599868774414,93.0,0.0,20.2,5.5,19.5
20250502063700,26.42599868774414,93.0,0.0,20.4,5.6,17.8
20250502063800,26.42599868774414,93.0,0.0,19.4,5.6,18.0
20250502063900,26.42599868774414,93.0,0.0,19.9,5.9,32.0
20250502064000,26.42599868774414,93.0,0.0,21.0,6.5,31.7
20250502064100,26.42599868774414,93.0,0.0,19.3,6.0,26.3
20250502064200,26.42599868774414,93.0,0.0,19.0,5.8,29.7
20250502064300,26.42599868774414,93.0,0.0,20.8,5.5,34.1
20250502064400,26.42599868774414,93.0,0.0,19.2,6.4,31.2
20250502064500,26.42599868774414,93.0,0.0,19.6,6.1,25.5
20250502064600,26.42599868774414,93.0,0.0,19.4,5.5,21.3
20250502064700,26.42599868774414,93.0,0.0,19.6,5.6,39.7
20250502064800,26.42599868774414,93.0,0.0,19.7,6.2,32.1
20250502064900,26.42599868774414,93.0,0.0,20.0,6.4,15.5
20250502065000,26.42599868774414,93.0,0.0,20.6,5.8,27.8
20250502065100,26.42599868774414,93.0,0.0,20.3,6.0,35.1
20250502065200,26.42599868774414,93.0,0.0,20.2,6.4,36.1
20250502065300,26.42599868774414,93.0,0.0,19.8,5.6,39.5
20250502065400,26.42599868774414,93.0,0.0,20.3,6.5,16.3
20250502065500,26.42599868774414,93.0,0.0,20.4,5.8,37.0
20250502065600,26.42599868774414,93.0,0.0,19.1,6.0,28.9
20250502065700,26.42599868774414,93.0,0.0,20.1,5.5,30.0
20250502065800,26.42599868774414,93.0,0.0,20.1,6.2,37.9
20250502065900,26.42599868774414,93.0,0.0,20.9,6.1,22.4
20250502070000,26.97599983215332,90.0,0.0,19.6,5.9,17.8
20250502070100,26.97599983215332,90.0,0.0,19.2,6.0,16.9
20250502070200,26.97599983215332,90.0,0.0,20.3,5.9,28.1
20250502070300,26.97599983215332,90.0,0.0,20.1,6.5,23.1
20250502070400,26.97599983215332,90.0,0.0,21.0,6.4,16.7
20250502070500,26.97599983215332,90.0,0.0,20.8,5.8,33.5
20250502070600,26.97599983215332,90.0,0.0,19.6,6.3,34.9
20250502070700,26.97599983215332,90.0,0.0,19.4,5.6,39.9
20250502070800,26.97599983215332,90.0,0.0,20.1,6.2,30.5
20250502070900,26.97599983215332,90.0,0.0,20.0,5.6,23.4
20250502071000,26.97599983215332,90.0,0.0,20.7,5.9,39.3
20250502071100,26.97599983215332,90.0,0.0,20.1,5.7,33.6
20250502071200,26.97599983215332,90.0,0.0,20.0,5.6,38.2
20250502071300,26.97599983215332,90.0,0.0,19.2,5.9,28.6
20250502071400,26.97599983215332,90.0,0.0,19.4,6.3,29.3
20250502071500,26.97599983215332,90.0,0.0,19.4,5.7,26.8
20250502071600,26.97599983215332,90.0,0.0,20.6,5.8,26.0
20250502071700,26.97599983215332,90.0,0.0,20.2,6.0,25.1
20250502071800,26.97599983215332,90.0,0.0,19.7,5.9,39.7
20250502071900,26.97599983215332,90.0,0.0,19.6,6.2,20.3
20250502072000,26.97599983215332,90.0,0.0,20.0,6.5,19.0
20250502072100,26.97599983215332,90.0,0.0,19.6,6.0,30.0
20250502072200,26.97599983215332,90.0,0.0,19.1,6.4,33.7
20250502072300,26.97599983215332,90.0,0.0,20.4,5.6,26.2
20250502072400,26.97599983215332,90.0,0.0,20.4,6.4,31.8
20250502072500,26.97599983215332,90.0,0.0,20.0,6.0,15.2
20250502072600,26.97599983215332,90.0,0.0,20.0,6.4,16.5
20250502072700,26.97599983215332,90.0,0.0,19.1,6.4,34.2
20250502072800,26.97599983215332,90.0,0.0,20.4,5.6,15.7
20250502072900,26.97599983215332,90.0,0.0,19.9,5.9,18.7
20250502073000,26.97599983215332,90.0,0.0,19.3,6.3,20.8
20250502073100,26.97599983215332,90.0,0.0,19.7,6.3,21.6
20250502073200,26.97599983215332,90.0,0.0,19.6,5.6,18.7
20250502073300,26.97599983215332,90.0,0.0,19.3,6.2,37.2
20250502073400,26.97599983215332,90.0,0.0,20.4,6.0,16.6
20250502073500,26.97599983215332,90.0,0.0,20.6,6.2,31.4
20250502073600,26.97599983215332,90.0,0.0,19.2,5.9,20.6
20250502073700,26.97599983215332,90.0,0.0,20.0,6.2,40.0
20250502073800,26.97599983215332,90.0,0.0,20.1,5.7,30.2
20250502073900,26.97599983215332,90.0,0.0,19.6,6.3,33.5
20250502074000,26.97599983215332,90.0,0.0,20.2,6.3,33.8
20250502074100,26.97599983215332,90.0,0.0,20.8,5.8,36.7
20250502074200,26.97599983215332,90.0,0.0,19.3,5.8,19.9
20250502074300,26.97599983215332,90.0,0.0,20.4,6.1,36.8
20250502074400,26.97599983215332,90.0,0.0,19.5,5.8,15.1
20250502074500,26.97599983215332,90.0,0.0,20.8,6.0,31.1
20250502074600,26.97599983215332,90.0,0.0,19.3,6.5,35.8
20250502074700,26.97599983215332,90.0,0.0,20.1,5.8,24.1
20250502074800,26.97599983215332,90.0,0.0,20.0,5.7,30.7
20250502074900,26.97599983215332,90.0,0.0,19.6,6.1,23.5
20250502075000,26.97599983215332,90.0,0.0,19.4,6.1,28.3
20250502075100,26.97599983215332,90.0,0.0,20.5,6.4,25.1
20250502075200,26.97599983215332,90.0,0.0,19.6,6.5,35.8
20250502075300,26.97599983215332,90.0,0.0,19.4,5.8,30.0
20250502075400,26.97599983215332,90.0,0.0,20.2,5.7,30.3
20250502075500,26.97599983215332,90.0,0.0,19.7,5.9,20.5
20250502075600,26.97599983215332,90.0,0.0,19.1,5.9,32.0
20250502075700,26.97599983215332,90.0,0.0,19.6,6.2,29.8
20250502075800,26.97599983215332,90.0,0.0,19.4,6.2,24.4
20250502075900,26.97599983215332,90.0,0.0,20.8,5.7,36.5
20250502080000,28.375999450683594,83.0,0.0,19.1,5.6,35.2
20250502080100,28.375999450683594,83.0,0.0,20.8,5.7,28.7
20250502080200,28.375999450683594,83.0,0.0,19.4,6.2,37.5
20250502080300,28.375999450683594,83.0,0.0,20.5,6.4,21.3
20250502080400,28.375999450683594,83.0,0.0,20.9,5.8,27.3
20250502080500,28.375999450683594,83.0,0.0,20.2,5.8,21.0
20250502080600,28.375999450683594,83.0,0.0,19.8,6.5,33.9
20250502080700,28.375999450683594,83.0,0.0,19.6,5.9,24.4
20250502080800,28.375999450683594,83.0,0.0,20.2,6.1,32.9
20250502080900,28.375999450683594,83.0,0.0,20.6,6.0,34.8
20250502081000,28.375999450683594,83.0,0.0,19.2,5.6,21.0
20250502081100,28.375999450683594,83.0,0.0,20.4,5.6,26.9
20250502081200,28.375999450683594,83.0,0.0,20.0,5.6,32.4
20250502081300,28.375999450683594,83.0,0.0,20.2,5.5,19.5
20250502081400,28.375999450683594,83.0,0.0,20.7,5.9,37.0
20250502081500,28.375999450683594,83.0,0.0,19.4,6.4,38.7
20250502081600,28.375999450683594,83.0,0.0,20.2,5.9,34.1
20250502081700,28.375999450683594,83.0,0.0,20.4,6.1,38.1
20250502081800,28.375999450683594,83.0,0.0,19.6,6.3,31.0
20250502081900,28.375999450683594,83.0,0.0,20.0,5.6,29.3
20250502082000,28.375999450683594,83.0,0.0,19.6,6.2,26.2
20250502082100,28.375999450683594,83.0,0.0,19.1,6.4,22.5
20250502082200,28.375999450683594,83.0,0.0,19.6,6.1,22.5
20250502082300,28.375999450683594,83.0,0.0,19.5,6.2,21.9
20250502082400,28.375999450683594,83.0,0.0,20.4,5.8,22.1
20250502082500,28.375999450683594,83.0,0.0,20.4,5.9,26.6
20250502082600,28.375999450683594,83.0,0.0,19.6,5.9,18.5
20250502082700,28.375999450683594,83.0,0.0,19.4,6.3,20.6
20250502082800,28.375999450683594,83.0,0.0,20.7,6.2,24.4
20250502082900,28.375999450683594,83.0,0.0,20.3,5.6,26.9
20250502083000,28.375999450683594,83.0,0.0,20.5,6.0,32.9
20250502083100,28.375999450683594,83.0,0.0,20.0,5.9,29.6
20250502083200,28.375999450683594,83.0,0.0,19.8,5.9,22.0
20250502083300,28.375999450683594,83.0,0.0,20.4,6.0,36.2
20250502083400,28.375999450683594,83.0,0.0,21.0,5.9,35.1
20250502083500,28.375999450683594,83.0,0.0,19.6,5.6,25.1
20250502083600,28.375999450683594,83.0,0.0,20.2,5.9,23.9
20250502083700,28.375999450683594,83.0,0.0,19.6,6.1,30.9
20250502083800,28.375999450683594,83.0,0.0,19.6,5.6,21.9
20250502083900,28.375999450683594,83.0,0.0,19.9,5.7,31.3
20250502084000,28.375999450683594,83.0,0.0,20.6,5.9,24.2
20250502084100,28.375999450683594,83.0,0.0,19.8,6.3,33.6
20250502084200,28.375999450683594,83.0,0.0,19.6,5.8,36.1
20250502084300,28.375999450683594,83.0,0.0,20.7,5.9,38.5
20250502084400,28.375999450683594,83.0,0.0,20.8,6.4,37.6
20250502084500,28.375999450683594,83.0,0.0,20.8,6.0,36.2
20250502084600,28.375999450683594,83.0,0.0,20.9,6.1,26.0
20250502084700,28.375999450683594,83.0,0.0,20.6,6.0,19.1
20250502084800,28.375999450683594,83.0,0.0,19.9,5.9,27.2
20250502084900,28.375999450683594,83.0,0.0,19.3,5.8,33.6
20250502085000,28.375999450683594,83.0,0.0,19.5,6.4,34.3
20250502085100,28.375999450683594,83.0,0.0,20.1,5.5,25.3
20250502085200,28.375999450683594,83.0,0.0,19.0,6.1,21.8
20250502085300,28.375999450683594,83.0,0.0,19.8,6.2,38.5
20250502085400,28.375999450683594,83.0,0.0,19.9,5.8,38.1
20250502085500,28.375999450683594,83.0,0.0,19.9,6.0,28.6
20250502085600,28.375999450683594,83.0,0.0,19.7,6.5,24.2
20250502085700,28.375999450683594,83.0,0.0,20.6,6.0,30.8
20250502085800,28.375999450683594,83.0,0.0,19.6,6.3,36.3
20250502085900,28.375999450683594,83.0,0.0,20.0,6.3,37.0
20250502090000,30.17599868774414,75.0,0.0,19.2,5.8,29.7
20250502090100,30.17599868774414,75.0,0.0,19.6,5.7,34.2
20250502090200,30.17599868774414,75.0,0.0,20.2,6.1,38.5
20250502090300,30.17599868774414,75.0,0.0,19.5,5.9,36.0
20250502090400,30.17599868774414,75.0,0.0,20.8,6.0,25.2
20250502090500,30.17599868774414,75.0,0.0,19.2,6.1,34.3
20250502090600,30.17599868774414,75.0,0.0,19.4,6.2,34.4
20250502090700,30.17599868774414,75.0,0.0,21.0,5.9,26.2
20250502090800,30.17599868774414,75.0,0.0,19.1,6.4,27.2
20250502090900,30.17599868774414,75.0,0.0,19.1,6.3,38.1
20250502091000,30.17599868774414,75.0,0.0,20.9,6.4,34.9
20250502091100,30.17599868774414,75.0,0.0,19.4,6.5,36.7
20250502091200,30.17599868774414,75.0,0.0,19.6,5.9,39.6
20250502091300,30.17599868774414,75.0,0.0,19.3,6.2,22.3
20250502091400,30.17599868774414,75.0,0.0,20.6,5.8,29.3
20250502091500,30.17599868774414,75.0,0.0,19.3,6.5,28.1
20250502091600,30.17599868774414,75.0,0.0,19.8,5.6,29.1
20250502091700,30.17599868774414,75.0,0.0,19.6,6.2,24.9
20250502091800,30.17599868774414,75.0,0.0,20.6,6.4,25.9
20250502091900,30.17599868774414,75.0,0.0,20.5,5.5,20.6
20250502092000,30.17599868774414,75.0,0.0,19.4,5.9,33.4
20250502092100,30.17599868774414,75.0,0.0,19.3,6.0,25.3
20250502092200,30.17599868774414,75.0,0.0,19.6,6.3,26.8
20250502092300,30.17599868774414,75.0,0.0,20.4,5.9,19.4
20250502092400,30.17599868774414,75.0,0.0,20.1,6.2,21.4
20250502092500,30.17599868774414,75.0,0.0,19.9,5.5,39.7
20250502092600,30.17599868774414,75.0,0.0,19.5,6.3,35.7
20250502092700,30.17599868774414,75.0,0.0,20.0,6.2,31.9
20250502092800,30.17599868774414,75.0,0.0,19.7,5.6,38.6
20250502092900,30.17599868774414,75.0,0.0,20.9,6.4,37.0
20250502093000,30.17599868774414,75.0,0.0,19.4,5.8,25.1
20250502093100,30.17599868774414,75.0,0.0,19.8,6.0,36.5
20250502093200,30.17599868774414,75.0,0.0,19.4,5.9,29.3
20250502093300,30.17599868774414,75.0,0.0,20.9,6.1,36.4
20250502093400,30.17599868774414,75.0,0.0,19.2,5.5,38.7
20250502093500,30.17599868774414,75.0,0.0,20.3,6.1,17.4
20250502093600,30.17599868774414,75.0,0.0,20.1,5.6,36.8
20250502093700,30.17599868774414,75.0,0.0,19.2,6.2,37.7
20250502093800,30.17599868774414,75.0,0.0,20.5,5.6,29.4
20250502093900,30.17599868774414,75.0,0.0,19.6,6.5,16.0
20250502094000,30.17599868774414,75.0,0.0,19.4,6.2,28.6
20250502094100,30.17599868774414,75.0,0.0,19.3,5.5,37.5
20250502094200,30.17599868774414,75.0,0.0,19.2,6.1,31.3
20250502094300,30.17599868774414,75.0,0.0,20.8,5.7,19.2
20250502094400,30.17599868774414,75.0,0.0,20.5,5.5,16.6
20250502094500,30.17599868774414,75.0,0.0,20.8,6.2,18.3
20250502094600,30.17599868774414,75.0,0.0,20.4,6.0,39.0
20250502094700,30.17599868774414,75.0,0.0,19.0,5.9,37.4
20250502094800,30.17599868774414,75.0,0.0,20.0,6.3,38.3
20250502094900,30.17599868774414,75.0,0.0,19.9,5.7,31.9
20250502095000,30.17599868774414,75.0,0.0,20.6,6.3,19.8
20250502095100,30.17599868774414,75.0,0.0,20.9,5.9,37.0
20250502095200,30.17599868774414,75.0,0.0,20.6,6.2,27.4
20250502095300,30.17599868774414,75.0,0.0,20.7,5.7,30.9
20250502095400,30.17599868774414,75.0,0.0,19.4,5.9,18.7
20250502095500,30.17599868774414,75.0,0.0,20.1,6.4,27.2
20250502095600,30.17599868774414,75.0,0.0,19.5,6.5,35.7
20250502095700,30.17599868774414,75.0,0.0,19.5,6.4,21.7
20250502095800,30.17599868774414,75.0,0.0,19.7,6.3,27.3
20250502095900,30.17599868774414,75.0,0.0,20.2,6.4,23.6
20250502100000,31.625999450683594,68.0,0.0,19.6,6.0,28.8
20250502100100,31.625999450683594,68.0,0.0,20.1,5.6,36.4
20250502100200,31.625999450683594,68.0,0.0,20.6,6.2,27.5
20250502100300,31.625999450683594,68.0,0.0,19.0,6.0,37.2
20250502100400,31.625999450683594,68.0,0.0,19.1,5.7,31.9
20250502100500,31.625999450683594,68.0,0.0,19.1,6.3,25.1
20250502100600,31.625999450683594,68.0,0.0,19.0,5.6,38.5
20250502100700,31.625999450683594,68.0,0.0,20.9,5.7,29.0
20250502100800,31.625999450683594,68.0,0.0,20.1,5.8,37.2
20250502100900,31.625999450683594,68.0,0.0,20.6,5.6,28.5
20250502101000,31.625999450683594,68.0,0.0,20.3,6.0,19.3
20250502101100,31.625999450683594,68.0,0.0,21.0,5.5,38.6
20250502101200,31.625999450683594,68.0,0.0,19.7,5.8,33.5
20250502101300,31.625999450683594,68.0,0.0,19.6,5.7,39.8
20250502101400,31.625999450683594,68.0,0.0,19.1,5.6,36.0
20250502101500,31.625999450683594,68.0,0.0,19.2,5.7,31.1
20250502101600,31.625999450683594,68.0,0.0,20.3,6.5,25.1
20250502101700,31.625999450683594,68.0,0.0,19.4,5.7,39.0
20250502101800,31.625999450683594,68.0,0.0,19.4,6.4,15.2
20250502101900,31.625999450683594,68.0,0.0,19.7,5.7,36.7
20250502102000,31.625999450683594,68.0,0.0,19.0,5.9,17.4
20250502102100,31.625999450683594,68.0,0.0,20.6,6.2,29.6
20250502102200,31.625999450683594,68.0,0.0,19.7,5.8,18.6
20250502102300,31.625999450683594,68.0,0.0,19.1,6.2,32.3
20250502102400,31.625999450683594,68.0,0.0,19.8,5.7,36.2
20250502102500,31.625999450683594,68.0,0.0,19.3,5.6,29.3
20250502102600,31.625999450683594,68.0,0.0,19.7,6.4,22.8
20250502102700,31.625999450683594,68.0,0.0,20.6,6.5,18.4
20250502102800,31.625999450683594,68.0,0.0,19.3,5.5,34.9
20250502102900,31.625999450683594,68.0,0.0,20.1,6.4,22.6
20250502103000,31.625999450683594,68.0,0.0,19.4,6.5,24.5
20250502103100,31.625999450683594,68.0,0.0,20.8,6.4,35.9
20250502103200,31.625999450683594,68.0,0.0,19.7,6.5,32.3
20250502103300,31.625999450683594,68.0,0.0,20.5,5.9,33.1
20250502103400,31.625999450683594,68.0,0.0,20.4,5.7,29.6
20250502103500,31.625999450683594,68.0,0.0,19.4,6.4,27.4
20250502103600,31.625999450683594,68.0,0.0,20.2,5.7,23.8
20250502103700,31.625999450683594,68.0,0.0,20.1,6.2,28.6
20250502103800,31.625999450683594,68.0,0.0,20.3,5.8,32.0
20250502103900,31.625999450683594,68.0,0.0,20.3,5.7,21.2
20250502104000,31.625999450683594,68.0,0.0,19.8,5.7,20.9
20250502104100,31.625999450683594,68.0,0.0,19.5,5.7,39.5
20250502104200,31.625999450683594,68.0,0.0,20.6,6.4,26.6
20250502104300,31.625999450683594,68.0,0.0,20.7,6.3,36.2
20250502104400,31.625999450683594,68.0,0.0,19.1,5.7,30.4
20250502104500,31.625999450683594,68.0,0.0,20.5,6.3,31.8
20250502104600,31.625999450683594,68.0,0.0,20.3,6.0,15.6
20250502104700,31.625999450683594,68.0,0.0,20.6,6.3,19.8
20250502104800,31.625999450683594,68.0,0.0,20.5,5.7,25.2
20250502104900,31.625999450683594,68.0,0.0,19.6,5.6,35.4
20250502105000,31.625999450683594,68.0,0.0,20.3,5.7,25.9
20250502105100,31.625999450683594,68.0,0.0,20.8,5.7,16.5
20250502105200,31.625999450683594,68.0,0.0,20.7,5.5,23.6
20250502105300,31.625999450683594,68.0,0.0,20.5,6.4,23.9
20250502105400,31.625999450683594,68.0,0.0,19.3,5.6,23.7
20250502105500,31.625999450683594,68.0,0.0,20.5,6.0,24.9
20250502105600,31.625999450683594,68.0,0.0,20.1,5.6,28.0
20250502105700,31.625999450683594,68.0,0.0,19.9,6.3,38.6
20250502105800,31.625999450683594,68.0,0.0,20.0,5.8,16.2
20250502105900,31.625999450683594,68.0,0.0,20.2,6.4,35.0
20250502110000,32.375999450683594,64.0,0.0,19.7,6.3,37.4
20250502110100,32.375999450683594,64.0,0.0,20.7,6.1,35.3
20250502110200,32.375999450683594,64.0,0.0,19.4,5.5,33.9
20250502110300,32.375999450683594,64.0,0.0,19.9,6.0,28.8
20250502110400,32.375999450683594,64.0,0.0,20.0,5.7,18.7
20250502110500,32.375999450683594,64.0,0.0,20.8,5.6,21.4
20250502110600,32.375999450683594,64.0,0.0,20.6,6.5,26.5
20250502110700,32.375999450683594,64.0,0.0,19.2,5.5,35.8
20250502110800,32.375999450683594,64.0,0.0,20.1,6.4,35.1
20250502110900,32.375999450683594,64.0,0.0,20.3,5.9,32.6
20250502111000,32.375999450683594,64.0,0.0,19.7,5.7,28.6
20250502111100,32.375999450683594,64.0,0.0,20.0,6.0,26.5
20250502111200,32.375999450683594,64.0,0.0,20.6,6.2,27.9
20250502111300,32.375999450683594,64.0,0.0,19.5,6.1,21.2
20250502111400,32.375999450683594,64.0,0.0,19.6,6.2,19.5
20250502111500,32.375999450683594,64.0,0.0,19.8,6.1,15.5
20250502111600,32.375999450683594,64.0,0.0,20.5,5.9,34.1
20250502111700,32.375999450683594,64.0,0.0,19.7,5.8,36.5
20250502111800,32.375999450683594,64.0,0.0,20.5,6.3,29.7
20250502111900,32.375999450683594,64.0,0.0,19.7,5.8,27.4
20250502112000,32.375999450683594,64.0,0.0,19.7,5.7,23.9
20250502112100,32.375999450683594,64.0,0.0,20.1,5.8,37.4
20250502112200,32.375999450683594,64.0,0.0,20.3,6.1,37.7
20250502112300,32.375999450683594,64.0,0.0,20.3,5.7,33.7
20250502112400,32.375999450683594,64.0,0.0,19.5,6.3,35.3
20250502112500,32.375999450683594,64.0,0.0,20.1,6.5,25.6
20250502112600,32.375999450683594,64.0,0.0,20.5,6.2,32.5
20250502112700,32.375999450683594,64.0,0.0,20.1,6.3,19.1
20250502112800,32.375999450683594,64.0,0.0,20.5,6.4,16.0
20250502112900,32.375999450683594,64.0,0.0,20.3,5.6,37.2
20250502113000,32.375999450683594,64.0,0.0,20.6,6.0,36.8
20250502113100,32.375999450683594,64.0,0.0,19.9,5.6,36.1
20250502113200,32.375999450683594,64.0,0.0,20.8,6.4,23.6
20250502113300,32.375999450683594,64.0,0.0,19.5,6.4,19.4
20250502113400,32.375999450683594,64.0,0.0,20.5,6.4,27.1
20250502113500,32.375999450683594,64.0,0.0,19.4,5.9,39.1
20250502113600,32.375999450683594,64.0,0.0,20.9,6.0,18.8
20250502113700,32.375999450683594,64.0,0.0,19.6,6.4,19.4
20250502113800,32.375999450683594,64.0,0.0,20.9,5.6,15.8
20250502113900,32.375999450683594,64.0,0.0,19.7,6.3,22.2
20250502114000,32.375999450683594,64.0,0.0,20.2,5.7,17.3
20250502114100,32.375999450683594,64.0,0.0,19.8,6.5,20.8
20250502114200,32.375999450683594,64.0,0.0,19.7,5.9,26.1
20250502114300,32.375999450683594,64.0,0.0,19.7,6.4,29.6
20250502114400,32.375999450683594,64.0,0.0,19.9,6.5,35.8
20250502114500,32.375999450683594,64.0,0.0,20.4,5.7,28.0
20250502114600,32.375999450683594,64.0,0.0,20.9,6.4,37.5
20250502114700,32.375999450683594,64.0,0.0,20.0,6.3,35.9
20250502114800,32.375999450683594,64.0,0.0,20.8,5.6,32.5
20250502114900,32.375999450683594,64.0,0.0,20.0,6.4,30.3
20250502115000,32.375999450683594,64.0,0.0,20.6,5.8,31.7
20250502115100,32.375999450683594,64.0,0.0,21.0,5.7,16.4
20250502115200,32.375999450683594,64.0,0.0,19.6,6.0,26.3
20250502115300,32.375999450683594,64.0,0.0,19.1,6.0,32.8
20250502115400,32.375999450683594,64.0,0.0,20.1,6.4,18.7
20250502115500,32.375999450683594,64.0,0.0,19.5,6.3,26.3
20250502115600,32.375999450683594,64.0,0.0,21.0,5.9,22.2
20250502115700,32.375999450683594,64.0,0.0,20.7,6.1,25.1
20250502115800,32.375999450683594,64.0,0.0,20.2,6.0,31.9
20250502115900,32.375999450683594,64.0,0.0,20.7,6.2,20.6
20250502120000,32.72600173950195,63.0,0.0,20.9,6.1,30.4
20250502120100,32.72600173950195,63.0,0.0,20.8,5.8,24.6
20250502120200,32.72600173950195,63.0,0.0,20.7,5.6,16.3
20250502120300,32.72600173950195,63.0,0.0,19.2,6.4,23.5
20250502120400,32.72600173950195,63.0,0.0,21.0,5.7,17.9
20250502120500,32.72600173950195,63.0,0.0,19.2,5.7,30.8
20250502120600,32.72600173950195,63.0,0.0,20.3,6.4,39.2
20250502120700,32.72600173950195,63.0,0.0,20.7,5.7,17.5
20250502120800,32.72600173950195,63.0,0.0,19.9,5.8,25.4
20250502120900,32.72600173950195,63.0,0.0,20.8,6.3,25.5
20250502121000,32.72600173950195,63.0,0.0,20.5,6.1,36.2
20250502121100,32.72600173950195,63.0,0.0,19.8,6.4,25.2
20250502121200,32.72600173950195,63.0,0.0,21.0,6.2,21.6
20250502121300,32.72600173950195,63.0,0.0,19.3,6.0,28.3
20250502121400,32.72600173950195,63.0,0.0,19.8,6.3,24.2
20250502121500,32.72600173950195,63.0,0.0,19.1,6.0,23.6
20250502121600,32.72600173950195,63.0,0.0,19.2,5.7,35.1
20250502121700,32.72600173950195,63.0,0.0,19.2,5.9,24.6
20250502121800,32.72600173950195,63.0,0.0,19.0,6.0,24.8
20250502121900,32.72600173950195,63.0,0.0,19.8,5.8,24.8
20250502122000,32.72600173950195,63.0,0.0,19.6,5.7,28.0
20250502122100,32.72600173950195,63.0,0.0,19.5,5.8,20.3
20250502122200,32.72600173950195,63.0,0.0,20.0,6.5,33.4
20250502122300,32.72600173950195,63.0,0.0,19.2,5.7,24.5
20250502122400,32.72600173950195,63.0,0.0,20.6,5.7,23.5
20250502122500,32.72600173950195,63.0,0.0,20.4,6.3,39.2
20250502122600,32.72600173950195,63.0,0.0,19.8,5.9,38.2
20250502122700,32.72600173950195,63.0,0.0,20.3,5.7,35.8
20250502122800,32.72600173950195,63.0,0.0,20.2,6.3,22.9
20250502122900,32.72600173950195,63.0,0.0,19.2,5.7,38.9
20250502123000,32.72600173950195,63.0,0.0,20.2,5.9,21.6
20250502123100,32.72600173950195,63.0,0.0,20.1,5.9,17.7
20250502123200,32.72600173950195,63.0,0.0,20.6,6.4,26.3
20250502123300,32.72600173950195,63.0,0.0,19.4,6.2,37.9
20250502123400,32.72600173950195,63.0,0.0,20.6,5.6,34.2
20250502123500,32.72600173950195,63.0,0.0,19.8,6.3,37.3
20250502123600,32.72600173950195,63.0,0.0,20.0,5.9,17.2
20250502123700,32.72600173950195,63.0,0.0,19.0,5.7,24.8
20250502123800,32.72600173950195,63.0,0.0,20.3,5.8,30.8
20250502123900,32.72600173950195,63.0,0.0,21.0,5.9,24.7
20250502124000,32.72600173950195,63.0,0.0,20.6,5.9,19.9
20250502124100,32.72600173950195,63.0,0.0,20.4,5.8,33.8
20250502124200,32.72600173950195,63.0,0.0,19.6,5.8,36.2
20250502124300,32.72600173950195,63.0,0.0,19.4,6.2,30.3
20250502124400,32.72600173950195,63.0,0.0,20.0,6.1,31.7
20250502124500,32.72600173950195,63.0,0.0,20.1,6.2,37.2
20250502124600,32.72600173950195,63.0,0.0,20.4,6.2,23.4
20250502124700,32.72600173950195,63.0,0.0,19.9,5.9,27.3
20250502124800,32.72600173950195,63.0,0.0,19.9,6.1,35.7
20250502124900,32.72600173950195,63.0,0.0,19.0,6.4,19.2
20250502125000,32.72600173950195,63.0,0.0,20.8,6.2,30.8
20250502125100,32.72600173950195,63.0,0.0,19.8,5.7,35.9
20250502125200,32.72600173950195,63.0,0.0,19.3,6.3,24.3
20250502125300,32.72600173950195,63.0,0.0,19.2,5.9,29.0
20250502125400,32.72600173950195,63.0,0.0,20.7,5.9,17.4
20250502125500,32.72600173950195,63.0,0.0,19.2,6.0,19.6
20250502125600,32.72600173950195,63.0,0.0,19.7,5.6,26.8
20250502125700,32.72600173950195,63.0,0.0,20.2,6.3,17.6
20250502125800,32.72600173950195,63.0,0.0,19.1,6.2,27.0
20250502125900,32.72600173950195,63.0,0.0,19.1,6.3,20.4
20250502130000,32.625999450683594,63.0,0.0,20.2,6.2,15.6
20250502130100,32.625999450683594,63.0,0.0,20.3,6.1,24.0
20250502130200,32.625999450683594,63.0,0.0,20.0,5.6,16.0
20250502130300,32.625999450683594,63.0,0.0,20.9,6.4,31.3
20250502130400,32.625999450683594,63.0,0.0,20.7,6.5,30.2
20250502130500,32.625999450683594,63.0,0.0,20.4,6.2,36.0
20250502130600,32.625999450683594,63.0,0.0,19.0,5.8,15.0
20250502130700,32.625999450683594,63.0,0.0,20.0,6.4,27.7
20250502130800,32.625999450683594,63.0,0.0,19.8,5.9,19.3
20250502130900,32.625999450683594,63.0,0.0,19.7,5.9,16.8
20250502131000,32.625999450683594,63.0,0.0,19.4,6.1,22.2
20250502131100,32.625999450683594,63.0,0.0,19.1,6.4,33.0
20250502131200,32.625999450683594,63.0,0.0,19.6,6.3,34.5
20250502131300,32.625999450683594,63.0,0.0,20.6,6.4,17.7
20250502131400,32.625999450683594,63.0,0.0,20.4,5.9,32.6
20250502131500,32.625999450683594,63.0,0.0,19.6,6.4,32.4
20250502131600,32.625999450683594,63.0,0.0,20.6,6.2,35.3
20250502131700,32.625999450683594,63.0,0.0,20.3,5.6,29.1
20250502131800,32.625999450683594,63.0,0.0,20.7,6.1,35.9
20250502131900,32.625999450683594,63.0,0.0,20.2,5.9,20.0
20250502132000,32.625999450683594,63.0,0.0,20.8,6.2,23.5
20250502132100,32.625999450683594,63.0,0.0,19.9,6.4,38.3
20250502132200,32.625999450683594,63.0,0.0,20.2,5.9,24.6
20250502132300,32.625999450683594,63.0,0.0,20.9,5.6,15.5
20250502132400,32.625999450683594,63.0,0.0,20.7,6.2,31.7
20250502132500,32.625999450683594,63.0,0.0,20.5,6.4,19.3
20250502132600,32.625999450683594,63.0,0.0,19.4,6.5,17.6
20250502132700,32.625999450683594,63.0,0.0,20.9,6.2,22.7
20250502132800,32.625999450683594,63.0,0.0,19.5,5.6,29.1
20250502132900,32.625999450683594,63.0,0.0,20.2,6.0,22.7
20250502133000,32.625999450683594,63.0,0.0,19.7,5.9,26.6
20250502133100,32.625999450683594,63.0,0.0,20.8,5.9,29.5
20250502133200,32.625999450683594,63.0,0.0,19.4,6.3,16.2
20250502133300,32.625999450683594,63.0,0.0,20.0,5.8,34.1
20250502133400,32.625999450683594,63.0,0.0,19.0,6.5,22.4
20250502133500,32.625999450683594,63.0,0.0,19.1,6.4,33.0
20250502133600,32.625999450683594,63.0,0.0,19.3,6.5,36.0
20250502133700,32.625999450683594,63.0,0.0,20.4,5.6,19.9
20250502133800,32.625999450683594,63.0,0.0,20.3,5.9,35.8
20250502133900,32.625999450683594,63.0,0.0,19.4,6.2,32.6
20250502134000,32.625999450683594,63.0,0.0,20.1,6.3,31.4
20250502134100,32.625999450683594,63.0,0.0,19.6,5.6,23.1
20250502134200,32.625999450683594,63.0,0.0,19.1,6.3,22.8
20250502134300,32.625999450683594,63.0,0.0,20.7,5.9,22.0
20250502134400,32.625999450683594,63.0,0.0,20.4,5.6,32.0
20250502134500,32.625999450683594,63.0,0.0,19.9,5.7,17.5
20250502134600,32.625999450683594,63.0,0.0,20.0,5.9,17.4
20250502134700,32.625999450683594,63.0,0.0,19.7,6.0,33.8
20250502134800,32.625999450683594,63.0,0.0,19.3,6.1,37.2
20250502134900,32.625999450683594,63.0,0.0,20.6,6.0,16.7
20250502135000,32.625999450683594,63.0,0.0,20.5,6.0,35.3
20250502135100,32.625999450683594,63.0,0.0,19.5,6.2,26.2
20250502135200,32.625999450683594,63.0,0.0,19.3,5.7,29.4
20250502135300,32.625999450683594,63.0,0.0,20.9,5.7,36.3
20250502135400,32.625999450683594,63.0,0.0,19.5,5.8,36.7
20250502135500,32.625999450683594,63.0,0.0,20.9,5.7,39.2
20250502135600,32.625999450683594,63.0,0.0,20.1,5.6,29.5
20250502135700,32.625999450683594,63.0,0.0,19.0,6.0,32.9
20250502135800,32.625999450683594,63.0,0.0,19.8,5.9,33.5
20250502135900,32.625999450683594,63.0,0.0,19.9,5.9,33.7
20250502140000,31.875999450683594,66.0,0.0,20.7,6.1,31.6
20250502140100,31.875999450683594,66.0,0.0,19.3,5.8,16.3
20250502140200,31.875999450683594,66.0,0.0,20.3,6.3,18.4
20250502140300,31.875999450683594,66.0,0.0,20.5,6.4,17.4
20250502140400,31.875999450683594,66.0,0.0,19.1,5.9,35.7
20250502140500,31.875999450683594,66.0,0.0,19.9,6.1,16.6
20250502140600,31.875999450683594,66.0,0.0,20.4,5.8,21.0
20250502140700,31.875999450683594,66.0,0.0,19.7,5.5,18.4
20250502140800,31.875999450683594,66.0,0.0,19.3,5.6,18.8
20250502140900,31.875999450683594,66.0,0.0,19.9,6.1,38.8
20250502141000,31.875999450683594,66.0,0.0,19.2,5.8,21.6
20250502141100,31.875999450683594,66.0,0.0,19.3,6.0,19.9
20250502141200,31.875999450683594,66.0,0.0,20.4,5.8,24.2
20250502141300,31.875999450683594,66.0,0.0,19.2,5.7,30.6
20250502141400,31.875999450683594,66.0,0.0,19.8,6.5,23.2
20250502141500,31.875999450683594,66.0,0.0,19.7,6.1,18.5
20250502141600,31.875999450683594,66.0,0.0,19.7,6.0,16.2
20250502141700,31.875999450683594,66.0,0.0,19.3,6.1,38.9
20250502141800,31.875999450683594,66.0,0.0,20.7,5.8,28.3
20250502141900,31.875999450683594,66.0,0.0,20.1,6.1,30.9
20250502142000,31.875999450683594,66.0,0.0,20.6,5.6,34.7
20250502142100,31.875999450683594,66.0,0.0,20.7,5.7,22.9
20250502142200,31.875999450683594,66.0,0.0,19.7,6.3,22.1
20250502142300,31.875999450683594,66.0,0.0,20.5,5.9,19.3
20250502142400,31.875999450683594,66.0,0.0,19.4,5.5,26.0
20250502142500,31.875999450683594,66.0,0.0,20.4,6.3,31.7
20250502142600,31.875999450683594,66.0,0.0,19.8,5.5,16.1
20250502142700,31.875999450683594,66.0,0.0,20.8,5.9,22.5
20250502142800,31.875999450683594,66.0,0.0,19.8,6.0,37.2
20250502142900,31.875999450683594,66.0,0.0,19.7,5.6,15.5
20250502143000,31.875999450683594,66.0,0.0,20.7,5.6,25.5
20250502143100,31.875999450683594,66.0,0.0,19.8,5.7,16.7
20250502143200,31.875999450683594,66.0,0.0,19.6,6.5,37.8
20250502143300,31.875999450683594,66.0,0.0,19.2,5.5,24.8
20250502143400,31.875999450683594,66.0,0.0,20.7,5.6,38.7
20250502143500,31.875999450683594,66.0,0.0,20.6,6.0,30.6
20250502143600,31.875999450683594,66.0,0.0,20.7,6.3,37.2
20250502143700,31.875999450683594,66.0,0.0,19.9,5.6,28.9
20250502143800,31.875999450683594,66.0,0.0,19.5,6.3,28.4
20250502143900,31.875999450683594,66.0,0.0,19.5,5.5,17.6
20250502144000,31.875999450683594,66.0,0.0,20.6,6.2,15.2
20250502144100,31.875999450683594,66.0,0.0,20.0,5.7,23.8
20250502144200,31.875999450683594,66.0,0.0,20.2,6.4,19.2
20250502144300,31.875999450683594,66.0,0.0,20.3,6.3,36.5
20250502144400,31.875999450683594,66.0,0.0,20.3,6.0,26.9
20250502144500,31.875999450683594,66.0,0.0,19.3,5.5,23.2
20250502144600,31.875999450683594,66.0,0.0,20.3,6.1,29.6
20250502144700,31.875999450683594,66.0,0.0,19.2,5.8,32.4
20250502144800,31.875999450683594,66.0,0.0,21.0,6.3,38.7
20250502144900,31.875999450683594,66.0,0.0,19.8,6.3,23.3
20250502145000,31.875999450683594,66.0,0.0,19.5,5.6,33.0
20250502145100,31.875999450683594,66.0,0.0,20.4,5.6,29.9
20250502145200,31.875999450683594,66.0,0.0,20.5,6.2,26.1
20250502145300,31.875999450683594,66.0,0.0,20.3,6.4,21.4
20250502145400,31.875999450683594,66.0,0.0,20.0,5.6,31.5
20250502145500,31.875999450683594,66.0,0.0,19.9,5.6,34.3
20250502145600,31.875999450683594,66.0,0.0,19.8,6.2,32.2
20250502145700,31.875999450683594,66.0,0.0,19.5,5.5,31.5
20250502145800,31.875999450683594,66.0,0.0,19.6,5.7,25.1
20250502145900,31.875999450683594,66.0,0.0,19.4,5.9,28.3
20250502150000,30.625999450683594,70.0,0.0,19.6,6.1,21.9
20250502150100,30.625999450683594,70.0,0.0,19.3,6.3,27.4
20250502150200,30.625999450683594,70.0,0.0,19.5,5.7,27.0
20250502150300,30.625999450683594,70.0,0.0,19.1,6.3,33.7
20250502150400,30.625999450683594,70.0,0.0,19.8,5.9,27.4
20250502150500,30.625999450683594,70.0,0.0,20.1,6.4,20.1
20250502150600,30.625999450683594,70.0,0.0,20.6,5.8,27.2
20250502150700,30.625999450683594,70.0,0.0,19.9,6.5,39.1
20250502150800,30.625999450683594,70.0,0.0,19.3,6.1,23.9
20250502150900,30.625999450683594,70.0,0.0,19.8,6.2,21.3
20250502151000,30.625999450683594,70.0,0.0,20.8,6.1,19.6
20250502151100,30.625999450683594,70.0,0.0,19.0,6.4,28.5
20250502151200,30.625999450683594,70.0,0.0,20.1,5.8,32.8
20250502151300,30.625999450683594,70.0,0.0,19.6,5.9,35.1
20250502151400,30.625999450683594,70.0,0.0,20.3,5.6,16.0
20250502151500,30.625999450683594,70.0,0.0,20.5,5.8,16.4
20250502151600,30.625999450683594,70.0,0.0,19.3,6.0,35.3
20250502151700,30.625999450683594,70.0,0.0,20.9,6.3,31.0
20250502151800,30.625999450683594,70.0,0.0,20.9,5.5,38.8
20250502151900,30.625999450683594,70.0,0.0,20.8,6.1,27.7
20250502152000,30.625999450683594,70.0,0.0,21.0,5.8,23.5
20250502152100,30.625999450683594,70.0,0.0,19.4,5.6,22.1
20250502152200,30.625999450683594,70.0,0.0,20.4,6.2,19.2
20250502152300,30.625999450683594,70.0,0.0,21.0,6.3,23.4
20250502152400,30.625999450683594,70.0,0.0,20.0,5.8,16.0
20250502152500,30.625999450683594,70.0,0.0,19.4,6.4,35.7
20250502152600,30.625999450683594,70.0,0.0,19.9,6.2,26.6
20250502152700,30.625999450683594,70.0,0.0,20.9,6.2,31.7
20250502152800,30.625999450683594,70.0,0.0,20.0,6.2,29.2
20250502152900,30.625999450683594,70.0,0.0,20.1,6.0,35.2
20250502153000,30.625999450683594,70.0,0.0,20.9,5.9,21.9
20250502153100,30.625999450683594,70.0,0.0,19.0,5.9,19.9
20250502153200,30.625999450683594,70.0,0.0,19.1,6.3,22.2
20250502153300,30.625999450683594,70.0,0.0,19.4,5.6,27.3
20250502153400,30.625999450683594,70.0,0.0,19.5,5.5,16.3
20250502153500,30.625999450683594,70.0,0.0,20.4,6.4,26.1
20250502153600,30.625999450683594,70.0,0.0,19.1,6.2,19.8
20250502153700,30.625999450683594,70.0,0.0,20.6,6.0,23.3
20250502153800,30.625999450683594,70.0,0.0,20.6,6.0,26.5
20250502153900,30.625999450683594,70.0,0.0,20.6,6.5,37.2
20250502154000,30.625999450683594,70.0,0.0,19.8,5.6,39.4
20250502154100,30.625999450683594,70.0,0.0,19.2,6.3,28.4
20250502154200,30.625999450683594,70.0,0.0,19.9,6.1,17.9
20250502154300,30.625999450683594,70.0,0.0,19.4,5.7,24.9
20250502154400,30.625999450683594,70.0,0.0,20.6,6.1,15.4
20250502154500,30.625999450683594,70.0,0.0,20.9,6.2,24.5
20250502154600,30.625999450683594,70.0,0.0,19.6,6.3,25.7
20250502154700,30.625999450683594,70.0,0.0,20.7,5.8,29.2
20250502154800,30.625999450683594,70.0,0.0,19.8,6.4,38.5
20250502154900,30.625999450683594,70.0,0.0,20.5,6.3,16.9
20250502155000,30.625999450683594,70.0,0.0,20.2,6.5,24.8
20250502155100,30.625999450683594,70.0,0.0,20.8,5.6,35.5
20250502155200,30.625999450683594,70.0,0.0,19.9,6.0,19.4
20250502155300,30.625999450683594,70.0,0.0,19.2,6.4,38.1
20250502155400,30.625999450683594,70.0,0.0,19.6,6.1,18.5
20250502155500,30.625999450683594,70.0,0.0,19.9,5.6,27.5
20250502155600,30.625999450683594,70.0,0.0,19.4,6.1,31.7
20250502155700,30.625999450683594,70.0,0.0,20.5,6.3,18.5
20250502155800,30.625999450683594,70.0,0.0,19.1,6.1,30.6
20250502155900,30.625999450683594,70.0,0.0,20.4,6.0,39.7
20250502160000,29.575998306274414,75.0,0.0,19.3,5.7,20.4
20250502160100,29.575998306274414,75.0,0.0,21.0,5.6,22.0
20250502160200,29.575998306274414,75.0,0.0,20.3,5.9,34.1
20250502160300,29.575998306274414,75.0,0.0,20.1,5.8,25.2
20250502160400,29.575998306274414,75.0,0.0,20.1,6.3,25.2
20250502160500,29.575998306274414,75.0,0.0,19.4,6.2,33.9
20250502160600,29.575998306274414,75.0,0.0,19.0,6.1,30.0
20250502160700,29.575998306274414,75.0,0.0,20.1,5.9,39.8
20250502160800,29.575998306274414,75.0,0.0,19.5,6.1,25.9
20250502160900,29.575998306274414,75.0,0.0,20.7,6.0,20.3
20250502161000,29.575998306274414,75.0,0.0,19.2,6.5,29.5
20250502161100,29.575998306274414,75.0,0.0,19.4,5.8,22.7
20250502161200,29.575998306274414,75.0,0.0,19.9,6.3,28.0
20250502161300,29.575998306274414,75.0,0.0,19.3,5.8,36.4
20250502161400,29.575998306274414,75.0,0.0,19.8,5.8,34.7
20250502161500,29.575998306274414,75.0,0.0,19.1,6.1,27.0
20250502161600,29.575998306274414,75.0,0.0,19.8,6.3,27.0
20250502161700,29.575998306274414,75.0,0.0,19.7,5.8,34.5
20250502161800,29.575998306274414,75.0,0.0,19.0,5.8,39.3
20250502161900,29.575998306274414,75.0,0.0,20.1,6.2,32.2
20250502162000,29.575998306274414,75.0,0.0,19.8,6.5,20.5
20250502162100,29.575998306274414,75.0,0.0,20.8,6.1,23.4
20250502162200,29.575998306274414,75.0,0.0,19.2,5.7,15.1
20250502162300,29.575998306274414,75.0,0.0,21.0,5.8,18.0
20250502162400,29.575998306274414,75.0,0.0,20.2,5.7,28.6
20250502162500,29.575998306274414,75.0,0.0,20.5,6.1,24.2
20250502162600,29.575998306274414,75.0,0.0,20.6,6.5,26.1
20250502162700,29.575998306274414,75.0,0.0,19.4,6.1,28.1
20250502162800,29.575998306274414,75.0,0.0,19.8,6.1,25.2
20250502162900,29.575998306274414,75.0,0.0,19.2,5.6,34.4
20250502163000,29.575998306274414,75.0,0.0,19.6,6.4,18.8
20250502163100,29.575998306274414,75.0,0.0,19.1,5.5,28.7
20250502163200,29.575998306274414,75.0,0.0,20.7,6.4,26.0
20250502163300,29.575998306274414,75.0,0.0,19.4,6.0,37.9
20250502163400,29.575998306274414,75.0,0.0,20.7,6.3,22.6
20250502163500,29.575998306274414,75.0,0.0,19.4,5.7,34.3
20250502163600,29.575998306274414,75.0,0.0,19.8,6.3,20.0
20250502163700,29.575998306274414,75.0,0.0,19.7,5.5,25.0
20250502163800,29.575998306274414,75.0,0.0,19.9,5.9,21.3
20250502163900,29.575998306274414,75.0,0.0,20.6,5.9,22.1
20250502164000,29.575998306274414,75.0,0.0,20.0,6.2,32.5
20250502164100,29.575998306274414,75.0,0.0,19.2,6.2,21.7
20250502164200,29.575998306274414,75.0,0.0,19.0,5.9,37.3
20250502164300,29.575998306274414,75.0,0.0,20.0,6.5,16.3
20250502164400,29.575998306274414,75.0,0.0,19.5,6.3,16.1
20250502164500,29.575998306274414,75.0,0.0,19.9,5.9,31.3
20250502164600,29.575998306274414,75.0,0.0,20.5,5.7,17.6
20250502164700,29.575998306274414,75.0,0.0,19.6,6.3,33.9
20250502164800,29.575998306274414,75.0,0.0,20.1,6.0,26.3
20250502164900,29.575998306274414,75.0,0.0,19.4,5.9,31.6
20250502165000,29.575998306274414,75.0,0.0,20.1,5.8,31.0
20250502165100,29.575998306274414,75.0,0.0,19.3,5.8,29.3
20250502165200,29.575998306274414,75.0,0.0,20.4,6.1,25.5
20250502165300,29.575998306274414,75.0,0.0,19.1,6.3,33.0
20250502165400,29.575998306274414,75.0,0.0,20.4,6.1,18.2
20250502165500,29.575998306274414,75.0,0.0,19.4,5.5,26.0
20250502165600,29.575998306274414,75.0,0.0,20.7,5.9,38.2
20250502165700,29.575998306274414,75.0,0.0,20.2,6.5,19.9
20250502165800,29.575998306274414,75.0,0.0,19.7,5.8,33.3
20250502165900,29.575998306274414,75.0,0.0,19.3,5.6,19.0
20250502170000,28.825998306274414,79.0,0.0,19.3,6.2,36.5
20250502170100,28.825998306274414,79.0,0.0,19.6,6.5,34.3
20250502170200,28.825998306274414,79.0,0.0,19.2,6.0,16.6
20250502170300,28.825998306274414,79.0,0.0,19.5,6.0,38.5
20250502170400,28.825998306274414,79.0,0.0,20.6,6.3,37.9
20250502170500,28.825998306274414,79.0,0.0,19.6,6.0,39.9
20250502170600,28.825998306274414,79.0,0.0,20.0,5.8,28.4
20250502170700,28.825998306274414,79.0,0.0,20.7,6.2,26.7
20250502170800,28.825998306274414,79.0,0.0,19.1,6.2,35.8
20250502170900,28.825998306274414,79.0,0.0,20.3,5.9,21.6
20250502171000,28.825998306274414,79.0,0.0,19.6,5.6,37.7
20250502171100,28.825998306274414,79.0,0.0,19.0,5.7,20.2
20250502171200,28.825998306274414,79.0,0.0,19.4,6.1,37.9
20250502171300,28.825998306274414,79.0,0.0,19.6,5.7,24.8
20250502171400,28.825998306274414,79.0,0.0,19.5,6.2,20.4
20250502171500,28.825998306274414,79.0,0.0,19.3,6.2,32.1
20250502171600,28.825998306274414,79.0,0.0,20.4,5.7,19.1
20250502171700,28.825998306274414,79.0,0.0,20.4,5.6,27.9
20250502171800,28.825998306274414,79.0,0.0,19.7,5.9,28.4
20250502171900,28.825998306274414,79.0,0.0,19.8,5.6,34.6
20250502172000,28.825998306274414,79.0,0.0,20.1,6.3,30.9
20250502172100,28.825998306274414,79.0,0.0,20.4,6.1,35.3
20250502172200,28.825998306274414,79.0,0.0,19.7,6.2,18.3
20250502172300,28.825998306274414,79.0,0.0,19.3,6.0,36.7
20250502172400,28.825998306274414,79.0,0.0,20.6,6.3,25.3
20250502172500,28.825998306274414,79.0,0.0,19.5,6.5,38.9
20250502172600,28.825998306274414,79.0,0.0,20.8,6.1,21.8
20250502172700,28.825998306274414,79.0,0.0,20.3,5.8,27.7
20250502172800,28.825998306274414,79.0,0.0,19.3,5.9,17.9
20250502172900,28.825998306274414,79.0,0.0,20.2,6.4,33.6
20250502173000,28.825998306274414,79.0,0.0,20.0,6.3,34.4
20250502173100,28.825998306274414,79.0,0.0,20.7,6.0,30.1
20250502173200,28.825998306274414,79.0,0.0,20.7,6.5,33.3
20250502173300,28.825998306274414,79.0,0.0,20.2,6.5,29.9
20250502173400,28.825998306274414,79.0,0.0,20.2,6.4,22.4
20250502173500,28.825998306274414,79.0,0.0,21.0,6.1,18.8
20250502173600,28.825998306274414,79.0,0.0,20.6,5.8,21.7
20250502173700,28.825998306274414,79.0,0.0,19.3,6.4,33.6
20250502173800,28.825998306274414,79.0,0.0,20.8,6.0,39.6
20250502173900,28.825998306274414,79.0,0.0,19.2,5.5,36.8
20250502174000,28.825998306274414,79.0,0.0,19.1,6.3,25.5
20250502174100,28.825998306274414,79.0,0.0,20.9,5.6,32.1
20250502174200,28.825998306274414,79.0,0.0,20.4,5.7,18.2
20250502174300,28.825998306274414,79.0,0.0,20.6,6.2,22.3
20250502174400,28.825998306274414,79.0,0.0,19.5,5.7,19.4
20250502174500,28.825998306274414,79.0,0.0,20.2,5.7,32.0
20250502174600,28.825998306274414,79.0,0.0,19.5,5.9,24.3
20250502174700,28.825998306274414,79.0,0.0,19.2,6.5,26.3
20250502174800,28.825998306274414,79.0,0.0,20.6,5.7,24.7
20250502174900,28.825998306274414,79.0,0.0,20.4,5.7,25.0
20250502175000,28.825998306274414,79.0,0.0,19.2,6.3,15.1
20250502175100,28.825998306274414,79.0,0.0,20.6,5.7,23.5
20250502175200,28.825998306274414,79.0,0.0,19.5,5.7,30.6
20250502175300,28.825998306274414,79.0,0.0,19.1,6.4,21.7
20250502175400,28.825998306274414,79.0,0.0,19.5,5.6,36.5
20250502175500,28.825998306274414,79.0,0.0,20.6,5.6,33.2
20250502175600,28.825998306274414,79.0,0.0,20.4,5.8,25.8
20250502175700,28.825998306274414,79.0,0.0,20.9,6.1,28.5
20250502175800,28.825998306274414,79.0,0.0,19.6,6.4,39.7
20250502175900,28.825998306274414,79.0,0.0,19.2,5.6,18.7
20250502180000,28.22599983215332,83.0,0.0,20.5,6.4,36.7
20250502180100,28.22599983215332,83.0,0.0,20.3,5.5,20.2
20250502180200,28.22599983215332,83.0,0.0,19.7,6.4,20.2
20250502180300,28.22599983215332,83.0,0.0,19.6,6.3,27.4
20250502180400,28.22599983215332,83.0,0.0,20.2,5.7,33.4
20250502180500,28.22599983215332,83.0,0.0,20.8,5.6,32.2
20250502180600,28.22599983215332,83.0,0.0,20.1,5.5,21.8
20250502180700,28.22599983215332,83.0,0.0,19.5,5.5,36.2
20250502180800,28.22599983215332,83.0,0.0,19.8,5.5,31.2
20250502180900,28.22599983215332,83.0,0.0,19.5,6.1,15.1
20250502181000,28.22599983215332,83.0,0.0,19.0,6.4,33.5
20250502181100,28.22599983215332,83.0,0.0,20.0,6.1,23.7
20250502181200,28.22599983215332,83.0,0.0,19.9,5.8,35.6
20250502181300,28.22599983215332,83.0,0.0,20.5,6.4,29.7
20250502181400,28.22599983215332,83.0,0.0,20.5,5.9,36.5
20250502181500,28.22599983215332,83.0,0.0,20.9,5.8,19.4
20250502181600,28.22599983215332,83.0,0.0,19.6,6.0,30.9
20250502181700,28.22599983215332,83.0,0.0,20.4,6.2,20.1
20250502181800,28.22599983215332,83.0,0.0,19.7,6.5,34.4
20250502181900,28.22599983215332,83.0,0.0,20.4,5.6,32.9
20250502182000,28.22599983215332,83.0,0.0,19.7,5.7,33.5
20250502182100,28.22599983215332,83.0,0.0,19.9,6.3,31.1
20250502182200,28.22599983215332,83.0,0.0,21.0,6.1,15.3
20250502182300,28.22599983215332,83.0,0.0,19.5,6.3,32.0
20250502182400,28.22599983215332,83.0,0.0,19.3,6.2,17.2
20250502182500,28.22599983215332,83.0,0.0,20.9,6.2,37.3
20250502182600,28.22599983215332,83.0,0.0,19.5,6.0,31.9
20250502182700,28.22599983215332,83.0,0.0,19.8,6.5,22.9
20250502182800,28.22599983215332,83.0,0.0,20.4,6.3,39.1
20250502182900,28.22599983215332,83.0,0.0,19.2,5.6,24.0
20250502183000,28.22599983215332,83.0,0.0,20.5,5.5,29.8
20250502183100,28.22599983215332,83.0,0.0,19.4,5.6,16.4
20250502183200,28.22599983215332,83.0,0.0,20.7,5.7,30.7
20250502183300,28.22599983215332,83.0,0.0,20.1,6.3,38.2
20250502183400,28.22599983215332,83.0,0.0,19.6,6.4,36.3
20250502183500,28.22599983215332,83.0,0.0,20.6,5.6,26.1
20250502183600,28.22599983215332,83.0,0.0,21.0,5.7,29.8
20250502183700,28.22599983215332,83.0,0.0,19.9,5.7,18.6
20250502183800,28.22599983215332,83.0,0.0,19.6,6.5,34.8
20250502183900,28.22599983215332,83.0,0.0,19.8,6.1,24.7
20250502184000,28.22599983215332,83.0,0.0,19.3,6.1,29.3
20250502184100,28.22599983215332,83.0,0.0,20.0,6.3,23.8
20250502184200,28.22599983215332,83.0,0.0,20.9,5.8,28.3
20250502184300,28.22599983215332,83.0,0.0,20.2,6.2,28.2
20250502184400,28.22599983215332,83.0,0.0,20.7,6.0,32.0
20250502184500,28.22599983215332,83.0,0.0,20.6,5.7,26.8
20250502184600,28.22599983215332,83.0,0.0,19.8,5.7,26.9
20250502184700,28.22599983215332,83.0,0.0,20.1,5.7,38.3
20250502184800,28.22599983215332,83.0,0.0,19.5,6.3,21.8
20250502184900,28.22599983215332,83.0,0.0,19.3,6.4,35.2
20250502185000,28.22599983215332,83.0,0.0,19.2,6.0,24.6
20250502185100,28.22599983215332,83.0,0.0,20.3,5.9,19.6
20250502185200,28.22599983215332,83.0,0.0,20.2,6.1,23.8
20250502185300,28.22599983215332,83.0,0.0,19.4,5.8,19.5
20250502185400,28.22599983215332,83.0,0.0,19.4,6.0,31.9
20250502185500,28.22599983215332,83.0,0.0,20.4,5.7,39.5
20250502185600,28.22599983215332,83.0,0.0,20.8,5.8,23.8
20250502185700,28.22599983215332,83.0,0.0,19.4,5.8,26.7
20250502185800,28.22599983215332,83.0,0.0,19.5,6.2,39.5
20250502185900,28.22599983215332,83.0,0.0,19.6,5.6,30.3
20250502190000,27.775999069213867,86.0,0.0,20.0,5.7,15.0
20250502190100,27.775999069213867,86.0,0.0,19.4,6.1,38.7
20250502190200,27.775999069213867,86.0,0.0,20.8,5.9,16.2
20250502190300,27.775999069213867,86.0,0.0,19.1,6.4,24.8
20250502190400,27.775999069213867,86.0,0.0,19.5,5.7,20.4
20250502190500,27.775999069213867,86.0,0.0,19.9,6.2,19.3
20250502190600,27.775999069213867,86.0,0.0,20.2,5.7,34.2
20250502190700,27.775999069213867,86.0,0.0,19.4,6.0,17.3
20250502190800,27.775999069213867,86.0,0.0,19.1,5.8,20.1
20250502190900,27.775999069213867,86.0,0.0,19.5,5.7,38.1
20250502191000,27.775999069213867,86.0,0.0,19.6,6.4,24.4
20250502191100,27.775999069213867,86.0,0.0,20.5,5.9,29.4
20250502191200,27.775999069213867,86.0,0.0,20.5,6.1,24.2
20250502191300,27.775999069213867,86.0,0.0,19.7,6.2,26.7
20250502191400,27.775999069213867,86.0,0.0,20.4,5.5,19.3
20250502191500,27.775999069213867,86.0,0.0,20.7,6.4,37.4
20250502191600,27.775999069213867,86.0,0.0,19.0,5.8,22.5
20250502191700,27.775999069213867,86.0,0.0,19.9,5.7,30.8
20250502191800,27.775999069213867,86.0,0.0,19.3,6.3,23.1
20250502191900,27.775999069213867,86.0,0.0,19.5,6.2,39.4
20250502192000,27.775999069213867,86.0,0.0,21.0,6.1,37.7
20250502192100,27.775999069213867,86.0,0.0,20.6,6.1,29.8
20250502192200,27.775999069213867,86.0,0.0,19.2,6.1,26.3
20250502192300,27.775999069213867,86.0,0.0,20.7,6.4,20.5
20250502192400,27.775999069213867,86.0,0.0,21.0,6.3,33.7
20250502192500,27.775999069213867,86.0,0.0,19.7,5.9,27.0
20250502192600,27.775999069213867,86.0,0.0,19.9,6.1,30.2
20250502192700,27.775999069213867,86.0,0.0,20.5,6.2,27.7
20250502192800,27.775999069213867,86.0,0.0,19.1,5.7,25.0
20250502192900,27.775999069213867,86.0,0.0,20.6,5.9,39.4
20250502193000,27.775999069213867,86.0,0.0,19.9,5.5,25.3
20250502193100,27.775999069213867,86.0,0.0,19.1,6.0,28.7
20250502193200,27.775999069213867,86.0,0.0,20.7,5.6,29.6
20250502193300,27.775999069213867,86.0,0.0,19.1,6.4,22.7
20250502193400,27.775999069213867,86.0,0.0,19.2,6.1,30.9
20250502193500,27.775999069213867,86.0,0.0,20.3,5.9,29.0
20250502193600,27.775999069213867,86.0,0.0,20.4,6.0,17.3
20250502193700,27.775999069213867,86.0,0.0,20.6,5.9,25.6
20250502193800,27.775999069213867,86.0,0.0,20.3,6.5,34.3
20250502193900,27.775999069213867,86.0,0.0,19.8,6.5,15.3
20250502194000,27.775999069213867,86.0,0.0,20.1,5.6,24.1
20250502194100,27.775999069213867,86.0,0.0,19.9,5.9,31.9
20250502194200,27.775999069213867,86.0,0.0,19.9,5.8,39.4
20250502194300,27.775999069213867,86.0,0.0,20.3,6.3,19.5
20250502194400,27.775999069213867,86.0,0.0,20.2,6.0,36.7
20250502194500,27.775999069213867,86.0,0.0,20.5,5.6,26.9
20250502194600,27.775999069213867,86.0,0.0,20.0,6.1,39.0
20250502194700,27.775999069213867,86.0,0.0,19.0,6.0,25.1
20250502194800,27.775999069213867,86.0,0.0,20.5,6.5,37.1
20250502194900,27.775999069213867,86.0,0.0,20.9,6.1,17.8
20250502195000,27.775999069213867,86.0,0.0,20.5,6.3,18.3
20250502195100,27.775999069213867,86.0,0.0,19.5,6.4,30.9
20250502195200,27.775999069213867,86.0,0.0,20.5,6.2,22.0
20250502195300,27.775999069213867,86.0,0.0,19.1,5.8,25.7
20250502195400,27.775999069213867,86.0,0.0,20.6,6.2,24.3
20250502195500,27.775999069213867,86.0,0.0,19.4,5.8,38.8
20250502195600,27.775999069213867,86.0,0.0,20.6,5.7,24.8
20250502195700,27.775999069213867,86.0,0.0,20.0,6.4,29.9
20250502195800,27.775999069213867,86.0,0.0,20.2,6.1,26.4
20250502195900,27.775999069213867,86.0,0.0,19.1,6.1,29.5
20250502200000,27.525999069213867,88.0,0.0,20.6,6.1,28.6
20250502200100,27.525999069213867,88.0,0.0,19.8,6.2,30.3
20250502200200,27.525999069213867,88.0,0.0,19.8,5.5,29.2
20250502200300,27.525999069213867,88.0,0.0,19.9,5.8,33.6
20250502200400,27.525999069213867,88.0,0.0,19.7,5.6,24.7
20250502200500,27.525999069213867,88.0,0.0,20.2,5.6,37.3
20250502200600,27.525999069213867,88.0,0.0,19.6,5.8,23.8
20250502200700,27.525999069213867,88.0,0.0,19.3,6.4,26.8
20250502200800,27.525999069213867,88.0,0.0,20.2,6.1,19.2
20250502200900,27.525999069213867,88.0,0.0,20.4,6.1,20.1
20250502201000,27.525999069213867,88.0,0.0,19.5,6.2,22.0
20250502201100,27.525999069213867,88.0,0.0,19.0,6.0,17.4
20250502201200,27.525999069213867,88.0,0.0,19.5,6.3,27.3
20250502201300,27.525999069213867,88.0,0.0,20.3,6.1,16.7
20250502201400,27.525999069213867,88.0,0.0,20.1,5.6,30.6
20250502201500,27.525999069213867,88.0,0.0,19.2,6.5,39.8
20250502201600,27.525999069213867,88.0,0.0,20.7,5.9,35.0
20250502201700,27.525999069213867,88.0,0.0,20.2,5.7,36.1
20250502201800,27.525999069213867,88.0,0.0,20.6,5.6,27.1
20250502201900,27.525999069213867,88.0,0.0,19.8,5.7,39.4
20250502202000,27.525999069213867,88.0,0.0,20.3,6.2,31.1
20250502202100,27.525999069213867,88.0,0.0,19.9,5.9,39.0
20250502202200,27.525999069213867,88.0,0.0,19.4,5.5,28.2
20250502202300,27.525999069213867,88.0,0.0,20.1,6.2,35.0
20250502202400,27.525999069213867,88.0,0.0,20.0,6.3,15.8
20250502202500,27.525999069213867,88.0,0.0,20.0,5.5,22.7
20250502202600,27.525999069213867,88.0,0.0,19.4,6.4,32.9
20250502202700,27.525999069213867,88.0,0.0,19.8,6.1,28.2
20250502202800,27.525999069213867,88.0,0.0,20.6,5.6,39.0
20250502202900,27.525999069213867,88.0,0.0,19.5,6.3,24.7
20250502203000,27.525999069213867,88.0,0.0,20.7,6.3,34.2
20250502203100,27.525999069213867,88.0,0.0,19.6,6.3,18.2
20250502203200,27.525999069213867,88.0,0.0,20.3,6.3,27.5
20250502203300,27.525999069213867,88.0,0.0,19.0,6.4,29.7
20250502203400,27.525999069213867,88.0,0.0,20.9,5.7,25.0
20250502203500,27.525999069213867,88.0,0.0,20.1,6.3,20.6
20250502203600,27.525999069213867,88.0,0.0,20.0,5.9,34.3
20250502203700,27.525999069213867,88.0,0.0,20.1,6.4,19.8
20250502203800,27.525999069213867,88.0,0.0,19.2,5.8,26.4
20250502203900,27.525999069213867,88.0,0.0,20.4,5.9,15.2
20250502204000,27.525999069213867,88.0,0.0,20.0,6.1,15.8
20250502204100,27.525999069213867,88.0,0.0,19.6,5.9,21.0
20250502204200,27.525999069213867,88.0,0.0,19.6,5.5,17.3
20250502204300,27.525999069213867,88.0,0.0,19.9,5.6,21.3
20250502204400,27.525999069213867,88.0,0.0,19.2,5.7,23.1
20250502204500,27.525999069213867,88.0,0.0,19.2,5.9,25.9
20250502204600,27.525999069213867,88.0,0.0,20.2,5.6,32.6
20250502204700,27.525999069213867,88.0,0.0,20.0,5.6,18.2
20250502204800,27.525999069213867,88.0,0.0,20.8,6.5,18.1
20250502204900,27.525999069213867,88.0,0.0,20.6,6.2,33.1
20250502205000,27.525999069213867,88.0,0.0,19.8,6.0,17.0
20250502205100,27.525999069213867,88.0,0.0,19.7,6.1,15.8
20250502205200,27.525999069213867,88.0,0.0,20.4,6.2,19.5
20250502205300,27.525999069213867,88.0,0.0,19.2,6.1,17.3
20250502205400,27.525999069213867,88.0,0.0,19.1,5.9,39.9
20250502205500,27.525999069213867,88.0,0.0,19.0,6.2,19.3
20250502205600,27.525999069213867,88.0,0.0,19.5,6.1,18.3
20250502205700,27.525999069213867,88.0,0.0,20.0,5.8,33.4
20250502205800,27.525999069213867,88.0,0.0,19.9,5.8,29.2
20250502205900,27.525999069213867,88.0,0.0,19.3,6.1,37.2
20250502210000,27.47599983215332,88.0,0.0,19.2,5.7,22.3
20250502210100,27.47599983215332,88.0,0.0,20.0,5.6,15.7
20250502210200,27.47599983215332,88.0,0.0,19.7,6.0,25.0
20250502210300,27.47599983215332,88.0,0.0,19.3,6.0,28.4
20250502210400,27.47599983215332,88.0,0.0,19.2,5.7,24.4
20250502210500,27.47599983215332,88.0,0.0,19.8,5.5,23.2
20250502210600,27.47599983215332,88.0,0.0,19.1,6.4,16.0
20250502210700,27.47599983215332,88.0,0.0,19.4,6.1,30.7
20250502210800,27.47599983215332,88.0,0.0,20.7,6.4,38.1
20250502210900,27.47599983215332,88.0,0.0,19.3,6.3,27.9
20250502211000,27.47599983215332,88.0,0.0,20.8,5.8,28.8
20250502211100,27.47599983215332,88.0,0.0,20.6,6.1,17.8
20250502211200,27.47599983215332,88.0,0.0,20.7,6.0,30.2
20250502211300,27.47599983215332,88.0,0.0,19.1,6.5,25.4
20250502211400,27.47599983215332,88.0,0.0,20.0,6.1,39.1
20250502211500,27.47599983215332,88.0,0.0,20.6,5.7,34.0
20250502211600,27.47599983215332,88.0,0.0,20.4,6.4,29.3
20250502211700,27.47599983215332,88.0,0.0,19.8,6.2,31.9
20250502211800,27.47599983215332,88.0,0.0,19.2,5.9,28.7
20250502211900,27.47599983215332,88.0,0.0,20.8,5.5,26.1
20250502212000,27.47599983215332,88.0,0.0,20.6,6.2,32.6
20250502212100,27.47599983215332,88.0,0.0,20.3,6.2,21.1
20250502212200,27.47599983215332,88.0,0.0,19.7,6.3,26.6
20250502212300,27.47599983215332,88.0,0.0,20.0,6.2,27.7
20250502212400,27.47599983215332,88.0,0.0,19.5,6.3,35.8
20250502212500,27.47599983215332,88.0,0.0,21.0,6.2,33.9
20250502212600,27.47599983215332,88.0,0.0,20.0,5.7,27.5
20250502212700,27.47599983215332,88.0,0.0,20.3,6.5,32.1
20250502212800,27.47599983215332,88.0,0.0,20.2,5.7,36.9
20250502212900,27.47599983215332,88.0,0.0,19.5,6.1,34.5
20250502213000,27.47599983215332,88.0,0.0,20.0,5.6,27.4
20250502213100,27.47599983215332,88.0,0.0,20.3,6.1,32.1
20250502213200,27.47599983215332,88.0,0.0,20.3,5.6,15.7
20250502213300,27.47599983215332,88.0,0.0,20.7,5.6,22.4
20250502213400,27.47599983215332,88.0,0.0,20.3,6.1,21.4
20250502213500,27.47599983215332,88.0,0.0,20.2,5.6,17.5
20250502213600,27.47599983215332,88.0,0.0,19.2,5.5,21.9
20250502213700,27.47599983215332,88.0,0.0,19.4,5.9,37.4
20250502213800,27.47599983215332,88.0,0.0,20.8,6.5,17.8
20250502213900,27.47599983215332,88.0,0.0,19.9,6.0,21.7
20250502214000,27.47599983215332,88.0,0.0,19.9,6.1,40.0
20250502214100,27.47599983215332,88.0,0.0,20.0,5.6,15.5
20250502214200,27.47599983215332,88.0,0.0,19.5,5.9,31.7
20250502214300,27.47599983215332,88.0,0.0,20.9,5.7,23.9
20250502214400,27.47599983215332,88.0,0.0,20.3,5.8,18.0
20250502214500,27.47599983215332,88.0,0.0,20.0,5.7,18.3
20250502214600,27.47599983215332,88.0,0.0,21.0,5.7,22.4
20250502214700,27.47599983215332,88.0,0.0,20.4,5.7,24.7
20250502214800,27.47599983215332,88.0,0.0,19.9,6.1,26.0
20250502214900,27.47599983215332,88.0,0.0,19.1,5.7,32.8
20250502215000,27.47599983215332,88.0,0.0,19.5,5.8,32.4
20250502215100,27.47599983215332,88.0,0.0,19.4,6.3,26.9
20250502215200,27.47599983215332,88.0,0.0,20.3,5.6,20.1
20250502215300,27.47599983215332,88.0,0.0,19.4,5.9,28.7
20250502215400,27.47599983215332,88.0,0.0,20.3,5.7,17.7
20250502215500,27.47599983215332,88.0,0.0,19.6,5.6,21.7
20250502215600,27.47599983215332,88.0,0.0,20.1,5.7,36.3
20250502215700,27.47599983215332,88.0,0.0,19.1,6.2,39.0
20250502215800,27.47599983215332,88.0,0.0,19.7,6.1,33.4
20250502215900,27.47599983215332,88.0,0.0,19.7,6.5,27.6
20250502220000,27.375999450683594,89.0,0.0,20.1,6.3,34.1
20250502220100,27.375999450683594,89.0,0.0,19.9,6.0,36.3
20250502220200,27.375999450683594,89.0,0.0,20.8,6.0,20.1
20250502220300,27.375999450683594,89.0,0.0,20.1,5.8,15.9
20250502220400,27.375999450683594,89.0,0.0,19.9,6.3,35.8
20250502220500,27.375999450683594,89.0,0.0,20.2,6.4,29.3
20250502220600,27.375999450683594,89.0,0.0,19.1,5.9,16.2
20250502220700,27.375999450683594,89.0,0.0,20.9,5.5,26.7
20250502220800,27.375999450683594,89.0,0.0,20.5,6.5,19.5
20250502220900,27.375999450683594,89.0,0.0,19.7,6.4,16.1
20250502221000,27.375999450683594,89.0,0.0,19.2,6.1,39.7
20250502221100,27.375999450683594,89.0,0.0,20.4,5.8,25.3
20250502221200,27.375999450683594,89.0,0.0,20.9,6.3,30.8
20250502221300,27.375999450683594,89.0,0.0,19.6,6.1,20.8
20250502221400,27.375999450683594,89.0,0.0,20.3,5.8,39.8
20250502221500,27.375999450683594,89.0,0.0,19.8,6.3,34.4
20250502221600,27.375999450683594,89.0,0.0,20.6,6.4,18.4
20250502221700,27.375999450683594,89.0,0.0,19.1,6.2,25.2
20250502221800,27.375999450683594,89.0,0.0,19.8,6.4,25.1
20250502221900,27.375999450683594,89.0,0.0,19.3,6.2,38.3
20250502222000,27.375999450683594,89.0,0.0,19.9,6.0,25.5
20250502222100,27.375999450683594,89.0,0.0,20.8,6.3,19.1
20250502222200,27.375999450683594,89.0,0.0,20.1,6.2,29.1
20250502222300,27.375999450683594,89.0,0.0,19.2,5.7,39.3
20250502222400,27.375999450683594,89.0,0.0,19.8,6.2,15.2
20250502222500,27.375999450683594,89.0,0.0,20.0,5.6,25.8
20250502222600,27.375999450683594,89.0,0.0,20.1,5.7,17.4
20250502222700,27.375999450683594,89.0,0.0,19.7,6.2,16.9
20250502222800,27.375999450683594,89.0,0.0,19.5,6.1,35.9
20250502222900,27.375999450683594,89.0,0.0,19.0,6.2,15.8
20250502223000,27.375999450683594,89.0,0.0,19.8,5.9,37.8
20250502223100,27.375999450683594,89.0,0.0,19.8,5.9,19.7
20250502223200,27.375999450683594,89.0,0.0,19.6,6.4,29.9
20250502223300,27.375999450683594,89.0,0.0,20.1,6.1,24.7
20250502223400,27.375999450683594,89.0,0.0,19.2,6.5,22.2
20250502223500,27.375999450683594,89.0,0.0,20.6,5.9,25.8
20250502223600,27.375999450683594,89.0,0.0,19.7,6.5,37.7
20250502223700,27.375999450683594,89.0,0.0,20.2,5.5,32.3
20250502223800,27.375999450683594,89.0,0.0,20.4,6.0,34.9
20250502223900,27.375999450683594,89.0,0.0,19.0,5.7,16.7
20250502224000,27.375999450683594,89.0,0.0,20.4,5.8,17.7
20250502224100,27.375999450683594,89.0,0.0,19.7,5.7,33.2
20250502224200,27.375999450683594,89.0,0.0,19.1,6.2,21.9
20250502224300,27.375999450683594,89.0,0.0,20.0,6.2,16.8
20250502224400,27.375999450683594,89.0,0.0,19.2,5.7,29.7
20250502224500,27.375999450683594,89.0,0.0,20.4,5.7,18.2
20250502224600,27.375999450683594,89.0,0.0,20.3,5.8,30.8
20250502224700,27.375999450683594,89.0,0.0,19.5,6.3,38.2
20250502224800,27.375999450683594,89.0,0.0,19.7,5.8,28.1
20250502224900,27.375999450683594,89.0,0.0,20.7,6.5,31.1
20250502225000,27.375999450683594,89.0,0.0,20.5,5.9,34.4
20250502225100,27.375999450683594,89.0,0.0,20.2,5.8,31.0
20250502225200,27.375999450683594,89.0,0.0,20.3,5.7,23.4
20250502225300,27.375999450683594,89.0,0.0,20.0,5.8,25.9
20250502225400,27.375999450683594,89.0,0.0,20.1,5.7,35.9
20250502225500,27.375999450683594,89.0,0.0,19.8,5.9,37.3
20250502225600,27.375999450683594,89.0,0.0,20.5,6.2,21.2
20250502225700,27.375999450683594,89.0,0.0,19.0,6.1,17.8
20250502225800,27.375999450683594,89.0,0.0,20.2,6.3,17.4
20250502225900,27.375999450683594,89.0,0.0,20.7,5.9,32.7
20250502230000,27.17599868774414,89.0,0.0,19.5,6.4,32.7
20250502230100,27.17599868774414,89.0,0.0,20.1,6.2,35.0
20250502230200,27.17599868774414,89.0,0.0,19.4,6.2,26.7
20250502230300,27.17599868774414,89.0,0.0,20.1,6.3,27.5
20250502230400,27.17599868774414,89.0,0.0,20.7,6.1,20.7
20250502230500,27.17599868774414,89.0,0.0,19.9,5.7,17.9
20250502230600,27.17599868774414,89.0,0.0,20.3,6.4,18.3
20250502230700,27.17599868774414,89.0,0.0,19.0,6.3,34.5
20250502230800,27.17599868774414,89.0,0.0,20.0,6.4,18.5
20250502230900,27.17599868774414,89.0,0.0,19.8,5.8,34.6
20250502231000,27.17599868774414,89.0,0.0,20.3,6.1,36.1
20250502231100,27.17599868774414,89.0,0.0,20.7,5.5,17.4
20250502231200,27.17599868774414,89.0,0.0,20.7,5.8,22.9
20250502231300,27.17599868774414,89.0,0.0,19.9,6.3,28.0
20250502231400,27.17599868774414,89.0,0.0,20.5,6.2,19.4
20250502231500,27.17599868774414,89.0,0.0,19.3,6.4,27.5
20250502231600,27.17599868774414,89.0,0.0,20.4,6.0,33.9
20250502231700,27.17599868774414,89.0,0.0,20.7,5.9,25.3
20250502231800,27.17599868774414,89.0,0.0,20.6,6.3,35.6
20250502231900,27.17599868774414,89.0,0.0,20.1,6.5,22.0
20250502232000,27.17599868774414,89.0,0.0,20.7,5.9,17.3
20250502232100,27.17599868774414,89.0,0.0,20.4,6.1,17.8
20250502232200,27.17599868774414,89.0,0.0,19.4,6.0,38.9
20250502232300,27.17599868774414,89.0,0.0,19.9,6.4,21.8
20250502232400,27.17599868774414,89.0,0.0,20.5,6.4,26.0
20250502232500,27.17599868774414,89.0,0.0,20.1,6.4,30.0
20250502232600,27.17599868774414,89.0,0.0,20.1,5.6,28.3
20250502232700,27.17599868774414,89.0,0.0,20.8,5.9,22.3
20250502232800,27.17599868774414,89.0,0.0,20.1,6.1,27.4
20250502232900,27.17599868774414,89.0,0.0,19.5,6.3,20.9
20250502233000,27.17599868774414,89.0,0.0,20.4,5.8,38.0
20250502233100,27.17599868774414,89.0,0.0,21.0,6.4,34.1
20250502233200,27.17599868774414,89.0,0.0,20.3,5.8,20.6
20250502233300,27.17599868774414,89.0,0.0,20.8,6.1,31.1
20250502233400,27.17599868774414,89.0,0.0,20.7,6.0,34.8
20250502233500,27.17599868774414,89.0,0.0,20.4,6.4,29.2
20250502233600,27.17599868774414,89.0,0.0,20.8,5.6,22.4
20250502233700,27.17599868774414,89.0,0.0,20.1,6.0,32.3
20250502233800,27.17599868774414,89.0,0.0,20.6,5.5,38.9
20250502233900,27.17599868774414,89.0,0.0,19.2,5.9,26.8
20250502234000,27.17599868774414,89.0,0.0,20.6,5.7,31.5
20250502234100,27.17599868774414,89.0,0.0,20.9,6.1,36.7
20250502234200,27.17599868774414,89.0,0.0,20.1,5.6,24.6
20250502234300,27.17599868774414,89.0,0.0,19.7,5.9,15.0
20250502234400,27.17599868774414,89.0,0.0,19.9,5.6,21.6
20250502234500,27.17599868774414,89.0,0.0,19.5,6.4,35.1
20250502234600,27.17599868774414,89.0,0.0,20.4,5.9,27.9
20250502234700,27.17599868774414,89.0,0.0,20.1,6.2,15.7
20250502234800,27.17599868774414,89.0,0.0,20.7,6.4,21.3
20250502234900,27.17599868774414,89.0,0.0,20.5,6.4,23.6
20250502235000,27.17599868774414,89.0,0.0,19.6,5.8,25.1
20250502235100,27.17599868774414,89.0,0.0,19.6,6.1,18.3
20250502235200,27.17599868774414,89.0,0.0,19.4,5.9,32.1
20250502235300,27.17599868774414,89.0,0.0,19.1,5.8,21.7
20250502235400,27.17599868774414,89.0,0.0,19.6,6.0,17.4
20250502235500,27.17599868774414,89.0,0.0,19.9,6.0,21.0
20250502235600,27.17599868774414,89.0,0.0,20.0,5.8,38.7
20250502235700,27.17599868774414,89.0,0.0,20.0,6.0,37.5
20250502235800,27.17599868774414,89.0,0.0,19.1,6.0,39.7
20250502235900,27.17599868774414,89.0,0.0,19.3,5.7,16.0
20250503000000,26.92599868774414,90.0,0.0,20.8,5.8,27.2
20250503000100,26.92599868774414,90.0,0.0,20.7,6.3,16.8
20250503000200,26.92599868774414,90.0,0.0,19.7,5.5,24.2
20250503000300,26.92599868774414,90.0,0.0,19.9,6.2,26.2
20250503000400,26.92599868774414,90.0,0.0,20.9,5.8,32.2
20250503000500,26.92599868774414,90.0,0.0,20.3,6.0,15.4
20250503000600,26.92599868774414,90.0,0.0,19.1,5.8,29.1
20250503000700,26.92599868774414,90.0,0.0,19.0,5.8,34.4
20250503000800,26.92599868774414,90.0,0.0,20.6,6.4,15.4
20250503000900,26.92599868774414,90.0,0.0,19.3,5.8,20.9
20250503001000,26.92599868774414,90.0,0.0,19.2,6.1,37.0
20250503001100,26.92599868774414,90.0,0.0,20.6,6.1,30.6
20250503001200,26.92599868774414,90.0,0.0,20.0,6.2,18.7
20250503001300,26.92599868774414,90.0,0.0,20.1,6.2,24.8
20250503001400,26.92599868774414,90.0,0.0,20.8,5.9,24.9
20250503001500,26.92599868774414,90.0,0.0,20.6,5.5,23.3
20250503001600,26.92599868774414,90.0,0.0,19.1,5.7,27.1
20250503001700,26.92599868774414,90.0,0.0,20.5,5.6,25.7
20250503001800,26.92599868774414,90.0,0.0,21.0,6.3,32.6
20250503001900,26.92599868774414,90.0,0.0,20.5,6.1,21.8
20250503002000,26.92599868774414,90.0,0.0,19.2,5.6,19.9
20250503002100,26.92599868774414,90.0,0.0,19.5,5.5,18.3
20250503002200,26.92599868774414,90.0,0.0,20.1,6.5,39.9
20250503002300,26.92599868774414,90.0,0.0,20.0,6.1,28.4
20250503002400,26.92599868774414,90.0,0.0,20.8,5.9,21.5
20250503002500,26.92599868774414,90.0,0.0,20.2,5.7,37.2
20250503002600,26.92599868774414,90.0,0.0,19.9,5.6,22.2
20250503002700,26.92599868774414,90.0,0.0,20.5,6.0,21.8
20250503002800,26.92599868774414,90.0,0.0,20.8,6.3,33.9
20250503002900,26.92599868774414,90.0,0.0,19.2,5.6,33.2
20250503003000,26.92599868774414,90.0,0.0,20.7,6.0,39.4
20250503003100,26.92599868774414,90.0,0.0,20.2,5.8,30.5
20250503003200,26.92599868774414,90.0,0.0,20.2,5.6,28.4
20250503003300,26.92599868774414,90.0,0.0,20.3,5.8,35.0
20250503003400,26.92599868774414,90.0,0.0,20.3,6.2,30.9
20250503003500,26.92599868774414,90.0,0.0,19.6,5.6,24.6
20250503003600,26.92599868774414,90.0,0.0,19.3,5.9,30.9
20250503003700,26.92599868774414,90.0,0.0,19.7,5.7,23.7
20250503003800,26.92599868774414,90.0,0.0,19.6,6.3,35.3
20250503003900,26.92599868774414,90.0,0.0,20.8,6.1,33.9
20250503004000,26.92599868774414,90.0,0.0,20.5,5.6,37.4
20250503004100,26.92599868774414,90.0,0.0,20.7,6.4,22.9
20250503004200,26.92599868774414,90.0,0.0,20.5,5.5,21.8
20250503004300,26.92599868774414,90.0,0.0,20.8,6.1,16.6
20250503004400,26.92599868774414,90.0,0.0,20.1,6.2,18.8
20250503004500,26.92599868774414,90.0,0.0,19.3,6.3,30.5
20250503004600,26.92599868774414,90.0,0.0,19.7,5.6,23.1
20250503004700,26.92599868774414,90.0,0.0,19.8,5.7,23.4
20250503004800,26.92599868774414,90.0,0.0,19.9,6.3,32.2
20250503004900,26.92599868774414,90.0,0.0,19.5,6.3,24.2
20250503005000,26.92599868774414,90.0,0.0,19.1,5.7,28.0
20250503005100,26.92599868774414,90.0,0.0,19.6,5.5,38.5
20250503005200,26.92599868774414,90.0,0.0,20.4,5.8,18.5
20250503005300,26.92599868774414,90.0,0.0,20.0,6.1,21.6
20250503005400,26.92599868774414,90.0,0.0,20.3,5.9,33.3
20250503005500,26.92599868774414,90.0,0.0,19.2,5.6,25.8
20250503005600,26.92599868774414,90.0,0.0,19.4,5.8,32.5
20250503005700,26.92599868774414,90.0,0.0,19.7,5.8,31.9
20250503005800,26.92599868774414,90.0,0.0,19.6,5.7,19.3
20250503005900,26.92599868774414,90.0,0.0,19.4,6.2,35.7
20250503010000,26.67599868774414,90.0,0.0,19.5,5.7,29.9
20250503010100,26.67599868774414,90.0,0.0,20.5,6.0,35.2
20250503010200,26.67599868774414,90.0,0.0,19.9,5.7,24.0
20250503010300,26.67599868774414,90.0,0.0,20.3,5.7,19.8
20250503010400,26.67599868774414,90.0,0.0,19.3,5.7,32.6
20250503010500,26.67599868774414,90.0,0.0,20.2,6.0,32.0
20250503010600,26.67599868774414,90.0,0.0,19.0,5.6,27.5
20250503010700,26.67599868774414,90.0,0.0,20.3,5.9,23.3
20250503010800,26.67599868774414,90.0,0.0,20.6,6.0,19.6
20250503010900,26.67599868774414,90.0,0.0,20.8,5.6,33.2
20250503011000,26.67599868774414,90.0,0.0,19.2,6.2,39.5
20250503011100,26.67599868774414,90.0,0.0,19.4,6.0,37.9
20250503011200,26.67599868774414,90.0,0.0,19.6,5.6,21.2
20250503011300,26.67599868774414,90.0,0.0,20.9,6.2,36.5
20250503011400,26.67599868774414,90.0,0.0,19.1,6.1,34.5
20250503011500,26.67599868774414,90.0,0.0,19.3,6.0,19.1
20250503011600,26.67599868774414,90.0,0.0,20.1,6.1,26.4
20250503011700,26.67599868774414,90.0,0.0,20.8,6.3,21.7
20250503011800,26.67599868774414,90.0,0.0,20.5,6.4,17.7
20250503011900,26.67599868774414,90.0,0.0,19.7,6.4,31.3
20250503012000,26.67599868774414,90.0,0.0,20.2,5.9,23.4
20250503012100,26.67599868774414,90.0,0.0,20.8,6.5,37.3
20250503012200,26.67599868774414,90.0,0.0,19.6,5.8,25.1
20250503012300,26.67599868774414,90.0,0.0,20.3,5.9,39.0
20250503012400,26.67599868774414,90.0,0.0,20.8,6.5,37.0
20250503012500,26.67599868774414,90.0,0.0,19.3,5.8,37.2
20250503012600,26.67599868774414,90.0,0.0,20.9,5.6,29.7
20250503012700,26.67599868774414,90.0,0.0,20.7,6.4,29.5
20250503012800,26.67599868774414,90.0,0.0,20.3,6.2,34.1
20250503012900,26.67599868774414,90.0,0.0,19.4,5.6,39.2
20250503013000,26.67599868774414,90.0,0.0,19.7,6.1,39.9
20250503013100,26.67599868774414,90.0,0.0,20.9,6.4,29.4
20250503013200,26.67599868774414,90.0,0.0,19.7,6.3,30.5
20250503013300,26.67599868774414,90.0,0.0,20.2,6.1,34.0
20250503013400,26.67599868774414,90.0,0.0,19.6,6.0,27.3
20250503013500,26.67599868774414,90.0,0.0,20.4,6.4,31.5
20250503013600,26.67599868774414,90.0,0.0,19.8,5.8,25.2
20250503013700,26.67599868774414,90.0,0.0,20.6,6.5,17.1
20250503013800,26.67599868774414,90.0,0.0,20.1,5.8,32.8
20250503013900,26.67599868774414,90.0,0.0,19.9,6.2,26.1
20250503014000,26.67599868774414,90.0,0.0,20.5,5.9,29.5
20250503014100,26.67599868774414,90.0,0.0,20.8,5.6,16.2
20250503014200,26.67599868774414,90.0,0.0,21.0,6.3,22.9
20250503014300,26.67599868774414,90.0,0.0,20.9,5.9,17.6
20250503014400,26.67599868774414,90.0,0.0,19.3,6.5,35.4
20250503014500,26.67599868774414,90.0,0.0,20.2,6.5,26.3
20250503014600,26.67599868774414,90.0,0.0,20.7,6.0,37.8
20250503014700,26.67599868774414,90.0,0.0,20.2,5.5,15.0
20250503014800,26.67599868774414,90.0,0.0,19.9,5.7,31.4
20250503014900,26.67599868774414,90.0,0.0,20.7,5.6,34.5
20250503015000,26.67599868774414,90.0,0.0,19.8,5.7,38.6
20250503015100,26.67599868774414,90.0,0.0,19.4,6.0,38.6
20250503015200,26.67599868774414,90.0,0.0,19.3,6.2,23.2
20250503015300,26.67599868774414,90.0,0.0,20.5,5.5,31.6
20250503015400,26.67599868774414,90.0,0.0,20.4,6.4,29.2
20250503015500,26.67599868774414,90.0,0.0,19.2,5.6,28.6
20250503015600,26.67599868774414,90.0,0.0,20.0,5.8,24.1
20250503015700,26.67599868774414,90.0,0.0,20.5,5.8,25.3
20250503015800,26.67599868774414,90.0,0.0,19.2,5.9,17.7
20250503015900,26.67599868774414,90.0,0.0,19.1,5.6,32.2
20250503020000,26.42599868774414,91.0,0.0,19.3,6.1,38.3
20250503020100,26.42599868774414,91.0,0.0,20.7,5.5,28.4
20250503020200,26.42599868774414,91.0,0.0,20.2,5.5,36.1
20250503020300,26.42599868774414,91.0,0.0,21.0,6.5,32.9
20250503020400,26.42599868774414,91.0,0.0,20.1,5.7,16.1
20250503020500,26.42599868774414,91.0,0.0,19.3,5.9,17.6
20250503020600,26.42599868774414,91.0,0.0,20.9,5.6,20.3
20250503020700,26.42599868774414,91.0,0.0,20.3,5.7,38.0
20250503020800,26.42599868774414,91.0,0.0,19.1,5.8,26.6
20250503020900,26.42599868774414,91.0,0.0,20.1,5.9,35.0
20250503021000,26.42599868774414,91.0,0.0,20.0,5.6,23.1
20250503021100,26.42599868774414,91.0,0.0,20.7,6.4,15.4
20250503021200,26.42599868774414,91.0,0.0,21.0,6.4,28.1
20250503021300,26.42599868774414,91.0,0.0,19.1,5.6,27.5
20250503021400,26.42599868774414,91.0,0.0,19.1,6.3,36.2
20250503021500,26.42599868774414,91.0,0.0,19.8,5.9,36.5
20250503021600,26.42599868774414,91.0,0.0,20.1,6.1,27.5
20250503021700,26.42599868774414,91.0,0.0,19.2,5.9,38.9
20250503021800,26.42599868774414,91.0,0.0,19.3,5.5,24.1
20250503021900,26.42599868774414,91.0,0.0,20.0,5.9,21.7
20250503022000,26.42599868774414,91.0,0.0,19.4,6.3,18.7
20250503022100,26.42599868774414,91.0,0.0,20.4,6.4,38.3
20250503022200,26.42599868774414,91.0,0.0,19.3,6.2,28.7
20250503022300,26.42599868774414,91.0,0.0,20.2,6.2,39.7
20250503022400,26.42599868774414,91.0,0.0,20.0,5.8,16.1
20250503022500,26.42599868774414,91.0,0.0,19.3,5.5,31.3
20250503022600,26.42599868774414,91.0,0.0,20.7,6.0,21.3
20250503022700,26.42599868774414,91.0,0.0,19.8,5.9,22.8
20250503022800,26.42599868774414,91.0,0.0,20.9,6.5,39.8
20250503022900,26.42599868774414,91.0,0.0,19.7,6.3,16.5
20250503023000,26.42599868774414,91.0,0.0,19.4,5.8,36.6
20250503023100,26.42599868774414,91.0,0.0,20.4,6.3,29.0
20250503023200,26.42599868774414,91.0,0.0,20.8,6.3,32.4
20250503023300,26.42599868774414,91.0,0.0,19.6,6.0,38.0
20250503023400,26.42599868774414,91.0,0.0,20.9,6.4,20.3
20250503023500,26.42599868774414,91.0,0.0,19.3,6.2,35.8
20250503023600,26.42599868774414,91.0,0.0,19.3,6.5,17.0
20250503023700,26.42599868774414,91.0,0.0,20.8,5.9,15.0
20250503023800,26.42599868774414,91.0,0.0,20.7,5.7,38.0
20250503023900,26.42599868774414,91.0,0.0,20.8,6.0,31.0
20250503024000,26.42599868774414,91.0,0.0,19.4,5.7,29.2
20250503024100,26.42599868774414,91.0,0.0,20.0,6.1,21.9
20250503024200,26.42599868774414,91.0,0.0,20.3,6.2,20.6
20250503024300,26.42599868774414,91.0,0.0,20.5,6.0,23.8
20250503024400,26.42599868774414,91.0,0.0,19.6,6.1,22.2
20250503024500,26.42599868774414,91.0,0.0,20.7,6.3,19.1
20250503024600,26.42599868774414,91.0,0.0,19.2,6.3,18.9
20250503024700,26.42599868774414,91.0,0.0,20.3,5.6,31.0
20250503024800,26.42599868774414,91.0,0.0,20.1,6.4,31.5
20250503024900,26.42599868774414,91.0,0.0,20.9,6.0,17.3
20250503025000,26.42599868774414,91.0,0.0,20.3,5.9,31.1
20250503025100,26.42599868774414,91.0,0.0,20.8,5.5,21.5
20250503025200,26.42599868774414,91.0,0.0,20.6,6.5,24.2
20250503025300,26.42599868774414,91.0,0.0,19.2,6.3,38.0
20250503025400,26.42599868774414,91.0,0.0,19.4,5.6,27.7
20250503025500,26.42599868774414,91.0,0.0,20.9,6.1,23.1
20250503025600,26.42599868774414,91.0,0.0,20.6,5.9,31.1
20250503025700,26.42599868774414,91.0,0.0,19.6,5.5,27.7
20250503025800,26.42599868774414,91.0,0.0,20.4,5.9,15.3
20250503025900,26.42599868774414,91.0,0.0,19.8,5.8,35.1
20250503030000,26.22599983215332,92.0,0.0,20.6,6.2,34.7
20250503030100,26.22599983215332,92.0,0.0,20.3,5.8,17.1
20250503030200,26.22599983215332,92.0,0.0,19.0,5.6,38.5
20250503030300,26.22599983215332,92.0,0.0,20.9,6.2,16.8
20250503030400,26.22599983215332,92.0,0.0,19.7,6.5,16.1
20250503030500,26.22599983215332,92.0,0.0,21.0,5.7,18.5
20250503030600,26.22599983215332,92.0,0.0,19.6,6.5,31.8
20250503030700,26.22599983215332,92.0,0.0,19.6,5.9,25.9
20250503030800,26.22599983215332,92.0,0.0,19.3,5.7,32.7
20250503030900,26.22599983215332,92.0,0.0,20.2,6.4,25.2
20250503031000,26.22599983215332,92.0,0.0,20.0,5.8,19.3
20250503031100,26.22599983215332,92.0,0.0,19.7,5.9,28.3
20250503031200,26.22599983215332,92.0,0.0,19.9,6.5,19.6
20250503031300,26.22599983215332,92.0,0.0,20.5,6.3,24.1
20250503031400,26.22599983215332,92.0,0.0,19.1,5.7,28.3
20250503031500,26.22599983215332,92.0,0.0,20.9,6.2,37.4
20250503031600,26.22599983215332,92.0,0.0,19.9,6.4,23.7
20250503031700,26.22599983215332,92.0,0.0,20.5,6.0,17.0
20250503031800,26.22599983215332,92.0,0.0,20.4,6.2,35.3
20250503031900,26.22599983215332,92.0,0.0,20.3,6.0,21.5
20250503032000,26.22599983215332,92.0,0.0,19.5,5.9,39.6
20250503032100,26.22599983215332,92.0,0.0,20.1,5.5,26.8
20250503032200,26.22599983215332,92.0,0.0,19.9,6.4,31.7
20250503032300,26.22599983215332,92.0,0.0,19.7,6.1,34.8
20250503032400,26.22599983215332,92.0,0.0,19.1,6.3,26.4
20250503032500,26.22599983215332,92.0,0.0,20.6,5.9,35.0
20250503032600,26.22599983215332,92.0,0.0,20.0,6.4,32.5
20250503032700,26.22599983215332,92.0,0.0,20.3,5.9,17.8
20250503032800,26.22599983215332,92.0,0.0,19.4,6.0,18.4
20250503032900,26.22599983215332,92.0,0.0,20.5,5.6,36.2
20250503033000,26.22599983215332,92.0,0.0,20.8,6.2,18.3
20250503033100,26.22599983215332,92.0,0.0,20.2,6.0,32.1
20250503033200,26.22599983215332,92.0,0.0,19.1,6.4,40.0
20250503033300,26.22599983215332,92.0,0.0,19.1,5.7,27.0
20250503033400,26.22599983215332,92.0,0.0,20.8,6.2,37.6
20250503033500,26.22599983215332,92.0,0.0,20.0,6.1,25.8
20250503033600,26.22599983215332,92.0,0.0,20.4,6.1,22.0
20250503033700,26.22599983215332,92.0,0.0,19.4,5.6,28.6
20250503033800,26.22599983215332,92.0,0.0,19.5,6.3,38.7
20250503033900,26.22599983215332,92.0,0.0,20.6,6.0,39.6
20250503034000,26.22599983215332,92.0,0.0,19.8,6.4,17.9
20250503034100,26.22599983215332,92.0,0.0,19.5,6.3,22.8
20250503034200,26.22599983215332,92.0,0.0,20.9,6.3,32.5
20250503034300,26.22599983215332,92.0,0.0,20.0,5.5,32.6
20250503034400,26.22599983215332,92.0,0.0,19.9,6.4,17.4
20250503034500,26.22599983215332,92.0,0.0,20.6,6.1,29.3
20250503034600,26.22599983215332,92.0,0.0,20.9,6.2,26.2
20250503034700,26.22599983215332,92.0,0.0,20.4,5.8,16.7
20250503034800,26.22599983215332,92.0,0.0,20.4,6.1,25.4
20250503034900,26.22599983215332,92.0,0.0,20.6,5.7,39.7
20250503035000,26.22599983215332,92.0,0.0,19.0,6.2,18.3
20250503035100,26.22599983215332,92.0,0.0,19.3,5.7,23.7
20250503035200,26.22599983215332,92.0,0.0,20.0,6.4,23.3
20250503035300,26.22599983215332,92.0,0.0,20.7,6.5,30.8
20250503035400,26.22599983215332,92.0,0.0,19.6,6.5,33.6
20250503035500,26.22599983215332,92.0,0.0,19.6,5.6,26.3
20250503035600,26.22599983215332,92.0,0.0,20.1,5.6,33.2
20250503035700,26.22599983215332,92.0,0.0,19.5,5.9,33.9
20250503035800,26.22599983215332,92.0,0.0,20.5,5.8,33.8
20250503035900,26.22599983215332,92.0,0.0,19.9,6.0,28.2
20250503040000,26.125999450683594,93.0,0.0,19.6,6.4,27.8
20250503040100,26.125999450683594,93.0,0.0,20.2,5.9,31.0
20250503040200,26.125999450683594,93.0,0.0,20.0,5.9,23.5
20250503040300,26.125999450683594,93.0,0.0,19.4,5.7,27.4
20250503040400,26.125999450683594,93.0,0.0,19.5,6.5,22.3
20250503040500,26.125999450683594,93.0,0.0,20.6,5.6,35.5
20250503040600,26.125999450683594,93.0,0.0,20.8,6.5,15.1
20250503040700,26.125999450683594,93.0,0.0,20.0,6.3,17.6
20250503040800,26.125999450683594,93.0,0.0,20.3,5.7,38.4
20250503040900,26.125999450683594,93.0,0.0,20.4,6.5,22.3
20250503041000,26.125999450683594,93.0,0.0,19.8,6.1,17.5
20250503041100,26.125999450683594,93.0,0.0,20.7,5.6,19.9
20250503041200,26.125999450683594,93.0,0.0,19.7,6.4,19.6
20250503041300,26.125999450683594,93.0,0.0,20.2,5.7,23.1
20250503041400,26.125999450683594,93.0,0.0,20.9,5.7,33.1
20250503041500,26.125999450683594,93.0,0.0,20.7,5.8,22.1
20250503041600,26.125999450683594,93.0,0.0,19.9,6.4,31.5
20250503041700,26.125999450683594,93.0,0.0,20.2,6.4,20.8
20250503041800,26.125999450683594,93.0,0.0,20.7,6.0,24.0
20250503041900,26.125999450683594,93.0,0.0,20.8,5.6,38.0
20250503042000,26.125999450683594,93.0,0.0,20.3,6.2,28.5
20250503042100,26.125999450683594,93.0,0.0,20.5,5.9,35.5
20250503042200,26.125999450683594,93.0,0.0,19.9,5.6,26.8
20250503042300,26.125999450683594,93.0,0.0,19.3,6.3,37.2
20250503042400,26.125999450683594,93.0,0.0,19.2,5.7,29.9
20250503042500,26.125999450683594,93.0,0.0,19.6,6.3,27.3
20250503042600,26.125999450683594,93.0,0.0,20.9,6.3,34.9
20250503042700,26.125999450683594,93.0,0.0,20.3,5.7,28.8
20250503042800,26.125999450683594,93.0,0.0,20.6,6.3,16.7
20250503042900,26.125999450683594,93.0,0.0,19.4,6.1,25.9
20250503043000,26.125999450683594,93.0,0.0,19.5,5.9,34.6
20250503043100,26.125999450683594,93.0,0.0,20.6,6.3,30.0
20250503043200,26.125999450683594,93.0,0.0,19.7,6.1,20.3
20250503043300,26.125999450683594,93.0,0.0,20.3,5.7,40.0
20250503043400,26.125999450683594,93.0,0.0,20.5,5.9,35.1
20250503043500,26.125999450683594,93.0,0.0,19.4,6.3,37.5
20250503043600,26.125999450683594,93.0,0.0,19.9,6.1,26.3
20250503043700,26.125999450683594,93.0,0.0,20.2,6.1,30.8
20250503043800,26.125999450683594,93.0,0.0,20.1,5.9,24.3
20250503043900,26.125999450683594,93.0,0.0,20.8,6.0,31.1
20250503044000,26.125999450683594,93.0,0.0,19.4,5.5,26.9
20250503044100,26.125999450683594,93.0,0.0,19.9,6.3,16.6
20250503044200,26.125999450683594,93.0,0.0,20.4,5.5,32.0
20250503044300,26.125999450683594,93.0,0.0,19.2,5.6,33.3
20250503044400,26.125999450683594,93.0,0.0,20.1,5.6,28.0
20250503044500,26.125999450683594,93.0,0.0,19.1,5.9,28.3
20250503044600,26.125999450683594,93.0,0.0,19.9,6.0,26.9
20250503044700,26.125999450683594,93.0,0.0,19.8,6.2,39.6
20250503044800,26.125999450683594,93.0,0.0,20.1,6.4,25.1
20250503044900,26.125999450683594,93.0,0.0,20.4,5.5,39.9
20250503045000,26.125999450683594,93.0,0.0,19.7,5.6,18.9
20250503045100,26.125999450683594,93.0,0.0,19.2,5.8,15.2
20250503045200,26.125999450683594,93.0,0.0,20.5,5.6,23.3
20250503045300,26.125999450683594,93.0,0.0,19.5,6.4,17.4
20250503045400,26.125999450683594,93.0,0.0,19.9,5.7,36.9
20250503045500,26.125999450683594,93.0,0.0,19.9,5.6,32.2
20250503045600,26.125999450683594,93.0,0.0,19.9,5.8,29.1
20250503045700,26.125999450683594,93.0,0.0,19.3,6.3,16.9
20250503045800,26.125999450683594,93.0,0.0,19.5,6.2,37.2
20250503045900,26.125999450683594,93.0,0.0,20.2,6.0,37.2
20250503050000,26.17599868774414,93.0,0.0,19.7,5.8,25.2
20250503050100,26.17599868774414,93.0,0.0,20.4,5.9,21.9
20250503050200,26.17599868774414,93.0,0.0,19.1,6.2,23.7
20250503050300,26.17599868774414,93.0,0.0,19.2,6.5,27.1
20250503050400,26.17599868774414,93.0,0.0,19.6,6.2,38.9
20250503050500,26.17599868774414,93.0,0.0,19.5,5.9,23.0
20250503050600,26.17599868774414,93.0,0.0,19.8,5.6,30.6
20250503050700,26.17599868774414,93.0,0.0,20.3,5.9,28.8
20250503050800,26.17599868774414,93.0,0.0,20.6,6.4,35.1
20250503050900,26.17599868774414,93.0,0.0,20.4,6.4,30.9
20250503051000,26.17599868774414,93.0,0.0,20.2,6.2,19.7
20250503051100,26.17599868774414,93.0,0.0,20.1,6.3,26.9
20250503051200,26.17599868774414,93.0,0.0,20.0,6.4,31.8
20250503051300,26.17599868774414,93.0,0.0,19.4,6.0,26.5
20250503051400,26.17599868774414,93.0,0.0,20.6,6.0,26.1
20250503051500,26.17599868774414,93.0,0.0,19.7,6.0,16.7
20250503051600,26.17599868774414,93.0,0.0,19.6,5.9,19.5
20250503051700,26.17599868774414,93.0,0.0,20.1,5.5,21.1
20250503051800,26.17599868774414,93.0,0.0,20.4,6.2,39.8
20250503051900,26.17599868774414,93.0,0.0,20.3,5.8,18.4
20250503052000,26.17599868774414,93.0,0.0,19.2,5.9,29.7
20250503052100,26.17599868774414,93.0,0.0,19.4,6.2,39.0
20250503052200,26.17599868774414,93.0,0.0,19.5,6.4,32.2
20250503052300,26.17599868774414,93.0,0.0,19.3,6.0,28.1
20250503052400,26.17599868774414,93.0,0.0,20.9,5.9,17.6
20250503052500,26.17599868774414,93.0,0.0,19.3,5.6,32.5
20250503052600,26.17599868774414,93.0,0.0,20.7,5.7,23.2
20250503052700,26.17599868774414,93.0,0.0,20.7,5.7,38.6
20250503052800,26.17599868774414,93.0,0.0,20.4,5.7,32.8
20250503052900,26.17599868774414,93.0,0.0,20.5,6.3,33.3
20250503053000,26.17599868774414,93.0,0.0,19.1,5.9,20.7
20250503053100,26.17599868774414,93.0,0.0,20.5,6.5,25.4
20250503053200,26.17599868774414,93.0,0.0,19.6,6.3,16.1
20250503053300,26.17599868774414,93.0,0.0,19.1,6.0,15.5
20250503053400,26.17599868774414,93.0,0.0,20.8,6.1,33.3
20250503053500,26.17599868774414,93.0,0.0,20.7,6.4,37.8
20250503053600,26.17599868774414,93.0,0.0,20.1,5.9,22.9
20250503053700,26.17599868774414,93.0,0.0,19.2,5.6,28.8
20250503053800,26.17599868774414,93.0,0.0,19.3,5.7,20.4
20250503053900,26.17599868774414,93.0,0.0,20.5,5.8,15.3
20250503054000,26.17599868774414,93.0,0.0,19.7,5.9,32.8
20250503054100,26.17599868774414,93.0,0.0,20.3,6.4,26.0
20250503054200,26.17599868774414,93.0,0.0,20.2,5.7,19.0
20250503054300,26.17599868774414,93.0,0.0,20.3,5.5,38.2
20250503054400,26.17599868774414,93.0,0.0,20.4,6.4,33.8
20250503054500,26.17599868774414,93.0,0.0,19.3,6.1,32.6
20250503054600,26.17599868774414,93.0,0.0,19.6,6.0,19.2
20250503054700,26.17599868774414,93.0,0.0,19.2,6.5,28.5
20250503054800,26.17599868774414,93.0,0.0,19.3,5.8,18.4
20250503054900,26.17599868774414,93.0,0.0,19.3,6.4,24.4
20250503055000,26.17599868774414,93.0,0.0,20.1,6.0,19.8
20250503055100,26.17599868774414,93.0,0.0,19.1,5.7,24.8
20250503055200,26.17599868774414,93.0,0.0,19.8,6.2,28.4
20250503055300,26.17599868774414,93.0,0.0,20.6,5.6,39.7
20250503055400,26.17599868774414,93.0,0.0,20.5,6.0,31.8
20250503055500,26.17599868774414,93.0,0.0,20.4,5.7,16.3
20250503055600,26.17599868774414,93.0,0.0,19.7,5.9,16.6
20250503055700,26.17599868774414,93.0,0.0,19.8,5.9,22.4
20250503055800,26.17599868774414,93.0,0.0,19.2,6.0,15.5
20250503055900,26.17599868774414,93.0,0.0,20.0,5.9,25.0
20250503060000,26.325998306274414,93.0,0.0,19.8,5.5,36.3
20250503060100,26.325998306274414,93.0,0.0,19.2,5.6,17.9
20250503060200,26.325998306274414,93.0,0.0,20.6,6.4,18.7
20250503060300,26.325998306274414,93.0,0.0,19.8,5.9,15.4
20250503060400,26.325998306274414,93.0,0.0,20.3,6.3,20.1
20250503060500,26.325998306274414,93.0,0.0,20.3,5.9,18.3
20250503060600,26.325998306274414,93.0,0.0,20.1,6.2,17.2
20250503060700,26.325998306274414,93.0,0.0,19.6,6.5,35.2
20250503060800,26.325998306274414,93.0,0.0,21.0,6.1,22.8
20250503060900,26.325998306274414,93.0,0.0,19.6,5.7,19.1
20250503061000,26.325998306274414,93.0,0.0,20.0,5.7,15.2
20250503061100,26.325998306274414,93.0,0.0,20.6,6.4,18.4
20250503061200,26.325998306274414,93.0,0.0,19.9,5.8,23.5
20250503061300,26.325998306274414,93.0,0.0,20.9,6.4,33.4
20250503061400,26.325998306274414,93.0,0.0,19.5,6.4,28.7
20250503061500,26.325998306274414,93.0,0.0,20.6,5.6,26.7
20250503061600,26.325998306274414,93.0,0.0,20.1,5.5,30.6
20250503061700,26.325998306274414,93.0,0.0,19.6,5.7,31.4
20250503061800,26.325998306274414,93.0,0.0,19.8,5.9,35.0
20250503061900,26.325998306274414,93.0,0.0,20.2,6.2,16.2
20250503062000,26.325998306274414,93.0,0.0,19.6,6.2,35.5
20250503062100,26.325998306274414,93.0,0.0,20.5,5.5,35.2
20250503062200,26.325998306274414,93.0,0.0,20.6,5.6,26.3
20250503062300,26.325998306274414,93.0,0.0,19.9,5.8,29.5
20250503062400,26.325998306274414,93.0,0.0,19.2,6.5,39.6
20250503062500,26.325998306274414,93.0,0.0,19.8,6.0,33.6
20250503062600,26.325998306274414,93.0,0.0,19.9,6.1,29.2
20250503062700,26.325998306274414,93.0,0.0,20.9,6.3,20.4
20250503062800,26.325998306274414,93.0,0.0,20.7,5.6,31.7
20250503062900,26.325998306274414,93.0,0.0,19.0,6.0,30.8
20250503063000,26.325998306274414,93.0,0.0,19.2,5.8,19.5
20250503063100,26.325998306274414,93.0,0.0,20.6,6.1,19.3
20250503063200,26.325998306274414,93.0,0.0,20.4,5.5,37.4
20250503063300,26.325998306274414,93.0,0.0,20.4,6.0,31.8
20250503063400,26.325998306274414,93.0,0.0,20.8,5.5,26.8
20250503063500,26.325998306274414,93.0,0.0,20.9,5.6,24.1
20250503063600,26.325998306274414,93.0,0.0,19.4,5.8,32.6
20250503063700,26.325998306274414,93.0,0.0,20.1,6.0,16.5
20250503063800,26.325998306274414,93.0,0.0,19.4,6.1,21.1
20250503063900,26.325998306274414,93.0,0.0,20.5,6.1,29.0
20250503064000,26.325998306274414,93.0,0.0,19.7,5.8,23.9
20250503064100,26.325998306274414,93.0,0.0,19.4,5.6,16.2
20250503064200,26.325998306274414,93.0,0.0,20.5,6.3,20.6
20250503064300,26.325998306274414,93.0,0.0,20.3,6.1,23.4
20250503064400,26.325998306274414,93.0,0.0,19.2,6.3,17.7
20250503064500,26.325998306274414,93.0,0.0,19.4,5.5,16.8
20250503064600,26.325998306274414,93.0,0.0,19.8,5.6,31.9
20250503064700,26.325998306274414,93.0,0.0,20.4,6.0,30.6
20250503064800,26.325998306274414,93.0,0.0,19.8,5.7,18.5
20250503064900,26.325998306274414,93.0,0.0,19.1,5.8,21.1
20250503065000,26.325998306274414,93.0,0.0,19.4,6.4,29.2
20250503065100,26.325998306274414,93.0,0.0,20.0,5.8,26.1
20250503065200,26.325998306274414,93.0,0.0,19.1,5.6,23.6
20250503065300,26.325998306274414,93.0,0.0,19.8,5.7,38.4
20250503065400,26.325998306274414,93.0,0.0,20.6,5.9,28.9
20250503065500,26.325998306274414,93.0,0.0,19.9,6.2,35.2
20250503065600,26.325998306274414,93.0,0.0,20.9,5.8,26.6
20250503065700,26.325998306274414,93.0,0.0,21.0,5.9,18.4
20250503065800,26.325998306274414,93.0,0.0,19.8,5.7,24.3
20250503065900,26.325998306274414,93.0,0.0,19.0,6.1,26.6
20250503070000,26.775999069213867,91.0,0.0,19.2,5.7,30.6
20250503070100,26.775999069213867,91.0,0.0,20.7,5.7,29.4
20250503070200,26.775999069213867,91.0,0.0,21.0,6.5,17.5
20250503070300,26.775999069213867,91.0,0.0,19.6,6.3,37.1
20250503070400,26.775999069213867,91.0,0.0,20.7,6.2,25.3
20250503070500,26.775999069213867,91.0,0.0,19.9,5.9,35.1
20250503070600,26.775999069213867,91.0,0.0,19.6,6.4,38.4
20250503070700,26.775999069213867,91.0,0.0,20.2,5.8,37.5
20250503070800,26.775999069213867,91.0,0.0,19.4,5.5,22.0
20250503070900,26.775999069213867,91.0,0.0,20.7,5.7,31.5
20250503071000,26.775999069213867,91.0,0.0,20.8,5.7,34.5
20250503071100,26.775999069213867,91.0,0.0,19.7,6.0,22.4
20250503071200,26.775999069213867,91.0,0.0,20.6,6.1,18.6
20250503071300,26.775999069213867,91.0,0.0,20.4,6.5,38.7
20250503071400,26.775999069213867,91.0,0.0,19.5,5.8,29.1
20250503071500,26.775999069213867,91.0,0.0,20.3,6.2,32.2
20250503071600,26.775999069213867,91.0,0.0,20.2,5.9,21.1
20250503071700,26.775999069213867,91.0,0.0,19.8,5.8,34.8
20250503071800,26.775999069213867,91.0,0.0,19.4,5.8,38.2
20250503071900,26.775999069213867,91.0,0.0,19.7,6.0,25.1
20250503072000,26.775999069213867,91.0,0.0,19.5,6.3,37.8
20250503072100,26.775999069213867,91.0,0.0,20.4,6.3,27.6
20250503072200,26.775999069213867,91.0,0.0,20.4,6.1,21.6
20250503072300,26.775999069213867,91.0,0.0,20.3,6.0,21.7
20250503072400,26.775999069213867,91.0,0.0,19.2,6.3,38.3
20250503072500,26.775999069213867,91.0,0.0,19.8,5.9,18.2
20250503072600,26.775999069213867,91.0,0.0,20.6,6.4,25.1
20250503072700,26.775999069213867,91.0,0.0,20.3,6.1,17.6
20250503072800,26.775999069213867,91.0,0.0,21.0,6.4,36.4
20250503072900,26.775999069213867,91.0,0.0,19.6,6.5,30.5
20250503073000,26.775999069213867,91.0,0.0,19.5,5.6,37.7
20250503073100,26.775999069213867,91.0,0.0,19.2,5.8,23.7
20250503073200,26.775999069213867,91.0,0.0,19.5,6.2,38.3
20250503073300,26.775999069213867,91.0,0.0,20.1,5.8,35.9
20250503073400,26.775999069213867,91.0,0.0,19.7,5.8,23.4
20250503073500,26.775999069213867,91.0,0.0,19.8,6.4,39.3
20250503073600,26.775999069213867,91.0,0.0,20.7,5.5,26.2
20250503073700,26.775999069213867,91.0,0.0,19.2,5.8,39.0
20250503073800,26.775999069213867,91.0,0.0,19.5,6.3,30.1
20250503073900,26.775999069213867,91.0,0.0,19.4,6.0,22.4
20250503074000,26.775999069213867,91.0,0.0,20.0,5.8,33.1
20250503074100,26.775999069213867,91.0,0.0,21.0,6.4,17.0
20250503074200,26.775999069213867,91.0,0.0,20.6,6.2,37.6
20250503074300,26.775999069213867,91.0,0.0,20.7,5.8,16.6
20250503074400,26.775999069213867,91.0,0.0,19.7,6.0,33.1
20250503074500,26.775999069213867,91.0,0.0,20.4,6.0,27.2
20250503074600,26.775999069213867,91.0,0.0,20.3,6.2,31.1
20250503074700,26.775999069213867,91.0,0.0,20.6,5.6,32.6
20250503074800,26.775999069213867,91.0,0.0,19.6,6.0,30.2
20250503074900,26.775999069213867,91.0,0.0,20.0,5.6,33.4
20250503075000,26.775999069213867,91.0,0.0,19.1,5.8,24.7
20250503075100,26.775999069213867,91.0,0.0,19.5,6.0,22.4
20250503075200,26.775999069213867,91.0,0.0,20.7,5.8,33.8
20250503075300,26.775999069213867,91.0,0.0,19.5,6.2,34.2
20250503075400,26.775999069213867,91.0,0.0,19.9,6.1,29.3
20250503075500,26.775999069213867,91.0,0.0,20.4,6.0,19.7
20250503075600,26.775999069213867,91.0,0.0,20.6,5.7,33.0
20250503075700,26.775999069213867,91.0,0.0,19.4,5.6,17.7
20250503075800,26.775999069213867,91.0,0.0,20.5,6.3,19.2
20250503075900,26.775999069213867,91.0,0.0,20.8,5.6,23.4
20250503080000,27.67599868774414,86.0,0.0,20.7,5.7,29.1
20250503080100,27.67599868774414,86.0,0.0,20.5,5.9,36.3
20250503080200,27.67599868774414,86.0,0.0,20.1,6.3,32.1
20250503080300,27.67599868774414,86.0,0.0,20.6,6.5,29.6
20250503080400,27.67599868774414,86.0,0.0,20.4,5.6,31.8
20250503080500,27.67599868774414,86.0,0.0,20.4,5.8,30.0
20250503080600,27.67599868774414,86.0,0.0,19.8,6.1,22.4
20250503080700,27.67599868774414,86.0,0.0,19.2,6.1,22.8
20250503080800,27.67599868774414,86.0,0.0,20.9,5.9,27.8
20250503080900,27.67599868774414,86.0,0.0,21.0,6.3,31.2
20250503081000,27.67599868774414,86.0,0.0,20.6,6.2,38.2
20250503081100,27.67599868774414,86.0,0.0,19.1,6.5,36.6
20250503081200,27.67599868774414,86.0,0.0,19.6,5.7,37.8
20250503081300,27.67599868774414,86.0,0.0,20.0,5.7,30.6
20250503081400,27.67599868774414,86.0,0.0,20.0,5.6,20.2
20250503081500,27.67599868774414,86.0,0.0,20.5,5.6,24.0
20250503081600,27.67599868774414,86.0,0.0,20.2,6.2,21.9
20250503081700,27.67599868774414,86.0,0.0,19.2,6.0,24.1
20250503081800,27.67599868774414,86.0,0.0,19.7,5.8,32.2
20250503081900,27.67599868774414,86.0,0.0,20.4,5.9,39.5
20250503082000,27.67599868774414,86.0,0.0,19.6,6.1,29.2
20250503082100,27.67599868774414,86.0,0.0,20.4,5.8,21.2
20250503082200,27.67599868774414,86.0,0.0,19.2,5.8,23.0
20250503082300,27.67599868774414,86.0,0.0,19.2,5.6,35.7
20250503082400,27.67599868774414,86.0,0.0,20.8,6.1,39.1
20250503082500,27.67599868774414,86.0,0.0,21.0,6.2,25.7
20250503082600,27.67599868774414,86.0,0.0,20.9,6.4,30.9
20250503082700,27.67599868774414,86.0,0.0,19.4,6.1,24.4
20250503082800,27.67599868774414,86.0,0.0,19.1,6.4,26.2
20250503082900,27.67599868774414,86.0,0.0,20.1,5.8,38.1
20250503083000,27.67599868774414,86.0,0.0,20.4,6.1,19.7
20250503083100,27.67599868774414,86.0,0.0,20.0,6.2,23.8
20250503083200,27.67599868774414,86.0,0.0,20.0,5.6,22.3
20250503083300,27.67599868774414,86.0,0.0,20.2,6.1,29.9
20250503083400,27.67599868774414,86.0,0.0,20.3,6.0,33.0
20250503083500,27.67599868774414,86.0,0.0,20.5,6.2,36.3
20250503083600,27.67599868774414,86.0,0.0,19.0,5.6,15.8
20250503083700,27.67599868774414,86.0,0.0,19.7,6.1,30.6
20250503083800,27.67599868774414,86.0,0.0,19.0,6.0,31.4
20250503083900,27.67599868774414,86.0,0.0,20.5,5.9,34.7
20250503084000,27.67599868774414,86.0,0.0,19.5,5.6,28.1
20250503084100,27.67599868774414,86.0,0.0,20.9,6.3,33.9
20250503084200,27.67599868774414,86.0,0.0,19.3,6.4,23.5
20250503084300,27.67599868774414,86.0,0.0,19.9,5.7,37.9
20250503084400,27.67599868774414,86.0,0.0,19.7,5.8,22.0
20250503084500,27.67599868774414,86.0,0.0,19.7,6.0,20.1
20250503084600,27.67599868774414,86.0,0.0,19.3,5.8,34.6
20250503084700,27.67599868774414,86.0,0.0,19.8,6.5,15.1
20250503084800,27.67599868774414,86.0,0.0,20.5,5.8,20.3
20250503084900,27.67599868774414,86.0,0.0,20.8,6.2,30.4
20250503085000,27.67599868774414,86.0,0.0,20.2,5.7,38.8
20250503085100,27.67599868774414,86.0,0.0,19.3,5.9,32.6
20250503085200,27.67599868774414,86.0,0.0,20.2,6.5,23.1
20250503085300,27.67599868774414,86.0,0.0,20.6,5.6,32.4
20250503085400,27.67599868774414,86.0,0.0,19.3,5.5,20.8
20250503085500,27.67599868774414,86.0,0.0,19.3,5.9,15.0
20250503085600,27.67599868774414,86.0,0.0,19.2,6.2,30.1
20250503085700,27.67599868774414,86.0,0.0,20.7,5.5,22.6
20250503085800,27.67599868774414,86.0,0.0,19.4,5.9,27.9
20250503085900,27.67599868774414,86.0,0.0,20.6,5.6,37.7
20250503090000,28.875999450683594,79.0,0.0,19.0,6.5,18.7
20250503090100,28.875999450683594,79.0,0.0,20.1,6.1,38.4
20250503090200,28.875999450683594,79.0,0.0,20.7,6.1,34.0
20250503090300,28.875999450683594,79.0,0.0,20.2,6.0,15.1
20250503090400,28.875999450683594,79.0,0.0,19.1,6.4,36.5
20250503090500,28.875999450683594,79.0,0.0,20.5,6.1,31.1
20250503090600,28.875999450683594,79.0,0.0,19.9,6.1,16.4
20250503090700,28.875999450683594,79.0,0.0,20.0,5.8,26.8
20250503090800,28.875999450683594,79.0,0.0,19.5,5.7,22.7
20250503090900,28.875999450683594,79.0,0.0,21.0,6.0,19.7
20250503091000,28.875999450683594,79.0,0.0,20.8,6.0,32.3
20250503091100,28.875999450683594,79.0,0.0,19.4,5.8,33.1
20250503091200,28.875999450683594,79.0,0.0,20.3,5.7,38.4
20250503091300,28.875999450683594,79.0,0.0,20.7,5.7,19.3
20250503091400,28.875999450683594,79.0,0.0,20.3,6.2,17.7
20250503091500,28.875999450683594,79.0,0.0,20.8,5.9,27.2
20250503091600,28.875999450683594,79.0,0.0,20.6,6.5,17.6
20250503091700,28.875999450683594,79.0,0.0,19.7,6.1,20.1
20250503091800,28.875999450683594,79.0,0.0,19.5,6.1,23.5
20250503091900,28.875999450683594,79.0,0.0,19.5,5.8,29.2
20250503092000,28.875999450683594,79.0,0.0,21.0,6.2,20.9
20250503092100,28.875999450683594,79.0,0.0,19.7,5.9,39.7
20250503092200,28.875999450683594,79.0,0.0,19.3,5.8,27.9
20250503092300,28.875999450683594,79.0,0.0,19.5,5.9,39.4
20250503092400,28.875999450683594,79.0,0.0,20.7,6.3,31.9
20250503092500,28.875999450683594,79.0,0.0,20.4,6.0,29.1
20250503092600,28.875999450683594,79.0,0.0,20.8,6.4,27.6
20250503092700,28.875999450683594,79.0,0.0,20.0,5.6,19.5
20250503092800,28.875999450683594,79.0,0.0,20.2,5.5,33.3
20250503092900,28.875999450683594,79.0,0.0,20.9,6.4,33.5
20250503093000,28.875999450683594,79.0,0.0,19.9,5.9,35.5
20250503093100,28.875999450683594,79.0,0.0,19.6,6.0,19.9
20250503093200,28.875999450683594,79.0,0.0,20.6,6.1,29.2
20250503093300,28.875999450683594,79.0,0.0,20.8,5.6,15.8
20250503093400,28.875999450683594,79.0,0.0,20.2,5.5,30.4
20250503093500,28.875999450683594,79.0,0.0,20.4,6.0,34.1
20250503093600,28.875999450683594,79.0,0.0,20.2,6.0,16.5
20250503093700,28.875999450683594,79.0,0.0,20.4,6.1,21.0
20250503093800,28.875999450683594,79.0,0.0,19.6,5.6,31.0
20250503093900,28.875999450683594,79.0,0.0,20.3,6.0,19.2
20250503094000,28.875999450683594,79.0,0.0,20.0,6.3,21.3
20250503094100,28.875999450683594,79.0,0.0,20.7,5.7,16.8
20250503094200,28.875999450683594,79.0,0.0,19.1,6.1,16.2
20250503094300,28.875999450683594,79.0,0.0,19.8,5.5,20.1
20250503094400,28.875999450683594,79.0,0.0,20.7,5.7,27.8
20250503094500,28.875999450683594,79.0,0.0,20.3,5.7,18.8
20250503094600,28.875999450683594,79.0,0.0,20.6,6.3,38.3
20250503094700,28.875999450683594,79.0,0.0,20.5,5.9,28.2
20250503094800,28.875999450683594,79.0,0.0,19.6,6.1,28.3
20250503094900,28.875999450683594,79.0,0.0,20.1,6.1,34.6
20250503095000,28.875999450683594,79.0,0.0,19.1,6.3,34.6
20250503095100,28.875999450683594,79.0,0.0,20.5,6.4,32.8
20250503095200,28.875999450683594,79.0,0.0,19.2,6.4,26.1
20250503095300,28.875999450683594,79.0,0.0,20.2,6.1,39.1
20250503095400,28.875999450683594,79.0,0.0,20.7,5.5,37.5
20250503095500,28.875999450683594,79.0,0.0,19.5,6.0,27.7
20250503095600,28.875999450683594,79.0,0.0,20.4,6.2,21.5
20250503095700,28.875999450683594,79.0,0.0,20.4,6.3,33.0
20250503095800,28.875999450683594,79.0,0.0,19.2,5.7,36.1
20250503095900,28.875999450683594,79.0,0.0,20.2,6.4,25.4
20250503100000,29.97599983215332,74.0,0.0,20.9,6.4,19.2
20250503100100,29.97599983215332,74.0,0.0,19.1,6.4,25.7
20250503100200,29.97599983215332,74.0,0.0,19.8,6.3,36.7
20250503100300,29.97599983215332,74.0,0.0,19.3,6.1,30.3
20250503100400,29.97599983215332,74.0,0.0,19.6,5.5,28.1
20250503100500,29.97599983215332,74.0,0.0,20.1,6.5,30.6
20250503100600,29.97599983215332,74.0,0.0,19.1,5.9,18.0
20250503100700,29.97599983215332,74.0,0.0,19.3,6.1,27.0
20250503100800,29.97599983215332,74.0,0.0,20.7,5.5,30.4
20250503100900,29.97599983215332,74.0,0.0,20.3,6.1,33.4
20250503101000,29.97599983215332,74.0,0.0,19.3,6.5,35.1
20250503101100,29.97599983215332,74.0,0.0,19.2,6.3,36.6
20250503101200,29.97599983215332,74.0,0.0,19.9,6.2,38.1
20250503101300,29.97599983215332,74.0,0.0,19.2,6.0,33.4
20250503101400,29.97599983215332,74.0,0.0,20.7,5.8,22.4
20250503101500,29.97599983215332,74.0,0.0,20.6,5.6,32.9
20250503101600,29.97599983215332,74.0,0.0,19.0,6.1,15.8
20250503101700,29.97599983215332,74.0,0.0,20.8,5.6,30.0
20250503101800,29.97599983215332,74.0,0.0,20.7,6.1,34.2
20250503101900,29.97599983215332,74.0,0.0,19.3,5.8,27.9
20250503102000,29.97599983215332,74.0,0.0,20.7,5.8,26.1
20250503102100,29.97599983215332,74.0,0.0,20.3,6.3,26.0
20250503102200,29.97599983215332,74.0,0.0,20.0,5.9,39.5
20250503102300,29.97599983215332,74.0,0.0,20.1,6.5,22.6
20250503102400,29.97599983215332,74.0,0.0,20.1,5.5,21.5
20250503102500,29.97599983215332,74.0,0.0,19.4,6.1,24.8
20250503102600,29.97599983215332,74.0,0.0,20.7,6.2,25.0
20250503102700,29.97599983215332,74.0,0.0,19.0,6.0,17.4
20250503102800,29.97599983215332,74.0,0.0,20.6,5.7,18.2
20250503102900,29.97599983215332,74.0,0.0,19.4,6.4,29.1
20250503103000,29.97599983215332,74.0,0.0,19.6,6.1,24.1
20250503103100,29.97599983215332,74.0,0.0,20.1,5.9,31.8
20250503103200,29.97599983215332,74.0,0.0,20.8,5.5,25.8
20250503103300,29.97599983215332,74.0,0.0,19.1,6.1,21.5
20250503103400,29.97599983215332,74.0,0.0,20.0,6.1,38.2
20250503103500,29.97599983215332,74.0,0.0,19.9,5.9,34.3
20250503103600,29.97599983215332,74.0,0.0,19.8,5.8,29.6
20250503103700,29.97599983215332,74.0,0.0,19.4,6.0,19.9
20250503103800,29.97599983215332,74.0,0.0,20.2,6.1,32.3
20250503103900,29.97599983215332,74.0,0.0,19.1,6.4,32.0
20250503104000,29.97599983215332,74.0,0.0,20.3,6.2,39.6
20250503104100,29.97599983215332,74.0,0.0,20.6,6.1,19.6
20250503104200,29.97599983215332,74.0,0.0,20.0,5.6,38.8
20250503104300,29.97599983215332,74.0,0.0,20.1,5.7,35.9
20250503104400,29.97599983215332,74.0,0.0,20.7,6.4,21.4
20250503104500,29.97599983215332,74.0,0.0,20.9,5.8,34.0
20250503104600,29.97599983215332,74.0,0.0,19.9,5.7,21.7
20250503104700,29.97599983215332,74.0,0.0,20.1,6.0,16.9
20250503104800,29.97599983215332,74.0,0.0,19.3,5.6,20.9
20250503104900,29.97599983215332,74.0,0.0,20.9,6.1,34.6
20250503105000,29.97599983215332,74.0,0.0,19.3,6.5,34.3
20250503105100,29.97599983215332,74.0,0.0,20.7,6.5,15.2
20250503105200,29.97599983215332,74.0,0.0,19.3,6.4,15.2
20250503105300,29.97599983215332,74.0,0.0,19.5,5.9,39.1
20250503105400,29.97599983215332,74.0,0.0,20.5,5.6,23.8
20250503105500,29.97599983215332,74.0,0.0,20.3,5.7,17.8
20250503105600,29.97599983215332,74.0,0.0,20.7,5.6,36.2
20250503105700,29.97599983215332,74.0,0.0,20.8,5.7,28.4
20250503105800,29.97599983215332,74.0,0.0,20.7,5.9,17.1
20250503105900,29.97599983215332,74.0,0.0,20.8,6.4,36.1
20250503110000,30.92599868774414,70.0,0.0,19.6,6.0,27.0
20250503110100,30.92599868774414,70.0,0.0,20.8,5.9,35.8
20250503110200,30.92599868774414,70.0,0.0,19.2,5.8,33.0
20250503110300,30.92599868774414,70.0,0.0,20.5,6.4,27.6
20250503110400,30.92599868774414,70.0,0.0,19.8,6.3,24.0
20250503110500,30.92599868774414,70.0,0.0,20.0,6.1,23.5
20250503110600,30.92599868774414,70.0,0.0,20.7,5.6,15.5
20250503110700,30.92599868774414,70.0,0.0,19.7,6.0,25.0
20250503110800,30.92599868774414,70.0,0.0,19.3,5.6,36.9
20250503110900,30.92599868774414,70.0,0.0,19.9,6.3,18.4
20250503111000,30.92599868774414,70.0,0.0,19.2,6.4,27.0
20250503111100,30.92599868774414,70.0,0.0,19.4,5.9,34.8
20250503111200,30.92599868774414,70.0,0.0,19.9,6.2,25.4
20250503111300,30.92599868774414,70.0,0.0,20.1,5.9,28.0
20250503111400,30.92599868774414,70.0,0.0,19.5,6.0,25.3
20250503111500,30.92599868774414,70.0,0.0,20.4,5.8,18.5
20250503111600,30.92599868774414,70.0,0.0,19.7,5.6,22.8
20250503111700,30.92599868774414,70.0,0.0,19.1,6.1,22.3
20250503111800,30.92599868774414,70.0,0.0,20.4,6.0,33.2
20250503111900,30.92599868774414,70.0,0.0,19.9,6.0,30.3
20250503112000,30.92599868774414,70.0,0.0,20.1,6.2,40.0
20250503112100,30.92599868774414,70.0,0.0,19.2,5.6,24.9
20250503112200,30.92599868774414,70.0,0.0,19.1,6.2,38.4
20250503112300,30.92599868774414,70.0,0.0,19.1,5.5,36.3
20250503112400,30.92599868774414,70.0,0.0,20.2,5.9,22.5
20250503112500,30.92599868774414,70.0,0.0,19.3,6.3,24.5
20250503112600,30.92599868774414,70.0,0.0,19.4,5.7,17.6
20250503112700,30.92599868774414,70.0,0.0,20.5,5.6,21.0
20250503112800,30.92599868774414,70.0,0.0,20.5,6.5,26.9
20250503112900,30.92599868774414,70.0,0.0,20.8,6.4,21.6
20250503113000,30.92599868774414,70.0,0.0,19.5,5.7,32.3
20250503113100,30.92599868774414,70.0,0.0,19.1,5.8,18.5
20250503113200,30.92599868774414,70.0,0.0,19.5,6.4,35.4
20250503113300,30.92599868774414,70.0,0.0,19.6,5.9,36.8
20250503113400,30.92599868774414,70.0,0.0,19.1,5.6,17.7
20250503113500,30.92599868774414,70.0,0.0,20.0,5.9,18.0
20250503113600,30.92599868774414,70.0,0.0,20.6,5.8,31.1
20250503113700,30.92599868774414,70.0,0.0,19.1,6.5,35.0
20250503113800,30.92599868774414,70.0,0.0,19.6,6.0,35.0
20250503113900,30.92599868774414,70.0,0.0,20.5,6.5,25.0
20250503114000,30.92599868774414,70.0,0.0,19.9,5.7,25.7
20250503114100,30.92599868774414,70.0,0.0,19.4,5.6,39.0
20250503114200,30.92599868774414,70.0,0.0,19.1,5.7,18.0
20250503114300,30.92599868774414,70.0,0.0,20.7,6.1,22.0
20250503114400,30.92599868774414,70.0,0.0,19.5,5.8,19.5
20250503114500,30.92599868774414,70.0,0.0,20.5,6.2,25.0
20250503114600,30.92599868774414,70.0,0.0,20.0,5.6,16.4
20250503114700,30.92599868774414,70.0,0.0,21.0,6.2,18.0
20250503114800,30.92599868774414,70.0,0.0,19.8,6.0,27.5
20250503114900,30.92599868774414,70.0,0.0,21.0,6.4,37.6
20250503115000,30.92599868774414,70.0,0.0,20.1,5.6,31.0
20250503115100,30.92599868774414,70.0,0.0,20.0,6.3,30.2
20250503115200,30.92599868774414,70.0,0.0,20.2,5.6,31.6
20250503115300,30.92599868774414,70.0,0.0,20.5,6.3,29.2
20250503115400,30.92599868774414,70.0,0.0,20.4,5.5,16.5
20250503115500,30.92599868774414,70.0,0.0,20.0,6.4,20.5
20250503115600,30.92599868774414,70.0,0.0,19.6,5.5,26.0
20250503115700,30.92599868774414,70.0,0.0,20.0,6.2,32.1
20250503115800,30.92599868774414,70.0,0.0,19.1,5.5,20.8
20250503115900,30.92599868774414,70.0,0.0,20.1,5.8,19.1
20250503120000,31.775999069213867,67.0,0.0,19.2,6.2,39.0
20250503120100,31.775999069213867,67.0,0.0,19.9,6.4,37.3
20250503120200,31.775999069213867,67.0,0.0,19.2,6.1,32.8
20250503120300,31.775999069213867,67.0,0.0,19.7,6.2,33.6
20250503120400,31.775999069213867,67.0,0.0,19.6,6.2,27.8
20250503120500,31.775999069213867,67.0,0.0,19.6,6.1,39.5
20250503120600,31.775999069213867,67.0,0.0,20.3,6.2,24.5
20250503120700,31.775999069213867,67.0,0.0,19.4,6.2,33.9
20250503120800,31.775999069213867,67.0,0.0,19.1,6.0,19.0
20250503120900,31.775999069213867,67.0,0.0,20.6,6.5,31.7
20250503121000,31.775999069213867,67.0,0.0,20.0,6.4,21.3
20250503121100,31.775999069213867,67.0,0.0,20.2,6.4,26.3
20250503121200,31.775999069213867,67.0,0.0,20.4,6.1,30.8
20250503121300,31.775999069213867,67.0,0.0,20.6,6.1,28.3
20250503121400,31.775999069213867,67.0,0.0,20.6,6.5,39.3
20250503121500,31.775999069213867,67.0,0.0,19.0,6.0,19.1
20250503121600,31.775999069213867,67.0,0.0,19.8,5.7,30.1
20250503121700,31.775999069213867,67.0,0.0,19.2,6.2,36.9
20250503121800,31.775999069213867,67.0,0.0,20.9,6.2,38.2
20250503121900,31.775999069213867,67.0,0.0,21.0,6.1,28.5
20250503122000,31.775999069213867,67.0,0.0,19.1,6.4,26.5
20250503122100,31.775999069213867,67.0,0.0,20.6,6.0,22.3
20250503122200,31.775999069213867,67.0,0.0,20.7,6.4,24.4
20250503122300,31.775999069213867,67.0,0.0,19.3,6.2,17.3
20250503122400,31.775999069213867,67.0,0.0,20.5,5.9,38.5
20250503122500,31.775999069213867,67.0,0.0,19.2,5.7,30.4
20250503122600,31.775999069213867,67.0,0.0,19.9,5.7,36.2
20250503122700,31.775999069213867,67.0,0.0,19.4,5.9,35.5
20250503122800,31.775999069213867,67.0,0.0,20.1,6.2,20.6
20250503122900,31.775999069213867,67.0,0.0,19.6,5.7,30.6
20250503123000,31.775999069213867,67.0,0.0,20.9,6.5,18.8
20250503123100,31.775999069213867,67.0,0.0,20.5,5.7,19.9
20250503123200,31.775999069213867,67.0,0.0,19.6,5.6,26.0
20250503123300,31.775999069213867,67.0,0.0,20.5,6.3,34.2
20250503123400,31.775999069213867,67.0,0.0,20.9,5.6,33.6
20250503123500,31.775999069213867,67.0,0.0,19.1,5.8,30.3
20250503123600,31.775999069213867,67.0,0.0,20.8,6.4,34.4
20250503123700,31.775999069213867,67.0,0.0,19.8,6.5,31.6
20250503123800,31.775999069213867,67.0,0.0,21.0,6.0,35.1
20250503123900,31.775999069213867,67.0,0.0,20.7,5.8,38.9
20250503124000,31.775999069213867,67.0,0.0,19.6,6.0,18.9
20250503124100,31.775999069213867,67.0,0.0,19.9,5.8,24.7
20250503124200,31.775999069213867,67.0,0.0,19.1,6.2,27.1
20250503124300,31.775999069213867,67.0,0.0,20.9,5.9,17.5
20250503124400,31.775999069213867,67.0,0.0,19.1,6.0,27.1
20250503124500,31.775999069213867,67.0,0.0,19.2,5.6,37.0
20250503124600,31.775999069213867,67.0,0.0,21.0,6.4,37.9
20250503124700,31.775999069213867,67.0,0.0,20.2,6.4,24.9
20250503124800,31.775999069213867,67.0,0.0,19.3,6.0,25.8
20250503124900,31.775999069213867,67.0,0.0,20.8,6.0,34.4
20250503125000,31.775999069213867,67.0,0.0,19.8,6.4,25.5
20250503125100,31.775999069213867,67.0,0.0,19.9,5.9,36.2
20250503125200,31.775999069213867,67.0,0.0,21.0,5.9,27.6
20250503125300,31.775999069213867,67.0,0.0,20.9,5.7,35.7
20250503125400,31.775999069213867,67.0,0.0,19.9,6.4,38.6
20250503125500,31.775999069213867,67.0,0.0,19.1,5.8,22.0
20250503125600,31.775999069213867,67.0,0.0,20.0,6.2,30.1
20250503125700,31.775999069213867,67.0,0.0,19.8,5.7,17.9
20250503125800,31.775999069213867,67.0,0.0,19.7,5.6,23.2
20250503125900,31.775999069213867,67.0,0.0,20.5,5.7,38.1
20250503130000,32.07600021362305,67.0,0.0,20.5,5.8,31.2
20250503130100,32.07600021362305,67.0,0.0,19.5,6.0,21.2
20250503130200,32.07600021362305,67.0,0.0,21.0,6.4,34.1
20250503130300,32.07600021362305,67.0,0.0,20.9,6.5,19.8
20250503130400,32.07600021362305,67.0,0.0,20.8,6.1,20.2
20250503130500,32.07600021362305,67.0,0.0,20.2,6.3,35.2
20250503130600,32.07600021362305,67.0,0.0,20.5,5.9,17.2
20250503130700,32.07600021362305,67.0,0.0,20.7,6.1,20.3
20250503130800,32.07600021362305,67.0,0.0,20.1,5.6,16.9
20250503130900,32.07600021362305,67.0,0.0,19.9,6.2,24.7
20250503131000,32.07600021362305,67.0,0.0,20.3,6.2,21.3
20250503131100,32.07600021362305,67.0,0.0,19.9,5.9,23.9
20250503131200,32.07600021362305,67.0,0.0,21.0,6.0,36.1
20250503131300,32.07600021362305,67.0,0.0,19.9,5.7,36.0
20250503131400,32.07600021362305,67.0,0.0,19.8,6.0,26.9
20250503131500,32.07600021362305,67.0,0.0,19.5,5.8,23.2
20250503131600,32.07600021362305,67.0,0.0,19.3,5.6,36.2
20250503131700,32.07600021362305,67.0,0.0,20.5,5.6,28.1
20250503131800,32.07600021362305,67.0,0.0,20.7,5.7,20.5
20250503131900,32.07600021362305,67.0,0.0,20.6,5.7,35.7
20250503132000,32.07600021362305,67.0,0.0,19.4,6.0,39.1
20250503132100,32.07600021362305,67.0,0.0,20.9,5.5,19.3
20250503132200,32.07600021362305,67.0,0.0,20.0,6.0,20.4
20250503132300,32.07600021362305,67.0,0.0,20.4,6.1,32.2
20250503132400,32.07600021362305,67.0,0.0,19.0,5.9,26.3
20250503132500,32.07600021362305,67.0,0.0,20.5,6.3,25.5
20250503132600,32.07600021362305,67.0,0.0,21.0,5.8,38.7
20250503132700,32.07600021362305,67.0,0.0,20.2,5.5,33.8
20250503132800,32.07600021362305,67.0,0.0,19.8,5.7,23.8
20250503132900,32.07600021362305,67.0,0.0,19.2,5.7,31.8
20250503133000,32.07600021362305,67.0,0.0,20.7,5.9,28.0
20250503133100,32.07600021362305,67.0,0.0,20.3,5.9,19.3
20250503133200,32.07600021362305,67.0,0.0,19.3,5.9,16.0
20250503133300,32.07600021362305,67.0,0.0,19.0,6.4,36.8
20250503133400,32.07600021362305,67.0,0.0,20.8,6.5,32.8
20250503133500,32.07600021362305,67.0,0.0,19.9,5.8,25.5
20250503133600,32.07600021362305,67.0,0.0,20.9,6.1,35.1
20250503133700,32.07600021362305,67.0,0.0,19.1,5.7,34.9
20250503133800,32.07600021362305,67.0,0.0,19.3,6.0,18.1
20250503133900,32.07600021362305,67.0,0.0,20.1,5.7,38.6
20250503134000,32.07600021362305,67.0,0.0,20.4,5.7,24.0
20250503134100,32.07600021362305,67.0,0.0,20.2,6.2,31.9
20250503134200,32.07600021362305,67.0,0.0,20.4,6.1,37.7
20250503134300,32.07600021362305,67.0,0.0,20.6,5.8,24.6
20250503134400,32.07600021362305,67.0,0.0,20.3,6.5,30.0
20250503134500,32.07600021362305,67.0,0.0,20.9,5.5,23.3
20250503134600,32.07600021362305,67.0,0.0,20.5,6.0,38.5
20250503134700,32.07600021362305,67.0,0.0,20.8,6.2,34.9
20250503134800,32.07600021362305,67.0,0.0,19.2,5.6,35.7
20250503134900,32.07600021362305,67.0,0.0,19.1,6.1,17.1
20250503135000,32.07600021362305,67.0,0.0,19.6,5.8,35.8
20250503135100,32.07600021362305,67.0,0.0,19.2,5.6,19.2
20250503135200,32.07600021362305,67.0,0.0,20.6,6.2,26.1
20250503135300,32.07600021362305,67.0,0.0,20.7,6.1,17.4
20250503135400,32.07600021362305,67.0,0.0,20.3,5.6,15.3
20250503135500,32.07600021362305,67.0,0.0,19.2,6.5,28.1
20250503135600,32.07600021362305,67.0,0.0,20.2,5.5,27.4
20250503135700,32.07600021362305,67.0,0.0,20.0,5.8,19.5
20250503135800,32.07600021362305,67.0,0.0,20.7,6.2,27.5
20250503135900,32.07600021362305,67.0,0.0,20.8,5.6,27.5
20250503140000,31.47599983215332,70.0,0.0,19.0,5.7,30.9
20250503140100,31.47599983215332,70.0,0.0,19.4,6.1,17.3
20250503140200,31.47599983215332,70.0,0.0,19.2,5.9,39.9
20250503140300,31.47599983215332,70.0,0.0,20.9,6.0,18.1
20250503140400,31.47599983215332,70.0,0.0,19.0,6.4,30.8
20250503140500,31.47599983215332,70.0,0.0,19.0,5.6,34.7
20250503140600,31.47599983215332,70.0,0.0,19.2,6.4,37.3
20250503140700,31.47599983215332,70.0,0.0,20.0,5.7,29.3
20250503140800,31.47599983215332,70.0,0.0,20.6,6.0,34.1
20250503140900,31.47599983215332,70.0,0.0,19.4,6.3,36.1
20250503141000,31.47599983215332,70.0,0.0,20.7,6.2,32.0
20250503141100,31.47599983215332,70.0,0.0,19.2,6.3,38.9
20250503141200,31.47599983215332,70.0,0.0,19.3,6.2,21.3
20250503141300,31.47599983215332,70.0,0.0,19.1,6.4,19.6
20250503141400,31.47599983215332,70.0,0.0,20.6,5.9,17.6
20250503141500,31.47599983215332,70.0,0.0,20.0,6.1,33.9
20250503141600,31.47599983215332,70.0,0.0,20.4,6.0,33.9
20250503141700,31.47599983215332,70.0,0.0,20.6,5.9,20.7
20250503141800,31.47599983215332,70.0,0.0,20.2,5.7,33.7
20250503141900,31.47599983215332,70.0,0.0,20.8,5.9,21.3
20250503142000,31.47599983215332,70.0,0.0,20.7,6.1,21.2
20250503142100,31.47599983215332,70.0,0.0,19.5,6.0,29.9
20250503142200,31.47599983215332,70.0,0.0,19.0,6.0,22.1
20250503142300,31.47599983215332,70.0,0.0,19.9,5.5,31.1
20250503142400,31.47599983215332,70.0,0.0,20.5,5.8,34.6
20250503142500,31.47599983215332,70.0,0.0,19.4,6.1,27.6
20250503142600,31.47599983215332,70.0,0.0,20.2,5.8,38.1
20250503142700,31.47599983215332,70.0,0.0,19.8,5.6,16.6
20250503142800,31.47599983215332,70.0,0.0,19.3,5.6,37.7
20250503142900,31.47599983215332,70.0,0.0,20.2,6.3,29.4
20250503143000,31.47599983215332,70.0,0.0,20.5,6.3,25.2
20250503143100,31.47599983215332,70.0,0.0,20.3,5.9,33.6
20250503143200,31.47599983215332,70.0,0.0,20.0,6.3,33.4
20250503143300,31.47599983215332,70.0,0.0,19.3,6.2,18.2
20250503143400,31.47599983215332,70.0,0.0,19.9,5.6,28.4
20250503143500,31.47599983215332,70.0,0.0,19.3,5.6,39.9
20250503143600,31.47599983215332,70.0,0.0,19.9,6.4,19.3
20250503143700,31.47599983215332,70.0,0.0,19.1,6.0,16.4
20250503143800,31.47599983215332,70.0,0.0,19.1,6.3,26.7
20250503143900,31.47599983215332,70.0,0.0,20.9,6.1,24.6
20250503144000,31.47599983215332,70.0,0.0,20.6,5.9,34.7
20250503144100,31.47599983215332,70.0,0.0,20.8,6.4,26.0
20250503144200,31.47599983215332,70.0,0.0,19.6,5.9,29.1
20250503144300,31.47599983215332,70.0,0.0,20.4,5.8,33.0
20250503144400,31.47599983215332,70.0,0.0,20.8,5.9,35.4
20250503144500,31.47599983215332,70.0,0.0,20.0,5.6,29.7
20250503144600,31.47599983215332,70.0,0.0,19.5,6.5,21.2
20250503144700,31.47599983215332,70.0,0.0,20.8,5.7,32.4
20250503144800,31.47599983215332,70.0,0.0,20.1,5.9,34.3
20250503144900,31.47599983215332,70.0,0.0,19.7,6.1,37.9
20250503145000,31.47599983215332,70.0,0.0,20.9,5.8,31.4
20250503145100,31.47599983215332,70.0,0.0,20.7,6.3,16.1
20250503145200,31.47599983215332,70.0,0.0,19.6,5.5,18.1
20250503145300,31.47599983215332,70.0,0.0,19.2,6.4,18.1
20250503145400,31.47599983215332,70.0,0.0,19.1,6.3,28.0
20250503145500,31.47599983215332,70.0,0.0,20.9,5.7,18.9
20250503145600,31.47599983215332,70.0,0.0,19.4,6.0,30.4
20250503145700,31.47599983215332,70.0,0.0,20.0,6.2,15.3
20250503145800,31.47599983215332,70.0,0.0,19.8,6.3,25.3
20250503145900,31.47599983215332,70.0,0.0,20.7,6.5,15.8
20250503150000,30.325998306274414,75.0,0.0,19.9,5.6,16.9
20250503150100,30.325998306274414,75.0,0.0,19.7,6.4,19.2
20250503150200,30.325998306274414,75.0,0.0,20.9,6.2,31.3
20250503150300,30.325998306274414,75.0,0.0,20.6,6.2,21.1
20250503150400,30.325998306274414,75.0,0.0,19.8,6.1,22.8
20250503150500,30.325998306274414,75.0,0.0,19.5,6.1,37.9
20250503150600,30.325998306274414,75.0,0.0,20.7,6.2,20.4
20250503150700,30.325998306274414,75.0,0.0,20.6,5.9,33.5
20250503150800,30.325998306274414,75.0,0.0,19.3,5.8,27.8
20250503150900,30.325998306274414,75.0,0.0,19.4,5.6,31.6
20250503151000,30.325998306274414,75.0,0.0,19.2,6.1,19.4
20250503151100,30.325998306274414,75.0,0.0,20.6,6.1,15.9
20250503151200,30.325998306274414,75.0,0.0,20.2,5.5,26.6
20250503151300,30.325998306274414,75.0,0.0,19.2,6.4,24.1
20250503151400,30.325998306274414,75.0,0.0,20.1,6.0,39.9
20250503151500,30.325998306274414,75.0,0.0,19.6,6.0,22.6
20250503151600,30.325998306274414,75.0,0.0,20.3,6.2,23.9
20250503151700,30.325998306274414,75.0,0.0,20.6,6.1,22.9
20250503151800,30.325998306274414,75.0,0.0,19.1,6.2,37.7
20250503151900,30.325998306274414,75.0,0.0,20.4,6.2,23.8
20250503152000,30.325998306274414,75.0,0.0,19.8,6.0,18.8
20250503152100,30.325998306274414,75.0,0.0,19.1,6.1,20.2
20250503152200,30.325998306274414,75.0,0.0,20.6,5.8,22.5
20250503152300,30.325998306274414,75.0,0.0,20.8,5.7,37.2
20250503152400,30.325998306274414,75.0,0.0,20.5,6.2,33.5
20250503152500,30.325998306274414,75.0,0.0,19.5,5.5,16.2
20250503152600,30.325998306274414,75.0,0.0,20.9,5.9,28.7
20250503152700,30.325998306274414,75.0,0.0,19.7,6.4,37.0
20250503152800,30.325998306274414,75.0,0.0,19.5,6.0,37.1
20250503152900,30.325998306274414,75.0,0.0,19.2,5.9,34.7
20250503153000,30.325998306274414,75.0,0.0,20.4,6.0,15.3
20250503153100,30.325998306274414,75.0,0.0,19.5,6.0,34.3
20250503153200,30.325998306274414,75.0,0.0,20.8,6.4,25.8
20250503153300,30.325998306274414,75.0,0.0,19.3,5.8,17.2
20250503153400,30.325998306274414,75.0,0.0,19.6,5.6,30.1
20250503153500,30.325998306274414,75.0,0.0,19.8,6.0,25.6
20250503153600,30.325998306274414,75.0,0.0,20.7,6.3,25.7
20250503153700,30.325998306274414,75.0,0.0,20.3,5.6,23.7
20250503153800,30.325998306274414,75.0,0.0,20.6,6.1,24.3
20250503153900,30.325998306274414,75.0,0.0,19.7,6.1,16.7
20250503154000,30.325998306274414,75.0,0.0,19.9,6.1,33.0
20250503154100,30.325998306274414,75.0,0.0,19.4,5.9,31.9
20250503154200,30.325998306274414,75.0,0.0,19.6,5.9,37.8
20250503154300,30.325998306274414,75.0,0.0,19.7,6.3,25.6
20250503154400,30.325998306274414,75.0,0.0,19.2,5.9,23.4
20250503154500,30.325998306274414,75.0,0.0,19.4,5.9,27.0
20250503154600,30.325998306274414,75.0,0.0,20.4,6.0,15.7
20250503154700,30.325998306274414,75.0,0.0,19.0,5.9,33.6
20250503154800,30.325998306274414,75.0,0.0,20.9,6.5,30.3
20250503154900,30.325998306274414,75.0,0.0,20.1,6.1,22.5
20250503155000,30.325998306274414,75.0,0.0,20.0,5.6,27.9
20250503155100,30.325998306274414,75.0,0.0,20.9,5.5,29.2
20250503155200,30.325998306274414,75.0,0.0,20.2,6.2,30.0
20250503155300,30.325998306274414,75.0,0.0,20.5,6.1,23.9
20250503155400,30.325998306274414,75.0,0.0,20.8,6.4,20.5
20250503155500,30.325998306274414,75.0,0.0,19.5,6.5,35.3
20250503155600,30.325998306274414,75.0,0.0,19.5,5.7,16.2
20250503155700,30.325998306274414,75.0,0.0,19.3,6.2,36.7
20250503155800,30.325998306274414,75.0,0.0,19.4,5.6,39.7
20250503155900,30.325998306274414,75.0,0.0,19.0,6.3,18.4
20250503160000,29.325998306274414,80.0,0.0,19.1,6.1,38.3
20250503160100,29.325998306274414,80.0,0.0,20.1,6.0,19.2
20250503160200,29.325998306274414,80.0,0.0,19.7,6.0,39.5
20250503160300,29.325998306274414,80.0,0.0,20.2,6.0,35.7
20250503160400,29.325998306274414,80.0,0.0,19.7,6.0,18.2
20250503160500,29.325998306274414,80.0,0.0,20.0,6.1,35.5
20250503160600,29.325998306274414,80.0,0.0,19.9,5.6,22.8
20250503160700,29.325998306274414,80.0,0.0,20.5,6.3,28.1
20250503160800,29.325998306274414,80.0,0.0,19.0,5.6,21.2
20250503160900,29.325998306274414,80.0,0.0,19.7,5.7,32.6
20250503161000,29.325998306274414,80.0,0.0,20.0,5.9,25.8
20250503161100,29.325998306274414,80.0,0.0,19.8,5.8,38.9
20250503161200,29.325998306274414,80.0,0.0,21.0,5.9,37.2
20250503161300,29.325998306274414,80.0,0.0,20.1,5.7,28.5
20250503161400,29.325998306274414,80.0,0.0,20.5,6.0,16.6
20250503161500,29.325998306274414,80.0,0.0,19.4,5.9,16.1
20250503161600,29.325998306274414,80.0,0.0,20.9,6.1,31.1
20250503161700,29.325998306274414,80.0,0.0,20.2,6.0,33.4
20250503161800,29.325998306274414,80.0,0.0,19.2,5.7,29.4
20250503161900,29.325998306274414,80.0,0.0,20.6,5.6,39.1
20250503162000,29.325998306274414,80.0,0.0,19.6,6.2,33.0
20250503162100,29.325998306274414,80.0,0.0,20.0,6.3,15.4
20250503162200,29.325998306274414,80.0,0.0,21.0,6.0,15.2
20250503162300,29.325998306274414,80.0,0.0,20.6,5.6,32.5
20250503162400,29.325998306274414,80.0,0.0,20.8,5.6,15.6
20250503162500,29.325998306274414,80.0,0.0,19.7,5.9,24.9
20250503162600,29.325998306274414,80.0,0.0,20.4,6.3,15.0
20250503162700,29.325998306274414,80.0,0.0,20.4,5.6,25.3
20250503162800,29.325998306274414,80.0,0.0,19.7,6.3,31.5
20250503162900,29.325998306274414,80.0,0.0,20.6,5.8,27.4
20250503163000,29.325998306274414,80.0,0.0,20.7,5.6,23.3
20250503163100,29.325998306274414,80.0,0.0,19.5,6.5,31.4
20250503163200,29.325998306274414,80.0,0.0,19.3,5.9,29.5
20250503163300,29.325998306274414,80.0,0.0,20.7,6.3,36.9
20250503163400,29.325998306274414,80.0,0.0,20.0,5.8,36.4
20250503163500,29.325998306274414,80.0,0.0,20.7,6.1,37.5
20250503163600,29.325998306274414,80.0,0.0,20.8,5.7,25.7
20250503163700,29.325998306274414,80.0,0.0,19.6,6.3,17.5
20250503163800,29.325998306274414,80.0,0.0,20.7,5.7,30.6
20250503163900,29.325998306274414,80.0,0.0,20.5,6.5,17.1
20250503164000,29.325998306274414,80.0,0.0,20.2,6.3,27.8
20250503164100,29.325998306274414,80.0,0.0,19.5,5.6,26.0
20250503164200,29.325998306274414,80.0,0.0,19.1,6.3,33.3
20250503164300,29.325998306274414,80.0,0.0,19.7,5.8,32.9
20250503164400,29.325998306274414,80.0,0.0,20.8,5.5,33.6
20250503164500,29.325998306274414,80.0,0.0,19.6,6.0,17.4
20250503164600,29.325998306274414,80.0,0.0,19.2,6.3,28.6
20250503164700,29.325998306274414,80.0,0.0,20.8,6.1,39.2
20250503164800,29.325998306274414,80.0,0.0,20.8,5.6,26.7
20250503164900,29.325998306274414,80.0,0.0,20.9,5.6,23.0
20250503165000,29.325998306274414,80.0,0.0,19.4,6.4,39.7
20250503165100,29.325998306274414,80.0,0.0,19.1,6.1,17.5
20250503165200,29.325998306274414,80.0,0.0,20.5,5.9,29.7
20250503165300,29.325998306274414,80.0,0.0,20.9,6.3,29.1
20250503165400,29.325998306274414,80.0,0.0,19.6,5.9,23.5
20250503165500,29.325998306274414,80.0,0.0,20.5,6.4,37.2
20250503165600,29.325998306274414,80.0,0.0,19.4,6.1,37.3
20250503165700,29.325998306274414,80.0,0.0,19.3,5.5,18.1
20250503165800,29.325998306274414,80.0,0.0,19.4,6.2,16.5
20250503165900,29.325998306274414,80.0,0.0,20.0,5.7,29.2
20250503170000,28.775999069213867,83.0,0.0,20.3,6.5,17.6
20250503170100,28.775999069213867,83.0,0.0,19.4,6.4,15.4
20250503170200,28.775999069213867,83.0,0.0,20.0,6.4,39.2
20250503170300,28.775999069213867,83.0,0.0,20.0,6.0,15.0
20250503170400,28.775999069213867,83.0,0.0,20.8,6.3,38.0
20250503170500,28.775999069213867,83.0,0.0,20.9,6.3,31.1
20250503170600,28.775999069213867,83.0,0.0,19.1,6.2,35.5
20250503170700,28.775999069213867,83.0,0.0,20.0,6.0,21.7
20250503170800,28.775999069213867,83.0,0.0,20.2,5.9,32.5
20250503170900,28.775999069213867,83.0,0.0,19.2,5.6,27.8
20250503171000,28.775999069213867,83.0,0.0,19.2,6.0,18.6
20250503171100,28.775999069213867,83.0,0.0,21.0,5.6,27.1
20250503171200,28.775999069213867,83.0,0.0,19.7,6.2,30.1
20250503171300,28.775999069213867,83.0,0.0,20.0,5.7,35.2
20250503171400,28.775999069213867,83.0,0.0,20.1,5.9,33.9
20250503171500,28.775999069213867,83.0,0.0,19.3,6.1,19.2
20250503171600,28.775999069213867,83.0,0.0,20.3,5.6,28.3
20250503171700,28.775999069213867,83.0,0.0,20.0,6.4,37.8
20250503171800,28.775999069213867,83.0,0.0,20.4,6.1,32.1
20250503171900,28.775999069213867,83.0,0.0,19.3,5.8,37.1
20250503172000,28.775999069213867,83.0,0.0,20.9,6.2,23.4
20250503172100,28.775999069213867,83.0,0.0,19.9,5.8,31.0
20250503172200,28.775999069213867,83.0,0.0,20.1,5.5,31.9
20250503172300,28.775999069213867,83.0,0.0,20.4,6.0,28.6
20250503172400,28.775999069213867,83.0,0.0,20.0,5.9,24.8
20250503172500,28.775999069213867,83.0,0.0,19.2,6.3,18.3
20250503172600,28.775999069213867,83.0,0.0,19.3,5.9,23.7
20250503172700,28.775999069213867,83.0,0.0,19.2,6.4,15.1
20250503172800,28.775999069213867,83.0,0.0,20.2,5.6,35.5
20250503172900,28.775999069213867,83.0,0.0,20.7,5.8,31.6
20250503173000,28.775999069213867,83.0,0.0,19.9,5.7,23.1
20250503173100,28.775999069213867,83.0,0.0,20.6,6.2,21.0
20250503173200,28.775999069213867,83.0,0.0,19.8,6.4,21.5
20250503173300,28.775999069213867,83.0,0.0,20.0,6.0,33.6
20250503173400,28.775999069213867,83.0,0.0,20.7,5.7,22.0
20250503173500,28.775999069213867,83.0,0.0,19.7,5.5,36.5
20250503173600,28.775999069213867,83.0,0.0,20.4,5.7,29.6
20250503173700,28.775999069213867,83.0,0.0,20.0,6.1,25.2
20250503173800,28.775999069213867,83.0,0.0,19.4,5.8,32.9
20250503173900,28.775999069213867,83.0,0.0,19.7,5.6,19.0
20250503174000,28.775999069213867,83.0,0.0,19.6,6.3,36.9
20250503174100,28.775999069213867,83.0,0.0,19.7,5.6,31.0
20250503174200,28.775999069213867,83.0,0.0,19.9,5.6,27.9
20250503174300,28.775999069213867,83.0,0.0,19.9,5.9,17.9
20250503174400,28.775999069213867,83.0,0.0,19.5,5.9,27.1
20250503174500,28.775999069213867,83.0,0.0,20.5,6.1,16.7
20250503174600,28.775999069213867,83.0,0.0,20.0,5.6,30.9
20250503174700,28.775999069213867,83.0,0.0,20.7,5.7,26.4
20250503174800,28.775999069213867,83.0,0.0,19.7,5.8,15.6
20250503174900,28.775999069213867,83.0,0.0,20.3,5.5,36.2
20250503175000,28.775999069213867,83.0,0.0,20.4,6.2,31.5
20250503175100,28.775999069213867,83.0,0.0,19.0,6.0,23.4
20250503175200,28.775999069213867,83.0,0.0,19.2,5.6,26.8
20250503175300,28.775999069213867,83.0,0.0,20.1,5.7,19.9
20250503175400,28.775999069213867,83.0,0.0,20.3,6.3,19.5
20250503175500,28.775999069213867,83.0,0.0,20.0,6.2,29.3
20250503175600,28.775999069213867,83.0,0.0,20.9,5.9,27.4
20250503175700,28.775999069213867,83.0,0.0,20.0,5.6,33.5
20250503175800,28.775999069213867,83.0,0.0,20.6,5.7,24.2
20250503175900,28.775999069213867,83.0,0.0,19.5,6.4,31.9
20250503180000,28.325998306274414,85.0,0.0,19.0,6.5,20.8
20250503180100,28.325998306274414,85.0,0.0,19.6,6.4,16.9
20250503180200,28.325998306274414,85.0,0.0,19.5,5.6,23.7
20250503180300,28.325998306274414,85.0,0.0,20.8,6.3,28.4
20250503180400,28.325998306274414,85.0,0.0,20.0,6.1,37.2
20250503180500,28.325998306274414,85.0,0.0,20.6,6.1,19.4
20250503180600,28.325998306274414,85.0,0.0,20.2,5.9,15.4
20250503180700,28.325998306274414,85.0,0.0,20.9,5.9,37.3
20250503180800,28.325998306274414,85.0,0.0,20.3,5.8,18.7
20250503180900,28.325998306274414,85.0,0.0,19.0,5.9,29.6
20250503181000,28.325998306274414,85.0,0.0,19.2,6.5,19.4
20250503181100,28.325998306274414,85.0,0.0,20.9,6.0,31.3
20250503181200,28.325998306274414,85.0,0.0,21.0,6.5,20.8
20250503181300,28.325998306274414,85.0,0.0,20.9,6.2,35.8
20250503181400,28.325998306274414,85.0,0.0,19.3,5.8,27.8
20250503181500,28.325998306274414,85.0,0.0,20.0,6.0,16.5
20250503181600,28.325998306274414,85.0,0.0,19.4,6.0,30.6
20250503181700,28.325998306274414,85.0,0.0,19.1,6.3,33.5
20250503181800,28.325998306274414,85.0,0.0,19.4,6.0,25.5
20250503181900,28.325998306274414,85.0,0.0,19.8,6.4,29.1
20250503182000,28.325998306274414,85.0,0.0,19.6,6.4,24.5
20250503182100,28.325998306274414,85.0,0.0,21.0,6.2,36.6
20250503182200,28.325998306274414,85.0,0.0,20.4,5.7,23.6
20250503182300,28.325998306274414,85.0,0.0,19.1,6.3,37.0
20250503182400,28.325998306274414,85.0,0.0,20.2,5.5,37.7
20250503182500,28.325998306274414,85.0,0.0,20.1,6.2,22.3
20250503182600,28.325998306274414,85.0,0.0,20.6,5.6,38.4
20250503182700,28.325998306274414,85.0,0.0,19.5,5.8,23.5
20250503182800,28.325998306274414,85.0,0.0,20.3,5.5,36.6
20250503182900,28.325998306274414,85.0,0.0,19.0,6.5,31.3
20250503183000,28.325998306274414,85.0,0.0,20.9,5.9,21.2
20250503183100,28.325998306274414,85.0,0.0,20.4,6.2,18.5
20250503183200,28.325998306274414,85.0,0.0,19.7,6.1,29.7
20250503183300,28.325998306274414,85.0,0.0,20.4,5.6,29.1
20250503183400,28.325998306274414,85.0,0.0,19.8,5.8,32.7
20250503183500,28.325998306274414,85.0,0.0,19.2,5.8,36.3
20250503183600,28.325998306274414,85.0,0.0,20.8,5.6,30.4
20250503183700,28.325998306274414,85.0,0.0,19.8,5.5,27.9
20250503183800,28.325998306274414,85.0,0.0,20.3,6.3,18.6
20250503183900,28.325998306274414,85.0,0.0,20.7,5.9,23.2
20250503184000,28.325998306274414,85.0,0.0,20.8,5.6,22.5
20250503184100,28.325998306274414,85.0,0.0,20.8,5.6,22.4
20250503184200,28.325998306274414,85.0,0.0,20.7,6.0,33.1
20250503184300,28.325998306274414,85.0,0.0,20.8,6.1,36.2
20250503184400,28.325998306274414,85.0,0.0,19.3,6.1,23.7
20250503184500,28.325998306274414,85.0,0.0,19.2,5.6,17.4
20250503184600,28.325998306274414,85.0,0.0,19.3,6.1,17.6
20250503184700,28.325998306274414,85.0,0.0,20.6,6.1,39.8
20250503184800,28.325998306274414,85.0,0.0,19.5,5.9,22.4
20250503184900,28.325998306274414,85.0,0.0,19.7,5.5,18.2
20250503185000,28.325998306274414,85.0,0.0,20.5,6.2,36.2
20250503185100,28.325998306274414,85.0,0.0,19.5,5.6,34.6
20250503185200,28.325998306274414,85.0,0.0,20.5,5.8,38.9
20250503185300,28.325998306274414,85.0,0.0,19.2,5.9,24.9
20250503185400,28.325998306274414,85.0,0.0,20.8,5.9,36.7
20250503185500,28.325998306274414,85.0,0.0,19.2,6.1,25.5
20250503185600,28.325998306274414,85.0,0.0,20.5,6.1,37.7
20250503185700,28.325998306274414,85.0,0.0,19.5,6.5,31.7
20250503185800,28.325998306274414,85.0,0.0,20.4,6.1,19.4
20250503185900,28.325998306274414,85.0,0.0,20.6,6.4,17.6
20250503190000,27.97599983215332,87.0,0.0,19.5,5.6,19.1
20250503190100,27.97599983215332,87.0,0.0,19.6,5.6,28.2
20250503190200,27.97599983215332,87.0,0.0,19.3,6.3,21.6
20250503190300,27.97599983215332,87.0,0.0,20.0,5.7,38.3
20250503190400,27.97599983215332,87.0,0.0,21.0,6.0,22.6
20250503190500,27.97599983215332,87.0,0.0,20.5,5.7,23.8
20250503190600,27.97599983215332,87.0,0.0,20.9,5.8,36.1
20250503190700,27.97599983215332,87.0,0.0,19.6,5.8,16.8
20250503190800,27.97599983215332,87.0,0.0,19.5,6.1,31.3
20250503190900,27.97599983215332,87.0,0.0,20.5,5.6,15.2
20250503191000,27.97599983215332,87.0,0.0,19.9,5.5,16.2
20250503191100,27.97599983215332,87.0,0.0,20.2,5.6,36.5
20250503191200,27.97599983215332,87.0,0.0,19.1,6.4,28.0
20250503191300,27.97599983215332,87.0,0.0,19.8,6.2,18.4
20250503191400,27.97599983215332,87.0,0.0,19.1,6.1,20.4
20250503191500,27.97599983215332,87.0,0.0,19.6,5.8,36.3
20250503191600,27.97599983215332,87.0,0.0,20.9,5.9,30.3
20250503191700,27.97599983215332,87.0,0.0,19.4,6.0,17.3
20250503191800,27.97599983215332,87.0,0.0,20.2,6.4,22.8
20250503191900,27.97599983215332,87.0,0.0,20.8,5.7,16.6
20250503192000,27.97599983215332,87.0,0.0,19.2,6.0,23.8
20250503192100,27.97599983215332,87.0,0.0,19.6,6.3,19.3
20250503192200,27.97599983215332,87.0,0.0,19.7,6.0,15.7
20250503192300,27.97599983215332,87.0,0.0,19.2,6.5,22.0
20250503192400,27.97599983215332,87.0,0.0,21.0,5.5,35.0
20250503192500,27.97599983215332,87.0,0.0,19.9,6.5,33.9
20250503192600,27.97599983215332,87.0,0.0,20.0,6.2,23.3
20250503192700,27.97599983215332,87.0,0.0,20.0,6.3,28.2
20250503192800,27.97599983215332,87.0,0.0,19.5,6.2,24.6
20250503192900,27.97599983215332,87.0,0.0,20.9,6.2,38.5
20250503193000,27.97599983215332,87.0,0.0,19.4,5.6,26.2
20250503193100,27.97599983215332,87.0,0.0,19.4,6.4,19.3
20250503193200,27.97599983215332,87.0,0.0,20.9,5.7,38.2
20250503193300,27.97599983215332,87.0,0.0,20.4,5.9,34.6
20250503193400,27.97599983215332,87.0,0.0,19.5,5.8,16.5
20250503193500,27.97599983215332,87.0,0.0,20.6,5.9,35.6
20250503193600,27.97599983215332,87.0,0.0,20.3,6.0,17.1
20250503193700,27.97599983215332,87.0,0.0,19.4,6.1,36.3
20250503193800,27.97599983215332,87.0,0.0,19.5,6.1,39.5
20250503193900,27.97599983215332,87.0,0.0,19.7,6.4,32.8
20250503194000,27.97599983215332,87.0,0.0,19.6,6.3,24.2
20250503194100,27.97599983215332,87.0,0.0,19.4,6.3,16.9
20250503194200,27.97599983215332,87.0,0.0,19.7,5.9,23.2
20250503194300,27.97599983215332,87.0,0.0,19.3,6.2,17.5
20250503194400,27.97599983215332,87.0,0.0,20.5,6.1,25.2
20250503194500,27.97599983215332,87.0,0.0,19.8,5.7,21.0
20250503194600,27.97599983215332,87.0,0.0,19.6,6.4,16.5
20250503194700,27.97599983215332,87.0,0.0,20.8,5.6,35.8
20250503194800,27.97599983215332,87.0,0.0,20.9,6.3,22.3
20250503194900,27.97599983215332,87.0,0.0,20.6,5.9,23.9
20250503195000,27.97599983215332,87.0,0.0,19.2,6.0,33.1
20250503195100,27.97599983215332,87.0,0.0,20.6,6.0,25.7
20250503195200,27.97599983215332,87.0,0.0,19.4,6.2,37.1
20250503195300,27.97599983215332,87.0,0.0,19.5,6.4,30.5
20250503195400,27.97599983215332,87.0,0.0,19.3,5.6,39.5
20250503195500,27.97599983215332,87.0,0.0,20.1,6.2,34.4
20250503195600,27.97599983215332,87.0,0.0,21.0,6.4,32.4
20250503195700,27.97599983215332,87.0,0.0,19.8,6.4,20.2
20250503195800,27.97599983215332,87.0,0.0,19.8,6.2,30.9
20250503195900,27.97599983215332,87.0,0.0,19.2,5.6,26.5
20250503200000,27.67599868774414,89.0,0.0,19.9,6.3,30.2
20250503200100,27.67599868774414,89.0,0.0,20.3,6.3,38.1
20250503200200,27.67599868774414,89.0,0.0,19.8,5.8,20.6
20250503200300,27.67599868774414,89.0,0.0,19.6,5.9,16.1
20250503200400,27.67599868774414,89.0,0.0,19.6,5.9,37.7
20250503200500,27.67599868774414,89.0,0.0,20.3,6.3,21.3
20250503200600,27.67599868774414,89.0,0.0,20.0,5.6,26.2
20250503200700,27.67599868774414,89.0,0.0,19.5,6.1,29.9
20250503200800,27.67599868774414,89.0,0.0,20.1,6.1,35.8
20250503200900,27.67599868774414,89.0,0.0,20.8,6.3,34.0
20250503201000,27.67599868774414,89.0,0.0,20.8,6.1,16.8
20250503201100,27.67599868774414,89.0,0.0,20.2,5.5,37.8
20250503201200,27.67599868774414,89.0,0.0,20.6,6.2,29.1
20250503201300,27.67599868774414,89.0,0.0,20.6,5.7,26.5
20250503201400,27.67599868774414,89.0,0.0,21.0,5.7,26.5
20250503201500,27.67599868774414,89.0,0.0,19.1,5.5,37.9
20250503201600,27.67599868774414,89.0,0.0,20.7,5.8,22.7
20250503201700,27.67599868774414,89.0,0.0,20.0,5.9,28.0
20250503201800,27.67599868774414,89.0,0.0,19.9,6.0,32.6
20250503201900,27.67599868774414,89.0,0.0,20.7,6.3,19.6
20250503202000,27.67599868774414,89.0,0.0,20.5,5.9,33.0
20250503202100,27.67599868774414,89.0,0.0,19.2,6.1,37.0
20250503202200,27.67599868774414,89.0,0.0,20.9,5.9,31.5
20250503202300,27.67599868774414,89.0,0.0,19.3,6.1,27.9
20250503202400,27.67599868774414,89.0,0.0,19.9,5.9,22.6
20250503202500,27.67599868774414,89.0,0.0,20.0,5.8,39.7
20250503202600,27.67599868774414,89.0,0.0,20.1,6.1,36.8
20250503202700,27.67599868774414,89.0,0.0,19.4,5.9,39.6
20250503202800,27.67599868774414,89.0,0.0,20.0,5.6,31.6
20250503202900,27.67599868774414,89.0,0.0,20.4,6.2,33.1
20250503203000,27.67599868774414,89.0,0.0,20.2,6.2,18.2
20250503203100,27.67599868774414,89.0,0.0,19.4,6.3,38.1
20250503203200,27.67599868774414,89.0,0.0,19.3,6.3,17.0
20250503203300,27.67599868774414,89.0,0.0,20.4,6.4,34.7
20250503203400,27.67599868774414,89.0,0.0,19.5,6.2,30.5
20250503203500,27.67599868774414,89.0,0.0,19.1,6.0,26.9
20250503203600,27.67599868774414,89.0,0.0,20.9,5.8,24.3
20250503203700,27.67599868774414,89.0,0.0,20.1,6.5,33.3
20250503203800,27.67599868774414,89.0,0.0,19.0,5.7,25.3
20250503203900,27.67599868774414,89.0,0.0,19.6,6.4,28.2
20250503204000,27.67599868774414,89.0,0.0,20.7,5.8,30.8
20250503204100,27.67599868774414,89.0,0.0,19.9,6.1,17.6
20250503204200,27.67599868774414,89.0,0.0,19.4,5.5,28.5
20250503204300,27.67599868774414,89.0,0.0,19.6,5.7,18.2
20250503204400,27.67599868774414,89.0,0.0,20.9,6.0,20.8
20250503204500,27.67599868774414,89.0,0.0,19.0,6.1,30.1
20250503204600,27.67599868774414,89.0,0.0,19.7,5.8,37.8
20250503204700,27.67599868774414,89.0,0.0,19.8,6.5,29.7
20250503204800,27.67599868774414,89.0,0.0,20.7,6.4,20.7
20250503204900,27.67599868774414,89.0,0.0,19.7,6.1,35.7
20250503205000,27.67599868774414,89.0,0.0,20.1,5.5,19.3
20250503205100,27.67599868774414,89.0,0.0,20.9,6.4,36.7
20250503205200,27.67599868774414,89.0,0.0,20.3,5.8,19.0
20250503205300,27.67599868774414,89.0,0.0,20.3,6.5,36.5
20250503205400,27.67599868774414,89.0,0.0,19.7,6.1,19.4
20250503205500,27.67599868774414,89.0,0.0,19.6,6.3,32.2
20250503205600,27.67599868774414,89.0,0.0,19.2,6.2,29.4
20250503205700,27.67599868774414,89.0,0.0,20.9,5.6,16.3
20250503205800,27.67599868774414,89.0,0.0,20.6,5.8,29.0
20250503205900,27.67599868774414,89.0,0.0,20.9,6.3,36.1
20250503210000,27.42599868774414,90.0,0.0,19.7,6.3,30.3
20250503210100,27.42599868774414,90.0,0.0,19.4,5.8,20.9
20250503210200,27.42599868774414,90.0,0.0,19.7,5.8,16.2
20250503210300,27.42599868774414,90.0,0.0,20.4,5.9,17.5
20250503210400,27.42599868774414,90.0,0.0,20.4,6.5,32.5
20250503210500,27.42599868774414,90.0,0.0,19.0,6.0,23.7
20250503210600,27.42599868774414,90.0,0.0,20.0,6.4,37.8
20250503210700,27.42599868774414,90.0,0.0,20.9,6.4,39.9
20250503210800,27.42599868774414,90.0,0.0,19.2,6.3,18.1
20250503210900,27.42599868774414,90.0,0.0,19.6,6.1,15.9
20250503211000,27.42599868774414,90.0,0.0,20.1,6.0,28.7
20250503211100,27.42599868774414,90.0,0.0,19.3,5.6,16.6
20250503211200,27.42599868774414,90.0,0.0,19.4,5.8,33.7
20250503211300,27.42599868774414,90.0,0.0,19.8,6.4,26.9
20250503211400,27.42599868774414,90.0,0.0,19.7,5.6,39.6
20250503211500,27.42599868774414,90.0,0.0,19.0,6.2,15.1
20250503211600,27.42599868774414,90.0,0.0,20.1,6.0,21.9
20250503211700,27.42599868774414,90.0,0.0,19.5,6.3,36.5
20250503211800,27.42599868774414,90.0,0.0,20.9,6.1,30.0
20250503211900,27.42599868774414,90.0,0.0,20.3,5.6,19.1
20250503212000,27.42599868774414,90.0,0.0,19.0,6.1,28.4
20250503212100,27.42599868774414,90.0,0.0,20.3,6.5,22.8
20250503212200,27.42599868774414,90.0,0.0,19.6,6.1,35.0
20250503212300,27.42599868774414,90.0,0.0,19.1,5.8,16.0
20250503212400,27.42599868774414,90.0,0.0,20.6,5.8,35.8
20250503212500,27.42599868774414,90.0,0.0,19.9,5.7,23.3
20250503212600,27.42599868774414,90.0,0.0,20.9,5.6,28.6
20250503212700,27.42599868774414,90.0,0.0,20.1,6.1,26.5
20250503212800,27.42599868774414,90.0,0.0,19.7,6.4,19.9
20250503212900,27.42599868774414,90.0,0.0,19.3,5.8,27.6
20250503213000,27.42599868774414,90.0,0.0,20.9,5.9,38.9
20250503213100,27.42599868774414,90.0,0.0,20.6,6.5,35.9
20250503213200,27.42599868774414,90.0,0.0,20.5,6.2,25.9
20250503213300,27.42599868774414,90.0,0.0,20.2,5.8,28.4
20250503213400,27.42599868774414,90.0,0.0,19.1,6.2,21.2
20250503213500,27.42599868774414,90.0,0.0,20.0,5.6,36.7
20250503213600,27.42599868774414,90.0,0.0,20.5,5.6,23.2
20250503213700,27.42599868774414,90.0,0.0,19.7,6.0,25.8
20250503213800,27.42599868774414,90.0,0.0,20.3,6.3,24.1
20250503213900,27.42599868774414,90.0,0.0,20.6,6.0,33.4
20250503214000,27.42599868774414,90.0,0.0,19.8,6.3,37.9
20250503214100,27.42599868774414,90.0,0.0,20.1,5.9,22.5
20250503214200,27.42599868774414,90.0,0.0,19.5,5.9,27.7
20250503214300,27.42599868774414,90.0,0.0,20.4,5.6,18.6
20250503214400,27.42599868774414,90.0,0.0,20.2,6.0,21.5
20250503214500,27.42599868774414,90.0,0.0,19.7,6.1,36.4
20250503214600,27.42599868774414,90.0,0.0,20.5,5.9,15.8
20250503214700,27.42599868774414,90.0,0.0,20.4,5.7,20.7
20250503214800,27.42599868774414,90.0,0.0,20.8,6.1,18.8
20250503214900,27.42599868774414,90.0,0.0,19.0,6.0,32.7
20250503215000,27.42599868774414,90.0,0.0,19.2,6.1,26.4
20250503215100,27.42599868774414,90.0,0.0,19.7,5.6,33.7
20250503215200,27.42599868774414,90.0,0.0,19.0,5.9,30.0
20250503215300,27.42599868774414,90.0,0.0,19.9,6.2,30.8
20250503215400,27.42599868774414,90.0,0.0,20.9,5.8,27.7
20250503215500,27.42599868774414,90.0,0.0,20.6,6.5,16.2
20250503215600,27.42599868774414,90.0,0.0,20.8,6.1,36.2
20250503215700,27.42599868774414,90.0,0.0,19.9,6.2,32.7
20250503215800,27.42599868774414,90.0,0.0,19.8,5.9,25.2
20250503215900,27.42599868774414,90.0,0.0,19.2,6.5,16.1
20250503220000,27.17599868774414,91.0,0.0,20.2,5.9,36.9
20250503220100,27.17599868774414,91.0,0.0,20.4,6.0,23.0
20250503220200,27.17599868774414,91.0,0.0,20.1,6.5,30.3
20250503220300,27.17599868774414,91.0,0.0,19.0,6.5,30.3
20250503220400,27.17599868774414,91.0,0.0,20.5,6.2,18.3
20250503220500,27.17599868774414,91.0,0.0,19.6,6.1,25.9
20250503220600,27.17599868774414,91.0,0.0,20.4,6.4,29.1
20250503220700,27.17599868774414,91.0,0.0,19.0,6.3,16.9
20250503220800,27.17599868774414,91.0,0.0,20.8,5.9,19.2
20250503220900,27.17599868774414,91.0,0.0,19.1,6.0,26.3
20250503221000,27.17599868774414,91.0,0.0,19.6,6.2,19.8
20250503221100,27.17599868774414,91.0,0.0,20.5,6.3,24.8
20250503221200,27.17599868774414,91.0,0.0,19.5,5.7,29.1
20250503221300,27.17599868774414,91.0,0.0,20.8,6.1,18.9
20250503221400,27.17599868774414,91.0,0.0,19.1,6.2,34.3
20250503221500,27.17599868774414,91.0,0.0,20.3,6.4,34.4
20250503221600,27.17599868774414,91.0,0.0,20.0,5.7,21.0
20250503221700,27.17599868774414,91.0,0.0,20.1,6.1,25.4
20250503221800,27.17599868774414,91.0,0.0,20.9,5.7,23.3
20250503221900,27.17599868774414,91.0,0.0,19.8,5.7,33.1
20250503222000,27.17599868774414,91.0,0.0,20.1,6.1,29.8
20250503222100,27.17599868774414,91.0,0.0,19.0,5.9,15.8
20250503222200,27.17599868774414,91.0,0.0,19.1,5.7,30.1
20250503222300,27.17599868774414,91.0,0.0,20.2,5.6,30.9
20250503222400,27.17599868774414,91.0,0.0,20.1,6.1,36.5
20250503222500,27.17599868774414,91.0,0.0,19.3,6.4,25.2
20250503222600,27.17599868774414,91.0,0.0,19.2,5.9,26.8
20250503222700,27.17599868774414,91.0,0.0,19.7,5.6,31.2
20250503222800,27.17599868774414,91.0,0.0,20.4,6.1,18.2
20250503222900,27.17599868774414,91.0,0.0,19.5,6.5,20.7
20250503223000,27.17599868774414,91.0,0.0,20.9,6.3,17.0
20250503223100,27.17599868774414,91.0,0.0,19.7,6.2,26.3
20250503223200,27.17599868774414,91.0,0.0,20.1,6.4,37.7
20250503223300,27.17599868774414,91.0,0.0,20.8,5.8,19.0
20250503223400,27.17599868774414,91.0,0.0,20.4,5.9,33.3
20250503223500,27.17599868774414,91.0,0.0,19.4,5.6,27.3
20250503223600,27.17599868774414,91.0,0.0,19.5,5.7,26.2
20250503223700,27.17599868774414,91.0,0.0,19.7,5.6,15.7
20250503223800,27.17599868774414,91.0,0.0,20.6,6.1,31.1
20250503223900,27.17599868774414,91.0,0.0,19.3,6.4,28.1
20250503224000,27.17599868774414,91.0,0.0,21.0,6.3,36.9
20250503224100,27.17599868774414,91.0,0.0,20.2,6.5,32.8
20250503224200,27.17599868774414,91.0,0.0,19.9,5.6,34.7
20250503224300,27.17599868774414,91.0,0.0,19.8,6.2,21.4
20250503224400,27.17599868774414,91.0,0.0,19.7,5.6,24.5
20250503224500,27.17599868774414,91.0,0.0,20.0,5.8,27.4
20250503224600,27.17599868774414,91.0,0.0,20.2,6.3,38.7
20250503224700,27.17599868774414,91.0,0.0,20.7,6.2,22.3
20250503224800,27.17599868774414,91.0,0.0,21.0,6.0,20.6
20250503224900,27.17599868774414,91.0,0.0,20.0,5.7,15.8
20250503225000,27.17599868774414,91.0,0.0,19.6,5.7,35.3
20250503225100,27.17599868774414,91.0,0.0,20.3,5.6,31.8
20250503225200,27.17599868774414,91.0,0.0,20.7,6.5,34.6
20250503225300,27.17599868774414,91.0,0.0,19.4,5.8,30.3
20250503225400,27.17599868774414,91.0,0.0,20.7,6.1,20.2
20250503225500,27.17599868774414,91.0,0.0,19.5,6.2,36.4
20250503225600,27.17599868774414,91.0,0.0,20.4,5.7,20.8
20250503225700,27.17599868774414,91.0,0.0,19.3,6.3,31.5
20250503225800,27.17599868774414,91.0,0.0,20.3,5.8,36.4
20250503225900,27.17599868774414,91.0,0.0,20.1,6.3,20.6
20250503230000,26.875999450683594,92.0,0.0,20.3,6.3,16.5
20250503230100,26.875999450683594,92.0,0.0,21.0,6.1,16.5
20250503230200,26.875999450683594,92.0,0.0,19.4,5.9,38.2
20250503230300,26.875999450683594,92.0,0.0,20.0,5.6,31.8
20250503230400,26.875999450683594,92.0,0.0,19.2,5.7,21.7
20250503230500,26.875999450683594,92.0,0.0,19.1,6.2,32.2
20250503230600,26.875999450683594,92.0,0.0,19.0,5.7,36.8
20250503230700,26.875999450683594,92.0,0.0,19.9,5.7,31.3
20250503230800,26.875999450683594,92.0,0.0,19.1,6.4,33.7
20250503230900,26.875999450683594,92.0,0.0,19.1,6.4,20.2
20250503231000,26.875999450683594,92.0,0.0,20.5,5.7,37.4
20250503231100,26.875999450683594,92.0,0.0,20.5,6.4,35.3
20250503231200,26.875999450683594,92.0,0.0,19.3,5.6,33.9
20250503231300,26.875999450683594,92.0,0.0,20.4,6.3,39.0
20250503231400,26.875999450683594,92.0,0.0,19.5,5.9,37.0
20250503231500,26.875999450683594,92.0,0.0,19.9,6.1,21.0
20250503231600,26.875999450683594,92.0,0.0,19.6,6.4,23.8
20250503231700,26.875999450683594,92.0,0.0,20.8,6.0,25.6
20250503231800,26.875999450683594,92.0,0.0,20.1,5.6,22.3
20250503231900,26.875999450683594,92.0,0.0,19.8,5.9,35.5
20250503232000,26.875999450683594,92.0,0.0,19.3,6.0,29.5
20250503232100,26.875999450683594,92.0,0.0,21.0,5.5,35.1
20250503232200,26.875999450683594,92.0,0.0,21.0,5.8,29.6
20250503232300,26.875999450683594,92.0,0.0,21.0,6.0,16.3
20250503232400,26.875999450683594,92.0,0.0,19.1,6.3,20.1
20250503232500,26.875999450683594,92.0,0.0,19.1,5.8,18.4
20250503232600,26.875999450683594,92.0,0.0,21.0,6.1,23.2
20250503232700,26.875999450683594,92.0,0.0,20.0,5.7,35.8
20250503232800,26.875999450683594,92.0,0.0,20.3,5.9,15.8
20250503232900,26.875999450683594,92.0,0.0,19.3,5.6,17.6
20250503233000,26.875999450683594,92.0,0.0,19.4,6.1,28.3
20250503233100,26.875999450683594,92.0,0.0,20.6,6.3,37.1
20250503233200,26.875999450683594,92.0,0.0,19.2,5.9,36.9
20250503233300,26.875999450683594,92.0,0.0,19.7,5.5,31.2
20250503233400,26.875999450683594,92.0,0.0,19.5,5.9,15.7
20250503233500,26.875999450683594,92.0,0.0,19.1,6.1,17.6
20250503233600,26.875999450683594,92.0,0.0,20.1,5.5,18.0
20250503233700,26.875999450683594,92.0,0.0,19.5,5.7,16.6
20250503233800,26.875999450683594,92.0,0.0,19.5,6.2,24.4
20250503233900,26.875999450683594,92.0,0.0,20.4,5.9,15.7
20250503234000,26.875999450683594,92.0,0.0,19.0,6.4,38.9
20250503234100,26.875999450683594,92.0,0.0,20.8,5.9,29.6
20250503234200,26.875999450683594,92.0,0.0,19.4,6.1,30.4
20250503234300,26.875999450683594,92.0,0.0,19.1,6.2,38.3
20250503234400,26.875999450683594,92.0,0.0,20.2,5.5,30.8
20250503234500,26.875999450683594,92.0,0.0,19.6,6.2,36.5
20250503234600,26.875999450683594,92.0,0.0,19.5,6.1,24.7
20250503234700,26.875999450683594,92.0,0.0,20.8,5.8,32.0
20250503234800,26.875999450683594,92.0,0.0,19.4,6.1,26.6
20250503234900,26.875999450683594,92.0,0.0,20.4,6.4,17.8
20250503235000,26.875999450683594,92.0,0.0,20.4,6.4,20.9
20250503235100,26.875999450683594,92.0,0.0,20.9,6.0,24.2
20250503235200,26.875999450683594,92.0,0.0,19.9,6.0,36.0
20250503235300,26.875999450683594,92.0,0.0,19.9,5.7,26.6
20250503235400,26.875999450683594,92.0,0.0,20.4,5.6,18.1
20250503235500,26.875999450683594,92.0,0.0,20.7,6.3,17.6
20250503235600,26.875999450683594,92.0,0.0,20.6,6.3,31.0
20250503235700,26.875999450683594,92.0,0.0,20.6,5.6,17.4
20250503235800,26.875999450683594,92.0,0.0,20.8,5.7,19.3
20250503235900,26.875999450683594,92.0,0.0,20.7,6.2,17.6
20250504000000,26.625999450683594,93.0,0.0,19.1,5.6,19.2
20250504000100,26.625999450683594,93.0,0.0,20.1,6.2,25.2
20250504000200,26.625999450683594,93.0,0.0,20.0,6.0,21.5
20250504000300,26.625999450683594,93.0,0.0,20.8,6.3,27.7
20250504000400,26.625999450683594,93.0,0.0,19.0,6.2,16.5
20250504000500,26.625999450683594,93.0,0.0,19.8,5.9,31.8
20250504000600,26.625999450683594,93.0,0.0,20.9,5.5,16.7
20250504000700,26.625999450683594,93.0,0.0,19.4,6.0,23.1
20250504000800,26.625999450683594,93.0,0.0,20.2,5.6,37.9
20250504000900,26.625999450683594,93.0,0.0,19.7,5.9,31.1
20250504001000,26.625999450683594,93.0,0.0,19.2,5.7,35.9
20250504001100,26.625999450683594,93.0,0.0,20.4,6.1,24.3
20250504001200,26.625999450683594,93.0,0.0,19.9,6.0,28.1
20250504001300,26.625999450683594,93.0,0.0,20.2,6.2,23.9
20250504001400,26.625999450683594,93.0,0.0,20.7,5.9,20.4
20250504001500,26.625999450683594,93.0,0.0,20.9,5.6,19.1
20250504001600,26.625999450683594,93.0,0.0,19.6,6.0,24.5
20250504001700,26.625999450683594,93.0,0.0,19.1,6.4,33.5
20250504001800,26.625999450683594,93.0,0.0,20.9,5.6,30.4
20250504001900,26.625999450683594,93.0,0.0,20.2,6.3,28.4
20250504002000,26.625999450683594,93.0,0.0,19.3,6.4,26.3
20250504002100,26.625999450683594,93.0,0.0,19.3,6.2,31.5
20250504002200,26.625999450683594,93.0,0.0,20.3,5.9,30.8
20250504002300,26.625999450683594,93.0,0.0,20.3,5.5,31.7
20250504002400,26.625999450683594,93.0,0.0,19.8,6.4,31.0
20250504002500,26.625999450683594,93.0,0.0,19.3,6.0,24.2
20250504002600,26.625999450683594,93.0,0.0,20.4,5.9,33.3
20250504002700,26.625999450683594,93.0,0.0,19.3,6.1,37.7
20250504002800,26.625999450683594,93.0,0.0,19.4,5.8,28.0
20250504002900,26.625999450683594,93.0,0.0,21.0,6.0,21.9
20250504003000,26.625999450683594,93.0,0.0,20.5,5.7,26.3
20250504003100,26.625999450683594,93.0,0.0,20.7,6.0,21.2
20250504003200,26.625999450683594,93.0,0.0,19.8,5.9,32.5
20250504003300,26.625999450683594,93.0,0.0,19.5,5.9,22.6
20250504003400,26.625999450683594,93.0,0.0,20.8,6.1,25.6
20250504003500,26.625999450683594,93.0,0.0,19.5,5.8,33.7
20250504003600,26.625999450683594,93.0,0.0,20.5,6.4,31.1
20250504003700,26.625999450683594,93.0,0.0,19.4,6.2,31.9
20250504003800,26.625999450683594,93.0,0.0,19.8,5.6,19.4
20250504003900,26.625999450683594,93.0,0.0,20.3,6.3,30.5
20250504004000,26.625999450683594,93.0,0.0,20.4,6.1,19.8
20250504004100,26.625999450683594,93.0,0.0,20.2,6.0,16.6
20250504004200,26.625999450683594,93.0,0.0,19.5,5.8,18.8
20250504004300,26.625999450683594,93.0,0.0,20.4,5.8,32.3
20250504004400,26.625999450683594,93.0,0.0,20.0,5.9,16.9
20250504004500,26.625999450683594,93.0,0.0,19.1,5.8,26.0
20250504004600,26.625999450683594,93.0,0.0,19.7,6.4,34.8
20250504004700,26.625999450683594,93.0,0.0,19.8,5.7,36.5
20250504004800,26.625999450683594,93.0,0.0,20.8,6.2,37.5
20250504004900,26.625999450683594,93.0,0.0,19.3,6.3,20.9
20250504005000,26.625999450683594,93.0,0.0,19.0,6.0,20.8
20250504005100,26.625999450683594,93.0,0.0,19.0,6.1,29.2
20250504005200,26.625999450683594,93.0,0.0,20.7,5.6,24.3
20250504005300,26.625999450683594,93.0,0.0,20.1,6.3,37.4
20250504005400,26.625999450683594,93.0,0.0,19.5,6.3,26.0
20250504005500,26.625999450683594,93.0,0.0,19.4,5.9,25.7
20250504005600,26.625999450683594,93.0,0.0,20.1,6.2,38.7
20250504005700,26.625999450683594,93.0,0.0,19.7,6.3,23.4
20250504005800,26.625999450683594,93.0,0.0,19.3,5.8,37.6
20250504005900,26.625999450683594,93.0,0.0,19.0,5.7,30.6
20250504010000,26.375999450683594,94.0,0.0,20.1,6.4,32.6
20250504010100,26.375999450683594,94.0,0.0,19.8,6.2,31.0
20250504010200,26.375999450683594,94.0,0.0,20.4,6.0,27.6
20250504010300,26.375999450683594,94.0,0.0,20.2,5.7,26.7
20250504010400,26.375999450683594,94.0,0.0,20.4,5.5,31.6
20250504010500,26.375999450683594,94.0,0.0,19.5,5.9,32.1
20250504010600,26.375999450683594,94.0,0.0,19.6,5.8,39.7
20250504010700,26.375999450683594,94.0,0.0,20.1,6.3,20.1
20250504010800,26.375999450683594,94.0,0.0,20.7,6.4,25.6
20250504010900,26.375999450683594,94.0,0.0,20.9,6.3,30.2
20250504011000,26.375999450683594,94.0,0.0,19.2,6.3,28.0
20250504011100,26.375999450683594,94.0,0.0,20.8,5.8,30.7
20250504011200,26.375999450683594,94.0,0.0,20.8,6.5,15.9
20250504011300,26.375999450683594,94.0,0.0,20.6,6.2,21.5
20250504011400,26.375999450683594,94.0,0.0,20.3,6.1,22.2
20250504011500,26.375999450683594,94.0,0.0,20.7,5.5,29.8
20250504011600,26.375999450683594,94.0,0.0,20.1,6.1,32.1
20250504011700,26.375999450683594,94.0,0.0,19.9,5.9,18.1
20250504011800,26.375999450683594,94.0,0.0,20.0,5.9,28.5
20250504011900,26.375999450683594,94.0,0.0,20.4,5.9,34.3
20250504012000,26.375999450683594,94.0,0.0,20.2,5.7,16.9
20250504012100,26.375999450683594,94.0,0.0,19.4,6.2,37.2
20250504012200,26.375999450683594,94.0,0.0,20.6,5.7,17.0
20250504012300,26.375999450683594,94.0,0.0,19.4,5.8,19.4
20250504012400,26.375999450683594,94.0,0.0,20.3,6.5,19.1
20250504012500,26.375999450683594,94.0,0.0,19.5,5.9,26.9
20250504012600,26.375999450683594,94.0,0.0,20.5,6.4,20.1
20250504012700,26.375999450683594,94.0,0.0,19.0,6.0,22.9
20250504012800,26.375999450683594,94.0,0.0,20.8,5.9,38.3
20250504012900,26.375999450683594,94.0,0.0,20.2,5.9,33.1
20250504013000,26.375999450683594,94.0,0.0,20.9,5.7,29.3
20250504013100,26.375999450683594,94.0,0.0,19.7,5.8,19.8
20250504013200,26.375999450683594,94.0,0.0,19.7,6.2,16.2
20250504013300,26.375999450683594,94.0,0.0,19.4,6.1,15.3
20250504013400,26.375999450683594,94.0,0.0,20.5,6.0,31.6
20250504013500,26.375999450683594,94.0,0.0,19.5,6.4,36.7
20250504013600,26.375999450683594,94.0,0.0,19.3,6.0,27.1
20250504013700,26.375999450683594,94.0,0.0,19.0,5.7,15.5
20250504013800,26.375999450683594,94.0,0.0,20.0,6.3,16.2
20250504013900,26.375999450683594,94.0,0.0,20.2,5.6,38.8
20250504014000,26.375999450683594,94.0,0.0,20.9,5.6,28.9
20250504014100,26.375999450683594,94.0,0.0,19.3,5.9,18.4
20250504014200,26.375999450683594,94.0,0.0,19.6,6.4,37.6
20250504014300,26.375999450683594,94.0,0.0,19.2,6.4,38.2
20250504014400,26.375999450683594,94.0,0.0,19.6,5.8,28.7
20250504014500,26.375999450683594,94.0,0.0,19.1,5.6,39.4
20250504014600,26.375999450683594,94.0,0.0,20.7,5.8,18.7
20250504014700,26.375999450683594,94.0,0.0,19.8,6.0,31.9
20250504014800,26.375999450683594,94.0,0.0,21.0,6.4,22.7
20250504014900,26.375999450683594,94.0,0.0,19.2,6.3,36.9
20250504015000,26.375999450683594,94.0,0.0,21.0,6.0,35.5
20250504015100,26.375999450683594,94.0,0.0,19.6,5.8,30.5
20250504015200,26.375999450683594,94.0,0.0,20.5,6.1,20.2
20250504015300,26.375999450683594,94.0,0.0,20.2,5.9,24.4
20250504015400,26.375999450683594,94.0,0.0,19.0,5.9,17.2
20250504015500,26.375999450683594,94.0,0.0,19.0,6.4,23.3
20250504015600,26.375999450683594,94.0,0.0,20.0,5.8,38.3
20250504015700,26.375999450683594,94.0,0.0,20.5,5.7,21.2
20250504015800,26.375999450683594,94.0,0.0,19.2,6.3,33.6
20250504015900,26.375999450683594,94.0,0.0,20.2,6.0,22.1
20250504020000,26.22599983215332,94.0,0.0,20.8,5.7,30.1
20250504020100,26.22599983215332,94.0,0.0,19.4,6.0,20.6
20250504020200,26.22599983215332,94.0,0.0,19.1,6.0,19.6
20250504020300,26.22599983215332,94.0,0.0,19.5,6.0,31.6
20250504020400,26.22599983215332,94.0,0.0,20.9,5.9,34.2
20250504020500,26.22599983215332,94.0,0.0,20.8,6.3,30.0
20250504020600,26.22599983215332,94.0,0.0,21.0,5.6,16.7
20250504020700,26.22599983215332,94.0,0.0,20.5,5.8,35.1
20250504020800,26.22599983215332,94.0,0.0,20.8,6.3,22.0
20250504020900,26.22599983215332,94.0,0.0,19.0,6.1,16.6
20250504021000,26.22599983215332,94.0,0.0,19.8,6.2,24.7
20250504021100,26.22599983215332,94.0,0.0,20.0,5.9,33.3
20250504021200,26.22599983215332,94.0,0.0,20.1,6.3,36.8
20250504021300,26.22599983215332,94.0,0.0,19.7,6.4,22.8
20250504021400,26.22599983215332,94.0,0.0,19.8,6.0,33.2
20250504021500,26.22599983215332,94.0,0.0,19.5,5.9,36.9
20250504021600,26.22599983215332,94.0,0.0,20.2,6.0,33.0
20250504021700,26.22599983215332,94.0,0.0,19.2,5.8,16.5
20250504021800,26.22599983215332,94.0,0.0,20.2,6.2,18.7
20250504021900,26.22599983215332,94.0,0.0,19.2,6.4,18.4
20250504022000,26.22599983215332,94.0,0.0,20.0,6.4,35.3
20250504022100,26.22599983215332,94.0,0.0,19.0,5.6,36.5
20250504022200,26.22599983215332,94.0,0.0,19.7,6.5,22.1
20250504022300,26.22599983215332,94.0,0.0,19.2,6.1,15.3
20250504022400,26.22599983215332,94.0,0.0,19.3,6.4,22.9
20250504022500,26.22599983215332,94.0,0.0,20.1,5.6,29.7
20250504022600,26.22599983215332,94.0,0.0,19.5,5.9,32.7
20250504022700,26.22599983215332,94.0,0.0,20.1,5.9,28.9
20250504022800,26.22599983215332,94.0,0.0,20.6,5.7,19.5
20250504022900,26.22599983215332,94.0,0.0,20.7,6.5,32.0
20250504023000,26.22599983215332,94.0,0.0,20.0,5.9,32.7
20250504023100,26.22599983215332,94.0,0.0,19.0,6.3,15.4
20250504023200,26.22599983215332,94.0,0.0,19.0,6.1,19.9
20250504023300,26.22599983215332,94.0,0.0,20.7,5.8,24.7
20250504023400,26.22599983215332,94.0,0.0,19.2,6.3,39.3
20250504023500,26.22599983215332,94.0,0.0,19.9,6.0,29.1
20250504023600,26.22599983215332,94.0,0.0,19.2,6.5,27.3
20250504023700,26.22599983215332,94.0,0.0,19.4,6.0,23.9
20250504023800,26.22599983215332,94.0,0.0,20.7,5.8,24.0
20250504023900,26.22599983215332,94.0,0.0,19.4,6.2,28.4
20250504024000,26.22599983215332,94.0,0.0,20.2,6.0,20.3
20250504024100,26.22599983215332,94.0,0.0,19.4,5.8,27.2
20250504024200,26.22599983215332,94.0,0.0,20.3,6.2,18.3
20250504024300,26.22599983215332,94.0,0.0,20.3,5.6,30.9
20250504024400,26.22599983215332,94.0,0.0,20.5,6.2,34.4
20250504024500,26.22599983215332,94.0,0.0,20.8,6.5,25.3
20250504024600,26.22599983215332,94.0,0.0,20.0,5.6,37.3
20250504024700,26.22599983215332,94.0,0.0,19.6,6.4,29.4
20250504024800,26.22599983215332,94.0,0.0,19.0,6.4,20.2
20250504024900,26.22599983215332,94.0,0.0,20.0,5.7,39.2
20250504025000,26.22599983215332,94.0,0.0,19.7,6.3,15.7
20250504025100,26.22599983215332,94.0,0.0,20.5,5.5,37.1
20250504025200,26.22599983215332,94.0,0.0,19.4,6.1,36.4
20250504025300,26.22599983215332,94.0,0.0,19.6,5.9,18.7
20250504025400,26.22599983215332,94.0,0.0,19.1,5.8,27.2
20250504025500,26.22599983215332,94.0,0.0,20.3,5.9,25.7
20250504025600,26.22599983215332,94.0,0.0,20.6,6.0,16.1
20250504025700,26.22599983215332,94.0,0.0,20.6,6.1,24.4
20250504025800,26.22599983215332,94.0,0.0,19.7,6.4,31.7
20250504025900,26.22599983215332,94.0,0.0,20.6,5.7,24.4
20250504030000,26.075998306274414,94.0,0.0,20.9,6.2,36.8
20250504030100,26.075998306274414,94.0,0.0,20.9,5.7,19.0
20250504030200,26.075998306274414,94.0,0.0,19.9,6.3,36.3
20250504030300,26.075998306274414,94.0,0.0,19.8,5.6,26.2
20250504030400,26.075998306274414,94.0,0.0,21.0,6.2,32.9
20250504030500,26.075998306274414,94.0,0.0,20.4,5.8,26.5
20250504030600,26.075998306274414,94.0,0.0,20.0,6.5,15.8
20250504030700,26.075998306274414,94.0,0.0,20.0,5.7,19.1
20250504030800,26.075998306274414,94.0,0.0,19.2,6.2,31.7
20250504030900,26.075998306274414,94.0,0.0,20.9,5.9,35.5
20250504031000,26.075998306274414,94.0,0.0,19.6,6.0,25.5
20250504031100,26.075998306274414,94.0,0.0,19.4,6.4,22.0
20250504031200,26.075998306274414,94.0,0.0,19.0,6.2,19.6
20250504031300,26.075998306274414,94.0,0.0,20.4,5.8,28.5
20250504031400,26.075998306274414,94.0,0.0,20.5,5.9,35.1
20250504031500,26.075998306274414,94.0,0.0,20.7,5.6,19.6
20250504031600,26.075998306274414,94.0,0.0,20.2,6.5,26.8
20250504031700,26.075998306274414,94.0,0.0,21.0,5.7,29.6
20250504031800,26.075998306274414,94.0,0.0,19.7,5.8,18.4
20250504031900,26.075998306274414,94.0,0.0,21.0,5.7,20.1
20250504032000,26.075998306274414,94.0,0.0,20.3,5.7,37.3
20250504032100,26.075998306274414,94.0,0.0,21.0,5.9,18.0
20250504032200,26.075998306274414,94.0,0.0,20.0,6.1,32.7
20250504032300,26.075998306274414,94.0,0.0,20.0,6.0,16.2
20250504032400,26.075998306274414,94.0,0.0,20.1,5.9,18.3
20250504032500,26.075998306274414,94.0,0.0,19.6,6.5,18.1
20250504032600,26.075998306274414,94.0,0.0,20.5,5.6,20.9
20250504032700,26.075998306274414,94.0,0.0,19.0,5.9,37.4
20250504032800,26.075998306274414,94.0,0.0,19.3,5.7,19.2
20250504032900,26.075998306274414,94.0,0.0,19.6,5.5,36.2
20250504033000,26.075998306274414,94.0,0.0,19.9,6.0,29.1
20250504033100,26.075998306274414,94.0,0.0,20.7,5.7,17.9
20250504033200,26.075998306274414,94.0,0.0,19.5,5.8,24.9
20250504033300,26.075998306274414,94.0,0.0,20.2,5.5,39.9
20250504033400,26.075998306274414,94.0,0.0,20.0,6.5,35.9
20250504033500,26.075998306274414,94.0,0.0,20.9,6.5,16.2
20250504033600,26.075998306274414,94.0,0.0,20.3,6.0,27.7
20250504033700,26.075998306274414,94.0,0.0,20.9,5.7,30.2
20250504033800,26.075998306274414,94.0,0.0,20.8,5.9,20.0
20250504033900,26.075998306274414,94.0,0.0,20.3,5.7,33.9
20250504034000,26.075998306274414,94.0,0.0,20.8,5.9,34.9
20250504034100,26.075998306274414,94.0,0.0,20.0,6.3,23.9
20250504034200,26.075998306274414,94.0,0.0,19.8,5.7,29.5
20250504034300,26.075998306274414,94.0,0.0,20.5,6.4,18.9
20250504034400,26.075998306274414,94.0,0.0,19.7,6.0,34.6
20250504034500,26.075998306274414,94.0,0.0,19.3,5.9,36.6
20250504034600,26.075998306274414,94.0,0.0,20.2,6.4,30.3
20250504034700,26.075998306274414,94.0,0.0,19.0,6.1,30.5
20250504034800,26.075998306274414,94.0,0.0,19.6,6.4,22.8
20250504034900,26.075998306274414,94.0,0.0,20.4,6.4,26.1
20250504035000,26.075998306274414,94.0,0.0,19.4,6.3,38.9
20250504035100,26.075998306274414,94.0,0.0,19.8,6.4,36.6
20250504035200,26.075998306274414,94.0,0.0,19.2,5.5,24.6
20250504035300,26.075998306274414,94.0,0.0,19.5,5.7,18.4
20250504035400,26.075998306274414,94.0,0.0,20.2,6.2,15.1
20250504035500,26.075998306274414,94.0,0.0,20.8,6.0,20.4
20250504035600,26.075998306274414,94.0,0.0,19.9,5.9,29.3
20250504035700,26.075998306274414,94.0,0.0,19.9,5.7,39.7
20250504035800,26.075998306274414,94.0,0.0,20.2,6.3,21.6
20250504035900,26.075998306274414,94.0,0.0,19.0,6.1,25.9
20250504040000,26.125999450683594,94.0,0.0,20.6,5.9,37.0
20250504040100,26.125999450683594,94.0,0.0,19.1,6.0,29.5
20250504040200,26.125999450683594,94.0,0.0,20.4,5.8,32.1
20250504040300,26.125999450683594,94.0,0.0,19.1,5.7,26.1
20250504040400,26.125999450683594,94.0,0.0,20.0,5.9,38.2
20250504040500,26.125999450683594,94.0,0.0,20.6,5.9,36.0
20250504040600,26.125999450683594,94.0,0.0,19.6,5.8,19.2
20250504040700,26.125999450683594,94.0,0.0,19.2,6.1,23.0
20250504040800,26.125999450683594,94.0,0.0,20.8,5.6,32.9
20250504040900,26.125999450683594,94.0,0.0,19.6,6.5,24.0
20250504041000,26.125999450683594,94.0,0.0,19.9,5.7,22.8
20250504041100,26.125999450683594,94.0,0.0,20.8,6.5,23.6
20250504041200,26.125999450683594,94.0,0.0,19.6,6.4,26.8
20250504041300,26.125999450683594,94.0,0.0,19.5,6.2,39.5
20250504041400,26.125999450683594,94.0,0.0,20.4,5.9,17.3
20250504041500,26.125999450683594,94.0,0.0,20.0,6.2,37.5
20250504041600,26.125999450683594,94.0,0.0,19.2,5.8,24.4
20250504041700,26.125999450683594,94.0,0.0,20.0,5.7,23.5
20250504041800,26.125999450683594,94.0,0.0,19.3,6.0,32.4
20250504041900,26.125999450683594,94.0,0.0,20.2,6.2,39.8
20250504042000,26.125999450683594,94.0,0.0,20.8,6.5,29.7
20250504042100,26.125999450683594,94.0,0.0,19.3,6.1,18.9
20250504042200,26.125999450683594,94.0,0.0,19.2,5.6,36.7
20250504042300,26.125999450683594,94.0,0.0,19.0,5.8,22.0
20250504042400,26.125999450683594,94.0,0.0,20.2,6.4,20.3
20250504042500,26.125999450683594,94.0,0.0,20.0,6.4,28.1
20250504042600,26.125999450683594,94.0,0.0,20.5,6.0,24.1
20250504042700,26.125999450683594,94.0,0.0,20.0,6.4,35.7
20250504042800,26.125999450683594,94.0,0.0,20.7,6.0,32.0
20250504042900,26.125999450683594,94.0,0.0,19.7,5.6,38.4
20250504043000,26.125999450683594,94.0,0.0,20.5,6.2,37.3
20250504043100,26.125999450683594,94.0,0.0,19.9,5.9,20.9
20250504043200,26.125999450683594,94.0,0.0,20.4,6.2,27.3
20250504043300,26.125999450683594,94.0,0.0,19.5,6.3,21.9
20250504043400,26.125999450683594,94.0,0.0,19.8,5.7,19.4
20250504043500,26.125999450683594,94.0,0.0,19.5,6.2,39.6
20250504043600,26.125999450683594,94.0,0.0,20.3,5.8,32.8
20250504043700,26.125999450683594,94.0,0.0,20.5,5.5,34.1
20250504043800,26.125999450683594,94.0,0.0,20.3,5.8,15.5
20250504043900,26.125999450683594,94.0,0.0,20.3,6.4,30.3
20250504044000,26.125999450683594,94.0,0.0,19.2,6.4,25.3
20250504044100,26.125999450683594,94.0,0.0,19.9,5.9,35.2
20250504044200,26.125999450683594,94.0,0.0,19.9,5.7,31.9
20250504044300,26.125999450683594,94.0,0.0,19.4,5.9,22.6
20250504044400,26.125999450683594,94.0,0.0,20.1,6.0,32.8
20250504044500,26.125999450683594,94.0,0.0,21.0,6.0,33.4
20250504044600,26.125999450683594,94.0,0.0,19.5,6.1,20.1
20250504044700,26.125999450683594,94.0,0.0,20.7,5.8,17.4
20250504044800,26.125999450683594,94.0,0.0,20.7,5.8,20.5
20250504044900,26.125999450683594,94.0,0.0,19.6,6.2,21.4
20250504045000,26.125999450683594,94.0,0.0,19.5,6.4,29.0
20250504045100,26.125999450683594,94.0,0.0,20.6,5.7,35.9
20250504045200,26.125999450683594,94.0,0.0,19.6,6.3,25.4
20250504045300,26.125999450683594,94.0,0.0,19.3,6.5,39.3
20250504045400,26.125999450683594,94.0,0.0,19.9,5.6,33.2
20250504045500,26.125999450683594,94.0,0.0,20.1,6.1,24.8
20250504045600,26.125999450683594,94.0,0.0,19.3,6.0,22.1
20250504045700,26.125999450683594,94.0,0.0,20.8,6.4,37.8
20250504045800,26.125999450683594,94.0,0.0,19.2,6.4,22.0
20250504045900,26.125999450683594,94.0,0.0,20.0,5.8,16.6
20250504050000,26.325998306274414,93.0,0.0,19.9,5.8,17.4
20250504050100,26.325998306274414,93.0,0.0,19.0,6.0,38.8
20250504050200,26.325998306274414,93.0,0.0,20.7,6.3,29.2
20250504050300,26.325998306274414,93.0,0.0,20.1,6.2,20.0
20250504050400,26.325998306274414,93.0,0.0,19.8,6.1,17.8
20250504050500,26.325998306274414,93.0,0.0,20.4,5.7,32.4
20250504050600,26.325998306274414,93.0,0.0,20.9,6.2,31.6
20250504050700,26.325998306274414,93.0,0.0,20.4,6.2,16.5
20250504050800,26.325998306274414,93.0,0.0,20.0,5.7,19.8
20250504050900,26.325998306274414,93.0,0.0,20.4,6.3,21.1
20250504051000,26.325998306274414,93.0,0.0,20.2,6.2,25.2
20250504051100,26.325998306274414,93.0,0.0,19.9,5.7,33.4
20250504051200,26.325998306274414,93.0,0.0,19.5,6.1,36.0
20250504051300,26.325998306274414,93.0,0.0,19.6,6.5,34.4
20250504051400,26.325998306274414,93.0,0.0,19.7,5.7,39.7
20250504051500,26.325998306274414,93.0,0.0,21.0,5.5,35.6
20250504051600,26.325998306274414,93.0,0.0,20.0,6.2,29.0
20250504051700,26.325998306274414,93.0,0.0,19.6,6.5,35.5
20250504051800,26.325998306274414,93.0,0.0,19.2,6.1,19.6
20250504051900,26.325998306274414,93.0,0.0,19.9,5.9,15.2
20250504052000,26.325998306274414,93.0,0.0,20.4,5.7,30.0
20250504052100,26.325998306274414,93.0,0.0,20.0,5.8,26.1
20250504052200,26.325998306274414,93.0,0.0,19.1,6.3,25.3
20250504052300,26.325998306274414,93.0,0.0,20.2,5.8,19.8
20250504052400,26.325998306274414,93.0,0.0,19.7,6.3,22.1
20250504052500,26.325998306274414,93.0,0.0,19.4,5.6,20.2
20250504052600,26.325998306274414,93.0,0.0,19.4,5.6,25.7
20250504052700,26.325998306274414,93.0,0.0,20.4,6.2,27.6
20250504052800,26.325998306274414,93.0,0.0,20.8,5.6,36.2
20250504052900,26.325998306274414,93.0,0.0,20.8,5.8,18.8
20250504053000,26.325998306274414,93.0,0.0,20.6,5.9,24.8
20250504053100,26.325998306274414,93.0,0.0,19.8,6.0,28.6
20250504053200,26.325998306274414,93.0,0.0,19.1,6.3,36.5
20250504053300,26.325998306274414,93.0,0.0,20.0,6.1,25.9
20250504053400,26.325998306274414,93.0,0.0,20.3,6.1,27.9
20250504053500,26.325998306274414,93.0,0.0,19.4,5.8,29.8
20250504053600,26.325998306274414,93.0,0.0,20.0,5.7,16.6
20250504053700,26.325998306274414,93.0,0.0,20.7,5.6,35.4
20250504053800,26.325998306274414,93.0,0.0,19.1,6.2,16.7
20250504053900,26.325998306274414,93.0,0.0,20.2,5.5,26.0
20250504054000,26.325998306274414,93.0,0.0,19.2,6.5,36.5
20250504054100,26.325998306274414,93.0,0.0,19.7,6.0,21.6
20250504054200,26.325998306274414,93.0,0.0,21.0,5.6,34.1
20250504054300,26.325998306274414,93.0,0.0,19.7,5.8,36.5
20250504054400,26.325998306274414,93.0,0.0,20.4,5.7,17.4
20250504054500,26.325998306274414,93.0,0.0,20.8,5.7,38.2
20250504054600,26.325998306274414,93.0,0.0,19.5,5.7,25.1
20250504054700,26.325998306274414,93.0,0.0,20.3,5.6,31.5
20250504054800,26.325998306274414,93.0,0.0,19.5,6.0,38.9
20250504054900,26.325998306274414,93.0,0.0,20.2,5.9,33.0
20250504055000,26.325998306274414,93.0,0.0,19.4,6.2,26.8
20250504055100,26.325998306274414,93.0,0.0,20.9,5.7,30.2
20250504055200,26.325998306274414,93.0,0.0,20.3,6.1,19.2
20250504055300,26.325998306274414,93.0,0.0,19.0,6.0,39.9
20250504055400,26.325998306274414,93.0,0.0,20.1,6.4,16.8
20250504055500,26.325998306274414,93.0,0.0,19.5,6.3,21.6
20250504055600,26.325998306274414,93.0,0.0,19.5,6.3,32.0
20250504055700,26.325998306274414,93.0,0.0,19.6,6.3,35.6
20250504055800,26.325998306274414,93.0,0.0,20.5,5.6,26.4
20250504055900,26.325998306274414,93.0,0.0,19.9,6.0,23.0
20250504060000,26.625999450683594,92.0,0.0,20.3,5.6,37.6
20250504060100,26.625999450683594,92.0,0.0,19.2,6.5,36.5
20250504060200,26.625999450683594,92.0,0.0,19.7,6.5,36.3
20250504060300,26.625999450683594,92.0,0.0,19.2,6.4,15.3
20250504060400,26.625999450683594,92.0,0.0,19.7,6.4,18.3
20250504060500,26.625999450683594,92.0,0.0,20.9,5.8,19.3
20250504060600,26.625999450683594,92.0,0.0,20.7,6.4,26.3
20250504060700,26.625999450683594,92.0,0.0,20.9,6.3,31.9
20250504060800,26.625999450683594,92.0,0.0,20.8,6.3,15.3
20250504060900,26.625999450683594,92.0,0.0,19.8,5.8,35.1
20250504061000,26.625999450683594,92.0,0.0,20.1,5.7,27.3
20250504061100,26.625999450683594,92.0,0.0,19.1,6.2,22.5
20250504061200,26.625999450683594,92.0,0.0,19.2,5.6,31.3
20250504061300,26.625999450683594,92.0,0.0,20.8,5.5,20.4
20250504061400,26.625999450683594,92.0,0.0,19.4,5.8,21.1
20250504061500,26.625999450683594,92.0,0.0,20.6,5.6,32.4
20250504061600,26.625999450683594,92.0,0.0,20.5,6.3,25.6
20250504061700,26.625999450683594,92.0,0.0,20.4,6.3,20.2
20250504061800,26.625999450683594,92.0,0.0,20.8,5.8,36.8
20250504061900,26.625999450683594,92.0,0.0,19.9,5.7,23.9
20250504062000,26.625999450683594,92.0,0.0,20.7,5.6,30.3
20250504062100,26.625999450683594,92.0,0.0,19.8,6.3,26.8
20250504062200,26.625999450683594,92.0,0.0,19.4,6.4,33.7
20250504062300,26.625999450683594,92.0,0.0,20.8,5.9,26.6
20250504062400,26.625999450683594,92.0,0.0,20.9,6.0,24.3
20250504062500,26.625999450683594,92.0,0.0,19.2,6.5,29.9
20250504062600,26.625999450683594,92.0,0.0,19.3,6.2,37.6
20250504062700,26.625999450683594,92.0,0.0,20.0,5.7,15.0
20250504062800,26.625999450683594,92.0,0.0,20.6,6.3,23.6
20250504062900,26.625999450683594,92.0,0.0,19.9,6.4,36.9
20250504063000,26.625999450683594,92.0,0.0,20.2,6.3,22.0
20250504063100,26.625999450683594,92.0,0.0,20.7,6.0,26.0
20250504063200,26.625999450683594,92.0,0.0,19.8,5.5,34.4
20250504063300,26.625999450683594,92.0,0.0,19.8,5.6,37.8
20250504063400,26.625999450683594,92.0,0.0,20.2,5.6,29.2
20250504063500,26.625999450683594,92.0,0.0,20.9,5.6,29.7
20250504063600,26.625999450683594,92.0,0.0,19.5,6.1,35.4
20250504063700,26.625999450683594,92.0,0.0,20.3,5.7,37.6
20250504063800,26.625999450683594,92.0,0.0,19.9,5.6,16.0
20250504063900,26.625999450683594,92.0,0.0,20.9,6.1,33.8
20250504064000,26.625999450683594,92.0,0.0,19.6,5.6,17.3
20250504064100,26.625999450683594,92.0,0.0,20.7,5.9,21.4
20250504064200,26.625999450683594,92.0,0.0,20.1,5.8,15.8
20250504064300,26.625999450683594,92.0,0.0,20.7,6.0,29.0
20250504064400,26.625999450683594,92.0,0.0,20.9,5.5,21.0
20250504064500,26.625999450683594,92.0,0.0,20.9,6.3,28.0
20250504064600,26.625999450683594,92.0,0.0,20.4,5.9,27.2
20250504064700,26.625999450683594,92.0,0.0,20.5,6.1,32.8
20250504064800,26.625999450683594,92.0,0.0,19.8,5.8,37.9
20250504064900,26.625999450683594,92.0,0.0,19.2,6.2,19.2
20250504065000,26.625999450683594,92.0,0.0,21.0,5.8,19.6
20250504065100,26.625999450683594,92.0,0.0,20.4,6.2,27.7
20250504065200,26.625999450683594,92.0,0.0,19.1,6.2,29.7
20250504065300,26.625999450683594,92.0,0.0,19.2,6.2,39.0
20250504065400,26.625999450683594,92.0,0.0,20.8,6.3,25.6
20250504065500,26.625999450683594,92.0,0.0,20.8,5.6,20.3
20250504065600,26.625999450683594,92.0,0.0,19.2,5.7,16.2
20250504065700,26.625999450683594,92.0,0.0,19.4,6.5,15.3
20250504065800,26.625999450683594,92.0,0.0,20.7,6.3,20.0
20250504065900,26.625999450683594,92.0,0.0,20.4,5.7,27.0
20250504070000,27.075998306274414,90.0,0.0,19.8,6.0,21.8
20250504070100,27.075998306274414,90.0,0.0,19.1,6.0,23.1
20250504070200,27.075998306274414,90.0,0.0,19.8,5.8,20.5
20250504070300,27.075998306274414,90.0,0.0,19.3,6.0,20.7
20250504070400,27.075998306274414,90.0,0.0,19.1,6.0,22.2
20250504070500,27.075998306274414,90.0,0.0,19.7,6.2,39.9
20250504070600,27.075998306274414,90.0,0.0,20.4,6.0,17.5
20250504070700,27.075998306274414,90.0,0.0,20.3,5.7,28.3
20250504070800,27.075998306274414,90.0,0.0,20.6,5.8,29.4
20250504070900,27.075998306274414,90.0,0.0,20.0,5.5,34.8
20250504071000,27.075998306274414,90.0,0.0,20.5,5.7,17.2
20250504071100,27.075998306274414,90.0,0.0,20.1,6.0,31.8
20250504071200,27.075998306274414,90.0,0.0,20.8,5.5,30.3
20250504071300,27.075998306274414,90.0,0.0,19.8,6.0,18.7
20250504071400,27.075998306274414,90.0,0.0,19.1,6.2,16.0
20250504071500,27.075998306274414,90.0,0.0,20.8,5.9,29.2
20250504071600,27.075998306274414,90.0,0.0,19.3,6.0,35.3
20250504071700,27.075998306274414,90.0,0.0,19.2,6.2,32.8
20250504071800,27.075998306274414,90.0,0.0,20.6,6.2,33.2
20250504071900,27.075998306274414,90.0,0.0,19.6,6.3,18.6
20250504072000,27.075998306274414,90.0,0.0,20.1,6.5,39.5
20250504072100,27.075998306274414,90.0,0.0,19.3,5.9,25.1
20250504072200,27.075998306274414,90.0,0.0,20.0,5.7,34.4
20250504072300,27.075998306274414,90.0,0.0,20.4,6.0,16.8
20250504072400,27.075998306274414,90.0,0.0,19.9,6.1,37.8
20250504072500,27.075998306274414,90.0,0.0,19.5,6.3,29.8
20250504072600,27.075998306274414,90.0,0.0,20.2,6.2,21.4
20250504072700,27.075998306274414,90.0,0.0,19.2,5.7,22.8
20250504072800,27.075998306274414,90.0,0.0,20.2,5.9,31.4
20250504072900,27.075998306274414,90.0,0.0,20.8,5.7,26.6
20250504073000,27.075998306274414,90.0,0.0,20.4,5.6,28.3
20250504073100,27.075998306274414,90.0,0.0,20.7,6.0,27.2
20250504073200,27.075998306274414,90.0,0.0,20.8,6.5,38.0
20250504073300,27.075998306274414,90.0,0.0,19.9,6.2,19.2
20250504073400,27.075998306274414,90.0,0.0,20.6,6.1,33.4
20250504073500,27.075998306274414,90.0,0.0,19.8,6.0,21.2
20250504073600,27.075998306274414,90.0,0.0,19.1,6.5,15.1
20250504073700,27.075998306274414,90.0,0.0,19.2,5.8,21.5
20250504073800,27.075998306274414,90.0,0.0,19.0,6.5,33.5
20250504073900,27.075998306274414,90.0,0.0,20.8,5.8,21.6
20250504074000,27.075998306274414,90.0,0.0,20.8,6.0,31.7
20250504074100,27.075998306274414,90.0,0.0,20.9,6.3,34.4
20250504074200,27.075998306274414,90.0,0.0,19.0,5.7,39.8
20250504074300,27.075998306274414,90.0,0.0,20.4,6.0,16.8
20250504074400,27.075998306274414,90.0,0.0,20.2,6.4,39.3
20250504074500,27.075998306274414,90.0,0.0,20.2,6.3,24.7
20250504074600,27.075998306274414,90.0,0.0,19.8,6.4,26.0
20250504074700,27.075998306274414,90.0,0.0,19.3,5.6,31.9
20250504074800,27.075998306274414,90.0,0.0,19.9,6.2,17.6
20250504074900,27.075998306274414,90.0,0.0,21.0,5.5,23.9
20250504075000,27.075998306274414,90.0,0.0,19.2,6.3,26.0
20250504075100,27.075998306274414,90.0,0.0,20.2,5.8,20.8
20250504075200,27.075998306274414,90.0,0.0,20.4,6.1,16.6
20250504075300,27.075998306274414,90.0,0.0,19.4,5.6,26.0
20250504075400,27.075998306274414,90.0,0.0,20.9,5.8,34.6
20250504075500,27.075998306274414,90.0,0.0,19.4,5.6,39.6
20250504075600,27.075998306274414,90.0,0.0,20.6,6.5,35.0
20250504075700,27.075998306274414,90.0,0.0,19.6,6.0,18.6
20250504075800,27.075998306274414,90.0,0.0,20.9,6.2,30.5
20250504075900,27.075998306274414,90.0,0.0,20.3,6.4,39.2
20250504080000,27.625999450683594,88.0,0.0,19.4,5.8,22.5
20250504080100,27.625999450683594,88.0,0.0,19.1,5.6,39.5
20250504080200,27.625999450683594,88.0,0.0,20.4,6.4,35.9
20250504080300,27.625999450683594,88.0,0.0,20.7,5.6,36.5
20250504080400,27.625999450683594,88.0,0.0,19.9,6.1,35.5
20250504080500,27.625999450683594,88.0,0.0,19.1,6.0,18.8
20250504080600,27.625999450683594,88.0,0.0,19.7,6.3,17.4
20250504080700,27.625999450683594,88.0,0.0,19.6,6.5,30.5
20250504080800,27.625999450683594,88.0,0.0,19.3,6.0,29.9
20250504080900,27.625999450683594,88.0,0.0,20.7,5.6,28.2
20250504081000,27.625999450683594,88.0,0.0,19.9,6.5,22.8
20250504081100,27.625999450683594,88.0,0.0,21.0,5.6,22.6
20250504081200,27.625999450683594,88.0,0.0,20.9,6.0,19.7
20250504081300,27.625999450683594,88.0,0.0,20.4,6.0,18.4
20250504081400,27.625999450683594,88.0,0.0,19.2,5.5,19.1
20250504081500,27.625999450683594,88.0,0.0,19.4,6.0,38.7
20250504081600,27.625999450683594,88.0,0.0,19.5,5.6,17.8
20250504081700,27.625999450683594,88.0,0.0,19.2,5.9,34.5
20250504081800,27.625999450683594,88.0,0.0,20.9,6.3,28.7
20250504081900,27.625999450683594,88.0,0.0,20.0,6.0,29.5
20250504082000,27.625999450683594,88.0,0.0,19.6,6.2,34.2
20250504082100,27.625999450683594,88.0,0.0,20.1,6.2,20.7
20250504082200,27.625999450683594,88.0,0.0,20.3,6.4,17.2
20250504082300,27.625999450683594,88.0,0.0,20.1,6.5,38.2
20250504082400,27.625999450683594,88.0,0.0,19.4,5.6,33.8
20250504082500,27.625999450683594,88.0,0.0,19.6,6.3,24.2
20250504082600,27.625999450683594,88.0,0.0,21.0,6.2,31.6
20250504082700,27.625999450683594,88.0,0.0,21.0,6.5,33.5
20250504082800,27.625999450683594,88.0,0.0,20.5,5.6,24.8
20250504082900,27.625999450683594,88.0,0.0,20.3,6.3,36.0
20250504083000,27.625999450683594,88.0,0.0,19.4,5.9,31.1
20250504083100,27.625999450683594,88.0,0.0,19.2,6.0,20.4
20250504083200,27.625999450683594,88.0,0.0,19.3,6.0,29.1
20250504083300,27.625999450683594,88.0,0.0,19.8,6.4,27.8
20250504083400,27.625999450683594,88.0,0.0,19.1,6.0,33.7
20250504083500,27.625999450683594,88.0,0.0,19.7,5.6,22.8
20250504083600,27.625999450683594,88.0,0.0,21.0,6.0,24.2
20250504083700,27.625999450683594,88.0,0.0,19.1,6.1,21.1
20250504083800,27.625999450683594,88.0,0.0,20.4,5.6,18.4
20250504083900,27.625999450683594,88.0,0.0,20.8,6.1,34.6
20250504084000,27.625999450683594,88.0,0.0,20.0,6.4,24.9
20250504084100,27.625999450683594,88.0,0.0,19.4,6.2,18.4
20250504084200,27.625999450683594,88.0,0.0,20.1,5.8,22.3
20250504084300,27.625999450683594,88.0,0.0,20.2,6.2,36.8
20250504084400,27.625999450683594,88.0,0.0,19.8,6.4,21.0
20250504084500,27.625999450683594,88.0,0.0,19.8,6.2,26.0
20250504084600,27.625999450683594,88.0,0.0,19.3,6.0,15.9
20250504084700,27.625999450683594,88.0,0.0,19.8,6.4,30.9
20250504084800,27.625999450683594,88.0,0.0,19.9,5.8,40.0
20250504084900,27.625999450683594,88.0,0.0,19.7,5.6,24.9
20250504085000,27.625999450683594,88.0,0.0,19.0,5.7,17.8
20250504085100,27.625999450683594,88.0,0.0,20.7,5.8,34.9
20250504085200,27.625999450683594,88.0,0.0,20.9,5.5,38.2
20250504085300,27.625999450683594,88.0,0.0,19.7,6.3,26.2
20250504085400,27.625999450683594,88.0,0.0,19.1,6.5,32.2
20250504085500,27.625999450683594,88.0,0.0,20.6,5.7,27.7
20250504085600,27.625999450683594,88.0,0.0,20.8,6.5,28.2
20250504085700,27.625999450683594,88.0,0.0,20.4,6.2,31.2
20250504085800,27.625999450683594,88.0,0.0,19.1,6.0,18.7
20250504085900,27.625999450683594,88.0,0.0,19.5,5.8,29.6
20250504090000,28.325998306274414,85.0,0.0,20.9,5.9,36.0
20250504090100,28.325998306274414,85.0,0.0,19.6,5.9,19.8
20250504090200,28.325998306274414,85.0,0.0,20.2,5.8,31.7
20250504090300,28.325998306274414,85.0,0.0,20.3,6.2,29.1
20250504090400,28.325998306274414,85.0,0.0,20.5,6.4,37.9
20250504090500,28.325998306274414,85.0,0.0,20.1,5.9,23.9
20250504090600,28.325998306274414,85.0,0.0,20.3,5.7,22.1
20250504090700,28.325998306274414,85.0,0.0,20.5,5.6,23.1
20250504090800,28.325998306274414,85.0,0.0,20.2,5.7,31.2
20250504090900,28.325998306274414,85.0,0.0,20.0,6.1,17.7
20250504091000,28.325998306274414,85.0,0.0,20.3,6.3,36.8
20250504091100,28.325998306274414,85.0,0.0,19.4,6.2,23.7
20250504091200,28.325998306274414,85.0,0.0,19.5,6.0,22.1
20250504091300,28.325998306274414,85.0,0.0,20.3,6.4,18.0
20250504091400,28.325998306274414,85.0,0.0,19.9,5.8,19.4
20250504091500,28.325998306274414,85.0,0.0,19.1,5.7,27.0
20250504091600,28.325998306274414,85.0,0.0,19.6,6.3,28.5
20250504091700,28.325998306274414,85.0,0.0,20.8,6.3,25.7
20250504091800,28.325998306274414,85.0,0.0,20.5,6.1,37.4
20250504091900,28.325998306274414,85.0,0.0,19.5,5.7,30.6
20250504092000,28.325998306274414,85.0,0.0,20.2,6.2,33.7
20250504092100,28.325998306274414,85.0,0.0,19.9,6.0,27.0
20250504092200,28.325998306274414,85.0,0.0,19.6,6.0,34.9
20250504092300,28.325998306274414,85.0,0.0,19.3,6.0,26.3
20250504092400,28.325998306274414,85.0,0.0,20.4,5.7,37.2
20250504092500,28.325998306274414,85.0,0.0,19.8,5.8,23.2
20250504092600,28.325998306274414,85.0,0.0,20.9,6.0,39.9
20250504092700,28.325998306274414,85.0,0.0,19.8,5.8,38.3
20250504092800,28.325998306274414,85.0,0.0,20.0,6.3,20.8
20250504092900,28.325998306274414,85.0,0.0,19.4,5.8,20.7
20250504093000,28.325998306274414,85.0,0.0,19.2,6.1,16.1
20250504093100,28.325998306274414,85.0,0.0,20.8,6.2,33.7
20250504093200,28.325998306274414,85.0,0.0,20.4,5.6,21.9
20250504093300,28.325998306274414,85.0,0.0,20.4,5.9,24.0
20250504093400,28.325998306274414,85.0,0.0,19.9,6.0,26.4
20250504093500,28.325998306274414,85.0,0.0,20.9,6.3,21.6
20250504093600,28.325998306274414,85.0,0.0,20.3,6.5,26.3
20250504093700,28.325998306274414,85.0,0.0,20.2,5.6,33.4
20250504093800,28.325998306274414,85.0,0.0,20.4,5.7,30.4
20250504093900,28.325998306274414,85.0,0.0,20.1,5.6,38.9
20250504094000,28.325998306274414,85.0,0.0,20.1,6.5,26.2
20250504094100,28.325998306274414,85.0,0.0,19.1,6.5,18.9
20250504094200,28.325998306274414,85.0,0.0,19.0,6.3,27.1
20250504094300,28.325998306274414,85.0,0.0,20.4,6.2,19.0
20250504094400,28.325998306274414,85.0,0.0,20.5,5.9,27.2
20250504094500,28.325998306274414,85.0,0.0,20.4,5.7,35.6
20250504094600,28.325998306274414,85.0,0.0,19.1,5.7,17.0
20250504094700,28.325998306274414,85.0,0.0,19.9,6.5,23.8
20250504094800,28.325998306274414,85.0,0.0,20.3,5.6,28.4
20250504094900,28.325998306274414,85.0,0.0,20.6,5.9,25.2
20250504095000,28.325998306274414,85.0,0.0,19.2,5.7,28.1
20250504095100,28.325998306274414,85.0,0.0,20.9,6.3,34.4
20250504095200,28.325998306274414,85.0,0.0,19.0,5.8,23.4
20250504095300,28.325998306274414,85.0,0.0,19.2,5.9,36.7
20250504095400,28.325998306274414,85.0,0.0,19.9,6.4,27.7
20250504095500,28.325998306274414,85.0,0.0,20.3,6.0,37.9
20250504095600,28.325998306274414,85.0,0.0,19.7,6.2,25.0
20250504095700,28.325998306274414,85.0,0.0,20.8,5.7,16.3
20250504095800,28.325998306274414,85.0,0.0,19.4,6.0,27.2
20250504095900,28.325998306274414,85.0,0.0,19.9,5.7,26.3
20250504100000,28.97599983215332,82.0,0.0,19.6,5.9,34.7
20250504100100,28.97599983215332,82.0,0.0,19.6,5.7,17.7
20250504100200,28.97599983215332,82.0,0.0,20.4,5.9,20.2
20250504100300,28.97599983215332,82.0,0.0,20.0,6.4,32.0
20250504100400,28.97599983215332,82.0,0.0,20.8,5.6,29.3
20250504100500,28.97599983215332,82.0,0.0,20.5,6.3,28.7
20250504100600,28.97599983215332,82.0,0.0,20.3,5.7,16.2
20250504100700,28.97599983215332,82.0,0.0,20.2,5.7,16.9
20250504100800,28.97599983215332,82.0,0.0,19.4,5.9,21.3
20250504100900,28.97599983215332,82.0,0.0,19.3,6.0,38.0
20250504101000,28.97599983215332,82.0,0.0,19.3,6.3,22.7
20250504101100,28.97599983215332,82.0,0.0,19.8,6.4,19.7
20250504101200,28.97599983215332,82.0,0.0,20.0,5.6,20.5
20250504101300,28.97599983215332,82.0,0.0,19.3,5.6,37.4
20250504101400,28.97599983215332,82.0,0.0,20.2,6.1,32.2
20250504101500,28.97599983215332,82.0,0.0,19.7,6.3,37.2
20250504101600,28.97599983215332,82.0,0.0,19.0,5.6,24.3
20250504101700,28.97599983215332,82.0,0.0,20.0,6.1,20.2
20250504101800,28.97599983215332,82.0,0.0,19.0,5.6,34.0
20250504101900,28.97599983215332,82.0,0.0,20.4,5.9,36.4
20250504102000,28.97599983215332,82.0,0.0,19.1,5.6,25.2
20250504102100,28.97599983215332,82.0,0.0,20.4,6.1,15.9
20250504102200,28.97599983215332,82.0,0.0,20.9,5.8,21.3
20250504102300,28.97599983215332,82.0,0.0,20.7,6.0,26.8
20250504102400,28.97599983215332,82.0,0.0,20.5,6.2,16.6
20250504102500,28.97599983215332,82.0,0.0,20.1,5.5,27.5
20250504102600,28.97599983215332,82.0,0.0,19.3,6.4,32.4
20250504102700,28.97599983215332,82.0,0.0,19.9,6.2,38.1
20250504102800,28.97599983215332,82.0,0.0,19.4,6.0,16.6
20250504102900,28.97599983215332,82.0,0.0,20.0,5.9,17.9
20250504103000,28.97599983215332,82.0,0.0,20.2,5.7,33.7
20250504103100,28.97599983215332,82.0,0.0,19.7,6.4,39.9
20250504103200,28.97599983215332,82.0,0.0,20.3,6.5,15.8
20250504103300,28.97599983215332,82.0,0.0,19.1,5.7,26.9
20250504103400,28.97599983215332,82.0,0.0,19.6,6.3,15.1
20250504103500,28.97599983215332,82.0,0.0,20.8,5.9,37.2
20250504103600,28.97599983215332,82.0,0.0,19.8,5.7,30.3
20250504103700,28.97599983215332,82.0,0.0,19.7,5.7,23.8
20250504103800,28.97599983215332,82.0,0.0,20.7,5.9,29.9
20250504103900,28.97599983215332,82.0,0.0,20.9,5.9,27.6
20250504104000,28.97599983215332,82.0,0.0,20.1,5.5,23.8
20250504104100,28.97599983215332,82.0,0.0,19.3,5.8,18.6
20250504104200,28.97599983215332,82.0,0.0,20.6,6.2,24.6
20250504104300,28.97599983215332,82.0,0.0,19.5,5.9,25.8
20250504104400,28.97599983215332,82.0,0.0,20.0,5.9,35.7
20250504104500,28.97599983215332,82.0,0.0,19.7,6.2,23.4
20250504104600,28.97599983215332,82.0,0.0,19.9,6.3,28.9
20250504104700,28.97599983215332,82.0,0.0,19.7,5.8,39.1
20250504104800,28.97599983215332,82.0,0.0,21.0,5.6,23.4
20250504104900,28.97599983215332,82.0,0.0,20.5,5.9,36.1
20250504105000,28.97599983215332,82.0,0.0,19.8,6.0,32.1
20250504105100,28.97599983215332,82.0,0.0,19.2,6.4,17.5
20250504105200,28.97599983215332,82.0,0.0,19.8,6.5,27.6
20250504105300,28.97599983215332,82.0,0.0,19.5,5.8,34.9
20250504105400,28.97599983215332,82.0,0.0,20.2,6.0,38.5
20250504105500,28.97599983215332,82.0,0.0,19.1,6.4,36.1
20250504105600,28.97599983215332,82.0,0.0,20.2,6.4,16.9
20250504105700,28.97599983215332,82.0,0.0,20.5,5.5,33.7
20250504105800,28.97599983215332,82.0,0.0,20.9,6.4,24.5
20250504105900,28.97599983215332,82.0,0.0,19.4,5.6,30.8
20250504110000,29.67599868774414,79.0,0.0,19.2,6.0,21.4
20250504110100,29.67599868774414,79.0,0.0,19.3,6.4,28.5
20250504110200,29.67599868774414,79.0,0.0,19.4,6.3,16.2
20250504110300,29.67599868774414,79.0,0.0,20.0,5.7,24.4
20250504110400,29.67599868774414,79.0,0.0,19.7,5.9,15.0
20250504110500,29.67599868774414,79.0,0.0,20.8,5.6,15.1
20250504110600,29.67599868774414,79.0,0.0,20.1,5.8,24.3
20250504110700,29.67599868774414,79.0,0.0,19.2,5.7,20.3
20250504110800,29.67599868774414,79.0,0.0,19.6,5.9,33.9
20250504110900,29.67599868774414,79.0,0.0,19.1,6.4,29.6
20250504111000,29.67599868774414,79.0,0.0,20.6,6.0,22.2
20250504111100,29.67599868774414,79.0,0.0,21.0,6.4,33.4
20250504111200,29.67599868774414,79.0,0.0,19.8,6.0,32.0
20250504111300,29.67599868774414,79.0,0.0,19.3,6.3,33.0
20250504111400,29.67599868774414,79.0,0.0,20.8,6.1,21.6
20250504111500,29.67599868774414,79.0,0.0,19.7,6.3,30.4
20250504111600,29.67599868774414,79.0,0.0,20.3,5.5,36.6
20250504111700,29.67599868774414,79.0,0.0,20.7,5.6,19.1
20250504111800,29.67599868774414,79.0,0.0,19.2,5.9,37.4
20250504111900,29.67599868774414,79.0,0.0,20.1,5.8,16.9
20250504112000,29.67599868774414,79.0,0.0,20.8,5.6,30.7
20250504112100,29.67599868774414,79.0,0.0,19.2,6.3,34.1
20250504112200,29.67599868774414,79.0,0.0,20.7,5.6,19.0
20250504112300,29.67599868774414,79.0,0.0,20.6,6.5,30.2
20250504112400,29.67599868774414,79.0,0.0,20.0,5.6,24.9
20250504112500,29.67599868774414,79.0,0.0,20.0,6.0,32.3
20250504112600,29.67599868774414,79.0,0.0,19.7,6.1,16.1
20250504112700,29.67599868774414,79.0,0.0,20.0,6.3,25.7
20250504112800,29.67599868774414,79.0,0.0,20.4,5.6,34.3
20250504112900,29.67599868774414,79.0,0.0,19.2,5.6,35.3
20250504113000,29.67599868774414,79.0,0.0,19.6,5.6,18.8
20250504113100,29.67599868774414,79.0,0.0,20.7,6.0,20.1
20250504113200,29.67599868774414,79.0,0.0,20.9,6.0,27.5
20250504113300,29.67599868774414,79.0,0.0,19.5,6.2,30.0
20250504113400,29.67599868774414,79.0,0.0,19.1,5.6,30.3
20250504113500,29.67599868774414,79.0,0.0,20.8,6.0,30.0
20250504113600,29.67599868774414,79.0,0.0,19.4,6.4,20.8
20250504113700,29.67599868774414,79.0,0.0,20.5,5.7,34.6
20250504113800,29.67599868774414,79.0,0.0,19.7,6.4,15.5
20250504113900,29.67599868774414,79.0,0.0,20.1,6.1,28.9
20250504114000,29.67599868774414,79.0,0.0,20.4,5.9,35.5
20250504114100,29.67599868774414,79.0,0.0,20.2,5.6,26.7
20250504114200,29.67599868774414,79.0,0.0,20.8,6.2,39.2
20250504114300,29.67599868774414,79.0,0.0,20.3,5.6,15.3
20250504114400,29.67599868774414,79.0,0.0,19.1,6.0,39.8
20250504114500,29.67599868774414,79.0,0.0,19.4,5.8,36.3
20250504114600,29.67599868774414,79.0,0.0,20.8,6.5,28.2
20250504114700,29.67599868774414,79.0,0.0,19.6,5.6,32.0
20250504114800,29.67599868774414,79.0,0.0,19.8,6.4,17.1
20250504114900,29.67599868774414,79.0,0.0,20.6,6.0,23.5
20250504115000,29.67599868774414,79.0,0.0,19.9,5.6,28.6
20250504115100,29.67599868774414,79.0,0.0,19.1,6.0,26.8
20250504115200,29.67599868774414,79.0,0.0,19.0,5.9,36.6
20250504115300,29.67599868774414,79.0,0.0,20.6,5.8,25.1
20250504115400,29.67599868774414,79.0,0.0,20.0,6.0,25.5
20250504115500,29.67599868774414,79.0,0.0,19.6,5.6,20.4
20250504115600,29.67599868774414,79.0,0.0,19.0,6.1,20.1
20250504115700,29.67599868774414,79.0,0.0,19.1,5.7,16.0
20250504115800,29.67599868774414,79.0,0.0,20.4,6.3,25.4
20250504115900,29.67599868774414,79.0,0.0,19.7,6.0,25.4
20250504120000,30.375999450683594,76.0,0.0,20.2,6.1,23.5
20250504120100,30.375999450683594,76.0,0.0,19.6,5.9,23.8
20250504120200,30.375999450683594,76.0,0.0,19.4,5.8,19.3
20250504120300,30.375999450683594,76.0,0.0,20.1,6.4,24.8
20250504120400,30.375999450683594,76.0,0.0,19.9,6.0,39.5
20250504120500,30.375999450683594,76.0,0.0,19.3,5.9,26.8
20250504120600,30.375999450683594,76.0,0.0,19.2,5.7,26.1
20250504120700,30.375999450683594,76.0,0.0,19.0,6.2,30.6
20250504120800,30.375999450683594,76.0,0.0,20.9,5.7,38.9
20250504120900,30.375999450683594,76.0,0.0,19.1,5.9,37.0
20250504121000,30.375999450683594,76.0,0.0,20.9,6.1,25.0
20250504121100,30.375999450683594,76.0,0.0,20.3,6.2,16.2
20250504121200,30.375999450683594,76.0,0.0,20.5,6.3,23.1
20250504121300,30.375999450683594,76.0,0.0,20.2,6.4,18.6
20250504121400,30.375999450683594,76.0,0.0,20.9,5.5,24.0
20250504121500,30.375999450683594,76.0,0.0,19.6,5.6,19.5
20250504121600,30.375999450683594,76.0,0.0,19.2,6.3,35.4
20250504121700,30.375999450683594,76.0,0.0,19.6,6.1,16.8
20250504121800,30.375999450683594,76.0,0.0,19.5,5.6,35.1
20250504121900,30.375999450683594,76.0,0.0,20.6,6.2,24.6
20250504122000,30.375999450683594,76.0,0.0,19.3,6.0,37.6
20250504122100,30.375999450683594,76.0,0.0,19.9,6.3,39.6
20250504122200,30.375999450683594,76.0,0.0,20.6,6.3,37.9
20250504122300,30.375999450683594,76.0,0.0,20.3,6.4,39.6
20250504122400,30.375999450683594,76.0,0.0,20.9,6.4,18.8
20250504122500,30.375999450683594,76.0,0.0,19.2,6.2,23.8
20250504122600,30.375999450683594,76.0,0.0,19.1,5.9,22.4
20250504122700,30.375999450683594,76.0,0.0,19.2,6.1,26.4
20250504122800,30.375999450683594,76.0,0.0,19.7,5.7,22.6
20250504122900,30.375999450683594,76.0,0.0,19.7,5.5,33.6
20250504123000,30.375999450683594,76.0,0.0,21.0,6.3,19.0
20250504123100,30.375999450683594,76.0,0.0,19.2,6.2,33.7
20250504123200,30.375999450683594,76.0,0.0,20.2,5.7,37.5
20250504123300,30.375999450683594,76.0,0.0,19.7,6.4,18.6
20250504123400,30.375999450683594,76.0,0.0,20.1,5.6,30.4
20250504123500,30.375999450683594,76.0,0.0,19.2,6.2,27.3
20250504123600,30.375999450683594,76.0,0.0,19.3,6.4,24.7
20250504123700,30.375999450683594,76.0,0.0,20.6,6.2,31.8
20250504123800,30.375999450683594,76.0,0.0,19.5,5.5,21.1
20250504123900,30.375999450683594,76.0,0.0,19.8,6.5,34.2
20250504124000,30.375999450683594,76.0,0.0,19.4,6.4,36.2
20250504124100,30.375999450683594,76.0,0.0,19.6,5.8,30.8
20250504124200,30.375999450683594,76.0,0.0,19.5,6.5,39.4
20250504124300,30.375999450683594,76.0,0.0,20.5,5.8,28.9
20250504124400,30.375999450683594,76.0,0.0,20.0,6.1,30.9
20250504124500,30.375999450683594,76.0,0.0,19.3,6.3,19.8
20250504124600,30.375999450683594,76.0,0.0,20.5,6.1,32.6
20250504124700,30.375999450683594,76.0,0.0,20.0,6.4,29.7
20250504124800,30.375999450683594,76.0,0.0,20.3,6.0,20.1
20250504124900,30.375999450683594,76.0,0.0,20.2,5.8,39.0
20250504125000,30.375999450683594,76.0,0.0,19.1,6.0,32.4
20250504125100,30.375999450683594,76.0,0.0,20.4,6.4,23.6
20250504125200,30.375999450683594,76.0,0.0,21.0,6.5,19.2
20250504125300,30.375999450683594,76.0,0.0,19.7,6.0,38.5
20250504125400,30.375999450683594,76.0,0.0,20.9,6.1,17.1
20250504125500,30.375999450683594,76.0,0.0,19.5,6.1,35.3
20250504125600,30.375999450683594,76.0,0.0,20.0,5.5,26.8
20250504125700,30.375999450683594,76.0,0.0,19.2,6.3,36.2
20250504125800,30.375999450683594,76.0,0.0,20.6,6.4,37.9
20250504125900,30.375999450683594,76.0,0.0,20.7,6.3,19.8
20250504130000,30.775999069213867,74.0,0.0,19.7,6.4,25.8
20250504130100,30.775999069213867,74.0,0.0,20.6,6.0,28.8
20250504130200,30.775999069213867,74.0,0.0,20.5,6.4,31.4
20250504130300,30.775999069213867,74.0,0.0,20.0,5.6,30.4
20250504130400,30.775999069213867,74.0,0.0,20.1,6.2,31.8
20250504130500,30.775999069213867,74.0,0.0,20.7,5.9,28.0
20250504130600,30.775999069213867,74.0,0.0,20.5,6.1,33.0
20250504130700,30.775999069213867,74.0,0.0,20.3,5.7,36.2
20250504130800,30.775999069213867,74.0,0.0,19.4,5.9,33.5
20250504130900,30.775999069213867,74.0,0.0,20.5,5.7,23.1
20250504131000,30.775999069213867,74.0,0.0,20.3,5.7,15.9
20250504131100,30.775999069213867,74.0,0.0,19.6,6.1,22.5
20250504131200,30.775999069213867,74.0,0.0,20.4,5.8,37.6
20250504131300,30.775999069213867,74.0,0.0,19.1,6.4,38.9
20250504131400,30.775999069213867,74.0,0.0,20.7,5.8,35.5
20250504131500,30.775999069213867,74.0,0.0,19.1,5.6,26.2
20250504131600,30.775999069213867,74.0,0.0,19.7,6.1,23.4
20250504131700,30.775999069213867,74.0,0.0,19.7,6.2,27.8
20250504131800,30.775999069213867,74.0,0.0,19.1,5.9,36.1
20250504131900,30.775999069213867,74.0,0.0,19.2,5.8,36.1
20250504132000,30.775999069213867,74.0,0.0,20.5,6.0,20.9
20250504132100,30.775999069213867,74.0,0.0,20.2,5.8,24.1
20250504132200,30.775999069213867,74.0,0.0,20.9,5.6,34.8
20250504132300,30.775999069213867,74.0,0.0,20.3,5.7,39.4
20250504132400,30.775999069213867,74.0,0.0,20.5,6.2,23.2
20250504132500,30.775999069213867,74.0,0.0,20.9,6.2,34.7
20250504132600,30.775999069213867,74.0,0.0,20.9,6.4,27.4
20250504132700,30.775999069213867,74.0,0.0,20.5,5.6,32.9
20250504132800,30.775999069213867,74.0,0.0,19.7,5.9,28.2
20250504132900,30.775999069213867,74.0,0.0,19.4,5.7,17.8
20250504133000,30.775999069213867,74.0,0.0,20.7,5.9,39.9
20250504133100,30.775999069213867,74.0,0.0,20.7,5.8,29.2
20250504133200,30.775999069213867,74.0,0.0,20.2,6.3,33.2
20250504133300,30.775999069213867,74.0,0.0,19.8,6.4,25.6
20250504133400,30.775999069213867,74.0,0.0,20.3,6.1,35.3
20250504133500,30.775999069213867,74.0,0.0,19.7,6.1,35.6
20250504133600,30.775999069213867,74.0,0.0,19.1,5.7,31.9
20250504133700,30.775999069213867,74.0,0.0,21.0,5.9,33.6
20250504133800,30.775999069213867,74.0,0.0,20.8,5.9,30.7
20250504133900,30.775999069213867,74.0,0.0,19.4,6.3,25.8
20250504134000,30.775999069213867,74.0,0.0,20.9,6.1,16.5
20250504134100,30.775999069213867,74.0,0.0,19.5,6.3,26.4
20250504134200,30.775999069213867,74.0,0.0,21.0,6.4,27.0
20250504134300,30.775999069213867,74.0,0.0,19.4,5.9,20.2
20250504134400,30.775999069213867,74.0,0.0,20.1,5.6,15.6
20250504134500,30.775999069213867,74.0,0.0,19.3,6.4,16.3
20250504134600,30.775999069213867,74.0,0.0,19.6,5.7,34.6
20250504134700,30.775999069213867,74.0,0.0,21.0,5.5,24.3
20250504134800,30.775999069213867,74.0,0.0,19.8,5.7,16.6
20250504134900,30.775999069213867,74.0,0.0,19.0,5.6,32.1
20250504135000,30.775999069213867,74.0,0.0,19.8,6.4,35.2
20250504135100,30.775999069213867,74.0,0.0,20.8,5.5,38.5
20250504135200,30.775999069213867,74.0,0.0,20.8,5.8,37.2
20250504135300,30.775999069213867,74.0,0.0,20.1,6.0,33.9
20250504135400,30.775999069213867,74.0,0.0,19.4,5.8,37.0
20250504135500,30.775999069213867,74.0,0.0,21.0,5.9,32.9
20250504135600,30.775999069213867,74.0,0.0,20.5,6.3,24.7
20250504135700,30.775999069213867,74.0,0.0,19.2,6.4,39.6
20250504135800,30.775999069213867,74.0,0.0,20.5,5.8,15.6
20250504135900,30.775999069213867,74.0,0.0,20.6,5.6,21.8
20250504140000,30.775999069213867,74.0,0.0,20.0,5.9,22.0
20250504140100,30.775999069213867,74.0,0.0,19.4,6.0,15.2
20250504140200,30.775999069213867,74.0,0.0,19.8,5.7,23.4
20250504140300,30.775999069213867,74.0,0.0,19.1,5.8,23.3
20250504140400,30.775999069213867,74.0,0.0,20.1,5.6,33.8
20250504140500,30.775999069213867,74.0,0.0,20.0,6.0,29.1
20250504140600,30.775999069213867,74.0,0.0,19.3,6.0,16.6
20250504140700,30.775999069213867,74.0,0.0,20.3,5.8,32.3
20250504140800,30.775999069213867,74.0,0.0,19.4,6.0,25.0
20250504140900,30.775999069213867,74.0,0.0,19.6,5.5,32.6
20250504141000,30.775999069213867,74.0,0.0,21.0,5.5,32.6
20250504141100,30.775999069213867,74.0,0.0,20.4,6.1,17.7
20250504141200,30.775999069213867,74.0,0.0,20.0,5.8,29.9
20250504141300,30.775999069213867,74.0,0.0,21.0,6.0,31.7
20250504141400,30.775999069213867,74.0,0.0,19.7,6.2,16.6
20250504141500,30.775999069213867,74.0,0.0,20.0,6.1,40.0
20250504141600,30.775999069213867,74.0,0.0,19.4,5.9,32.8
20250504141700,30.775999069213867,74.0,0.0,19.3,6.3,15.3
20250504141800,30.775999069213867,74.0,0.0,19.8,5.8,24.1
20250504141900,30.775999069213867,74.0,0.0,20.9,5.6,31.6
20250504142000,30.775999069213867,74.0,0.0,20.2,6.4,22.0
20250504142100,30.775999069213867,74.0,0.0,19.5,6.0,29.4
20250504142200,30.775999069213867,74.0,0.0,19.6,6.4,34.9
20250504142300,30.775999069213867,74.0,0.0,19.3,6.4,37.7
20250504142400,30.775999069213867,74.0,0.0,19.1,6.2,29.0
20250504142500,30.775999069213867,74.0,0.0,20.5,6.2,39.5
20250504142600,30.775999069213867,74.0,0.0,21.0,5.6,16.0
20250504142700,30.775999069213867,74.0,0.0,19.5,5.7,23.2
20250504142800,30.775999069213867,74.0,0.0,21.0,5.6,23.4
20250504142900,30.775999069213867,74.0,0.0,19.6,5.6,27.4
20250504143000,30.775999069213867,74.0,0.0,21.0,5.9,33.1
20250504143100,30.775999069213867,74.0,0.0,19.4,5.7,28.4
20250504143200,30.775999069213867,74.0,0.0,19.2,6.2,27.0
20250504143300,30.775999069213867,74.0,0.0,20.5,5.5,20.2
20250504143400,30.775999069213867,74.0,0.0,19.4,6.1,33.1
20250504143500,30.775999069213867,74.0,0.0,19.3,6.2,22.2
20250504143600,30.775999069213867,74.0,0.0,20.3,6.4,18.5
20250504143700,30.775999069213867,74.0,0.0,19.8,5.5,18.6
20250504143800,30.775999069213867,74.0,0.0,19.3,5.9,24.1
20250504143900,30.775999069213867,74.0,0.0,20.6,6.1,29.0
20250504144000,30.775999069213867,74.0,0.0,19.0,5.9,34.4
20250504144100,30.775999069213867,74.0,0.0,19.9,6.4,23.1
20250504144200,30.775999069213867,74.0,0.0,20.2,5.7,30.2
20250504144300,30.775999069213867,74.0,0.0,20.9,6.4,32.2
20250504144400,30.775999069213867,74.0,0.0,21.0,6.3,30.3
20250504144500,30.775999069213867,74.0,0.0,19.6,5.9,38.1
20250504144600,30.775999069213867,74.0,0.0,19.4,6.3,37.4
20250504144700,30.775999069213867,74.0,0.0,20.4,6.0,33.7
20250504144800,30.775999069213867,74.0,0.0,20.7,5.6,20.7
20250504144900,30.775999069213867,74.0,0.0,19.3,6.0,28.2
20250504145000,30.775999069213867,74.0,0.0,20.9,6.0,37.8
20250504145100,30.775999069213867,74.0,0.0,20.9,5.9,39.6
20250504145200,30.775999069213867,74.0,0.0,19.6,5.8,30.8
20250504145300,30.775999069213867,74.0,0.0,19.1,6.0,22.2
20250504145400,30.775999069213867,74.0,0.0,19.0,6.0,24.8
20250504145500,30.775999069213867,74.0,0.0,20.5,6.4,23.7
20250504145600,30.775999069213867,74.0,0.0,19.9,6.0,19.7
20250504145700,30.775999069213867,74.0,0.0,20.6,6.5,31.7
20250504145800,30.775999069213867,74.0,0.0,19.8,5.5,16.2
20250504145900,30.775999069213867,74.0,0.0,20.2,5.6,17.3
20250504150000,30.47599983215332,75.0,0.0,20.2,5.6,21.8
20250504150100,30.47599983215332,75.0,0.0,19.6,6.5,31.5
20250504150200,30.47599983215332,75.0,0.0,19.1,5.6,36.9
20250504150300,30.47599983215332,75.0,0.0,19.2,5.8,26.9
20250504150400,30.47599983215332,75.0,0.0,20.5,6.1,21.1
20250504150500,30.47599983215332,75.0,0.0,20.0,5.6,31.6
20250504150600,30.47599983215332,75.0,0.0,19.3,5.8,34.0
20250504150700,30.47599983215332,75.0,0.0,20.8,6.1,29.8
20250504150800,30.47599983215332,75.0,0.0,20.6,5.9,28.0
20250504150900,30.47599983215332,75.0,0.0,19.0,6.1,32.2
20250504151000,30.47599983215332,75.0,0.0,20.4,5.5,16.6
20250504151100,30.47599983215332,75.0,0.0,20.1,6.1,36.8
20250504151200,30.47599983215332,75.0,0.0,19.1,6.4,22.1
20250504151300,30.47599983215332,75.0,0.0,19.6,5.8,15.7
20250504151400,30.47599983215332,75.0,0.0,20.1,6.5,36.0
20250504151500,30.47599983215332,75.0,0.0,19.2,5.6,26.4
20250504151600,30.47599983215332,75.0,0.0,19.1,5.8,27.4
20250504151700,30.47599983215332,75.0,0.0,19.6,6.4,32.9
20250504151800,30.47599983215332,75.0,0.0,19.1,6.0,20.4
20250504151900,30.47599983215332,75.0,0.0,20.0,5.6,20.9
20250504152000,30.47599983215332,75.0,0.0,19.8,5.8,36.0
20250504152100,30.47599983215332,75.0,0.0,20.6,5.8,27.1
20250504152200,30.47599983215332,75.0,0.0,20.3,6.3,18.0
20250504152300,30.47599983215332,75.0,0.0,20.7,5.9,15.2
20250504152400,30.47599983215332,75.0,0.0,19.3,5.8,28.9
20250504152500,30.47599983215332,75.0,0.0,19.5,5.7,16.2
20250504152600,30.47599983215332,75.0,0.0,20.0,6.3,23.3
20250504152700,30.47599983215332,75.0,0.0,20.2,5.6,28.0
20250504152800,30.47599983215332,75.0,0.0,20.8,6.3,39.5
20250504152900,30.47599983215332,75.0,0.0,20.8,6.3,39.6
20250504153000,30.47599983215332,75.0,0.0,20.8,6.3,33.3
20250504153100,30.47599983215332,75.0,0.0,19.7,5.5,29.1
20250504153200,30.47599983215332,75.0,0.0,20.1,6.3,36.5
20250504153300,30.47599983215332,75.0,0.0,19.2,6.0,30.5
20250504153400,30.47599983215332,75.0,0.0,20.4,6.1,20.4
20250504153500,30.47599983215332,75.0,0.0,19.7,5.7,17.4
20250504153600,30.47599983215332,75.0,0.0,20.7,6.2,34.4
20250504153700,30.47599983215332,75.0,0.0,19.8,6.0,19.6
20250504153800,30.47599983215332,75.0,0.0,20.8,5.8,39.3
20250504153900,30.47599983215332,75.0,0.0,20.0,6.0,18.2
20250504154000,30.47599983215332,75.0,0.0,19.3,5.7,22.1
20250504154100,30.47599983215332,75.0,0.0,20.9,5.7,17.4
20250504154200,30.47599983215332,75.0,0.0,20.1,6.3,35.8
20250504154300,30.47599983215332,75.0,0.0,19.6,6.0,20.7
20250504154400,30.47599983215332,75.0,0.0,19.2,5.9,25.4
20250504154500,30.47599983215332,75.0,0.0,19.1,5.9,24.4
20250504154600,30.47599983215332,75.0,0.0,19.1,5.5,37.7
20250504154700,30.47599983215332,75.0,0.0,20.7,6.2,28.1
20250504154800,30.47599983215332,75.0,0.0,20.0,5.6,25.7
20250504154900,30.47599983215332,75.0,0.0,20.9,6.0,33.5
20250504155000,30.47599983215332,75.0,0.0,20.5,6.3,20.0
20250504155100,30.47599983215332,75.0,0.0,19.3,5.7,21.5
20250504155200,30.47599983215332,75.0,0.0,20.3,5.9,20.0
20250504155300,30.47599983215332,75.0,0.0,20.8,5.5,23.0
20250504155400,30.47599983215332,75.0,0.0,19.6,6.4,24.8
20250504155500,30.47599983215332,75.0,0.0,20.6,5.7,20.1
20250504155600,30.47599983215332,75.0,0.0,20.6,5.7,28.1
20250504155700,30.47599983215332,75.0,0.0,19.2,5.8,28.5
20250504155800,30.47599983215332,75.0,0.0,19.0,6.0,30.2
20250504155900,30.47599983215332,75.0,0.0,19.2,6.4,26.0
20250504160000,30.125999450683594,77.0,0.0,19.8,6.0,33.1
20250504160100,30.125999450683594,77.0,0.0,20.1,5.8,28.4
20250504160200,30.125999450683594,77.0,0.0,20.4,6.2,26.2
20250504160300,30.125999450683594,77.0,0.0,21.0,6.3,23.7
20250504160400,30.125999450683594,77.0,0.0,20.6,5.7,21.3
20250504160500,30.125999450683594,77.0,0.0,20.9,6.0,35.9
20250504160600,30.125999450683594,77.0,0.0,20.9,5.8,26.9
20250504160700,30.125999450683594,77.0,0.0,19.4,5.9,32.9
20250504160800,30.125999450683594,77.0,0.0,19.4,5.5,32.5
20250504160900,30.125999450683594,77.0,0.0,19.8,5.9,26.7
20250504161000,30.125999450683594,77.0,0.0,19.2,5.5,22.7
20250504161100,30.125999450683594,77.0,0.0,20.5,6.1,31.0
20250504161200,30.125999450683594,77.0,0.0,19.4,6.2,17.7
20250504161300,30.125999450683594,77.0,0.0,19.9,5.6,34.9
20250504161400,30.125999450683594,77.0,0.0,19.7,5.6,35.3
20250504161500,30.125999450683594,77.0,0.0,20.3,6.3,35.5
20250504161600,30.125999450683594,77.0,0.0,20.0,5.6,19.5
20250504161700,30.125999450683594,77.0,0.0,20.5,6.4,22.0
20250504161800,30.125999450683594,77.0,0.0,19.6,6.0,38.5
20250504161900,30.125999450683594,77.0,0.0,19.9,6.1,23.0
20250504162000,30.125999450683594,77.0,0.0,20.8,6.0,24.5
20250504162100,30.125999450683594,77.0,0.0,20.5,6.2,31.1
20250504162200,30.125999450683594,77.0,0.0,20.6,6.3,32.1
20250504162300,30.125999450683594,77.0,0.0,20.6,6.2,15.1
20250504162400,30.125999450683594,77.0,0.0,19.0,6.2,35.0
20250504162500,30.125999450683594,77.0,0.0,20.0,6.3,39.7
20250504162600,30.125999450683594,77.0,0.0,21.0,6.2,26.9
20250504162700,30.125999450683594,77.0,0.0,20.6,6.0,38.5
20250504162800,30.125999450683594,77.0,0.0,20.3,6.5,20.2
20250504162900,30.125999450683594,77.0,0.0,19.3,6.0,36.5
20250504163000,30.125999450683594,77.0,0.0,19.2,5.6,39.6
20250504163100,30.125999450683594,77.0,0.0,20.1,6.2,29.0
20250504163200,30.125999450683594,77.0,0.0,20.3,6.2,35.6
20250504163300,30.125999450683594,77.0,0.0,19.2,5.5,31.3
20250504163400,30.125999450683594,77.0,0.0,19.7,6.1,26.3
20250504163500,30.125999450683594,77.0,0.0,19.2,6.1,32.7
20250504163600,30.125999450683594,77.0,0.0,19.3,6.5,20.2
20250504163700,30.125999450683594,77.0,0.0,20.4,5.8,17.2
20250504163800,30.125999450683594,77.0,0.0,20.5,6.3,15.4
20250504163900,30.125999450683594,77.0,0.0,19.8,5.6,29.0
20250504164000,30.125999450683594,77.0,0.0,19.5,6.1,37.7
20250504164100,30.125999450683594,77.0,0.0,19.3,5.7,21.8
20250504164200,30.125999450683594,77.0,0.0,20.6,5.7,17.2
20250504164300,30.125999450683594,77.0,0.0,20.8,5.7,27.1
20250504164400,30.125999450683594,77.0,0.0,20.5,6.2,18.1
20250504164500,30.125999450683594,77.0,0.0,20.9,6.0,22.1
20250504164600,30.125999450683594,77.0,0.0,19.2,5.8,37.4
20250504164700,30.125999450683594,77.0,0.0,21.0,5.9,21.2
20250504164800,30.125999450683594,77.0,0.0,21.0,6.0,29.5
20250504164900,30.125999450683594,77.0,0.0,20.8,6.2,36.6
20250504165000,30.125999450683594,77.0,0.0,20.4,6.0,29.0
20250504165100,30.125999450683594,77.0,0.0,20.1,6.2,34.7
20250504165200,30.125999450683594,77.0,0.0,21.0,6.2,23.2
20250504165300,30.125999450683594,77.0,0.0,19.8,5.8,22.3
20250504165400,30.125999450683594,77.0,0.0,20.2,6.3,17.0
20250504165500,30.125999450683594,77.0,0.0,19.3,6.1,31.8
20250504165600,30.125999450683594,77.0,0.0,19.3,6.0,32.4
20250504165700,30.125999450683594,77.0,0.0,19.7,5.7,35.1
20250504165800,30.125999450683594,77.0,0.0,19.9,6.2,31.2
20250504165900,30.125999450683594,77.0,0.0,20.2,5.9,27.2
20250504170000,29.67599868774414,79.0,0.0,19.3,6.0,17.0
20250504170100,29.67599868774414,79.0,0.0,19.0,6.4,33.5
20250504170200,29.67599868774414,79.0,0.0,19.6,6.1,35.3
20250504170300,29.67599868774414,79.0,0.0,19.3,6.3,22.8
20250504170400,29.67599868774414,79.0,0.0,20.4,5.7,35.8
20250504170500,29.67599868774414,79.0,0.0,19.9,5.5,37.1
20250504170600,29.67599868774414,79.0,0.0,19.5,6.2,33.2
20250504170700,29.67599868774414,79.0,0.0,19.4,5.8,23.3
20250504170800,29.67599868774414,79.0,0.0,19.1,5.8,22.8
20250504170900,29.67599868774414,79.0,0.0,20.7,6.4,38.4
20250504171000,29.67599868774414,79.0,0.0,20.5,6.4,32.9
20250504171100,29.67599868774414,79.0,0.0,19.1,6.1,32.4
20250504171200,29.67599868774414,79.0,0.0,19.1,5.6,33.6
20250504171300,29.67599868774414,79.0,0.0,19.6,6.4,27.4
20250504171400,29.67599868774414,79.0,0.0,19.7,5.6,33.7
20250504171500,29.67599868774414,79.0,0.0,20.7,5.5,32.7
20250504171600,29.67599868774414,79.0,0.0,19.2,5.6,27.0
20250504171700,29.67599868774414,79.0,0.0,20.5,6.2,36.2
20250504171800,29.67599868774414,79.0,0.0,19.3,6.2,22.8
20250504171900,29.67599868774414,79.0,0.0,20.3,5.6,19.3
20250504172000,29.67599868774414,79.0,0.0,20.4,5.5,26.7
20250504172100,29.67599868774414,79.0,0.0,19.5,6.2,33.0
20250504172200,29.67599868774414,79.0,0.0,20.4,6.5,26.4
20250504172300,29.67599868774414,79.0,0.0,20.2,6.4,28.8
20250504172400,29.67599868774414,79.0,0.0,20.8,5.7,33.9
20250504172500,29.67599868774414,79.0,0.0,20.1,6.2,29.5
20250504172600,29.67599868774414,79.0,0.0,20.7,6.5,21.0
20250504172700,29.67599868774414,79.0,0.0,20.1,6.3,28.3
20250504172800,29.67599868774414,79.0,0.0,20.8,5.8,33.6
20250504172900,29.67599868774414,79.0,0.0,20.7,5.7,23.6
20250504173000,29.67599868774414,79.0,0.0,19.7,5.9,35.6
20250504173100,29.67599868774414,79.0,0.0,19.3,5.7,15.8
20250504173200,29.67599868774414,79.0,0.0,19.3,5.9,33.4
20250504173300,29.67599868774414,79.0,0.0,19.7,5.7,19.4
20250504173400,29.67599868774414,79.0,0.0,20.5,6.3,34.9
20250504173500,29.67599868774414,79.0,0.0,19.3,6.2,36.5
20250504173600,29.67599868774414,79.0,0.0,19.9,5.7,36.4
20250504173700,29.67599868774414,79.0,0.0,20.9,5.7,27.8
20250504173800,29.67599868774414,79.0,0.0,20.1,6.5,17.8
20250504173900,29.67599868774414,79.0,0.0,19.2,6.4,18.9
20250504174000,29.67599868774414,79.0,0.0,19.3,6.4,24.6
20250504174100,29.67599868774414,79.0,0.0,19.4,5.7,21.3
20250504174200,29.67599868774414,79.0,0.0,20.6,5.9,33.1
20250504174300,29.67599868774414,79.0,0.0,20.2,5.5,39.5
20250504174400,29.67599868774414,79.0,0.0,19.5,6.0,19.8
20250504174500,29.67599868774414,79.0,0.0,20.3,5.6,25.9
20250504174600,29.67599868774414,79.0,0.0,19.1,6.4,31.5
20250504174700,29.67599868774414,79.0,0.0,20.5,6.0,36.7
20250504174800,29.67599868774414,79.0,0.0,20.9,5.9,32.1
20250504174900,29.67599868774414,79.0,0.0,19.2,5.6,36.9
20250504175000,29.67599868774414,79.0,0.0,19.5,6.5,28.1
20250504175100,29.67599868774414,79.0,0.0,19.8,5.9,22.9
20250504175200,29.67599868774414,79.0,0.0,20.6,6.1,19.7
20250504175300,29.67599868774414,79.0,0.0,20.4,5.9,31.3
20250504175400,29.67599868774414,79.0,0.0,19.3,6.4,36.5
20250504175500,29.67599868774414,79.0,0.0,20.4,6.2,19.8
20250504175600,29.67599868774414,79.0,0.0,19.3,6.0,31.8
20250504175700,29.67599868774414,79.0,0.0,19.1,5.5,15.6
20250504175800,29.67599868774414,79.0,0.0,20.6,6.2,26.5
20250504175900,29.67599868774414,79.0,0.0,19.1,6.2,28.1
20250504180000,29.125999450683594,82.0,0.0,19.3,6.1,17.5
20250504180100,29.125999450683594,82.0,0.0,19.7,5.9,30.5
20250504180200,29.125999450683594,82.0,0.0,19.7,5.9,29.8
20250504180300,29.125999450683594,82.0,0.0,19.9,6.0,23.3
20250504180400,29.125999450683594,82.0,0.0,21.0,5.8,29.5
20250504180500,29.125999450683594,82.0,0.0,19.6,5.8,24.3
20250504180600,29.125999450683594,82.0,0.0,19.9,5.8,19.8
20250504180700,29.125999450683594,82.0,0.0,20.8,6.3,16.5
20250504180800,29.125999450683594,82.0,0.0,19.2,6.3,33.9
20250504180900,29.125999450683594,82.0,0.0,20.4,5.6,20.8
20250504181000,29.125999450683594,82.0,0.0,20.1,6.4,34.2
20250504181100,29.125999450683594,82.0,0.0,20.7,6.2,30.9
20250504181200,29.125999450683594,82.0,0.0,20.8,6.1,24.5
20250504181300,29.125999450683594,82.0,0.0,20.7,5.6,25.6
20250504181400,29.125999450683594,82.0,0.0,20.3,5.7,31.9
20250504181500,29.125999450683594,82.0,0.0,20.2,6.4,30.8
20250504181600,29.125999450683594,82.0,0.0,20.5,6.2,28.6
20250504181700,29.125999450683594,82.0,0.0,20.4,6.4,30.7
20250504181800,29.125999450683594,82.0,0.0,19.3,6.1,15.4
20250504181900,29.125999450683594,82.0,0.0,19.1,6.2,31.1
20250504182000,29.125999450683594,82.0,0.0,19.4,6.0,27.5
20250504182100,29.125999450683594,82.0,0.0,20.6,5.7,38.8
20250504182200,29.125999450683594,82.0,0.0,20.0,6.3,27.1
20250504182300,29.125999450683594,82.0,0.0,19.1,5.8,33.3
20250504182400,29.125999450683594,82.0,0.0,21.0,5.6,18.9
20250504182500,29.125999450683594,82.0,0.0,19.5,6.5,19.3
20250504182600,29.125999450683594,82.0,0.0,20.1,6.4,16.5
20250504182700,29.125999450683594,82.0,0.0,20.4,6.3,29.5
20250504182800,29.125999450683594,82.0,0.0,20.1,5.8,32.9
20250504182900,29.125999450683594,82.0,0.0,20.9,5.9,29.3
20250504183000,29.125999450683594,82.0,0.0,20.6,5.9,38.4
20250504183100,29.125999450683594,82.0,0.0,19.1,6.2,19.2
20250504183200,29.125999450683594,82.0,0.0,19.9,6.4,18.5
20250504183300,29.125999450683594,82.0,0.0,20.3,5.6,22.8
20250504183400,29.125999450683594,82.0,0.0,19.3,5.7,39.8
20250504183500,29.125999450683594,82.0,0.0,19.8,6.0,35.7
20250504183600,29.125999450683594,82.0,0.0,19.4,6.2,34.9
20250504183700,29.125999450683594,82.0,0.0,20.4,6.4,38.6
20250504183800,29.125999450683594,82.0,0.0,20.6,6.2,32.0
20250504183900,29.125999450683594,82.0,0.0,20.0,5.7,37.3
20250504184000,29.125999450683594,82.0,0.0,20.1,6.0,36.1
20250504184100,29.125999450683594,82.0,0.0,19.3,6.4,32.0
20250504184200,29.125999450683594,82.0,0.0,20.3,6.1,28.1
20250504184300,29.125999450683594,82.0,0.0,20.4,6.5,21.7
20250504184400,29.125999450683594,82.0,0.0,20.4,5.8,16.7
20250504184500,29.125999450683594,82.0,0.0,20.4,5.7,22.0
20250504184600,29.125999450683594,82.0,0.0,20.7,6.1,31.8
20250504184700,29.125999450683594,82.0,0.0,19.8,6.5,27.9
20250504184800,29.125999450683594,82.0,0.0,19.4,5.8,40.0
20250504184900,29.125999450683594,82.0,0.0,20.1,5.5,18.0
20250504185000,29.125999450683594,82.0,0.0,19.2,6.3,22.7
20250504185100,29.125999450683594,82.0,0.0,19.8,5.7,27.9
20250504185200,29.125999450683594,82.0,0.0,19.4,5.7,36.4
20250504185300,29.125999450683594,82.0,0.0,19.4,6.2,18.1
20250504185400,29.125999450683594,82.0,0.0,20.2,5.8,23.3
20250504185500,29.125999450683594,82.0,0.0,19.6,6.0,24.3
20250504185600,29.125999450683594,82.0,0.0,19.1,6.2,36.1
20250504185700,29.125999450683594,82.0,0.0,20.6,6.4,22.9
20250504185800,29.125999450683594,82.0,0.0,20.9,6.2,15.3
20250504185900,29.125999450683594,82.0,0.0,20.4,6.3,25.8
20250504190000,28.625999450683594,84.0,0.0,20.7,6.4,34.9
20250504190100,28.625999450683594,84.0,0.0,20.4,6.0,15.5
20250504190200,28.625999450683594,84.0,0.0,20.6,6.5,33.1
20250504190300,28.625999450683594,84.0,0.0,20.0,6.0,16.4
20250504190400,28.625999450683594,84.0,0.0,20.2,6.1,19.8
20250504190500,28.625999450683594,84.0,0.0,20.1,5.8,26.9
20250504190600,28.625999450683594,84.0,0.0,19.8,5.5,15.4
20250504190700,28.625999450683594,84.0,0.0,21.0,5.7,21.5
20250504190800,28.625999450683594,84.0,0.0,20.5,6.1,36.6
20250504190900,28.625999450683594,84.0,0.0,19.8,6.4,31.0
20250504191000,28.625999450683594,84.0,0.0,20.9,5.9,32.2
20250504191100,28.625999450683594,84.0,0.0,20.1,6.5,21.8
20250504191200,28.625999450683594,84.0,0.0,20.9,5.9,30.7
20250504191300,28.625999450683594,84.0,0.0,19.3,6.1,28.9
20250504191400,28.625999450683594,84.0,0.0,20.5,5.5,27.1
20250504191500,28.625999450683594,84.0,0.0,19.9,6.3,21.9
20250504191600,28.625999450683594,84.0,0.0,20.8,6.2,37.5
20250504191700,28.625999450683594,84.0,0.0,19.5,5.5,39.2
20250504191800,28.625999450683594,84.0,0.0,19.1,6.5,39.4
20250504191900,28.625999450683594,84.0,0.0,20.8,5.7,25.3
20250504192000,28.625999450683594,84.0,0.0,20.3,5.7,24.8
20250504192100,28.625999450683594,84.0,0.0,20.5,5.8,32.2
20250504192200,28.625999450683594,84.0,0.0,19.7,6.3,31.4
20250504192300,28.625999450683594,84.0,0.0,20.6,6.1,29.8
20250504192400,28.625999450683594,84.0,0.0,21.0,5.7,34.2
20250504192500,28.625999450683594,84.0,0.0,20.5,5.5,33.4
20250504192600,28.625999450683594,84.0,0.0,20.2,6.4,26.2
20250504192700,28.625999450683594,84.0,0.0,19.7,6.1,25.2
20250504192800,28.625999450683594,84.0,0.0,20.7,6.4,23.5
20250504192900,28.625999450683594,84.0,0.0,20.5,6.3,35.4
20250504193000,28.625999450683594,84.0,0.0,20.7,5.9,29.1
20250504193100,28.625999450683594,84.0,0.0,19.6,5.5,16.1
20250504193200,28.625999450683594,84.0,0.0,19.3,6.1,26.1
20250504193300,28.625999450683594,84.0,0.0,19.4,5.6,23.9
20250504193400,28.625999450683594,84.0,0.0,20.8,6.3,25.5
20250504193500,28.625999450683594,84.0,0.0,20.7,6.0,18.1
20250504193600,28.625999450683594,84.0,0.0,20.3,5.6,20.4
20250504193700,28.625999450683594,84.0,0.0,19.3,6.2,30.8
20250504193800,28.625999450683594,84.0,0.0,20.9,6.0,31.9
20250504193900,28.625999450683594,84.0,0.0,20.7,5.9,26.2
20250504194000,28.625999450683594,84.0,0.0,19.0,6.2,31.4
20250504194100,28.625999450683594,84.0,0.0,20.3,5.7,33.2
20250504194200,28.625999450683594,84.0,0.0,20.8,6.3,31.6
20250504194300,28.625999450683594,84.0,0.0,21.0,6.3,21.7
20250504194400,28.625999450683594,84.0,0.0,20.3,6.3,17.8
20250504194500,28.625999450683594,84.0,0.0,19.6,6.4,20.6
20250504194600,28.625999450683594,84.0,0.0,20.1,6.4,34.4
20250504194700,28.625999450683594,84.0,0.0,19.5,5.9,32.1
20250504194800,28.625999450683594,84.0,0.0,20.5,6.1,27.7
20250504194900,28.625999450683594,84.0,0.0,21.0,5.9,17.2
20250504195000,28.625999450683594,84.0,0.0,20.2,5.8,36.6
20250504195100,28.625999450683594,84.0,0.0,19.0,5.6,20.2
20250504195200,28.625999450683594,84.0,0.0,20.5,5.8,23.6
20250504195300,28.625999450683594,84.0,0.0,19.4,6.3,25.8
20250504195400,28.625999450683594,84.0,0.0,20.0,6.0,36.5
20250504195500,28.625999450683594,84.0,0.0,19.9,6.2,18.3
20250504195600,28.625999450683594,84.0,0.0,19.2,6.4,35.1
20250504195700,28.625999450683594,84.0,0.0,19.4,5.9,16.1
20250504195800,28.625999450683594,84.0,0.0,19.8,6.2,37.0
20250504195900,28.625999450683594,84.0,0.0,20.8,6.2,27.0
20250504200000,28.17599868774414,86.0,0.0,20.9,5.8,19.7
20250504200100,28.17599868774414,86.0,0.0,19.8,5.6,28.9
20250504200200,28.17599868774414,86.0,0.0,20.2,5.5,31.4
20250504200300,28.17599868774414,86.0,0.0,19.7,5.9,30.8
20250504200400,28.17599868774414,86.0,0.0,20.0,6.1,34.6
20250504200500,28.17599868774414,86.0,0.0,20.0,6.4,23.9
20250504200600,28.17599868774414,86.0,0.0,19.2,6.1,33.3
20250504200700,28.17599868774414,86.0,0.0,20.9,6.3,19.0
20250504200800,28.17599868774414,86.0,0.0,19.3,6.4,15.8
20250504200900,28.17599868774414,86.0,0.0,20.3,6.5,29.2
20250504201000,28.17599868774414,86.0,0.0,19.9,6.5,20.8
20250504201100,28.17599868774414,86.0,0.0,19.2,5.5,17.2
20250504201200,28.17599868774414,86.0,0.0,19.9,6.4,34.5
20250504201300,28.17599868774414,86.0,0.0,19.5,6.3,31.6
20250504201400,28.17599868774414,86.0,0.0,19.6,6.3,38.1
20250504201500,28.17599868774414,86.0,0.0,20.1,5.9,23.8
20250504201600,28.17599868774414,86.0,0.0,19.1,5.8,16.2
20250504201700,28.17599868774414,86.0,0.0,20.1,5.7,24.1
20250504201800,28.17599868774414,86.0,0.0,20.7,5.7,35.8
20250504201900,28.17599868774414,86.0,0.0,19.6,5.5,21.0
20250504202000,28.17599868774414,86.0,0.0,19.6,5.6,37.4
20250504202100,28.17599868774414,86.0,0.0,19.1,5.8,30.7
20250504202200,28.17599868774414,86.0,0.0,19.3,5.9,29.3
20250504202300,28.17599868774414,86.0,0.0,19.3,5.8,39.8
20250504202400,28.17599868774414,86.0,0.0,19.1,5.8,37.2
20250504202500,28.17599868774414,86.0,0.0,20.1,6.3,39.5
20250504202600,28.17599868774414,86.0,0.0,19.8,6.0,29.3
20250504202700,28.17599868774414,86.0,0.0,20.7,6.0,21.3
20250504202800,28.17599868774414,86.0,0.0,20.5,6.5,18.2
20250504202900,28.17599868774414,86.0,0.0,20.3,5.6,37.8
20250504203000,28.17599868774414,86.0,0.0,19.8,6.1,16.5
20250504203100,28.17599868774414,86.0,0.0,20.7,5.8,33.2
20250504203200,28.17599868774414,86.0,0.0,19.7,5.7,24.2
20250504203300,28.17599868774414,86.0,0.0,20.2,6.2,38.9
20250504203400,28.17599868774414,86.0,0.0,20.0,6.2,38.3
20250504203500,28.17599868774414,86.0,0.0,20.3,6.5,37.9
20250504203600,28.17599868774414,86.0,0.0,19.4,5.8,23.7
20250504203700,28.17599868774414,86.0,0.0,20.2,5.8,17.6
20250504203800,28.17599868774414,86.0,0.0,19.5,5.7,36.9
20250504203900,28.17599868774414,86.0,0.0,20.3,6.1,34.7
20250504204000,28.17599868774414,86.0,0.0,20.7,6.2,35.0
20250504204100,28.17599868774414,86.0,0.0,20.0,6.4,29.9
20250504204200,28.17599868774414,86.0,0.0,21.0,5.7,22.2
20250504204300,28.17599868774414,86.0,0.0,19.9,6.4,26.8
20250504204400,28.17599868774414,86.0,0.0,20.4,6.5,33.5
20250504204500,28.17599868774414,86.0,0.0,19.0,5.7,32.0
20250504204600,28.17599868774414,86.0,0.0,20.8,5.6,16.2
20250504204700,28.17599868774414,86.0,0.0,20.0,6.1,17.4
20250504204800,28.17599868774414,86.0,0.0,20.5,5.6,32.1
20250504204900,28.17599868774414,86.0,0.0,20.9,6.3,36.1
20250504205000,28.17599868774414,86.0,0.0,19.6,6.0,23.9
20250504205100,28.17599868774414,86.0,0.0,19.9,5.7,27.2
20250504205200,28.17599868774414,86.0,0.0,19.4,6.0,21.2
20250504205300,28.17599868774414,86.0,0.0,19.9,6.5,25.6
20250504205400,28.17599868774414,86.0,0.0,19.7,5.7,16.4
20250504205500,28.17599868774414,86.0,0.0,21.0,5.6,39.3
20250504205600,28.17599868774414,86.0,0.0,20.7,6.2,30.3
20250504205700,28.17599868774414,86.0,0.0,19.6,5.6,32.5
20250504205800,28.17599868774414,86.0,0.0,20.5,6.4,32.0
20250504205900,28.17599868774414,86.0,0.0,19.7,5.8,35.3
20250504210000,27.72599983215332,89.0,0.0,20.5,6.2,36.3
20250504210100,27.72599983215332,89.0,0.0,19.7,6.3,18.8
20250504210200,27.72599983215332,89.0,0.0,19.7,6.4,35.2
20250504210300,27.72599983215332,89.0,0.0,19.3,6.0,34.9
20250504210400,27.72599983215332,89.0,0.0,20.4,5.9,17.7
20250504210500,27.72599983215332,89.0,0.0,19.3,5.5,21.0
20250504210600,27.72599983215332,89.0,0.0,21.0,6.3,37.6
20250504210700,27.72599983215332,89.0,0.0,20.9,6.1,25.7
20250504210800,27.72599983215332,89.0,0.0,20.9,5.8,16.4
20250504210900,27.72599983215332,89.0,0.0,20.6,5.9,34.5
20250504211000,27.72599983215332,89.0,0.0,20.0,6.2,38.6
20250504211100,27.72599983215332,89.0,0.0,20.9,5.8,32.9
20250504211200,27.72599983215332,89.0,0.0,19.8,5.8,19.6
20250504211300,27.72599983215332,89.0,0.0,19.9,5.9,25.3
20250504211400,27.72599983215332,89.0,0.0,21.0,5.9,39.9
20250504211500,27.72599983215332,89.0,0.0,19.8,6.5,30.1
20250504211600,27.72599983215332,89.0,0.0,19.3,5.8,40.0
20250504211700,27.72599983215332,89.0,0.0,19.3,6.2,34.8
20250504211800,27.72599983215332,89.0,0.0,19.8,6.0,19.9
20250504211900,27.72599983215332,89.0,0.0,19.0,5.6,22.9
20250504212000,27.72599983215332,89.0,0.0,19.2,6.3,20.1
20250504212100,27.72599983215332,89.0,0.0,19.6,5.6,17.7
20250504212200,27.72599983215332,89.0,0.0,20.6,6.4,21.2
20250504212300,27.72599983215332,89.0,0.0,19.6,5.6,34.6
20250504212400,27.72599983215332,89.0,0.0,20.8,6.1,18.0
20250504212500,27.72599983215332,89.0,0.0,20.5,6.0,35.3
20250504212600,27.72599983215332,89.0,0.0,20.1,5.7,38.8
20250504212700,27.72599983215332,89.0,0.0,19.2,5.7,37.3
20250504212800,27.72599983215332,89.0,0.0,19.1,5.7,39.9
20250504212900,27.72599983215332,89.0,0.0,19.8,5.6,17.0
20250504213000,27.72599983215332,89.0,0.0,20.9,5.5,27.4
20250504213100,27.72599983215332,89.0,0.0,19.6,6.4,26.3
20250504213200,27.72599983215332,89.0,0.0,19.8,6.3,21.8
20250504213300,27.72599983215332,89.0,0.0,20.6,6.0,29.4
20250504213400,27.72599983215332,89.0,0.0,20.1,6.5,24.6
20250504213500,27.72599983215332,89.0,0.0,19.7,6.1,16.3
20250504213600,27.72599983215332,89.0,0.0,20.1,5.7,29.5
20250504213700,27.72599983215332,89.0,0.0,20.2,6.0,31.9
20250504213800,27.72599983215332,89.0,0.0,20.3,5.5,22.4
20250504213900,27.72599983215332,89.0,0.0,19.8,6.2,39.3
20250504214000,27.72599983215332,89.0,0.0,20.6,5.9,37.5
20250504214100,27.72599983215332,89.0,0.0,19.9,6.3,20.0
20250504214200,27.72599983215332,89.0,0.0,20.0,6.1,31.3
20250504214300,27.72599983215332,89.0,0.0,21.0,6.5,37.0
20250504214400,27.72599983215332,89.0,0.0,20.6,5.7,32.8
20250504214500,27.72599983215332,89.0,0.0,20.1,6.1,26.5
20250504214600,27.72599983215332,89.0,0.0,20.5,5.8,27.6
20250504214700,27.72599983215332,89.0,0.0,20.9,6.3,38.0
20250504214800,27.72599983215332,89.0,0.0,19.1,6.1,35.1
20250504214900,27.72599983215332,89.0,0.0,20.4,6.5,37.5
20250504215000,27.72599983215332,89.0,0.0,20.6,6.1,28.4
20250504215100,27.72599983215332,89.0,0.0,19.5,6.2,32.8
20250504215200,27.72599983215332,89.0,0.0,19.2,5.9,17.7
20250504215300,27.72599983215332,89.0,0.0,20.1,5.5,26.1
20250504215400,27.72599983215332,89.0,0.0,19.8,6.1,34.0
20250504215500,27.72599983215332,89.0,0.0,20.9,6.1,17.8
20250504215600,27.72599983215332,89.0,0.0,19.1,6.3,28.7
20250504215700,27.72599983215332,89.0,0.0,20.9,5.9,27.4
20250504215800,27.72599983215332,89.0,0.0,20.0,6.1,39.7
20250504215900,27.72599983215332,89.0,0.0,19.6,6.4,16.7
20250504220000,27.325998306274414,91.0,0.0,20.7,5.8,39.0
20250504220100,27.325998306274414,91.0,0.0,20.7,6.1,37.1
20250504220200,27.325998306274414,91.0,0.0,20.3,5.9,39.3
20250504220300,27.325998306274414,91.0,0.0,20.9,5.8,25.0
20250504220400,27.325998306274414,91.0,0.0,19.1,6.4,29.7
20250504220500,27.325998306274414,91.0,0.0,20.7,6.4,25.2
20250504220600,27.325998306274414,91.0,0.0,19.2,6.4,28.9
20250504220700,27.325998306274414,91.0,0.0,19.5,6.1,31.9
20250504220800,27.325998306274414,91.0,0.0,20.5,5.5,37.6
20250504220900,27.325998306274414,91.0,0.0,19.4,6.1,16.6
20250504221000,27.325998306274414,91.0,0.0,20.4,5.5,17.7
20250504221100,27.325998306274414,91.0,0.0,20.8,6.2,34.8
20250504221200,27.325998306274414,91.0,0.0,19.9,6.4,21.7
20250504221300,27.325998306274414,91.0,0.0,20.3,6.4,17.5
20250504221400,27.325998306274414,91.0,0.0,19.9,5.9,16.8
20250504221500,27.325998306274414,91.0,0.0,20.8,5.6,32.0
20250504221600,27.325998306274414,91.0,0.0,20.4,6.0,40.0
20250504221700,27.325998306274414,91.0,0.0,19.2,5.8,25.9
20250504221800,27.325998306274414,91.0,0.0,20.0,5.6,21.3
20250504221900,27.325998306274414,91.0,0.0,20.5,6.2,33.7
20250504222000,27.325998306274414,91.0,0.0,20.8,6.0,33.8
20250504222100,27.325998306274414,91.0,0.0,19.6,6.1,39.8
20250504222200,27.325998306274414,91.0,0.0,19.4,6.4,39.4
20250504222300,27.325998306274414,91.0,0.0,20.0,5.7,25.7
20250504222400,27.325998306274414,91.0,0.0,20.4,6.4,33.7
20250504222500,27.325998306274414,91.0,0.0,19.2,6.5,25.5
20250504222600,27.325998306274414,91.0,0.0,19.7,6.2,24.2
20250504222700,27.325998306274414,91.0,0.0,19.6,6.5,20.0
20250504222800,27.325998306274414,91.0,0.0,19.7,5.8,36.8
20250504222900,27.325998306274414,91.0,0.0,19.7,6.3,16.9
20250504223000,27.325998306274414,91.0,0.0,20.2,6.3,27.8
20250504223100,27.325998306274414,91.0,0.0,20.9,6.2,27.1
20250504223200,27.325998306274414,91.0,0.0,19.7,5.8,27.5
20250504223300,27.325998306274414,91.0,0.0,19.2,6.2,16.0
20250504223400,27.325998306274414,91.0,0.0,19.0,6.4,18.3
20250504223500,27.325998306274414,91.0,0.0,20.4,5.6,19.3
20250504223600,27.325998306274414,91.0,0.0,20.7,6.2,21.0
20250504223700,27.325998306274414,91.0,0.0,19.2,5.6,30.4
20250504223800,27.325998306274414,91.0,0.0,19.4,6.4,40.0
20250504223900,27.325998306274414,91.0,0.0,19.2,5.8,34.1
20250504224000,27.325998306274414,91.0,0.0,20.9,6.2,28.9
20250504224100,27.325998306274414,91.0,0.0,19.0,6.3,27.1
20250504224200,27.325998306274414,91.0,0.0,20.9,6.3,18.6
20250504224300,27.325998306274414,91.0,0.0,20.4,5.7,37.1
20250504224400,27.325998306274414,91.0,0.0,20.3,5.6,19.5
20250504224500,27.325998306274414,91.0,0.0,19.3,6.3,16.7
20250504224600,27.325998306274414,91.0,0.0,19.9,5.8,19.4
20250504224700,27.325998306274414,91.0,0.0,20.9,5.8,19.2
20250504224800,27.325998306274414,91.0,0.0,20.3,5.6,21.9
20250504224900,27.325998306274414,91.0,0.0,19.4,5.7,16.1
20250504225000,27.325998306274414,91.0,0.0,19.1,5.5,30.2
20250504225100,27.325998306274414,91.0,0.0,19.3,5.6,33.0
20250504225200,27.325998306274414,91.0,0.0,20.3,5.9,36.6
20250504225300,27.325998306274414,91.0,0.0,20.3,6.0,34.0
20250504225400,27.325998306274414,91.0,0.0,20.6,6.4,36.6
20250504225500,27.325998306274414,91.0,0.0,19.1,6.1,18.5
20250504225600,27.325998306274414,91.0,0.0,21.0,6.3,28.6
20250504225700,27.325998306274414,91.0,0.0,20.4,5.9,35.2
20250504225800,27.325998306274414,91.0,0.0,20.7,5.7,35.9
20250504225900,27.325998306274414,91.0,0.0,20.9,5.6,17.2
20250504230000,27.025999069213867,93.0,0.0,20.9,5.9,28.9
20250504230100,27.025999069213867,93.0,0.0,20.9,5.7,36.1
20250504230200,27.025999069213867,93.0,0.0,19.3,6.0,19.2
20250504230300,27.025999069213867,93.0,0.0,20.0,5.8,29.6
20250504230400,27.025999069213867,93.0,0.0,19.6,6.4,24.3
20250504230500,27.025999069213867,93.0,0.0,19.9,6.3,22.2
20250504230600,27.025999069213867,93.0,0.0,20.4,5.7,39.3
20250504230700,27.025999069213867,93.0,0.0,20.0,5.7,24.7
20250504230800,27.025999069213867,93.0,0.0,20.1,6.2,28.9
20250504230900,27.025999069213867,93.0,0.0,19.7,6.5,21.5
20250504231000,27.025999069213867,93.0,0.0,20.1,5.6,20.0
20250504231100,27.025999069213867,93.0,0.0,19.8,6.4,37.4
20250504231200,27.025999069213867,93.0,0.0,20.9,5.8,39.9
20250504231300,27.025999069213867,93.0,0.0,19.6,6.2,23.4
20250504231400,27.025999069213867,93.0,0.0,20.3,6.5,15.5
20250504231500,27.025999069213867,93.0,0.0,20.2,6.2,31.3
20250504231600,27.025999069213867,93.0,0.0,19.9,6.3,37.0
20250504231700,27.025999069213867,93.0,0.0,19.4,6.2,21.2
20250504231800,27.025999069213867,93.0,0.0,20.7,5.8,31.9
20250504231900,27.025999069213867,93.0,0.0,19.7,6.5,29.7
20250504232000,27.025999069213867,93.0,0.0,19.5,6.0,39.6
20250504232100,27.025999069213867,93.0,0.0,21.0,5.6,37.6
20250504232200,27.025999069213867,93.0,0.0,20.0,6.3,39.5
20250504232300,27.025999069213867,93.0,0.0,20.1,6.5,37.5
20250504232400,27.025999069213867,93.0,0.0,20.3,6.3,38.8
20250504232500,27.025999069213867,93.0,0.0,19.8,5.9,30.8
20250504232600,27.025999069213867,93.0,0.0,19.1,5.6,38.3
20250504232700,27.025999069213867,93.0,0.0,20.8,6.3,16.4
20250504232800,27.025999069213867,93.0,0.0,19.2,6.2,19.5
20250504232900,27.025999069213867,93.0,0.0,20.6,6.0,26.3
20250504233000,27.025999069213867,93.0,0.0,20.1,6.4,39.3
20250504233100,27.025999069213867,93.0,0.0,19.2,6.4,35.8
20250504233200,27.025999069213867,93.0,0.0,19.5,6.0,22.1
20250504233300,27.025999069213867,93.0,0.0,19.8,5.8,23.2
20250504233400,27.025999069213867,93.0,0.0,20.7,5.5,33.2
20250504233500,27.025999069213867,93.0,0.0,20.8,6.2,27.6
20250504233600,27.025999069213867,93.0,0.0,19.9,6.4,31.8
20250504233700,27.025999069213867,93.0,0.0,19.6,6.0,19.4
20250504233800,27.025999069213867,93.0,0.0,19.0,5.8,28.3
20250504233900,27.025999069213867,93.0,0.0,19.2,6.3,32.2
20250504234000,27.025999069213867,93.0,0.0,19.7,6.4,33.7
20250504234100,27.025999069213867,93.0,0.0,20.0,5.7,15.9
20250504234200,27.025999069213867,93.0,0.0,20.4,6.2,17.9
20250504234300,27.025999069213867,93.0,0.0,20.3,6.3,31.9
20250504234400,27.025999069213867,93.0,0.0,20.5,6.4,37.0
20250504234500,27.025999069213867,93.0,0.0,20.0,6.1,17.8
20250504234600,27.025999069213867,93.0,0.0,20.3,5.8,24.5
20250504234700,27.025999069213867,93.0,0.0,19.2,6.2,20.3
20250504234800,27.025999069213867,93.0,0.0,20.0,5.7,33.7
20250504234900,27.025999069213867,93.0,0.0,19.2,5.7,34.5
20250504235000,27.025999069213867,93.0,0.0,20.9,6.4,33.1
20250504235100,27.025999069213867,93.0,0.0,19.2,6.4,20.0
20250504235200,27.025999069213867,93.0,0.0,19.5,5.5,27.9
20250504235300,27.025999069213867,93.0,0.0,20.5,5.8,30.1
20250504235400,27.025999069213867,93.0,0.0,20.1,6.2,16.8
20250504235500,27.025999069213867,93.0,0.0,20.2,6.4,15.3
20250504235600,27.025999069213867,93.0,0.0,20.3,6.1,34.4
20250504235700,27.025999069213867,93.0,0.0,20.8,6.2,17.5
20250504235800,27.025999069213867,93.0,0.0,19.6,5.5,30.8
20250504235900,27.025999069213867,93.0,0.0,19.5,5.5,39.4
