id,temperature,humidity,rain,salinity,ph,soil_moisture
20250502000000,28.025999069213867,83.0,0.0,1.1,6.6,38.8
20250502000100,28.025999069213867,83.0,0.0,0.8,7.0,28.7
20250502000200,28.025999069213867,83.0,0.0,1.6,7.3,16.7
20250502000300,28.025999069213867,83.0,0.0,0.5,7.4,28.4
20250502000400,28.025999069213867,83.0,0.0,0.8,6.0,35.0
20250502000500,28.025999069213867,83.0,0.0,1.3,7.0,15.9
20250502000600,28.025999069213867,83.0,0.0,1.6,7.3,38.6
20250502000700,28.025999069213867,83.0,0.0,1.6,6.5,16.6
20250502000800,28.025999069213867,83.0,0.0,1.4,7.0,29.1
20250502000900,28.025999069213867,83.0,0.0,1.0,7.0,39.6
20250502001000,28.025999069213867,83.0,0.0,1.5,6.1,27.0
20250502001100,28.025999069213867,83.0,0.0,1.8,6.7,36.7
20250502001200,28.025999069213867,83.0,0.0,1.9,6.0,36.1
20250502001300,28.025999069213867,83.0,0.0,1.5,6.3,26.5
20250502001400,28.025999069213867,83.0,0.0,1.5,6.7,21.3
20250502001500,28.025999069213867,83.0,0.0,1.0,7.5,38.0
20250502001600,28.025999069213867,83.0,0.0,2.0,6.5,18.7
20250502001700,28.025999069213867,83.0,0.0,1.6,7.1,32.0
20250502001800,28.025999069213867,83.0,0.0,1.9,7.1,18.6
20250502001900,28.025999069213867,83.0,0.0,1.6,6.6,32.4
20250502002000,28.025999069213867,83.0,0.0,0.4,7.5,24.6
20250502002100,28.025999069213867,83.0,0.0,1.2,6.9,24.7
20250502002200,28.025999069213867,83.0,0.0,1.7,6.3,15.7
20250502002300,28.025999069213867,83.0,0.0,1.1,6.5,27.9
20250502002400,28.025999069213867,83.0,0.0,1.9,6.5,26.0
20250502002500,28.025999069213867,83.0,0.0,1.1,6.9,19.8
20250502002600,28.025999069213867,83.0,0.0,0.7,6.2,17.7
20250502002700,28.025999069213867,83.0,0.0,0.9,6.1,20.6
20250502002800,28.025999069213867,83.0,0.0,0.1,6.3,26.3
20250502002900,28.025999069213867,83.0,0.0,0.5,7.0,20.1
20250502003000,28.025999069213867,83.0,0.0,0.5,7.1,37.6
20250502003100,28.025999069213867,83.0,0.0,1.9,7.4,22.5
20250502003200,28.025999069213867,83.0,0.0,1.4,6.5,23.4
20250502003300,28.025999069213867,83.0,0.0,0.1,6.9,28.7
20250502003400,28.025999069213867,83.0,0.0,1.8,6.2,27.1
20250502003500,28.025999069213867,83.0,0.0,0.1,7.3,29.7
20250502003600,28.025999069213867,83.0,0.0,1.8,7.3,20.6
20250502003700,28.025999069213867,83.0,0.0,1.9,6.4,26.4
20250502003800,28.025999069213867,83.0,0.0,1.4,7.3,16.4
20250502003900,28.025999069213867,83.0,0.0,1.7,6.6,21.0
20250502004000,28.025999069213867,83.0,0.0,1.5,6.6,39.9
20250502004100,28.025999069213867,83.0,0.0,1.0,6.9,21.2
20250502004200,28.025999069213867,83.0,0.0,1.3,6.7,21.9
20250502004300,28.025999069213867,83.0,0.0,1.0,6.6,16.3
20250502004400,28.025999069213867,83.0,0.0,0.0,7.4,28.6
20250502004500,28.025999069213867,83.0,0.0,1.6,6.1,15.2
20250502004600,28.025999069213867,83.0,0.0,0.6,6.5,33.9
20250502004700,28.025999069213867,83.0,0.0,1.3,7.5,23.5
20250502004800,28.025999069213867,83.0,0.0,1.1,6.5,23.2
20250502004900,28.025999069213867,83.0,0.0,0.0,6.1,19.2
20250502005000,28.025999069213867,83.0,0.0,0.1,6.4,25.5
20250502005100,28.025999069213867,83.0,0.0,1.0,6.7,35.3
20250502005200,28.025999069213867,83.0,0.0,1.4,7.0,29.3
20250502005300,28.025999069213867,83.0,0.0,0.0,7.5,17.2
20250502005400,28.025999069213867,83.0,0.0,1.8,7.3,28.1
20250502005500,28.025999069213867,83.0,0.0,0.7,6.9,31.0
20250502005600,28.025999069213867,83.0,0.0,0.4,7.3,28.4
20250502005700,28.025999069213867,83.0,0.0,0.3,6.3,34.8
20250502005800,28.025999069213867,83.0,0.0,1.0,6.7,36.8
20250502005900,28.025999069213867,83.0,0.0,0.0,6.2,27.8
20250502010000,27.875999450683594,83.0,0.0,0.9,6.0,35.2
20250502010100,27.875999450683594,83.0,0.0,0.5,7.0,33.0
20250502010200,27.875999450683594,83.0,0.0,2.0,6.7,38.1
20250502010300,27.875999450683594,83.0,0.0,1.2,7.4,28.7
20250502010400,27.875999450683594,83.0,0.0,1.2,6.0,23.7
20250502010500,27.875999450683594,83.0,0.0,1.9,6.9,34.8
20250502010600,27.875999450683594,83.0,0.0,0.9,6.1,26.8
20250502010700,27.875999450683594,83.0,0.0,1.9,6.4,15.8
20250502010800,27.875999450683594,83.0,0.0,1.7,6.7,20.7
20250502010900,27.875999450683594,83.0,0.0,0.8,6.3,33.7
20250502011000,27.875999450683594,83.0,0.0,0.6,7.3,23.8
20250502011100,27.875999450683594,83.0,0.0,1.6,6.6,38.3
20250502011200,27.875999450683594,83.0,0.0,0.4,6.0,21.1
20250502011300,27.875999450683594,83.0,0.0,1.8,7.2,25.4
20250502011400,27.875999450683594,83.0,0.0,0.2,7.1,16.3
20250502011500,27.875999450683594,83.0,0.0,1.0,7.1,31.0
20250502011600,27.875999450683594,83.0,0.0,0.6,6.4,21.4
20250502011700,27.875999450683594,83.0,0.0,0.6,6.6,38.4
20250502011800,27.875999450683594,83.0,0.0,1.9,6.3,24.6
20250502011900,27.875999450683594,83.0,0.0,1.8,6.8,17.5
20250502012000,27.875999450683594,83.0,0.0,0.0,7.0,29.3
20250502012100,27.875999450683594,83.0,0.0,1.3,6.1,15.1
20250502012200,27.875999450683594,83.0,0.0,1.3,7.2,28.0
20250502012300,27.875999450683594,83.0,0.0,2.0,6.9,28.5
20250502012400,27.875999450683594,83.0,0.0,0.6,7.0,20.6
20250502012500,27.875999450683594,83.0,0.0,1.8,6.4,32.5
20250502012600,27.875999450683594,83.0,0.0,1.4,6.8,22.8
20250502012700,27.875999450683594,83.0,0.0,1.6,6.0,34.4
20250502012800,27.875999450683594,83.0,0.0,1.6,7.4,19.3
20250502012900,27.875999450683594,83.0,0.0,0.1,7.2,15.7
20250502013000,27.875999450683594,83.0,0.0,0.5,6.5,22.6
20250502013100,27.875999450683594,83.0,0.0,0.4,7.3,15.3
20250502013200,27.875999450683594,83.0,0.0,0.7,6.9,32.0
20250502013300,27.875999450683594,83.0,0.0,1.0,6.1,16.1
20250502013400,27.875999450683594,83.0,0.0,0.5,6.1,30.8
20250502013500,27.875999450683594,83.0,0.0,0.1,7.4,23.1
20250502013600,27.875999450683594,83.0,0.0,1.4,7.4,33.4
20250502013700,27.875999450683594,83.0,0.0,0.7,6.9,27.3
20250502013800,27.875999450683594,83.0,0.0,0.8,6.3,30.4
20250502013900,27.875999450683594,83.0,0.0,0.8,6.6,20.8
20250502014000,27.875999450683594,83.0,0.0,0.5,6.8,30.4
20250502014100,27.875999450683594,83.0,0.0,0.4,7.4,27.7
20250502014200,27.875999450683594,83.0,0.0,1.8,7.3,26.7
20250502014300,27.875999450683594,83.0,0.0,1.7,6.6,34.8
20250502014400,27.875999450683594,83.0,0.0,2.0,6.1,17.7
20250502014500,27.875999450683594,83.0,0.0,0.3,7.0,27.1
20250502014600,27.875999450683594,83.0,0.0,0.0,6.8,29.8
20250502014700,27.875999450683594,83.0,0.0,0.1,6.4,31.4
20250502014800,27.875999450683594,83.0,0.0,1.0,6.4,24.4
20250502014900,27.875999450683594,83.0,0.0,0.6,7.5,33.0
20250502015000,27.875999450683594,83.0,0.0,1.1,6.8,25.2
20250502015100,27.875999450683594,83.0,0.0,0.8,6.9,30.3
20250502015200,27.875999450683594,83.0,0.0,1.7,6.6,27.3
20250502015300,27.875999450683594,83.0,0.0,0.1,7.3,25.7
20250502015400,27.875999450683594,83.0,0.0,1.1,6.4,18.8
20250502015500,27.875999450683594,83.0,0.0,1.5,6.6,15.4
20250502015600,27.875999450683594,83.0,0.0,1.6,6.8,38.2
20250502015700,27.875999450683594,83.0,0.0,1.9,7.5,25.0
20250502015800,27.875999450683594,83.0,0.0,0.9,6.3,26.5
20250502015900,27.875999450683594,83.0,0.0,1.1,7.2,31.8
20250502020000,27.67599868774414,84.0,0.0,1.9,6.9,34.3
20250502020100,27.67599868774414,84.0,0.0,1.6,6.0,21.9
20250502020200,27.67599868774414,84.0,0.0,1.3,6.8,32.9
20250502020300,27.67599868774414,84.0,0.0,0.0,7.3,28.8
20250502020400,27.67599868774414,84.0,0.0,0.9,7.4,17.5
20250502020500,27.67599868774414,84.0,0.0,1.2,6.6,24.5
20250502020600,27.67599868774414,84.0,0.0,0.8,7.0,33.0
20250502020700,27.67599868774414,84.0,0.0,0.4,7.2,31.3
20250502020800,27.67599868774414,84.0,0.0,0.1,6.6,30.7
20250502020900,27.67599868774414,84.0,0.0,1.5,6.8,22.3
20250502021000,27.67599868774414,84.0,0.0,1.7,7.5,34.1
20250502021100,27.67599868774414,84.0,0.0,0.5,7.2,35.7
20250502021200,27.67599868774414,84.0,0.0,0.9,7.2,35.8
20250502021300,27.67599868774414,84.0,0.0,0.9,6.7,25.0
20250502021400,27.67599868774414,84.0,0.0,1.5,7.5,32.2
20250502021500,27.67599868774414,84.0,0.0,1.9,7.5,17.0
20250502021600,27.67599868774414,84.0,0.0,0.5,6.5,22.2
20250502021700,27.67599868774414,84.0,0.0,1.4,7.5,17.5
20250502021800,27.67599868774414,84.0,0.0,1.0,6.2,29.6
20250502021900,27.67599868774414,84.0,0.0,1.8,6.6,38.0
20250502022000,27.67599868774414,84.0,0.0,1.6,6.7,18.8
20250502022100,27.67599868774414,84.0,0.0,1.7,6.6,36.8
20250502022200,27.67599868774414,84.0,0.0,1.9,6.8,15.0
20250502022300,27.67599868774414,84.0,0.0,1.4,7.1,39.1
20250502022400,27.67599868774414,84.0,0.0,1.5,6.1,33.2
20250502022500,27.67599868774414,84.0,0.0,1.4,6.9,27.0
20250502022600,27.67599868774414,84.0,0.0,0.4,6.7,34.9
20250502022700,27.67599868774414,84.0,0.0,1.8,7.0,22.4
20250502022800,27.67599868774414,84.0,0.0,0.6,6.3,28.7
20250502022900,27.67599868774414,84.0,0.0,0.9,6.8,27.9
20250502023000,27.67599868774414,84.0,0.0,1.0,6.0,15.0
20250502023100,27.67599868774414,84.0,0.0,1.8,7.4,36.8
20250502023200,27.67599868774414,84.0,0.0,1.9,6.1,34.4
20250502023300,27.67599868774414,84.0,0.0,1.2,6.2,33.7
20250502023400,27.67599868774414,84.0,0.0,0.1,6.5,26.4
20250502023500,27.67599868774414,84.0,0.0,0.2,6.4,32.3
20250502023600,27.67599868774414,84.0,0.0,1.4,6.6,37.5
20250502023700,27.67599868774414,84.0,0.0,1.4,6.7,19.9
20250502023800,27.67599868774414,84.0,0.0,0.6,7.2,15.1
20250502023900,27.67599868774414,84.0,0.0,1.6,6.9,17.2
20250502024000,27.67599868774414,84.0,0.0,0.0,6.0,26.4
20250502024100,27.67599868774414,84.0,0.0,1.4,6.4,24.9
20250502024200,27.67599868774414,84.0,0.0,0.1,6.1,27.4
20250502024300,27.67599868774414,84.0,0.0,1.2,7.3,34.9
20250502024400,27.67599868774414,84.0,0.0,0.3,7.4,28.3
20250502024500,27.67599868774414,84.0,0.0,0.7,6.7,22.0
20250502024600,27.67599868774414,84.0,0.0,0.1,6.4,33.6
20250502024700,27.67599868774414,84.0,0.0,1.3,6.8,36.5
20250502024800,27.67599868774414,84.0,0.0,0.7,7.1,19.0
20250502024900,27.67599868774414,84.0,0.0,0.3,7.0,22.8
20250502025000,27.67599868774414,84.0,0.0,0.1,6.4,29.2
20250502025100,27.67599868774414,84.0,0.0,1.5,7.3,21.3
20250502025200,27.67599868774414,84.0,0.0,0.9,6.1,20.2
20250502025300,27.67599868774414,84.0,0.0,0.0,7.3,24.4
20250502025400,27.67599868774414,84.0,0.0,1.9,7.0,18.8
20250502025500,27.67599868774414,84.0,0.0,0.5,6.7,35.6
20250502025600,27.67599868774414,84.0,0.0,1.7,6.5,15.0
20250502025700,27.67599868774414,84.0,0.0,0.9,7.0,20.2
20250502025800,27.67599868774414,84.0,0.0,1.6,6.2,15.7
20250502025900,27.67599868774414,84.0,0.0,1.6,7.1,34.1
20250502030000,27.47599983215332,85.0,0.0,0.4,7.4,30.0
20250502030100,27.47599983215332,85.0,0.0,0.7,6.4,21.0
20250502030200,27.47599983215332,85.0,0.0,0.8,6.8,18.8
20250502030300,27.47599983215332,85.0,0.0,1.0,7.0,30.1
20250502030400,27.47599983215332,85.0,0.0,0.9,6.9,15.8
20250502030500,27.47599983215332,85.0,0.0,0.6,6.8,15.4
20250502030600,27.47599983215332,85.0,0.0,1.1,7.0,37.0
20250502030700,27.47599983215332,85.0,0.0,0.6,7.4,29.0
20250502030800,27.47599983215332,85.0,0.0,1.7,7.0,27.1
20250502030900,27.47599983215332,85.0,0.0,0.6,6.6,33.5
20250502031000,27.47599983215332,85.0,0.0,1.8,7.0,26.7
20250502031100,27.47599983215332,85.0,0.0,0.3,6.2,38.4
20250502031200,27.47599983215332,85.0,0.0,1.2,7.0,33.8
20250502031300,27.47599983215332,85.0,0.0,0.7,6.3,33.7
20250502031400,27.47599983215332,85.0,0.0,1.7,7.3,26.3
20250502031500,27.47599983215332,85.0,0.0,1.7,6.6,31.5
20250502031600,27.47599983215332,85.0,0.0,0.4,7.3,16.5
20250502031700,27.47599983215332,85.0,0.0,1.4,6.9,23.2
20250502031800,27.47599983215332,85.0,0.0,1.7,6.1,30.7
20250502031900,27.47599983215332,85.0,0.0,1.3,6.8,31.8
20250502032000,27.47599983215332,85.0,0.0,1.9,6.5,38.9
20250502032100,27.47599983215332,85.0,0.0,0.8,7.5,33.0
20250502032200,27.47599983215332,85.0,0.0,0.7,6.7,31.9
20250502032300,27.47599983215332,85.0,0.0,0.9,6.9,34.1
20250502032400,27.47599983215332,85.0,0.0,0.9,7.2,32.9
20250502032500,27.47599983215332,85.0,0.0,0.2,6.1,38.4
20250502032600,27.47599983215332,85.0,0.0,1.0,6.4,36.2
20250502032700,27.47599983215332,85.0,0.0,1.4,7.5,33.3
20250502032800,27.47599983215332,85.0,0.0,0.8,7.4,21.8
20250502032900,27.47599983215332,85.0,0.0,1.6,7.4,36.4
20250502033000,27.47599983215332,85.0,0.0,1.2,6.8,29.3
20250502033100,27.47599983215332,85.0,0.0,1.9,6.5,28.4
20250502033200,27.47599983215332,85.0,0.0,1.9,7.1,22.6
20250502033300,27.47599983215332,85.0,0.0,0.7,7.4,38.4
20250502033400,27.47599983215332,85.0,0.0,1.6,6.7,36.2
20250502033500,27.47599983215332,85.0,0.0,1.2,6.7,39.5
20250502033600,27.47599983215332,85.0,0.0,1.8,6.8,35.0
20250502033700,27.47599983215332,85.0,0.0,0.2,6.1,19.5
20250502033800,27.47599983215332,85.0,0.0,1.8,7.5,38.8
20250502033900,27.47599983215332,85.0,0.0,1.0,6.2,19.4
20250502034000,27.47599983215332,85.0,0.0,1.0,6.7,21.8
20250502034100,27.47599983215332,85.0,0.0,1.7,6.5,27.5
20250502034200,27.47599983215332,85.0,0.0,0.3,7.2,21.4
20250502034300,27.47599983215332,85.0,0.0,1.8,6.2,35.1
20250502034400,27.47599983215332,85.0,0.0,0.5,7.4,24.8
20250502034500,27.47599983215332,85.0,0.0,0.7,7.2,24.2
20250502034600,27.47599983215332,85.0,0.0,1.4,6.3,30.7
20250502034700,27.47599983215332,85.0,0.0,1.7,6.6,34.9
20250502034800,27.47599983215332,85.0,0.0,1.9,6.2,29.4
20250502034900,27.47599983215332,85.0,0.0,2.0,6.1,18.3
20250502035000,27.47599983215332,85.0,0.0,0.6,6.2,26.0
20250502035100,27.47599983215332,85.0,0.0,1.9,6.7,27.1
20250502035200,27.47599983215332,85.0,0.0,1.2,7.2,18.5
20250502035300,27.47599983215332,85.0,0.0,1.7,7.4,15.8
20250502035400,27.47599983215332,85.0,0.0,1.5,6.5,15.3
20250502035500,27.47599983215332,85.0,0.0,2.0,7.0,16.2
20250502035600,27.47599983215332,85.0,0.0,1.3,7.3,36.3
20250502035700,27.47599983215332,85.0,0.0,2.0,6.8,33.3
20250502035800,27.47599983215332,85.0,0.0,1.6,7.3,26.1
20250502035900,27.47599983215332,85.0,0.0,0.8,7.1,18.1
20250502040000,27.325998306274414,86.0,0.0,0.9,6.7,25.7
20250502040100,27.325998306274414,86.0,0.0,1.1,6.2,32.8
20250502040200,27.325998306274414,86.0,0.0,1.7,6.2,19.8
20250502040300,27.325998306274414,86.0,0.0,1.3,6.1,30.8
20250502040400,27.325998306274414,86.0,0.0,1.6,7.1,15.9
20250502040500,27.325998306274414,86.0,0.0,0.8,6.3,21.6
20250502040600,27.325998306274414,86.0,0.0,1.1,6.8,16.8
20250502040700,27.325998306274414,86.0,0.0,0.9,6.6,35.1
20250502040800,27.325998306274414,86.0,0.0,0.7,6.6,35.0
20250502040900,27.325998306274414,86.0,0.0,1.4,7.3,34.1
20250502041000,27.325998306274414,86.0,0.0,1.2,6.8,16.0
20250502041100,27.325998306274414,86.0,0.0,0.8,6.8,25.6
20250502041200,27.325998306274414,86.0,0.0,0.3,6.0,17.3
20250502041300,27.325998306274414,86.0,0.0,1.0,6.2,22.6
20250502041400,27.325998306274414,86.0,0.0,1.8,7.4,18.2
20250502041500,27.325998306274414,86.0,0.0,1.4,6.5,15.7
20250502041600,27.325998306274414,86.0,0.0,0.6,7.3,16.2
20250502041700,27.325998306274414,86.0,0.0,0.7,7.0,23.3
20250502041800,27.325998306274414,86.0,0.0,0.7,6.2,34.7
20250502041900,27.325998306274414,86.0,0.0,1.7,6.9,21.6
20250502042000,27.325998306274414,86.0,0.0,0.4,6.6,27.2
20250502042100,27.325998306274414,86.0,0.0,0.6,6.2,19.7
20250502042200,27.325998306274414,86.0,0.0,1.0,6.7,18.5
20250502042300,27.325998306274414,86.0,0.0,0.3,7.2,28.1
20250502042400,27.325998306274414,86.0,0.0,1.8,6.7,37.9
20250502042500,27.325998306274414,86.0,0.0,1.4,6.7,26.2
20250502042600,27.325998306274414,86.0,0.0,1.5,6.7,24.4
20250502042700,27.325998306274414,86.0,0.0,1.0,6.8,29.5
20250502042800,27.325998306274414,86.0,0.0,1.4,6.9,20.7
20250502042900,27.325998306274414,86.0,0.0,1.5,6.8,36.9
20250502043000,27.325998306274414,86.0,0.0,1.0,7.5,31.5
20250502043100,27.325998306274414,86.0,0.0,0.8,6.6,19.9
20250502043200,27.325998306274414,86.0,0.0,0.4,6.7,33.1
20250502043300,27.325998306274414,86.0,0.0,1.6,6.5,19.2
20250502043400,27.325998306274414,86.0,0.0,1.3,6.3,21.8
20250502043500,27.325998306274414,86.0,0.0,1.2,6.4,22.4
20250502043600,27.325998306274414,86.0,0.0,1.8,6.6,32.0
20250502043700,27.325998306274414,86.0,0.0,1.2,7.4,26.4
20250502043800,27.325998306274414,86.0,0.0,0.4,7.3,36.3
20250502043900,27.325998306274414,86.0,0.0,1.6,6.6,21.6
20250502044000,27.325998306274414,86.0,0.0,1.2,6.3,17.9
20250502044100,27.325998306274414,86.0,0.0,1.3,6.9,15.7
20250502044200,27.325998306274414,86.0,0.0,0.1,7.1,17.8
20250502044300,27.325998306274414,86.0,0.0,1.5,6.9,28.5
20250502044400,27.325998306274414,86.0,0.0,1.3,6.4,25.9
20250502044500,27.325998306274414,86.0,0.0,1.9,6.5,26.9
20250502044600,27.325998306274414,86.0,0.0,0.8,6.2,20.1
20250502044700,27.325998306274414,86.0,0.0,0.6,7.1,36.0
20250502044800,27.325998306274414,86.0,0.0,0.7,6.9,34.6
20250502044900,27.325998306274414,86.0,0.0,1.4,7.3,32.2
20250502045000,27.325998306274414,86.0,0.0,2.0,6.7,31.5
20250502045100,27.325998306274414,86.0,0.0,1.3,6.5,21.6
20250502045200,27.325998306274414,86.0,0.0,0.7,7.5,18.5
20250502045300,27.325998306274414,86.0,0.0,0.3,6.3,38.7
20250502045400,27.325998306274414,86.0,0.0,0.4,7.2,22.0
20250502045500,27.325998306274414,86.0,0.0,0.0,6.6,38.8
20250502045600,27.325998306274414,86.0,0.0,0.1,6.9,32.2
20250502045700,27.325998306274414,86.0,0.0,1.3,7.1,35.2
20250502045800,27.325998306274414,86.0,0.0,1.5,6.7,38.5
20250502045900,27.325998306274414,86.0,0.0,0.2,6.7,18.5
20250502050000,27.17599868774414,87.0,0.0,1.7,7.3,15.8
20250502050100,27.17599868774414,87.0,0.0,0.4,6.1,26.2
20250502050200,27.17599868774414,87.0,0.0,0.6,6.7,27.9
20250502050300,27.17599868774414,87.0,0.0,1.9,6.0,19.4
20250502050400,27.17599868774414,87.0,0.0,0.1,7.4,39.6
20250502050500,27.17599868774414,87.0,0.0,0.6,6.5,27.3
20250502050600,27.17599868774414,87.0,0.0,0.8,7.4,26.8
20250502050700,27.17599868774414,87.0,0.0,0.9,6.3,17.4
20250502050800,27.17599868774414,87.0,0.0,0.6,6.2,31.0
20250502050900,27.17599868774414,87.0,0.0,0.7,6.1,27.5
20250502051000,27.17599868774414,87.0,0.0,1.5,7.0,38.6
20250502051100,27.17599868774414,87.0,0.0,1.7,6.9,33.1
20250502051200,27.17599868774414,87.0,0.0,0.7,7.0,17.8
20250502051300,27.17599868774414,87.0,0.0,1.7,7.4,28.4
20250502051400,27.17599868774414,87.0,0.0,1.0,6.9,22.2
20250502051500,27.17599868774414,87.0,0.0,0.1,7.2,24.5
20250502051600,27.17599868774414,87.0,0.0,0.9,6.8,26.5
20250502051700,27.17599868774414,87.0,0.0,0.0,6.1,18.7
20250502051800,27.17599868774414,87.0,0.0,0.0,6.7,37.0
20250502051900,27.17599868774414,87.0,0.0,0.4,7.3,33.3
20250502052000,27.17599868774414,87.0,0.0,2.0,7.2,27.9
20250502052100,27.17599868774414,87.0,0.0,1.4,6.2,27.6
20250502052200,27.17599868774414,87.0,0.0,0.6,6.9,28.2
20250502052300,27.17599868774414,87.0,0.0,1.2,7.2,31.1
20250502052400,27.17599868774414,87.0,0.0,0.5,7.3,17.6
20250502052500,27.17599868774414,87.0,0.0,1.4,7.0,28.1
20250502052600,27.17599868774414,87.0,0.0,1.8,6.9,38.2
20250502052700,27.17599868774414,87.0,0.0,1.6,6.9,36.6
20250502052800,27.17599868774414,87.0,0.0,0.2,7.2,36.0
20250502052900,27.17599868774414,87.0,0.0,0.3,7.2,28.4
20250502053000,27.17599868774414,87.0,0.0,0.1,6.4,32.8
20250502053100,27.17599868774414,87.0,0.0,0.8,7.5,36.6
20250502053200,27.17599868774414,87.0,0.0,1.4,7.0,23.5
20250502053300,27.17599868774414,87.0,0.0,1.4,6.7,23.5
20250502053400,27.17599868774414,87.0,0.0,1.0,6.9,20.7
20250502053500,27.17599868774414,87.0,0.0,0.9,6.3,20.5
20250502053600,27.17599868774414,87.0,0.0,0.3,6.1,24.8
20250502053700,27.17599868774414,87.0,0.0,1.6,6.4,36.1
20250502053800,27.17599868774414,87.0,0.0,1.5,6.7,38.5
20250502053900,27.17599868774414,87.0,0.0,0.9,6.1,21.6
20250502054000,27.17599868774414,87.0,0.0,1.6,7.4,39.3
20250502054100,27.17599868774414,87.0,0.0,0.6,6.3,32.5
20250502054200,27.17599868774414,87.0,0.0,1.4,6.3,31.4
20250502054300,27.17599868774414,87.0,0.0,1.8,6.8,16.7
20250502054400,27.17599868774414,87.0,0.0,0.2,6.8,26.0
20250502054500,27.17599868774414,87.0,0.0,1.2,7.5,18.6
20250502054600,27.17599868774414,87.0,0.0,0.4,7.3,21.7
20250502054700,27.17599868774414,87.0,0.0,0.4,7.2,27.6
20250502054800,27.17599868774414,87.0,0.0,0.1,7.3,33.9
20250502054900,27.17599868774414,87.0,0.0,0.2,6.3,28.4
20250502055000,27.17599868774414,87.0,0.0,0.2,6.2,34.4
20250502055100,27.17599868774414,87.0,0.0,0.9,6.0,32.7
20250502055200,27.17599868774414,87.0,0.0,1.5,7.4,21.1
20250502055300,27.17599868774414,87.0,0.0,1.1,7.3,33.5
20250502055400,27.17599868774414,87.0,0.0,1.4,7.1,24.1
20250502055500,27.17599868774414,87.0,0.0,1.6,6.7,30.8
20250502055600,27.17599868774414,87.0,0.0,1.4,6.7,26.2
20250502055700,27.17599868774414,87.0,0.0,1.6,7.0,26.4
20250502055800,27.17599868774414,87.0,0.0,1.8,7.4,28.5
20250502055900,27.17599868774414,87.0,0.0,1.1,6.2,24.4
20250502060000,27.075998306274414,88.0,0.0,1.2,6.9,37.4
20250502060100,27.075998306274414,88.0,0.0,1.5,6.4,38.7
20250502060200,27.075998306274414,88.0,0.0,0.9,7.2,22.9
20250502060300,27.075998306274414,88.0,0.0,1.4,7.0,26.6
20250502060400,27.075998306274414,88.0,0.0,1.8,6.9,17.1
20250502060500,27.075998306274414,88.0,0.0,1.3,6.6,32.7
20250502060600,27.075998306274414,88.0,0.0,1.5,7.1,34.0
20250502060700,27.075998306274414,88.0,0.0,0.7,6.5,34.0
20250502060800,27.075998306274414,88.0,0.0,1.5,7.0,25.3
20250502060900,27.075998306274414,88.0,0.0,0.9,6.0,26.3
20250502061000,27.075998306274414,88.0,0.0,1.7,6.3,18.1
20250502061100,27.075998306274414,88.0,0.0,1.6,6.1,34.7
20250502061200,27.075998306274414,88.0,0.0,0.4,7.4,30.7
20250502061300,27.075998306274414,88.0,0.0,0.2,6.0,20.2
20250502061400,27.075998306274414,88.0,0.0,0.3,6.3,38.4
20250502061500,27.075998306274414,88.0,0.0,1.4,6.2,17.4
20250502061600,27.075998306274414,88.0,0.0,0.6,6.1,38.7
20250502061700,27.075998306274414,88.0,0.0,1.5,7.4,35.8
20250502061800,27.075998306274414,88.0,0.0,1.2,7.1,26.2
20250502061900,27.075998306274414,88.0,0.0,0.5,6.5,29.5
20250502062000,27.075998306274414,88.0,0.0,1.2,7.4,27.1
20250502062100,27.075998306274414,88.0,0.0,0.5,6.2,15.9
20250502062200,27.075998306274414,88.0,0.0,0.2,6.6,18.8
20250502062300,27.075998306274414,88.0,0.0,0.3,6.1,30.1
20250502062400,27.075998306274414,88.0,0.0,1.9,6.4,15.8
20250502062500,27.075998306274414,88.0,0.0,1.4,6.4,20.2
20250502062600,27.075998306274414,88.0,0.0,0.4,7.5,27.2
20250502062700,27.075998306274414,88.0,0.0,1.5,6.5,35.6
20250502062800,27.075998306274414,88.0,0.0,0.3,6.3,19.0
20250502062900,27.075998306274414,88.0,0.0,1.2,7.3,23.4
20250502063000,27.075998306274414,88.0,0.0,0.4,6.8,20.2
20250502063100,27.075998306274414,88.0,0.0,1.5,6.4,18.3
20250502063200,27.075998306274414,88.0,0.0,1.8,7.2,22.8
20250502063300,27.075998306274414,88.0,0.0,0.5,7.4,17.8
20250502063400,27.075998306274414,88.0,0.0,2.0,6.2,28.6
20250502063500,27.075998306274414,88.0,0.0,1.3,6.3,27.3
20250502063600,27.075998306274414,88.0,0.0,1.4,7.4,23.2
20250502063700,27.075998306274414,88.0,0.0,0.1,6.3,24.9
20250502063800,27.075998306274414,88.0,0.0,1.9,6.4,35.2
20250502063900,27.075998306274414,88.0,0.0,0.8,6.1,27.9
20250502064000,27.075998306274414,88.0,0.0,1.6,6.0,29.6
20250502064100,27.075998306274414,88.0,0.0,0.5,6.8,17.3
20250502064200,27.075998306274414,88.0,0.0,1.3,6.8,25.5
20250502064300,27.075998306274414,88.0,0.0,1.5,6.9,37.2
20250502064400,27.075998306274414,88.0,0.0,1.3,6.5,25.1
20250502064500,27.075998306274414,88.0,0.0,1.3,6.8,31.7
20250502064600,27.075998306274414,88.0,0.0,1.8,7.4,36.6
20250502064700,27.075998306274414,88.0,0.0,1.9,6.3,23.6
20250502064800,27.075998306274414,88.0,0.0,1.1,6.3,29.0
20250502064900,27.075998306274414,88.0,0.0,0.4,6.1,33.5
20250502065000,27.075998306274414,88.0,0.0,0.4,6.3,37.3
20250502065100,27.075998306274414,88.0,0.0,0.7,7.3,31.6
20250502065200,27.075998306274414,88.0,0.0,0.8,7.0,15.4
20250502065300,27.075998306274414,88.0,0.0,0.5,6.5,19.1
20250502065400,27.075998306274414,88.0,0.0,0.5,6.8,29.6
20250502065500,27.075998306274414,88.0,0.0,0.4,7.5,32.1
20250502065600,27.075998306274414,88.0,0.0,0.5,7.5,29.4
20250502065700,27.075998306274414,88.0,0.0,0.8,7.5,36.5
20250502065800,27.075998306274414,88.0,0.0,0.6,6.3,21.2
20250502065900,27.075998306274414,88.0,0.0,1.8,7.0,33.5
20250502070000,27.825998306274414,85.0,0.0,1.2,7.4,31.3
20250502070100,27.825998306274414,85.0,0.0,0.6,6.9,18.8
20250502070200,27.825998306274414,85.0,0.0,1.3,7.2,26.5
20250502070300,27.825998306274414,85.0,0.0,1.2,7.3,35.3
20250502070400,27.825998306274414,85.0,0.0,1.1,6.1,33.9
20250502070500,27.825998306274414,85.0,0.0,1.7,6.6,17.0
20250502070600,27.825998306274414,85.0,0.0,0.4,6.5,19.1
20250502070700,27.825998306274414,85.0,0.0,0.2,6.4,28.9
20250502070800,27.825998306274414,85.0,0.0,0.3,7.4,21.9
20250502070900,27.825998306274414,85.0,0.0,1.7,7.3,15.1
20250502071000,27.825998306274414,85.0,0.0,1.6,7.0,15.2
20250502071100,27.825998306274414,85.0,0.0,1.5,6.1,27.0
20250502071200,27.825998306274414,85.0,0.0,1.2,6.5,36.0
20250502071300,27.825998306274414,85.0,0.0,0.6,6.2,23.3
20250502071400,27.825998306274414,85.0,0.0,1.0,6.1,34.9
20250502071500,27.825998306274414,85.0,0.0,0.9,6.4,33.1
20250502071600,27.825998306274414,85.0,0.0,1.8,7.4,34.8
20250502071700,27.825998306274414,85.0,0.0,0.6,6.3,20.1
20250502071800,27.825998306274414,85.0,0.0,1.7,7.1,33.2
20250502071900,27.825998306274414,85.0,0.0,1.6,6.4,36.9
20250502072000,27.825998306274414,85.0,0.0,1.9,6.2,39.2
20250502072100,27.825998306274414,85.0,0.0,0.3,7.3,29.1
20250502072200,27.825998306274414,85.0,0.0,1.6,6.3,15.7
20250502072300,27.825998306274414,85.0,0.0,1.2,7.3,17.2
20250502072400,27.825998306274414,85.0,0.0,0.9,6.2,21.9
20250502072500,27.825998306274414,85.0,0.0,1.6,7.4,30.5
20250502072600,27.825998306274414,85.0,0.0,0.1,7.4,28.0
20250502072700,27.825998306274414,85.0,0.0,1.4,7.3,18.7
20250502072800,27.825998306274414,85.0,0.0,1.2,7.2,25.6
20250502072900,27.825998306274414,85.0,0.0,0.2,7.2,18.8
20250502073000,27.825998306274414,85.0,0.0,0.3,6.5,30.7
20250502073100,27.825998306274414,85.0,0.0,1.9,6.5,36.4
20250502073200,27.825998306274414,85.0,0.0,0.6,7.3,24.7
20250502073300,27.825998306274414,85.0,0.0,1.4,6.0,31.3
20250502073400,27.825998306274414,85.0,0.0,0.4,6.3,22.3
20250502073500,27.825998306274414,85.0,0.0,1.1,6.1,20.7
20250502073600,27.825998306274414,85.0,0.0,1.2,7.0,23.9
20250502073700,27.825998306274414,85.0,0.0,0.1,6.5,28.7
20250502073800,27.825998306274414,85.0,0.0,1.8,6.2,16.6
20250502073900,27.825998306274414,85.0,0.0,0.2,7.0,38.1
20250502074000,27.825998306274414,85.0,0.0,1.8,6.6,34.3
20250502074100,27.825998306274414,85.0,0.0,0.4,7.3,19.9
20250502074200,27.825998306274414,85.0,0.0,0.9,7.2,33.4
20250502074300,27.825998306274414,85.0,0.0,0.3,6.7,38.2
20250502074400,27.825998306274414,85.0,0.0,0.4,6.9,26.6
20250502074500,27.825998306274414,85.0,0.0,0.9,6.3,15.8
20250502074600,27.825998306274414,85.0,0.0,1.0,6.5,31.0
20250502074700,27.825998306274414,85.0,0.0,0.4,7.5,39.0
20250502074800,27.825998306274414,85.0,0.0,0.3,6.7,37.0
20250502074900,27.825998306274414,85.0,0.0,0.3,6.4,26.7
20250502075000,27.825998306274414,85.0,0.0,1.1,7.1,19.8
20250502075100,27.825998306274414,85.0,0.0,1.1,6.3,24.4
20250502075200,27.825998306274414,85.0,0.0,1.3,7.0,35.8
20250502075300,27.825998306274414,85.0,0.0,1.6,6.8,15.3
20250502075400,27.825998306274414,85.0,0.0,1.1,7.2,20.2
20250502075500,27.825998306274414,85.0,0.0,2.0,7.3,17.0
20250502075600,27.825998306274414,85.0,0.0,1.4,6.9,36.9
20250502075700,27.825998306274414,85.0,0.0,0.1,6.9,29.3
20250502075800,27.825998306274414,85.0,0.0,0.9,7.0,25.2
20250502075900,27.825998306274414,85.0,0.0,0.0,6.6,17.8
20250502080000,28.92599868774414,79.0,0.0,1.7,7.2,22.8
20250502080100,28.92599868774414,79.0,0.0,0.3,7.5,35.9
20250502080200,28.92599868774414,79.0,0.0,1.3,7.1,23.5
20250502080300,28.92599868774414,79.0,0.0,1.6,7.3,25.2
20250502080400,28.92599868774414,79.0,0.0,0.3,7.2,35.3
20250502080500,28.92599868774414,79.0,0.0,1.4,7.1,28.8
20250502080600,28.92599868774414,79.0,0.0,1.9,6.4,33.5
20250502080700,28.92599868774414,79.0,0.0,0.9,7.5,34.2
20250502080800,28.92599868774414,79.0,0.0,1.2,7.4,36.2
20250502080900,28.92599868774414,79.0,0.0,0.3,7.3,39.0
20250502081000,28.92599868774414,79.0,0.0,0.2,6.8,32.5
20250502081100,28.92599868774414,79.0,0.0,1.2,6.2,18.7
20250502081200,28.92599868774414,79.0,0.0,0.7,7.5,27.1
20250502081300,28.92599868774414,79.0,0.0,1.8,7.1,33.8
20250502081400,28.92599868774414,79.0,0.0,0.0,6.6,38.1
20250502081500,28.92599868774414,79.0,0.0,0.3,6.4,28.1
20250502081600,28.92599868774414,79.0,0.0,1.9,7.5,20.9
20250502081700,28.92599868774414,79.0,0.0,1.1,7.4,22.1
20250502081800,28.92599868774414,79.0,0.0,0.4,7.3,30.6
20250502081900,28.92599868774414,79.0,0.0,1.2,7.4,15.2
20250502082000,28.92599868774414,79.0,0.0,1.9,6.4,39.8
20250502082100,28.92599868774414,79.0,0.0,0.7,6.2,19.1
20250502082200,28.92599868774414,79.0,0.0,0.9,6.3,39.5
20250502082300,28.92599868774414,79.0,0.0,0.4,7.2,25.7
20250502082400,28.92599868774414,79.0,0.0,1.4,6.5,33.4
20250502082500,28.92599868774414,79.0,0.0,1.1,6.1,35.1
20250502082600,28.92599868774414,79.0,0.0,2.0,6.3,21.5
20250502082700,28.92599868774414,79.0,0.0,0.6,6.2,30.8
20250502082800,28.92599868774414,79.0,0.0,0.9,7.1,17.0
20250502082900,28.92599868774414,79.0,0.0,1.6,6.8,38.8
20250502083000,28.92599868774414,79.0,0.0,0.2,6.3,39.6
20250502083100,28.92599868774414,79.0,0.0,1.0,6.2,23.2
20250502083200,28.92599868774414,79.0,0.0,1.4,6.8,22.9
20250502083300,28.92599868774414,79.0,0.0,1.9,6.3,17.1
20250502083400,28.92599868774414,79.0,0.0,1.8,7.2,35.5
20250502083500,28.92599868774414,79.0,0.0,0.3,7.2,35.2
20250502083600,28.92599868774414,79.0,0.0,0.4,7.0,32.7
20250502083700,28.92599868774414,79.0,0.0,0.3,6.8,23.0
20250502083800,28.92599868774414,79.0,0.0,0.6,6.4,29.3
20250502083900,28.92599868774414,79.0,0.0,0.8,6.4,35.3
20250502084000,28.92599868774414,79.0,0.0,0.7,7.2,15.4
20250502084100,28.92599868774414,79.0,0.0,1.2,6.7,37.8
20250502084200,28.92599868774414,79.0,0.0,1.4,6.9,26.8
20250502084300,28.92599868774414,79.0,0.0,0.2,6.7,15.8
20250502084400,28.92599868774414,79.0,0.0,1.7,6.1,30.8
20250502084500,28.92599868774414,79.0,0.0,1.6,6.8,34.8
20250502084600,28.92599868774414,79.0,0.0,1.0,7.2,20.9
20250502084700,28.92599868774414,79.0,0.0,0.4,7.1,29.0
20250502084800,28.92599868774414,79.0,0.0,0.5,6.0,33.0
20250502084900,28.92599868774414,79.0,0.0,2.0,6.9,33.0
20250502085000,28.92599868774414,79.0,0.0,1.7,6.7,27.0
20250502085100,28.92599868774414,79.0,0.0,1.0,7.4,30.2
20250502085200,28.92599868774414,79.0,0.0,1.8,7.2,24.9
20250502085300,28.92599868774414,79.0,0.0,1.1,7.0,28.3
20250502085400,28.92599868774414,79.0,0.0,1.9,7.0,30.7
20250502085500,28.92599868774414,79.0,0.0,1.4,7.4,38.8
20250502085600,28.92599868774414,79.0,0.0,1.2,7.5,24.8
20250502085700,28.92599868774414,79.0,0.0,1.5,6.5,19.6
20250502085800,28.92599868774414,79.0,0.0,0.5,6.8,27.9
20250502085900,28.92599868774414,79.0,0.0,0.3,7.3,21.0
20250502090000,30.575998306274414,71.0,0.0,1.3,6.3,25.7
20250502090100,30.575998306274414,71.0,0.0,0.2,6.7,18.4
20250502090200,30.575998306274414,71.0,0.0,1.1,6.6,37.9
20250502090300,30.575998306274414,71.0,0.0,0.9,7.3,24.4
20250502090400,30.575998306274414,71.0,0.0,2.0,7.2,37.2
20250502090500,30.575998306274414,71.0,0.0,0.6,6.4,30.9
20250502090600,30.575998306274414,71.0,0.0,1.2,6.9,22.3
20250502090700,30.575998306274414,71.0,0.0,1.3,7.4,28.5
20250502090800,30.575998306274414,71.0,0.0,1.8,6.2,27.6
20250502090900,30.575998306274414,71.0,0.0,1.8,6.8,15.5
20250502091000,30.575998306274414,71.0,0.0,1.2,7.2,17.8
20250502091100,30.575998306274414,71.0,0.0,1.0,6.4,16.4
20250502091200,30.575998306274414,71.0,0.0,1.5,6.4,17.5
20250502091300,30.575998306274414,71.0,0.0,0.3,7.4,21.9
20250502091400,30.575998306274414,71.0,0.0,1.7,7.1,17.8
20250502091500,30.575998306274414,71.0,0.0,1.7,6.5,38.0
20250502091600,30.575998306274414,71.0,0.0,0.5,6.9,25.5
20250502091700,30.575998306274414,71.0,0.0,0.8,6.9,22.1
20250502091800,30.575998306274414,71.0,0.0,1.3,6.4,19.3
20250502091900,30.575998306274414,71.0,0.0,1.7,6.2,26.0
20250502092000,30.575998306274414,71.0,0.0,1.1,7.4,37.6
20250502092100,30.575998306274414,71.0,0.0,0.3,6.1,18.5
20250502092200,30.575998306274414,71.0,0.0,2.0,7.0,32.3
20250502092300,30.575998306274414,71.0,0.0,1.3,7.0,25.8
20250502092400,30.575998306274414,71.0,0.0,1.5,6.6,29.1
20250502092500,30.575998306274414,71.0,0.0,1.7,6.9,38.0
20250502092600,30.575998306274414,71.0,0.0,1.7,7.2,39.1
20250502092700,30.575998306274414,71.0,0.0,0.5,7.0,24.4
20250502092800,30.575998306274414,71.0,0.0,1.7,6.8,31.6
20250502092900,30.575998306274414,71.0,0.0,0.7,6.5,30.0
20250502093000,30.575998306274414,71.0,0.0,0.2,6.4,26.8
20250502093100,30.575998306274414,71.0,0.0,1.5,6.8,17.6
20250502093200,30.575998306274414,71.0,0.0,0.2,7.4,32.1
20250502093300,30.575998306274414,71.0,0.0,0.6,6.3,39.2
20250502093400,30.575998306274414,71.0,0.0,0.6,6.4,31.8
20250502093500,30.575998306274414,71.0,0.0,1.6,6.8,28.9
20250502093600,30.575998306274414,71.0,0.0,0.3,7.4,27.4
20250502093700,30.575998306274414,71.0,0.0,0.7,6.9,39.2
20250502093800,30.575998306274414,71.0,0.0,1.1,7.4,24.0
20250502093900,30.575998306274414,71.0,0.0,1.3,6.0,20.9
20250502094000,30.575998306274414,71.0,0.0,0.0,6.4,31.7
20250502094100,30.575998306274414,71.0,0.0,1.7,6.0,15.1
20250502094200,30.575998306274414,71.0,0.0,1.8,7.3,39.6
20250502094300,30.575998306274414,71.0,0.0,0.3,6.9,25.7
20250502094400,30.575998306274414,71.0,0.0,1.1,7.3,19.1
20250502094500,30.575998306274414,71.0,0.0,1.8,7.3,19.7
20250502094600,30.575998306274414,71.0,0.0,0.6,7.2,29.2
20250502094700,30.575998306274414,71.0,0.0,0.8,7.5,19.1
20250502094800,30.575998306274414,71.0,0.0,0.0,7.0,39.4
20250502094900,30.575998306274414,71.0,0.0,0.2,6.8,17.4
20250502095000,30.575998306274414,71.0,0.0,0.7,7.3,17.5
20250502095100,30.575998306274414,71.0,0.0,0.1,7.1,36.1
20250502095200,30.575998306274414,71.0,0.0,1.4,7.2,25.6
20250502095300,30.575998306274414,71.0,0.0,0.1,6.4,16.4
20250502095400,30.575998306274414,71.0,0.0,1.2,6.6,28.3
20250502095500,30.575998306274414,71.0,0.0,1.4,7.3,35.4
20250502095600,30.575998306274414,71.0,0.0,0.6,6.6,28.4
20250502095700,30.575998306274414,71.0,0.0,0.1,7.3,28.8
20250502095800,30.575998306274414,71.0,0.0,0.9,7.1,33.3
20250502095900,30.575998306274414,71.0,0.0,1.9,7.4,20.4
20250502100000,32.176002502441406,63.0,0.0,0.5,6.8,19.8
20250502100100,32.176002502441406,63.0,0.0,1.8,7.4,34.5
20250502100200,32.176002502441406,63.0,0.0,1.0,7.0,23.4
20250502100300,32.176002502441406,63.0,0.0,1.8,7.0,24.9
20250502100400,32.176002502441406,63.0,0.0,1.4,6.6,20.1
20250502100500,32.176002502441406,63.0,0.0,0.2,6.1,18.8
20250502100600,32.176002502441406,63.0,0.0,0.3,6.7,19.5
20250502100700,32.176002502441406,63.0,0.0,1.1,6.9,31.8
20250502100800,32.176002502441406,63.0,0.0,1.3,6.1,26.3
20250502100900,32.176002502441406,63.0,0.0,0.4,6.2,27.7
20250502101000,32.176002502441406,63.0,0.0,1.4,6.3,24.0
20250502101100,32.176002502441406,63.0,0.0,1.3,7.2,29.7
20250502101200,32.176002502441406,63.0,0.0,1.1,6.5,35.3
20250502101300,32.176002502441406,63.0,0.0,0.3,6.9,16.2
20250502101400,32.176002502441406,63.0,0.0,0.7,7.3,32.4
20250502101500,32.176002502441406,63.0,0.0,0.5,6.9,18.6
20250502101600,32.176002502441406,63.0,0.0,1.4,6.8,27.2
20250502101700,32.176002502441406,63.0,0.0,1.0,6.2,32.9
20250502101800,32.176002502441406,63.0,0.0,1.3,6.3,17.6
20250502101900,32.176002502441406,63.0,0.0,1.3,7.2,22.0
20250502102000,32.176002502441406,63.0,0.0,0.7,6.9,25.6
20250502102100,32.176002502441406,63.0,0.0,0.9,6.6,36.8
20250502102200,32.176002502441406,63.0,0.0,1.1,6.3,32.3
20250502102300,32.176002502441406,63.0,0.0,1.3,7.4,17.4
20250502102400,32.176002502441406,63.0,0.0,1.6,6.2,21.7
20250502102500,32.176002502441406,63.0,0.0,1.3,6.3,34.1
20250502102600,32.176002502441406,63.0,0.0,1.3,6.5,35.0
20250502102700,32.176002502441406,63.0,0.0,0.1,6.8,35.9
20250502102800,32.176002502441406,63.0,0.0,1.6,7.0,22.3
20250502102900,32.176002502441406,63.0,0.0,1.9,6.5,19.7
20250502103000,32.176002502441406,63.0,0.0,0.1,6.3,34.0
20250502103100,32.176002502441406,63.0,0.0,0.0,6.3,25.6
20250502103200,32.176002502441406,63.0,0.0,1.8,7.2,33.8
20250502103300,32.176002502441406,63.0,0.0,1.3,7.4,21.2
20250502103400,32.176002502441406,63.0,0.0,0.6,6.5,17.8
20250502103500,32.176002502441406,63.0,0.0,0.9,7.2,35.8
20250502103600,32.176002502441406,63.0,0.0,1.6,7.4,30.5
20250502103700,32.176002502441406,63.0,0.0,0.6,6.8,32.2
20250502103800,32.176002502441406,63.0,0.0,0.0,7.1,27.0
20250502103900,32.176002502441406,63.0,0.0,0.2,6.9,29.0
20250502104000,32.176002502441406,63.0,0.0,0.0,6.6,24.2
20250502104100,32.176002502441406,63.0,0.0,1.0,6.1,32.8
20250502104200,32.176002502441406,63.0,0.0,0.6,7.2,18.7
20250502104300,32.176002502441406,63.0,0.0,1.2,6.0,17.3
20250502104400,32.176002502441406,63.0,0.0,1.1,7.2,36.3
20250502104500,32.176002502441406,63.0,0.0,0.1,6.8,31.9
20250502104600,32.176002502441406,63.0,0.0,1.6,7.1,31.0
20250502104700,32.176002502441406,63.0,0.0,0.6,6.2,37.6
20250502104800,32.176002502441406,63.0,0.0,1.5,6.9,36.2
20250502104900,32.176002502441406,63.0,0.0,0.5,6.7,25.9
20250502105000,32.176002502441406,63.0,0.0,0.1,6.2,22.5
20250502105100,32.176002502441406,63.0,0.0,1.2,7.2,33.1
20250502105200,32.176002502441406,63.0,0.0,0.4,6.5,17.3
20250502105300,32.176002502441406,63.0,0.0,0.0,6.2,27.8
20250502105400,32.176002502441406,63.0,0.0,1.0,6.5,22.5
20250502105500,32.176002502441406,63.0,0.0,0.7,7.0,36.0
20250502105600,32.176002502441406,63.0,0.0,1.7,6.6,35.3
20250502105700,32.176002502441406,63.0,0.0,1.9,6.3,35.9
20250502105800,32.176002502441406,63.0,0.0,1.3,6.3,21.0
20250502105900,32.176002502441406,63.0,0.0,0.1,7.2,18.9
20250502110000,33.676002502441406,56.0,0.0,1.8,6.9,37.6
20250502110100,33.676002502441406,56.0,0.0,0.1,7.5,23.3
20250502110200,33.676002502441406,56.0,0.0,1.3,6.1,30.1
20250502110300,33.676002502441406,56.0,0.0,0.6,6.6,39.9
20250502110400,33.676002502441406,56.0,0.0,1.8,7.2,22.5
20250502110500,33.676002502441406,56.0,0.0,1.1,6.2,38.4
20250502110600,33.676002502441406,56.0,0.0,1.0,6.2,27.0
20250502110700,33.676002502441406,56.0,0.0,1.7,7.3,28.2
20250502110800,33.676002502441406,56.0,0.0,1.5,6.8,34.8
20250502110900,33.676002502441406,56.0,0.0,0.5,6.6,38.9
20250502111000,33.676002502441406,56.0,0.0,0.1,6.0,29.5
20250502111100,33.676002502441406,56.0,0.0,0.7,7.2,23.9
20250502111200,33.676002502441406,56.0,0.0,0.0,6.0,17.4
20250502111300,33.676002502441406,56.0,0.0,1.8,6.7,15.2
20250502111400,33.676002502441406,56.0,0.0,0.1,7.1,18.1
20250502111500,33.676002502441406,56.0,0.0,1.7,6.9,22.3
20250502111600,33.676002502441406,56.0,0.0,0.3,7.2,39.5
20250502111700,33.676002502441406,56.0,0.0,1.5,6.9,35.4
20250502111800,33.676002502441406,56.0,0.0,0.2,6.9,15.4
20250502111900,33.676002502441406,56.0,0.0,1.3,6.9,27.2
20250502112000,33.676002502441406,56.0,0.0,0.3,6.5,20.9
20250502112100,33.676002502441406,56.0,0.0,1.3,7.1,27.5
20250502112200,33.676002502441406,56.0,0.0,1.6,6.2,22.6
20250502112300,33.676002502441406,56.0,0.0,1.6,6.7,22.6
20250502112400,33.676002502441406,56.0,0.0,0.9,7.3,19.4
20250502112500,33.676002502441406,56.0,0.0,2.0,6.1,30.7
20250502112600,33.676002502441406,56.0,0.0,0.1,6.9,35.8
20250502112700,33.676002502441406,56.0,0.0,1.9,6.9,17.1
20250502112800,33.676002502441406,56.0,0.0,1.1,6.9,37.3
20250502112900,33.676002502441406,56.0,0.0,1.7,6.2,39.7
20250502113000,33.676002502441406,56.0,0.0,0.1,6.2,32.6
20250502113100,33.676002502441406,56.0,0.0,0.3,6.9,27.5
20250502113200,33.676002502441406,56.0,0.0,0.2,6.3,22.3
20250502113300,33.676002502441406,56.0,0.0,0.8,6.8,34.5
20250502113400,33.676002502441406,56.0,0.0,1.7,6.2,38.2
20250502113500,33.676002502441406,56.0,0.0,0.6,6.9,30.2
20250502113600,33.676002502441406,56.0,0.0,1.7,6.4,25.7
20250502113700,33.676002502441406,56.0,0.0,0.5,6.5,36.9
20250502113800,33.676002502441406,56.0,0.0,0.4,6.8,26.4
20250502113900,33.676002502441406,56.0,0.0,0.5,6.8,25.5
20250502114000,33.676002502441406,56.0,0.0,1.3,7.0,32.8
20250502114100,33.676002502441406,56.0,0.0,1.4,6.1,18.9
20250502114200,33.676002502441406,56.0,0.0,0.8,7.1,25.0
20250502114300,33.676002502441406,56.0,0.0,1.6,6.1,17.3
20250502114400,33.676002502441406,56.0,0.0,1.8,6.6,34.3
20250502114500,33.676002502441406,56.0,0.0,1.9,7.4,18.1
20250502114600,33.676002502441406,56.0,0.0,0.3,7.5,16.2
20250502114700,33.676002502441406,56.0,0.0,0.1,6.4,27.8
20250502114800,33.676002502441406,56.0,0.0,1.5,7.5,19.1
20250502114900,33.676002502441406,56.0,0.0,0.7,6.2,18.4
20250502115000,33.676002502441406,56.0,0.0,0.2,6.5,29.8
20250502115100,33.676002502441406,56.0,0.0,1.4,7.0,21.8
20250502115200,33.676002502441406,56.0,0.0,1.6,6.2,17.1
20250502115300,33.676002502441406,56.0,0.0,1.3,6.1,31.0
20250502115400,33.676002502441406,56.0,0.0,1.5,6.8,34.4
20250502115500,33.676002502441406,56.0,0.0,1.1,6.9,32.8
20250502115600,33.676002502441406,56.0,0.0,0.2,6.3,28.8
20250502115700,33.676002502441406,56.0,0.0,1.3,6.4,36.8
20250502115800,33.676002502441406,56.0,0.0,1.9,7.0,23.4
20250502115900,33.676002502441406,56.0,0.0,0.1,7.4,32.3
20250502120000,34.426002502441406,52.0,0.0,1.3,6.7,38.0
20250502120100,34.426002502441406,52.0,0.0,0.9,7.1,36.9
20250502120200,34.426002502441406,52.0,0.0,0.5,6.2,31.6
20250502120300,34.426002502441406,52.0,0.0,0.2,7.2,31.1
20250502120400,34.426002502441406,52.0,0.0,1.0,6.8,20.0
20250502120500,34.426002502441406,52.0,0.0,0.4,6.6,17.4
20250502120600,34.426002502441406,52.0,0.0,1.9,7.4,31.6
20250502120700,34.426002502441406,52.0,0.0,0.4,6.9,18.1
20250502120800,34.426002502441406,52.0,0.0,0.6,6.2,31.8
20250502120900,34.426002502441406,52.0,0.0,0.4,6.8,37.8
20250502121000,34.426002502441406,52.0,0.0,0.3,7.3,27.7
20250502121100,34.426002502441406,52.0,0.0,0.6,6.3,29.4
20250502121200,34.426002502441406,52.0,0.0,0.7,6.1,26.2
20250502121300,34.426002502441406,52.0,0.0,2.0,6.1,18.7
20250502121400,34.426002502441406,52.0,0.0,1.6,6.0,22.8
20250502121500,34.426002502441406,52.0,0.0,1.1,6.9,35.9
20250502121600,34.426002502441406,52.0,0.0,0.8,6.3,28.0
20250502121700,34.426002502441406,52.0,0.0,1.5,6.1,15.7
20250502121800,34.426002502441406,52.0,0.0,1.1,6.4,19.2
20250502121900,34.426002502441406,52.0,0.0,1.3,6.7,25.3
20250502122000,34.426002502441406,52.0,0.0,0.3,6.9,36.2
20250502122100,34.426002502441406,52.0,0.0,1.6,6.2,25.0
20250502122200,34.426002502441406,52.0,0.0,0.1,7.4,25.1
20250502122300,34.426002502441406,52.0,0.0,1.2,6.5,25.6
20250502122400,34.426002502441406,52.0,0.0,1.6,6.8,24.9
20250502122500,34.426002502441406,52.0,0.0,1.3,7.1,31.1
20250502122600,34.426002502441406,52.0,0.0,0.9,6.7,18.1
20250502122700,34.426002502441406,52.0,0.0,1.0,6.2,24.3
20250502122800,34.426002502441406,52.0,0.0,1.1,6.2,35.7
20250502122900,34.426002502441406,52.0,0.0,1.8,6.0,15.9
20250502123000,34.426002502441406,52.0,0.0,1.0,6.5,34.7
20250502123100,34.426002502441406,52.0,0.0,1.8,7.0,20.2
20250502123200,34.426002502441406,52.0,0.0,0.4,7.5,16.8
20250502123300,34.426002502441406,52.0,0.0,1.3,7.0,32.7
20250502123400,34.426002502441406,52.0,0.0,0.6,6.1,29.6
20250502123500,34.426002502441406,52.0,0.0,1.4,7.3,35.3
20250502123600,34.426002502441406,52.0,0.0,0.8,6.4,36.7
20250502123700,34.426002502441406,52.0,0.0,0.0,7.4,18.2
20250502123800,34.426002502441406,52.0,0.0,0.9,6.0,32.1
20250502123900,34.426002502441406,52.0,0.0,0.8,6.0,16.5
20250502124000,34.426002502441406,52.0,0.0,0.9,6.3,33.6
20250502124100,34.426002502441406,52.0,0.0,0.8,6.8,30.0
20250502124200,34.426002502441406,52.0,0.0,1.5,6.8,29.7
20250502124300,34.426002502441406,52.0,0.0,0.9,6.8,30.4
20250502124400,34.426002502441406,52.0,0.0,0.2,7.4,36.4
20250502124500,34.426002502441406,52.0,0.0,1.3,6.6,23.2
20250502124600,34.426002502441406,52.0,0.0,0.7,6.6,15.9
20250502124700,34.426002502441406,52.0,0.0,0.2,6.5,29.0
20250502124800,34.426002502441406,52.0,0.0,1.0,6.3,18.3
20250502124900,34.426002502441406,52.0,0.0,1.4,6.7,22.9
20250502125000,34.426002502441406,52.0,0.0,0.5,6.3,20.7
20250502125100,34.426002502441406,52.0,0.0,1.3,7.3,30.4
20250502125200,34.426002502441406,52.0,0.0,0.1,6.8,36.0
20250502125300,34.426002502441406,52.0,0.0,0.4,6.1,39.8
20250502125400,34.426002502441406,52.0,0.0,0.4,6.2,22.4
20250502125500,34.426002502441406,52.0,0.0,1.0,7.3,27.8
20250502125600,34.426002502441406,52.0,0.0,1.8,6.1,39.3
20250502125700,34.426002502441406,52.0,0.0,0.6,7.0,25.1
20250502125800,34.426002502441406,52.0,0.0,0.6,6.2,20.8
20250502125900,34.426002502441406,52.0,0.0,0.0,6.6,39.3
20250502130000,34.32600021362305,52.0,0.0,0.9,6.5,27.9
20250502130100,34.32600021362305,52.0,0.0,1.0,6.1,38.7
20250502130200,34.32600021362305,52.0,0.0,1.0,6.4,21.8
20250502130300,34.32600021362305,52.0,0.0,0.6,6.7,20.8
20250502130400,34.32600021362305,52.0,0.0,1.7,6.6,38.9
20250502130500,34.32600021362305,52.0,0.0,1.0,6.9,24.1
20250502130600,34.32600021362305,52.0,0.0,0.1,6.4,22.1
20250502130700,34.32600021362305,52.0,0.0,1.2,7.2,18.7
20250502130800,34.32600021362305,52.0,0.0,0.8,7.4,15.7
20250502130900,34.32600021362305,52.0,0.0,1.2,6.0,38.2
20250502131000,34.32600021362305,52.0,0.0,0.1,6.3,21.9
20250502131100,34.32600021362305,52.0,0.0,1.9,6.3,34.0
20250502131200,34.32600021362305,52.0,0.0,1.0,6.5,25.4
20250502131300,34.32600021362305,52.0,0.0,0.9,6.9,23.8
20250502131400,34.32600021362305,52.0,0.0,1.2,6.6,34.0
20250502131500,34.32600021362305,52.0,0.0,0.4,6.1,25.6
20250502131600,34.32600021362305,52.0,0.0,0.5,7.1,24.4
20250502131700,34.32600021362305,52.0,0.0,1.0,7.4,32.0
20250502131800,34.32600021362305,52.0,0.0,1.0,7.3,38.6
20250502131900,34.32600021362305,52.0,0.0,0.6,6.6,18.1
20250502132000,34.32600021362305,52.0,0.0,1.2,6.7,37.8
20250502132100,34.32600021362305,52.0,0.0,1.3,6.5,22.4
20250502132200,34.32600021362305,52.0,0.0,0.5,6.7,17.4
20250502132300,34.32600021362305,52.0,0.0,0.1,6.0,33.7
20250502132400,34.32600021362305,52.0,0.0,1.8,6.3,36.9
20250502132500,34.32600021362305,52.0,0.0,0.6,6.7,16.2
20250502132600,34.32600021362305,52.0,0.0,1.1,7.5,21.7
20250502132700,34.32600021362305,52.0,0.0,1.5,6.9,39.4
20250502132800,34.32600021362305,52.0,0.0,0.5,7.3,37.6
20250502132900,34.32600021362305,52.0,0.0,0.9,7.4,16.7
20250502133000,34.32600021362305,52.0,0.0,1.1,7.2,15.9
20250502133100,34.32600021362305,52.0,0.0,0.9,7.2,22.7
20250502133200,34.32600021362305,52.0,0.0,1.4,6.7,37.3
20250502133300,34.32600021362305,52.0,0.0,1.1,7.1,29.3
20250502133400,34.32600021362305,52.0,0.0,1.5,7.2,17.7
20250502133500,34.32600021362305,52.0,0.0,0.4,6.9,38.4
20250502133600,34.32600021362305,52.0,0.0,1.3,7.1,34.6
20250502133700,34.32600021362305,52.0,0.0,0.8,7.2,21.2
20250502133800,34.32600021362305,52.0,0.0,1.0,6.6,27.8
20250502133900,34.32600021362305,52.0,0.0,1.7,7.0,35.7
20250502134000,34.32600021362305,52.0,0.0,1.3,6.4,23.5
20250502134100,34.32600021362305,52.0,0.0,0.9,6.3,26.6
20250502134200,34.32600021362305,52.0,0.0,0.6,6.5,28.7
20250502134300,34.32600021362305,52.0,0.0,1.9,7.2,21.7
20250502134400,34.32600021362305,52.0,0.0,2.0,7.4,35.1
20250502134500,34.32600021362305,52.0,0.0,1.1,7.0,25.2
20250502134600,34.32600021362305,52.0,0.0,1.0,6.8,20.9
20250502134700,34.32600021362305,52.0,0.0,1.2,6.1,32.0
20250502134800,34.32600021362305,52.0,0.0,0.8,6.3,35.0
20250502134900,34.32600021362305,52.0,0.0,1.3,6.8,31.5
20250502135000,34.32600021362305,52.0,0.0,0.6,6.7,26.6
20250502135100,34.32600021362305,52.0,0.0,1.4,7.1,24.4
20250502135200,34.32600021362305,52.0,0.0,1.3,6.0,33.5
20250502135300,34.32600021362305,52.0,0.0,1.3,6.3,18.5
20250502135400,34.32600021362305,52.0,0.0,0.5,7.1,27.5
20250502135500,34.32600021362305,52.0,0.0,0.3,6.6,33.1
20250502135600,34.32600021362305,52.0,0.0,1.5,7.5,18.0
20250502135700,34.32600021362305,52.0,0.0,1.3,7.1,29.3
20250502135800,34.32600021362305,52.0,0.0,1.4,6.1,16.6
20250502135900,34.32600021362305,52.0,0.0,1.0,7.2,25.9
20250502140000,31.22599983215332,69.0,0.0,1.0,6.9,18.7
20250502140100,31.22599983215332,69.0,0.0,1.5,7.2,37.1
20250502140200,31.22599983215332,69.0,0.0,0.5,6.8,29.9
20250502140300,31.22599983215332,69.0,0.0,1.7,6.7,26.9
20250502140400,31.22599983215332,69.0,0.0,1.0,6.6,19.2
20250502140500,31.22599983215332,69.0,0.0,0.4,7.0,35.9
20250502140600,31.22599983215332,69.0,0.0,0.3,7.2,24.3
20250502140700,31.22599983215332,69.0,0.0,0.1,6.8,25.4
20250502140800,31.22599983215332,69.0,0.0,1.4,6.2,21.2
20250502140900,31.22599983215332,69.0,0.0,0.5,6.8,33.1
20250502141000,31.22599983215332,69.0,0.0,0.4,6.1,39.5
20250502141100,31.22599983215332,69.0,0.0,0.4,7.3,19.3
20250502141200,31.22599983215332,69.0,0.0,0.4,6.4,29.5
20250502141300,31.22599983215332,69.0,0.0,1.4,6.9,32.7
20250502141400,31.22599983215332,69.0,0.0,1.0,7.3,31.3
20250502141500,31.22599983215332,69.0,0.0,0.2,6.7,25.6
20250502141600,31.22599983215332,69.0,0.0,1.0,7.2,22.3
20250502141700,31.22599983215332,69.0,0.0,1.1,7.4,38.6
20250502141800,31.22599983215332,69.0,0.0,1.1,7.5,32.9
20250502141900,31.22599983215332,69.0,0.0,0.5,6.0,26.8
20250502142000,31.22599983215332,69.0,0.0,0.8,6.7,19.8
20250502142100,31.22599983215332,69.0,0.0,0.2,6.5,28.9
20250502142200,31.22599983215332,69.0,0.0,1.4,6.7,28.8
20250502142300,31.22599983215332,69.0,0.0,0.7,6.2,19.9
20250502142400,31.22599983215332,69.0,0.0,1.8,7.4,26.3
20250502142500,31.22599983215332,69.0,0.0,0.5,6.7,17.7
20250502142600,31.22599983215332,69.0,0.0,1.2,6.2,33.2
20250502142700,31.22599983215332,69.0,0.0,0.3,7.4,37.8
20250502142800,31.22599983215332,69.0,0.0,0.0,6.8,23.2
20250502142900,31.22599983215332,69.0,0.0,0.6,6.1,34.5
20250502143000,31.22599983215332,69.0,0.0,0.7,7.1,29.3
20250502143100,31.22599983215332,69.0,0.0,1.7,6.1,29.6
20250502143200,31.22599983215332,69.0,0.0,1.3,7.1,33.8
20250502143300,31.22599983215332,69.0,0.0,0.2,6.2,20.4
20250502143400,31.22599983215332,69.0,0.0,1.6,7.1,15.2
20250502143500,31.22599983215332,69.0,0.0,1.4,6.2,29.5
20250502143600,31.22599983215332,69.0,0.0,1.5,6.7,22.1
20250502143700,31.22599983215332,69.0,0.0,1.6,6.1,35.4
20250502143800,31.22599983215332,69.0,0.0,1.2,7.4,27.5
20250502143900,31.22599983215332,69.0,0.0,0.3,6.9,30.4
20250502144000,31.22599983215332,69.0,0.0,0.4,7.4,20.1
20250502144100,31.22599983215332,69.0,0.0,0.6,7.1,20.0
20250502144200,31.22599983215332,69.0,0.0,0.5,6.0,39.1
20250502144300,31.22599983215332,69.0,0.0,1.7,7.2,30.7
20250502144400,31.22599983215332,69.0,0.0,0.2,6.3,17.5
20250502144500,31.22599983215332,69.0,0.0,1.2,7.2,28.6
20250502144600,31.22599983215332,69.0,0.0,1.5,6.7,15.1
20250502144700,31.22599983215332,69.0,0.0,1.0,6.8,22.0
20250502144800,31.22599983215332,69.0,0.0,1.4,6.8,31.6
20250502144900,31.22599983215332,69.0,0.0,1.7,6.1,29.3
20250502145000,31.22599983215332,69.0,0.0,1.2,6.3,24.1
20250502145100,31.22599983215332,69.0,0.0,1.0,6.4,19.1
20250502145200,31.22599983215332,69.0,0.0,1.7,6.5,32.2
20250502145300,31.22599983215332,69.0,0.0,0.7,7.2,37.5
20250502145400,31.22599983215332,69.0,0.0,1.9,7.1,34.7
20250502145500,31.22599983215332,69.0,0.0,0.1,7.0,18.2
20250502145600,31.22599983215332,69.0,0.0,1.1,6.3,25.5
20250502145700,31.22599983215332,69.0,0.0,1.3,6.6,20.0
20250502145800,31.22599983215332,69.0,0.0,1.0,6.8,33.7
20250502145900,31.22599983215332,69.0,0.0,1.1,6.8,37.6
20250502150000,31.075998306274414,71.0,0.0,0.5,7.2,17.0
20250502150100,31.075998306274414,71.0,0.0,1.8,6.3,27.5
20250502150200,31.075998306274414,71.0,0.0,1.9,7.2,18.5
20250502150300,31.075998306274414,71.0,0.0,1.9,7.4,28.1
20250502150400,31.075998306274414,71.0,0.0,0.6,6.9,38.7
20250502150500,31.075998306274414,71.0,0.0,1.3,7.0,26.0
20250502150600,31.075998306274414,71.0,0.0,2.0,6.7,19.3
20250502150700,31.075998306274414,71.0,0.0,1.5,7.4,24.8
20250502150800,31.075998306274414,71.0,0.0,1.3,6.5,17.7
20250502150900,31.075998306274414,71.0,0.0,1.7,6.7,30.3
20250502151000,31.075998306274414,71.0,0.0,0.8,7.0,37.6
20250502151100,31.075998306274414,71.0,0.0,0.3,6.9,24.7
20250502151200,31.075998306274414,71.0,0.0,1.0,6.5,39.2
20250502151300,31.075998306274414,71.0,0.0,0.3,6.1,19.5
20250502151400,31.075998306274414,71.0,0.0,1.0,6.3,21.0
20250502151500,31.075998306274414,71.0,0.0,1.7,7.3,30.0
20250502151600,31.075998306274414,71.0,0.0,0.7,6.9,25.6
20250502151700,31.075998306274414,71.0,0.0,1.9,6.9,26.8
20250502151800,31.075998306274414,71.0,0.0,1.2,7.3,17.5
20250502151900,31.075998306274414,71.0,0.0,1.8,7.2,35.7
20250502152000,31.075998306274414,71.0,0.0,1.3,6.8,27.9
20250502152100,31.075998306274414,71.0,0.0,1.6,6.9,25.3
20250502152200,31.075998306274414,71.0,0.0,1.7,6.6,22.9
20250502152300,31.075998306274414,71.0,0.0,1.2,7.0,27.8
20250502152400,31.075998306274414,71.0,0.0,0.6,6.8,35.6
20250502152500,31.075998306274414,71.0,0.0,0.1,7.2,24.1
20250502152600,31.075998306274414,71.0,0.0,0.8,7.3,20.9
20250502152700,31.075998306274414,71.0,0.0,1.0,6.4,30.9
20250502152800,31.075998306274414,71.0,0.0,0.2,6.5,20.5
20250502152900,31.075998306274414,71.0,0.0,0.9,6.7,27.9
20250502153000,31.075998306274414,71.0,0.0,0.6,7.3,17.6
20250502153100,31.075998306274414,71.0,0.0,0.5,6.3,18.3
20250502153200,31.075998306274414,71.0,0.0,0.5,6.9,25.1
20250502153300,31.075998306274414,71.0,0.0,0.4,6.9,24.0
20250502153400,31.075998306274414,71.0,0.0,1.3,6.8,19.5
20250502153500,31.075998306274414,71.0,0.0,1.8,7.4,19.2
20250502153600,31.075998306274414,71.0,0.0,1.5,6.9,34.9
20250502153700,31.075998306274414,71.0,0.0,1.5,6.0,29.3
20250502153800,31.075998306274414,71.0,0.0,2.0,6.9,18.4
20250502153900,31.075998306274414,71.0,0.0,0.4,7.3,21.9
20250502154000,31.075998306274414,71.0,0.0,0.5,6.7,26.0
20250502154100,31.075998306274414,71.0,0.0,1.7,6.3,27.7
20250502154200,31.075998306274414,71.0,0.0,1.0,6.6,39.8
20250502154300,31.075998306274414,71.0,0.0,2.0,6.8,28.5
20250502154400,31.075998306274414,71.0,0.0,1.2,7.1,21.3
20250502154500,31.075998306274414,71.0,0.0,0.1,6.9,16.3
20250502154600,31.075998306274414,71.0,0.0,2.0,7.5,20.3
20250502154700,31.075998306274414,71.0,0.0,0.4,6.0,25.5
20250502154800,31.075998306274414,71.0,0.0,1.4,6.9,31.6
20250502154900,31.075998306274414,71.0,0.0,1.0,6.8,35.4
20250502155000,31.075998306274414,71.0,0.0,1.3,6.0,15.5
20250502155100,31.075998306274414,71.0,0.0,1.4,7.2,22.2
20250502155200,31.075998306274414,71.0,0.0,0.9,6.1,26.9
20250502155300,31.075998306274414,71.0,0.0,1.9,6.2,30.3
20250502155400,31.075998306274414,71.0,0.0,0.8,6.5,34.2
20250502155500,31.075998306274414,71.0,0.0,0.9,6.5,25.7
20250502155600,31.075998306274414,71.0,0.0,1.1,7.2,27.9
20250502155700,31.075998306274414,71.0,0.0,1.6,6.2,19.6
20250502155800,31.075998306274414,71.0,0.0,0.2,6.2,39.9
20250502155900,31.075998306274414,71.0,0.0,1.8,6.6,16.1
20250502160000,31.275999069213867,70.0,0.0,0.7,6.7,17.7
20250502160100,31.275999069213867,70.0,0.0,2.0,6.2,38.9
20250502160200,31.275999069213867,70.0,0.0,1.2,6.1,16.9
20250502160300,31.275999069213867,70.0,0.0,1.2,6.4,21.2
20250502160400,31.275999069213867,70.0,0.0,0.8,6.3,18.5
20250502160500,31.275999069213867,70.0,0.0,1.1,6.6,30.0
20250502160600,31.275999069213867,70.0,0.0,1.9,6.7,36.7
20250502160700,31.275999069213867,70.0,0.0,1.5,6.9,22.0
20250502160800,31.275999069213867,70.0,0.0,1.1,6.9,22.8
20250502160900,31.275999069213867,70.0,0.0,1.1,6.6,23.0
20250502161000,31.275999069213867,70.0,0.0,1.2,6.2,22.0
20250502161100,31.275999069213867,70.0,0.0,1.1,7.3,37.4
20250502161200,31.275999069213867,70.0,0.0,1.0,7.5,25.6
20250502161300,31.275999069213867,70.0,0.0,1.0,6.3,35.5
20250502161400,31.275999069213867,70.0,0.0,1.1,6.1,20.6
20250502161500,31.275999069213867,70.0,0.0,1.1,6.7,25.5
20250502161600,31.275999069213867,70.0,0.0,0.6,7.4,21.5
20250502161700,31.275999069213867,70.0,0.0,1.9,6.6,21.9
20250502161800,31.275999069213867,70.0,0.0,0.4,6.9,21.0
20250502161900,31.275999069213867,70.0,0.0,0.1,7.4,30.2
20250502162000,31.275999069213867,70.0,0.0,1.8,7.0,21.3
20250502162100,31.275999069213867,70.0,0.0,0.7,6.4,22.0
20250502162200,31.275999069213867,70.0,0.0,1.2,6.8,27.2
20250502162300,31.275999069213867,70.0,0.0,1.2,7.4,21.3
20250502162400,31.275999069213867,70.0,0.0,0.1,7.2,31.3
20250502162500,31.275999069213867,70.0,0.0,2.0,7.3,27.8
20250502162600,31.275999069213867,70.0,0.0,1.4,6.3,37.5
20250502162700,31.275999069213867,70.0,0.0,0.8,6.6,34.2
20250502162800,31.275999069213867,70.0,0.0,0.4,7.0,25.6
20250502162900,31.275999069213867,70.0,0.0,0.7,6.1,35.7
20250502163000,31.275999069213867,70.0,0.0,1.2,6.9,32.0
20250502163100,31.275999069213867,70.0,0.0,0.2,6.8,37.1
20250502163200,31.275999069213867,70.0,0.0,1.6,6.7,34.7
20250502163300,31.275999069213867,70.0,0.0,0.2,7.2,35.9
20250502163400,31.275999069213867,70.0,0.0,1.5,6.4,35.9
20250502163500,31.275999069213867,70.0,0.0,0.4,6.7,15.4
20250502163600,31.275999069213867,70.0,0.0,1.7,6.4,20.6
20250502163700,31.275999069213867,70.0,0.0,0.8,6.5,39.0
20250502163800,31.275999069213867,70.0,0.0,1.4,6.6,25.6
20250502163900,31.275999069213867,70.0,0.0,1.2,6.5,22.6
20250502164000,31.275999069213867,70.0,0.0,1.1,6.4,33.3
20250502164100,31.275999069213867,70.0,0.0,0.8,6.1,19.8
20250502164200,31.275999069213867,70.0,0.0,1.5,6.6,29.1
20250502164300,31.275999069213867,70.0,0.0,1.0,6.4,23.1
20250502164400,31.275999069213867,70.0,0.0,0.2,6.8,36.4
20250502164500,31.275999069213867,70.0,0.0,1.4,6.6,33.5
20250502164600,31.275999069213867,70.0,0.0,1.2,6.7,19.7
20250502164700,31.275999069213867,70.0,0.0,0.1,6.2,30.2
20250502164800,31.275999069213867,70.0,0.0,0.4,7.3,18.0
20250502164900,31.275999069213867,70.0,0.0,0.9,6.5,16.0
20250502165000,31.275999069213867,70.0,0.0,1.0,7.3,19.9
20250502165100,31.275999069213867,70.0,0.0,0.9,6.3,31.5
20250502165200,31.275999069213867,70.0,0.0,1.8,7.4,18.7
20250502165300,31.275999069213867,70.0,0.0,1.7,6.1,21.3
20250502165400,31.275999069213867,70.0,0.0,0.4,7.0,21.4
20250502165500,31.275999069213867,70.0,0.0,0.1,6.7,25.5
20250502165600,31.275999069213867,70.0,0.0,0.4,7.3,36.8
20250502165700,31.275999069213867,70.0,0.0,0.7,6.5,33.3
20250502165800,31.275999069213867,70.0,0.0,0.2,6.1,28.3
20250502165900,31.275999069213867,70.0,0.0,1.9,7.3,21.7
20250502170000,30.125999450683594,75.0,0.0,0.8,7.0,38.4
20250502170100,30.125999450683594,75.0,0.0,1.8,6.8,29.8
20250502170200,30.125999450683594,75.0,0.0,0.5,6.5,30.7
20250502170300,30.125999450683594,75.0,0.0,0.2,7.5,23.3
20250502170400,30.125999450683594,75.0,0.0,2.0,6.8,19.3
20250502170500,30.125999450683594,75.0,0.0,1.0,7.2,22.2
20250502170600,30.125999450683594,75.0,0.0,1.9,6.2,19.9
20250502170700,30.125999450683594,75.0,0.0,1.0,7.2,34.6
20250502170800,30.125999450683594,75.0,0.0,1.0,6.1,21.9
20250502170900,30.125999450683594,75.0,0.0,0.5,6.4,15.9
20250502171000,30.125999450683594,75.0,0.0,1.6,6.2,39.9
20250502171100,30.125999450683594,75.0,0.0,1.6,6.4,25.5
20250502171200,30.125999450683594,75.0,0.0,0.5,7.1,26.5
20250502171300,30.125999450683594,75.0,0.0,1.6,7.2,29.0
20250502171400,30.125999450683594,75.0,0.0,1.8,6.4,17.0
20250502171500,30.125999450683594,75.0,0.0,0.6,7.1,39.1
20250502171600,30.125999450683594,75.0,0.0,1.1,7.2,29.3
20250502171700,30.125999450683594,75.0,0.0,0.9,6.3,33.9
20250502171800,30.125999450683594,75.0,0.0,0.6,6.8,35.3
20250502171900,30.125999450683594,75.0,0.0,1.5,7.4,15.3
20250502172000,30.125999450683594,75.0,0.0,0.4,6.4,28.1
20250502172100,30.125999450683594,75.0,0.0,0.0,7.2,38.4
20250502172200,30.125999450683594,75.0,0.0,0.1,6.3,34.0
20250502172300,30.125999450683594,75.0,0.0,0.2,7.4,24.8
20250502172400,30.125999450683594,75.0,0.0,0.8,6.3,31.3
20250502172500,30.125999450683594,75.0,0.0,1.3,6.8,29.8
20250502172600,30.125999450683594,75.0,0.0,0.3,7.1,37.7
20250502172700,30.125999450683594,75.0,0.0,0.9,6.5,33.0
20250502172800,30.125999450683594,75.0,0.0,1.0,6.8,26.9
20250502172900,30.125999450683594,75.0,0.0,1.2,6.2,27.1
20250502173000,30.125999450683594,75.0,0.0,0.0,6.2,27.8
20250502173100,30.125999450683594,75.0,0.0,1.4,7.0,18.6
20250502173200,30.125999450683594,75.0,0.0,0.5,6.4,25.0
20250502173300,30.125999450683594,75.0,0.0,1.7,6.2,36.7
20250502173400,30.125999450683594,75.0,0.0,0.8,7.3,39.1
20250502173500,30.125999450683594,75.0,0.0,1.8,6.2,32.0
20250502173600,30.125999450683594,75.0,0.0,0.8,6.8,23.7
20250502173700,30.125999450683594,75.0,0.0,1.4,6.2,18.7
20250502173800,30.125999450683594,75.0,0.0,0.7,6.7,39.1
20250502173900,30.125999450683594,75.0,0.0,0.3,6.1,33.8
20250502174000,30.125999450683594,75.0,0.0,1.2,6.3,33.6
20250502174100,30.125999450683594,75.0,0.0,1.6,7.0,16.8
20250502174200,30.125999450683594,75.0,0.0,0.3,6.8,19.9
20250502174300,30.125999450683594,75.0,0.0,0.7,6.0,20.1
20250502174400,30.125999450683594,75.0,0.0,1.0,6.0,30.7
20250502174500,30.125999450683594,75.0,0.0,1.6,7.4,32.5
20250502174600,30.125999450683594,75.0,0.0,0.3,6.8,33.3
20250502174700,30.125999450683594,75.0,0.0,1.2,6.9,36.2
20250502174800,30.125999450683594,75.0,0.0,0.6,7.0,23.1
20250502174900,30.125999450683594,75.0,0.0,0.4,6.0,39.7
20250502175000,30.125999450683594,75.0,0.0,2.0,7.1,16.4
20250502175100,30.125999450683594,75.0,0.0,0.2,6.1,30.8
20250502175200,30.125999450683594,75.0,0.0,1.5,7.1,27.1
20250502175300,30.125999450683594,75.0,0.0,0.3,7.4,23.8
20250502175400,30.125999450683594,75.0,0.0,0.6,6.9,36.8
20250502175500,30.125999450683594,75.0,0.0,1.4,6.9,17.8
20250502175600,30.125999450683594,75.0,0.0,1.7,6.2,28.4
20250502175700,30.125999450683594,75.0,0.0,1.5,7.0,20.7
20250502175800,30.125999450683594,75.0,0.0,0.6,6.4,38.8
20250502175900,30.125999450683594,75.0,0.0,1.3,6.5,15.6
20250502180000,29.17599868774414,78.0,0.0,0.1,6.1,29.0
20250502180100,29.17599868774414,78.0,0.0,0.9,7.0,27.2
20250502180200,29.17599868774414,78.0,0.0,0.1,6.8,19.7
20250502180300,29.17599868774414,78.0,0.0,0.9,6.1,28.7
20250502180400,29.17599868774414,78.0,0.0,0.8,6.0,33.8
20250502180500,29.17599868774414,78.0,0.0,0.7,6.6,25.5
20250502180600,29.17599868774414,78.0,0.0,1.0,6.8,15.4
20250502180700,29.17599868774414,78.0,0.0,1.3,6.4,34.6
20250502180800,29.17599868774414,78.0,0.0,1.7,7.4,36.8
20250502180900,29.17599868774414,78.0,0.0,1.6,6.7,38.4
20250502181000,29.17599868774414,78.0,0.0,1.8,6.9,35.0
20250502181100,29.17599868774414,78.0,0.0,0.5,6.1,28.5
20250502181200,29.17599868774414,78.0,0.0,1.1,6.1,20.0
20250502181300,29.17599868774414,78.0,0.0,1.3,6.3,28.9
20250502181400,29.17599868774414,78.0,0.0,0.8,7.0,37.6
20250502181500,29.17599868774414,78.0,0.0,1.6,6.4,39.3
20250502181600,29.17599868774414,78.0,0.0,1.3,6.8,20.2
20250502181700,29.17599868774414,78.0,0.0,0.8,6.3,26.4
20250502181800,29.17599868774414,78.0,0.0,1.9,6.5,30.5
20250502181900,29.17599868774414,78.0,0.0,1.9,7.0,23.4
20250502182000,29.17599868774414,78.0,0.0,1.7,6.1,17.2
20250502182100,29.17599868774414,78.0,0.0,0.7,7.5,37.1
20250502182200,29.17599868774414,78.0,0.0,1.8,7.4,31.0
20250502182300,29.17599868774414,78.0,0.0,0.2,6.1,36.3
20250502182400,29.17599868774414,78.0,0.0,1.7,6.9,32.3
20250502182500,29.17599868774414,78.0,0.0,0.9,7.3,15.2
20250502182600,29.17599868774414,78.0,0.0,1.5,7.3,21.5
20250502182700,29.17599868774414,78.0,0.0,1.8,6.4,22.8
20250502182800,29.17599868774414,78.0,0.0,0.2,6.0,18.8
20250502182900,29.17599868774414,78.0,0.0,0.9,7.4,34.3
20250502183000,29.17599868774414,78.0,0.0,0.4,7.5,22.0
20250502183100,29.17599868774414,78.0,0.0,1.6,6.5,31.4
20250502183200,29.17599868774414,78.0,0.0,0.4,6.1,32.3
20250502183300,29.17599868774414,78.0,0.0,1.6,7.0,26.2
20250502183400,29.17599868774414,78.0,0.0,1.9,7.3,22.6
20250502183500,29.17599868774414,78.0,0.0,0.6,6.9,26.2
20250502183600,29.17599868774414,78.0,0.0,0.9,7.0,37.0
20250502183700,29.17599868774414,78.0,0.0,1.1,6.9,29.9
20250502183800,29.17599868774414,78.0,0.0,0.5,6.5,18.8
20250502183900,29.17599868774414,78.0,0.0,1.2,7.4,39.8
20250502184000,29.17599868774414,78.0,0.0,0.8,7.5,19.8
20250502184100,29.17599868774414,78.0,0.0,0.9,6.5,30.1
20250502184200,29.17599868774414,78.0,0.0,1.3,6.2,27.5
20250502184300,29.17599868774414,78.0,0.0,1.7,6.6,17.6
20250502184400,29.17599868774414,78.0,0.0,1.5,7.5,33.7
20250502184500,29.17599868774414,78.0,0.0,1.5,6.4,22.1
20250502184600,29.17599868774414,78.0,0.0,1.2,6.0,31.7
20250502184700,29.17599868774414,78.0,0.0,0.2,6.7,29.7
20250502184800,29.17599868774414,78.0,0.0,0.3,6.0,19.7
20250502184900,29.17599868774414,78.0,0.0,1.6,6.6,16.1
20250502185000,29.17599868774414,78.0,0.0,2.0,6.9,24.0
20250502185100,29.17599868774414,78.0,0.0,1.6,6.3,15.4
20250502185200,29.17599868774414,78.0,0.0,1.2,7.1,21.8
20250502185300,29.17599868774414,78.0,0.0,1.3,7.5,30.1
20250502185400,29.17599868774414,78.0,0.0,0.4,7.4,23.4
20250502185500,29.17599868774414,78.0,0.0,1.7,6.5,31.7
20250502185600,29.17599868774414,78.0,0.0,1.3,6.5,20.5
20250502185700,29.17599868774414,78.0,0.0,0.2,6.6,30.9
20250502185800,29.17599868774414,78.0,0.0,1.0,6.5,18.8
20250502185900,29.17599868774414,78.0,0.0,0.2,7.2,26.9
20250502190000,28.47599983215332,81.0,0.0,0.1,7.3,22.2
20250502190100,28.47599983215332,81.0,0.0,0.8,6.7,30.9
20250502190200,28.47599983215332,81.0,0.0,1.7,6.2,22.5
20250502190300,28.47599983215332,81.0,0.0,1.0,6.5,38.2
20250502190400,28.47599983215332,81.0,0.0,0.8,6.9,32.3
20250502190500,28.47599983215332,81.0,0.0,0.6,6.4,38.2
20250502190600,28.47599983215332,81.0,0.0,0.7,7.2,39.5
20250502190700,28.47599983215332,81.0,0.0,1.0,7.3,33.8
20250502190800,28.47599983215332,81.0,0.0,0.9,6.2,29.5
20250502190900,28.47599983215332,81.0,0.0,1.2,7.1,24.1
20250502191000,28.47599983215332,81.0,0.0,0.7,6.3,19.4
20250502191100,28.47599983215332,81.0,0.0,0.2,6.6,30.9
20250502191200,28.47599983215332,81.0,0.0,0.9,6.2,25.8
20250502191300,28.47599983215332,81.0,0.0,1.6,6.9,38.0
20250502191400,28.47599983215332,81.0,0.0,0.5,7.4,39.7
20250502191500,28.47599983215332,81.0,0.0,1.5,6.2,31.9
20250502191600,28.47599983215332,81.0,0.0,0.5,6.9,35.7
20250502191700,28.47599983215332,81.0,0.0,1.2,6.6,21.9
20250502191800,28.47599983215332,81.0,0.0,0.5,6.9,25.7
20250502191900,28.47599983215332,81.0,0.0,1.4,7.1,39.8
20250502192000,28.47599983215332,81.0,0.0,1.0,6.9,25.8
20250502192100,28.47599983215332,81.0,0.0,1.3,6.4,32.1
20250502192200,28.47599983215332,81.0,0.0,1.7,6.8,31.6
20250502192300,28.47599983215332,81.0,0.0,1.9,6.9,28.5
20250502192400,28.47599983215332,81.0,0.0,1.5,6.4,25.3
20250502192500,28.47599983215332,81.0,0.0,0.1,6.6,27.2
20250502192600,28.47599983215332,81.0,0.0,1.0,6.7,34.2
20250502192700,28.47599983215332,81.0,0.0,1.8,6.8,27.7
20250502192800,28.47599983215332,81.0,0.0,0.9,6.4,38.6
20250502192900,28.47599983215332,81.0,0.0,1.9,6.5,23.4
20250502193000,28.47599983215332,81.0,0.0,0.4,6.2,18.5
20250502193100,28.47599983215332,81.0,0.0,0.9,6.9,34.1
20250502193200,28.47599983215332,81.0,0.0,1.2,6.2,22.9
20250502193300,28.47599983215332,81.0,0.0,1.1,6.2,25.6
20250502193400,28.47599983215332,81.0,0.0,1.6,7.0,28.8
20250502193500,28.47599983215332,81.0,0.0,1.4,7.3,16.7
20250502193600,28.47599983215332,81.0,0.0,0.7,6.6,30.2
20250502193700,28.47599983215332,81.0,0.0,1.0,7.0,15.3
20250502193800,28.47599983215332,81.0,0.0,1.6,7.4,34.0
20250502193900,28.47599983215332,81.0,0.0,0.2,6.1,32.4
20250502194000,28.47599983215332,81.0,0.0,1.9,6.7,38.7
20250502194100,28.47599983215332,81.0,0.0,0.3,7.4,28.8
20250502194200,28.47599983215332,81.0,0.0,0.2,6.3,28.1
20250502194300,28.47599983215332,81.0,0.0,1.2,7.2,22.0
20250502194400,28.47599983215332,81.0,0.0,1.2,7.0,24.3
20250502194500,28.47599983215332,81.0,0.0,1.7,6.1,37.3
20250502194600,28.47599983215332,81.0,0.0,1.1,6.1,15.6
20250502194700,28.47599983215332,81.0,0.0,2.0,6.4,35.9
20250502194800,28.47599983215332,81.0,0.0,0.8,6.7,24.6
20250502194900,28.47599983215332,81.0,0.0,0.2,6.9,17.6
20250502195000,28.47599983215332,81.0,0.0,0.0,6.4,34.2
20250502195100,28.47599983215332,81.0,0.0,1.9,7.3,23.4
20250502195200,28.47599983215332,81.0,0.0,0.6,7.2,24.1
20250502195300,28.47599983215332,81.0,0.0,1.7,7.1,18.3
20250502195400,28.47599983215332,81.0,0.0,0.5,7.0,38.9
20250502195500,28.47599983215332,81.0,0.0,1.5,6.8,15.6
20250502195600,28.47599983215332,81.0,0.0,1.5,6.5,17.0
20250502195700,28.47599983215332,81.0,0.0,0.2,6.3,31.2
20250502195800,28.47599983215332,81.0,0.0,0.5,6.8,21.4
20250502195900,28.47599983215332,81.0,0.0,0.8,6.3,31.8
20250502200000,27.92599868774414,84.0,0.0,0.1,7.4,17.5
20250502200100,27.92599868774414,84.0,0.0,0.2,7.0,27.5
20250502200200,27.92599868774414,84.0,0.0,1.0,6.8,29.0
20250502200300,27.92599868774414,84.0,0.0,0.6,6.4,23.5
20250502200400,27.92599868774414,84.0,0.0,0.4,7.0,35.4
20250502200500,27.92599868774414,84.0,0.0,1.5,6.8,38.7
20250502200600,27.92599868774414,84.0,0.0,0.2,7.3,15.9
20250502200700,27.92599868774414,84.0,0.0,0.6,6.2,39.4
20250502200800,27.92599868774414,84.0,0.0,0.8,6.9,18.0
20250502200900,27.92599868774414,84.0,0.0,1.7,7.0,27.9
20250502201000,27.92599868774414,84.0,0.0,1.4,7.2,20.8
20250502201100,27.92599868774414,84.0,0.0,0.8,6.9,37.8
20250502201200,27.92599868774414,84.0,0.0,1.7,6.4,38.8
20250502201300,27.92599868774414,84.0,0.0,0.6,6.7,21.1
20250502201400,27.92599868774414,84.0,0.0,0.1,6.2,38.0
20250502201500,27.92599868774414,84.0,0.0,0.9,7.3,34.2
20250502201600,27.92599868774414,84.0,0.0,1.2,7.2,32.1
20250502201700,27.92599868774414,84.0,0.0,1.2,6.1,29.8
20250502201800,27.92599868774414,84.0,0.0,0.7,7.0,16.9
20250502201900,27.92599868774414,84.0,0.0,1.1,6.1,17.2
20250502202000,27.92599868774414,84.0,0.0,0.2,6.9,30.0
20250502202100,27.92599868774414,84.0,0.0,1.0,7.3,15.1
20250502202200,27.92599868774414,84.0,0.0,0.9,7.3,25.1
20250502202300,27.92599868774414,84.0,0.0,1.0,6.8,18.7
20250502202400,27.92599868774414,84.0,0.0,1.7,6.7,32.9
20250502202500,27.92599868774414,84.0,0.0,0.4,6.9,20.3
20250502202600,27.92599868774414,84.0,0.0,2.0,7.3,29.2
20250502202700,27.92599868774414,84.0,0.0,1.5,6.4,23.6
20250502202800,27.92599868774414,84.0,0.0,1.0,6.9,38.4
20250502202900,27.92599868774414,84.0,0.0,0.2,7.3,23.8
20250502203000,27.92599868774414,84.0,0.0,0.8,6.8,24.6
20250502203100,27.92599868774414,84.0,0.0,0.4,7.2,27.0
20250502203200,27.92599868774414,84.0,0.0,0.5,6.8,15.9
20250502203300,27.92599868774414,84.0,0.0,1.1,7.2,37.4
20250502203400,27.92599868774414,84.0,0.0,0.9,7.4,26.4
20250502203500,27.92599868774414,84.0,0.0,1.8,6.9,28.6
20250502203600,27.92599868774414,84.0,0.0,1.7,6.2,16.0
20250502203700,27.92599868774414,84.0,0.0,0.0,6.6,23.5
20250502203800,27.92599868774414,84.0,0.0,1.3,6.5,21.8
20250502203900,27.92599868774414,84.0,0.0,0.4,6.8,34.8
20250502204000,27.92599868774414,84.0,0.0,1.2,6.3,18.5
20250502204100,27.92599868774414,84.0,0.0,0.4,6.4,31.3
20250502204200,27.92599868774414,84.0,0.0,0.4,6.8,36.7
20250502204300,27.92599868774414,84.0,0.0,1.1,6.7,26.5
20250502204400,27.92599868774414,84.0,0.0,1.6,7.2,29.4
20250502204500,27.92599868774414,84.0,0.0,1.1,6.7,26.3
20250502204600,27.92599868774414,84.0,0.0,1.8,7.3,38.2
20250502204700,27.92599868774414,84.0,0.0,1.2,6.9,32.9
20250502204800,27.92599868774414,84.0,0.0,1.0,6.6,19.2
20250502204900,27.92599868774414,84.0,0.0,0.9,6.0,22.9
20250502205000,27.92599868774414,84.0,0.0,0.1,7.2,20.3
20250502205100,27.92599868774414,84.0,0.0,0.2,7.4,37.6
20250502205200,27.92599868774414,84.0,0.0,1.8,7.5,24.7
20250502205300,27.92599868774414,84.0,0.0,1.8,7.1,29.9
20250502205400,27.92599868774414,84.0,0.0,1.3,6.1,28.1
20250502205500,27.92599868774414,84.0,0.0,0.6,6.6,32.6
20250502205600,27.92599868774414,84.0,0.0,1.8,6.8,36.3
20250502205700,27.92599868774414,84.0,0.0,0.7,6.8,39.8
20250502205800,27.92599868774414,84.0,0.0,1.4,6.7,23.5
20250502205900,27.92599868774414,84.0,0.0,1.7,7.0,19.7
20250502210000,27.525999069213867,86.0,0.0,1.0,7.1,21.1
20250502210100,27.525999069213867,86.0,0.0,0.8,6.8,19.5
20250502210200,27.525999069213867,86.0,0.0,1.0,6.1,25.7
20250502210300,27.525999069213867,86.0,0.0,1.9,7.0,38.4
20250502210400,27.525999069213867,86.0,0.0,1.3,7.0,35.0
20250502210500,27.525999069213867,86.0,0.0,0.3,6.0,39.2
20250502210600,27.525999069213867,86.0,0.0,0.4,6.7,23.7
20250502210700,27.525999069213867,86.0,0.0,1.4,6.0,34.3
20250502210800,27.525999069213867,86.0,0.0,0.7,7.1,28.4
20250502210900,27.525999069213867,86.0,0.0,0.7,6.9,21.6
20250502211000,27.525999069213867,86.0,0.0,2.0,7.0,27.4
20250502211100,27.525999069213867,86.0,0.0,0.9,6.8,36.5
20250502211200,27.525999069213867,86.0,0.0,1.3,6.9,30.6
20250502211300,27.525999069213867,86.0,0.0,1.5,6.4,25.2
20250502211400,27.525999069213867,86.0,0.0,0.7,6.0,18.3
20250502211500,27.525999069213867,86.0,0.0,1.0,7.1,20.4
20250502211600,27.525999069213867,86.0,0.0,2.0,7.4,29.8
20250502211700,27.525999069213867,86.0,0.0,0.5,7.4,21.2
20250502211800,27.525999069213867,86.0,0.0,0.3,6.1,32.4
20250502211900,27.525999069213867,86.0,0.0,1.7,6.1,37.3
20250502212000,27.525999069213867,86.0,0.0,0.3,6.5,28.6
20250502212100,27.525999069213867,86.0,0.0,1.6,6.5,39.2
20250502212200,27.525999069213867,86.0,0.0,1.5,7.2,37.8
20250502212300,27.525999069213867,86.0,0.0,0.8,7.1,29.1
20250502212400,27.525999069213867,86.0,0.0,0.5,7.5,31.8
20250502212500,27.525999069213867,86.0,0.0,1.8,6.4,26.3
20250502212600,27.525999069213867,86.0,0.0,1.7,6.4,25.3
20250502212700,27.525999069213867,86.0,0.0,1.0,7.4,19.4
20250502212800,27.525999069213867,86.0,0.0,1.5,6.1,32.8
20250502212900,27.525999069213867,86.0,0.0,1.6,7.3,20.6
20250502213000,27.525999069213867,86.0,0.0,0.1,6.3,15.8
20250502213100,27.525999069213867,86.0,0.0,0.4,7.2,29.7
20250502213200,27.525999069213867,86.0,0.0,1.2,7.3,25.2
20250502213300,27.525999069213867,86.0,0.0,0.3,6.2,23.1
20250502213400,27.525999069213867,86.0,0.0,0.7,7.4,20.5
20250502213500,27.525999069213867,86.0,0.0,0.4,7.2,28.3
20250502213600,27.525999069213867,86.0,0.0,1.6,6.9,36.0
20250502213700,27.525999069213867,86.0,0.0,0.7,6.2,29.9
20250502213800,27.525999069213867,86.0,0.0,1.6,7.2,37.7
20250502213900,27.525999069213867,86.0,0.0,1.5,7.2,25.2
20250502214000,27.525999069213867,86.0,0.0,0.3,7.2,19.2
20250502214100,27.525999069213867,86.0,0.0,0.5,6.2,30.6
20250502214200,27.525999069213867,86.0,0.0,1.5,7.2,27.0
20250502214300,27.525999069213867,86.0,0.0,0.2,6.3,32.9
20250502214400,27.525999069213867,86.0,0.0,1.2,6.4,20.1
20250502214500,27.525999069213867,86.0,0.0,0.4,6.5,28.6
20250502214600,27.525999069213867,86.0,0.0,1.3,6.5,31.9
20250502214700,27.525999069213867,86.0,0.0,1.7,6.7,18.8
20250502214800,27.525999069213867,86.0,0.0,1.5,7.1,25.2
20250502214900,27.525999069213867,86.0,0.0,1.6,7.2,38.1
20250502215000,27.525999069213867,86.0,0.0,1.2,6.6,36.7
20250502215100,27.525999069213867,86.0,0.0,1.7,6.1,39.2
20250502215200,27.525999069213867,86.0,0.0,0.1,7.4,25.1
20250502215300,27.525999069213867,86.0,0.0,0.2,6.8,34.8
20250502215400,27.525999069213867,86.0,0.0,1.4,6.2,16.3
20250502215500,27.525999069213867,86.0,0.0,1.3,6.8,28.1
20250502215600,27.525999069213867,86.0,0.0,0.4,6.8,26.9
20250502215700,27.525999069213867,86.0,0.0,0.1,7.1,38.5
20250502215800,27.525999069213867,86.0,0.0,1.5,6.7,16.3
20250502215900,27.525999069213867,86.0,0.0,0.6,7.4,37.6
20250502220000,27.22599983215332,88.0,0.0,1.8,6.1,37.6
20250502220100,27.22599983215332,88.0,0.0,1.9,7.2,21.3
20250502220200,27.22599983215332,88.0,0.0,1.8,6.3,24.2
20250502220300,27.22599983215332,88.0,0.0,1.5,6.3,16.7
20250502220400,27.22599983215332,88.0,0.0,1.4,7.2,39.1
20250502220500,27.22599983215332,88.0,0.0,1.2,7.2,35.9
20250502220600,27.22599983215332,88.0,0.0,0.9,6.9,21.2
20250502220700,27.22599983215332,88.0,0.0,0.4,7.2,29.3
20250502220800,27.22599983215332,88.0,0.0,0.7,7.0,32.1
20250502220900,27.22599983215332,88.0,0.0,0.6,7.2,27.3
20250502221000,27.22599983215332,88.0,0.0,1.0,6.8,24.7
20250502221100,27.22599983215332,88.0,0.0,1.9,6.4,25.4
20250502221200,27.22599983215332,88.0,0.0,1.3,6.5,37.4
20250502221300,27.22599983215332,88.0,0.0,0.4,6.4,18.0
20250502221400,27.22599983215332,88.0,0.0,1.8,6.4,33.3
20250502221500,27.22599983215332,88.0,0.0,0.2,6.8,26.1
20250502221600,27.22599983215332,88.0,0.0,0.8,7.1,28.0
20250502221700,27.22599983215332,88.0,0.0,1.6,6.2,27.1
20250502221800,27.22599983215332,88.0,0.0,1.5,6.3,36.0
20250502221900,27.22599983215332,88.0,0.0,0.2,6.4,35.8
20250502222000,27.22599983215332,88.0,0.0,0.9,7.4,21.9
20250502222100,27.22599983215332,88.0,0.0,1.1,6.7,19.3
20250502222200,27.22599983215332,88.0,0.0,0.9,6.1,23.2
20250502222300,27.22599983215332,88.0,0.0,0.0,6.8,36.6
20250502222400,27.22599983215332,88.0,0.0,0.1,7.3,26.7
20250502222500,27.22599983215332,88.0,0.0,1.3,6.9,22.2
20250502222600,27.22599983215332,88.0,0.0,1.6,6.5,37.3
20250502222700,27.22599983215332,88.0,0.0,1.3,7.1,29.4
20250502222800,27.22599983215332,88.0,0.0,1.5,6.1,22.7
20250502222900,27.22599983215332,88.0,0.0,1.3,7.3,27.4
20250502223000,27.22599983215332,88.0,0.0,1.6,6.5,22.6
20250502223100,27.22599983215332,88.0,0.0,1.5,7.4,30.7
20250502223200,27.22599983215332,88.0,0.0,1.8,7.5,20.9
20250502223300,27.22599983215332,88.0,0.0,0.6,7.4,30.3
20250502223400,27.22599983215332,88.0,0.0,0.4,7.2,23.8
20250502223500,27.22599983215332,88.0,0.0,0.2,6.0,24.2
20250502223600,27.22599983215332,88.0,0.0,1.9,6.2,38.5
20250502223700,27.22599983215332,88.0,0.0,1.8,6.6,30.8
20250502223800,27.22599983215332,88.0,0.0,2.0,6.7,30.3
20250502223900,27.22599983215332,88.0,0.0,0.7,6.5,23.7
20250502224000,27.22599983215332,88.0,0.0,0.8,6.8,39.1
20250502224100,27.22599983215332,88.0,0.0,0.4,6.3,31.0
20250502224200,27.22599983215332,88.0,0.0,0.9,6.5,18.9
20250502224300,27.22599983215332,88.0,0.0,1.3,6.5,22.8
20250502224400,27.22599983215332,88.0,0.0,0.6,6.2,31.4
20250502224500,27.22599983215332,88.0,0.0,1.1,6.7,36.7
20250502224600,27.22599983215332,88.0,0.0,0.5,7.3,28.2
20250502224700,27.22599983215332,88.0,0.0,1.7,6.7,25.9
20250502224800,27.22599983215332,88.0,0.0,0.4,6.9,30.2
20250502224900,27.22599983215332,88.0,0.0,1.3,6.7,16.6
20250502225000,27.22599983215332,88.0,0.0,1.9,6.8,20.1
20250502225100,27.22599983215332,88.0,0.0,1.9,7.4,27.3
20250502225200,27.22599983215332,88.0,0.0,1.9,6.8,30.5
20250502225300,27.22599983215332,88.0,0.0,0.4,6.6,19.6
20250502225400,27.22599983215332,88.0,0.0,0.0,6.4,30.6
20250502225500,27.22599983215332,88.0,0.0,1.8,6.4,25.1
20250502225600,27.22599983215332,88.0,0.0,0.2,6.9,26.1
20250502225700,27.22599983215332,88.0,0.0,0.4,6.6,27.0
20250502225800,27.22599983215332,88.0,0.0,1.4,7.0,28.4
20250502225900,27.22599983215332,88.0,0.0,0.3,6.3,16.5
20250502230000,26.97599983215332,89.0,0.0,0.3,6.6,17.3
20250502230100,26.97599983215332,89.0,0.0,0.8,6.5,16.9
20250502230200,26.97599983215332,89.0,0.0,1.9,6.4,40.0
20250502230300,26.97599983215332,89.0,0.0,1.6,7.2,28.8
20250502230400,26.97599983215332,89.0,0.0,1.1,7.1,32.6
20250502230500,26.97599983215332,89.0,0.0,0.3,7.0,36.7
20250502230600,26.97599983215332,89.0,0.0,1.7,7.1,33.0
20250502230700,26.97599983215332,89.0,0.0,0.6,6.4,39.6
20250502230800,26.97599983215332,89.0,0.0,0.3,6.3,17.8
20250502230900,26.97599983215332,89.0,0.0,1.5,6.4,24.8
20250502231000,26.97599983215332,89.0,0.0,1.6,6.6,36.7
20250502231100,26.97599983215332,89.0,0.0,0.7,6.9,19.8
20250502231200,26.97599983215332,89.0,0.0,0.9,6.9,34.6
20250502231300,26.97599983215332,89.0,0.0,1.4,6.9,15.1
20250502231400,26.97599983215332,89.0,0.0,1.2,6.5,32.8
20250502231500,26.97599983215332,89.0,0.0,0.1,6.9,35.1
20250502231600,26.97599983215332,89.0,0.0,0.9,6.2,15.2
20250502231700,26.97599983215332,89.0,0.0,0.9,6.9,38.7
20250502231800,26.97599983215332,89.0,0.0,1.5,7.2,15.8
20250502231900,26.97599983215332,89.0,0.0,0.4,6.2,25.7
20250502232000,26.97599983215332,89.0,0.0,1.6,7.5,22.9
20250502232100,26.97599983215332,89.0,0.0,1.6,6.8,31.1
20250502232200,26.97599983215332,89.0,0.0,1.7,7.4,37.3
20250502232300,26.97599983215332,89.0,0.0,1.1,6.1,17.5
20250502232400,26.97599983215332,89.0,0.0,1.9,7.3,32.4
20250502232500,26.97599983215332,89.0,0.0,1.7,7.2,33.5
20250502232600,26.97599983215332,89.0,0.0,0.8,6.1,24.8
20250502232700,26.97599983215332,89.0,0.0,0.2,6.9,23.3
20250502232800,26.97599983215332,89.0,0.0,0.9,6.4,21.0
20250502232900,26.97599983215332,89.0,0.0,0.7,6.6,33.6
20250502233000,26.97599983215332,89.0,0.0,0.4,6.0,38.5
20250502233100,26.97599983215332,89.0,0.0,1.0,6.0,25.1
20250502233200,26.97599983215332,89.0,0.0,1.7,6.7,30.6
20250502233300,26.97599983215332,89.0,0.0,0.5,6.2,23.5
20250502233400,26.97599983215332,89.0,0.0,0.8,7.2,20.3
20250502233500,26.97599983215332,89.0,0.0,1.2,7.1,29.5
20250502233600,26.97599983215332,89.0,0.0,0.9,6.4,24.5
20250502233700,26.97599983215332,89.0,0.0,1.1,6.2,26.8
20250502233800,26.97599983215332,89.0,0.0,0.1,6.7,17.7
20250502233900,26.97599983215332,89.0,0.0,1.1,6.0,38.8
20250502234000,26.97599983215332,89.0,0.0,1.3,6.5,35.9
20250502234100,26.97599983215332,89.0,0.0,1.5,6.8,21.6
20250502234200,26.97599983215332,89.0,0.0,1.9,7.2,30.3
20250502234300,26.97599983215332,89.0,0.0,1.9,6.4,28.6
20250502234400,26.97599983215332,89.0,0.0,1.6,6.9,20.0
20250502234500,26.97599983215332,89.0,0.0,1.5,7.3,24.7
20250502234600,26.97599983215332,89.0,0.0,1.7,7.1,19.5
20250502234700,26.97599983215332,89.0,0.0,0.3,6.0,39.4
20250502234800,26.97599983215332,89.0,0.0,0.7,6.8,33.7
20250502234900,26.97599983215332,89.0,0.0,0.2,6.9,19.2
20250502235000,26.97599983215332,89.0,0.0,0.9,6.5,35.8
20250502235100,26.97599983215332,89.0,0.0,0.8,6.1,35.9
20250502235200,26.97599983215332,89.0,0.0,0.7,7.4,16.5
20250502235300,26.97599983215332,89.0,0.0,1.8,7.4,33.2
20250502235400,26.97599983215332,89.0,0.0,0.8,6.1,32.4
20250502235500,26.97599983215332,89.0,0.0,2.0,7.0,24.0
20250502235600,26.97599983215332,89.0,0.0,0.2,6.4,17.8
20250502235700,26.97599983215332,89.0,0.0,1.1,6.1,38.5
20250502235800,26.97599983215332,89.0,0.0,1.9,6.2,27.2
20250502235900,26.97599983215332,89.0,0.0,0.4,6.8,20.9
20250503000000,26.825998306274414,90.0,0.0,1.9,6.2,29.4
20250503000100,26.825998306274414,90.0,0.0,1.8,6.9,29.3
20250503000200,26.825998306274414,90.0,0.0,1.8,6.5,21.2
20250503000300,26.825998306274414,90.0,0.0,1.3,6.8,24.3
20250503000400,26.825998306274414,90.0,0.0,0.2,7.2,30.5
20250503000500,26.825998306274414,90.0,0.0,1.2,7.2,18.0
20250503000600,26.825998306274414,90.0,0.0,0.7,6.1,37.1
20250503000700,26.825998306274414,90.0,0.0,0.7,6.1,29.4
20250503000800,26.825998306274414,90.0,0.0,0.2,7.1,37.5
20250503000900,26.825998306274414,90.0,0.0,0.2,7.3,23.0
20250503001000,26.825998306274414,90.0,0.0,0.7,7.5,35.6
20250503001100,26.825998306274414,90.0,0.0,1.5,7.4,19.0
20250503001200,26.825998306274414,90.0,0.0,0.3,6.2,28.5
20250503001300,26.825998306274414,90.0,0.0,0.6,6.5,16.0
20250503001400,26.825998306274414,90.0,0.0,0.2,6.4,37.8
20250503001500,26.825998306274414,90.0,0.0,1.4,7.4,31.2
20250503001600,26.825998306274414,90.0,0.0,1.6,6.3,39.3
20250503001700,26.825998306274414,90.0,0.0,0.6,7.4,15.8
20250503001800,26.825998306274414,90.0,0.0,0.3,6.5,21.7
20250503001900,26.825998306274414,90.0,0.0,0.5,6.2,24.0
20250503002000,26.825998306274414,90.0,0.0,1.1,6.0,29.2
20250503002100,26.825998306274414,90.0,0.0,1.1,6.3,18.4
20250503002200,26.825998306274414,90.0,0.0,1.6,6.3,39.5
20250503002300,26.825998306274414,90.0,0.0,0.2,6.0,26.3
20250503002400,26.825998306274414,90.0,0.0,0.4,6.9,16.3
20250503002500,26.825998306274414,90.0,0.0,1.1,6.7,27.8
20250503002600,26.825998306274414,90.0,0.0,1.9,7.4,26.2
20250503002700,26.825998306274414,90.0,0.0,0.9,6.5,23.4
20250503002800,26.825998306274414,90.0,0.0,0.7,6.5,26.6
20250503002900,26.825998306274414,90.0,0.0,0.2,6.8,34.1
20250503003000,26.825998306274414,90.0,0.0,1.3,7.2,17.6
20250503003100,26.825998306274414,90.0,0.0,1.4,6.6,39.7
20250503003200,26.825998306274414,90.0,0.0,0.9,6.4,17.6
20250503003300,26.825998306274414,90.0,0.0,0.3,7.3,25.2
20250503003400,26.825998306274414,90.0,0.0,0.3,6.9,22.9
20250503003500,26.825998306274414,90.0,0.0,1.9,6.6,20.1
20250503003600,26.825998306274414,90.0,0.0,0.7,7.1,38.5
20250503003700,26.825998306274414,90.0,0.0,1.5,6.4,40.0
20250503003800,26.825998306274414,90.0,0.0,0.1,6.6,22.5
20250503003900,26.825998306274414,90.0,0.0,1.8,6.4,29.5
20250503004000,26.825998306274414,90.0,0.0,2.0,6.2,34.9
20250503004100,26.825998306274414,90.0,0.0,0.3,6.1,18.5
20250503004200,26.825998306274414,90.0,0.0,1.3,7.4,23.0
20250503004300,26.825998306274414,90.0,0.0,0.3,6.6,27.9
20250503004400,26.825998306274414,90.0,0.0,0.8,7.1,26.4
20250503004500,26.825998306274414,90.0,0.0,1.3,6.3,24.1
20250503004600,26.825998306274414,90.0,0.0,1.6,7.5,37.3
20250503004700,26.825998306274414,90.0,0.0,1.9,6.5,35.2
20250503004800,26.825998306274414,90.0,0.0,1.5,6.6,16.0
20250503004900,26.825998306274414,90.0,0.0,0.3,7.4,31.0
20250503005000,26.825998306274414,90.0,0.0,0.6,7.3,26.2
20250503005100,26.825998306274414,90.0,0.0,1.0,7.2,24.4
20250503005200,26.825998306274414,90.0,0.0,0.6,6.4,22.9
20250503005300,26.825998306274414,90.0,0.0,1.9,6.2,38.7
20250503005400,26.825998306274414,90.0,0.0,2.0,6.8,17.6
20250503005500,26.825998306274414,90.0,0.0,0.5,6.1,37.7
20250503005600,26.825998306274414,90.0,0.0,0.6,7.1,26.0
20250503005700,26.825998306274414,90.0,0.0,2.0,7.0,28.1
20250503005800,26.825998306274414,90.0,0.0,2.0,7.0,16.7
20250503005900,26.825998306274414,90.0,0.0,0.4,6.7,31.8
20250503010000,26.625999450683594,91.0,0.0,1.0,7.4,33.3
20250503010100,26.625999450683594,91.0,0.0,0.2,7.4,28.7
20250503010200,26.625999450683594,91.0,0.0,0.1,6.0,25.4
20250503010300,26.625999450683594,91.0,0.0,0.8,7.3,34.0
20250503010400,26.625999450683594,91.0,0.0,0.2,6.1,33.2
20250503010500,26.625999450683594,91.0,0.0,0.5,6.7,26.8
20250503010600,26.625999450683594,91.0,0.0,1.1,7.0,37.8
20250503010700,26.625999450683594,91.0,0.0,0.9,7.1,28.1
20250503010800,26.625999450683594,91.0,0.0,0.3,7.3,24.5
20250503010900,26.625999450683594,91.0,0.0,1.3,6.7,33.5
20250503011000,26.625999450683594,91.0,0.0,1.0,6.0,26.5
20250503011100,26.625999450683594,91.0,0.0,0.2,6.1,29.6
20250503011200,26.625999450683594,91.0,0.0,0.2,6.3,28.3
20250503011300,26.625999450683594,91.0,0.0,0.1,7.3,35.7
20250503011400,26.625999450683594,91.0,0.0,1.5,7.0,31.8
20250503011500,26.625999450683594,91.0,0.0,1.0,7.2,23.5
20250503011600,26.625999450683594,91.0,0.0,0.0,6.0,24.0
20250503011700,26.625999450683594,91.0,0.0,0.0,7.4,33.1
20250503011800,26.625999450683594,91.0,0.0,1.8,6.9,29.6
20250503011900,26.625999450683594,91.0,0.0,1.8,6.4,20.9
20250503012000,26.625999450683594,91.0,0.0,1.1,6.7,37.0
20250503012100,26.625999450683594,91.0,0.0,0.1,6.8,39.3
20250503012200,26.625999450683594,91.0,0.0,0.6,7.1,39.8
20250503012300,26.625999450683594,91.0,0.0,0.9,6.9,16.6
20250503012400,26.625999450683594,91.0,0.0,1.4,6.8,31.2
20250503012500,26.625999450683594,91.0,0.0,1.7,7.1,18.3
20250503012600,26.625999450683594,91.0,0.0,0.5,7.4,15.3
20250503012700,26.625999450683594,91.0,0.0,0.2,7.2,19.4
20250503012800,26.625999450683594,91.0,0.0,1.7,6.4,25.6
20250503012900,26.625999450683594,91.0,0.0,0.3,6.7,39.9
20250503013000,26.625999450683594,91.0,0.0,1.6,7.0,33.7
20250503013100,26.625999450683594,91.0,0.0,1.6,7.5,19.8
20250503013200,26.625999450683594,91.0,0.0,1.5,7.0,18.1
20250503013300,26.625999450683594,91.0,0.0,2.0,6.0,36.5
20250503013400,26.625999450683594,91.0,0.0,0.6,6.1,16.2
20250503013500,26.625999450683594,91.0,0.0,1.1,7.5,27.1
20250503013600,26.625999450683594,91.0,0.0,0.8,7.3,25.8
20250503013700,26.625999450683594,91.0,0.0,1.5,6.6,30.8
20250503013800,26.625999450683594,91.0,0.0,1.7,7.1,24.0
20250503013900,26.625999450683594,91.0,0.0,1.2,6.8,34.2
20250503014000,26.625999450683594,91.0,0.0,1.0,7.4,27.3
20250503014100,26.625999450683594,91.0,0.0,1.7,6.8,28.0
20250503014200,26.625999450683594,91.0,0.0,0.8,7.2,22.5
20250503014300,26.625999450683594,91.0,0.0,1.4,6.4,34.7
20250503014400,26.625999450683594,91.0,0.0,1.3,6.6,15.8
20250503014500,26.625999450683594,91.0,0.0,1.5,7.2,38.9
20250503014600,26.625999450683594,91.0,0.0,1.1,6.2,28.9
20250503014700,26.625999450683594,91.0,0.0,0.1,6.4,15.7
20250503014800,26.625999450683594,91.0,0.0,0.6,7.3,17.4
20250503014900,26.625999450683594,91.0,0.0,1.5,6.3,30.3
20250503015000,26.625999450683594,91.0,0.0,1.2,7.4,17.7
20250503015100,26.625999450683594,91.0,0.0,1.0,7.1,33.0
20250503015200,26.625999450683594,91.0,0.0,0.6,7.0,15.5
20250503015300,26.625999450683594,91.0,0.0,1.8,7.2,32.0
20250503015400,26.625999450683594,91.0,0.0,1.5,6.1,38.2
20250503015500,26.625999450683594,91.0,0.0,0.0,7.2,24.2
20250503015600,26.625999450683594,91.0,0.0,1.9,7.4,29.1
20250503015700,26.625999450683594,91.0,0.0,1.3,7.4,33.1
20250503015800,26.625999450683594,91.0,0.0,0.1,6.7,37.2
20250503015900,26.625999450683594,91.0,0.0,0.2,6.5,30.2
20250503020000,26.47599983215332,92.0,0.0,0.1,7.5,25.3
20250503020100,26.47599983215332,92.0,0.0,0.3,7.0,21.0
20250503020200,26.47599983215332,92.0,0.0,0.8,7.3,20.1
20250503020300,26.47599983215332,92.0,0.0,0.0,6.6,31.7
20250503020400,26.47599983215332,92.0,0.0,0.8,6.2,33.0
20250503020500,26.47599983215332,92.0,0.0,0.0,6.3,32.7
20250503020600,26.47599983215332,92.0,0.0,0.1,6.3,25.1
20250503020700,26.47599983215332,92.0,0.0,0.2,7.3,32.4
20250503020800,26.47599983215332,92.0,0.0,0.2,7.2,27.8
20250503020900,26.47599983215332,92.0,0.0,0.3,6.2,39.0
20250503021000,26.47599983215332,92.0,0.0,1.9,6.1,17.4
20250503021100,26.47599983215332,92.0,0.0,1.4,7.4,25.2
20250503021200,26.47599983215332,92.0,0.0,1.3,6.8,17.8
20250503021300,26.47599983215332,92.0,0.0,1.8,6.7,18.2
20250503021400,26.47599983215332,92.0,0.0,0.6,6.6,36.4
20250503021500,26.47599983215332,92.0,0.0,1.2,7.1,28.9
20250503021600,26.47599983215332,92.0,0.0,1.6,6.9,38.7
20250503021700,26.47599983215332,92.0,0.0,1.3,6.9,16.2
20250503021800,26.47599983215332,92.0,0.0,1.1,6.9,27.8
20250503021900,26.47599983215332,92.0,0.0,0.3,7.5,28.1
20250503022000,26.47599983215332,92.0,0.0,1.7,7.5,22.0
20250503022100,26.47599983215332,92.0,0.0,1.5,6.4,27.4
20250503022200,26.47599983215332,92.0,0.0,1.3,6.2,25.0
20250503022300,26.47599983215332,92.0,0.0,1.4,6.9,17.7
20250503022400,26.47599983215332,92.0,0.0,1.1,6.1,40.0
20250503022500,26.47599983215332,92.0,0.0,0.6,7.4,19.4
20250503022600,26.47599983215332,92.0,0.0,1.3,7.2,18.8
20250503022700,26.47599983215332,92.0,0.0,0.1,7.1,27.5
20250503022800,26.47599983215332,92.0,0.0,1.3,7.1,38.2
20250503022900,26.47599983215332,92.0,0.0,1.8,6.7,31.6
20250503023000,26.47599983215332,92.0,0.0,0.3,6.5,24.5
20250503023100,26.47599983215332,92.0,0.0,1.9,6.0,36.8
20250503023200,26.47599983215332,92.0,0.0,1.7,7.4,19.8
20250503023300,26.47599983215332,92.0,0.0,1.8,6.1,24.5
20250503023400,26.47599983215332,92.0,0.0,0.4,6.9,26.3
20250503023500,26.47599983215332,92.0,0.0,0.2,7.1,36.5
20250503023600,26.47599983215332,92.0,0.0,0.2,7.5,15.6
20250503023700,26.47599983215332,92.0,0.0,0.9,7.5,18.1
20250503023800,26.47599983215332,92.0,0.0,1.5,7.1,20.4
20250503023900,26.47599983215332,92.0,0.0,0.8,7.4,26.0
20250503024000,26.47599983215332,92.0,0.0,0.9,6.2,35.7
20250503024100,26.47599983215332,92.0,0.0,0.8,7.3,21.9
20250503024200,26.47599983215332,92.0,0.0,0.8,7.3,21.6
20250503024300,26.47599983215332,92.0,0.0,0.5,6.4,15.5
20250503024400,26.47599983215332,92.0,0.0,0.8,6.4,36.1
20250503024500,26.47599983215332,92.0,0.0,0.1,6.3,31.0
20250503024600,26.47599983215332,92.0,0.0,0.4,6.5,36.3
20250503024700,26.47599983215332,92.0,0.0,0.6,6.9,20.8
20250503024800,26.47599983215332,92.0,0.0,0.9,6.8,24.6
20250503024900,26.47599983215332,92.0,0.0,0.5,6.6,26.5
20250503025000,26.47599983215332,92.0,0.0,0.7,6.0,25.3
20250503025100,26.47599983215332,92.0,0.0,0.4,7.4,39.9
20250503025200,26.47599983215332,92.0,0.0,0.8,7.4,37.6
20250503025300,26.47599983215332,92.0,0.0,0.2,7.0,24.2
20250503025400,26.47599983215332,92.0,0.0,1.6,6.1,39.8
20250503025500,26.47599983215332,92.0,0.0,0.7,6.9,24.3
20250503025600,26.47599983215332,92.0,0.0,0.8,6.2,34.3
20250503025700,26.47599983215332,92.0,0.0,1.4,6.9,16.3
20250503025800,26.47599983215332,92.0,0.0,0.1,7.4,28.3
20250503025900,26.47599983215332,92.0,0.0,0.6,6.8,24.2
20250503030000,26.325998306274414,93.0,0.0,1.8,6.7,38.0
20250503030100,26.325998306274414,93.0,0.0,2.0,7.3,36.2
20250503030200,26.325998306274414,93.0,0.0,0.1,7.3,24.1
20250503030300,26.325998306274414,93.0,0.0,1.3,7.1,16.0
20250503030400,26.325998306274414,93.0,0.0,0.2,6.1,29.3
20250503030500,26.325998306274414,93.0,0.0,0.3,6.5,35.1
20250503030600,26.325998306274414,93.0,0.0,0.3,6.1,36.7
20250503030700,26.325998306274414,93.0,0.0,0.2,7.2,31.7
20250503030800,26.325998306274414,93.0,0.0,1.0,7.0,30.4
20250503030900,26.325998306274414,93.0,0.0,1.4,7.2,15.1
20250503031000,26.325998306274414,93.0,0.0,0.8,6.3,37.5
20250503031100,26.325998306274414,93.0,0.0,0.9,7.1,16.9
20250503031200,26.325998306274414,93.0,0.0,2.0,6.5,16.0
20250503031300,26.325998306274414,93.0,0.0,0.8,7.0,25.8
20250503031400,26.325998306274414,93.0,0.0,1.3,7.3,39.2
20250503031500,26.325998306274414,93.0,0.0,0.2,7.0,28.3
20250503031600,26.325998306274414,93.0,0.0,0.2,6.5,35.0
20250503031700,26.325998306274414,93.0,0.0,0.2,7.2,30.7
20250503031800,26.325998306274414,93.0,0.0,0.9,6.9,22.3
20250503031900,26.325998306274414,93.0,0.0,1.3,7.2,23.5
20250503032000,26.325998306274414,93.0,0.0,1.7,7.2,24.5
20250503032100,26.325998306274414,93.0,0.0,0.7,6.6,35.0
20250503032200,26.325998306274414,93.0,0.0,0.8,6.3,24.7
20250503032300,26.325998306274414,93.0,0.0,0.6,7.5,39.9
20250503032400,26.325998306274414,93.0,0.0,2.0,6.8,17.2
20250503032500,26.325998306274414,93.0,0.0,1.5,6.1,18.0
20250503032600,26.325998306274414,93.0,0.0,1.3,7.5,23.5
20250503032700,26.325998306274414,93.0,0.0,0.2,7.1,40.0
20250503032800,26.325998306274414,93.0,0.0,0.1,6.7,31.5
20250503032900,26.325998306274414,93.0,0.0,1.5,6.9,18.2
20250503033000,26.325998306274414,93.0,0.0,0.4,6.7,24.8
20250503033100,26.325998306274414,93.0,0.0,1.6,6.5,17.8
20250503033200,26.325998306274414,93.0,0.0,1.2,6.7,30.3
20250503033300,26.325998306274414,93.0,0.0,1.7,7.2,28.1
20250503033400,26.325998306274414,93.0,0.0,0.9,7.2,20.5
20250503033500,26.325998306274414,93.0,0.0,0.1,6.2,36.1
20250503033600,26.325998306274414,93.0,0.0,1.9,6.1,23.6
20250503033700,26.325998306274414,93.0,0.0,0.3,7.3,37.5
20250503033800,26.325998306274414,93.0,0.0,1.5,6.6,17.6
20250503033900,26.325998306274414,93.0,0.0,1.1,6.7,17.9
20250503034000,26.325998306274414,93.0,0.0,1.2,7.3,34.6
20250503034100,26.325998306274414,93.0,0.0,1.1,6.1,31.5
20250503034200,26.325998306274414,93.0,0.0,0.2,6.4,30.8
20250503034300,26.325998306274414,93.0,0.0,0.8,6.1,26.1
20250503034400,26.325998306274414,93.0,0.0,0.7,7.1,35.7
20250503034500,26.325998306274414,93.0,0.0,0.1,6.8,19.3
20250503034600,26.325998306274414,93.0,0.0,0.6,7.3,32.6
20250503034700,26.325998306274414,93.0,0.0,1.2,7.4,37.8
20250503034800,26.325998306274414,93.0,0.0,0.9,6.6,35.1
20250503034900,26.325998306274414,93.0,0.0,0.5,7.2,38.6
20250503035000,26.325998306274414,93.0,0.0,1.8,6.1,23.1
20250503035100,26.325998306274414,93.0,0.0,0.0,7.5,15.0
20250503035200,26.325998306274414,93.0,0.0,0.4,7.0,31.9
20250503035300,26.325998306274414,93.0,0.0,1.9,7.5,21.9
20250503035400,26.325998306274414,93.0,0.0,1.4,7.4,27.2
20250503035500,26.325998306274414,93.0,0.0,0.9,6.7,26.8
20250503035600,26.325998306274414,93.0,0.0,0.7,7.5,30.7
20250503035700,26.325998306274414,93.0,0.0,0.6,7.5,24.2
20250503035800,26.325998306274414,93.0,0.0,0.1,6.9,34.0
20250503035900,26.325998306274414,93.0,0.0,0.1,6.5,34.6
20250503040000,26.275999069213867,93.0,0.0,1.7,7.0,27.1
20250503040100,26.275999069213867,93.0,0.0,0.4,6.2,21.4
20250503040200,26.275999069213867,93.0,0.0,0.9,7.0,16.7
20250503040300,26.275999069213867,93.0,0.0,1.8,6.4,32.1
20250503040400,26.275999069213867,93.0,0.0,0.1,7.4,36.2
20250503040500,26.275999069213867,93.0,0.0,1.2,6.2,36.5
20250503040600,26.275999069213867,93.0,0.0,1.4,6.8,18.2
20250503040700,26.275999069213867,93.0,0.0,0.7,7.1,30.7
20250503040800,26.275999069213867,93.0,0.0,0.5,6.9,36.1
20250503040900,26.275999069213867,93.0,0.0,0.4,7.3,32.2
20250503041000,26.275999069213867,93.0,0.0,1.9,7.3,22.9
20250503041100,26.275999069213867,93.0,0.0,0.2,6.3,25.3
20250503041200,26.275999069213867,93.0,0.0,0.9,6.5,31.1
20250503041300,26.275999069213867,93.0,0.0,1.2,6.7,27.7
20250503041400,26.275999069213867,93.0,0.0,0.1,6.0,18.6
20250503041500,26.275999069213867,93.0,0.0,2.0,6.4,31.7
20250503041600,26.275999069213867,93.0,0.0,1.5,6.4,17.6
20250503041700,26.275999069213867,93.0,0.0,1.2,6.8,23.0
20250503041800,26.275999069213867,93.0,0.0,1.0,6.3,17.4
20250503041900,26.275999069213867,93.0,0.0,0.9,6.1,34.8
20250503042000,26.275999069213867,93.0,0.0,0.2,7.2,32.7
20250503042100,26.275999069213867,93.0,0.0,2.0,6.2,28.2
20250503042200,26.275999069213867,93.0,0.0,1.1,7.4,30.2
20250503042300,26.275999069213867,93.0,0.0,0.9,7.3,26.5
20250503042400,26.275999069213867,93.0,0.0,0.7,7.0,37.2
20250503042500,26.275999069213867,93.0,0.0,1.7,6.7,20.7
20250503042600,26.275999069213867,93.0,0.0,1.2,6.5,25.0
20250503042700,26.275999069213867,93.0,0.0,0.0,6.4,20.8
20250503042800,26.275999069213867,93.0,0.0,1.9,6.9,28.5
20250503042900,26.275999069213867,93.0,0.0,1.7,7.0,16.1
20250503043000,26.275999069213867,93.0,0.0,0.8,6.0,16.6
20250503043100,26.275999069213867,93.0,0.0,1.5,6.2,27.6
20250503043200,26.275999069213867,93.0,0.0,0.8,6.7,19.7
20250503043300,26.275999069213867,93.0,0.0,0.1,6.9,36.1
20250503043400,26.275999069213867,93.0,0.0,1.2,7.3,29.7
20250503043500,26.275999069213867,93.0,0.0,0.3,6.1,15.2
20250503043600,26.275999069213867,93.0,0.0,1.9,6.4,28.9
20250503043700,26.275999069213867,93.0,0.0,0.2,7.4,18.4
20250503043800,26.275999069213867,93.0,0.0,1.0,6.4,19.7
20250503043900,26.275999069213867,93.0,0.0,1.3,6.3,28.4
20250503044000,26.275999069213867,93.0,0.0,1.9,6.6,28.1
20250503044100,26.275999069213867,93.0,0.0,0.0,6.6,35.2
20250503044200,26.275999069213867,93.0,0.0,1.2,6.2,39.5
20250503044300,26.275999069213867,93.0,0.0,0.4,7.2,36.0
20250503044400,26.275999069213867,93.0,0.0,0.5,6.6,32.6
20250503044500,26.275999069213867,93.0,0.0,0.6,6.8,34.2
20250503044600,26.275999069213867,93.0,0.0,1.9,7.5,39.4
20250503044700,26.275999069213867,93.0,0.0,0.7,6.8,24.6
20250503044800,26.275999069213867,93.0,0.0,1.1,6.2,27.4
20250503044900,26.275999069213867,93.0,0.0,0.3,6.2,33.5
20250503045000,26.275999069213867,93.0,0.0,1.1,6.4,30.5
20250503045100,26.275999069213867,93.0,0.0,0.5,6.4,29.3
20250503045200,26.275999069213867,93.0,0.0,0.9,7.2,38.6
20250503045300,26.275999069213867,93.0,0.0,1.1,6.9,17.9
20250503045400,26.275999069213867,93.0,0.0,0.9,6.3,39.9
20250503045500,26.275999069213867,93.0,0.0,0.3,7.2,33.8
20250503045600,26.275999069213867,93.0,0.0,1.1,6.9,18.3
20250503045700,26.275999069213867,93.0,0.0,0.2,6.8,32.6
20250503045800,26.275999069213867,93.0,0.0,1.3,6.7,27.7
20250503045900,26.275999069213867,93.0,0.0,1.9,6.7,29.1
20250503050000,26.275999069213867,93.0,0.0,1.2,6.7,32.8
20250503050100,26.275999069213867,93.0,0.0,1.4,6.1,20.8
20250503050200,26.275999069213867,93.0,0.0,0.1,6.0,15.1
20250503050300,26.275999069213867,93.0,0.0,1.8,7.2,19.9
20250503050400,26.275999069213867,93.0,0.0,1.6,7.3,28.6
20250503050500,26.275999069213867,93.0,0.0,0.1,6.7,24.3
20250503050600,26.275999069213867,93.0,0.0,0.2,6.2,23.7
20250503050700,26.275999069213867,93.0,0.0,0.8,6.9,22.5
20250503050800,26.275999069213867,93.0,0.0,1.9,7.1,38.3
20250503050900,26.275999069213867,93.0,0.0,0.6,6.5,15.4
20250503051000,26.275999069213867,93.0,0.0,1.2,7.3,32.0
20250503051100,26.275999069213867,93.0,0.0,0.5,6.4,39.4
20250503051200,26.275999069213867,93.0,0.0,1.0,6.8,28.4
20250503051300,26.275999069213867,93.0,0.0,1.3,7.0,27.7
20250503051400,26.275999069213867,93.0,0.0,1.0,6.6,34.8
20250503051500,26.275999069213867,93.0,0.0,0.3,7.2,16.6
20250503051600,26.275999069213867,93.0,0.0,0.5,6.3,28.3
20250503051700,26.275999069213867,93.0,0.0,0.8,7.4,39.3
20250503051800,26.275999069213867,93.0,0.0,0.5,6.6,31.7
20250503051900,26.275999069213867,93.0,0.0,1.7,7.5,27.3
20250503052000,26.275999069213867,93.0,0.0,0.0,6.6,36.6
20250503052100,26.275999069213867,93.0,0.0,1.8,7.3,31.0
20250503052200,26.275999069213867,93.0,0.0,0.5,6.6,17.5
20250503052300,26.275999069213867,93.0,0.0,1.3,6.6,39.7
20250503052400,26.275999069213867,93.0,0.0,1.1,6.8,26.7
20250503052500,26.275999069213867,93.0,0.0,0.7,6.1,30.4
20250503052600,26.275999069213867,93.0,0.0,2.0,6.3,35.1
20250503052700,26.275999069213867,93.0,0.0,0.4,6.5,37.5
20250503052800,26.275999069213867,93.0,0.0,0.0,7.4,36.0
20250503052900,26.275999069213867,93.0,0.0,1.1,6.8,31.4
20250503053000,26.275999069213867,93.0,0.0,0.6,7.1,18.3
20250503053100,26.275999069213867,93.0,0.0,1.9,6.0,35.9
20250503053200,26.275999069213867,93.0,0.0,1.1,6.7,35.2
20250503053300,26.275999069213867,93.0,0.0,1.6,7.5,29.4
20250503053400,26.275999069213867,93.0,0.0,0.9,7.4,35.9
20250503053500,26.275999069213867,93.0,0.0,0.2,6.2,21.4
20250503053600,26.275999069213867,93.0,0.0,0.4,7.5,24.3
20250503053700,26.275999069213867,93.0,0.0,1.9,6.5,39.1
20250503053800,26.275999069213867,93.0,0.0,1.2,7.4,34.6
20250503053900,26.275999069213867,93.0,0.0,1.9,6.3,30.1
20250503054000,26.275999069213867,93.0,0.0,0.7,7.1,27.8
20250503054100,26.275999069213867,93.0,0.0,0.8,7.2,16.1
20250503054200,26.275999069213867,93.0,0.0,1.7,6.3,28.8
20250503054300,26.275999069213867,93.0,0.0,1.4,6.9,23.4
20250503054400,26.275999069213867,93.0,0.0,0.7,6.6,38.4
20250503054500,26.275999069213867,93.0,0.0,1.0,6.0,22.8
20250503054600,26.275999069213867,93.0,0.0,0.0,6.2,36.4
20250503054700,26.275999069213867,93.0,0.0,1.8,7.3,26.1
20250503054800,26.275999069213867,93.0,0.0,1.0,6.4,17.6
20250503054900,26.275999069213867,93.0,0.0,0.2,6.0,22.3
20250503055000,26.275999069213867,93.0,0.0,1.5,7.3,21.0
20250503055100,26.275999069213867,93.0,0.0,1.5,6.9,16.5
20250503055200,26.275999069213867,93.0,0.0,0.7,6.3,26.3
20250503055300,26.275999069213867,93.0,0.0,0.3,6.1,27.8
20250503055400,26.275999069213867,93.0,0.0,0.6,6.2,38.1
20250503055500,26.275999069213867,93.0,0.0,0.8,6.4,36.2
20250503055600,26.275999069213867,93.0,0.0,0.5,7.0,16.0
20250503055700,26.275999069213867,93.0,0.0,1.2,7.3,18.3
20250503055800,26.275999069213867,93.0,0.0,1.2,7.4,36.3
20250503055900,26.275999069213867,93.0,0.0,0.6,6.4,28.6
20250503060000,26.22599983215332,94.0,0.0,1.2,6.7,37.1
20250503060100,26.22599983215332,94.0,0.0,0.0,7.4,38.9
20250503060200,26.22599983215332,94.0,0.0,1.9,7.5,25.4
20250503060300,26.22599983215332,94.0,0.0,1.3,7.4,31.3
20250503060400,26.22599983215332,94.0,0.0,0.9,6.7,24.1
20250503060500,26.22599983215332,94.0,0.0,0.2,7.2,32.2
20250503060600,26.22599983215332,94.0,0.0,1.8,6.6,35.4
20250503060700,26.22599983215332,94.0,0.0,0.5,7.3,31.1
20250503060800,26.22599983215332,94.0,0.0,0.6,7.3,34.4
20250503060900,26.22599983215332,94.0,0.0,1.2,6.1,24.3
20250503061000,26.22599983215332,94.0,0.0,0.9,7.2,28.9
20250503061100,26.22599983215332,94.0,0.0,0.8,6.1,26.4
20250503061200,26.22599983215332,94.0,0.0,1.4,6.7,37.9
20250503061300,26.22599983215332,94.0,0.0,0.3,6.4,31.8
20250503061400,26.22599983215332,94.0,0.0,0.6,6.1,18.8
20250503061500,26.22599983215332,94.0,0.0,1.1,6.5,18.0
20250503061600,26.22599983215332,94.0,0.0,0.5,7.2,39.8
20250503061700,26.22599983215332,94.0,0.0,0.4,6.3,30.1
20250503061800,26.22599983215332,94.0,0.0,0.9,7.3,15.5
20250503061900,26.22599983215332,94.0,0.0,1.2,6.9,36.6
20250503062000,26.22599983215332,94.0,0.0,1.4,6.8,34.5
20250503062100,26.22599983215332,94.0,0.0,0.7,6.3,19.4
20250503062200,26.22599983215332,94.0,0.0,0.7,7.4,18.2
20250503062300,26.22599983215332,94.0,0.0,0.1,7.3,32.6
20250503062400,26.22599983215332,94.0,0.0,1.3,6.0,19.5
20250503062500,26.22599983215332,94.0,0.0,1.8,6.8,26.7
20250503062600,26.22599983215332,94.0,0.0,1.8,7.3,32.3
20250503062700,26.22599983215332,94.0,0.0,1.3,6.6,39.7
20250503062800,26.22599983215332,94.0,0.0,1.5,7.0,33.1
20250503062900,26.22599983215332,94.0,0.0,2.0,6.9,36.9
20250503063000,26.22599983215332,94.0,0.0,1.7,7.0,38.6
20250503063100,26.22599983215332,94.0,0.0,0.7,7.2,18.3
20250503063200,26.22599983215332,94.0,0.0,0.2,6.9,30.8
20250503063300,26.22599983215332,94.0,0.0,0.1,6.7,15.5
20250503063400,26.22599983215332,94.0,0.0,0.2,6.1,16.8
20250503063500,26.22599983215332,94.0,0.0,0.7,7.3,34.7
20250503063600,26.22599983215332,94.0,0.0,0.7,6.2,16.5
20250503063700,26.22599983215332,94.0,0.0,0.7,7.5,38.2
20250503063800,26.22599983215332,94.0,0.0,0.2,7.5,19.1
20250503063900,26.22599983215332,94.0,0.0,0.3,6.9,35.2
20250503064000,26.22599983215332,94.0,0.0,2.0,6.4,38.2
20250503064100,26.22599983215332,94.0,0.0,0.3,7.4,35.1
20250503064200,26.22599983215332,94.0,0.0,0.6,7.1,35.0
20250503064300,26.22599983215332,94.0,0.0,1.6,7.1,28.5
20250503064400,26.22599983215332,94.0,0.0,1.7,6.2,32.6
20250503064500,26.22599983215332,94.0,0.0,0.5,6.5,35.9
20250503064600,26.22599983215332,94.0,0.0,1.9,6.3,37.3
20250503064700,26.22599983215332,94.0,0.0,0.0,6.1,19.6
20250503064800,26.22599983215332,94.0,0.0,0.2,6.1,21.7
20250503064900,26.22599983215332,94.0,0.0,1.8,6.1,20.1
20250503065000,26.22599983215332,94.0,0.0,1.6,6.6,35.5
20250503065100,26.22599983215332,94.0,0.0,0.0,7.5,35.5
20250503065200,26.22599983215332,94.0,0.0,0.7,6.5,37.1
20250503065300,26.22599983215332,94.0,0.0,0.2,6.2,24.5
20250503065400,26.22599983215332,94.0,0.0,1.6,6.7,21.5
20250503065500,26.22599983215332,94.0,0.0,1.5,6.3,22.9
20250503065600,26.22599983215332,94.0,0.0,0.5,6.2,36.1
20250503065700,26.22599983215332,94.0,0.0,0.6,6.7,29.9
20250503065800,26.22599983215332,94.0,0.0,1.1,6.1,39.0
20250503065900,26.22599983215332,94.0,0.0,0.6,7.1,22.9
20250503070000,27.125999450683594,89.0,0.0,1.1,6.5,23.6
20250503070100,27.125999450683594,89.0,0.0,0.8,7.4,23.9
20250503070200,27.125999450683594,89.0,0.0,1.1,6.6,24.8
20250503070300,27.125999450683594,89.0,0.0,0.7,6.3,29.2
20250503070400,27.125999450683594,89.0,0.0,0.7,6.7,20.2
20250503070500,27.125999450683594,89.0,0.0,1.9,7.0,34.1
20250503070600,27.125999450683594,89.0,0.0,0.8,6.8,17.1
20250503070700,27.125999450683594,89.0,0.0,1.7,7.4,38.4
20250503070800,27.125999450683594,89.0,0.0,0.1,7.2,20.9
20250503070900,27.125999450683594,89.0,0.0,0.2,6.7,23.5
20250503071000,27.125999450683594,89.0,0.0,0.9,6.3,15.5
20250503071100,27.125999450683594,89.0,0.0,1.7,6.9,39.4
20250503071200,27.125999450683594,89.0,0.0,0.9,6.1,29.3
20250503071300,27.125999450683594,89.0,0.0,0.8,7.0,24.3
20250503071400,27.125999450683594,89.0,0.0,2.0,6.3,21.9
20250503071500,27.125999450683594,89.0,0.0,0.5,7.1,25.3
20250503071600,27.125999450683594,89.0,0.0,0.4,6.2,37.1
20250503071700,27.125999450683594,89.0,0.0,1.7,7.2,31.6
20250503071800,27.125999450683594,89.0,0.0,1.1,6.4,37.7
20250503071900,27.125999450683594,89.0,0.0,1.1,7.2,39.9
20250503072000,27.125999450683594,89.0,0.0,0.2,6.1,36.1
20250503072100,27.125999450683594,89.0,0.0,0.1,6.1,17.1
20250503072200,27.125999450683594,89.0,0.0,0.7,6.7,15.6
20250503072300,27.125999450683594,89.0,0.0,0.6,6.8,31.2
20250503072400,27.125999450683594,89.0,0.0,1.0,6.7,15.9
20250503072500,27.125999450683594,89.0,0.0,1.8,6.4,19.4
20250503072600,27.125999450683594,89.0,0.0,1.9,6.5,17.9
20250503072700,27.125999450683594,89.0,0.0,0.2,6.8,28.5
20250503072800,27.125999450683594,89.0,0.0,1.4,6.9,39.9
20250503072900,27.125999450683594,89.0,0.0,2.0,7.0,27.8
20250503073000,27.125999450683594,89.0,0.0,1.7,7.2,25.0
20250503073100,27.125999450683594,89.0,0.0,0.4,7.0,18.0
20250503073200,27.125999450683594,89.0,0.0,0.6,7.2,25.7
20250503073300,27.125999450683594,89.0,0.0,1.1,6.0,37.2
20250503073400,27.125999450683594,89.0,0.0,0.6,6.1,36.2
20250503073500,27.125999450683594,89.0,0.0,2.0,6.3,18.0
20250503073600,27.125999450683594,89.0,0.0,1.8,6.9,28.2
20250503073700,27.125999450683594,89.0,0.0,1.3,6.2,38.9
20250503073800,27.125999450683594,89.0,0.0,0.1,6.1,19.9
20250503073900,27.125999450683594,89.0,0.0,1.5,7.1,17.6
20250503074000,27.125999450683594,89.0,0.0,0.2,6.6,37.7
20250503074100,27.125999450683594,89.0,0.0,1.8,7.5,16.6
20250503074200,27.125999450683594,89.0,0.0,0.9,6.3,22.8
20250503074300,27.125999450683594,89.0,0.0,1.0,6.2,30.2
20250503074400,27.125999450683594,89.0,0.0,0.5,6.4,18.0
20250503074500,27.125999450683594,89.0,0.0,0.4,7.2,15.4
20250503074600,27.125999450683594,89.0,0.0,1.6,7.1,21.3
20250503074700,27.125999450683594,89.0,0.0,1.4,7.4,24.6
20250503074800,27.125999450683594,89.0,0.0,1.4,6.9,24.7
20250503074900,27.125999450683594,89.0,0.0,1.4,6.0,22.5
20250503075000,27.125999450683594,89.0,0.0,0.6,6.7,23.5
20250503075100,27.125999450683594,89.0,0.0,1.8,7.2,21.7
20250503075200,27.125999450683594,89.0,0.0,0.0,6.8,24.5
20250503075300,27.125999450683594,89.0,0.0,0.2,7.4,34.4
20250503075400,27.125999450683594,89.0,0.0,1.7,7.4,39.7
20250503075500,27.125999450683594,89.0,0.0,1.8,7.3,21.2
20250503075600,27.125999450683594,89.0,0.0,1.6,6.5,34.1
20250503075700,27.125999450683594,89.0,0.0,1.0,6.9,38.4
20250503075800,27.125999450683594,89.0,0.0,1.7,6.6,18.0
20250503075900,27.125999450683594,89.0,0.0,1.9,6.5,37.0
20250503080000,28.325998306274414,82.0,0.0,0.3,6.7,18.5
20250503080100,28.325998306274414,82.0,0.0,1.2,7.3,36.8
20250503080200,28.325998306274414,82.0,0.0,1.0,6.8,34.5
20250503080300,28.325998306274414,82.0,0.0,0.5,6.8,16.9
20250503080400,28.325998306274414,82.0,0.0,1.0,7.0,21.9
20250503080500,28.325998306274414,82.0,0.0,0.9,7.0,24.1
20250503080600,28.325998306274414,82.0,0.0,0.7,6.9,22.0
20250503080700,28.325998306274414,82.0,0.0,0.0,7.4,17.8
20250503080800,28.325998306274414,82.0,0.0,0.9,6.2,25.3
20250503080900,28.325998306274414,82.0,0.0,0.2,6.1,38.3
20250503081000,28.325998306274414,82.0,0.0,1.9,6.8,28.4
20250503081100,28.325998306274414,82.0,0.0,0.7,7.2,23.3
20250503081200,28.325998306274414,82.0,0.0,0.3,6.6,25.3
20250503081300,28.325998306274414,82.0,0.0,1.9,6.6,34.1
20250503081400,28.325998306274414,82.0,0.0,0.1,6.4,20.2
20250503081500,28.325998306274414,82.0,0.0,2.0,6.4,20.2
20250503081600,28.325998306274414,82.0,0.0,0.9,6.0,34.2
20250503081700,28.325998306274414,82.0,0.0,0.2,6.5,28.9
20250503081800,28.325998306274414,82.0,0.0,0.6,6.2,18.8
20250503081900,28.325998306274414,82.0,0.0,0.7,6.3,22.9
20250503082000,28.325998306274414,82.0,0.0,0.6,7.0,19.2
20250503082100,28.325998306274414,82.0,0.0,1.5,7.4,19.0
20250503082200,28.325998306274414,82.0,0.0,1.9,7.3,28.2
20250503082300,28.325998306274414,82.0,0.0,1.2,6.8,37.2
20250503082400,28.325998306274414,82.0,0.0,0.3,6.7,31.8
20250503082500,28.325998306274414,82.0,0.0,1.4,7.4,24.3
20250503082600,28.325998306274414,82.0,0.0,0.2,6.8,23.3
20250503082700,28.325998306274414,82.0,0.0,1.8,7.3,32.4
20250503082800,28.325998306274414,82.0,0.0,0.4,6.5,33.4
20250503082900,28.325998306274414,82.0,0.0,1.1,7.3,27.4
20250503083000,28.325998306274414,82.0,0.0,2.0,6.4,24.2
20250503083100,28.325998306274414,82.0,0.0,0.8,7.3,27.8
20250503083200,28.325998306274414,82.0,0.0,1.2,7.3,21.0
20250503083300,28.325998306274414,82.0,0.0,1.0,6.1,36.0
20250503083400,28.325998306274414,82.0,0.0,0.3,6.9,24.1
20250503083500,28.325998306274414,82.0,0.0,1.1,6.8,37.9
20250503083600,28.325998306274414,82.0,0.0,0.5,6.0,16.0
20250503083700,28.325998306274414,82.0,0.0,0.2,6.6,19.4
20250503083800,28.325998306274414,82.0,0.0,1.1,7.2,28.0
20250503083900,28.325998306274414,82.0,0.0,1.8,6.3,33.5
20250503084000,28.325998306274414,82.0,0.0,1.4,6.7,35.8
20250503084100,28.325998306274414,82.0,0.0,1.4,7.5,17.2
20250503084200,28.325998306274414,82.0,0.0,1.5,6.9,20.1
20250503084300,28.325998306274414,82.0,0.0,0.6,6.7,37.2
20250503084400,28.325998306274414,82.0,0.0,1.6,7.1,27.0
20250503084500,28.325998306274414,82.0,0.0,1.1,6.9,18.2
20250503084600,28.325998306274414,82.0,0.0,1.2,6.9,32.7
20250503084700,28.325998306274414,82.0,0.0,1.5,7.4,28.4
20250503084800,28.325998306274414,82.0,0.0,0.1,7.2,19.8
20250503084900,28.325998306274414,82.0,0.0,1.6,6.3,21.3
20250503085000,28.325998306274414,82.0,0.0,0.6,7.4,37.3
20250503085100,28.325998306274414,82.0,0.0,0.5,6.8,39.2
20250503085200,28.325998306274414,82.0,0.0,0.6,6.5,23.1
20250503085300,28.325998306274414,82.0,0.0,0.3,6.9,38.6
20250503085400,28.325998306274414,82.0,0.0,1.1,7.0,35.1
20250503085500,28.325998306274414,82.0,0.0,0.8,6.1,22.7
20250503085600,28.325998306274414,82.0,0.0,1.3,7.5,15.4
20250503085700,28.325998306274414,82.0,0.0,1.5,7.2,15.6
20250503085800,28.325998306274414,82.0,0.0,0.2,7.0,16.5
20250503085900,28.325998306274414,82.0,0.0,0.9,6.1,18.1
20250503090000,29.625999450683594,74.0,0.0,0.7,7.1,26.2
20250503090100,29.625999450683594,74.0,0.0,1.9,6.2,32.7
20250503090200,29.625999450683594,74.0,0.0,1.0,6.9,34.1
20250503090300,29.625999450683594,74.0,0.0,0.7,6.6,39.4
20250503090400,29.625999450683594,74.0,0.0,1.0,7.3,38.0
20250503090500,29.625999450683594,74.0,0.0,1.9,6.4,35.5
20250503090600,29.625999450683594,74.0,0.0,2.0,6.4,38.2
20250503090700,29.625999450683594,74.0,0.0,1.2,6.0,30.5
20250503090800,29.625999450683594,74.0,0.0,0.4,6.8,35.9
20250503090900,29.625999450683594,74.0,0.0,1.9,6.9,15.5
20250503091000,29.625999450683594,74.0,0.0,1.2,7.4,23.7
20250503091100,29.625999450683594,74.0,0.0,0.6,6.7,30.0
20250503091200,29.625999450683594,74.0,0.0,1.5,6.6,23.5
20250503091300,29.625999450683594,74.0,0.0,1.3,7.1,24.0
20250503091400,29.625999450683594,74.0,0.0,1.8,7.0,27.1
20250503091500,29.625999450683594,74.0,0.0,0.6,6.3,29.5
20250503091600,29.625999450683594,74.0,0.0,0.1,7.3,32.9
20250503091700,29.625999450683594,74.0,0.0,1.9,6.0,31.4
20250503091800,29.625999450683594,74.0,0.0,0.2,6.9,23.9
20250503091900,29.625999450683594,74.0,0.0,0.2,6.8,28.8
20250503092000,29.625999450683594,74.0,0.0,1.1,7.0,28.5
20250503092100,29.625999450683594,74.0,0.0,1.4,6.3,27.4
20250503092200,29.625999450683594,74.0,0.0,0.8,7.4,38.8
20250503092300,29.625999450683594,74.0,0.0,0.2,6.6,33.9
20250503092400,29.625999450683594,74.0,0.0,0.1,7.2,28.9
20250503092500,29.625999450683594,74.0,0.0,0.9,6.0,35.6
20250503092600,29.625999450683594,74.0,0.0,1.2,6.4,24.0
20250503092700,29.625999450683594,74.0,0.0,0.6,6.5,15.4
20250503092800,29.625999450683594,74.0,0.0,0.8,6.9,30.7
20250503092900,29.625999450683594,74.0,0.0,0.7,7.4,28.3
20250503093000,29.625999450683594,74.0,0.0,1.2,6.5,23.3
20250503093100,29.625999450683594,74.0,0.0,1.9,6.7,34.1
20250503093200,29.625999450683594,74.0,0.0,0.2,7.4,29.0
20250503093300,29.625999450683594,74.0,0.0,0.6,7.1,23.4
20250503093400,29.625999450683594,74.0,0.0,0.1,7.0,31.6
20250503093500,29.625999450683594,74.0,0.0,1.7,6.2,34.6
20250503093600,29.625999450683594,74.0,0.0,1.3,6.2,21.1
20250503093700,29.625999450683594,74.0,0.0,1.2,6.1,36.4
20250503093800,29.625999450683594,74.0,0.0,0.8,7.0,25.1
20250503093900,29.625999450683594,74.0,0.0,0.3,6.6,29.4
20250503094000,29.625999450683594,74.0,0.0,0.4,6.6,16.0
20250503094100,29.625999450683594,74.0,0.0,1.8,7.5,35.9
20250503094200,29.625999450683594,74.0,0.0,1.4,6.6,16.9
20250503094300,29.625999450683594,74.0,0.0,1.1,7.5,23.5
20250503094400,29.625999450683594,74.0,0.0,0.4,7.1,30.0
20250503094500,29.625999450683594,74.0,0.0,0.6,6.5,28.2
20250503094600,29.625999450683594,74.0,0.0,0.1,7.1,25.1
20250503094700,29.625999450683594,74.0,0.0,1.3,6.7,30.5
20250503094800,29.625999450683594,74.0,0.0,0.7,6.5,33.0
20250503094900,29.625999450683594,74.0,0.0,1.4,7.2,23.1
20250503095000,29.625999450683594,74.0,0.0,1.7,6.9,16.8
20250503095100,29.625999450683594,74.0,0.0,0.3,6.3,22.3
20250503095200,29.625999450683594,74.0,0.0,1.8,6.2,38.8
20250503095300,29.625999450683594,74.0,0.0,1.4,7.4,16.1
20250503095400,29.625999450683594,74.0,0.0,0.3,6.3,23.7
20250503095500,29.625999450683594,74.0,0.0,0.1,7.3,39.6
20250503095600,29.625999450683594,74.0,0.0,0.5,6.3,39.7
20250503095700,29.625999450683594,74.0,0.0,1.2,6.2,38.4
20250503095800,29.625999450683594,74.0,0.0,1.7,6.8,37.0
20250503095900,29.625999450683594,74.0,0.0,1.3,7.4,32.8
20250503100000,31.125999450683594,67.0,0.0,1.8,6.9,35.4
20250503100100,31.125999450683594,67.0,0.0,1.0,6.3,39.5
20250503100200,31.125999450683594,67.0,0.0,1.7,6.2,33.8
20250503100300,31.125999450683594,67.0,0.0,0.3,6.4,24.7
20250503100400,31.125999450683594,67.0,0.0,1.1,6.6,15.4
20250503100500,31.125999450683594,67.0,0.0,1.1,6.5,27.4
20250503100600,31.125999450683594,67.0,0.0,0.5,6.5,30.0
20250503100700,31.125999450683594,67.0,0.0,1.5,6.1,29.1
20250503100800,31.125999450683594,67.0,0.0,1.1,6.4,29.2
20250503100900,31.125999450683594,67.0,0.0,1.8,6.5,39.2
20250503101000,31.125999450683594,67.0,0.0,1.5,6.3,22.1
20250503101100,31.125999450683594,67.0,0.0,1.8,6.6,18.3
20250503101200,31.125999450683594,67.0,0.0,0.1,7.2,27.9
20250503101300,31.125999450683594,67.0,0.0,1.3,7.3,23.5
20250503101400,31.125999450683594,67.0,0.0,1.2,6.8,15.9
20250503101500,31.125999450683594,67.0,0.0,1.7,7.4,28.8
20250503101600,31.125999450683594,67.0,0.0,1.9,7.0,20.9
20250503101700,31.125999450683594,67.0,0.0,1.9,6.5,29.5
20250503101800,31.125999450683594,67.0,0.0,1.0,6.3,31.9
20250503101900,31.125999450683594,67.0,0.0,1.1,7.4,38.7
20250503102000,31.125999450683594,67.0,0.0,0.6,6.6,20.6
20250503102100,31.125999450683594,67.0,0.0,0.1,6.3,26.2
20250503102200,31.125999450683594,67.0,0.0,1.3,6.2,17.0
20250503102300,31.125999450683594,67.0,0.0,1.1,6.6,18.3
20250503102400,31.125999450683594,67.0,0.0,1.5,7.4,20.5
20250503102500,31.125999450683594,67.0,0.0,1.2,6.6,34.1
20250503102600,31.125999450683594,67.0,0.0,1.4,7.0,19.5
20250503102700,31.125999450683594,67.0,0.0,1.2,6.1,30.2
20250503102800,31.125999450683594,67.0,0.0,0.6,7.0,25.4
20250503102900,31.125999450683594,67.0,0.0,0.3,7.1,34.3
20250503103000,31.125999450683594,67.0,0.0,1.3,7.3,22.8
20250503103100,31.125999450683594,67.0,0.0,0.7,6.0,32.1
20250503103200,31.125999450683594,67.0,0.0,0.8,6.7,38.4
20250503103300,31.125999450683594,67.0,0.0,0.8,6.4,35.5
20250503103400,31.125999450683594,67.0,0.0,1.7,7.0,15.0
20250503103500,31.125999450683594,67.0,0.0,1.0,7.1,20.9
20250503103600,31.125999450683594,67.0,0.0,2.0,7.0,34.4
20250503103700,31.125999450683594,67.0,0.0,0.2,7.1,31.4
20250503103800,31.125999450683594,67.0,0.0,1.4,6.9,30.7
20250503103900,31.125999450683594,67.0,0.0,1.9,6.4,27.0
20250503104000,31.125999450683594,67.0,0.0,1.4,6.8,22.8
20250503104100,31.125999450683594,67.0,0.0,0.7,6.2,23.7
20250503104200,31.125999450683594,67.0,0.0,1.6,7.5,30.8
20250503104300,31.125999450683594,67.0,0.0,0.5,7.5,15.8
20250503104400,31.125999450683594,67.0,0.0,1.8,7.1,37.4
20250503104500,31.125999450683594,67.0,0.0,1.4,6.1,24.1
20250503104600,31.125999450683594,67.0,0.0,1.6,6.9,26.7
20250503104700,31.125999450683594,67.0,0.0,0.6,6.5,36.8
20250503104800,31.125999450683594,67.0,0.0,1.3,7.3,30.6
20250503104900,31.125999450683594,67.0,0.0,1.6,6.3,28.8
20250503105000,31.125999450683594,67.0,0.0,1.0,7.1,33.4
20250503105100,31.125999450683594,67.0,0.0,0.8,6.3,31.0
20250503105200,31.125999450683594,67.0,0.0,1.9,7.2,28.7
20250503105300,31.125999450683594,67.0,0.0,1.8,7.4,30.0
20250503105400,31.125999450683594,67.0,0.0,1.0,6.6,31.2
20250503105500,31.125999450683594,67.0,0.0,1.2,6.1,36.6
20250503105600,31.125999450683594,67.0,0.0,0.6,6.2,33.3
20250503105700,31.125999450683594,67.0,0.0,0.3,7.5,38.1
20250503105800,31.125999450683594,67.0,0.0,0.4,7.3,34.9
20250503105900,31.125999450683594,67.0,0.0,0.4,6.2,18.3
20250503110000,32.0260009765625,61.0,0.0,0.8,6.3,22.1
20250503110100,32.0260009765625,61.0,0.0,2.0,6.1,15.0
20250503110200,32.0260009765625,61.0,0.0,0.5,7.3,35.2
20250503110300,32.0260009765625,61.0,0.0,0.0,6.4,34.8
20250503110400,32.0260009765625,61.0,0.0,1.3,6.2,22.7
20250503110500,32.0260009765625,61.0,0.0,1.9,6.3,32.7
20250503110600,32.0260009765625,61.0,0.0,1.5,6.6,27.3
20250503110700,32.0260009765625,61.0,0.0,1.5,6.6,26.6
20250503110800,32.0260009765625,61.0,0.0,1.7,6.3,25.0
20250503110900,32.0260009765625,61.0,0.0,0.5,7.0,29.5
20250503111000,32.0260009765625,61.0,0.0,0.6,7.3,26.7
20250503111100,32.0260009765625,61.0,0.0,1.6,6.2,39.7
20250503111200,32.0260009765625,61.0,0.0,1.8,6.1,29.6
20250503111300,32.0260009765625,61.0,0.0,1.1,6.3,27.7
20250503111400,32.0260009765625,61.0,0.0,0.9,6.8,19.3
20250503111500,32.0260009765625,61.0,0.0,1.4,6.2,37.3
20250503111600,32.0260009765625,61.0,0.0,0.3,6.0,26.4
20250503111700,32.0260009765625,61.0,0.0,2.0,7.0,36.3
20250503111800,32.0260009765625,61.0,0.0,1.4,6.9,21.5
20250503111900,32.0260009765625,61.0,0.0,0.3,7.3,34.3
20250503112000,32.0260009765625,61.0,0.0,0.3,6.4,24.2
20250503112100,32.0260009765625,61.0,0.0,0.5,7.3,20.6
20250503112200,32.0260009765625,61.0,0.0,1.9,6.3,31.9
20250503112300,32.0260009765625,61.0,0.0,0.9,6.4,30.4
20250503112400,32.0260009765625,61.0,0.0,0.9,7.1,24.9
20250503112500,32.0260009765625,61.0,0.0,0.7,6.3,29.6
20250503112600,32.0260009765625,61.0,0.0,1.1,7.3,19.9
20250503112700,32.0260009765625,61.0,0.0,0.3,6.5,21.1
20250503112800,32.0260009765625,61.0,0.0,0.5,7.5,38.2
20250503112900,32.0260009765625,61.0,0.0,0.6,7.4,39.4
20250503113000,32.0260009765625,61.0,0.0,1.3,6.3,16.2
20250503113100,32.0260009765625,61.0,0.0,0.5,7.2,19.3
20250503113200,32.0260009765625,61.0,0.0,0.9,6.4,33.7
20250503113300,32.0260009765625,61.0,0.0,1.2,7.0,31.9
20250503113400,32.0260009765625,61.0,0.0,1.9,7.2,39.3
20250503113500,32.0260009765625,61.0,0.0,2.0,6.5,24.1
20250503113600,32.0260009765625,61.0,0.0,1.2,7.5,19.5
20250503113700,32.0260009765625,61.0,0.0,0.7,6.1,25.3
20250503113800,32.0260009765625,61.0,0.0,0.8,6.7,24.3
20250503113900,32.0260009765625,61.0,0.0,1.4,7.4,27.5
20250503114000,32.0260009765625,61.0,0.0,1.4,7.5,30.1
20250503114100,32.0260009765625,61.0,0.0,1.9,6.5,18.0
20250503114200,32.0260009765625,61.0,0.0,1.3,7.1,28.0
20250503114300,32.0260009765625,61.0,0.0,1.4,6.4,15.4
20250503114400,32.0260009765625,61.0,0.0,0.1,6.5,27.8
20250503114500,32.0260009765625,61.0,0.0,1.4,6.2,34.5
20250503114600,32.0260009765625,61.0,0.0,0.7,7.0,24.0
20250503114700,32.0260009765625,61.0,0.0,0.8,7.2,39.9
20250503114800,32.0260009765625,61.0,0.0,0.7,6.1,28.0
20250503114900,32.0260009765625,61.0,0.0,1.2,6.5,31.3
20250503115000,32.0260009765625,61.0,0.0,0.1,7.3,36.3
20250503115100,32.0260009765625,61.0,0.0,0.6,6.2,17.1
20250503115200,32.0260009765625,61.0,0.0,1.2,7.1,35.0
20250503115300,32.0260009765625,61.0,0.0,0.6,7.4,16.0
20250503115400,32.0260009765625,61.0,0.0,0.5,6.2,39.5
20250503115500,32.0260009765625,61.0,0.0,1.0,6.3,31.5
20250503115600,32.0260009765625,61.0,0.0,1.3,7.5,25.2
20250503115700,32.0260009765625,61.0,0.0,2.0,6.2,36.5
20250503115800,32.0260009765625,61.0,0.0,0.8,7.2,20.7
20250503115900,32.0260009765625,61.0,0.0,1.3,6.7,38.5
20250503120000,32.72600173950195,62.0,0.0,1.2,7.1,16.5
20250503120100,32.72600173950195,62.0,0.0,0.9,6.3,19.2
20250503120200,32.72600173950195,62.0,0.0,1.4,6.4,21.9
20250503120300,32.72600173950195,62.0,0.0,1.6,6.6,36.1
20250503120400,32.72600173950195,62.0,0.0,0.5,7.3,15.4
20250503120500,32.72600173950195,62.0,0.0,0.6,6.4,33.0
20250503120600,32.72600173950195,62.0,0.0,0.8,6.7,25.5
20250503120700,32.72600173950195,62.0,0.0,0.4,7.2,18.7
20250503120800,32.72600173950195,62.0,0.0,1.9,6.4,16.6
20250503120900,32.72600173950195,62.0,0.0,1.9,7.0,37.5
20250503121000,32.72600173950195,62.0,0.0,2.0,7.2,38.5
20250503121100,32.72600173950195,62.0,0.0,0.0,6.6,36.3
20250503121200,32.72600173950195,62.0,0.0,1.4,6.9,30.1
20250503121300,32.72600173950195,62.0,0.0,1.8,6.8,36.5
20250503121400,32.72600173950195,62.0,0.0,1.1,7.1,31.7
20250503121500,32.72600173950195,62.0,0.0,2.0,6.5,20.3
20250503121600,32.72600173950195,62.0,0.0,0.6,6.1,21.2
20250503121700,32.72600173950195,62.0,0.0,1.4,7.3,24.8
20250503121800,32.72600173950195,62.0,0.0,0.5,6.1,26.1
20250503121900,32.72600173950195,62.0,0.0,1.9,7.3,32.2
20250503122000,32.72600173950195,62.0,0.0,0.5,7.2,23.3
20250503122100,32.72600173950195,62.0,0.0,1.6,7.4,29.2
20250503122200,32.72600173950195,62.0,0.0,0.8,7.3,22.5
20250503122300,32.72600173950195,62.0,0.0,1.9,6.5,20.6
20250503122400,32.72600173950195,62.0,0.0,1.1,6.7,32.1
20250503122500,32.72600173950195,62.0,0.0,1.4,6.7,38.5
20250503122600,32.72600173950195,62.0,0.0,1.1,6.5,33.5
20250503122700,32.72600173950195,62.0,0.0,1.6,6.7,19.1
20250503122800,32.72600173950195,62.0,0.0,0.5,7.1,18.4
20250503122900,32.72600173950195,62.0,0.0,1.1,6.8,16.8
20250503123000,32.72600173950195,62.0,0.0,1.7,6.6,26.4
20250503123100,32.72600173950195,62.0,0.0,0.6,6.7,23.9
20250503123200,32.72600173950195,62.0,0.0,0.1,7.0,17.5
20250503123300,32.72600173950195,62.0,0.0,0.8,7.5,24.1
20250503123400,32.72600173950195,62.0,0.0,0.6,6.0,16.7
20250503123500,32.72600173950195,62.0,0.0,2.0,7.1,38.1
20250503123600,32.72600173950195,62.0,0.0,1.9,6.7,18.5
20250503123700,32.72600173950195,62.0,0.0,1.8,6.9,34.6
20250503123800,32.72600173950195,62.0,0.0,0.2,7.2,19.1
20250503123900,32.72600173950195,62.0,0.0,1.6,6.8,18.3
20250503124000,32.72600173950195,62.0,0.0,0.9,6.2,20.9
20250503124100,32.72600173950195,62.0,0.0,1.9,7.3,36.7
20250503124200,32.72600173950195,62.0,0.0,0.3,6.8,38.7
20250503124300,32.72600173950195,62.0,0.0,1.9,6.3,34.3
20250503124400,32.72600173950195,62.0,0.0,0.1,7.3,22.4
20250503124500,32.72600173950195,62.0,0.0,1.2,6.1,34.9
20250503124600,32.72600173950195,62.0,0.0,1.0,7.3,36.1
20250503124700,32.72600173950195,62.0,0.0,1.0,7.0,36.2
20250503124800,32.72600173950195,62.0,0.0,1.1,6.2,37.1
20250503124900,32.72600173950195,62.0,0.0,1.4,6.4,17.7
20250503125000,32.72600173950195,62.0,0.0,0.9,6.5,32.6
20250503125100,32.72600173950195,62.0,0.0,0.2,7.1,37.8
20250503125200,32.72600173950195,62.0,0.0,1.7,7.0,25.3
20250503125300,32.72600173950195,62.0,0.0,1.2,6.0,23.5
20250503125400,32.72600173950195,62.0,0.0,0.7,6.4,19.6
20250503125500,32.72600173950195,62.0,0.0,0.5,7.0,21.8
20250503125600,32.72600173950195,62.0,0.0,1.3,6.3,34.2
20250503125700,32.72600173950195,62.0,0.0,1.6,6.7,30.8
20250503125800,32.72600173950195,62.0,0.0,0.7,6.7,19.7
20250503125900,32.72600173950195,62.0,0.0,0.2,6.2,33.9
20250503130000,32.32600021362305,65.0,0.0,0.4,7.4,17.7
20250503130100,32.32600021362305,65.0,0.0,1.1,7.5,15.6
20250503130200,32.32600021362305,65.0,0.0,2.0,6.1,37.0
20250503130300,32.32600021362305,65.0,0.0,0.4,6.2,21.4
20250503130400,32.32600021362305,65.0,0.0,0.3,7.3,39.0
20250503130500,32.32600021362305,65.0,0.0,1.0,6.1,34.4
20250503130600,32.32600021362305,65.0,0.0,1.9,7.2,39.2
20250503130700,32.32600021362305,65.0,0.0,1.8,6.2,18.6
20250503130800,32.32600021362305,65.0,0.0,1.1,6.3,32.1
20250503130900,32.32600021362305,65.0,0.0,1.4,7.1,22.6
20250503131000,32.32600021362305,65.0,0.0,1.0,7.1,34.6
20250503131100,32.32600021362305,65.0,0.0,1.9,6.8,22.1
20250503131200,32.32600021362305,65.0,0.0,1.7,6.6,31.6
20250503131300,32.32600021362305,65.0,0.0,0.2,6.5,20.7
20250503131400,32.32600021362305,65.0,0.0,1.3,6.6,20.5
20250503131500,32.32600021362305,65.0,0.0,1.3,6.2,28.2
20250503131600,32.32600021362305,65.0,0.0,1.7,6.4,16.7
20250503131700,32.32600021362305,65.0,0.0,0.3,7.4,31.9
20250503131800,32.32600021362305,65.0,0.0,0.5,6.4,17.8
20250503131900,32.32600021362305,65.0,0.0,0.5,6.8,32.2
20250503132000,32.32600021362305,65.0,0.0,0.3,6.2,28.8
20250503132100,32.32600021362305,65.0,0.0,1.5,7.3,36.2
20250503132200,32.32600021362305,65.0,0.0,1.4,7.5,39.0
20250503132300,32.32600021362305,65.0,0.0,1.1,6.8,37.6
20250503132400,32.32600021362305,65.0,0.0,0.2,6.5,27.5
20250503132500,32.32600021362305,65.0,0.0,0.8,7.1,17.6
20250503132600,32.32600021362305,65.0,0.0,1.0,7.4,31.7
20250503132700,32.32600021362305,65.0,0.0,0.9,7.4,33.2
20250503132800,32.32600021362305,65.0,0.0,0.8,7.2,28.0
20250503132900,32.32600021362305,65.0,0.0,1.5,7.4,16.8
20250503133000,32.32600021362305,65.0,0.0,0.5,6.0,21.2
20250503133100,32.32600021362305,65.0,0.0,0.6,6.0,17.8
20250503133200,32.32600021362305,65.0,0.0,1.6,6.1,16.9
20250503133300,32.32600021362305,65.0,0.0,0.9,7.3,36.5
20250503133400,32.32600021362305,65.0,0.0,0.3,7.0,23.8
20250503133500,32.32600021362305,65.0,0.0,2.0,7.3,34.5
20250503133600,32.32600021362305,65.0,0.0,1.9,6.6,21.8
20250503133700,32.32600021362305,65.0,0.0,0.4,7.4,25.7
20250503133800,32.32600021362305,65.0,0.0,0.5,6.6,29.8
20250503133900,32.32600021362305,65.0,0.0,1.0,6.5,27.0
20250503134000,32.32600021362305,65.0,0.0,0.4,6.0,17.5
20250503134100,32.32600021362305,65.0,0.0,0.4,7.3,33.1
20250503134200,32.32600021362305,65.0,0.0,0.3,7.5,27.5
20250503134300,32.32600021362305,65.0,0.0,1.4,6.6,39.8
20250503134400,32.32600021362305,65.0,0.0,0.8,7.0,19.9
20250503134500,32.32600021362305,65.0,0.0,0.3,7.0,22.9
20250503134600,32.32600021362305,65.0,0.0,0.7,6.2,36.2
20250503134700,32.32600021362305,65.0,0.0,0.5,6.9,29.4
20250503134800,32.32600021362305,65.0,0.0,2.0,6.0,36.9
20250503134900,32.32600021362305,65.0,0.0,1.6,7.3,26.2
20250503135000,32.32600021362305,65.0,0.0,0.7,7.3,23.3
20250503135100,32.32600021362305,65.0,0.0,1.9,6.6,26.2
20250503135200,32.32600021362305,65.0,0.0,1.6,7.2,38.2
20250503135300,32.32600021362305,65.0,0.0,1.5,6.2,20.0
20250503135400,32.32600021362305,65.0,0.0,1.4,7.0,35.5
20250503135500,32.32600021362305,65.0,0.0,1.0,6.7,28.9
20250503135600,32.32600021362305,65.0,0.0,1.5,6.9,35.4
20250503135700,32.32600021362305,65.0,0.0,1.8,6.0,39.9
20250503135800,32.32600021362305,65.0,0.0,1.1,6.7,30.3
20250503135900,32.32600021362305,65.0,0.0,0.4,6.6,22.4
20250503140000,29.775999069213867,76.0,0.0,0.4,6.2,16.2
20250503140100,29.775999069213867,76.0,0.0,0.5,6.0,26.0
20250503140200,29.775999069213867,76.0,0.0,1.5,6.8,26.4
20250503140300,29.775999069213867,76.0,0.0,0.5,6.9,27.7
20250503140400,29.775999069213867,76.0,0.0,0.4,6.7,28.9
20250503140500,29.775999069213867,76.0,0.0,1.7,6.1,24.8
20250503140600,29.775999069213867,76.0,0.0,0.5,7.2,37.5
20250503140700,29.775999069213867,76.0,0.0,0.6,7.2,26.3
20250503140800,29.775999069213867,76.0,0.0,0.8,6.7,19.4
20250503140900,29.775999069213867,76.0,0.0,1.3,7.1,22.0
20250503141000,29.775999069213867,76.0,0.0,0.9,6.1,15.0
20250503141100,29.775999069213867,76.0,0.0,0.2,7.3,30.5
20250503141200,29.775999069213867,76.0,0.0,1.0,7.3,36.7
20250503141300,29.775999069213867,76.0,0.0,0.6,7.3,38.5
20250503141400,29.775999069213867,76.0,0.0,0.6,7.5,16.0
20250503141500,29.775999069213867,76.0,0.0,0.2,6.9,32.8
20250503141600,29.775999069213867,76.0,0.0,0.0,7.1,21.8
20250503141700,29.775999069213867,76.0,0.0,1.4,6.6,21.7
20250503141800,29.775999069213867,76.0,0.0,1.0,7.0,18.8
20250503141900,29.775999069213867,76.0,0.0,1.1,6.4,23.9
20250503142000,29.775999069213867,76.0,0.0,1.4,6.6,32.3
20250503142100,29.775999069213867,76.0,0.0,1.7,7.1,38.2
20250503142200,29.775999069213867,76.0,0.0,1.4,6.7,33.9
20250503142300,29.775999069213867,76.0,0.0,1.4,7.0,34.1
20250503142400,29.775999069213867,76.0,0.0,1.7,6.1,26.1
20250503142500,29.775999069213867,76.0,0.0,1.9,6.5,20.1
20250503142600,29.775999069213867,76.0,0.0,0.0,6.8,15.3
20250503142700,29.775999069213867,76.0,0.0,1.2,6.9,23.2
20250503142800,29.775999069213867,76.0,0.0,1.4,6.6,20.2
20250503142900,29.775999069213867,76.0,0.0,1.4,6.7,39.3
20250503143000,29.775999069213867,76.0,0.0,1.0,7.0,38.8
20250503143100,29.775999069213867,76.0,0.0,0.6,6.0,15.8
20250503143200,29.775999069213867,76.0,0.0,0.4,6.8,32.0
20250503143300,29.775999069213867,76.0,0.0,0.9,7.3,32.1
20250503143400,29.775999069213867,76.0,0.0,1.0,6.8,21.2
20250503143500,29.775999069213867,76.0,0.0,1.5,6.9,17.8
20250503143600,29.775999069213867,76.0,0.0,1.9,6.6,37.9
20250503143700,29.775999069213867,76.0,0.0,0.3,6.6,20.2
20250503143800,29.775999069213867,76.0,0.0,0.4,6.9,40.0
20250503143900,29.775999069213867,76.0,0.0,0.2,7.5,37.2
20250503144000,29.775999069213867,76.0,0.0,1.1,6.6,34.8
20250503144100,29.775999069213867,76.0,0.0,0.7,7.2,20.0
20250503144200,29.775999069213867,76.0,0.0,1.3,7.1,15.5
20250503144300,29.775999069213867,76.0,0.0,1.9,6.5,37.8
20250503144400,29.775999069213867,76.0,0.0,0.8,6.1,34.9
20250503144500,29.775999069213867,76.0,0.0,1.9,7.0,17.3
20250503144600,29.775999069213867,76.0,0.0,1.3,6.7,27.2
20250503144700,29.775999069213867,76.0,0.0,0.3,6.9,26.7
20250503144800,29.775999069213867,76.0,0.0,1.2,6.0,25.6
20250503144900,29.775999069213867,76.0,0.0,1.1,7.3,39.1
20250503145000,29.775999069213867,76.0,0.0,0.8,6.1,18.4
20250503145100,29.775999069213867,76.0,0.0,0.8,7.1,16.6
20250503145200,29.775999069213867,76.0,0.0,0.7,6.5,36.1
20250503145300,29.775999069213867,76.0,0.0,0.6,6.3,28.2
20250503145400,29.775999069213867,76.0,0.0,1.7,6.5,25.0
20250503145500,29.775999069213867,76.0,0.0,1.1,6.6,21.5
20250503145600,29.775999069213867,76.0,0.0,1.3,7.1,17.7
20250503145700,29.775999069213867,76.0,0.0,0.3,7.1,38.5
20250503145800,29.775999069213867,76.0,0.0,1.0,7.3,23.6
20250503145900,29.775999069213867,76.0,0.0,1.6,6.6,16.7
20250503150000,30.17599868774414,75.0,0.0,0.1,6.6,32.5
20250503150100,30.17599868774414,75.0,0.0,0.9,6.3,39.4
20250503150200,30.17599868774414,75.0,0.0,1.4,6.4,16.5
20250503150300,30.17599868774414,75.0,0.0,1.6,6.4,20.5
20250503150400,30.17599868774414,75.0,0.0,0.4,6.0,37.5
20250503150500,30.17599868774414,75.0,0.0,0.0,7.2,16.3
20250503150600,30.17599868774414,75.0,0.0,0.2,7.4,22.6
20250503150700,30.17599868774414,75.0,0.0,1.2,7.5,36.1
20250503150800,30.17599868774414,75.0,0.0,1.3,6.1,18.1
20250503150900,30.17599868774414,75.0,0.0,0.2,6.9,22.2
20250503151000,30.17599868774414,75.0,0.0,1.8,7.0,22.7
20250503151100,30.17599868774414,75.0,0.0,0.9,6.0,31.9
20250503151200,30.17599868774414,75.0,0.0,0.3,6.5,31.8
20250503151300,30.17599868774414,75.0,0.0,1.6,6.6,30.8
20250503151400,30.17599868774414,75.0,0.0,1.7,6.4,29.1
20250503151500,30.17599868774414,75.0,0.0,1.8,7.4,21.2
20250503151600,30.17599868774414,75.0,0.0,0.1,6.2,33.6
20250503151700,30.17599868774414,75.0,0.0,0.7,6.8,29.6
20250503151800,30.17599868774414,75.0,0.0,0.8,6.1,37.0
20250503151900,30.17599868774414,75.0,0.0,0.7,7.1,29.3
20250503152000,30.17599868774414,75.0,0.0,1.3,6.6,29.8
20250503152100,30.17599868774414,75.0,0.0,1.0,6.5,20.1
20250503152200,30.17599868774414,75.0,0.0,0.2,6.8,23.4
20250503152300,30.17599868774414,75.0,0.0,0.3,7.3,32.6
20250503152400,30.17599868774414,75.0,0.0,0.2,7.5,21.2
20250503152500,30.17599868774414,75.0,0.0,0.8,6.3,22.3
20250503152600,30.17599868774414,75.0,0.0,0.2,6.2,19.9
20250503152700,30.17599868774414,75.0,0.0,1.2,7.1,35.2
20250503152800,30.17599868774414,75.0,0.0,1.2,6.8,31.3
20250503152900,30.17599868774414,75.0,0.0,1.1,6.7,36.7
20250503153000,30.17599868774414,75.0,0.0,1.4,7.1,39.0
20250503153100,30.17599868774414,75.0,0.0,1.5,7.2,23.7
20250503153200,30.17599868774414,75.0,0.0,0.4,7.1,33.0
20250503153300,30.17599868774414,75.0,0.0,2.0,7.4,19.2
20250503153400,30.17599868774414,75.0,0.0,0.8,6.1,36.3
20250503153500,30.17599868774414,75.0,0.0,0.7,6.1,36.9
20250503153600,30.17599868774414,75.0,0.0,0.7,6.7,28.8
20250503153700,30.17599868774414,75.0,0.0,0.5,6.8,23.8
20250503153800,30.17599868774414,75.0,0.0,0.9,6.2,28.5
20250503153900,30.17599868774414,75.0,0.0,0.4,7.1,36.9
20250503154000,30.17599868774414,75.0,0.0,0.8,7.2,27.6
20250503154100,30.17599868774414,75.0,0.0,0.7,6.5,21.4
20250503154200,30.17599868774414,75.0,0.0,0.1,7.4,32.3
20250503154300,30.17599868774414,75.0,0.0,0.6,6.7,26.6
20250503154400,30.17599868774414,75.0,0.0,0.7,7.5,39.3
20250503154500,30.17599868774414,75.0,0.0,0.6,6.4,32.3
20250503154600,30.17599868774414,75.0,0.0,0.7,6.5,38.4
20250503154700,30.17599868774414,75.0,0.0,0.5,6.8,16.8
20250503154800,30.17599868774414,75.0,0.0,1.0,6.4,39.1
20250503154900,30.17599868774414,75.0,0.0,0.5,6.9,32.2
20250503155000,30.17599868774414,75.0,0.0,1.1,6.4,16.7
20250503155100,30.17599868774414,75.0,0.0,1.0,6.4,24.6
20250503155200,30.17599868774414,75.0,0.0,0.9,6.9,22.8
20250503155300,30.17599868774414,75.0,0.0,1.1,7.2,26.8
20250503155400,30.17599868774414,75.0,0.0,1.5,7.4,32.1
20250503155500,30.17599868774414,75.0,0.0,1.8,7.1,21.1
20250503155600,30.17599868774414,75.0,0.0,0.7,7.4,21.6
20250503155700,30.17599868774414,75.0,0.0,0.5,6.2,26.6
20250503155800,30.17599868774414,75.0,0.0,0.0,6.2,36.2
20250503155900,30.17599868774414,75.0,0.0,0.1,7.5,33.6
20250503160000,30.275999069213867,74.0,0.0,0.5,6.8,38.1
20250503160100,30.275999069213867,74.0,0.0,1.0,7.0,30.4
20250503160200,30.275999069213867,74.0,0.0,1.1,6.6,28.5
20250503160300,30.275999069213867,74.0,0.0,1.3,6.1,20.8
20250503160400,30.275999069213867,74.0,0.0,1.3,6.1,30.0
20250503160500,30.275999069213867,74.0,0.0,2.0,7.5,23.2
20250503160600,30.275999069213867,74.0,0.0,1.8,6.3,24.9
20250503160700,30.275999069213867,74.0,0.0,0.0,6.9,20.0
20250503160800,30.275999069213867,74.0,0.0,2.0,7.2,19.2
20250503160900,30.275999069213867,74.0,0.0,1.5,6.8,21.5
20250503161000,30.275999069213867,74.0,0.0,1.5,6.6,34.6
20250503161100,30.275999069213867,74.0,0.0,0.5,6.1,36.8
20250503161200,30.275999069213867,74.0,0.0,1.8,7.3,21.2
20250503161300,30.275999069213867,74.0,0.0,1.3,6.5,24.3
20250503161400,30.275999069213867,74.0,0.0,0.5,6.3,29.0
20250503161500,30.275999069213867,74.0,0.0,0.9,6.8,37.5
20250503161600,30.275999069213867,74.0,0.0,0.4,7.4,18.7
20250503161700,30.275999069213867,74.0,0.0,0.1,6.9,28.9
20250503161800,30.275999069213867,74.0,0.0,0.6,6.5,23.7
20250503161900,30.275999069213867,74.0,0.0,0.5,6.3,36.2
20250503162000,30.275999069213867,74.0,0.0,1.7,6.8,23.6
20250503162100,30.275999069213867,74.0,0.0,1.6,7.1,16.9
20250503162200,30.275999069213867,74.0,0.0,0.4,6.2,20.4
20250503162300,30.275999069213867,74.0,0.0,1.7,7.3,37.0
20250503162400,30.275999069213867,74.0,0.0,1.2,6.2,39.2
20250503162500,30.275999069213867,74.0,0.0,1.8,7.1,16.0
20250503162600,30.275999069213867,74.0,0.0,1.4,6.0,26.1
20250503162700,30.275999069213867,74.0,0.0,0.6,7.4,35.0
20250503162800,30.275999069213867,74.0,0.0,0.9,6.3,33.4
20250503162900,30.275999069213867,74.0,0.0,2.0,7.4,23.8
20250503163000,30.275999069213867,74.0,0.0,0.4,7.1,26.7
20250503163100,30.275999069213867,74.0,0.0,0.1,7.1,31.4
20250503163200,30.275999069213867,74.0,0.0,0.1,6.9,39.8
20250503163300,30.275999069213867,74.0,0.0,0.7,6.9,18.3
20250503163400,30.275999069213867,74.0,0.0,0.2,6.6,29.4
20250503163500,30.275999069213867,74.0,0.0,0.5,6.2,25.0
20250503163600,30.275999069213867,74.0,0.0,1.1,6.1,21.3
20250503163700,30.275999069213867,74.0,0.0,1.2,6.6,17.0
20250503163800,30.275999069213867,74.0,0.0,1.2,7.2,28.1
20250503163900,30.275999069213867,74.0,0.0,0.7,7.3,30.6
20250503164000,30.275999069213867,74.0,0.0,1.4,7.1,20.9
20250503164100,30.275999069213867,74.0,0.0,1.5,7.1,35.5
20250503164200,30.275999069213867,74.0,0.0,1.2,7.4,40.0
20250503164300,30.275999069213867,74.0,0.0,0.5,6.9,33.6
20250503164400,30.275999069213867,74.0,0.0,2.0,7.0,38.3
20250503164500,30.275999069213867,74.0,0.0,1.8,7.3,39.4
20250503164600,30.275999069213867,74.0,0.0,0.7,7.2,30.8
20250503164700,30.275999069213867,74.0,0.0,1.4,6.3,16.0
20250503164800,30.275999069213867,74.0,0.0,1.8,6.0,22.5
20250503164900,30.275999069213867,74.0,0.0,1.6,7.3,34.1
20250503165000,30.275999069213867,74.0,0.0,1.3,6.2,32.9
20250503165100,30.275999069213867,74.0,0.0,0.7,6.4,28.9
20250503165200,30.275999069213867,74.0,0.0,0.7,7.0,27.7
20250503165300,30.275999069213867,74.0,0.0,1.9,7.0,21.7
20250503165400,30.275999069213867,74.0,0.0,0.7,7.4,32.8
20250503165500,30.275999069213867,74.0,0.0,0.5,6.6,34.4
20250503165600,30.275999069213867,74.0,0.0,0.1,6.3,24.6
20250503165700,30.275999069213867,74.0,0.0,1.6,7.4,37.5
20250503165800,30.275999069213867,74.0,0.0,1.4,6.8,27.5
20250503165900,30.275999069213867,74.0,0.0,0.3,7.1,34.6
20250503170000,30.075998306274414,74.0,0.0,1.1,6.9,25.0
20250503170100,30.075998306274414,74.0,0.0,1.0,7.5,25.6
20250503170200,30.075998306274414,74.0,0.0,0.3,6.6,35.8
20250503170300,30.075998306274414,74.0,0.0,0.9,6.4,37.5
20250503170400,30.075998306274414,74.0,0.0,1.4,6.5,15.6
20250503170500,30.075998306274414,74.0,0.0,1.0,7.3,32.6
20250503170600,30.075998306274414,74.0,0.0,1.2,7.1,21.5
20250503170700,30.075998306274414,74.0,0.0,0.9,6.1,34.0
20250503170800,30.075998306274414,74.0,0.0,0.1,7.2,24.1
20250503170900,30.075998306274414,74.0,0.0,0.3,6.6,38.1
20250503171000,30.075998306274414,74.0,0.0,1.6,7.0,25.4
20250503171100,30.075998306274414,74.0,0.0,0.3,6.8,26.2
20250503171200,30.075998306274414,74.0,0.0,0.8,6.1,28.3
20250503171300,30.075998306274414,74.0,0.0,1.1,6.8,23.5
20250503171400,30.075998306274414,74.0,0.0,0.2,6.8,22.0
20250503171500,30.075998306274414,74.0,0.0,1.0,6.7,18.1
20250503171600,30.075998306274414,74.0,0.0,0.4,6.3,37.8
20250503171700,30.075998306274414,74.0,0.0,1.2,6.4,19.8
20250503171800,30.075998306274414,74.0,0.0,0.5,6.8,32.7
20250503171900,30.075998306274414,74.0,0.0,1.2,7.4,29.6
20250503172000,30.075998306274414,74.0,0.0,1.5,6.2,16.2
20250503172100,30.075998306274414,74.0,0.0,0.4,6.6,26.2
20250503172200,30.075998306274414,74.0,0.0,0.1,7.2,29.3
20250503172300,30.075998306274414,74.0,0.0,0.7,7.2,26.3
20250503172400,30.075998306274414,74.0,0.0,1.5,6.2,28.4
20250503172500,30.075998306274414,74.0,0.0,0.8,6.2,28.3
20250503172600,30.075998306274414,74.0,0.0,1.8,6.9,17.5
20250503172700,30.075998306274414,74.0,0.0,1.2,6.5,29.9
20250503172800,30.075998306274414,74.0,0.0,0.8,7.2,26.1
20250503172900,30.075998306274414,74.0,0.0,1.6,6.6,21.3
20250503173000,30.075998306274414,74.0,0.0,1.3,7.4,20.1
20250503173100,30.075998306274414,74.0,0.0,0.5,6.6,28.4
20250503173200,30.075998306274414,74.0,0.0,1.2,6.8,20.7
20250503173300,30.075998306274414,74.0,0.0,1.2,6.2,24.4
20250503173400,30.075998306274414,74.0,0.0,0.5,7.2,36.3
20250503173500,30.075998306274414,74.0,0.0,0.4,6.7,33.7
20250503173600,30.075998306274414,74.0,0.0,1.0,7.1,31.5
20250503173700,30.075998306274414,74.0,0.0,0.1,6.5,39.9
20250503173800,30.075998306274414,74.0,0.0,1.8,6.7,20.2
20250503173900,30.075998306274414,74.0,0.0,1.5,6.4,37.7
20250503174000,30.075998306274414,74.0,0.0,1.7,6.1,30.6
20250503174100,30.075998306274414,74.0,0.0,0.6,6.3,37.8
20250503174200,30.075998306274414,74.0,0.0,1.5,6.7,21.5
20250503174300,30.075998306274414,74.0,0.0,0.8,6.3,34.4
20250503174400,30.075998306274414,74.0,0.0,0.9,6.3,36.3
20250503174500,30.075998306274414,74.0,0.0,0.3,6.1,17.6
20250503174600,30.075998306274414,74.0,0.0,1.7,6.3,36.6
20250503174700,30.075998306274414,74.0,0.0,0.5,6.1,27.9
20250503174800,30.075998306274414,74.0,0.0,0.8,6.7,35.6
20250503174900,30.075998306274414,74.0,0.0,1.8,6.5,29.6
20250503175000,30.075998306274414,74.0,0.0,0.5,6.2,27.7
20250503175100,30.075998306274414,74.0,0.0,0.5,6.4,25.7
20250503175200,30.075998306274414,74.0,0.0,1.5,6.3,16.9
20250503175300,30.075998306274414,74.0,0.0,1.2,6.7,37.4
20250503175400,30.075998306274414,74.0,0.0,0.1,6.7,27.1
20250503175500,30.075998306274414,74.0,0.0,0.7,6.1,15.4
20250503175600,30.075998306274414,74.0,0.0,0.3,7.1,37.9
20250503175700,30.075998306274414,74.0,0.0,1.4,6.3,28.0
20250503175800,30.075998306274414,74.0,0.0,1.0,6.8,15.2
20250503175900,30.075998306274414,74.0,0.0,1.3,6.6,24.1
20250503180000,29.325998306274414,77.0,0.0,0.7,7.5,29.1
20250503180100,29.325998306274414,77.0,0.0,0.2,6.0,26.7
20250503180200,29.325998306274414,77.0,0.0,1.4,6.8,22.1
20250503180300,29.325998306274414,77.0,0.0,0.1,7.1,19.4
20250503180400,29.325998306274414,77.0,0.0,0.2,7.2,30.9
20250503180500,29.325998306274414,77.0,0.0,0.5,6.7,20.6
20250503180600,29.325998306274414,77.0,0.0,0.2,6.7,23.0
20250503180700,29.325998306274414,77.0,0.0,2.0,6.1,22.5
20250503180800,29.325998306274414,77.0,0.0,0.7,6.9,33.9
20250503180900,29.325998306274414,77.0,0.0,0.9,6.3,19.4
20250503181000,29.325998306274414,77.0,0.0,1.9,7.1,34.1
20250503181100,29.325998306274414,77.0,0.0,0.1,6.2,33.2
20250503181200,29.325998306274414,77.0,0.0,0.1,6.6,21.8
20250503181300,29.325998306274414,77.0,0.0,0.8,6.8,18.6
20250503181400,29.325998306274414,77.0,0.0,0.1,7.0,28.4
20250503181500,29.325998306274414,77.0,0.0,0.2,6.5,37.8
20250503181600,29.325998306274414,77.0,0.0,1.2,7.4,29.0
20250503181700,29.325998306274414,77.0,0.0,0.1,6.1,26.0
20250503181800,29.325998306274414,77.0,0.0,1.3,6.6,32.0
20250503181900,29.325998306274414,77.0,0.0,0.9,7.3,36.7
20250503182000,29.325998306274414,77.0,0.0,0.2,6.5,15.7
20250503182100,29.325998306274414,77.0,0.0,1.1,7.4,28.6
20250503182200,29.325998306274414,77.0,0.0,1.2,7.1,17.7
20250503182300,29.325998306274414,77.0,0.0,1.4,7.4,29.1
20250503182400,29.325998306274414,77.0,0.0,1.3,6.9,18.8
20250503182500,29.325998306274414,77.0,0.0,0.2,6.7,23.8
20250503182600,29.325998306274414,77.0,0.0,1.4,7.2,20.2
20250503182700,29.325998306274414,77.0,0.0,1.4,6.0,15.7
20250503182800,29.325998306274414,77.0,0.0,1.1,6.9,17.3
20250503182900,29.325998306274414,77.0,0.0,0.7,6.3,17.6
20250503183000,29.325998306274414,77.0,0.0,2.0,6.2,36.2
20250503183100,29.325998306274414,77.0,0.0,0.6,7.4,37.5
20250503183200,29.325998306274414,77.0,0.0,1.8,6.1,16.1
20250503183300,29.325998306274414,77.0,0.0,0.4,6.4,22.3
20250503183400,29.325998306274414,77.0,0.0,1.1,6.9,27.2
20250503183500,29.325998306274414,77.0,0.0,0.5,6.1,38.1
20250503183600,29.325998306274414,77.0,0.0,0.5,6.5,35.4
20250503183700,29.325998306274414,77.0,0.0,0.4,7.4,38.7
20250503183800,29.325998306274414,77.0,0.0,0.2,7.1,38.9
20250503183900,29.325998306274414,77.0,0.0,1.0,6.4,18.8
20250503184000,29.325998306274414,77.0,0.0,1.5,6.2,17.4
20250503184100,29.325998306274414,77.0,0.0,1.1,7.1,24.5
20250503184200,29.325998306274414,77.0,0.0,0.9,7.1,23.5
20250503184300,29.325998306274414,77.0,0.0,1.9,6.2,36.2
20250503184400,29.325998306274414,77.0,0.0,1.9,7.5,20.5
20250503184500,29.325998306274414,77.0,0.0,1.3,6.3,25.5
20250503184600,29.325998306274414,77.0,0.0,0.3,6.7,15.8
20250503184700,29.325998306274414,77.0,0.0,1.3,6.7,30.5
20250503184800,29.325998306274414,77.0,0.0,1.1,6.7,26.6
20250503184900,29.325998306274414,77.0,0.0,0.9,7.2,37.6
20250503185000,29.325998306274414,77.0,0.0,1.6,6.1,26.8
20250503185100,29.325998306274414,77.0,0.0,0.5,6.9,32.6
20250503185200,29.325998306274414,77.0,0.0,1.9,6.8,31.2
20250503185300,29.325998306274414,77.0,0.0,0.4,6.2,29.8
20250503185400,29.325998306274414,77.0,0.0,1.7,6.1,21.5
20250503185500,29.325998306274414,77.0,0.0,1.8,7.3,27.8
20250503185600,29.325998306274414,77.0,0.0,1.4,6.9,17.4
20250503185700,29.325998306274414,77.0,0.0,0.5,7.2,21.4
20250503185800,29.325998306274414,77.0,0.0,1.2,7.1,16.6
20250503185900,29.325998306274414,77.0,0.0,1.1,6.1,36.5
20250503190000,28.575998306274414,81.0,0.0,0.9,6.1,37.5
20250503190100,28.575998306274414,81.0,0.0,0.9,7.0,18.3
20250503190200,28.575998306274414,81.0,0.0,0.1,7.0,24.9
20250503190300,28.575998306274414,81.0,0.0,0.6,7.0,22.3
20250503190400,28.575998306274414,81.0,0.0,1.3,7.3,26.4
20250503190500,28.575998306274414,81.0,0.0,1.6,6.3,38.1
20250503190600,28.575998306274414,81.0,0.0,0.5,6.6,20.5
20250503190700,28.575998306274414,81.0,0.0,0.5,6.9,39.7
20250503190800,28.575998306274414,81.0,0.0,0.1,7.4,26.8
20250503190900,28.575998306274414,81.0,0.0,1.0,6.7,34.1
20250503191000,28.575998306274414,81.0,0.0,0.9,7.5,25.4
20250503191100,28.575998306274414,81.0,0.0,0.4,6.6,22.2
20250503191200,28.575998306274414,81.0,0.0,0.5,6.5,22.6
20250503191300,28.575998306274414,81.0,0.0,1.4,6.8,33.4
20250503191400,28.575998306274414,81.0,0.0,0.2,6.1,25.9
20250503191500,28.575998306274414,81.0,0.0,1.5,7.3,29.8
20250503191600,28.575998306274414,81.0,0.0,0.4,7.4,21.6
20250503191700,28.575998306274414,81.0,0.0,0.4,6.6,39.3
20250503191800,28.575998306274414,81.0,0.0,1.3,6.8,17.4
20250503191900,28.575998306274414,81.0,0.0,1.5,6.6,18.6
20250503192000,28.575998306274414,81.0,0.0,1.2,7.4,22.2
20250503192100,28.575998306274414,81.0,0.0,1.3,6.3,39.6
20250503192200,28.575998306274414,81.0,0.0,1.2,7.4,31.2
20250503192300,28.575998306274414,81.0,0.0,0.3,6.4,33.4
20250503192400,28.575998306274414,81.0,0.0,1.6,6.7,20.7
20250503192500,28.575998306274414,81.0,0.0,0.8,6.1,31.8
20250503192600,28.575998306274414,81.0,0.0,0.3,6.2,21.7
20250503192700,28.575998306274414,81.0,0.0,0.1,7.2,20.2
20250503192800,28.575998306274414,81.0,0.0,2.0,6.5,30.2
20250503192900,28.575998306274414,81.0,0.0,0.2,7.2,30.7
20250503193000,28.575998306274414,81.0,0.0,1.1,6.2,34.2
20250503193100,28.575998306274414,81.0,0.0,0.2,6.2,31.6
20250503193200,28.575998306274414,81.0,0.0,1.7,6.4,26.5
20250503193300,28.575998306274414,81.0,0.0,1.2,6.8,26.7
20250503193400,28.575998306274414,81.0,0.0,0.6,6.1,22.5
20250503193500,28.575998306274414,81.0,0.0,1.3,6.0,37.4
20250503193600,28.575998306274414,81.0,0.0,1.6,6.3,17.3
20250503193700,28.575998306274414,81.0,0.0,1.8,6.9,38.8
20250503193800,28.575998306274414,81.0,0.0,1.8,6.8,18.5
20250503193900,28.575998306274414,81.0,0.0,0.6,6.0,19.8
20250503194000,28.575998306274414,81.0,0.0,0.2,6.6,38.1
20250503194100,28.575998306274414,81.0,0.0,0.3,7.3,34.5
20250503194200,28.575998306274414,81.0,0.0,1.1,7.3,30.6
20250503194300,28.575998306274414,81.0,0.0,1.5,7.0,38.5
20250503194400,28.575998306274414,81.0,0.0,2.0,7.1,35.4
20250503194500,28.575998306274414,81.0,0.0,1.2,7.0,20.4
20250503194600,28.575998306274414,81.0,0.0,0.3,7.3,21.2
20250503194700,28.575998306274414,81.0,0.0,1.4,6.1,29.1
20250503194800,28.575998306274414,81.0,0.0,1.5,6.6,37.4
20250503194900,28.575998306274414,81.0,0.0,1.1,6.2,28.9
20250503195000,28.575998306274414,81.0,0.0,0.9,6.9,29.1
20250503195100,28.575998306274414,81.0,0.0,1.0,7.3,23.3
20250503195200,28.575998306274414,81.0,0.0,1.4,6.8,38.6
20250503195300,28.575998306274414,81.0,0.0,1.3,6.7,28.9
20250503195400,28.575998306274414,81.0,0.0,1.8,6.3,22.4
20250503195500,28.575998306274414,81.0,0.0,1.7,7.3,30.4
20250503195600,28.575998306274414,81.0,0.0,0.9,6.6,16.1
20250503195700,28.575998306274414,81.0,0.0,1.3,6.6,26.0
20250503195800,28.575998306274414,81.0,0.0,1.6,6.6,29.6
20250503195900,28.575998306274414,81.0,0.0,1.0,6.9,38.0
20250503200000,28.025999069213867,84.0,0.0,1.4,6.9,16.4
20250503200100,28.025999069213867,84.0,0.0,0.1,7.3,15.1
20250503200200,28.025999069213867,84.0,0.0,1.4,7.0,37.2
20250503200300,28.025999069213867,84.0,0.0,1.7,6.5,26.2
20250503200400,28.025999069213867,84.0,0.0,0.8,7.4,19.4
20250503200500,28.025999069213867,84.0,0.0,0.7,6.9,39.2
20250503200600,28.025999069213867,84.0,0.0,0.9,6.1,20.1
20250503200700,28.025999069213867,84.0,0.0,1.3,6.4,24.1
20250503200800,28.025999069213867,84.0,0.0,0.9,7.1,16.3
20250503200900,28.025999069213867,84.0,0.0,1.0,7.4,16.3
20250503201000,28.025999069213867,84.0,0.0,1.8,6.8,23.2
20250503201100,28.025999069213867,84.0,0.0,1.7,6.3,36.1
20250503201200,28.025999069213867,84.0,0.0,1.4,6.0,37.1
20250503201300,28.025999069213867,84.0,0.0,2.0,7.1,17.4
20250503201400,28.025999069213867,84.0,0.0,1.0,6.5,30.0
20250503201500,28.025999069213867,84.0,0.0,0.5,6.6,22.9
20250503201600,28.025999069213867,84.0,0.0,0.4,7.2,32.0
20250503201700,28.025999069213867,84.0,0.0,0.9,6.6,33.0
20250503201800,28.025999069213867,84.0,0.0,1.1,6.7,28.2
20250503201900,28.025999069213867,84.0,0.0,0.9,7.4,26.9
20250503202000,28.025999069213867,84.0,0.0,1.4,6.2,23.3
20250503202100,28.025999069213867,84.0,0.0,0.2,7.4,20.3
20250503202200,28.025999069213867,84.0,0.0,1.8,7.4,20.2
20250503202300,28.025999069213867,84.0,0.0,1.0,7.4,24.5
20250503202400,28.025999069213867,84.0,0.0,1.2,7.0,20.8
20250503202500,28.025999069213867,84.0,0.0,0.2,6.2,20.5
20250503202600,28.025999069213867,84.0,0.0,0.6,7.0,26.0
20250503202700,28.025999069213867,84.0,0.0,2.0,7.1,31.4
20250503202800,28.025999069213867,84.0,0.0,1.7,7.0,35.2
20250503202900,28.025999069213867,84.0,0.0,0.8,7.4,22.3
20250503203000,28.025999069213867,84.0,0.0,0.6,7.4,38.9
20250503203100,28.025999069213867,84.0,0.0,1.1,6.7,15.4
20250503203200,28.025999069213867,84.0,0.0,1.6,7.5,23.8
20250503203300,28.025999069213867,84.0,0.0,0.3,7.2,22.6
20250503203400,28.025999069213867,84.0,0.0,1.9,7.2,33.9
20250503203500,28.025999069213867,84.0,0.0,1.3,7.2,22.6
20250503203600,28.025999069213867,84.0,0.0,0.9,6.1,27.4
20250503203700,28.025999069213867,84.0,0.0,1.5,6.6,34.5
20250503203800,28.025999069213867,84.0,0.0,0.8,6.2,38.1
20250503203900,28.025999069213867,84.0,0.0,1.5,7.3,33.7
20250503204000,28.025999069213867,84.0,0.0,2.0,7.2,17.8
20250503204100,28.025999069213867,84.0,0.0,0.1,7.2,19.5
20250503204200,28.025999069213867,84.0,0.0,1.0,6.9,19.1
20250503204300,28.025999069213867,84.0,0.0,0.7,7.4,36.2
20250503204400,28.025999069213867,84.0,0.0,1.7,7.3,19.9
20250503204500,28.025999069213867,84.0,0.0,1.8,6.7,36.1
20250503204600,28.025999069213867,84.0,0.0,0.9,6.3,26.7
20250503204700,28.025999069213867,84.0,0.0,0.7,6.8,15.9
20250503204800,28.025999069213867,84.0,0.0,1.0,6.4,30.0
20250503204900,28.025999069213867,84.0,0.0,1.7,6.1,18.6
20250503205000,28.025999069213867,84.0,0.0,1.5,7.2,35.3
20250503205100,28.025999069213867,84.0,0.0,1.4,7.0,36.4
20250503205200,28.025999069213867,84.0,0.0,1.5,6.0,17.7
20250503205300,28.025999069213867,84.0,0.0,1.9,7.4,15.5
20250503205400,28.025999069213867,84.0,0.0,0.8,6.6,15.0
20250503205500,28.025999069213867,84.0,0.0,0.4,6.6,25.3
20250503205600,28.025999069213867,84.0,0.0,0.5,6.9,17.1
20250503205700,28.025999069213867,84.0,0.0,1.5,6.7,19.5
20250503205800,28.025999069213867,84.0,0.0,1.1,6.5,20.9
20250503205900,28.025999069213867,84.0,0.0,0.0,7.1,25.3
20250503210000,27.575998306274414,86.0,0.0,0.8,6.1,34.3
20250503210100,27.575998306274414,86.0,0.0,0.5,6.4,36.2
20250503210200,27.575998306274414,86.0,0.0,0.6,6.3,35.2
20250503210300,27.575998306274414,86.0,0.0,0.9,7.0,26.3
20250503210400,27.575998306274414,86.0,0.0,0.2,7.0,35.3
20250503210500,27.575998306274414,86.0,0.0,0.2,7.0,31.4
20250503210600,27.575998306274414,86.0,0.0,1.7,6.6,23.0
20250503210700,27.575998306274414,86.0,0.0,0.8,6.3,29.6
20250503210800,27.575998306274414,86.0,0.0,1.1,6.3,29.1
20250503210900,27.575998306274414,86.0,0.0,0.7,7.0,33.5
20250503211000,27.575998306274414,86.0,0.0,0.9,6.1,38.4
20250503211100,27.575998306274414,86.0,0.0,0.7,6.4,24.1
20250503211200,27.575998306274414,86.0,0.0,0.4,7.3,36.2
20250503211300,27.575998306274414,86.0,0.0,0.7,6.1,36.7
20250503211400,27.575998306274414,86.0,0.0,0.9,7.1,37.0
20250503211500,27.575998306274414,86.0,0.0,0.2,6.9,22.6
20250503211600,27.575998306274414,86.0,0.0,0.4,6.3,18.8
20250503211700,27.575998306274414,86.0,0.0,0.3,6.1,37.6
20250503211800,27.575998306274414,86.0,0.0,1.0,6.3,22.9
20250503211900,27.575998306274414,86.0,0.0,1.4,7.2,28.7
20250503212000,27.575998306274414,86.0,0.0,0.9,6.1,24.0
20250503212100,27.575998306274414,86.0,0.0,1.6,6.0,17.2
20250503212200,27.575998306274414,86.0,0.0,0.7,6.2,39.4
20250503212300,27.575998306274414,86.0,0.0,0.3,6.9,36.0
20250503212400,27.575998306274414,86.0,0.0,1.5,7.4,20.4
20250503212500,27.575998306274414,86.0,0.0,1.7,6.7,16.1
20250503212600,27.575998306274414,86.0,0.0,2.0,6.3,37.4
20250503212700,27.575998306274414,86.0,0.0,0.7,6.2,26.9
20250503212800,27.575998306274414,86.0,0.0,0.4,7.2,24.0
20250503212900,27.575998306274414,86.0,0.0,0.8,6.2,15.4
20250503213000,27.575998306274414,86.0,0.0,1.6,7.1,35.9
20250503213100,27.575998306274414,86.0,0.0,1.9,6.6,38.8
20250503213200,27.575998306274414,86.0,0.0,1.3,6.2,33.1
20250503213300,27.575998306274414,86.0,0.0,0.7,6.5,32.8
20250503213400,27.575998306274414,86.0,0.0,2.0,6.1,35.4
20250503213500,27.575998306274414,86.0,0.0,1.3,7.5,22.8
20250503213600,27.575998306274414,86.0,0.0,1.1,6.4,26.9
20250503213700,27.575998306274414,86.0,0.0,1.9,7.1,22.8
20250503213800,27.575998306274414,86.0,0.0,1.9,6.7,35.3
20250503213900,27.575998306274414,86.0,0.0,0.6,6.8,39.4
20250503214000,27.575998306274414,86.0,0.0,0.1,6.2,27.7
20250503214100,27.575998306274414,86.0,0.0,1.9,6.4,31.0
20250503214200,27.575998306274414,86.0,0.0,1.7,6.5,38.3
20250503214300,27.575998306274414,86.0,0.0,1.5,6.7,15.4
20250503214400,27.575998306274414,86.0,0.0,1.3,6.4,39.9
20250503214500,27.575998306274414,86.0,0.0,1.9,7.2,25.6
20250503214600,27.575998306274414,86.0,0.0,0.8,7.4,28.3
20250503214700,27.575998306274414,86.0,0.0,1.9,7.3,35.4
20250503214800,27.575998306274414,86.0,0.0,0.0,6.4,31.1
20250503214900,27.575998306274414,86.0,0.0,1.0,6.9,36.5
20250503215000,27.575998306274414,86.0,0.0,1.1,6.8,38.2
20250503215100,27.575998306274414,86.0,0.0,1.7,6.8,16.0
20250503215200,27.575998306274414,86.0,0.0,1.0,7.1,32.7
20250503215300,27.575998306274414,86.0,0.0,1.8,6.5,37.8
20250503215400,27.575998306274414,86.0,0.0,0.7,6.9,18.8
20250503215500,27.575998306274414,86.0,0.0,0.9,6.6,29.2
20250503215600,27.575998306274414,86.0,0.0,1.5,7.1,31.9
20250503215700,27.575998306274414,86.0,0.0,0.9,6.7,15.9
20250503215800,27.575998306274414,86.0,0.0,1.3,7.0,31.4
20250503215900,27.575998306274414,86.0,0.0,0.7,6.3,28.2
20250503220000,27.17599868774414,89.0,0.0,0.7,6.2,33.1
20250503220100,27.17599868774414,89.0,0.0,0.6,6.6,16.7
20250503220200,27.17599868774414,89.0,0.0,1.5,6.1,30.0
20250503220300,27.17599868774414,89.0,0.0,0.7,6.8,20.4
20250503220400,27.17599868774414,89.0,0.0,0.0,7.4,37.9
20250503220500,27.17599868774414,89.0,0.0,0.4,6.2,28.9
20250503220600,27.17599868774414,89.0,0.0,1.9,6.4,17.3
20250503220700,27.17599868774414,89.0,0.0,0.5,7.1,19.8
20250503220800,27.17599868774414,89.0,0.0,0.3,6.9,23.5
20250503220900,27.17599868774414,89.0,0.0,1.0,7.0,35.0
20250503221000,27.17599868774414,89.0,0.0,1.1,6.4,17.4
20250503221100,27.17599868774414,89.0,0.0,1.5,6.2,36.9
20250503221200,27.17599868774414,89.0,0.0,0.3,7.0,32.8
20250503221300,27.17599868774414,89.0,0.0,1.9,7.0,30.7
20250503221400,27.17599868774414,89.0,0.0,1.0,6.3,16.2
20250503221500,27.17599868774414,89.0,0.0,1.6,6.7,37.2
20250503221600,27.17599868774414,89.0,0.0,1.3,7.1,32.9
20250503221700,27.17599868774414,89.0,0.0,0.6,7.3,34.2
20250503221800,27.17599868774414,89.0,0.0,0.8,6.3,16.9
20250503221900,27.17599868774414,89.0,0.0,0.3,7.2,31.7
20250503222000,27.17599868774414,89.0,0.0,1.4,7.3,28.8
20250503222100,27.17599868774414,89.0,0.0,1.6,6.9,28.6
20250503222200,27.17599868774414,89.0,0.0,0.2,6.2,37.2
20250503222300,27.17599868774414,89.0,0.0,0.9,7.0,35.9
20250503222400,27.17599868774414,89.0,0.0,0.6,6.1,31.5
20250503222500,27.17599868774414,89.0,0.0,0.6,7.0,26.9
20250503222600,27.17599868774414,89.0,0.0,0.6,7.0,36.6
20250503222700,27.17599868774414,89.0,0.0,0.6,7.1,35.6
20250503222800,27.17599868774414,89.0,0.0,1.1,6.7,32.2
20250503222900,27.17599868774414,89.0,0.0,0.8,6.2,36.0
20250503223000,27.17599868774414,89.0,0.0,1.9,7.1,15.7
20250503223100,27.17599868774414,89.0,0.0,1.1,6.3,31.5
20250503223200,27.17599868774414,89.0,0.0,0.1,6.7,23.9
20250503223300,27.17599868774414,89.0,0.0,0.5,6.6,24.9
20250503223400,27.17599868774414,89.0,0.0,1.4,6.3,19.6
20250503223500,27.17599868774414,89.0,0.0,1.4,6.8,31.3
20250503223600,27.17599868774414,89.0,0.0,0.8,7.2,27.6
20250503223700,27.17599868774414,89.0,0.0,1.8,7.1,39.3
20250503223800,27.17599868774414,89.0,0.0,0.3,6.9,20.1
20250503223900,27.17599868774414,89.0,0.0,0.0,6.5,35.3
20250503224000,27.17599868774414,89.0,0.0,2.0,6.9,28.9
20250503224100,27.17599868774414,89.0,0.0,1.4,6.2,39.4
20250503224200,27.17599868774414,89.0,0.0,1.4,6.0,20.5
20250503224300,27.17599868774414,89.0,0.0,1.0,6.7,22.3
20250503224400,27.17599868774414,89.0,0.0,1.8,7.0,34.1
20250503224500,27.17599868774414,89.0,0.0,2.0,7.0,17.8
20250503224600,27.17599868774414,89.0,0.0,0.1,6.2,39.2
20250503224700,27.17599868774414,89.0,0.0,1.1,7.1,32.7
20250503224800,27.17599868774414,89.0,0.0,1.1,7.5,37.2
20250503224900,27.17599868774414,89.0,0.0,1.3,7.2,27.1
20250503225000,27.17599868774414,89.0,0.0,0.4,6.3,37.3
20250503225100,27.17599868774414,89.0,0.0,0.9,6.3,35.4
20250503225200,27.17599868774414,89.0,0.0,1.3,6.6,33.9
20250503225300,27.17599868774414,89.0,0.0,2.0,6.4,33.5
20250503225400,27.17599868774414,89.0,0.0,1.6,7.3,15.4
20250503225500,27.17599868774414,89.0,0.0,0.7,7.4,25.9
20250503225600,27.17599868774414,89.0,0.0,0.1,6.0,16.9
20250503225700,27.17599868774414,89.0,0.0,1.7,6.5,38.1
20250503225800,27.17599868774414,89.0,0.0,1.3,6.1,24.9
20250503225900,27.17599868774414,89.0,0.0,0.4,7.1,29.7
20250503230000,26.92599868774414,91.0,0.0,1.6,6.1,31.6
20250503230100,26.92599868774414,91.0,0.0,1.9,6.6,34.7
20250503230200,26.92599868774414,91.0,0.0,0.5,7.4,23.0
20250503230300,26.92599868774414,91.0,0.0,0.5,6.1,36.5
20250503230400,26.92599868774414,91.0,0.0,1.4,6.1,19.6
20250503230500,26.92599868774414,91.0,0.0,0.4,7.1,20.3
20250503230600,26.92599868774414,91.0,0.0,1.6,6.2,34.4
20250503230700,26.92599868774414,91.0,0.0,1.5,7.4,22.7
20250503230800,26.92599868774414,91.0,0.0,1.2,7.5,24.6
20250503230900,26.92599868774414,91.0,0.0,0.4,6.5,27.1
20250503231000,26.92599868774414,91.0,0.0,1.8,6.2,26.6
20250503231100,26.92599868774414,91.0,0.0,1.4,7.5,21.6
20250503231200,26.92599868774414,91.0,0.0,1.4,6.5,29.7
20250503231300,26.92599868774414,91.0,0.0,0.5,7.4,21.2
20250503231400,26.92599868774414,91.0,0.0,0.2,7.1,29.0
20250503231500,26.92599868774414,91.0,0.0,0.4,6.8,33.5
20250503231600,26.92599868774414,91.0,0.0,1.8,7.4,35.0
20250503231700,26.92599868774414,91.0,0.0,1.9,7.0,17.6
20250503231800,26.92599868774414,91.0,0.0,0.7,6.0,39.1
20250503231900,26.92599868774414,91.0,0.0,0.8,7.0,33.1
20250503232000,26.92599868774414,91.0,0.0,0.9,6.0,26.5
20250503232100,26.92599868774414,91.0,0.0,0.9,6.3,32.9
20250503232200,26.92599868774414,91.0,0.0,1.1,6.8,19.1
20250503232300,26.92599868774414,91.0,0.0,1.6,7.3,22.9
20250503232400,26.92599868774414,91.0,0.0,1.7,6.7,15.3
20250503232500,26.92599868774414,91.0,0.0,0.1,6.9,27.0
20250503232600,26.92599868774414,91.0,0.0,0.4,6.6,30.2
20250503232700,26.92599868774414,91.0,0.0,1.8,6.8,21.5
20250503232800,26.92599868774414,91.0,0.0,0.7,7.1,31.4
20250503232900,26.92599868774414,91.0,0.0,0.8,6.9,28.6
20250503233000,26.92599868774414,91.0,0.0,1.0,6.1,31.0
20250503233100,26.92599868774414,91.0,0.0,1.8,7.3,36.8
20250503233200,26.92599868774414,91.0,0.0,1.1,6.7,16.2
20250503233300,26.92599868774414,91.0,0.0,0.8,6.1,30.4
20250503233400,26.92599868774414,91.0,0.0,0.5,6.5,38.8
20250503233500,26.92599868774414,91.0,0.0,1.1,7.4,27.1
20250503233600,26.92599868774414,91.0,0.0,0.5,7.0,17.6
20250503233700,26.92599868774414,91.0,0.0,0.3,7.1,31.6
20250503233800,26.92599868774414,91.0,0.0,0.5,6.1,33.4
20250503233900,26.92599868774414,91.0,0.0,0.1,7.0,29.0
20250503234000,26.92599868774414,91.0,0.0,0.9,6.7,29.0
20250503234100,26.92599868774414,91.0,0.0,1.2,6.3,28.9
20250503234200,26.92599868774414,91.0,0.0,0.3,6.3,36.1
20250503234300,26.92599868774414,91.0,0.0,0.2,6.1,22.6
20250503234400,26.92599868774414,91.0,0.0,0.9,7.4,33.0
20250503234500,26.92599868774414,91.0,0.0,1.4,6.2,19.7
20250503234600,26.92599868774414,91.0,0.0,0.2,6.6,37.1
20250503234700,26.92599868774414,91.0,0.0,0.4,6.6,33.0
20250503234800,26.92599868774414,91.0,0.0,0.7,6.1,35.5
20250503234900,26.92599868774414,91.0,0.0,0.6,6.6,26.2
20250503235000,26.92599868774414,91.0,0.0,1.8,7.2,37.1
20250503235100,26.92599868774414,91.0,0.0,1.6,7.2,26.5
20250503235200,26.92599868774414,91.0,0.0,1.1,6.1,23.6
20250503235300,26.92599868774414,91.0,0.0,0.1,6.2,15.3
20250503235400,26.92599868774414,91.0,0.0,0.5,6.5,37.2
20250503235500,26.92599868774414,91.0,0.0,1.1,6.9,15.3
20250503235600,26.92599868774414,91.0,0.0,0.7,7.2,25.4
20250503235700,26.92599868774414,91.0,0.0,0.4,6.7,23.5
20250503235800,26.92599868774414,91.0,0.0,0.4,6.4,20.2
20250503235900,26.92599868774414,91.0,0.0,1.3,6.9,29.4
20250504000000,26.625999450683594,92.0,0.0,1.6,7.1,18.8
20250504000100,26.625999450683594,92.0,0.0,0.1,7.0,31.1
20250504000200,26.625999450683594,92.0,0.0,0.8,6.6,35.5
20250504000300,26.625999450683594,92.0,0.0,1.9,6.3,28.1
20250504000400,26.625999450683594,92.0,0.0,1.4,6.7,26.9
20250504000500,26.625999450683594,92.0,0.0,1.1,6.2,38.8
20250504000600,26.625999450683594,92.0,0.0,0.8,6.4,27.2
20250504000700,26.625999450683594,92.0,0.0,1.3,7.1,20.9
20250504000800,26.625999450683594,92.0,0.0,1.4,7.0,21.2
20250504000900,26.625999450683594,92.0,0.0,0.8,7.1,21.0
20250504001000,26.625999450683594,92.0,0.0,0.6,6.5,38.1
20250504001100,26.625999450683594,92.0,0.0,0.3,6.5,33.8
20250504001200,26.625999450683594,92.0,0.0,0.5,6.3,29.3
20250504001300,26.625999450683594,92.0,0.0,1.2,6.4,26.1
20250504001400,26.625999450683594,92.0,0.0,0.1,6.0,26.7
20250504001500,26.625999450683594,92.0,0.0,1.1,6.3,34.4
20250504001600,26.625999450683594,92.0,0.0,0.5,7.1,21.7
20250504001700,26.625999450683594,92.0,0.0,0.5,6.9,29.1
20250504001800,26.625999450683594,92.0,0.0,1.0,6.8,16.8
20250504001900,26.625999450683594,92.0,0.0,1.6,6.7,29.1
20250504002000,26.625999450683594,92.0,0.0,1.4,7.4,35.0
20250504002100,26.625999450683594,92.0,0.0,1.6,6.2,24.8
20250504002200,26.625999450683594,92.0,0.0,1.5,6.4,21.7
20250504002300,26.625999450683594,92.0,0.0,1.3,6.9,30.9
20250504002400,26.625999450683594,92.0,0.0,0.0,7.3,39.6
20250504002500,26.625999450683594,92.0,0.0,0.5,7.2,18.4
20250504002600,26.625999450683594,92.0,0.0,0.5,6.4,23.2
20250504002700,26.625999450683594,92.0,0.0,1.3,6.6,29.2
20250504002800,26.625999450683594,92.0,0.0,0.8,7.1,40.0
20250504002900,26.625999450683594,92.0,0.0,1.4,6.4,20.0
20250504003000,26.625999450683594,92.0,0.0,1.5,7.4,31.5
20250504003100,26.625999450683594,92.0,0.0,0.8,6.2,24.9
20250504003200,26.625999450683594,92.0,0.0,2.0,6.7,35.4
20250504003300,26.625999450683594,92.0,0.0,1.8,6.8,19.7
20250504003400,26.625999450683594,92.0,0.0,1.9,6.3,37.0
20250504003500,26.625999450683594,92.0,0.0,0.6,7.2,25.0
20250504003600,26.625999450683594,92.0,0.0,1.2,7.3,31.7
20250504003700,26.625999450683594,92.0,0.0,1.2,6.0,25.6
20250504003800,26.625999450683594,92.0,0.0,0.4,7.0,28.8
20250504003900,26.625999450683594,92.0,0.0,1.5,6.3,29.3
20250504004000,26.625999450683594,92.0,0.0,1.6,6.2,15.7
20250504004100,26.625999450683594,92.0,0.0,0.9,7.2,15.7
20250504004200,26.625999450683594,92.0,0.0,1.2,7.1,32.3
20250504004300,26.625999450683594,92.0,0.0,0.1,6.7,34.3
20250504004400,26.625999450683594,92.0,0.0,1.7,6.1,19.4
20250504004500,26.625999450683594,92.0,0.0,1.0,6.5,21.0
20250504004600,26.625999450683594,92.0,0.0,0.4,6.3,39.8
20250504004700,26.625999450683594,92.0,0.0,0.6,6.8,26.2
20250504004800,26.625999450683594,92.0,0.0,1.6,6.3,21.4
20250504004900,26.625999450683594,92.0,0.0,1.7,6.8,32.7
20250504005000,26.625999450683594,92.0,0.0,0.3,6.3,32.5
20250504005100,26.625999450683594,92.0,0.0,0.5,6.9,23.6
20250504005200,26.625999450683594,92.0,0.0,1.4,7.0,22.8
20250504005300,26.625999450683594,92.0,0.0,1.2,6.7,22.2
20250504005400,26.625999450683594,92.0,0.0,1.1,6.9,29.2
20250504005500,26.625999450683594,92.0,0.0,0.7,7.2,34.3
20250504005600,26.625999450683594,92.0,0.0,1.5,7.0,32.7
20250504005700,26.625999450683594,92.0,0.0,0.3,7.3,26.8
20250504005800,26.625999450683594,92.0,0.0,1.6,6.4,23.8
20250504005900,26.625999450683594,92.0,0.0,0.2,6.8,15.1
20250504010000,26.325998306274414,92.0,0.0,0.9,6.4,15.6
20250504010100,26.325998306274414,92.0,0.0,0.3,7.0,15.0
20250504010200,26.325998306274414,92.0,0.0,1.6,6.4,30.7
20250504010300,26.325998306274414,92.0,0.0,1.2,6.3,23.7
20250504010400,26.325998306274414,92.0,0.0,0.4,6.7,38.3
20250504010500,26.325998306274414,92.0,0.0,1.2,6.3,15.1
20250504010600,26.325998306274414,92.0,0.0,1.8,6.5,31.3
20250504010700,26.325998306274414,92.0,0.0,0.6,7.2,31.5
20250504010800,26.325998306274414,92.0,0.0,0.5,7.3,20.4
20250504010900,26.325998306274414,92.0,0.0,0.8,7.5,31.8
20250504011000,26.325998306274414,92.0,0.0,1.7,7.2,39.8
20250504011100,26.325998306274414,92.0,0.0,1.4,6.5,20.1
20250504011200,26.325998306274414,92.0,0.0,0.3,6.0,35.5
20250504011300,26.325998306274414,92.0,0.0,0.7,6.7,19.0
20250504011400,26.325998306274414,92.0,0.0,1.2,7.1,24.6
20250504011500,26.325998306274414,92.0,0.0,1.4,6.1,15.2
20250504011600,26.325998306274414,92.0,0.0,1.3,6.6,31.3
20250504011700,26.325998306274414,92.0,0.0,1.1,7.1,28.9
20250504011800,26.325998306274414,92.0,0.0,0.8,6.0,25.9
20250504011900,26.325998306274414,92.0,0.0,0.1,6.9,18.2
20250504012000,26.325998306274414,92.0,0.0,0.3,6.4,39.3
20250504012100,26.325998306274414,92.0,0.0,0.5,6.1,21.4
20250504012200,26.325998306274414,92.0,0.0,0.4,6.6,18.4
20250504012300,26.325998306274414,92.0,0.0,1.6,7.0,24.2
20250504012400,26.325998306274414,92.0,0.0,0.9,6.8,29.1
20250504012500,26.325998306274414,92.0,0.0,1.9,6.4,28.0
20250504012600,26.325998306274414,92.0,0.0,0.1,6.5,35.2
20250504012700,26.325998306274414,92.0,0.0,1.0,6.5,39.5
20250504012800,26.325998306274414,92.0,0.0,1.0,6.9,20.9
20250504012900,26.325998306274414,92.0,0.0,0.6,7.3,30.8
20250504013000,26.325998306274414,92.0,0.0,1.1,7.1,39.2
20250504013100,26.325998306274414,92.0,0.0,0.0,6.6,28.3
20250504013200,26.325998306274414,92.0,0.0,0.4,6.4,30.3
20250504013300,26.325998306274414,92.0,0.0,0.7,6.3,24.1
20250504013400,26.325998306274414,92.0,0.0,0.9,6.2,18.6
20250504013500,26.325998306274414,92.0,0.0,1.6,6.5,36.3
20250504013600,26.325998306274414,92.0,0.0,1.8,6.4,29.0
20250504013700,26.325998306274414,92.0,0.0,1.1,7.0,17.8
20250504013800,26.325998306274414,92.0,0.0,1.4,7.0,16.5
20250504013900,26.325998306274414,92.0,0.0,0.9,6.1,35.1
20250504014000,26.325998306274414,92.0,0.0,1.3,6.6,35.2
20250504014100,26.325998306274414,92.0,0.0,1.1,6.9,19.3
20250504014200,26.325998306274414,92.0,0.0,1.5,7.5,26.3
20250504014300,26.325998306274414,92.0,0.0,0.4,6.7,24.9
20250504014400,26.325998306274414,92.0,0.0,1.8,6.8,24.3
20250504014500,26.325998306274414,92.0,0.0,1.6,7.3,31.6
20250504014600,26.325998306274414,92.0,0.0,1.9,7.4,20.7
20250504014700,26.325998306274414,92.0,0.0,0.8,6.4,39.5
20250504014800,26.325998306274414,92.0,0.0,1.2,7.4,28.6
20250504014900,26.325998306274414,92.0,0.0,1.5,6.4,23.1
20250504015000,26.325998306274414,92.0,0.0,0.2,7.3,23.4
20250504015100,26.325998306274414,92.0,0.0,1.1,6.6,35.0
20250504015200,26.325998306274414,92.0,0.0,1.7,7.3,27.5
20250504015300,26.325998306274414,92.0,0.0,1.4,7.3,32.0
20250504015400,26.325998306274414,92.0,0.0,1.7,6.2,20.8
20250504015500,26.325998306274414,92.0,0.0,0.4,6.6,18.2
20250504015600,26.325998306274414,92.0,0.0,0.6,7.2,24.1
20250504015700,26.325998306274414,92.0,0.0,0.9,7.4,25.0
20250504015800,26.325998306274414,92.0,0.0,1.6,7.4,18.2
20250504015900,26.325998306274414,92.0,0.0,0.1,6.1,26.0
20250504020000,26.125999450683594,92.0,0.0,0.1,6.9,28.2
20250504020100,26.125999450683594,92.0,0.0,0.6,6.8,21.3
20250504020200,26.125999450683594,92.0,0.0,2.0,7.3,39.8
20250504020300,26.125999450683594,92.0,0.0,0.6,7.3,31.0
20250504020400,26.125999450683594,92.0,0.0,1.3,6.6,23.3
20250504020500,26.125999450683594,92.0,0.0,1.0,6.5,19.5
20250504020600,26.125999450683594,92.0,0.0,0.0,7.0,28.2
20250504020700,26.125999450683594,92.0,0.0,1.2,6.1,29.0
20250504020800,26.125999450683594,92.0,0.0,0.1,6.5,22.4
20250504020900,26.125999450683594,92.0,0.0,0.2,7.3,15.8
20250504021000,26.125999450683594,92.0,0.0,1.9,6.6,17.8
20250504021100,26.125999450683594,92.0,0.0,1.8,6.9,25.4
20250504021200,26.125999450683594,92.0,0.0,0.3,6.7,15.1
20250504021300,26.125999450683594,92.0,0.0,0.4,7.5,23.2
20250504021400,26.125999450683594,92.0,0.0,1.7,7.3,24.5
20250504021500,26.125999450683594,92.0,0.0,0.1,6.4,21.1
20250504021600,26.125999450683594,92.0,0.0,0.5,7.0,19.1
20250504021700,26.125999450683594,92.0,0.0,0.2,7.0,24.4
20250504021800,26.125999450683594,92.0,0.0,0.9,6.4,17.1
20250504021900,26.125999450683594,92.0,0.0,2.0,6.0,18.4
20250504022000,26.125999450683594,92.0,0.0,1.2,7.1,21.9
20250504022100,26.125999450683594,92.0,0.0,1.5,6.4,35.0
20250504022200,26.125999450683594,92.0,0.0,0.8,7.4,21.6
20250504022300,26.125999450683594,92.0,0.0,0.3,6.2,38.2
20250504022400,26.125999450683594,92.0,0.0,1.8,7.0,39.8
20250504022500,26.125999450683594,92.0,0.0,2.0,6.5,26.5
20250504022600,26.125999450683594,92.0,0.0,0.7,7.4,37.9
20250504022700,26.125999450683594,92.0,0.0,0.9,7.2,30.8
20250504022800,26.125999450683594,92.0,0.0,0.7,6.2,17.3
20250504022900,26.125999450683594,92.0,0.0,2.0,6.6,30.7
20250504023000,26.125999450683594,92.0,0.0,0.1,6.2,23.6
20250504023100,26.125999450683594,92.0,0.0,0.7,6.0,15.2
20250504023200,26.125999450683594,92.0,0.0,2.0,6.8,39.2
20250504023300,26.125999450683594,92.0,0.0,1.2,6.4,37.9
20250504023400,26.125999450683594,92.0,0.0,0.9,6.7,15.6
20250504023500,26.125999450683594,92.0,0.0,1.3,7.5,37.3
20250504023600,26.125999450683594,92.0,0.0,1.4,7.1,39.1
20250504023700,26.125999450683594,92.0,0.0,1.7,6.9,34.9
20250504023800,26.125999450683594,92.0,0.0,0.8,6.1,17.2
20250504023900,26.125999450683594,92.0,0.0,0.7,6.7,24.6
20250504024000,26.125999450683594,92.0,0.0,0.5,7.4,34.0
20250504024100,26.125999450683594,92.0,0.0,1.5,7.2,28.6
20250504024200,26.125999450683594,92.0,0.0,0.1,7.2,29.7
20250504024300,26.125999450683594,92.0,0.0,1.3,6.4,23.3
20250504024400,26.125999450683594,92.0,0.0,0.7,7.3,35.3
20250504024500,26.125999450683594,92.0,0.0,0.3,7.4,33.3
20250504024600,26.125999450683594,92.0,0.0,0.3,7.1,17.1
20250504024700,26.125999450683594,92.0,0.0,0.0,7.0,30.3
20250504024800,26.125999450683594,92.0,0.0,1.0,6.6,31.0
20250504024900,26.125999450683594,92.0,0.0,0.9,7.3,31.2
20250504025000,26.125999450683594,92.0,0.0,1.1,7.4,25.9
20250504025100,26.125999450683594,92.0,0.0,1.8,6.4,21.8
20250504025200,26.125999450683594,92.0,0.0,1.0,7.5,36.0
20250504025300,26.125999450683594,92.0,0.0,1.4,6.5,34.5
20250504025400,26.125999450683594,92.0,0.0,1.7,6.5,26.6
20250504025500,26.125999450683594,92.0,0.0,0.8,6.1,28.7
20250504025600,26.125999450683594,92.0,0.0,1.1,7.3,39.4
20250504025700,26.125999450683594,92.0,0.0,1.4,6.6,26.9
20250504025800,26.125999450683594,92.0,0.0,1.6,7.1,25.4
20250504025900,26.125999450683594,92.0,0.0,0.9,7.3,36.6
20250504030000,26.025999069213867,92.0,0.0,1.6,6.6,21.7
20250504030100,26.025999069213867,92.0,0.0,0.4,7.3,38.9
20250504030200,26.025999069213867,92.0,0.0,0.7,7.2,19.0
20250504030300,26.025999069213867,92.0,0.0,0.7,6.6,17.2
20250504030400,26.025999069213867,92.0,0.0,0.4,7.0,19.6
20250504030500,26.025999069213867,92.0,0.0,1.6,7.1,15.8
20250504030600,26.025999069213867,92.0,0.0,0.5,6.7,37.1
20250504030700,26.025999069213867,92.0,0.0,1.5,6.3,36.7
20250504030800,26.025999069213867,92.0,0.0,0.1,6.3,26.4
20250504030900,26.025999069213867,92.0,0.0,0.9,7.0,15.3
20250504031000,26.025999069213867,92.0,0.0,1.4,6.6,37.6
20250504031100,26.025999069213867,92.0,0.0,1.7,6.0,24.2
20250504031200,26.025999069213867,92.0,0.0,0.1,7.4,34.0
20250504031300,26.025999069213867,92.0,0.0,0.4,7.4,17.2
20250504031400,26.025999069213867,92.0,0.0,0.4,7.3,25.8
20250504031500,26.025999069213867,92.0,0.0,0.5,7.0,17.4
20250504031600,26.025999069213867,92.0,0.0,1.4,6.5,15.1
20250504031700,26.025999069213867,92.0,0.0,1.1,6.9,29.0
20250504031800,26.025999069213867,92.0,0.0,1.6,6.6,23.3
20250504031900,26.025999069213867,92.0,0.0,0.7,6.4,15.7
20250504032000,26.025999069213867,92.0,0.0,1.2,6.5,38.1
20250504032100,26.025999069213867,92.0,0.0,1.2,6.1,29.9
20250504032200,26.025999069213867,92.0,0.0,0.4,7.1,38.0
20250504032300,26.025999069213867,92.0,0.0,2.0,6.3,39.8
20250504032400,26.025999069213867,92.0,0.0,1.4,6.5,18.3
20250504032500,26.025999069213867,92.0,0.0,1.6,7.3,18.3
20250504032600,26.025999069213867,92.0,0.0,1.9,6.9,26.1
20250504032700,26.025999069213867,92.0,0.0,0.1,6.5,38.5
20250504032800,26.025999069213867,92.0,0.0,1.3,6.2,37.4
20250504032900,26.025999069213867,92.0,0.0,0.3,6.5,38.3
20250504033000,26.025999069213867,92.0,0.0,0.0,7.0,23.4
20250504033100,26.025999069213867,92.0,0.0,0.8,6.9,19.0
20250504033200,26.025999069213867,92.0,0.0,1.1,6.4,31.5
20250504033300,26.025999069213867,92.0,0.0,1.7,7.3,17.6
20250504033400,26.025999069213867,92.0,0.0,1.5,6.3,15.2
20250504033500,26.025999069213867,92.0,0.0,0.5,6.3,30.7
20250504033600,26.025999069213867,92.0,0.0,1.8,7.1,20.9
20250504033700,26.025999069213867,92.0,0.0,1.3,6.0,36.5
20250504033800,26.025999069213867,92.0,0.0,1.9,7.3,16.3
20250504033900,26.025999069213867,92.0,0.0,1.9,7.5,26.8
20250504034000,26.025999069213867,92.0,0.0,0.1,6.5,20.4
20250504034100,26.025999069213867,92.0,0.0,0.4,7.0,27.4
20250504034200,26.025999069213867,92.0,0.0,1.0,7.3,31.4
20250504034300,26.025999069213867,92.0,0.0,1.2,7.0,19.3
20250504034400,26.025999069213867,92.0,0.0,0.3,6.3,36.6
20250504034500,26.025999069213867,92.0,0.0,0.5,6.3,21.9
20250504034600,26.025999069213867,92.0,0.0,1.3,7.4,25.1
20250504034700,26.025999069213867,92.0,0.0,1.2,6.7,30.9
20250504034800,26.025999069213867,92.0,0.0,1.4,6.7,20.0
20250504034900,26.025999069213867,92.0,0.0,0.5,6.2,39.4
20250504035000,26.025999069213867,92.0,0.0,1.7,7.3,18.0
20250504035100,26.025999069213867,92.0,0.0,1.8,7.4,16.8
20250504035200,26.025999069213867,92.0,0.0,1.1,6.5,24.6
20250504035300,26.025999069213867,92.0,0.0,0.7,6.7,34.6
20250504035400,26.025999069213867,92.0,0.0,0.7,7.4,18.3
20250504035500,26.025999069213867,92.0,0.0,0.2,6.8,17.9
20250504035600,26.025999069213867,92.0,0.0,0.4,6.5,39.8
20250504035700,26.025999069213867,92.0,0.0,1.9,6.8,20.9
20250504035800,26.025999069213867,92.0,0.0,1.7,6.1,27.4
20250504035900,26.025999069213867,92.0,0.0,1.1,7.0,35.2
20250504040000,25.92599868774414,92.0,0.0,2.0,6.9,30.1
20250504040100,25.92599868774414,92.0,0.0,1.9,7.2,24.3
20250504040200,25.92599868774414,92.0,0.0,0.0,6.9,21.3
20250504040300,25.92599868774414,92.0,0.0,0.8,6.5,33.2
20250504040400,25.92599868774414,92.0,0.0,0.8,6.1,27.5
20250504040500,25.92599868774414,92.0,0.0,0.9,7.2,25.6
20250504040600,25.92599868774414,92.0,0.0,0.7,7.0,33.2
20250504040700,25.92599868774414,92.0,0.0,1.5,6.4,29.7
20250504040800,25.92599868774414,92.0,0.0,0.6,6.9,27.3
20250504040900,25.92599868774414,92.0,0.0,1.5,6.3,19.5
20250504041000,25.92599868774414,92.0,0.0,0.7,6.7,21.5
20250504041100,25.92599868774414,92.0,0.0,1.2,7.3,19.0
20250504041200,25.92599868774414,92.0,0.0,1.2,6.3,38.4
20250504041300,25.92599868774414,92.0,0.0,1.0,6.4,25.2
20250504041400,25.92599868774414,92.0,0.0,0.1,6.9,17.5
20250504041500,25.92599868774414,92.0,0.0,0.2,7.1,37.2
20250504041600,25.92599868774414,92.0,0.0,0.5,6.8,24.7
20250504041700,25.92599868774414,92.0,0.0,0.4,7.0,34.7
20250504041800,25.92599868774414,92.0,0.0,0.2,7.4,36.9
20250504041900,25.92599868774414,92.0,0.0,1.7,6.0,34.1
20250504042000,25.92599868774414,92.0,0.0,0.9,7.4,33.2
20250504042100,25.92599868774414,92.0,0.0,0.2,7.1,28.2
20250504042200,25.92599868774414,92.0,0.0,1.2,6.3,18.6
20250504042300,25.92599868774414,92.0,0.0,1.7,7.4,18.4
20250504042400,25.92599868774414,92.0,0.0,0.7,7.1,28.1
20250504042500,25.92599868774414,92.0,0.0,1.6,6.1,18.9
20250504042600,25.92599868774414,92.0,0.0,1.6,7.4,17.1
20250504042700,25.92599868774414,92.0,0.0,1.5,7.0,25.1
20250504042800,25.92599868774414,92.0,0.0,0.9,6.0,35.0
20250504042900,25.92599868774414,92.0,0.0,1.9,6.2,21.1
20250504043000,25.92599868774414,92.0,0.0,2.0,6.5,30.5
20250504043100,25.92599868774414,92.0,0.0,1.2,6.1,23.7
20250504043200,25.92599868774414,92.0,0.0,0.7,7.4,37.8
20250504043300,25.92599868774414,92.0,0.0,1.6,6.8,33.5
20250504043400,25.92599868774414,92.0,0.0,1.1,6.6,25.5
20250504043500,25.92599868774414,92.0,0.0,0.3,6.6,19.2
20250504043600,25.92599868774414,92.0,0.0,0.0,7.4,19.2
20250504043700,25.92599868774414,92.0,0.0,1.2,7.4,33.7
20250504043800,25.92599868774414,92.0,0.0,1.0,6.1,22.7
20250504043900,25.92599868774414,92.0,0.0,1.1,6.3,31.8
20250504044000,25.92599868774414,92.0,0.0,0.3,6.8,28.6
20250504044100,25.92599868774414,92.0,0.0,0.3,6.3,24.5
20250504044200,25.92599868774414,92.0,0.0,0.6,6.4,18.3
20250504044300,25.92599868774414,92.0,0.0,0.5,7.4,17.0
20250504044400,25.92599868774414,92.0,0.0,1.4,6.8,30.7
20250504044500,25.92599868774414,92.0,0.0,2.0,6.2,18.6
20250504044600,25.92599868774414,92.0,0.0,0.5,7.1,23.0
20250504044700,25.92599868774414,92.0,0.0,0.5,7.1,23.1
20250504044800,25.92599868774414,92.0,0.0,0.5,6.5,34.1
20250504044900,25.92599868774414,92.0,0.0,0.4,6.0,17.7
20250504045000,25.92599868774414,92.0,0.0,1.8,6.7,22.4
20250504045100,25.92599868774414,92.0,0.0,1.5,7.5,35.5
20250504045200,25.92599868774414,92.0,0.0,0.1,7.0,32.6
20250504045300,25.92599868774414,92.0,0.0,0.2,7.2,24.1
20250504045400,25.92599868774414,92.0,0.0,0.7,6.4,39.3
20250504045500,25.92599868774414,92.0,0.0,0.3,6.9,35.3
20250504045600,25.92599868774414,92.0,0.0,1.6,6.9,27.7
20250504045700,25.92599868774414,92.0,0.0,0.3,7.2,20.7
20250504045800,25.92599868774414,92.0,0.0,0.1,7.2,18.6
20250504045900,25.92599868774414,92.0,0.0,1.3,6.1,24.8
20250504050000,25.875999450683594,91.0,0.0,1.4,6.7,22.4
20250504050100,25.875999450683594,91.0,0.0,0.8,7.1,37.6
20250504050200,25.875999450683594,91.0,0.0,0.9,6.6,29.8
20250504050300,25.875999450683594,91.0,0.0,1.6,7.4,18.4
20250504050400,25.875999450683594,91.0,0.0,1.6,6.9,18.5
20250504050500,25.875999450683594,91.0,0.0,1.4,6.9,17.4
20250504050600,25.875999450683594,91.0,0.0,1.0,6.4,20.7
20250504050700,25.875999450683594,91.0,0.0,1.7,7.1,23.1
20250504050800,25.875999450683594,91.0,0.0,1.7,6.4,23.7
20250504050900,25.875999450683594,91.0,0.0,0.9,6.2,35.2
20250504051000,25.875999450683594,91.0,0.0,0.3,7.2,29.0
20250504051100,25.875999450683594,91.0,0.0,1.9,6.2,21.3
20250504051200,25.875999450683594,91.0,0.0,1.2,6.5,36.1
20250504051300,25.875999450683594,91.0,0.0,1.8,7.5,33.9
20250504051400,25.875999450683594,91.0,0.0,1.1,7.4,17.7
20250504051500,25.875999450683594,91.0,0.0,1.8,6.9,35.2
20250504051600,25.875999450683594,91.0,0.0,1.8,7.1,29.0
20250504051700,25.875999450683594,91.0,0.0,1.3,6.9,25.7
20250504051800,25.875999450683594,91.0,0.0,1.1,7.5,20.6
20250504051900,25.875999450683594,91.0,0.0,0.5,6.5,37.9
20250504052000,25.875999450683594,91.0,0.0,0.2,7.4,31.2
20250504052100,25.875999450683594,91.0,0.0,1.1,6.6,21.0
20250504052200,25.875999450683594,91.0,0.0,1.8,6.7,20.2
20250504052300,25.875999450683594,91.0,0.0,0.2,6.1,39.8
20250504052400,25.875999450683594,91.0,0.0,0.8,6.4,24.6
20250504052500,25.875999450683594,91.0,0.0,1.3,6.1,26.8
20250504052600,25.875999450683594,91.0,0.0,2.0,7.1,37.9
20250504052700,25.875999450683594,91.0,0.0,0.9,6.0,18.1
20250504052800,25.875999450683594,91.0,0.0,2.0,6.9,29.1
20250504052900,25.875999450683594,91.0,0.0,0.9,7.0,34.5
20250504053000,25.875999450683594,91.0,0.0,1.7,7.1,16.6
20250504053100,25.875999450683594,91.0,0.0,1.9,7.3,16.3
20250504053200,25.875999450683594,91.0,0.0,1.3,7.1,22.1
20250504053300,25.875999450683594,91.0,0.0,1.5,7.2,21.3
20250504053400,25.875999450683594,91.0,0.0,0.1,7.1,25.9
20250504053500,25.875999450683594,91.0,0.0,1.9,7.1,24.5
20250504053600,25.875999450683594,91.0,0.0,0.6,7.3,28.0
20250504053700,25.875999450683594,91.0,0.0,0.2,7.1,32.5
20250504053800,25.875999450683594,91.0,0.0,0.9,7.3,28.7
20250504053900,25.875999450683594,91.0,0.0,0.5,6.1,37.9
20250504054000,25.875999450683594,91.0,0.0,1.5,6.9,20.3
20250504054100,25.875999450683594,91.0,0.0,0.9,7.4,24.2
20250504054200,25.875999450683594,91.0,0.0,1.9,6.8,37.5
20250504054300,25.875999450683594,91.0,0.0,1.3,6.0,20.8
20250504054400,25.875999450683594,91.0,0.0,0.1,6.5,24.1
20250504054500,25.875999450683594,91.0,0.0,1.8,6.5,22.6
20250504054600,25.875999450683594,91.0,0.0,1.7,6.4,29.9
20250504054700,25.875999450683594,91.0,0.0,0.0,7.3,19.9
20250504054800,25.875999450683594,91.0,0.0,1.4,7.4,23.7
20250504054900,25.875999450683594,91.0,0.0,0.3,6.6,30.8
20250504055000,25.875999450683594,91.0,0.0,1.2,7.0,22.7
20250504055100,25.875999450683594,91.0,0.0,0.8,7.2,18.7
20250504055200,25.875999450683594,91.0,0.0,0.6,6.6,16.6
20250504055300,25.875999450683594,91.0,0.0,0.5,6.6,34.2
20250504055400,25.875999450683594,91.0,0.0,0.5,6.9,22.7
20250504055500,25.875999450683594,91.0,0.0,1.2,6.3,32.5
20250504055600,25.875999450683594,91.0,0.0,0.4,7.5,24.7
20250504055700,25.875999450683594,91.0,0.0,1.5,7.2,36.7
20250504055800,25.875999450683594,91.0,0.0,1.7,7.1,40.0
20250504055900,25.875999450683594,91.0,0.0,0.9,6.6,34.9
20250504060000,25.92599868774414,92.0,0.0,1.5,7.3,36.1
20250504060100,25.92599868774414,92.0,0.0,0.8,6.9,19.5
20250504060200,25.92599868774414,92.0,0.0,1.8,6.9,29.3
20250504060300,25.92599868774414,92.0,0.0,1.8,7.4,29.2
20250504060400,25.92599868774414,92.0,0.0,0.7,6.8,36.0
20250504060500,25.92599868774414,92.0,0.0,0.8,7.3,35.4
20250504060600,25.92599868774414,92.0,0.0,1.8,7.3,39.4
20250504060700,25.92599868774414,92.0,0.0,1.2,7.2,27.5
20250504060800,25.92599868774414,92.0,0.0,0.6,7.0,33.8
20250504060900,25.92599868774414,92.0,0.0,0.7,7.4,16.0
20250504061000,25.92599868774414,92.0,0.0,1.9,6.0,29.9
20250504061100,25.92599868774414,92.0,0.0,1.5,7.1,29.0
20250504061200,25.92599868774414,92.0,0.0,0.7,6.5,35.2
20250504061300,25.92599868774414,92.0,0.0,0.8,7.1,16.7
20250504061400,25.92599868774414,92.0,0.0,1.5,6.0,16.5
20250504061500,25.92599868774414,92.0,0.0,1.2,7.5,37.8
20250504061600,25.92599868774414,92.0,0.0,0.4,7.5,20.6
20250504061700,25.92599868774414,92.0,0.0,0.2,6.1,32.5
20250504061800,25.92599868774414,92.0,0.0,0.6,6.4,15.3
20250504061900,25.92599868774414,92.0,0.0,0.8,6.8,33.3
20250504062000,25.92599868774414,92.0,0.0,0.9,6.0,30.0
20250504062100,25.92599868774414,92.0,0.0,1.9,7.3,28.1
20250504062200,25.92599868774414,92.0,0.0,0.2,7.4,31.3
20250504062300,25.92599868774414,92.0,0.0,0.4,6.6,33.8
20250504062400,25.92599868774414,92.0,0.0,1.9,7.2,38.5
20250504062500,25.92599868774414,92.0,0.0,1.4,6.4,33.7
20250504062600,25.92599868774414,92.0,0.0,2.0,7.0,36.6
20250504062700,25.92599868774414,92.0,0.0,1.7,6.7,27.2
20250504062800,25.92599868774414,92.0,0.0,0.7,6.1,20.5
20250504062900,25.92599868774414,92.0,0.0,0.2,6.4,21.1
20250504063000,25.92599868774414,92.0,0.0,1.5,6.4,21.3
20250504063100,25.92599868774414,92.0,0.0,1.4,6.5,19.0
20250504063200,25.92599868774414,92.0,0.0,1.0,6.9,37.4
20250504063300,25.92599868774414,92.0,0.0,1.2,7.2,32.7
20250504063400,25.92599868774414,92.0,0.0,0.3,6.9,39.9
20250504063500,25.92599868774414,92.0,0.0,1.0,7.1,23.3
20250504063600,25.92599868774414,92.0,0.0,0.7,7.4,17.3
20250504063700,25.92599868774414,92.0,0.0,0.8,6.5,34.1
20250504063800,25.92599868774414,92.0,0.0,0.2,6.5,18.2
20250504063900,25.92599868774414,92.0,0.0,2.0,6.4,23.8
20250504064000,25.92599868774414,92.0,0.0,1.3,6.5,31.5
20250504064100,25.92599868774414,92.0,0.0,1.0,6.0,30.0
20250504064200,25.92599868774414,92.0,0.0,1.8,7.3,17.0
20250504064300,25.92599868774414,92.0,0.0,0.2,6.3,38.5
20250504064400,25.92599868774414,92.0,0.0,1.4,6.5,36.6
20250504064500,25.92599868774414,92.0,0.0,1.5,6.8,33.8
20250504064600,25.92599868774414,92.0,0.0,1.2,6.9,26.7
20250504064700,25.92599868774414,92.0,0.0,0.0,7.2,32.8
20250504064800,25.92599868774414,92.0,0.0,1.7,6.4,32.4
20250504064900,25.92599868774414,92.0,0.0,0.0,6.3,30.1
20250504065000,25.92599868774414,92.0,0.0,0.1,7.4,26.8
20250504065100,25.92599868774414,92.0,0.0,0.6,7.2,33.9
20250504065200,25.92599868774414,92.0,0.0,0.5,6.9,33.7
20250504065300,25.92599868774414,92.0,0.0,1.5,6.0,36.5
20250504065400,25.92599868774414,92.0,0.0,2.0,6.8,35.7
20250504065500,25.92599868774414,92.0,0.0,0.7,7.5,21.2
20250504065600,25.92599868774414,92.0,0.0,0.1,6.9,30.0
20250504065700,25.92599868774414,92.0,0.0,0.6,7.4,30.7
20250504065800,25.92599868774414,92.0,0.0,1.2,7.3,36.5
20250504065900,25.92599868774414,92.0,0.0,0.6,7.4,31.5
20250504070000,26.92599868774414,89.0,0.0,0.7,6.9,20.4
20250504070100,26.92599868774414,89.0,0.0,0.6,6.8,25.2
20250504070200,26.92599868774414,89.0,0.0,0.3,6.1,37.6
20250504070300,26.92599868774414,89.0,0.0,0.5,6.1,30.2
20250504070400,26.92599868774414,89.0,0.0,1.4,6.4,25.1
20250504070500,26.92599868774414,89.0,0.0,0.8,6.5,17.4
20250504070600,26.92599868774414,89.0,0.0,1.0,6.5,36.9
20250504070700,26.92599868774414,89.0,0.0,1.2,6.3,16.0
20250504070800,26.92599868774414,89.0,0.0,1.8,6.1,36.1
20250504070900,26.92599868774414,89.0,0.0,0.2,6.6,34.6
20250504071000,26.92599868774414,89.0,0.0,0.6,7.0,37.0
20250504071100,26.92599868774414,89.0,0.0,0.7,7.2,26.7
20250504071200,26.92599868774414,89.0,0.0,0.7,7.5,27.0
20250504071300,26.92599868774414,89.0,0.0,1.1,6.4,22.5
20250504071400,26.92599868774414,89.0,0.0,0.8,6.7,37.8
20250504071500,26.92599868774414,89.0,0.0,1.5,6.6,39.5
20250504071600,26.92599868774414,89.0,0.0,0.6,6.5,18.8
20250504071700,26.92599868774414,89.0,0.0,0.4,7.4,36.1
20250504071800,26.92599868774414,89.0,0.0,1.5,7.0,30.0
20250504071900,26.92599868774414,89.0,0.0,0.1,7.3,28.5
20250504072000,26.92599868774414,89.0,0.0,0.6,7.0,24.1
20250504072100,26.92599868774414,89.0,0.0,0.4,7.4,25.0
20250504072200,26.92599868774414,89.0,0.0,1.2,7.3,38.5
20250504072300,26.92599868774414,89.0,0.0,0.8,6.4,23.6
20250504072400,26.92599868774414,89.0,0.0,0.5,6.0,22.0
20250504072500,26.92599868774414,89.0,0.0,1.9,6.2,21.0
20250504072600,26.92599868774414,89.0,0.0,1.5,7.2,32.4
20250504072700,26.92599868774414,89.0,0.0,1.2,6.5,15.8
20250504072800,26.92599868774414,89.0,0.0,1.8,6.8,34.8
20250504072900,26.92599868774414,89.0,0.0,1.0,7.5,32.5
20250504073000,26.92599868774414,89.0,0.0,0.6,6.7,20.6
20250504073100,26.92599868774414,89.0,0.0,1.2,7.1,21.3
20250504073200,26.92599868774414,89.0,0.0,0.8,7.3,35.0
20250504073300,26.92599868774414,89.0,0.0,0.5,6.4,24.3
20250504073400,26.92599868774414,89.0,0.0,1.5,7.0,37.7
20250504073500,26.92599868774414,89.0,0.0,0.8,6.3,17.2
20250504073600,26.92599868774414,89.0,0.0,1.3,6.8,36.5
20250504073700,26.92599868774414,89.0,0.0,2.0,6.3,24.3
20250504073800,26.92599868774414,89.0,0.0,1.0,7.2,30.2
20250504073900,26.92599868774414,89.0,0.0,0.5,6.3,29.6
20250504074000,26.92599868774414,89.0,0.0,0.7,7.2,29.3
20250504074100,26.92599868774414,89.0,0.0,0.0,6.8,38.6
20250504074200,26.92599868774414,89.0,0.0,1.2,7.3,37.6
20250504074300,26.92599868774414,89.0,0.0,0.4,7.4,17.5
20250504074400,26.92599868774414,89.0,0.0,0.7,7.2,37.9
20250504074500,26.92599868774414,89.0,0.0,1.2,6.2,36.4
20250504074600,26.92599868774414,89.0,0.0,0.7,6.4,26.3
20250504074700,26.92599868774414,89.0,0.0,0.3,7.1,17.8
20250504074800,26.92599868774414,89.0,0.0,1.8,6.5,28.9
20250504074900,26.92599868774414,89.0,0.0,0.9,6.4,23.1
20250504075000,26.92599868774414,89.0,0.0,0.2,7.4,27.8
20250504075100,26.92599868774414,89.0,0.0,1.5,7.4,24.1
20250504075200,26.92599868774414,89.0,0.0,0.5,7.5,25.5
20250504075300,26.92599868774414,89.0,0.0,1.9,6.9,26.5
20250504075400,26.92599868774414,89.0,0.0,0.3,7.3,36.9
20250504075500,26.92599868774414,89.0,0.0,0.1,6.9,35.0
20250504075600,26.92599868774414,89.0,0.0,1.9,6.3,22.5
20250504075700,26.92599868774414,89.0,0.0,0.6,6.9,28.3
20250504075800,26.92599868774414,89.0,0.0,0.2,7.3,26.3
20250504075900,26.92599868774414,89.0,0.0,1.1,6.4,17.0
20250504080000,28.22599983215332,82.0,0.0,1.9,6.3,16.0
20250504080100,28.22599983215332,82.0,0.0,0.8,6.9,21.2
20250504080200,28.22599983215332,82.0,0.0,1.0,7.1,28.1
20250504080300,28.22599983215332,82.0,0.0,0.7,6.3,31.1
20250504080400,28.22599983215332,82.0,0.0,0.1,6.0,40.0
20250504080500,28.22599983215332,82.0,0.0,0.1,7.4,15.6
20250504080600,28.22599983215332,82.0,0.0,0.1,7.3,36.8
20250504080700,28.22599983215332,82.0,0.0,0.8,6.1,29.4
20250504080800,28.22599983215332,82.0,0.0,1.3,7.2,36.1
20250504080900,28.22599983215332,82.0,0.0,1.2,6.9,32.0
20250504081000,28.22599983215332,82.0,0.0,1.8,7.4,36.8
20250504081100,28.22599983215332,82.0,0.0,1.1,6.1,21.8
20250504081200,28.22599983215332,82.0,0.0,1.5,6.9,31.4
20250504081300,28.22599983215332,82.0,0.0,0.8,6.1,34.1
20250504081400,28.22599983215332,82.0,0.0,1.4,6.3,28.8
20250504081500,28.22599983215332,82.0,0.0,0.9,6.1,20.5
20250504081600,28.22599983215332,82.0,0.0,1.2,6.3,27.7
20250504081700,28.22599983215332,82.0,0.0,1.2,6.6,39.0
20250504081800,28.22599983215332,82.0,0.0,0.2,6.0,37.6
20250504081900,28.22599983215332,82.0,0.0,1.4,6.5,33.1
20250504082000,28.22599983215332,82.0,0.0,0.7,7.1,19.3
20250504082100,28.22599983215332,82.0,0.0,0.6,6.7,34.5
20250504082200,28.22599983215332,82.0,0.0,0.6,6.4,37.1
20250504082300,28.22599983215332,82.0,0.0,1.8,7.1,28.3
20250504082400,28.22599983215332,82.0,0.0,1.9,6.6,35.5
20250504082500,28.22599983215332,82.0,0.0,2.0,6.0,28.4
20250504082600,28.22599983215332,82.0,0.0,0.4,6.9,35.8
20250504082700,28.22599983215332,82.0,0.0,1.0,6.1,21.7
20250504082800,28.22599983215332,82.0,0.0,1.4,6.1,26.3
20250504082900,28.22599983215332,82.0,0.0,0.4,7.1,18.6
20250504083000,28.22599983215332,82.0,0.0,0.5,6.8,29.0
20250504083100,28.22599983215332,82.0,0.0,0.3,7.2,38.1
20250504083200,28.22599983215332,82.0,0.0,1.1,6.4,16.6
20250504083300,28.22599983215332,82.0,0.0,1.0,7.2,21.5
20250504083400,28.22599983215332,82.0,0.0,1.8,7.0,33.3
20250504083500,28.22599983215332,82.0,0.0,0.4,6.5,15.3
20250504083600,28.22599983215332,82.0,0.0,1.4,6.8,36.3
20250504083700,28.22599983215332,82.0,0.0,1.4,6.6,20.3
20250504083800,28.22599983215332,82.0,0.0,1.2,7.2,38.5
20250504083900,28.22599983215332,82.0,0.0,0.1,7.1,24.1
20250504084000,28.22599983215332,82.0,0.0,1.8,7.4,19.8
20250504084100,28.22599983215332,82.0,0.0,0.9,6.6,20.6
20250504084200,28.22599983215332,82.0,0.0,0.6,7.0,22.4
20250504084300,28.22599983215332,82.0,0.0,0.5,6.9,36.3
20250504084400,28.22599983215332,82.0,0.0,0.5,7.1,15.8
20250504084500,28.22599983215332,82.0,0.0,0.3,6.7,36.1
20250504084600,28.22599983215332,82.0,0.0,0.9,6.9,23.3
20250504084700,28.22599983215332,82.0,0.0,1.7,6.9,16.1
20250504084800,28.22599983215332,82.0,0.0,1.1,7.0,23.8
20250504084900,28.22599983215332,82.0,0.0,1.1,6.4,21.4
20250504085000,28.22599983215332,82.0,0.0,0.8,6.8,20.0
20250504085100,28.22599983215332,82.0,0.0,1.4,7.1,18.6
20250504085200,28.22599983215332,82.0,0.0,1.1,6.9,27.9
20250504085300,28.22599983215332,82.0,0.0,0.8,6.4,27.4
20250504085400,28.22599983215332,82.0,0.0,1.9,6.3,23.3
20250504085500,28.22599983215332,82.0,0.0,1.6,6.1,26.9
20250504085600,28.22599983215332,82.0,0.0,0.2,6.5,23.3
20250504085700,28.22599983215332,82.0,0.0,0.4,6.6,23.7
20250504085800,28.22599983215332,82.0,0.0,0.1,6.4,35.7
20250504085900,28.22599983215332,82.0,0.0,0.8,6.4,26.0
20250504090000,29.575998306274414,75.0,0.0,0.6,6.9,17.2
20250504090100,29.575998306274414,75.0,0.0,0.3,6.3,17.6
20250504090200,29.575998306274414,75.0,0.0,0.6,7.5,20.7
20250504090300,29.575998306274414,75.0,0.0,1.1,7.2,23.0
20250504090400,29.575998306274414,75.0,0.0,0.4,6.8,36.2
20250504090500,29.575998306274414,75.0,0.0,0.2,6.1,16.5
20250504090600,29.575998306274414,75.0,0.0,0.8,6.7,27.1
20250504090700,29.575998306274414,75.0,0.0,0.5,7.1,24.4
20250504090800,29.575998306274414,75.0,0.0,0.5,6.1,30.9
20250504090900,29.575998306274414,75.0,0.0,1.4,6.3,31.8
20250504091000,29.575998306274414,75.0,0.0,1.0,6.0,17.2
20250504091100,29.575998306274414,75.0,0.0,1.5,6.7,16.8
20250504091200,29.575998306274414,75.0,0.0,1.2,7.3,29.3
20250504091300,29.575998306274414,75.0,0.0,1.7,6.7,24.5
20250504091400,29.575998306274414,75.0,0.0,1.4,6.2,20.4
20250504091500,29.575998306274414,75.0,0.0,1.5,6.2,23.5
20250504091600,29.575998306274414,75.0,0.0,1.6,7.4,25.1
20250504091700,29.575998306274414,75.0,0.0,0.4,7.1,38.0
20250504091800,29.575998306274414,75.0,0.0,1.4,6.6,37.1
20250504091900,29.575998306274414,75.0,0.0,0.6,7.4,27.5
20250504092000,29.575998306274414,75.0,0.0,1.1,6.8,36.6
20250504092100,29.575998306274414,75.0,0.0,0.5,7.0,16.1
20250504092200,29.575998306274414,75.0,0.0,1.3,7.2,18.9
20250504092300,29.575998306274414,75.0,0.0,1.6,6.3,22.8
20250504092400,29.575998306274414,75.0,0.0,1.7,7.3,22.6
20250504092500,29.575998306274414,75.0,0.0,1.1,6.7,37.4
20250504092600,29.575998306274414,75.0,0.0,0.2,6.9,38.8
20250504092700,29.575998306274414,75.0,0.0,1.7,6.0,22.2
20250504092800,29.575998306274414,75.0,0.0,0.4,7.0,33.6
20250504092900,29.575998306274414,75.0,0.0,0.7,7.2,33.6
20250504093000,29.575998306274414,75.0,0.0,0.8,6.9,39.8
20250504093100,29.575998306274414,75.0,0.0,0.9,7.1,33.4
20250504093200,29.575998306274414,75.0,0.0,1.4,6.5,28.0
20250504093300,29.575998306274414,75.0,0.0,0.9,7.2,18.0
20250504093400,29.575998306274414,75.0,0.0,1.7,6.4,21.0
20250504093500,29.575998306274414,75.0,0.0,0.9,6.2,24.1
20250504093600,29.575998306274414,75.0,0.0,0.9,6.0,19.2
20250504093700,29.575998306274414,75.0,0.0,1.0,6.3,28.8
20250504093800,29.575998306274414,75.0,0.0,0.6,6.3,24.3
20250504093900,29.575998306274414,75.0,0.0,0.7,6.4,35.2
20250504094000,29.575998306274414,75.0,0.0,0.0,6.4,31.5
20250504094100,29.575998306274414,75.0,0.0,0.2,6.1,29.0
20250504094200,29.575998306274414,75.0,0.0,1.9,7.2,32.5
20250504094300,29.575998306274414,75.0,0.0,0.1,6.5,28.2
20250504094400,29.575998306274414,75.0,0.0,0.3,7.4,34.9
20250504094500,29.575998306274414,75.0,0.0,1.4,6.3,36.2
20250504094600,29.575998306274414,75.0,0.0,1.5,6.9,38.4
20250504094700,29.575998306274414,75.0,0.0,1.0,6.1,16.2
20250504094800,29.575998306274414,75.0,0.0,0.9,7.2,23.0
20250504094900,29.575998306274414,75.0,0.0,1.2,6.2,27.9
20250504095000,29.575998306274414,75.0,0.0,0.4,7.4,36.2
20250504095100,29.575998306274414,75.0,0.0,0.6,7.2,25.4
20250504095200,29.575998306274414,75.0,0.0,1.0,6.2,27.2
20250504095300,29.575998306274414,75.0,0.0,1.3,6.8,20.2
20250504095400,29.575998306274414,75.0,0.0,1.1,6.6,23.1
20250504095500,29.575998306274414,75.0,0.0,0.8,7.0,24.9
20250504095600,29.575998306274414,75.0,0.0,1.6,7.1,20.1
20250504095700,29.575998306274414,75.0,0.0,1.4,7.1,18.4
20250504095800,29.575998306274414,75.0,0.0,1.7,6.4,24.0
20250504095900,29.575998306274414,75.0,0.0,0.9,6.3,29.1
20250504100000,30.67599868774414,70.0,0.0,1.3,6.0,32.9
20250504100100,30.67599868774414,70.0,0.0,0.2,7.0,35.5
20250504100200,30.67599868774414,70.0,0.0,0.1,7.3,26.4
20250504100300,30.67599868774414,70.0,0.0,1.4,7.2,35.7
20250504100400,30.67599868774414,70.0,0.0,1.2,6.5,24.9
20250504100500,30.67599868774414,70.0,0.0,2.0,6.7,26.7
20250504100600,30.67599868774414,70.0,0.0,0.2,7.0,27.2
20250504100700,30.67599868774414,70.0,0.0,0.4,7.3,22.7
20250504100800,30.67599868774414,70.0,0.0,0.9,7.1,36.3
20250504100900,30.67599868774414,70.0,0.0,0.5,7.0,38.4
20250504101000,30.67599868774414,70.0,0.0,0.9,6.4,17.7
20250504101100,30.67599868774414,70.0,0.0,0.4,7.2,35.2
20250504101200,30.67599868774414,70.0,0.0,1.3,6.8,39.6
20250504101300,30.67599868774414,70.0,0.0,1.0,7.3,18.6
20250504101400,30.67599868774414,70.0,0.0,1.0,7.2,31.1
20250504101500,30.67599868774414,70.0,0.0,1.2,6.8,22.3
20250504101600,30.67599868774414,70.0,0.0,0.4,6.9,16.8
20250504101700,30.67599868774414,70.0,0.0,0.1,7.4,35.1
20250504101800,30.67599868774414,70.0,0.0,1.1,6.4,20.5
20250504101900,30.67599868774414,70.0,0.0,0.3,7.0,29.7
20250504102000,30.67599868774414,70.0,0.0,1.5,6.4,27.7
20250504102100,30.67599868774414,70.0,0.0,0.2,7.0,26.6
20250504102200,30.67599868774414,70.0,0.0,1.6,7.3,38.6
20250504102300,30.67599868774414,70.0,0.0,0.3,6.8,23.4
20250504102400,30.67599868774414,70.0,0.0,1.4,6.3,38.2
20250504102500,30.67599868774414,70.0,0.0,1.7,6.4,21.5
20250504102600,30.67599868774414,70.0,0.0,1.9,7.0,23.4
20250504102700,30.67599868774414,70.0,0.0,0.5,7.2,39.3
20250504102800,30.67599868774414,70.0,0.0,0.1,6.2,24.6
20250504102900,30.67599868774414,70.0,0.0,1.9,6.6,35.0
20250504103000,30.67599868774414,70.0,0.0,1.9,6.8,34.2
20250504103100,30.67599868774414,70.0,0.0,0.0,6.2,22.1
20250504103200,30.67599868774414,70.0,0.0,0.2,6.2,21.8
20250504103300,30.67599868774414,70.0,0.0,1.5,6.1,39.1
20250504103400,30.67599868774414,70.0,0.0,1.3,7.1,37.6
20250504103500,30.67599868774414,70.0,0.0,1.5,7.4,21.8
20250504103600,30.67599868774414,70.0,0.0,0.5,7.3,23.8
20250504103700,30.67599868774414,70.0,0.0,0.2,7.1,35.7
20250504103800,30.67599868774414,70.0,0.0,1.6,7.1,30.7
20250504103900,30.67599868774414,70.0,0.0,0.3,7.3,26.8
20250504104000,30.67599868774414,70.0,0.0,0.7,6.1,23.3
20250504104100,30.67599868774414,70.0,0.0,1.5,6.6,29.3
20250504104200,30.67599868774414,70.0,0.0,0.1,7.4,38.7
20250504104300,30.67599868774414,70.0,0.0,1.8,6.2,19.3
20250504104400,30.67599868774414,70.0,0.0,0.0,7.1,27.1
20250504104500,30.67599868774414,70.0,0.0,0.5,7.1,32.6
20250504104600,30.67599868774414,70.0,0.0,1.9,7.3,25.1
20250504104700,30.67599868774414,70.0,0.0,0.9,6.3,25.9
20250504104800,30.67599868774414,70.0,0.0,0.7,6.7,15.0
20250504104900,30.67599868774414,70.0,0.0,1.5,6.2,32.6
20250504105000,30.67599868774414,70.0,0.0,0.4,7.4,24.5
20250504105100,30.67599868774414,70.0,0.0,0.9,6.2,36.1
20250504105200,30.67599868774414,70.0,0.0,2.0,7.3,34.8
20250504105300,30.67599868774414,70.0,0.0,1.8,7.2,36.7
20250504105400,30.67599868774414,70.0,0.0,0.5,7.1,25.5
20250504105500,30.67599868774414,70.0,0.0,0.3,6.1,29.2
20250504105600,30.67599868774414,70.0,0.0,1.0,6.4,15.3
20250504105700,30.67599868774414,70.0,0.0,1.5,6.4,16.0
20250504105800,30.67599868774414,70.0,0.0,1.5,6.8,26.8
20250504105900,30.67599868774414,70.0,0.0,0.3,7.3,33.3
20250504110000,31.625999450683594,66.0,0.0,1.0,7.1,15.6
20250504110100,31.625999450683594,66.0,0.0,1.4,7.0,18.6
20250504110200,31.625999450683594,66.0,0.0,0.1,6.3,21.9
20250504110300,31.625999450683594,66.0,0.0,0.5,7.2,35.3
20250504110400,31.625999450683594,66.0,0.0,1.2,6.7,30.1
20250504110500,31.625999450683594,66.0,0.0,0.9,6.6,25.1
20250504110600,31.625999450683594,66.0,0.0,0.9,6.4,30.7
20250504110700,31.625999450683594,66.0,0.0,0.6,7.0,34.2
20250504110800,31.625999450683594,66.0,0.0,1.8,6.5,28.9
20250504110900,31.625999450683594,66.0,0.0,0.3,6.1,39.9
20250504111000,31.625999450683594,66.0,0.0,1.8,7.3,23.1
20250504111100,31.625999450683594,66.0,0.0,1.5,6.3,31.9
20250504111200,31.625999450683594,66.0,0.0,1.2,6.4,38.9
20250504111300,31.625999450683594,66.0,0.0,0.6,6.7,18.8
20250504111400,31.625999450683594,66.0,0.0,1.8,7.2,34.7
20250504111500,31.625999450683594,66.0,0.0,1.4,6.2,38.9
20250504111600,31.625999450683594,66.0,0.0,0.4,6.3,28.7
20250504111700,31.625999450683594,66.0,0.0,0.8,6.4,39.1
20250504111800,31.625999450683594,66.0,0.0,1.9,6.8,23.8
20250504111900,31.625999450683594,66.0,0.0,0.0,7.2,20.1
20250504112000,31.625999450683594,66.0,0.0,2.0,6.8,31.5
20250504112100,31.625999450683594,66.0,0.0,0.1,6.0,29.8
20250504112200,31.625999450683594,66.0,0.0,0.6,7.1,17.9
20250504112300,31.625999450683594,66.0,0.0,0.6,6.2,19.0
20250504112400,31.625999450683594,66.0,0.0,0.3,7.0,30.6
20250504112500,31.625999450683594,66.0,0.0,1.9,6.8,34.2
20250504112600,31.625999450683594,66.0,0.0,1.7,6.9,15.1
20250504112700,31.625999450683594,66.0,0.0,0.0,7.1,39.0
20250504112800,31.625999450683594,66.0,0.0,1.1,6.3,32.3
20250504112900,31.625999450683594,66.0,0.0,0.2,7.0,35.8
20250504113000,31.625999450683594,66.0,0.0,1.1,7.0,21.5
20250504113100,31.625999450683594,66.0,0.0,1.0,6.2,39.6
20250504113200,31.625999450683594,66.0,0.0,0.8,6.6,29.0
20250504113300,31.625999450683594,66.0,0.0,1.1,6.8,28.7
20250504113400,31.625999450683594,66.0,0.0,1.9,6.8,30.7
20250504113500,31.625999450683594,66.0,0.0,1.5,6.4,35.8
20250504113600,31.625999450683594,66.0,0.0,1.6,7.3,17.4
20250504113700,31.625999450683594,66.0,0.0,1.8,6.7,30.0
20250504113800,31.625999450683594,66.0,0.0,1.2,6.9,37.4
20250504113900,31.625999450683594,66.0,0.0,0.7,7.3,27.2
20250504114000,31.625999450683594,66.0,0.0,0.7,6.4,33.5
20250504114100,31.625999450683594,66.0,0.0,1.1,7.0,28.4
20250504114200,31.625999450683594,66.0,0.0,1.0,7.1,28.8
20250504114300,31.625999450683594,66.0,0.0,1.6,6.3,24.6
20250504114400,31.625999450683594,66.0,0.0,1.8,6.4,20.6
20250504114500,31.625999450683594,66.0,0.0,0.7,6.1,34.7
20250504114600,31.625999450683594,66.0,0.0,0.9,7.0,21.5
20250504114700,31.625999450683594,66.0,0.0,1.8,6.9,29.5
20250504114800,31.625999450683594,66.0,0.0,0.3,7.3,32.3
20250504114900,31.625999450683594,66.0,0.0,0.4,6.2,24.0
20250504115000,31.625999450683594,66.0,0.0,0.2,6.7,25.5
20250504115100,31.625999450683594,66.0,0.0,1.9,7.3,30.2
20250504115200,31.625999450683594,66.0,0.0,1.3,7.4,22.6
20250504115300,31.625999450683594,66.0,0.0,0.9,6.2,38.9
20250504115400,31.625999450683594,66.0,0.0,0.9,7.1,36.1
20250504115500,31.625999450683594,66.0,0.0,1.1,6.5,39.3
20250504115600,31.625999450683594,66.0,0.0,1.0,6.0,26.3
20250504115700,31.625999450683594,66.0,0.0,0.1,6.0,27.1
20250504115800,31.625999450683594,66.0,0.0,0.6,7.4,22.1
20250504115900,31.625999450683594,66.0,0.0,0.7,6.8,37.2
20250504120000,32.57600021362305,63.0,0.0,1.2,6.2,37.2
20250504120100,32.57600021362305,63.0,0.0,0.3,7.3,35.1
20250504120200,32.57600021362305,63.0,0.0,0.5,6.3,20.6
20250504120300,32.57600021362305,63.0,0.0,0.9,6.1,36.4
20250504120400,32.57600021362305,63.0,0.0,0.0,6.1,15.6
20250504120500,32.57600021362305,63.0,0.0,1.1,6.0,39.7
20250504120600,32.57600021362305,63.0,0.0,1.0,6.5,32.0
20250504120700,32.57600021362305,63.0,0.0,0.5,6.4,35.3
20250504120800,32.57600021362305,63.0,0.0,1.7,6.4,19.7
20250504120900,32.57600021362305,63.0,0.0,1.3,7.1,25.6
20250504121000,32.57600021362305,63.0,0.0,0.1,6.2,16.1
20250504121100,32.57600021362305,63.0,0.0,1.3,7.1,19.6
20250504121200,32.57600021362305,63.0,0.0,1.4,6.8,20.9
20250504121300,32.57600021362305,63.0,0.0,0.1,7.5,31.2
20250504121400,32.57600021362305,63.0,0.0,1.4,6.3,31.9
20250504121500,32.57600021362305,63.0,0.0,0.8,7.0,33.9
20250504121600,32.57600021362305,63.0,0.0,0.7,6.5,15.2
20250504121700,32.57600021362305,63.0,0.0,0.1,7.0,24.6
20250504121800,32.57600021362305,63.0,0.0,1.0,6.7,39.1
20250504121900,32.57600021362305,63.0,0.0,0.4,6.9,30.6
20250504122000,32.57600021362305,63.0,0.0,1.1,6.5,23.6
20250504122100,32.57600021362305,63.0,0.0,0.3,6.5,37.2
20250504122200,32.57600021362305,63.0,0.0,0.7,7.1,33.7
20250504122300,32.57600021362305,63.0,0.0,0.6,6.3,35.3
20250504122400,32.57600021362305,63.0,0.0,1.5,6.0,36.0
20250504122500,32.57600021362305,63.0,0.0,1.1,6.6,24.6
20250504122600,32.57600021362305,63.0,0.0,0.6,6.6,19.1
20250504122700,32.57600021362305,63.0,0.0,1.9,6.6,35.9
20250504122800,32.57600021362305,63.0,0.0,1.1,6.3,39.3
20250504122900,32.57600021362305,63.0,0.0,0.5,7.3,39.9
20250504123000,32.57600021362305,63.0,0.0,0.2,7.0,17.6
20250504123100,32.57600021362305,63.0,0.0,1.7,7.4,28.9
20250504123200,32.57600021362305,63.0,0.0,1.3,7.2,27.9
20250504123300,32.57600021362305,63.0,0.0,0.2,7.1,29.2
20250504123400,32.57600021362305,63.0,0.0,0.8,6.6,24.4
20250504123500,32.57600021362305,63.0,0.0,0.6,7.5,15.3
20250504123600,32.57600021362305,63.0,0.0,1.7,7.0,35.3
20250504123700,32.57600021362305,63.0,0.0,1.8,6.4,32.3
20250504123800,32.57600021362305,63.0,0.0,1.2,7.0,37.6
20250504123900,32.57600021362305,63.0,0.0,0.7,6.6,15.6
20250504124000,32.57600021362305,63.0,0.0,0.2,7.3,19.4
20250504124100,32.57600021362305,63.0,0.0,0.9,7.2,19.6
20250504124200,32.57600021362305,63.0,0.0,1.0,6.3,24.4
20250504124300,32.57600021362305,63.0,0.0,0.1,7.1,33.8
20250504124400,32.57600021362305,63.0,0.0,1.3,6.8,17.4
20250504124500,32.57600021362305,63.0,0.0,1.3,6.9,30.6
20250504124600,32.57600021362305,63.0,0.0,0.9,6.8,36.4
20250504124700,32.57600021362305,63.0,0.0,1.2,7.0,18.7
20250504124800,32.57600021362305,63.0,0.0,0.9,6.7,38.9
20250504124900,32.57600021362305,63.0,0.0,2.0,7.4,18.2
20250504125000,32.57600021362305,63.0,0.0,0.1,7.4,23.4
20250504125100,32.57600021362305,63.0,0.0,1.4,6.8,29.2
20250504125200,32.57600021362305,63.0,0.0,0.0,6.2,25.2
20250504125300,32.57600021362305,63.0,0.0,1.5,6.6,35.8
20250504125400,32.57600021362305,63.0,0.0,0.1,6.3,17.8
20250504125500,32.57600021362305,63.0,0.0,0.3,7.1,31.0
20250504125600,32.57600021362305,63.0,0.0,1.8,6.9,31.7
20250504125700,32.57600021362305,63.0,0.0,1.3,7.2,23.4
20250504125800,32.57600021362305,63.0,0.0,0.9,6.8,39.1
20250504125900,32.57600021362305,63.0,0.0,1.0,6.2,32.2
20250504130000,32.926002502441406,63.0,0.0,0.8,7.0,35.2
20250504130100,32.926002502441406,63.0,0.0,0.9,6.2,17.5
20250504130200,32.926002502441406,63.0,0.0,1.2,6.9,28.3
20250504130300,32.926002502441406,63.0,0.0,1.2,7.0,36.0
20250504130400,32.926002502441406,63.0,0.0,1.9,7.1,25.1
20250504130500,32.926002502441406,63.0,0.0,0.7,7.3,34.2
20250504130600,32.926002502441406,63.0,0.0,1.5,7.0,29.5
20250504130700,32.926002502441406,63.0,0.0,1.8,6.9,28.0
20250504130800,32.926002502441406,63.0,0.0,2.0,7.0,17.8
20250504130900,32.926002502441406,63.0,0.0,1.9,6.1,16.9
20250504131000,32.926002502441406,63.0,0.0,0.4,7.3,27.8
20250504131100,32.926002502441406,63.0,0.0,0.8,6.7,37.3
20250504131200,32.926002502441406,63.0,0.0,1.2,7.2,31.5
20250504131300,32.926002502441406,63.0,0.0,1.9,6.4,15.5
20250504131400,32.926002502441406,63.0,0.0,1.3,6.4,19.2
20250504131500,32.926002502441406,63.0,0.0,0.9,7.5,32.9
20250504131600,32.926002502441406,63.0,0.0,1.0,7.2,29.3
20250504131700,32.926002502441406,63.0,0.0,1.8,6.1,18.6
20250504131800,32.926002502441406,63.0,0.0,0.1,7.3,35.8
20250504131900,32.926002502441406,63.0,0.0,2.0,6.1,34.3
20250504132000,32.926002502441406,63.0,0.0,1.1,7.3,20.8
20250504132100,32.926002502441406,63.0,0.0,0.6,6.0,24.6
20250504132200,32.926002502441406,63.0,0.0,0.0,6.5,22.1
20250504132300,32.926002502441406,63.0,0.0,0.9,6.9,39.1
20250504132400,32.926002502441406,63.0,0.0,1.6,6.7,30.1
20250504132500,32.926002502441406,63.0,0.0,1.7,6.5,18.9
20250504132600,32.926002502441406,63.0,0.0,1.7,7.1,34.7
20250504132700,32.926002502441406,63.0,0.0,2.0,6.5,26.6
20250504132800,32.926002502441406,63.0,0.0,0.2,6.8,20.3
20250504132900,32.926002502441406,63.0,0.0,1.6,6.4,21.4
20250504133000,32.926002502441406,63.0,0.0,1.4,6.5,16.1
20250504133100,32.926002502441406,63.0,0.0,0.5,6.1,15.1
20250504133200,32.926002502441406,63.0,0.0,1.6,7.4,39.7
20250504133300,32.926002502441406,63.0,0.0,0.8,6.1,18.1
20250504133400,32.926002502441406,63.0,0.0,1.4,6.7,34.3
20250504133500,32.926002502441406,63.0,0.0,1.7,6.3,31.7
20250504133600,32.926002502441406,63.0,0.0,0.1,6.7,39.3
20250504133700,32.926002502441406,63.0,0.0,0.4,6.4,17.3
20250504133800,32.926002502441406,63.0,0.0,0.2,6.4,33.5
20250504133900,32.926002502441406,63.0,0.0,1.8,6.6,30.4
20250504134000,32.926002502441406,63.0,0.0,0.5,6.8,21.5
20250504134100,32.926002502441406,63.0,0.0,1.9,7.1,25.9
20250504134200,32.926002502441406,63.0,0.0,0.9,7.1,38.7
20250504134300,32.926002502441406,63.0,0.0,0.1,7.0,24.0
20250504134400,32.926002502441406,63.0,0.0,0.1,6.2,30.7
20250504134500,32.926002502441406,63.0,0.0,1.9,6.0,20.8
20250504134600,32.926002502441406,63.0,0.0,0.3,6.1,33.6
20250504134700,32.926002502441406,63.0,0.0,0.2,6.8,39.4
20250504134800,32.926002502441406,63.0,0.0,0.7,6.7,31.3
20250504134900,32.926002502441406,63.0,0.0,1.7,6.8,27.5
20250504135000,32.926002502441406,63.0,0.0,1.0,6.9,38.7
20250504135100,32.926002502441406,63.0,0.0,1.1,7.1,35.6
20250504135200,32.926002502441406,63.0,0.0,1.1,7.5,25.1
20250504135300,32.926002502441406,63.0,0.0,0.4,7.5,36.8
20250504135400,32.926002502441406,63.0,0.0,1.3,6.5,28.0
20250504135500,32.926002502441406,63.0,0.0,1.2,6.3,28.8
20250504135600,32.926002502441406,63.0,0.0,1.2,6.9,17.3
20250504135700,32.926002502441406,63.0,0.0,1.1,6.6,24.4
20250504135800,32.926002502441406,63.0,0.0,1.9,6.1,31.2
20250504135900,32.926002502441406,63.0,0.0,1.2,6.8,31.1
20250504140000,32.82600021362305,64.0,0.0,0.0,6.5,21.3
20250504140100,32.82600021362305,64.0,0.0,0.2,6.2,34.6
20250504140200,32.82600021362305,64.0,0.0,1.6,6.6,36.4
20250504140300,32.82600021362305,64.0,0.0,1.9,6.4,20.8
20250504140400,32.82600021362305,64.0,0.0,0.8,6.9,34.0
20250504140500,32.82600021362305,64.0,0.0,1.4,7.3,34.5
20250504140600,32.82600021362305,64.0,0.0,0.4,6.1,29.1
20250504140700,32.82600021362305,64.0,0.0,0.9,6.9,31.2
20250504140800,32.82600021362305,64.0,0.0,1.0,7.1,28.9
20250504140900,32.82600021362305,64.0,0.0,1.7,6.0,15.6
20250504141000,32.82600021362305,64.0,0.0,0.8,6.8,18.4
20250504141100,32.82600021362305,64.0,0.0,0.8,6.2,24.1
20250504141200,32.82600021362305,64.0,0.0,2.0,7.1,31.6
20250504141300,32.82600021362305,64.0,0.0,1.1,6.6,20.8
20250504141400,32.82600021362305,64.0,0.0,1.4,6.9,18.0
20250504141500,32.82600021362305,64.0,0.0,1.7,7.2,33.0
20250504141600,32.82600021362305,64.0,0.0,0.5,6.3,30.3
20250504141700,32.82600021362305,64.0,0.0,0.6,7.0,33.5
20250504141800,32.82600021362305,64.0,0.0,1.3,6.9,23.1
20250504141900,32.82600021362305,64.0,0.0,0.8,6.8,33.6
20250504142000,32.82600021362305,64.0,0.0,1.3,6.4,22.1
20250504142100,32.82600021362305,64.0,0.0,1.2,6.4,21.7
20250504142200,32.82600021362305,64.0,0.0,1.7,7.2,37.1
20250504142300,32.82600021362305,64.0,0.0,0.6,7.4,25.8
20250504142400,32.82600021362305,64.0,0.0,1.1,6.3,16.6
20250504142500,32.82600021362305,64.0,0.0,1.5,7.1,31.9
20250504142600,32.82600021362305,64.0,0.0,1.7,6.5,28.4
20250504142700,32.82600021362305,64.0,0.0,1.0,6.5,18.3
20250504142800,32.82600021362305,64.0,0.0,1.3,6.6,27.5
20250504142900,32.82600021362305,64.0,0.0,0.6,7.3,33.0
20250504143000,32.82600021362305,64.0,0.0,0.5,6.5,34.1
20250504143100,32.82600021362305,64.0,0.0,0.2,6.8,21.3
20250504143200,32.82600021362305,64.0,0.0,2.0,6.9,23.4
20250504143300,32.82600021362305,64.0,0.0,0.5,7.0,25.2
20250504143400,32.82600021362305,64.0,0.0,0.9,6.4,26.9
20250504143500,32.82600021362305,64.0,0.0,0.2,6.2,34.8
20250504143600,32.82600021362305,64.0,0.0,0.6,6.6,19.0
20250504143700,32.82600021362305,64.0,0.0,1.1,7.2,22.5
20250504143800,32.82600021362305,64.0,0.0,1.4,6.0,22.4
20250504143900,32.82600021362305,64.0,0.0,0.8,7.0,16.5
20250504144000,32.82600021362305,64.0,0.0,0.3,7.3,33.9
20250504144100,32.82600021362305,64.0,0.0,0.7,6.5,32.0
20250504144200,32.82600021362305,64.0,0.0,1.0,6.1,23.0
20250504144300,32.82600021362305,64.0,0.0,2.0,7.2,21.7
20250504144400,32.82600021362305,64.0,0.0,1.5,7.3,22.9
20250504144500,32.82600021362305,64.0,0.0,0.9,7.4,18.6
20250504144600,32.82600021362305,64.0,0.0,1.5,6.9,29.3
20250504144700,32.82600021362305,64.0,0.0,0.0,6.4,22.1
20250504144800,32.82600021362305,64.0,0.0,0.6,6.3,38.5
20250504144900,32.82600021362305,64.0,0.0,2.0,6.5,37.5
20250504145000,32.82600021362305,64.0,0.0,0.5,6.1,24.7
20250504145100,32.82600021362305,64.0,0.0,1.9,6.3,39.7
20250504145200,32.82600021362305,64.0,0.0,0.9,7.1,32.5
20250504145300,32.82600021362305,64.0,0.0,0.1,7.1,30.2
20250504145400,32.82600021362305,64.0,0.0,0.8,7.2,33.5
20250504145500,32.82600021362305,64.0,0.0,1.0,6.3,18.1
20250504145600,32.82600021362305,64.0,0.0,0.8,7.5,19.3
20250504145700,32.82600021362305,64.0,0.0,1.8,6.4,22.8
20250504145800,32.82600021362305,64.0,0.0,1.8,6.3,17.8
20250504145900,32.82600021362305,64.0,0.0,0.9,7.0,20.1
20250504150000,31.72599983215332,68.0,0.0,0.8,7.1,32.1
20250504150100,31.72599983215332,68.0,0.0,0.6,7.3,34.7
20250504150200,31.72599983215332,68.0,0.0,1.7,6.1,31.2
20250504150300,31.72599983215332,68.0,0.0,1.7,6.5,35.9
20250504150400,31.72599983215332,68.0,0.0,0.4,6.3,17.1
20250504150500,31.72599983215332,68.0,0.0,2.0,6.7,21.7
20250504150600,31.72599983215332,68.0,0.0,0.8,6.5,26.9
20250504150700,31.72599983215332,68.0,0.0,0.7,6.9,27.0
20250504150800,31.72599983215332,68.0,0.0,0.4,6.5,39.4
20250504150900,31.72599983215332,68.0,0.0,1.4,6.4,29.5
20250504151000,31.72599983215332,68.0,0.0,1.9,6.8,32.0
20250504151100,31.72599983215332,68.0,0.0,0.5,7.0,33.7
20250504151200,31.72599983215332,68.0,0.0,0.9,7.5,21.7
20250504151300,31.72599983215332,68.0,0.0,1.9,6.2,35.1
20250504151400,31.72599983215332,68.0,0.0,0.7,7.1,34.1
20250504151500,31.72599983215332,68.0,0.0,0.7,6.1,39.2
20250504151600,31.72599983215332,68.0,0.0,0.4,7.3,24.1
20250504151700,31.72599983215332,68.0,0.0,0.9,6.0,37.5
20250504151800,31.72599983215332,68.0,0.0,0.0,6.4,24.2
20250504151900,31.72599983215332,68.0,0.0,0.9,6.4,39.5
20250504152000,31.72599983215332,68.0,0.0,0.5,7.2,38.1
20250504152100,31.72599983215332,68.0,0.0,1.3,6.8,25.5
20250504152200,31.72599983215332,68.0,0.0,0.4,7.4,20.0
20250504152300,31.72599983215332,68.0,0.0,0.6,6.8,23.1
20250504152400,31.72599983215332,68.0,0.0,1.7,6.7,34.5
20250504152500,31.72599983215332,68.0,0.0,1.7,7.4,39.7
20250504152600,31.72599983215332,68.0,0.0,0.5,6.7,27.3
20250504152700,31.72599983215332,68.0,0.0,1.1,7.4,34.1
20250504152800,31.72599983215332,68.0,0.0,1.0,7.3,25.0
20250504152900,31.72599983215332,68.0,0.0,1.0,7.5,18.9
20250504153000,31.72599983215332,68.0,0.0,1.1,6.9,15.6
20250504153100,31.72599983215332,68.0,0.0,1.0,6.6,16.0
20250504153200,31.72599983215332,68.0,0.0,0.6,6.1,24.2
20250504153300,31.72599983215332,68.0,0.0,0.1,7.2,38.1
20250504153400,31.72599983215332,68.0,0.0,1.5,7.4,32.3
20250504153500,31.72599983215332,68.0,0.0,1.7,7.5,33.8
20250504153600,31.72599983215332,68.0,0.0,1.3,7.0,25.2
20250504153700,31.72599983215332,68.0,0.0,2.0,7.3,23.4
20250504153800,31.72599983215332,68.0,0.0,0.5,6.1,34.5
20250504153900,31.72599983215332,68.0,0.0,1.4,6.1,32.1
20250504154000,31.72599983215332,68.0,0.0,0.4,7.2,15.5
20250504154100,31.72599983215332,68.0,0.0,1.6,6.9,24.7
20250504154200,31.72599983215332,68.0,0.0,0.9,6.7,33.6
20250504154300,31.72599983215332,68.0,0.0,0.6,7.5,29.7
20250504154400,31.72599983215332,68.0,0.0,0.1,7.4,25.6
20250504154500,31.72599983215332,68.0,0.0,1.3,6.2,31.8
20250504154600,31.72599983215332,68.0,0.0,0.8,6.7,18.2
20250504154700,31.72599983215332,68.0,0.0,1.4,6.3,21.4
20250504154800,31.72599983215332,68.0,0.0,0.1,6.3,26.2
20250504154900,31.72599983215332,68.0,0.0,0.6,6.7,33.5
20250504155000,31.72599983215332,68.0,0.0,1.9,7.1,29.6
20250504155100,31.72599983215332,68.0,0.0,1.7,6.7,18.6
20250504155200,31.72599983215332,68.0,0.0,1.8,6.3,32.6
20250504155300,31.72599983215332,68.0,0.0,0.3,7.4,20.7
20250504155400,31.72599983215332,68.0,0.0,1.6,6.1,29.6
20250504155500,31.72599983215332,68.0,0.0,1.7,7.0,18.9
20250504155600,31.72599983215332,68.0,0.0,2.0,6.7,27.2
20250504155700,31.72599983215332,68.0,0.0,0.9,6.3,28.9
20250504155800,31.72599983215332,68.0,0.0,1.3,6.4,33.4
20250504155900,31.72599983215332,68.0,0.0,0.5,6.6,27.9
20250504160000,31.775999069213867,65.0,0.0,1.1,6.4,17.8
20250504160100,31.775999069213867,65.0,0.0,0.7,7.0,36.2
20250504160200,31.775999069213867,65.0,0.0,1.5,6.6,33.5
20250504160300,31.775999069213867,65.0,0.0,0.3,6.7,35.1
20250504160400,31.775999069213867,65.0,0.0,1.5,6.5,25.0
20250504160500,31.775999069213867,65.0,0.0,1.8,7.0,27.8
20250504160600,31.775999069213867,65.0,0.0,1.3,6.9,23.9
20250504160700,31.775999069213867,65.0,0.0,1.2,7.3,18.7
20250504160800,31.775999069213867,65.0,0.0,0.6,6.4,27.6
20250504160900,31.775999069213867,65.0,0.0,0.3,6.7,32.5
20250504161000,31.775999069213867,65.0,0.0,0.1,7.1,19.7
20250504161100,31.775999069213867,65.0,0.0,0.1,6.6,38.8
20250504161200,31.775999069213867,65.0,0.0,0.5,6.8,30.2
20250504161300,31.775999069213867,65.0,0.0,0.6,6.5,24.9
20250504161400,31.775999069213867,65.0,0.0,1.5,6.8,32.8
20250504161500,31.775999069213867,65.0,0.0,0.1,6.8,38.2
20250504161600,31.775999069213867,65.0,0.0,0.4,6.3,30.8
20250504161700,31.775999069213867,65.0,0.0,1.4,6.1,32.6
20250504161800,31.775999069213867,65.0,0.0,0.5,7.3,37.5
20250504161900,31.775999069213867,65.0,0.0,1.7,7.0,30.9
20250504162000,31.775999069213867,65.0,0.0,0.6,7.0,28.2
20250504162100,31.775999069213867,65.0,0.0,1.1,6.7,26.1
20250504162200,31.775999069213867,65.0,0.0,0.1,6.1,39.9
20250504162300,31.775999069213867,65.0,0.0,1.5,6.5,26.7
20250504162400,31.775999069213867,65.0,0.0,1.3,6.3,32.5
20250504162500,31.775999069213867,65.0,0.0,0.4,7.4,26.2
20250504162600,31.775999069213867,65.0,0.0,0.6,6.0,19.7
20250504162700,31.775999069213867,65.0,0.0,1.4,7.1,18.1
20250504162800,31.775999069213867,65.0,0.0,0.1,6.2,34.3
20250504162900,31.775999069213867,65.0,0.0,1.0,7.1,28.7
20250504163000,31.775999069213867,65.0,0.0,2.0,6.4,19.2
20250504163100,31.775999069213867,65.0,0.0,0.2,7.4,34.4
20250504163200,31.775999069213867,65.0,0.0,0.5,6.1,27.6
20250504163300,31.775999069213867,65.0,0.0,1.3,6.6,20.6
20250504163400,31.775999069213867,65.0,0.0,1.9,7.2,18.8
20250504163500,31.775999069213867,65.0,0.0,0.7,7.4,38.9
20250504163600,31.775999069213867,65.0,0.0,1.8,6.4,20.1
20250504163700,31.775999069213867,65.0,0.0,1.6,6.4,32.8
20250504163800,31.775999069213867,65.0,0.0,2.0,6.0,24.6
20250504163900,31.775999069213867,65.0,0.0,0.5,6.8,30.8
20250504164000,31.775999069213867,65.0,0.0,1.1,6.2,39.6
20250504164100,31.775999069213867,65.0,0.0,0.5,6.3,26.2
20250504164200,31.775999069213867,65.0,0.0,1.7,6.7,32.3
20250504164300,31.775999069213867,65.0,0.0,1.1,6.7,19.5
20250504164400,31.775999069213867,65.0,0.0,0.5,6.6,23.6
20250504164500,31.775999069213867,65.0,0.0,0.4,6.8,27.5
20250504164600,31.775999069213867,65.0,0.0,1.0,6.5,21.9
20250504164700,31.775999069213867,65.0,0.0,0.9,6.3,16.3
20250504164800,31.775999069213867,65.0,0.0,0.8,7.0,15.9
20250504164900,31.775999069213867,65.0,0.0,1.8,6.5,25.5
20250504165000,31.775999069213867,65.0,0.0,1.2,6.4,39.0
20250504165100,31.775999069213867,65.0,0.0,0.3,7.0,29.2
20250504165200,31.775999069213867,65.0,0.0,0.6,6.1,33.9
20250504165300,31.775999069213867,65.0,0.0,0.2,7.1,21.9
20250504165400,31.775999069213867,65.0,0.0,1.0,7.3,39.9
20250504165500,31.775999069213867,65.0,0.0,1.4,6.8,31.6
20250504165600,31.775999069213867,65.0,0.0,0.3,7.0,27.6
20250504165700,31.775999069213867,65.0,0.0,0.5,7.1,30.0
20250504165800,31.775999069213867,65.0,0.0,0.5,6.3,31.6
20250504165900,31.775999069213867,65.0,0.0,0.4,7.4,32.3
20250504170000,31.17599868774414,67.0,0.0,0.0,7.0,37.7
20250504170100,31.17599868774414,67.0,0.0,1.4,6.6,29.8
20250504170200,31.17599868774414,67.0,0.0,0.7,6.5,29.4
20250504170300,31.17599868774414,67.0,0.0,0.0,6.7,15.3
20250504170400,31.17599868774414,67.0,0.0,1.3,6.9,15.1
20250504170500,31.17599868774414,67.0,0.0,1.7,6.3,17.1
20250504170600,31.17599868774414,67.0,0.0,1.8,7.5,20.6
20250504170700,31.17599868774414,67.0,0.0,0.8,7.4,18.7
20250504170800,31.17599868774414,67.0,0.0,1.5,7.3,19.2
20250504170900,31.17599868774414,67.0,0.0,0.4,7.0,39.4
20250504171000,31.17599868774414,67.0,0.0,1.6,6.8,27.1
20250504171100,31.17599868774414,67.0,0.0,1.4,7.0,25.0
20250504171200,31.17599868774414,67.0,0.0,1.1,7.1,27.8
20250504171300,31.17599868774414,67.0,0.0,0.8,6.7,24.2
20250504171400,31.17599868774414,67.0,0.0,1.7,7.1,35.7
20250504171500,31.17599868774414,67.0,0.0,0.3,6.5,29.9
20250504171600,31.17599868774414,67.0,0.0,1.9,7.0,28.0
20250504171700,31.17599868774414,67.0,0.0,0.1,6.8,23.6
20250504171800,31.17599868774414,67.0,0.0,1.5,6.5,35.2
20250504171900,31.17599868774414,67.0,0.0,1.1,6.6,32.9
20250504172000,31.17599868774414,67.0,0.0,0.4,6.3,17.0
20250504172100,31.17599868774414,67.0,0.0,0.7,6.5,33.9
20250504172200,31.17599868774414,67.0,0.0,0.3,6.6,36.2
20250504172300,31.17599868774414,67.0,0.0,1.9,6.2,36.0
20250504172400,31.17599868774414,67.0,0.0,1.6,6.8,31.0
20250504172500,31.17599868774414,67.0,0.0,0.2,7.3,24.9
20250504172600,31.17599868774414,67.0,0.0,0.0,6.5,33.7
20250504172700,31.17599868774414,67.0,0.0,1.4,6.5,27.5
20250504172800,31.17599868774414,67.0,0.0,0.9,7.2,39.1
20250504172900,31.17599868774414,67.0,0.0,0.8,6.4,39.6
20250504173000,31.17599868774414,67.0,0.0,1.6,7.2,39.8
20250504173100,31.17599868774414,67.0,0.0,0.6,6.1,26.2
20250504173200,31.17599868774414,67.0,0.0,0.6,6.4,33.2
20250504173300,31.17599868774414,67.0,0.0,2.0,6.4,32.5
20250504173400,31.17599868774414,67.0,0.0,1.5,6.5,28.1
20250504173500,31.17599868774414,67.0,0.0,1.5,7.3,32.2
20250504173600,31.17599868774414,67.0,0.0,1.4,6.6,39.1
20250504173700,31.17599868774414,67.0,0.0,1.4,6.0,21.4
20250504173800,31.17599868774414,67.0,0.0,1.8,6.2,16.1
20250504173900,31.17599868774414,67.0,0.0,1.4,7.1,28.2
20250504174000,31.17599868774414,67.0,0.0,1.2,6.2,34.7
20250504174100,31.17599868774414,67.0,0.0,2.0,6.2,22.9
20250504174200,31.17599868774414,67.0,0.0,0.1,7.2,20.2
20250504174300,31.17599868774414,67.0,0.0,1.6,6.0,20.0
20250504174400,31.17599868774414,67.0,0.0,1.8,6.5,20.4
20250504174500,31.17599868774414,67.0,0.0,1.9,6.5,36.5
20250504174600,31.17599868774414,67.0,0.0,0.9,6.5,17.1
20250504174700,31.17599868774414,67.0,0.0,0.1,6.7,29.5
20250504174800,31.17599868774414,67.0,0.0,0.9,7.3,23.6
20250504174900,31.17599868774414,67.0,0.0,1.9,7.2,36.2
20250504175000,31.17599868774414,67.0,0.0,1.9,7.3,26.3
20250504175100,31.17599868774414,67.0,0.0,0.2,7.0,16.4
20250504175200,31.17599868774414,67.0,0.0,1.1,6.7,17.8
20250504175300,31.17599868774414,67.0,0.0,1.2,6.1,16.2
20250504175400,31.17599868774414,67.0,0.0,1.6,7.1,38.3
20250504175500,31.17599868774414,67.0,0.0,0.3,7.0,19.4
20250504175600,31.17599868774414,67.0,0.0,1.8,6.1,22.8
20250504175700,31.17599868774414,67.0,0.0,1.8,7.1,29.0
20250504175800,31.17599868774414,67.0,0.0,1.6,6.9,18.9
20250504175900,31.17599868774414,67.0,0.0,0.6,6.0,29.9
20250504180000,30.275999069213867,71.0,0.0,0.6,7.0,39.3
20250504180100,30.275999069213867,71.0,0.0,1.7,6.0,37.0
20250504180200,30.275999069213867,71.0,0.0,0.4,7.3,24.3
20250504180300,30.275999069213867,71.0,0.0,1.1,6.5,18.9
20250504180400,30.275999069213867,71.0,0.0,1.5,6.7,19.5
20250504180500,30.275999069213867,71.0,0.0,0.9,7.3,15.5
20250504180600,30.275999069213867,71.0,0.0,1.5,6.3,38.6
20250504180700,30.275999069213867,71.0,0.0,0.0,7.1,19.8
20250504180800,30.275999069213867,71.0,0.0,1.3,7.0,27.6
20250504180900,30.275999069213867,71.0,0.0,1.9,6.8,20.3
20250504181000,30.275999069213867,71.0,0.0,0.4,7.2,34.9
20250504181100,30.275999069213867,71.0,0.0,1.0,7.0,26.6
20250504181200,30.275999069213867,71.0,0.0,0.9,7.1,17.3
20250504181300,30.275999069213867,71.0,0.0,1.4,7.0,32.8
20250504181400,30.275999069213867,71.0,0.0,0.2,6.5,34.2
20250504181500,30.275999069213867,71.0,0.0,0.2,6.0,16.7
20250504181600,30.275999069213867,71.0,0.0,0.5,6.0,34.4
20250504181700,30.275999069213867,71.0,0.0,0.2,6.5,34.1
20250504181800,30.275999069213867,71.0,0.0,1.9,6.4,29.0
20250504181900,30.275999069213867,71.0,0.0,0.2,6.2,20.7
20250504182000,30.275999069213867,71.0,0.0,0.9,6.6,37.3
20250504182100,30.275999069213867,71.0,0.0,1.0,7.1,17.9
20250504182200,30.275999069213867,71.0,0.0,0.5,7.1,32.8
20250504182300,30.275999069213867,71.0,0.0,0.3,7.1,19.2
20250504182400,30.275999069213867,71.0,0.0,0.5,6.4,25.5
20250504182500,30.275999069213867,71.0,0.0,0.0,7.2,21.9
20250504182600,30.275999069213867,71.0,0.0,1.7,6.6,39.0
20250504182700,30.275999069213867,71.0,0.0,0.1,6.3,33.2
20250504182800,30.275999069213867,71.0,0.0,0.3,6.7,37.7
20250504182900,30.275999069213867,71.0,0.0,0.5,6.7,34.9
20250504183000,30.275999069213867,71.0,0.0,0.3,6.1,19.1
20250504183100,30.275999069213867,71.0,0.0,2.0,6.1,25.1
20250504183200,30.275999069213867,71.0,0.0,2.0,7.3,33.2
20250504183300,30.275999069213867,71.0,0.0,0.7,7.4,32.0
20250504183400,30.275999069213867,71.0,0.0,1.3,6.1,18.1
20250504183500,30.275999069213867,71.0,0.0,0.9,6.6,32.1
20250504183600,30.275999069213867,71.0,0.0,0.6,6.8,33.9
20250504183700,30.275999069213867,71.0,0.0,0.4,6.6,23.9
20250504183800,30.275999069213867,71.0,0.0,1.6,6.6,18.0
20250504183900,30.275999069213867,71.0,0.0,0.4,6.0,21.5
20250504184000,30.275999069213867,71.0,0.0,0.5,7.1,37.6
20250504184100,30.275999069213867,71.0,0.0,1.8,6.0,25.2
20250504184200,30.275999069213867,71.0,0.0,1.1,7.4,20.3
20250504184300,30.275999069213867,71.0,0.0,0.0,6.8,38.6
20250504184400,30.275999069213867,71.0,0.0,0.7,6.4,15.4
20250504184500,30.275999069213867,71.0,0.0,1.8,6.3,31.5
20250504184600,30.275999069213867,71.0,0.0,0.2,6.1,16.6
20250504184700,30.275999069213867,71.0,0.0,0.1,7.3,28.6
20250504184800,30.275999069213867,71.0,0.0,0.8,6.6,34.3
20250504184900,30.275999069213867,71.0,0.0,1.8,6.1,35.0
20250504185000,30.275999069213867,71.0,0.0,1.3,7.2,25.9
20250504185100,30.275999069213867,71.0,0.0,0.7,7.0,15.4
20250504185200,30.275999069213867,71.0,0.0,1.9,7.1,38.2
20250504185300,30.275999069213867,71.0,0.0,0.7,7.4,36.6
20250504185400,30.275999069213867,71.0,0.0,1.0,6.3,16.1
20250504185500,30.275999069213867,71.0,0.0,0.7,7.3,37.1
20250504185600,30.275999069213867,71.0,0.0,1.8,6.4,34.8
20250504185700,30.275999069213867,71.0,0.0,1.2,6.4,30.5
20250504185800,30.275999069213867,71.0,0.0,2.0,6.5,28.8
20250504185900,30.275999069213867,71.0,0.0,0.6,7.2,30.3
20250504190000,29.22599983215332,78.0,0.0,1.5,6.9,36.4
20250504190100,29.22599983215332,78.0,0.0,1.8,6.7,36.8
20250504190200,29.22599983215332,78.0,0.0,1.3,6.9,30.5
20250504190300,29.22599983215332,78.0,0.0,1.0,6.9,23.2
20250504190400,29.22599983215332,78.0,0.0,0.1,6.0,27.6
20250504190500,29.22599983215332,78.0,0.0,1.2,7.4,26.1
20250504190600,29.22599983215332,78.0,0.0,1.1,7.4,34.8
20250504190700,29.22599983215332,78.0,0.0,0.3,7.1,22.1
20250504190800,29.22599983215332,78.0,0.0,0.5,6.5,22.0
20250504190900,29.22599983215332,78.0,0.0,1.7,7.4,28.4
20250504191000,29.22599983215332,78.0,0.0,1.8,6.1,21.3
20250504191100,29.22599983215332,78.0,0.0,1.7,7.0,28.8
20250504191200,29.22599983215332,78.0,0.0,1.7,6.1,23.6
20250504191300,29.22599983215332,78.0,0.0,0.2,6.7,20.4
20250504191400,29.22599983215332,78.0,0.0,1.2,6.5,34.6
20250504191500,29.22599983215332,78.0,0.0,1.8,6.4,31.1
20250504191600,29.22599983215332,78.0,0.0,0.4,6.8,37.2
20250504191700,29.22599983215332,78.0,0.0,1.8,6.6,21.1
20250504191800,29.22599983215332,78.0,0.0,0.8,7.2,21.5
20250504191900,29.22599983215332,78.0,0.0,1.0,7.2,15.5
20250504192000,29.22599983215332,78.0,0.0,1.0,6.6,34.8
20250504192100,29.22599983215332,78.0,0.0,1.2,6.7,29.0
20250504192200,29.22599983215332,78.0,0.0,1.8,7.4,29.3
20250504192300,29.22599983215332,78.0,0.0,0.8,6.7,32.0
20250504192400,29.22599983215332,78.0,0.0,1.6,6.4,31.8
20250504192500,29.22599983215332,78.0,0.0,0.7,6.7,35.1
20250504192600,29.22599983215332,78.0,0.0,0.1,7.2,36.2
20250504192700,29.22599983215332,78.0,0.0,1.8,7.3,16.6
20250504192800,29.22599983215332,78.0,0.0,1.3,6.3,18.7
20250504192900,29.22599983215332,78.0,0.0,1.0,6.4,23.5
20250504193000,29.22599983215332,78.0,0.0,1.7,6.2,33.8
20250504193100,29.22599983215332,78.0,0.0,1.5,7.4,25.8
20250504193200,29.22599983215332,78.0,0.0,1.9,6.4,18.7
20250504193300,29.22599983215332,78.0,0.0,0.3,7.0,32.5
20250504193400,29.22599983215332,78.0,0.0,1.9,7.2,23.0
20250504193500,29.22599983215332,78.0,0.0,2.0,6.2,24.2
20250504193600,29.22599983215332,78.0,0.0,1.3,7.1,17.5
20250504193700,29.22599983215332,78.0,0.0,1.3,6.3,27.3
20250504193800,29.22599983215332,78.0,0.0,0.6,7.1,34.5
20250504193900,29.22599983215332,78.0,0.0,0.7,7.0,26.3
20250504194000,29.22599983215332,78.0,0.0,1.0,6.6,33.3
20250504194100,29.22599983215332,78.0,0.0,1.2,7.0,34.7
20250504194200,29.22599983215332,78.0,0.0,1.6,6.9,26.0
20250504194300,29.22599983215332,78.0,0.0,0.6,6.7,38.4
20250504194400,29.22599983215332,78.0,0.0,0.1,6.8,31.3
20250504194500,29.22599983215332,78.0,0.0,1.7,6.3,19.0
20250504194600,29.22599983215332,78.0,0.0,0.7,6.3,17.8
20250504194700,29.22599983215332,78.0,0.0,0.9,6.0,31.4
20250504194800,29.22599983215332,78.0,0.0,1.9,6.8,20.8
20250504194900,29.22599983215332,78.0,0.0,0.9,7.4,30.0
20250504195000,29.22599983215332,78.0,0.0,1.9,7.2,27.2
20250504195100,29.22599983215332,78.0,0.0,1.3,6.6,20.3
20250504195200,29.22599983215332,78.0,0.0,0.0,6.3,22.9
20250504195300,29.22599983215332,78.0,0.0,0.2,6.3,17.5
20250504195400,29.22599983215332,78.0,0.0,0.8,7.5,24.2
20250504195500,29.22599983215332,78.0,0.0,1.4,7.3,20.3
20250504195600,29.22599983215332,78.0,0.0,0.4,7.0,28.0
20250504195700,29.22599983215332,78.0,0.0,0.1,6.9,20.7
20250504195800,29.22599983215332,78.0,0.0,1.3,6.5,26.4
20250504195900,29.22599983215332,78.0,0.0,1.5,6.4,26.7
20250504200000,28.47599983215332,82.0,0.0,0.1,7.5,35.4
20250504200100,28.47599983215332,82.0,0.0,1.5,6.8,36.8
20250504200200,28.47599983215332,82.0,0.0,0.6,6.3,32.9
20250504200300,28.47599983215332,82.0,0.0,0.1,7.0,37.2
20250504200400,28.47599983215332,82.0,0.0,0.9,6.8,19.1
20250504200500,28.47599983215332,82.0,0.0,0.6,6.1,39.9
20250504200600,28.47599983215332,82.0,0.0,0.6,6.7,22.4
20250504200700,28.47599983215332,82.0,0.0,1.5,6.5,34.9
20250504200800,28.47599983215332,82.0,0.0,1.2,7.3,33.7
20250504200900,28.47599983215332,82.0,0.0,1.0,7.4,24.1
20250504201000,28.47599983215332,82.0,0.0,0.7,7.1,34.7
20250504201100,28.47599983215332,82.0,0.0,1.0,6.4,20.7
20250504201200,28.47599983215332,82.0,0.0,1.8,7.1,37.7
20250504201300,28.47599983215332,82.0,0.0,1.0,7.2,34.7
20250504201400,28.47599983215332,82.0,0.0,0.2,6.7,18.2
20250504201500,28.47599983215332,82.0,0.0,1.6,6.7,25.4
20250504201600,28.47599983215332,82.0,0.0,0.8,6.7,19.1
20250504201700,28.47599983215332,82.0,0.0,2.0,6.4,16.2
20250504201800,28.47599983215332,82.0,0.0,0.8,6.8,36.4
20250504201900,28.47599983215332,82.0,0.0,1.9,6.4,38.9
20250504202000,28.47599983215332,82.0,0.0,1.6,6.5,29.2
20250504202100,28.47599983215332,82.0,0.0,1.3,7.3,34.2
20250504202200,28.47599983215332,82.0,0.0,0.2,6.4,20.5
20250504202300,28.47599983215332,82.0,0.0,1.4,7.3,34.0
20250504202400,28.47599983215332,82.0,0.0,1.7,7.2,39.3
20250504202500,28.47599983215332,82.0,0.0,1.2,7.0,18.7
20250504202600,28.47599983215332,82.0,0.0,1.5,6.3,19.7
20250504202700,28.47599983215332,82.0,0.0,0.6,7.2,28.5
20250504202800,28.47599983215332,82.0,0.0,1.9,6.3,39.0
20250504202900,28.47599983215332,82.0,0.0,0.7,6.4,22.4
20250504203000,28.47599983215332,82.0,0.0,1.6,6.6,32.5
20250504203100,28.47599983215332,82.0,0.0,0.4,7.0,18.1
20250504203200,28.47599983215332,82.0,0.0,0.6,7.5,20.2
20250504203300,28.47599983215332,82.0,0.0,1.5,7.5,25.5
20250504203400,28.47599983215332,82.0,0.0,1.9,6.6,22.5
20250504203500,28.47599983215332,82.0,0.0,0.7,6.7,28.3
20250504203600,28.47599983215332,82.0,0.0,0.9,6.9,36.3
20250504203700,28.47599983215332,82.0,0.0,0.1,6.9,38.6
20250504203800,28.47599983215332,82.0,0.0,1.1,6.8,16.7
20250504203900,28.47599983215332,82.0,0.0,0.2,6.5,16.4
20250504204000,28.47599983215332,82.0,0.0,2.0,6.8,15.1
20250504204100,28.47599983215332,82.0,0.0,0.0,6.3,21.0
20250504204200,28.47599983215332,82.0,0.0,1.8,7.3,29.9
20250504204300,28.47599983215332,82.0,0.0,1.1,6.9,20.2
20250504204400,28.47599983215332,82.0,0.0,1.1,6.3,18.6
20250504204500,28.47599983215332,82.0,0.0,1.4,6.2,37.6
20250504204600,28.47599983215332,82.0,0.0,0.8,6.8,21.3
20250504204700,28.47599983215332,82.0,0.0,1.1,6.6,19.1
20250504204800,28.47599983215332,82.0,0.0,0.4,7.1,22.7
20250504204900,28.47599983215332,82.0,0.0,1.6,7.0,22.5
20250504205000,28.47599983215332,82.0,0.0,0.1,6.6,22.8
20250504205100,28.47599983215332,82.0,0.0,0.3,6.6,38.4
20250504205200,28.47599983215332,82.0,0.0,0.3,6.9,33.4
20250504205300,28.47599983215332,82.0,0.0,1.6,7.2,37.3
20250504205400,28.47599983215332,82.0,0.0,1.3,6.6,19.1
20250504205500,28.47599983215332,82.0,0.0,0.1,7.2,31.1
20250504205600,28.47599983215332,82.0,0.0,0.6,6.5,36.8
20250504205700,28.47599983215332,82.0,0.0,1.9,6.2,22.3
20250504205800,28.47599983215332,82.0,0.0,1.3,7.3,18.0
20250504205900,28.47599983215332,82.0,0.0,1.3,6.9,25.9
20250504210000,27.875999450683594,85.0,0.0,0.1,7.2,22.5
20250504210100,27.875999450683594,85.0,0.0,1.5,7.5,30.7
20250504210200,27.875999450683594,85.0,0.0,0.0,7.0,20.1
20250504210300,27.875999450683594,85.0,0.0,1.9,6.5,25.4
20250504210400,27.875999450683594,85.0,0.0,0.5,6.9,38.6
20250504210500,27.875999450683594,85.0,0.0,0.5,6.4,25.6
20250504210600,27.875999450683594,85.0,0.0,0.3,7.1,26.8
20250504210700,27.875999450683594,85.0,0.0,0.6,7.3,21.5
20250504210800,27.875999450683594,85.0,0.0,1.4,7.0,27.2
20250504210900,27.875999450683594,85.0,0.0,0.5,7.2,26.9
20250504211000,27.875999450683594,85.0,0.0,0.6,7.1,19.5
20250504211100,27.875999450683594,85.0,0.0,0.3,6.1,33.1
20250504211200,27.875999450683594,85.0,0.0,1.7,7.0,37.9
20250504211300,27.875999450683594,85.0,0.0,0.3,6.8,24.1
20250504211400,27.875999450683594,85.0,0.0,1.4,7.1,26.1
20250504211500,27.875999450683594,85.0,0.0,1.4,6.1,34.3
20250504211600,27.875999450683594,85.0,0.0,0.8,6.9,19.6
20250504211700,27.875999450683594,85.0,0.0,1.5,7.1,35.3
20250504211800,27.875999450683594,85.0,0.0,2.0,7.2,15.1
20250504211900,27.875999450683594,85.0,0.0,0.9,6.5,38.9
20250504212000,27.875999450683594,85.0,0.0,1.2,6.7,15.8
20250504212100,27.875999450683594,85.0,0.0,0.6,7.2,26.0
20250504212200,27.875999450683594,85.0,0.0,0.6,6.3,18.1
20250504212300,27.875999450683594,85.0,0.0,1.4,7.3,21.8
20250504212400,27.875999450683594,85.0,0.0,1.8,7.1,32.2
20250504212500,27.875999450683594,85.0,0.0,1.8,7.2,25.6
20250504212600,27.875999450683594,85.0,0.0,1.3,7.3,32.7
20250504212700,27.875999450683594,85.0,0.0,1.1,6.9,29.5
20250504212800,27.875999450683594,85.0,0.0,1.2,6.6,20.0
20250504212900,27.875999450683594,85.0,0.0,1.4,7.4,33.4
20250504213000,27.875999450683594,85.0,0.0,0.4,6.1,23.7
20250504213100,27.875999450683594,85.0,0.0,1.4,6.4,31.8
20250504213200,27.875999450683594,85.0,0.0,0.8,7.4,31.2
20250504213300,27.875999450683594,85.0,0.0,2.0,6.3,15.5
20250504213400,27.875999450683594,85.0,0.0,1.8,6.4,34.8
20250504213500,27.875999450683594,85.0,0.0,0.9,6.3,21.1
20250504213600,27.875999450683594,85.0,0.0,0.6,6.1,23.7
20250504213700,27.875999450683594,85.0,0.0,0.4,6.1,32.4
20250504213800,27.875999450683594,85.0,0.0,2.0,6.5,21.9
20250504213900,27.875999450683594,85.0,0.0,0.4,6.8,33.4
20250504214000,27.875999450683594,85.0,0.0,1.6,7.4,38.5
20250504214100,27.875999450683594,85.0,0.0,1.3,6.5,17.3
20250504214200,27.875999450683594,85.0,0.0,1.2,7.3,31.7
20250504214300,27.875999450683594,85.0,0.0,1.4,6.1,29.5
20250504214400,27.875999450683594,85.0,0.0,1.0,6.5,26.8
20250504214500,27.875999450683594,85.0,0.0,1.4,6.4,19.9
20250504214600,27.875999450683594,85.0,0.0,1.7,6.7,23.1
20250504214700,27.875999450683594,85.0,0.0,0.6,7.4,25.4
20250504214800,27.875999450683594,85.0,0.0,0.4,7.3,27.4
20250504214900,27.875999450683594,85.0,0.0,1.6,7.4,36.1
20250504215000,27.875999450683594,85.0,0.0,0.6,7.4,15.9
20250504215100,27.875999450683594,85.0,0.0,0.5,6.4,23.3
20250504215200,27.875999450683594,85.0,0.0,1.3,6.6,23.9
20250504215300,27.875999450683594,85.0,0.0,0.6,7.3,28.3
20250504215400,27.875999450683594,85.0,0.0,0.3,7.5,17.5
20250504215500,27.875999450683594,85.0,0.0,0.5,6.5,23.4
20250504215600,27.875999450683594,85.0,0.0,0.2,6.8,23.7
20250504215700,27.875999450683594,85.0,0.0,0.5,7.0,18.5
20250504215800,27.875999450683594,85.0,0.0,0.2,6.7,18.1
20250504215900,27.875999450683594,85.0,0.0,0.4,6.5,39.1
20250504220000,27.42599868774414,88.0,0.0,1.1,7.0,16.2
20250504220100,27.42599868774414,88.0,0.0,0.7,7.2,33.4
20250504220200,27.42599868774414,88.0,0.0,0.5,6.8,27.0
20250504220300,27.42599868774414,88.0,0.0,0.1,7.5,24.6
20250504220400,27.42599868774414,88.0,0.0,1.4,7.5,29.9
20250504220500,27.42599868774414,88.0,0.0,0.9,6.4,37.4
20250504220600,27.42599868774414,88.0,0.0,0.2,6.2,38.9
20250504220700,27.42599868774414,88.0,0.0,0.8,6.5,21.8
20250504220800,27.42599868774414,88.0,0.0,1.4,6.4,24.4
20250504220900,27.42599868774414,88.0,0.0,1.8,6.2,26.2
20250504221000,27.42599868774414,88.0,0.0,1.9,7.3,23.0
20250504221100,27.42599868774414,88.0,0.0,0.2,7.5,15.5
20250504221200,27.42599868774414,88.0,0.0,1.6,6.8,27.5
20250504221300,27.42599868774414,88.0,0.0,1.3,6.8,35.2
20250504221400,27.42599868774414,88.0,0.0,0.2,6.5,20.6
20250504221500,27.42599868774414,88.0,0.0,0.7,6.7,15.4
20250504221600,27.42599868774414,88.0,0.0,1.7,6.3,25.2
20250504221700,27.42599868774414,88.0,0.0,0.1,6.9,26.9
20250504221800,27.42599868774414,88.0,0.0,1.4,6.9,24.6
20250504221900,27.42599868774414,88.0,0.0,0.4,6.4,31.8
20250504222000,27.42599868774414,88.0,0.0,0.2,7.1,19.8
20250504222100,27.42599868774414,88.0,0.0,0.3,7.4,17.2
20250504222200,27.42599868774414,88.0,0.0,1.1,7.2,34.5
20250504222300,27.42599868774414,88.0,0.0,0.8,6.1,32.0
20250504222400,27.42599868774414,88.0,0.0,0.4,6.4,18.7
20250504222500,27.42599868774414,88.0,0.0,0.4,6.2,21.2
20250504222600,27.42599868774414,88.0,0.0,0.2,7.5,31.4
20250504222700,27.42599868774414,88.0,0.0,0.9,6.6,32.7
20250504222800,27.42599868774414,88.0,0.0,1.5,6.9,27.7
20250504222900,27.42599868774414,88.0,0.0,0.5,6.6,20.5
20250504223000,27.42599868774414,88.0,0.0,1.3,6.8,33.9
20250504223100,27.42599868774414,88.0,0.0,0.3,7.0,23.9
20250504223200,27.42599868774414,88.0,0.0,1.3,6.7,33.2
20250504223300,27.42599868774414,88.0,0.0,0.3,6.1,25.1
20250504223400,27.42599868774414,88.0,0.0,0.5,6.6,32.4
20250504223500,27.42599868774414,88.0,0.0,0.7,6.9,37.0
20250504223600,27.42599868774414,88.0,0.0,1.6,7.2,23.5
20250504223700,27.42599868774414,88.0,0.0,0.5,6.3,17.3
20250504223800,27.42599868774414,88.0,0.0,0.4,6.0,38.4
20250504223900,27.42599868774414,88.0,0.0,1.9,7.1,18.7
20250504224000,27.42599868774414,88.0,0.0,0.7,6.7,18.2
20250504224100,27.42599868774414,88.0,0.0,0.2,6.6,15.6
20250504224200,27.42599868774414,88.0,0.0,1.1,6.5,28.4
20250504224300,27.42599868774414,88.0,0.0,1.9,7.2,20.8
20250504224400,27.42599868774414,88.0,0.0,0.1,7.2,21.1
20250504224500,27.42599868774414,88.0,0.0,1.7,6.3,30.9
20250504224600,27.42599868774414,88.0,0.0,1.6,7.2,18.7
20250504224700,27.42599868774414,88.0,0.0,1.8,6.5,24.0
20250504224800,27.42599868774414,88.0,0.0,1.1,6.0,30.5
20250504224900,27.42599868774414,88.0,0.0,1.3,6.3,24.1
20250504225000,27.42599868774414,88.0,0.0,1.7,7.5,28.6
20250504225100,27.42599868774414,88.0,0.0,1.2,6.1,29.1
20250504225200,27.42599868774414,88.0,0.0,1.5,7.0,23.3
20250504225300,27.42599868774414,88.0,0.0,0.4,6.4,34.6
20250504225400,27.42599868774414,88.0,0.0,2.0,6.8,31.8
20250504225500,27.42599868774414,88.0,0.0,1.3,6.3,30.7
20250504225600,27.42599868774414,88.0,0.0,1.7,6.5,32.6
20250504225700,27.42599868774414,88.0,0.0,0.0,6.0,32.8
20250504225800,27.42599868774414,88.0,0.0,0.8,7.3,32.4
20250504225900,27.42599868774414,88.0,0.0,0.6,7.2,23.2
20250504230000,27.025999069213867,91.0,0.0,1.0,6.9,21.0
20250504230100,27.025999069213867,91.0,0.0,0.3,6.9,20.9
20250504230200,27.025999069213867,91.0,0.0,0.0,6.2,31.2
20250504230300,27.025999069213867,91.0,0.0,0.8,7.1,37.5
20250504230400,27.025999069213867,91.0,0.0,1.0,6.5,37.3
20250504230500,27.025999069213867,91.0,0.0,0.5,6.9,34.5
20250504230600,27.025999069213867,91.0,0.0,1.0,6.3,33.5
20250504230700,27.025999069213867,91.0,0.0,1.7,7.4,34.0
20250504230800,27.025999069213867,91.0,0.0,1.6,7.1,18.6
20250504230900,27.025999069213867,91.0,0.0,0.7,7.0,31.8
20250504231000,27.025999069213867,91.0,0.0,1.5,7.1,34.1
20250504231100,27.025999069213867,91.0,0.0,1.4,7.2,31.3
20250504231200,27.025999069213867,91.0,0.0,0.4,7.4,29.2
20250504231300,27.025999069213867,91.0,0.0,0.5,6.0,19.3
20250504231400,27.025999069213867,91.0,0.0,1.2,6.1,32.1
20250504231500,27.025999069213867,91.0,0.0,1.2,6.6,20.7
20250504231600,27.025999069213867,91.0,0.0,1.2,6.6,30.1
20250504231700,27.025999069213867,91.0,0.0,0.7,6.5,17.2
20250504231800,27.025999069213867,91.0,0.0,1.0,6.5,36.4
20250504231900,27.025999069213867,91.0,0.0,0.5,7.5,24.7
20250504232000,27.025999069213867,91.0,0.0,1.6,6.5,17.6
20250504232100,27.025999069213867,91.0,0.0,1.8,6.8,25.7
20250504232200,27.025999069213867,91.0,0.0,1.6,6.9,17.7
20250504232300,27.025999069213867,91.0,0.0,0.2,7.1,40.0
20250504232400,27.025999069213867,91.0,0.0,1.6,7.5,19.3
20250504232500,27.025999069213867,91.0,0.0,0.6,6.4,19.9
20250504232600,27.025999069213867,91.0,0.0,1.5,6.4,22.2
20250504232700,27.025999069213867,91.0,0.0,1.4,7.4,35.5
20250504232800,27.025999069213867,91.0,0.0,0.9,7.5,24.2
20250504232900,27.025999069213867,91.0,0.0,1.3,6.8,21.5
20250504233000,27.025999069213867,91.0,0.0,0.6,6.4,37.8
20250504233100,27.025999069213867,91.0,0.0,1.5,6.8,22.4
20250504233200,27.025999069213867,91.0,0.0,1.1,6.6,25.3
20250504233300,27.025999069213867,91.0,0.0,0.3,6.7,34.0
20250504233400,27.025999069213867,91.0,0.0,0.9,7.5,16.4
20250504233500,27.025999069213867,91.0,0.0,0.7,7.1,33.7
20250504233600,27.025999069213867,91.0,0.0,0.1,6.5,22.9
20250504233700,27.025999069213867,91.0,0.0,0.4,6.2,23.3
20250504233800,27.025999069213867,91.0,0.0,0.5,6.9,22.0
20250504233900,27.025999069213867,91.0,0.0,0.6,6.2,18.0
20250504234000,27.025999069213867,91.0,0.0,1.5,6.6,34.8
20250504234100,27.025999069213867,91.0,0.0,0.7,6.6,22.9
20250504234200,27.025999069213867,91.0,0.0,1.6,6.2,24.0
20250504234300,27.025999069213867,91.0,0.0,1.9,7.0,18.6
20250504234400,27.025999069213867,91.0,0.0,0.7,6.3,16.9
20250504234500,27.025999069213867,91.0,0.0,1.7,6.1,30.6
20250504234600,27.025999069213867,91.0,0.0,1.2,7.5,28.5
20250504234700,27.025999069213867,91.0,0.0,0.6,6.2,34.7
20250504234800,27.025999069213867,91.0,0.0,0.8,7.1,16.9
20250504234900,27.025999069213867,91.0,0.0,1.1,7.3,28.3
20250504235000,27.025999069213867,91.0,0.0,0.9,6.4,17.8
20250504235100,27.025999069213867,91.0,0.0,1.4,6.4,26.3
20250504235200,27.025999069213867,91.0,0.0,0.8,6.2,17.6
20250504235300,27.025999069213867,91.0,0.0,0.9,6.3,32.4
20250504235400,27.025999069213867,91.0,0.0,0.4,6.1,27.9
20250504235500,27.025999069213867,91.0,0.0,0.4,7.3,36.2
20250504235600,27.025999069213867,91.0,0.0,0.7,6.1,21.3
20250504235700,27.025999069213867,91.0,0.0,0.1,7.2,34.7
20250504235800,27.025999069213867,91.0,0.0,1.2,6.3,22.8
20250504235900,27.025999069213867,91.0,0.0,0.1,6.5,26.4
20250505000000,26.825998306274414,93.0,0.0,0.8,7.1,33.6
20250505000100,26.825998306274414,93.0,0.0,1.0,6.1,35.9
20250505000200,26.825998306274414,93.0,0.0,0.7,7.2,17.1
20250505000300,26.825998306274414,93.0,0.0,0.9,6.1,24.4
20250505000400,26.825998306274414,93.0,0.0,0.6,7.3,33.8
20250505000500,26.825998306274414,93.0,0.0,0.8,6.4,27.6
20250505000600,26.825998306274414,93.0,0.0,0.1,7.3,27.6
20250505000700,26.825998306274414,93.0,0.0,0.9,7.1,33.5
20250505000800,26.825998306274414,93.0,0.0,1.5,6.3,23.1
20250505000900,26.825998306274414,93.0,0.0,1.9,7.1,19.7
20250505001000,26.825998306274414,93.0,0.0,0.6,7.1,37.6
20250505001100,26.825998306274414,93.0,0.0,1.8,7.0,23.0
20250505001200,26.825998306274414,93.0,0.0,1.0,6.9,27.8
20250505001300,26.825998306274414,93.0,0.0,1.7,6.1,21.3
20250505001400,26.825998306274414,93.0,0.0,1.6,7.4,25.6
20250505001500,26.825998306274414,93.0,0.0,1.7,6.8,38.4
20250505001600,26.825998306274414,93.0,0.0,0.8,6.3,38.9
20250505001700,26.825998306274414,93.0,0.0,0.1,6.3,32.1
20250505001800,26.825998306274414,93.0,0.0,1.4,6.0,24.1
20250505001900,26.825998306274414,93.0,0.0,1.0,6.4,31.4
20250505002000,26.825998306274414,93.0,0.0,1.4,7.4,21.9
20250505002100,26.825998306274414,93.0,0.0,1.9,6.2,25.4
20250505002200,26.825998306274414,93.0,0.0,0.8,7.1,22.5
20250505002300,26.825998306274414,93.0,0.0,0.2,7.0,21.3
20250505002400,26.825998306274414,93.0,0.0,1.0,7.2,28.8
20250505002500,26.825998306274414,93.0,0.0,0.2,6.9,25.3
20250505002600,26.825998306274414,93.0,0.0,1.2,6.4,21.3
20250505002700,26.825998306274414,93.0,0.0,0.8,6.5,35.9
20250505002800,26.825998306274414,93.0,0.0,1.8,7.1,28.1
20250505002900,26.825998306274414,93.0,0.0,0.9,6.1,32.8
20250505003000,26.825998306274414,93.0,0.0,0.3,7.3,24.6
20250505003100,26.825998306274414,93.0,0.0,1.1,6.2,33.8
20250505003200,26.825998306274414,93.0,0.0,1.0,7.0,24.2
20250505003300,26.825998306274414,93.0,0.0,1.1,6.3,31.7
20250505003400,26.825998306274414,93.0,0.0,1.2,6.1,21.9
20250505003500,26.825998306274414,93.0,0.0,0.4,6.8,15.3
20250505003600,26.825998306274414,93.0,0.0,0.9,6.3,26.9
20250505003700,26.825998306274414,93.0,0.0,1.2,7.2,24.1
20250505003800,26.825998306274414,93.0,0.0,1.9,7.4,18.3
20250505003900,26.825998306274414,93.0,0.0,1.7,7.4,25.5
20250505004000,26.825998306274414,93.0,0.0,1.3,6.1,38.1
20250505004100,26.825998306274414,93.0,0.0,1.8,6.3,35.3
20250505004200,26.825998306274414,93.0,0.0,1.0,6.2,16.3
20250505004300,26.825998306274414,93.0,0.0,1.1,6.6,26.1
20250505004400,26.825998306274414,93.0,0.0,0.8,6.7,17.0
20250505004500,26.825998306274414,93.0,0.0,0.4,7.1,27.5
20250505004600,26.825998306274414,93.0,0.0,1.8,6.7,25.7
20250505004700,26.825998306274414,93.0,0.0,0.7,6.6,27.1
20250505004800,26.825998306274414,93.0,0.0,1.6,6.3,39.9
20250505004900,26.825998306274414,93.0,0.0,0.7,7.4,22.8
20250505005000,26.825998306274414,93.0,0.0,1.3,6.7,16.4
20250505005100,26.825998306274414,93.0,0.0,1.9,7.0,20.0
20250505005200,26.825998306274414,93.0,0.0,1.0,6.2,15.8
20250505005300,26.825998306274414,93.0,0.0,1.1,6.8,26.1
20250505005400,26.825998306274414,93.0,0.0,1.1,6.9,35.7
20250505005500,26.825998306274414,93.0,0.0,1.5,7.5,17.8
20250505005600,26.825998306274414,93.0,0.0,0.5,6.7,36.6
20250505005700,26.825998306274414,93.0,0.0,1.5,7.3,28.8
20250505005800,26.825998306274414,93.0,0.0,0.9,6.9,32.7
20250505005900,26.825998306274414,93.0,0.0,0.3,7.2,25.4
20250505010000,26.575998306274414,94.0,0.0,1.4,7.3,34.9
20250505010100,26.575998306274414,94.0,0.0,1.3,6.8,20.1
20250505010200,26.575998306274414,94.0,0.0,0.1,6.4,33.6
20250505010300,26.575998306274414,94.0,0.0,1.4,6.6,16.8
20250505010400,26.575998306274414,94.0,0.0,1.7,7.1,28.3
20250505010500,26.575998306274414,94.0,0.0,0.5,6.5,21.3
20250505010600,26.575998306274414,94.0,0.0,0.3,6.5,22.1
20250505010700,26.575998306274414,94.0,0.0,0.0,7.4,31.8
20250505010800,26.575998306274414,94.0,0.0,0.4,7.4,24.7
20250505010900,26.575998306274414,94.0,0.0,1.8,7.4,32.0
20250505011000,26.575998306274414,94.0,0.0,1.4,6.6,21.7
20250505011100,26.575998306274414,94.0,0.0,1.6,7.3,16.6
20250505011200,26.575998306274414,94.0,0.0,0.4,7.0,29.9
20250505011300,26.575998306274414,94.0,0.0,1.3,7.3,18.6
20250505011400,26.575998306274414,94.0,0.0,0.2,7.4,18.4
20250505011500,26.575998306274414,94.0,0.0,1.1,7.4,22.9
20250505011600,26.575998306274414,94.0,0.0,1.3,6.4,33.1
20250505011700,26.575998306274414,94.0,0.0,1.6,6.9,21.3
20250505011800,26.575998306274414,94.0,0.0,1.4,7.4,15.4
20250505011900,26.575998306274414,94.0,0.0,0.6,7.4,17.3
20250505012000,26.575998306274414,94.0,0.0,0.6,6.0,23.2
20250505012100,26.575998306274414,94.0,0.0,0.5,6.8,17.2
20250505012200,26.575998306274414,94.0,0.0,0.1,7.2,29.1
20250505012300,26.575998306274414,94.0,0.0,1.3,7.1,38.1
20250505012400,26.575998306274414,94.0,0.0,0.6,6.1,23.7
20250505012500,26.575998306274414,94.0,0.0,0.4,6.4,30.5
20250505012600,26.575998306274414,94.0,0.0,0.3,6.7,23.6
20250505012700,26.575998306274414,94.0,0.0,1.5,6.5,37.6
20250505012800,26.575998306274414,94.0,0.0,0.6,7.0,36.4
20250505012900,26.575998306274414,94.0,0.0,0.9,6.5,22.1
20250505013000,26.575998306274414,94.0,0.0,0.6,6.1,26.5
20250505013100,26.575998306274414,94.0,0.0,0.3,7.0,17.7
20250505013200,26.575998306274414,94.0,0.0,0.1,6.1,23.2
20250505013300,26.575998306274414,94.0,0.0,0.9,7.2,16.4
20250505013400,26.575998306274414,94.0,0.0,0.8,6.8,38.1
20250505013500,26.575998306274414,94.0,0.0,0.8,6.0,26.4
20250505013600,26.575998306274414,94.0,0.0,1.6,7.5,39.3
20250505013700,26.575998306274414,94.0,0.0,1.6,7.3,34.7
20250505013800,26.575998306274414,94.0,0.0,1.0,7.1,23.8
20250505013900,26.575998306274414,94.0,0.0,0.8,6.4,18.8
20250505014000,26.575998306274414,94.0,0.0,1.9,6.3,32.2
20250505014100,26.575998306274414,94.0,0.0,0.0,6.3,19.3
20250505014200,26.575998306274414,94.0,0.0,1.7,6.9,21.0
20250505014300,26.575998306274414,94.0,0.0,0.8,7.1,18.2
20250505014400,26.575998306274414,94.0,0.0,1.6,6.5,33.3
20250505014500,26.575998306274414,94.0,0.0,1.3,6.5,16.9
20250505014600,26.575998306274414,94.0,0.0,1.7,7.0,28.6
20250505014700,26.575998306274414,94.0,0.0,0.9,6.3,20.7
20250505014800,26.575998306274414,94.0,0.0,0.5,6.7,33.4
20250505014900,26.575998306274414,94.0,0.0,0.5,6.6,19.8
20250505015000,26.575998306274414,94.0,0.0,0.1,7.3,23.9
20250505015100,26.575998306274414,94.0,0.0,0.6,6.9,26.1
20250505015200,26.575998306274414,94.0,0.0,0.8,6.1,18.3
20250505015300,26.575998306274414,94.0,0.0,1.1,7.0,36.8
20250505015400,26.575998306274414,94.0,0.0,0.0,7.3,33.3
20250505015500,26.575998306274414,94.0,0.0,0.9,6.3,25.3
20250505015600,26.575998306274414,94.0,0.0,1.9,6.2,18.5
20250505015700,26.575998306274414,94.0,0.0,1.0,7.0,33.1
20250505015800,26.575998306274414,94.0,0.0,0.6,6.6,22.2
20250505015900,26.575998306274414,94.0,0.0,1.7,7.3,26.1
20250505020000,26.375999450683594,95.0,0.0,0.1,6.6,26.0
20250505020100,26.375999450683594,95.0,0.0,0.1,7.0,39.5
20250505020200,26.375999450683594,95.0,0.0,1.6,6.1,27.3
20250505020300,26.375999450683594,95.0,0.0,1.6,6.2,22.4
20250505020400,26.375999450683594,95.0,0.0,0.8,6.1,34.3
20250505020500,26.375999450683594,95.0,0.0,0.2,6.4,19.9
20250505020600,26.375999450683594,95.0,0.0,1.9,6.0,38.6
20250505020700,26.375999450683594,95.0,0.0,0.1,6.7,23.4
20250505020800,26.375999450683594,95.0,0.0,1.1,6.5,33.7
20250505020900,26.375999450683594,95.0,0.0,1.8,6.6,24.2
20250505021000,26.375999450683594,95.0,0.0,1.0,6.6,38.7
20250505021100,26.375999450683594,95.0,0.0,1.6,6.1,38.3
20250505021200,26.375999450683594,95.0,0.0,0.7,7.4,25.7
20250505021300,26.375999450683594,95.0,0.0,1.5,6.2,26.7
20250505021400,26.375999450683594,95.0,0.0,0.2,6.6,34.8
20250505021500,26.375999450683594,95.0,0.0,1.2,6.7,17.8
20250505021600,26.375999450683594,95.0,0.0,0.1,7.1,33.4
20250505021700,26.375999450683594,95.0,0.0,1.0,6.9,37.8
20250505021800,26.375999450683594,95.0,0.0,1.6,6.2,23.1
20250505021900,26.375999450683594,95.0,0.0,2.0,7.2,35.5
20250505022000,26.375999450683594,95.0,0.0,1.3,6.8,27.3
20250505022100,26.375999450683594,95.0,0.0,0.4,7.3,38.2
20250505022200,26.375999450683594,95.0,0.0,0.2,7.0,18.7
20250505022300,26.375999450683594,95.0,0.0,0.8,6.5,25.2
20250505022400,26.375999450683594,95.0,0.0,0.4,7.3,20.1
20250505022500,26.375999450683594,95.0,0.0,2.0,6.9,20.0
20250505022600,26.375999450683594,95.0,0.0,1.3,6.3,23.6
20250505022700,26.375999450683594,95.0,0.0,1.1,7.1,26.1
20250505022800,26.375999450683594,95.0,0.0,0.4,6.1,15.7
20250505022900,26.375999450683594,95.0,0.0,1.5,7.1,35.1
20250505023000,26.375999450683594,95.0,0.0,1.2,6.7,29.5
20250505023100,26.375999450683594,95.0,0.0,1.7,7.5,28.0
20250505023200,26.375999450683594,95.0,0.0,1.5,6.3,16.8
20250505023300,26.375999450683594,95.0,0.0,1.0,7.0,22.1
20250505023400,26.375999450683594,95.0,0.0,1.8,6.2,36.5
20250505023500,26.375999450683594,95.0,0.0,0.1,6.3,19.3
20250505023600,26.375999450683594,95.0,0.0,1.5,7.3,24.1
20250505023700,26.375999450683594,95.0,0.0,0.0,6.0,35.8
20250505023800,26.375999450683594,95.0,0.0,1.5,7.2,39.9
20250505023900,26.375999450683594,95.0,0.0,1.5,7.3,24.4
20250505024000,26.375999450683594,95.0,0.0,1.1,7.5,38.2
20250505024100,26.375999450683594,95.0,0.0,1.9,6.9,19.2
20250505024200,26.375999450683594,95.0,0.0,0.3,6.1,29.8
20250505024300,26.375999450683594,95.0,0.0,1.7,7.3,27.0
20250505024400,26.375999450683594,95.0,0.0,1.8,6.7,38.1
20250505024500,26.375999450683594,95.0,0.0,1.7,6.8,37.4
20250505024600,26.375999450683594,95.0,0.0,1.0,7.2,37.3
20250505024700,26.375999450683594,95.0,0.0,0.8,7.1,37.9
20250505024800,26.375999450683594,95.0,0.0,0.8,6.9,19.4
20250505024900,26.375999450683594,95.0,0.0,0.1,7.1,22.7
20250505025000,26.375999450683594,95.0,0.0,0.7,6.3,39.7
20250505025100,26.375999450683594,95.0,0.0,1.4,7.0,15.6
20250505025200,26.375999450683594,95.0,0.0,1.7,6.1,21.9
20250505025300,26.375999450683594,95.0,0.0,1.8,6.3,33.8
20250505025400,26.375999450683594,95.0,0.0,1.2,6.2,25.2
20250505025500,26.375999450683594,95.0,0.0,1.1,6.3,35.7
20250505025600,26.375999450683594,95.0,0.0,0.3,7.0,19.8
20250505025700,26.375999450683594,95.0,0.0,0.3,6.9,34.0
20250505025800,26.375999450683594,95.0,0.0,1.1,7.4,19.1
20250505025900,26.375999450683594,95.0,0.0,0.9,6.3,34.4
20250505030000,26.275999069213867,96.0,0.0,1.2,7.3,29.5
20250505030100,26.275999069213867,96.0,0.0,1.7,6.0,35.7
20250505030200,26.275999069213867,96.0,0.0,0.2,6.4,25.8
20250505030300,26.275999069213867,96.0,0.0,1.7,6.3,26.0
20250505030400,26.275999069213867,96.0,0.0,1.6,7.2,19.2
20250505030500,26.275999069213867,96.0,0.0,0.5,7.3,31.8
20250505030600,26.275999069213867,96.0,0.0,0.3,6.0,31.7
20250505030700,26.275999069213867,96.0,0.0,0.8,7.4,29.1
20250505030800,26.275999069213867,96.0,0.0,0.2,7.0,37.1
20250505030900,26.275999069213867,96.0,0.0,1.3,7.3,18.2
20250505031000,26.275999069213867,96.0,0.0,1.1,6.6,23.8
20250505031100,26.275999069213867,96.0,0.0,1.0,6.9,16.5
20250505031200,26.275999069213867,96.0,0.0,1.6,6.9,32.5
20250505031300,26.275999069213867,96.0,0.0,0.2,6.0,33.9
20250505031400,26.275999069213867,96.0,0.0,1.4,6.5,20.0
20250505031500,26.275999069213867,96.0,0.0,1.6,7.1,17.8
20250505031600,26.275999069213867,96.0,0.0,0.7,7.1,24.5
20250505031700,26.275999069213867,96.0,0.0,1.5,7.2,26.4
20250505031800,26.275999069213867,96.0,0.0,0.5,6.9,33.4
20250505031900,26.275999069213867,96.0,0.0,1.6,6.4,36.1
20250505032000,26.275999069213867,96.0,0.0,0.7,6.7,34.9
20250505032100,26.275999069213867,96.0,0.0,1.5,6.2,29.4
20250505032200,26.275999069213867,96.0,0.0,0.2,6.8,38.5
20250505032300,26.275999069213867,96.0,0.0,0.5,6.6,37.4
20250505032400,26.275999069213867,96.0,0.0,1.0,6.2,24.5
20250505032500,26.275999069213867,96.0,0.0,1.9,6.8,18.9
20250505032600,26.275999069213867,96.0,0.0,0.1,6.0,25.9
20250505032700,26.275999069213867,96.0,0.0,0.7,7.2,22.4
20250505032800,26.275999069213867,96.0,0.0,1.0,7.4,18.3
20250505032900,26.275999069213867,96.0,0.0,1.8,7.2,23.1
20250505033000,26.275999069213867,96.0,0.0,0.7,6.4,20.0
20250505033100,26.275999069213867,96.0,0.0,1.0,7.1,27.8
20250505033200,26.275999069213867,96.0,0.0,0.6,6.5,30.1
20250505033300,26.275999069213867,96.0,0.0,1.4,7.2,21.5
20250505033400,26.275999069213867,96.0,0.0,1.6,6.8,19.2
20250505033500,26.275999069213867,96.0,0.0,1.7,6.2,19.6
20250505033600,26.275999069213867,96.0,0.0,0.8,7.5,15.8
20250505033700,26.275999069213867,96.0,0.0,0.2,7.3,27.6
20250505033800,26.275999069213867,96.0,0.0,1.0,6.6,27.4
20250505033900,26.275999069213867,96.0,0.0,0.2,6.4,30.6
20250505034000,26.275999069213867,96.0,0.0,0.0,7.2,24.7
20250505034100,26.275999069213867,96.0,0.0,0.8,6.7,23.5
20250505034200,26.275999069213867,96.0,0.0,0.5,6.3,20.7
20250505034300,26.275999069213867,96.0,0.0,1.3,7.5,17.6
20250505034400,26.275999069213867,96.0,0.0,0.9,6.1,25.8
20250505034500,26.275999069213867,96.0,0.0,0.3,6.1,31.1
20250505034600,26.275999069213867,96.0,0.0,0.4,7.0,38.4
20250505034700,26.275999069213867,96.0,0.0,0.8,6.0,19.3
20250505034800,26.275999069213867,96.0,0.0,1.8,6.1,18.2
20250505034900,26.275999069213867,96.0,0.0,0.4,6.3,24.6
20250505035000,26.275999069213867,96.0,0.0,0.4,7.3,29.0
20250505035100,26.275999069213867,96.0,0.0,1.6,6.9,17.0
20250505035200,26.275999069213867,96.0,0.0,1.8,6.0,23.9
20250505035300,26.275999069213867,96.0,0.0,0.9,6.9,15.7
20250505035400,26.275999069213867,96.0,0.0,0.1,6.7,22.1
20250505035500,26.275999069213867,96.0,0.0,0.1,7.3,38.7
20250505035600,26.275999069213867,96.0,0.0,0.4,6.6,24.9
20250505035700,26.275999069213867,96.0,0.0,1.6,7.5,25.7
20250505035800,26.275999069213867,96.0,0.0,0.8,7.3,21.3
20250505035900,26.275999069213867,96.0,0.0,1.9,7.3,30.4
20250505040000,26.275999069213867,96.0,0.0,0.3,6.2,16.7
20250505040100,26.275999069213867,96.0,0.0,1.3,6.7,38.4
20250505040200,26.275999069213867,96.0,0.0,0.4,6.2,31.0
20250505040300,26.275999069213867,96.0,0.0,1.2,6.3,21.6
20250505040400,26.275999069213867,96.0,0.0,0.6,7.3,37.5
20250505040500,26.275999069213867,96.0,0.0,1.7,6.3,30.7
20250505040600,26.275999069213867,96.0,0.0,1.0,7.1,25.8
20250505040700,26.275999069213867,96.0,0.0,0.3,6.7,29.4
20250505040800,26.275999069213867,96.0,0.0,1.8,6.2,19.0
20250505040900,26.275999069213867,96.0,0.0,0.1,7.3,34.7
20250505041000,26.275999069213867,96.0,0.0,0.9,7.0,22.4
20250505041100,26.275999069213867,96.0,0.0,0.4,6.1,25.7
20250505041200,26.275999069213867,96.0,0.0,0.5,6.5,29.3
20250505041300,26.275999069213867,96.0,0.0,0.7,7.1,27.5
20250505041400,26.275999069213867,96.0,0.0,0.9,6.3,25.4
20250505041500,26.275999069213867,96.0,0.0,1.2,6.9,32.1
20250505041600,26.275999069213867,96.0,0.0,0.9,7.1,23.2
20250505041700,26.275999069213867,96.0,0.0,0.2,6.9,30.3
20250505041800,26.275999069213867,96.0,0.0,1.3,7.4,26.2
20250505041900,26.275999069213867,96.0,0.0,0.1,6.8,23.2
20250505042000,26.275999069213867,96.0,0.0,1.0,6.9,20.7
20250505042100,26.275999069213867,96.0,0.0,1.5,6.8,15.3
20250505042200,26.275999069213867,96.0,0.0,1.5,7.3,28.4
20250505042300,26.275999069213867,96.0,0.0,0.2,7.5,39.6
20250505042400,26.275999069213867,96.0,0.0,1.0,6.6,27.7
20250505042500,26.275999069213867,96.0,0.0,0.8,7.0,29.5
20250505042600,26.275999069213867,96.0,0.0,1.9,6.3,25.2
20250505042700,26.275999069213867,96.0,0.0,1.6,6.5,27.5
20250505042800,26.275999069213867,96.0,0.0,1.4,7.5,20.1
20250505042900,26.275999069213867,96.0,0.0,0.6,7.3,15.6
20250505043000,26.275999069213867,96.0,0.0,0.1,6.4,18.9
20250505043100,26.275999069213867,96.0,0.0,0.3,6.8,39.9
20250505043200,26.275999069213867,96.0,0.0,1.1,7.5,17.9
20250505043300,26.275999069213867,96.0,0.0,0.0,7.4,36.8
20250505043400,26.275999069213867,96.0,0.0,1.1,7.0,15.1
20250505043500,26.275999069213867,96.0,0.0,0.2,6.4,32.2
20250505043600,26.275999069213867,96.0,0.0,1.9,7.3,36.8
20250505043700,26.275999069213867,96.0,0.0,0.9,7.1,25.1
20250505043800,26.275999069213867,96.0,0.0,1.4,7.0,20.3
20250505043900,26.275999069213867,96.0,0.0,1.6,6.7,28.5
20250505044000,26.275999069213867,96.0,0.0,1.3,7.4,20.7
20250505044100,26.275999069213867,96.0,0.0,0.3,6.2,26.9
20250505044200,26.275999069213867,96.0,0.0,1.5,7.1,16.1
20250505044300,26.275999069213867,96.0,0.0,0.9,6.3,39.9
20250505044400,26.275999069213867,96.0,0.0,0.2,7.3,17.1
20250505044500,26.275999069213867,96.0,0.0,1.2,6.2,33.0
20250505044600,26.275999069213867,96.0,0.0,1.2,6.2,25.0
20250505044700,26.275999069213867,96.0,0.0,0.8,6.1,34.9
20250505044800,26.275999069213867,96.0,0.0,1.7,6.3,25.3
20250505044900,26.275999069213867,96.0,0.0,1.5,7.0,30.1
20250505045000,26.275999069213867,96.0,0.0,0.6,6.8,30.5
20250505045100,26.275999069213867,96.0,0.0,1.5,6.9,32.2
20250505045200,26.275999069213867,96.0,0.0,1.6,7.2,24.6
20250505045300,26.275999069213867,96.0,0.0,1.8,6.2,34.7
20250505045400,26.275999069213867,96.0,0.0,1.3,6.1,39.1
20250505045500,26.275999069213867,96.0,0.0,0.1,6.6,15.1
20250505045600,26.275999069213867,96.0,0.0,0.3,6.9,22.1
20250505045700,26.275999069213867,96.0,0.0,1.1,6.1,29.2
20250505045800,26.275999069213867,96.0,0.0,1.7,6.3,19.8
20250505045900,26.275999069213867,96.0,0.0,1.5,6.0,27.9
20250505050000,26.42599868774414,96.0,0.0,1.6,6.0,25.9
20250505050100,26.42599868774414,96.0,0.0,0.7,6.2,24.6
20250505050200,26.42599868774414,96.0,0.0,1.8,6.1,16.5
20250505050300,26.42599868774414,96.0,0.0,1.3,7.4,31.0
20250505050400,26.42599868774414,96.0,0.0,1.1,6.0,22.6
20250505050500,26.42599868774414,96.0,0.0,1.4,7.1,35.9
20250505050600,26.42599868774414,96.0,0.0,0.6,6.6,25.7
20250505050700,26.42599868774414,96.0,0.0,1.2,7.0,34.8
20250505050800,26.42599868774414,96.0,0.0,1.5,7.4,32.0
20250505050900,26.42599868774414,96.0,0.0,0.9,6.3,24.5
20250505051000,26.42599868774414,96.0,0.0,0.9,6.1,35.1
20250505051100,26.42599868774414,96.0,0.0,1.2,6.9,38.0
20250505051200,26.42599868774414,96.0,0.0,1.6,6.2,19.8
20250505051300,26.42599868774414,96.0,0.0,1.0,6.2,31.4
20250505051400,26.42599868774414,96.0,0.0,1.4,6.9,16.6
20250505051500,26.42599868774414,96.0,0.0,0.0,6.9,23.7
20250505051600,26.42599868774414,96.0,0.0,1.0,6.5,21.3
20250505051700,26.42599868774414,96.0,0.0,0.8,6.5,29.4
20250505051800,26.42599868774414,96.0,0.0,0.3,6.3,27.4
20250505051900,26.42599868774414,96.0,0.0,0.5,7.1,35.9
20250505052000,26.42599868774414,96.0,0.0,1.2,6.1,15.7
20250505052100,26.42599868774414,96.0,0.0,0.7,6.8,21.4
20250505052200,26.42599868774414,96.0,0.0,1.2,7.3,36.9
20250505052300,26.42599868774414,96.0,0.0,0.1,7.4,27.9
20250505052400,26.42599868774414,96.0,0.0,0.5,7.3,27.3
20250505052500,26.42599868774414,96.0,0.0,0.1,7.1,34.7
20250505052600,26.42599868774414,96.0,0.0,1.4,7.5,27.0
20250505052700,26.42599868774414,96.0,0.0,1.5,6.7,22.2
20250505052800,26.42599868774414,96.0,0.0,1.4,7.3,23.4
20250505052900,26.42599868774414,96.0,0.0,1.6,7.1,18.1
20250505053000,26.42599868774414,96.0,0.0,1.9,7.2,26.0
20250505053100,26.42599868774414,96.0,0.0,0.7,6.8,37.4
20250505053200,26.42599868774414,96.0,0.0,1.0,6.4,24.9
20250505053300,26.42599868774414,96.0,0.0,0.3,7.4,19.7
20250505053400,26.42599868774414,96.0,0.0,1.5,7.0,36.9
20250505053500,26.42599868774414,96.0,0.0,0.9,7.1,35.9
20250505053600,26.42599868774414,96.0,0.0,0.9,6.6,16.6
20250505053700,26.42599868774414,96.0,0.0,1.5,6.8,34.8
20250505053800,26.42599868774414,96.0,0.0,0.6,6.9,16.3
20250505053900,26.42599868774414,96.0,0.0,1.2,7.2,16.9
20250505054000,26.42599868774414,96.0,0.0,0.6,7.2,23.7
20250505054100,26.42599868774414,96.0,0.0,1.6,7.4,23.6
20250505054200,26.42599868774414,96.0,0.0,1.6,6.7,39.8
20250505054300,26.42599868774414,96.0,0.0,0.7,6.6,30.9
20250505054400,26.42599868774414,96.0,0.0,0.6,6.9,26.1
20250505054500,26.42599868774414,96.0,0.0,1.7,6.6,23.6
20250505054600,26.42599868774414,96.0,0.0,0.4,6.3,28.1
20250505054700,26.42599868774414,96.0,0.0,1.9,6.8,27.7
20250505054800,26.42599868774414,96.0,0.0,1.6,7.4,35.2
20250505054900,26.42599868774414,96.0,0.0,0.9,7.2,37.6
20250505055000,26.42599868774414,96.0,0.0,1.4,6.6,33.7
20250505055100,26.42599868774414,96.0,0.0,0.6,6.5,29.5
20250505055200,26.42599868774414,96.0,0.0,1.5,6.7,24.0
20250505055300,26.42599868774414,96.0,0.0,0.7,7.3,37.9
20250505055400,26.42599868774414,96.0,0.0,1.6,7.2,30.2
20250505055500,26.42599868774414,96.0,0.0,0.4,7.4,17.4
20250505055600,26.42599868774414,96.0,0.0,1.7,7.5,29.5
20250505055700,26.42599868774414,96.0,0.0,0.2,7.3,17.8
20250505055800,26.42599868774414,96.0,0.0,0.2,6.1,38.1
20250505055900,26.42599868774414,96.0,0.0,0.7,7.3,32.7
20250505060000,26.67599868774414,94.0,0.0,0.5,6.3,20.1
20250505060100,26.67599868774414,94.0,0.0,1.4,6.5,32.4
20250505060200,26.67599868774414,94.0,0.0,0.4,7.4,36.7
20250505060300,26.67599868774414,94.0,0.0,1.2,6.6,19.5
20250505060400,26.67599868774414,94.0,0.0,1.2,6.4,22.9
20250505060500,26.67599868774414,94.0,0.0,0.0,6.8,24.1
20250505060600,26.67599868774414,94.0,0.0,1.4,6.5,17.2
20250505060700,26.67599868774414,94.0,0.0,0.6,7.5,34.5
20250505060800,26.67599868774414,94.0,0.0,0.9,6.3,32.8
20250505060900,26.67599868774414,94.0,0.0,1.5,6.4,30.7
20250505061000,26.67599868774414,94.0,0.0,1.4,6.8,19.7
20250505061100,26.67599868774414,94.0,0.0,1.7,6.5,33.5
20250505061200,26.67599868774414,94.0,0.0,2.0,6.4,36.3
20250505061300,26.67599868774414,94.0,0.0,0.5,6.7,26.6
20250505061400,26.67599868774414,94.0,0.0,1.8,6.9,24.9
20250505061500,26.67599868774414,94.0,0.0,1.4,6.9,21.7
20250505061600,26.67599868774414,94.0,0.0,1.2,7.1,25.7
20250505061700,26.67599868774414,94.0,0.0,1.6,6.6,26.8
20250505061800,26.67599868774414,94.0,0.0,0.6,6.7,29.3
20250505061900,26.67599868774414,94.0,0.0,0.1,6.2,36.9
20250505062000,26.67599868774414,94.0,0.0,1.1,7.1,20.2
20250505062100,26.67599868774414,94.0,0.0,0.1,7.4,20.4
20250505062200,26.67599868774414,94.0,0.0,0.2,6.6,34.0
20250505062300,26.67599868774414,94.0,0.0,1.3,7.3,17.2
20250505062400,26.67599868774414,94.0,0.0,0.9,6.9,23.9
20250505062500,26.67599868774414,94.0,0.0,1.5,7.5,20.1
20250505062600,26.67599868774414,94.0,0.0,0.2,6.1,31.8
20250505062700,26.67599868774414,94.0,0.0,0.3,7.1,17.9
20250505062800,26.67599868774414,94.0,0.0,0.4,6.7,35.2
20250505062900,26.67599868774414,94.0,0.0,1.4,7.4,34.5
20250505063000,26.67599868774414,94.0,0.0,1.0,7.2,19.7
20250505063100,26.67599868774414,94.0,0.0,0.8,6.7,33.0
20250505063200,26.67599868774414,94.0,0.0,0.0,7.0,28.1
20250505063300,26.67599868774414,94.0,0.0,1.4,7.3,37.8
20250505063400,26.67599868774414,94.0,0.0,0.7,6.6,35.4
20250505063500,26.67599868774414,94.0,0.0,0.6,6.9,20.5
20250505063600,26.67599868774414,94.0,0.0,0.9,7.3,38.0
20250505063700,26.67599868774414,94.0,0.0,0.2,6.3,30.4
20250505063800,26.67599868774414,94.0,0.0,1.7,7.4,24.8
20250505063900,26.67599868774414,94.0,0.0,1.3,6.4,34.7
20250505064000,26.67599868774414,94.0,0.0,1.4,7.2,38.3
20250505064100,26.67599868774414,94.0,0.0,1.5,6.2,18.8
20250505064200,26.67599868774414,94.0,0.0,0.1,7.1,38.2
20250505064300,26.67599868774414,94.0,0.0,0.2,7.2,20.0
20250505064400,26.67599868774414,94.0,0.0,1.0,6.5,39.5
20250505064500,26.67599868774414,94.0,0.0,1.8,7.3,36.0
20250505064600,26.67599868774414,94.0,0.0,1.5,6.7,20.3
20250505064700,26.67599868774414,94.0,0.0,1.2,6.2,22.8
20250505064800,26.67599868774414,94.0,0.0,0.8,6.8,36.7
20250505064900,26.67599868774414,94.0,0.0,2.0,7.5,22.8
20250505065000,26.67599868774414,94.0,0.0,1.3,6.1,19.4
20250505065100,26.67599868774414,94.0,0.0,1.1,7.2,39.8
20250505065200,26.67599868774414,94.0,0.0,1.0,7.0,16.1
20250505065300,26.67599868774414,94.0,0.0,0.9,7.4,21.3
20250505065400,26.67599868774414,94.0,0.0,1.2,6.2,34.4
20250505065500,26.67599868774414,94.0,0.0,0.0,7.2,34.5
20250505065600,26.67599868774414,94.0,0.0,1.9,7.4,22.9
20250505065700,26.67599868774414,94.0,0.0,0.9,6.9,21.8
20250505065800,26.67599868774414,94.0,0.0,0.1,7.3,36.4
20250505065900,26.67599868774414,94.0,0.0,1.2,6.4,26.5
20250505070000,27.325998306274414,91.0,0.0,0.9,7.0,39.3
20250505070100,27.325998306274414,91.0,0.0,1.8,6.7,15.7
20250505070200,27.325998306274414,91.0,0.0,0.0,6.9,30.8
20250505070300,27.325998306274414,91.0,0.0,0.5,7.0,32.9
20250505070400,27.325998306274414,91.0,0.0,1.0,6.2,16.6
20250505070500,27.325998306274414,91.0,0.0,0.7,7.1,30.3
20250505070600,27.325998306274414,91.0,0.0,1.7,6.3,21.4
20250505070700,27.325998306274414,91.0,0.0,0.6,7.0,35.2
20250505070800,27.325998306274414,91.0,0.0,0.1,7.2,32.1
20250505070900,27.325998306274414,91.0,0.0,1.2,6.1,33.7
20250505071000,27.325998306274414,91.0,0.0,1.0,6.5,38.0
20250505071100,27.325998306274414,91.0,0.0,0.8,7.4,15.9
20250505071200,27.325998306274414,91.0,0.0,0.6,7.4,38.8
20250505071300,27.325998306274414,91.0,0.0,1.0,7.3,19.0
20250505071400,27.325998306274414,91.0,0.0,1.4,7.1,21.7
20250505071500,27.325998306274414,91.0,0.0,1.2,6.8,39.4
20250505071600,27.325998306274414,91.0,0.0,1.9,6.0,22.9
20250505071700,27.325998306274414,91.0,0.0,1.5,6.9,27.7
20250505071800,27.325998306274414,91.0,0.0,0.2,6.9,36.3
20250505071900,27.325998306274414,91.0,0.0,0.4,6.5,30.1
20250505072000,27.325998306274414,91.0,0.0,1.7,7.4,16.4
20250505072100,27.325998306274414,91.0,0.0,0.2,6.8,27.0
20250505072200,27.325998306274414,91.0,0.0,1.1,6.3,22.9
20250505072300,27.325998306274414,91.0,0.0,1.4,7.4,29.3
20250505072400,27.325998306274414,91.0,0.0,1.9,6.7,24.6
20250505072500,27.325998306274414,91.0,0.0,0.2,7.0,38.8
20250505072600,27.325998306274414,91.0,0.0,1.2,7.1,16.8
20250505072700,27.325998306274414,91.0,0.0,0.1,6.4,37.2
20250505072800,27.325998306274414,91.0,0.0,0.9,6.2,15.5
20250505072900,27.325998306274414,91.0,0.0,1.5,6.1,36.0
20250505073000,27.325998306274414,91.0,0.0,0.0,6.2,18.3
20250505073100,27.325998306274414,91.0,0.0,1.0,6.1,35.0
20250505073200,27.325998306274414,91.0,0.0,1.3,7.2,38.3
20250505073300,27.325998306274414,91.0,0.0,1.9,7.4,30.8
20250505073400,27.325998306274414,91.0,0.0,0.3,6.8,16.1
20250505073500,27.325998306274414,91.0,0.0,1.7,6.7,26.2
20250505073600,27.325998306274414,91.0,0.0,0.9,6.6,17.1
20250505073700,27.325998306274414,91.0,0.0,1.3,6.9,29.7
20250505073800,27.325998306274414,91.0,0.0,1.3,7.4,23.4
20250505073900,27.325998306274414,91.0,0.0,0.5,6.1,36.5
20250505074000,27.325998306274414,91.0,0.0,1.8,7.1,29.1
20250505074100,27.325998306274414,91.0,0.0,0.7,6.1,15.5
20250505074200,27.325998306274414,91.0,0.0,1.9,6.2,34.1
20250505074300,27.325998306274414,91.0,0.0,1.8,6.4,27.3
20250505074400,27.325998306274414,91.0,0.0,1.1,7.5,26.5
20250505074500,27.325998306274414,91.0,0.0,1.3,6.6,35.5
20250505074600,27.325998306274414,91.0,0.0,0.9,6.6,28.0
20250505074700,27.325998306274414,91.0,0.0,1.0,7.5,18.7
20250505074800,27.325998306274414,91.0,0.0,1.3,7.4,32.7
20250505074900,27.325998306274414,91.0,0.0,1.0,6.2,36.2
20250505075000,27.325998306274414,91.0,0.0,1.1,6.8,26.2
20250505075100,27.325998306274414,91.0,0.0,1.0,7.0,33.8
20250505075200,27.325998306274414,91.0,0.0,1.2,6.2,20.2
20250505075300,27.325998306274414,91.0,0.0,1.6,6.3,31.6
20250505075400,27.325998306274414,91.0,0.0,1.3,6.8,26.7
20250505075500,27.325998306274414,91.0,0.0,1.1,7.2,21.1
20250505075600,27.325998306274414,91.0,0.0,1.2,7.3,21.0
20250505075700,27.325998306274414,91.0,0.0,1.0,6.1,19.6
20250505075800,27.325998306274414,91.0,0.0,0.3,6.9,35.3
20250505075900,27.325998306274414,91.0,0.0,0.3,6.7,29.0
20250505080000,28.625999450683594,83.0,0.0,0.6,7.3,33.6
20250505080100,28.625999450683594,83.0,0.0,0.6,6.5,26.4
20250505080200,28.625999450683594,83.0,0.0,0.9,7.2,31.8
20250505080300,28.625999450683594,83.0,0.0,0.6,6.9,39.2
20250505080400,28.625999450683594,83.0,0.0,0.2,7.0,28.5
20250505080500,28.625999450683594,83.0,0.0,0.1,6.0,16.2
20250505080600,28.625999450683594,83.0,0.0,1.0,7.0,35.0
20250505080700,28.625999450683594,83.0,0.0,1.9,6.5,18.2
20250505080800,28.625999450683594,83.0,0.0,1.9,7.3,29.6
20250505080900,28.625999450683594,83.0,0.0,1.8,7.2,36.7
20250505081000,28.625999450683594,83.0,0.0,1.1,7.4,31.0
20250505081100,28.625999450683594,83.0,0.0,0.2,7.2,39.2
20250505081200,28.625999450683594,83.0,0.0,0.9,7.3,26.7
20250505081300,28.625999450683594,83.0,0.0,1.6,6.8,16.7
20250505081400,28.625999450683594,83.0,0.0,1.8,7.2,31.9
20250505081500,28.625999450683594,83.0,0.0,0.4,6.5,16.2
20250505081600,28.625999450683594,83.0,0.0,0.9,6.5,23.5
20250505081700,28.625999450683594,83.0,0.0,0.4,6.8,17.3
20250505081800,28.625999450683594,83.0,0.0,0.9,7.3,34.4
20250505081900,28.625999450683594,83.0,0.0,0.6,7.3,29.0
20250505082000,28.625999450683594,83.0,0.0,1.1,6.9,35.1
20250505082100,28.625999450683594,83.0,0.0,1.0,6.2,15.0
20250505082200,28.625999450683594,83.0,0.0,1.6,6.3,33.8
20250505082300,28.625999450683594,83.0,0.0,0.9,6.5,33.7
20250505082400,28.625999450683594,83.0,0.0,1.0,7.4,35.8
20250505082500,28.625999450683594,83.0,0.0,0.4,6.1,21.9
20250505082600,28.625999450683594,83.0,0.0,1.2,6.5,28.8
20250505082700,28.625999450683594,83.0,0.0,1.5,7.4,35.5
20250505082800,28.625999450683594,83.0,0.0,0.6,6.8,18.8
20250505082900,28.625999450683594,83.0,0.0,0.9,7.0,30.8
20250505083000,28.625999450683594,83.0,0.0,0.4,6.6,33.9
20250505083100,28.625999450683594,83.0,0.0,0.6,6.5,23.1
20250505083200,28.625999450683594,83.0,0.0,0.7,7.0,24.4
20250505083300,28.625999450683594,83.0,0.0,0.2,6.5,26.5
20250505083400,28.625999450683594,83.0,0.0,1.2,6.5,26.5
20250505083500,28.625999450683594,83.0,0.0,0.3,6.9,34.6
20250505083600,28.625999450683594,83.0,0.0,0.6,6.3,24.6
20250505083700,28.625999450683594,83.0,0.0,0.5,6.9,37.1
20250505083800,28.625999450683594,83.0,0.0,0.5,6.7,26.1
20250505083900,28.625999450683594,83.0,0.0,1.6,6.3,16.6
20250505084000,28.625999450683594,83.0,0.0,0.0,6.7,28.7
20250505084100,28.625999450683594,83.0,0.0,1.1,6.5,22.1
20250505084200,28.625999450683594,83.0,0.0,0.2,7.0,26.6
20250505084300,28.625999450683594,83.0,0.0,0.7,7.5,15.4
20250505084400,28.625999450683594,83.0,0.0,1.9,7.0,38.9
20250505084500,28.625999450683594,83.0,0.0,1.9,6.9,20.6
20250505084600,28.625999450683594,83.0,0.0,0.3,6.1,22.4
20250505084700,28.625999450683594,83.0,0.0,1.4,6.8,16.8
20250505084800,28.625999450683594,83.0,0.0,1.9,6.3,34.8
20250505084900,28.625999450683594,83.0,0.0,1.1,6.8,39.2
20250505085000,28.625999450683594,83.0,0.0,1.5,6.9,26.2
20250505085100,28.625999450683594,83.0,0.0,0.7,6.1,31.3
20250505085200,28.625999450683594,83.0,0.0,1.7,6.9,26.2
20250505085300,28.625999450683594,83.0,0.0,0.2,6.8,28.9
20250505085400,28.625999450683594,83.0,0.0,1.5,6.3,24.7
20250505085500,28.625999450683594,83.0,0.0,1.7,6.7,23.4
20250505085600,28.625999450683594,83.0,0.0,0.9,7.0,23.9
20250505085700,28.625999450683594,83.0,0.0,0.8,6.9,26.0
20250505085800,28.625999450683594,83.0,0.0,1.6,6.5,25.8
20250505085900,28.625999450683594,83.0,0.0,1.8,6.5,20.4
20250505090000,30.275999069213867,73.0,0.0,1.3,7.4,36.3
20250505090100,30.275999069213867,73.0,0.0,0.8,6.8,38.8
20250505090200,30.275999069213867,73.0,0.0,1.9,6.9,25.7
20250505090300,30.275999069213867,73.0,0.0,0.1,7.4,32.8
20250505090400,30.275999069213867,73.0,0.0,1.5,6.5,20.6
20250505090500,30.275999069213867,73.0,0.0,0.5,7.3,39.9
20250505090600,30.275999069213867,73.0,0.0,1.0,6.2,25.5
20250505090700,30.275999069213867,73.0,0.0,0.4,7.4,34.8
20250505090800,30.275999069213867,73.0,0.0,1.6,6.2,26.3
20250505090900,30.275999069213867,73.0,0.0,0.1,7.5,21.3
20250505091000,30.275999069213867,73.0,0.0,0.9,6.3,25.7
20250505091100,30.275999069213867,73.0,0.0,1.5,6.6,21.2
20250505091200,30.275999069213867,73.0,0.0,0.4,6.7,24.2
20250505091300,30.275999069213867,73.0,0.0,1.4,7.4,15.1
20250505091400,30.275999069213867,73.0,0.0,1.3,6.5,32.8
20250505091500,30.275999069213867,73.0,0.0,1.9,6.4,16.8
20250505091600,30.275999069213867,73.0,0.0,0.0,6.9,31.4
20250505091700,30.275999069213867,73.0,0.0,0.6,6.4,16.3
20250505091800,30.275999069213867,73.0,0.0,0.7,6.6,28.0
20250505091900,30.275999069213867,73.0,0.0,1.4,6.4,19.7
20250505092000,30.275999069213867,73.0,0.0,0.4,6.6,29.4
20250505092100,30.275999069213867,73.0,0.0,1.2,6.9,15.1
20250505092200,30.275999069213867,73.0,0.0,1.0,6.3,22.5
20250505092300,30.275999069213867,73.0,0.0,1.9,7.3,30.5
20250505092400,30.275999069213867,73.0,0.0,0.0,6.5,38.6
20250505092500,30.275999069213867,73.0,0.0,0.8,6.6,19.3
20250505092600,30.275999069213867,73.0,0.0,0.2,6.7,36.4
20250505092700,30.275999069213867,73.0,0.0,1.5,6.4,19.6
20250505092800,30.275999069213867,73.0,0.0,1.6,6.4,22.0
20250505092900,30.275999069213867,73.0,0.0,1.5,6.1,34.6
20250505093000,30.275999069213867,73.0,0.0,1.0,7.4,27.2
20250505093100,30.275999069213867,73.0,0.0,1.5,6.3,34.0
20250505093200,30.275999069213867,73.0,0.0,1.9,6.4,21.5
20250505093300,30.275999069213867,73.0,0.0,1.7,6.2,33.8
20250505093400,30.275999069213867,73.0,0.0,1.0,7.2,36.4
20250505093500,30.275999069213867,73.0,0.0,0.3,6.9,28.5
20250505093600,30.275999069213867,73.0,0.0,1.5,7.3,36.8
20250505093700,30.275999069213867,73.0,0.0,1.9,7.4,20.6
20250505093800,30.275999069213867,73.0,0.0,0.1,7.0,18.1
20250505093900,30.275999069213867,73.0,0.0,1.4,7.5,15.3
20250505094000,30.275999069213867,73.0,0.0,2.0,6.7,36.2
20250505094100,30.275999069213867,73.0,0.0,0.7,6.3,29.3
20250505094200,30.275999069213867,73.0,0.0,0.8,6.1,23.6
20250505094300,30.275999069213867,73.0,0.0,1.3,6.5,29.0
20250505094400,30.275999069213867,73.0,0.0,1.9,7.1,34.7
20250505094500,30.275999069213867,73.0,0.0,0.3,6.4,32.7
20250505094600,30.275999069213867,73.0,0.0,1.6,6.6,18.0
20250505094700,30.275999069213867,73.0,0.0,1.7,6.8,29.5
20250505094800,30.275999069213867,73.0,0.0,1.3,6.1,21.1
20250505094900,30.275999069213867,73.0,0.0,1.6,6.6,32.0
20250505095000,30.275999069213867,73.0,0.0,1.7,6.7,30.4
20250505095100,30.275999069213867,73.0,0.0,0.7,6.3,16.3
20250505095200,30.275999069213867,73.0,0.0,1.9,6.0,32.1
20250505095300,30.275999069213867,73.0,0.0,1.4,7.1,31.2
20250505095400,30.275999069213867,73.0,0.0,0.3,6.4,26.9
20250505095500,30.275999069213867,73.0,0.0,1.0,6.5,30.4
20250505095600,30.275999069213867,73.0,0.0,0.0,6.9,28.5
20250505095700,30.275999069213867,73.0,0.0,1.5,6.4,18.6
20250505095800,30.275999069213867,73.0,0.0,0.4,6.1,36.9
20250505095900,30.275999069213867,73.0,0.0,1.5,6.6,37.0
20250505100000,31.67599868774414,65.0,0.0,2.0,6.7,28.2
20250505100100,31.67599868774414,65.0,0.0,1.3,7.2,21.9
20250505100200,31.67599868774414,65.0,0.0,1.8,6.7,34.8
20250505100300,31.67599868774414,65.0,0.0,0.6,6.1,19.4
20250505100400,31.67599868774414,65.0,0.0,0.9,7.0,18.6
20250505100500,31.67599868774414,65.0,0.0,1.9,7.5,20.2
20250505100600,31.67599868774414,65.0,0.0,0.4,6.1,36.5
20250505100700,31.67599868774414,65.0,0.0,1.2,6.4,29.6
20250505100800,31.67599868774414,65.0,0.0,1.7,6.1,28.1
20250505100900,31.67599868774414,65.0,0.0,1.9,6.2,37.2
20250505101000,31.67599868774414,65.0,0.0,1.5,6.5,19.5
20250505101100,31.67599868774414,65.0,0.0,1.4,6.2,32.2
20250505101200,31.67599868774414,65.0,0.0,0.7,7.0,18.3
20250505101300,31.67599868774414,65.0,0.0,0.9,6.3,24.7
20250505101400,31.67599868774414,65.0,0.0,0.3,6.1,25.1
20250505101500,31.67599868774414,65.0,0.0,0.2,6.5,16.8
20250505101600,31.67599868774414,65.0,0.0,1.7,6.9,31.4
20250505101700,31.67599868774414,65.0,0.0,1.0,6.7,33.5
20250505101800,31.67599868774414,65.0,0.0,2.0,7.0,24.3
20250505101900,31.67599868774414,65.0,0.0,1.1,7.5,37.8
20250505102000,31.67599868774414,65.0,0.0,0.3,6.1,27.3
20250505102100,31.67599868774414,65.0,0.0,0.3,6.7,31.9
20250505102200,31.67599868774414,65.0,0.0,0.9,6.0,24.6
20250505102300,31.67599868774414,65.0,0.0,0.6,7.3,20.4
20250505102400,31.67599868774414,65.0,0.0,0.5,6.3,20.9
20250505102500,31.67599868774414,65.0,0.0,0.1,6.9,15.8
20250505102600,31.67599868774414,65.0,0.0,0.5,6.7,29.7
20250505102700,31.67599868774414,65.0,0.0,1.7,6.5,37.8
20250505102800,31.67599868774414,65.0,0.0,0.8,6.8,21.5
20250505102900,31.67599868774414,65.0,0.0,0.8,6.2,29.4
20250505103000,31.67599868774414,65.0,0.0,0.6,7.3,31.9
20250505103100,31.67599868774414,65.0,0.0,0.7,7.1,25.5
20250505103200,31.67599868774414,65.0,0.0,1.8,6.6,33.0
20250505103300,31.67599868774414,65.0,0.0,0.5,6.6,33.4
20250505103400,31.67599868774414,65.0,0.0,0.4,6.4,25.1
20250505103500,31.67599868774414,65.0,0.0,0.9,7.1,22.9
20250505103600,31.67599868774414,65.0,0.0,1.9,6.1,36.6
20250505103700,31.67599868774414,65.0,0.0,1.5,6.4,23.9
20250505103800,31.67599868774414,65.0,0.0,1.0,7.1,31.5
20250505103900,31.67599868774414,65.0,0.0,0.3,7.0,24.3
20250505104000,31.67599868774414,65.0,0.0,0.2,6.5,23.3
20250505104100,31.67599868774414,65.0,0.0,0.5,6.6,26.7
20250505104200,31.67599868774414,65.0,0.0,1.3,7.2,35.8
20250505104300,31.67599868774414,65.0,0.0,1.4,6.3,38.9
20250505104400,31.67599868774414,65.0,0.0,1.2,7.0,29.7
20250505104500,31.67599868774414,65.0,0.0,0.8,6.4,26.5
20250505104600,31.67599868774414,65.0,0.0,0.4,7.0,28.6
20250505104700,31.67599868774414,65.0,0.0,0.4,6.4,15.7
20250505104800,31.67599868774414,65.0,0.0,1.6,6.7,33.6
20250505104900,31.67599868774414,65.0,0.0,1.5,6.3,18.2
20250505105000,31.67599868774414,65.0,0.0,1.8,6.1,28.7
20250505105100,31.67599868774414,65.0,0.0,0.5,6.0,22.3
20250505105200,31.67599868774414,65.0,0.0,0.3,6.1,31.4
20250505105300,31.67599868774414,65.0,0.0,0.3,7.5,36.1
20250505105400,31.67599868774414,65.0,0.0,0.7,6.2,34.8
20250505105500,31.67599868774414,65.0,0.0,1.6,7.1,20.3
20250505105600,31.67599868774414,65.0,0.0,0.3,6.5,35.6
20250505105700,31.67599868774414,65.0,0.0,1.9,7.1,33.7
20250505105800,31.67599868774414,65.0,0.0,0.4,6.3,24.9
20250505105900,31.67599868774414,65.0,0.0,0.2,6.0,32.3
20250505110000,32.57600021362305,62.0,0.0,1.3,6.3,27.2
20250505110100,32.57600021362305,62.0,0.0,1.7,6.8,15.8
20250505110200,32.57600021362305,62.0,0.0,1.2,6.9,34.7
20250505110300,32.57600021362305,62.0,0.0,0.3,7.2,15.2
20250505110400,32.57600021362305,62.0,0.0,1.0,7.4,31.7
20250505110500,32.57600021362305,62.0,0.0,1.4,6.7,19.9
20250505110600,32.57600021362305,62.0,0.0,0.9,6.6,17.4
20250505110700,32.57600021362305,62.0,0.0,0.6,6.8,30.7
20250505110800,32.57600021362305,62.0,0.0,1.3,7.0,28.8
20250505110900,32.57600021362305,62.0,0.0,0.4,6.9,27.7
20250505111000,32.57600021362305,62.0,0.0,1.1,7.0,21.5
20250505111100,32.57600021362305,62.0,0.0,0.9,7.4,36.9
20250505111200,32.57600021362305,62.0,0.0,0.6,7.0,28.4
20250505111300,32.57600021362305,62.0,0.0,0.8,6.4,24.6
20250505111400,32.57600021362305,62.0,0.0,0.7,7.4,39.8
20250505111500,32.57600021362305,62.0,0.0,1.0,6.4,33.9
20250505111600,32.57600021362305,62.0,0.0,0.4,6.9,20.2
20250505111700,32.57600021362305,62.0,0.0,0.5,6.5,36.4
20250505111800,32.57600021362305,62.0,0.0,1.3,6.0,35.7
20250505111900,32.57600021362305,62.0,0.0,1.3,7.1,26.6
20250505112000,32.57600021362305,62.0,0.0,0.5,7.4,37.9
20250505112100,32.57600021362305,62.0,0.0,0.9,6.1,35.0
20250505112200,32.57600021362305,62.0,0.0,1.0,7.0,24.7
20250505112300,32.57600021362305,62.0,0.0,1.9,6.9,20.0
20250505112400,32.57600021362305,62.0,0.0,0.2,7.3,21.6
20250505112500,32.57600021362305,62.0,0.0,0.2,6.8,26.5
20250505112600,32.57600021362305,62.0,0.0,0.8,6.1,33.6
20250505112700,32.57600021362305,62.0,0.0,1.1,7.0,18.4
20250505112800,32.57600021362305,62.0,0.0,1.2,7.2,23.1
20250505112900,32.57600021362305,62.0,0.0,0.6,6.5,23.0
20250505113000,32.57600021362305,62.0,0.0,0.1,6.6,39.9
20250505113100,32.57600021362305,62.0,0.0,0.5,6.5,28.1
20250505113200,32.57600021362305,62.0,0.0,0.4,6.6,17.0
20250505113300,32.57600021362305,62.0,0.0,1.6,6.6,22.1
20250505113400,32.57600021362305,62.0,0.0,0.5,7.2,34.3
20250505113500,32.57600021362305,62.0,0.0,1.3,7.1,19.2
20250505113600,32.57600021362305,62.0,0.0,0.4,7.2,33.9
20250505113700,32.57600021362305,62.0,0.0,1.1,6.0,35.7
20250505113800,32.57600021362305,62.0,0.0,0.9,6.4,20.1
20250505113900,32.57600021362305,62.0,0.0,0.3,6.7,16.0
20250505114000,32.57600021362305,62.0,0.0,1.1,7.0,25.3
20250505114100,32.57600021362305,62.0,0.0,1.7,6.6,33.1
20250505114200,32.57600021362305,62.0,0.0,1.5,7.4,28.7
20250505114300,32.57600021362305,62.0,0.0,1.5,6.6,35.5
20250505114400,32.57600021362305,62.0,0.0,0.1,6.1,30.3
20250505114500,32.57600021362305,62.0,0.0,1.3,6.3,36.8
20250505114600,32.57600021362305,62.0,0.0,0.3,6.9,21.7
20250505114700,32.57600021362305,62.0,0.0,1.0,7.1,23.8
20250505114800,32.57600021362305,62.0,0.0,1.6,7.3,34.4
20250505114900,32.57600021362305,62.0,0.0,0.6,6.6,40.0
20250505115000,32.57600021362305,62.0,0.0,1.1,6.7,34.6
20250505115100,32.57600021362305,62.0,0.0,1.8,6.8,28.5
20250505115200,32.57600021362305,62.0,0.0,1.4,6.2,37.0
20250505115300,32.57600021362305,62.0,0.0,0.7,7.1,24.0
20250505115400,32.57600021362305,62.0,0.0,1.8,7.1,16.7
20250505115500,32.57600021362305,62.0,0.0,1.6,7.4,35.8
20250505115600,32.57600021362305,62.0,0.0,0.5,6.0,23.8
20250505115700,32.57600021362305,62.0,0.0,1.8,6.8,31.0
20250505115800,32.57600021362305,62.0,0.0,1.6,6.4,23.9
20250505115900,32.57600021362305,62.0,0.0,0.7,7.5,27.9
20250505120000,33.2760009765625,61.0,0.0,0.7,6.6,22.3
20250505120100,33.2760009765625,61.0,0.0,0.1,6.5,31.1
20250505120200,33.2760009765625,61.0,0.0,0.8,6.5,30.3
20250505120300,33.2760009765625,61.0,0.0,1.9,7.5,22.3
20250505120400,33.2760009765625,61.0,0.0,1.2,7.4,23.3
20250505120500,33.2760009765625,61.0,0.0,2.0,6.4,27.3
20250505120600,33.2760009765625,61.0,0.0,1.2,6.7,34.6
20250505120700,33.2760009765625,61.0,0.0,1.9,6.1,38.8
20250505120800,33.2760009765625,61.0,0.0,1.5,6.7,30.1
20250505120900,33.2760009765625,61.0,0.0,0.9,6.9,37.9
20250505121000,33.2760009765625,61.0,0.0,1.0,6.2,34.9
20250505121100,33.2760009765625,61.0,0.0,1.7,7.3,37.0
20250505121200,33.2760009765625,61.0,0.0,0.9,7.1,26.0
20250505121300,33.2760009765625,61.0,0.0,0.1,6.4,24.3
20250505121400,33.2760009765625,61.0,0.0,1.7,7.0,31.7
20250505121500,33.2760009765625,61.0,0.0,0.0,6.6,29.1
20250505121600,33.2760009765625,61.0,0.0,1.8,6.8,22.1
20250505121700,33.2760009765625,61.0,0.0,1.8,6.8,34.6
20250505121800,33.2760009765625,61.0,0.0,0.6,6.7,35.4
20250505121900,33.2760009765625,61.0,0.0,0.8,6.9,15.3
20250505122000,33.2760009765625,61.0,0.0,1.8,6.9,28.0
20250505122100,33.2760009765625,61.0,0.0,1.2,6.1,15.2
20250505122200,33.2760009765625,61.0,0.0,1.4,6.5,33.9
20250505122300,33.2760009765625,61.0,0.0,0.2,7.3,19.7
20250505122400,33.2760009765625,61.0,0.0,0.5,6.2,35.8
20250505122500,33.2760009765625,61.0,0.0,1.5,6.6,29.2
20250505122600,33.2760009765625,61.0,0.0,2.0,6.0,27.4
20250505122700,33.2760009765625,61.0,0.0,1.4,6.9,26.1
20250505122800,33.2760009765625,61.0,0.0,2.0,6.9,35.7
20250505122900,33.2760009765625,61.0,0.0,0.2,7.2,27.2
20250505123000,33.2760009765625,61.0,0.0,1.6,6.5,21.3
20250505123100,33.2760009765625,61.0,0.0,0.3,6.3,21.0
20250505123200,33.2760009765625,61.0,0.0,1.6,7.0,32.5
20250505123300,33.2760009765625,61.0,0.0,1.2,7.4,20.5
20250505123400,33.2760009765625,61.0,0.0,1.6,6.0,20.6
20250505123500,33.2760009765625,61.0,0.0,0.9,6.9,32.5
20250505123600,33.2760009765625,61.0,0.0,0.4,6.5,35.4
20250505123700,33.2760009765625,61.0,0.0,1.7,6.9,28.9
20250505123800,33.2760009765625,61.0,0.0,0.7,6.9,19.2
20250505123900,33.2760009765625,61.0,0.0,1.6,6.7,30.3
20250505124000,33.2760009765625,61.0,0.0,0.2,6.5,27.0
20250505124100,33.2760009765625,61.0,0.0,0.1,6.3,31.5
20250505124200,33.2760009765625,61.0,0.0,0.8,7.5,25.1
20250505124300,33.2760009765625,61.0,0.0,0.1,6.3,34.6
20250505124400,33.2760009765625,61.0,0.0,1.5,7.3,36.1
20250505124500,33.2760009765625,61.0,0.0,1.7,6.4,32.3
20250505124600,33.2760009765625,61.0,0.0,0.7,6.8,29.3
20250505124700,33.2760009765625,61.0,0.0,0.6,7.1,15.8
20250505124800,33.2760009765625,61.0,0.0,0.8,6.6,17.0
20250505124900,33.2760009765625,61.0,0.0,0.6,6.5,37.8
20250505125000,33.2760009765625,61.0,0.0,0.7,6.7,19.8
20250505125100,33.2760009765625,61.0,0.0,0.3,7.2,22.5
20250505125200,33.2760009765625,61.0,0.0,1.2,7.3,16.8
20250505125300,33.2760009765625,61.0,0.0,1.9,7.1,39.8
20250505125400,33.2760009765625,61.0,0.0,1.7,6.5,25.2
20250505125500,33.2760009765625,61.0,0.0,0.1,7.0,23.1
20250505125600,33.2760009765625,61.0,0.0,1.1,6.8,35.6
20250505125700,33.2760009765625,61.0,0.0,0.3,7.2,23.2
20250505125800,33.2760009765625,61.0,0.0,1.3,6.7,28.0
20250505125900,33.2760009765625,61.0,0.0,0.9,6.1,15.2
20250505130000,33.57600021362305,61.0,0.0,1.9,6.5,18.8
20250505130100,33.57600021362305,61.0,0.0,0.1,6.8,25.1
20250505130200,33.57600021362305,61.0,0.0,1.4,7.2,32.3
20250505130300,33.57600021362305,61.0,0.0,1.2,6.5,24.1
20250505130400,33.57600021362305,61.0,0.0,0.4,6.6,37.0
20250505130500,33.57600021362305,61.0,0.0,0.9,6.3,24.5
20250505130600,33.57600021362305,61.0,0.0,1.2,6.8,18.4
20250505130700,33.57600021362305,61.0,0.0,1.6,7.2,22.9
20250505130800,33.57600021362305,61.0,0.0,0.3,7.4,29.0
20250505130900,33.57600021362305,61.0,0.0,1.9,6.5,23.5
20250505131000,33.57600021362305,61.0,0.0,0.5,6.2,37.6
20250505131100,33.57600021362305,61.0,0.0,1.5,6.7,20.7
20250505131200,33.57600021362305,61.0,0.0,1.8,6.1,16.1
20250505131300,33.57600021362305,61.0,0.0,1.2,6.3,21.9
20250505131400,33.57600021362305,61.0,0.0,0.1,7.2,32.9
20250505131500,33.57600021362305,61.0,0.0,0.2,7.4,28.1
20250505131600,33.57600021362305,61.0,0.0,1.6,7.3,28.4
20250505131700,33.57600021362305,61.0,0.0,1.3,7.2,21.4
20250505131800,33.57600021362305,61.0,0.0,1.3,6.5,30.5
20250505131900,33.57600021362305,61.0,0.0,1.6,6.9,27.9
20250505132000,33.57600021362305,61.0,0.0,0.5,6.7,29.7
20250505132100,33.57600021362305,61.0,0.0,2.0,7.5,36.2
20250505132200,33.57600021362305,61.0,0.0,1.5,6.4,18.7
20250505132300,33.57600021362305,61.0,0.0,0.1,6.8,31.8
20250505132400,33.57600021362305,61.0,0.0,1.0,6.0,34.1
20250505132500,33.57600021362305,61.0,0.0,1.2,6.0,34.9
20250505132600,33.57600021362305,61.0,0.0,0.6,6.8,32.2
20250505132700,33.57600021362305,61.0,0.0,0.8,7.0,15.5
20250505132800,33.57600021362305,61.0,0.0,1.7,6.1,33.8
20250505132900,33.57600021362305,61.0,0.0,0.0,6.8,22.0
20250505133000,33.57600021362305,61.0,0.0,0.3,6.6,34.4
20250505133100,33.57600021362305,61.0,0.0,0.8,6.9,32.6
20250505133200,33.57600021362305,61.0,0.0,0.2,7.0,20.6
20250505133300,33.57600021362305,61.0,0.0,0.8,6.0,22.4
20250505133400,33.57600021362305,61.0,0.0,1.8,7.5,35.4
20250505133500,33.57600021362305,61.0,0.0,1.2,7.3,30.6
20250505133600,33.57600021362305,61.0,0.0,0.3,6.6,37.3
20250505133700,33.57600021362305,61.0,0.0,1.0,6.3,35.4
20250505133800,33.57600021362305,61.0,0.0,0.9,6.3,26.8
20250505133900,33.57600021362305,61.0,0.0,1.8,7.4,23.8
20250505134000,33.57600021362305,61.0,0.0,1.6,6.5,39.6
20250505134100,33.57600021362305,61.0,0.0,1.2,7.2,35.3
20250505134200,33.57600021362305,61.0,0.0,1.2,6.6,19.9
20250505134300,33.57600021362305,61.0,0.0,0.5,7.4,38.8
20250505134400,33.57600021362305,61.0,0.0,0.0,6.2,25.2
20250505134500,33.57600021362305,61.0,0.0,1.9,6.1,26.0
20250505134600,33.57600021362305,61.0,0.0,0.3,6.8,33.2
20250505134700,33.57600021362305,61.0,0.0,1.0,6.6,15.4
20250505134800,33.57600021362305,61.0,0.0,0.7,6.6,21.5
20250505134900,33.57600021362305,61.0,0.0,0.7,7.2,24.5
20250505135000,33.57600021362305,61.0,0.0,1.2,6.6,16.3
20250505135100,33.57600021362305,61.0,0.0,1.9,7.3,29.1
20250505135200,33.57600021362305,61.0,0.0,1.7,6.2,28.1
20250505135300,33.57600021362305,61.0,0.0,0.4,7.5,24.5
20250505135400,33.57600021362305,61.0,0.0,0.6,7.3,35.1
20250505135500,33.57600021362305,61.0,0.0,0.8,7.4,23.6
20250505135600,33.57600021362305,61.0,0.0,0.8,6.6,19.5
20250505135700,33.57600021362305,61.0,0.0,1.0,7.2,31.1
20250505135800,33.57600021362305,61.0,0.0,1.8,6.5,17.2
20250505135900,33.57600021362305,61.0,0.0,0.8,7.4,27.0
20250505140000,33.5260009765625,60.0,0.0,0.4,6.4,29.0
20250505140100,33.5260009765625,60.0,0.0,1.2,6.8,32.6
20250505140200,33.5260009765625,60.0,0.0,0.1,6.6,28.7
20250505140300,33.5260009765625,60.0,0.0,1.7,6.8,20.0
20250505140400,33.5260009765625,60.0,0.0,0.2,6.1,22.9
20250505140500,33.5260009765625,60.0,0.0,0.4,6.7,36.9
20250505140600,33.5260009765625,60.0,0.0,0.5,6.5,32.5
20250505140700,33.5260009765625,60.0,0.0,0.8,7.3,33.6
20250505140800,33.5260009765625,60.0,0.0,0.1,7.1,28.6
20250505140900,33.5260009765625,60.0,0.0,1.7,7.2,15.5
20250505141000,33.5260009765625,60.0,0.0,0.6,6.2,39.0
20250505141100,33.5260009765625,60.0,0.0,1.5,6.7,33.8
20250505141200,33.5260009765625,60.0,0.0,0.8,7.3,33.6
20250505141300,33.5260009765625,60.0,0.0,0.6,6.3,18.7
20250505141400,33.5260009765625,60.0,0.0,1.7,7.3,34.6
20250505141500,33.5260009765625,60.0,0.0,0.7,6.9,34.9
20250505141600,33.5260009765625,60.0,0.0,1.1,6.1,18.7
20250505141700,33.5260009765625,60.0,0.0,1.1,6.4,36.2
20250505141800,33.5260009765625,60.0,0.0,0.5,6.6,36.9
20250505141900,33.5260009765625,60.0,0.0,0.7,6.6,31.0
20250505142000,33.5260009765625,60.0,0.0,1.3,6.9,20.7
20250505142100,33.5260009765625,60.0,0.0,1.2,6.1,20.2
20250505142200,33.5260009765625,60.0,0.0,1.1,6.6,19.3
20250505142300,33.5260009765625,60.0,0.0,2.0,6.4,23.9
20250505142400,33.5260009765625,60.0,0.0,0.7,6.0,15.4
20250505142500,33.5260009765625,60.0,0.0,1.4,6.7,31.8
20250505142600,33.5260009765625,60.0,0.0,1.2,6.6,34.8
20250505142700,33.5260009765625,60.0,0.0,1.1,6.7,23.6
20250505142800,33.5260009765625,60.0,0.0,0.2,6.7,16.7
20250505142900,33.5260009765625,60.0,0.0,0.4,6.3,23.4
20250505143000,33.5260009765625,60.0,0.0,0.8,7.2,16.7
20250505143100,33.5260009765625,60.0,0.0,2.0,6.6,29.4
20250505143200,33.5260009765625,60.0,0.0,1.4,6.7,32.3
20250505143300,33.5260009765625,60.0,0.0,1.1,7.2,32.5
20250505143400,33.5260009765625,60.0,0.0,0.1,7.3,35.9
20250505143500,33.5260009765625,60.0,0.0,0.2,7.4,34.7
20250505143600,33.5260009765625,60.0,0.0,1.6,6.7,36.1
20250505143700,33.5260009765625,60.0,0.0,1.9,7.4,23.8
20250505143800,33.5260009765625,60.0,0.0,1.0,7.2,22.4
20250505143900,33.5260009765625,60.0,0.0,0.5,6.5,35.1
20250505144000,33.5260009765625,60.0,0.0,0.2,6.0,17.5
20250505144100,33.5260009765625,60.0,0.0,1.1,6.0,36.4
20250505144200,33.5260009765625,60.0,0.0,0.8,6.1,34.8
20250505144300,33.5260009765625,60.0,0.0,0.7,6.5,30.6
20250505144400,33.5260009765625,60.0,0.0,1.6,6.3,27.0
20250505144500,33.5260009765625,60.0,0.0,0.2,7.0,39.6
20250505144600,33.5260009765625,60.0,0.0,1.2,7.1,37.0
20250505144700,33.5260009765625,60.0,0.0,0.0,6.9,18.2
20250505144800,33.5260009765625,60.0,0.0,1.2,7.2,38.2
20250505144900,33.5260009765625,60.0,0.0,0.9,7.0,21.6
20250505145000,33.5260009765625,60.0,0.0,0.7,7.3,23.5
20250505145100,33.5260009765625,60.0,0.0,1.4,6.1,32.3
20250505145200,33.5260009765625,60.0,0.0,1.5,6.8,20.2
20250505145300,33.5260009765625,60.0,0.0,1.7,7.1,31.2
20250505145400,33.5260009765625,60.0,0.0,0.2,7.0,33.7
20250505145500,33.5260009765625,60.0,0.0,1.0,6.3,16.1
20250505145600,33.5260009765625,60.0,0.0,0.8,6.5,22.9
20250505145700,33.5260009765625,60.0,0.0,1.8,7.5,20.8
20250505145800,33.5260009765625,60.0,0.0,1.8,7.2,22.1
20250505145900,33.5260009765625,60.0,0.0,0.4,6.5,19.3
20250505150000,33.125999450683594,60.0,0.0,1.5,6.2,30.5
20250505150100,33.125999450683594,60.0,0.0,1.3,6.8,35.2
20250505150200,33.125999450683594,60.0,0.0,1.3,6.2,36.0
20250505150300,33.125999450683594,60.0,0.0,0.5,6.8,34.1
20250505150400,33.125999450683594,60.0,0.0,0.6,7.1,20.7
20250505150500,33.125999450683594,60.0,0.0,2.0,7.2,19.5
20250505150600,33.125999450683594,60.0,0.0,0.7,7.1,16.1
20250505150700,33.125999450683594,60.0,0.0,1.1,6.4,39.1
20250505150800,33.125999450683594,60.0,0.0,0.0,6.1,25.1
20250505150900,33.125999450683594,60.0,0.0,2.0,7.3,23.1
20250505151000,33.125999450683594,60.0,0.0,0.9,7.1,32.0
20250505151100,33.125999450683594,60.0,0.0,0.3,6.9,30.2
20250505151200,33.125999450683594,60.0,0.0,0.8,7.0,29.6
20250505151300,33.125999450683594,60.0,0.0,1.5,6.1,34.7
20250505151400,33.125999450683594,60.0,0.0,0.4,6.9,25.4
20250505151500,33.125999450683594,60.0,0.0,0.3,7.2,26.5
20250505151600,33.125999450683594,60.0,0.0,0.4,6.5,32.7
20250505151700,33.125999450683594,60.0,0.0,0.9,6.9,31.3
20250505151800,33.125999450683594,60.0,0.0,1.2,6.5,34.7
20250505151900,33.125999450683594,60.0,0.0,1.6,6.8,35.6
20250505152000,33.125999450683594,60.0,0.0,1.8,6.3,33.9
20250505152100,33.125999450683594,60.0,0.0,0.5,6.1,25.4
20250505152200,33.125999450683594,60.0,0.0,0.8,6.3,21.0
20250505152300,33.125999450683594,60.0,0.0,0.2,6.1,33.9
20250505152400,33.125999450683594,60.0,0.0,1.0,7.2,22.4
20250505152500,33.125999450683594,60.0,0.0,1.3,7.1,39.9
20250505152600,33.125999450683594,60.0,0.0,0.8,7.3,18.4
20250505152700,33.125999450683594,60.0,0.0,1.2,6.5,28.7
20250505152800,33.125999450683594,60.0,0.0,0.5,6.9,27.0
20250505152900,33.125999450683594,60.0,0.0,0.1,6.6,31.1
20250505153000,33.125999450683594,60.0,0.0,0.4,6.3,33.2
20250505153100,33.125999450683594,60.0,0.0,0.5,7.3,34.5
20250505153200,33.125999450683594,60.0,0.0,1.6,6.3,19.3
20250505153300,33.125999450683594,60.0,0.0,1.5,7.4,20.5
20250505153400,33.125999450683594,60.0,0.0,0.8,6.9,26.0
20250505153500,33.125999450683594,60.0,0.0,0.1,6.9,29.9
20250505153600,33.125999450683594,60.0,0.0,0.4,6.8,30.9
20250505153700,33.125999450683594,60.0,0.0,1.1,6.2,20.2
20250505153800,33.125999450683594,60.0,0.0,0.1,6.5,27.6
20250505153900,33.125999450683594,60.0,0.0,1.6,6.4,25.1
20250505154000,33.125999450683594,60.0,0.0,0.8,7.2,36.2
20250505154100,33.125999450683594,60.0,0.0,0.8,7.0,36.0
20250505154200,33.125999450683594,60.0,0.0,0.1,6.2,35.9
20250505154300,33.125999450683594,60.0,0.0,1.5,6.4,20.7
20250505154400,33.125999450683594,60.0,0.0,0.6,7.3,30.2
20250505154500,33.125999450683594,60.0,0.0,0.7,6.9,21.0
20250505154600,33.125999450683594,60.0,0.0,0.5,7.2,35.5
20250505154700,33.125999450683594,60.0,0.0,0.9,6.8,30.7
20250505154800,33.125999450683594,60.0,0.0,0.9,6.0,21.6
20250505154900,33.125999450683594,60.0,0.0,0.8,7.2,29.9
20250505155000,33.125999450683594,60.0,0.0,1.0,6.3,22.5
20250505155100,33.125999450683594,60.0,0.0,0.1,6.8,25.2
20250505155200,33.125999450683594,60.0,0.0,0.3,6.1,22.2
20250505155300,33.125999450683594,60.0,0.0,0.9,7.5,18.0
20250505155400,33.125999450683594,60.0,0.0,0.1,6.7,15.2
20250505155500,33.125999450683594,60.0,0.0,0.1,7.1,39.9
20250505155600,33.125999450683594,60.0,0.0,1.8,7.4,36.5
20250505155700,33.125999450683594,60.0,0.0,0.3,7.1,31.8
20250505155800,33.125999450683594,60.0,0.0,0.8,6.9,27.8
20250505155900,33.125999450683594,60.0,0.0,1.2,6.8,31.0
20250505160000,32.5260009765625,62.0,0.0,0.3,6.9,31.4
20250505160100,32.5260009765625,62.0,0.0,1.7,7.0,16.9
20250505160200,32.5260009765625,62.0,0.0,1.5,7.2,31.4
20250505160300,32.5260009765625,62.0,0.0,1.9,7.1,29.7
20250505160400,32.5260009765625,62.0,0.0,1.1,6.0,22.1
20250505160500,32.5260009765625,62.0,0.0,1.1,6.7,23.8
20250505160600,32.5260009765625,62.0,0.0,1.2,6.7,24.4
20250505160700,32.5260009765625,62.0,0.0,0.7,7.3,29.2
20250505160800,32.5260009765625,62.0,0.0,1.0,6.9,16.4
20250505160900,32.5260009765625,62.0,0.0,0.1,7.4,24.8
20250505161000,32.5260009765625,62.0,0.0,0.6,7.3,23.3
20250505161100,32.5260009765625,62.0,0.0,1.7,6.7,17.0
20250505161200,32.5260009765625,62.0,0.0,0.5,6.1,29.7
20250505161300,32.5260009765625,62.0,0.0,1.8,7.1,36.3
20250505161400,32.5260009765625,62.0,0.0,1.3,6.6,31.2
20250505161500,32.5260009765625,62.0,0.0,1.8,6.7,38.8
20250505161600,32.5260009765625,62.0,0.0,1.2,6.3,18.3
20250505161700,32.5260009765625,62.0,0.0,1.6,6.5,37.2
20250505161800,32.5260009765625,62.0,0.0,1.1,6.1,24.1
20250505161900,32.5260009765625,62.0,0.0,1.8,6.3,22.8
20250505162000,32.5260009765625,62.0,0.0,1.5,6.9,35.0
20250505162100,32.5260009765625,62.0,0.0,1.6,6.5,30.7
20250505162200,32.5260009765625,62.0,0.0,0.8,6.3,31.7
20250505162300,32.5260009765625,62.0,0.0,1.0,6.1,28.6
20250505162400,32.5260009765625,62.0,0.0,0.7,6.1,16.9
20250505162500,32.5260009765625,62.0,0.0,1.7,6.1,29.2
20250505162600,32.5260009765625,62.0,0.0,1.4,6.6,17.4
20250505162700,32.5260009765625,62.0,0.0,1.6,6.7,37.4
20250505162800,32.5260009765625,62.0,0.0,1.4,6.5,33.3
20250505162900,32.5260009765625,62.0,0.0,1.2,6.0,24.0
20250505163000,32.5260009765625,62.0,0.0,0.7,6.3,35.1
20250505163100,32.5260009765625,62.0,0.0,2.0,6.3,31.5
20250505163200,32.5260009765625,62.0,0.0,0.3,6.2,27.3
20250505163300,32.5260009765625,62.0,0.0,0.5,6.4,37.2
20250505163400,32.5260009765625,62.0,0.0,1.0,6.7,19.7
20250505163500,32.5260009765625,62.0,0.0,1.5,6.9,33.4
20250505163600,32.5260009765625,62.0,0.0,1.8,6.9,38.3
20250505163700,32.5260009765625,62.0,0.0,1.8,6.2,16.2
20250505163800,32.5260009765625,62.0,0.0,0.5,6.7,39.1
20250505163900,32.5260009765625,62.0,0.0,0.6,7.1,19.2
20250505164000,32.5260009765625,62.0,0.0,2.0,6.6,17.7
20250505164100,32.5260009765625,62.0,0.0,1.8,6.9,15.4
20250505164200,32.5260009765625,62.0,0.0,0.7,6.5,29.6
20250505164300,32.5260009765625,62.0,0.0,1.0,6.2,29.3
20250505164400,32.5260009765625,62.0,0.0,1.9,7.2,38.3
20250505164500,32.5260009765625,62.0,0.0,0.4,6.1,27.5
20250505164600,32.5260009765625,62.0,0.0,0.6,6.4,19.2
20250505164700,32.5260009765625,62.0,0.0,0.4,7.0,25.9
20250505164800,32.5260009765625,62.0,0.0,0.4,6.6,35.9
20250505164900,32.5260009765625,62.0,0.0,0.4,7.3,23.5
20250505165000,32.5260009765625,62.0,0.0,2.0,6.2,17.2
20250505165100,32.5260009765625,62.0,0.0,0.3,6.9,18.2
20250505165200,32.5260009765625,62.0,0.0,0.9,6.9,24.8
20250505165300,32.5260009765625,62.0,0.0,1.4,7.3,34.9
20250505165400,32.5260009765625,62.0,0.0,1.9,7.4,20.7
20250505165500,32.5260009765625,62.0,0.0,1.4,6.1,15.3
20250505165600,32.5260009765625,62.0,0.0,0.5,6.3,29.7
20250505165700,32.5260009765625,62.0,0.0,1.4,6.5,25.2
20250505165800,32.5260009765625,62.0,0.0,1.1,6.6,23.9
20250505165900,32.5260009765625,62.0,0.0,1.9,7.4,16.0
20250505170000,31.625999450683594,66.0,0.0,2.0,6.5,37.7
20250505170100,31.625999450683594,66.0,0.0,0.4,6.0,20.0
20250505170200,31.625999450683594,66.0,0.0,1.6,7.2,33.1
20250505170300,31.625999450683594,66.0,0.0,0.6,6.3,20.7
20250505170400,31.625999450683594,66.0,0.0,0.2,6.9,22.8
20250505170500,31.625999450683594,66.0,0.0,0.6,6.9,17.9
20250505170600,31.625999450683594,66.0,0.0,0.5,6.4,27.2
20250505170700,31.625999450683594,66.0,0.0,2.0,7.0,32.8
20250505170800,31.625999450683594,66.0,0.0,1.1,6.1,33.8
20250505170900,31.625999450683594,66.0,0.0,1.1,7.0,39.0
20250505171000,31.625999450683594,66.0,0.0,1.8,6.5,37.9
20250505171100,31.625999450683594,66.0,0.0,0.2,6.9,33.4
20250505171200,31.625999450683594,66.0,0.0,0.7,7.3,33.0
20250505171300,31.625999450683594,66.0,0.0,0.1,6.5,32.6
20250505171400,31.625999450683594,66.0,0.0,0.0,7.2,39.0
20250505171500,31.625999450683594,66.0,0.0,0.4,6.1,20.4
20250505171600,31.625999450683594,66.0,0.0,1.6,6.7,24.6
20250505171700,31.625999450683594,66.0,0.0,1.3,6.2,26.0
20250505171800,31.625999450683594,66.0,0.0,0.8,6.2,22.5
20250505171900,31.625999450683594,66.0,0.0,1.9,6.4,36.8
20250505172000,31.625999450683594,66.0,0.0,0.7,6.0,27.6
20250505172100,31.625999450683594,66.0,0.0,1.4,7.2,22.9
20250505172200,31.625999450683594,66.0,0.0,0.9,7.2,21.5
20250505172300,31.625999450683594,66.0,0.0,1.0,6.3,28.0
20250505172400,31.625999450683594,66.0,0.0,1.1,6.3,28.4
20250505172500,31.625999450683594,66.0,0.0,1.5,6.8,20.9
20250505172600,31.625999450683594,66.0,0.0,1.9,7.3,29.4
20250505172700,31.625999450683594,66.0,0.0,0.0,6.2,21.4
20250505172800,31.625999450683594,66.0,0.0,1.0,6.8,24.4
20250505172900,31.625999450683594,66.0,0.0,0.1,6.1,35.5
20250505173000,31.625999450683594,66.0,0.0,1.6,7.0,32.8
20250505173100,31.625999450683594,66.0,0.0,0.1,6.9,25.4
20250505173200,31.625999450683594,66.0,0.0,0.3,6.3,27.5
20250505173300,31.625999450683594,66.0,0.0,1.0,6.4,27.5
20250505173400,31.625999450683594,66.0,0.0,1.5,7.0,26.9
20250505173500,31.625999450683594,66.0,0.0,0.3,6.5,27.0
20250505173600,31.625999450683594,66.0,0.0,1.6,6.1,23.1
20250505173700,31.625999450683594,66.0,0.0,0.4,6.3,31.3
20250505173800,31.625999450683594,66.0,0.0,1.6,6.7,26.7
20250505173900,31.625999450683594,66.0,0.0,0.6,6.3,20.8
20250505174000,31.625999450683594,66.0,0.0,0.6,6.2,17.7
20250505174100,31.625999450683594,66.0,0.0,0.2,7.3,34.1
20250505174200,31.625999450683594,66.0,0.0,1.2,6.0,37.9
20250505174300,31.625999450683594,66.0,0.0,1.1,6.2,23.8
20250505174400,31.625999450683594,66.0,0.0,0.9,6.1,39.7
20250505174500,31.625999450683594,66.0,0.0,1.0,7.4,33.7
20250505174600,31.625999450683594,66.0,0.0,1.9,7.2,36.6
20250505174700,31.625999450683594,66.0,0.0,0.8,6.1,34.1
20250505174800,31.625999450683594,66.0,0.0,0.7,6.5,20.3
20250505174900,31.625999450683594,66.0,0.0,1.8,7.0,35.3
20250505175000,31.625999450683594,66.0,0.0,1.4,7.0,30.2
20250505175100,31.625999450683594,66.0,0.0,1.4,7.2,33.5
20250505175200,31.625999450683594,66.0,0.0,0.4,6.3,22.7
20250505175300,31.625999450683594,66.0,0.0,1.0,6.5,32.3
20250505175400,31.625999450683594,66.0,0.0,0.4,6.3,26.4
20250505175500,31.625999450683594,66.0,0.0,1.3,7.3,35.5
20250505175600,31.625999450683594,66.0,0.0,1.3,6.0,33.6
20250505175700,31.625999450683594,66.0,0.0,1.1,7.3,31.0
20250505175800,31.625999450683594,66.0,0.0,1.2,6.4,20.9
20250505175900,31.625999450683594,66.0,0.0,0.2,6.7,16.7
20250505180000,30.47599983215332,72.0,0.0,0.1,6.0,27.2
20250505180100,30.47599983215332,72.0,0.0,1.9,7.3,28.0
20250505180200,30.47599983215332,72.0,0.0,1.9,6.5,18.9
20250505180300,30.47599983215332,72.0,0.0,0.3,6.4,21.2
20250505180400,30.47599983215332,72.0,0.0,2.0,6.2,15.1
20250505180500,30.47599983215332,72.0,0.0,0.7,7.2,25.0
20250505180600,30.47599983215332,72.0,0.0,0.5,7.2,30.3
20250505180700,30.47599983215332,72.0,0.0,0.8,6.1,24.9
20250505180800,30.47599983215332,72.0,0.0,0.1,7.0,21.6
20250505180900,30.47599983215332,72.0,0.0,0.4,6.5,18.1
20250505181000,30.47599983215332,72.0,0.0,1.5,7.1,17.6
20250505181100,30.47599983215332,72.0,0.0,0.0,6.7,19.0
20250505181200,30.47599983215332,72.0,0.0,1.7,6.1,31.9
20250505181300,30.47599983215332,72.0,0.0,1.9,7.3,27.7
20250505181400,30.47599983215332,72.0,0.0,2.0,6.8,17.8
20250505181500,30.47599983215332,72.0,0.0,0.2,7.0,23.5
20250505181600,30.47599983215332,72.0,0.0,0.1,6.3,25.4
20250505181700,30.47599983215332,72.0,0.0,0.2,6.7,24.0
20250505181800,30.47599983215332,72.0,0.0,0.4,7.3,26.0
20250505181900,30.47599983215332,72.0,0.0,1.8,6.3,16.8
20250505182000,30.47599983215332,72.0,0.0,0.4,6.6,27.7
20250505182100,30.47599983215332,72.0,0.0,0.9,7.0,17.6
20250505182200,30.47599983215332,72.0,0.0,1.6,6.6,32.0
20250505182300,30.47599983215332,72.0,0.0,1.7,7.4,33.1
20250505182400,30.47599983215332,72.0,0.0,2.0,7.2,26.0
20250505182500,30.47599983215332,72.0,0.0,0.5,6.9,35.2
20250505182600,30.47599983215332,72.0,0.0,0.4,7.0,26.6
20250505182700,30.47599983215332,72.0,0.0,1.6,7.0,22.0
20250505182800,30.47599983215332,72.0,0.0,1.4,6.0,24.7
20250505182900,30.47599983215332,72.0,0.0,1.8,6.5,15.5
20250505183000,30.47599983215332,72.0,0.0,0.8,7.4,30.4
20250505183100,30.47599983215332,72.0,0.0,0.4,6.3,28.7
20250505183200,30.47599983215332,72.0,0.0,0.6,6.9,23.8
20250505183300,30.47599983215332,72.0,0.0,0.8,7.5,17.0
20250505183400,30.47599983215332,72.0,0.0,1.9,6.9,16.4
20250505183500,30.47599983215332,72.0,0.0,0.4,6.2,23.1
20250505183600,30.47599983215332,72.0,0.0,1.6,6.3,30.9
20250505183700,30.47599983215332,72.0,0.0,0.5,7.5,39.9
20250505183800,30.47599983215332,72.0,0.0,0.1,7.4,39.3
20250505183900,30.47599983215332,72.0,0.0,2.0,6.3,20.8
20250505184000,30.47599983215332,72.0,0.0,0.8,6.2,23.3
20250505184100,30.47599983215332,72.0,0.0,0.6,6.2,36.9
20250505184200,30.47599983215332,72.0,0.0,1.8,6.1,28.4
20250505184300,30.47599983215332,72.0,0.0,1.4,7.4,18.8
20250505184400,30.47599983215332,72.0,0.0,0.9,6.6,15.0
20250505184500,30.47599983215332,72.0,0.0,1.7,7.2,23.5
20250505184600,30.47599983215332,72.0,0.0,2.0,6.9,35.5
20250505184700,30.47599983215332,72.0,0.0,1.4,6.0,34.7
20250505184800,30.47599983215332,72.0,0.0,0.1,6.6,33.4
20250505184900,30.47599983215332,72.0,0.0,0.4,6.9,15.5
20250505185000,30.47599983215332,72.0,0.0,1.9,7.0,16.2
20250505185100,30.47599983215332,72.0,0.0,1.4,6.3,17.0
20250505185200,30.47599983215332,72.0,0.0,1.5,6.8,17.8
20250505185300,30.47599983215332,72.0,0.0,0.1,6.4,34.0
20250505185400,30.47599983215332,72.0,0.0,1.4,6.9,36.2
20250505185500,30.47599983215332,72.0,0.0,1.4,6.5,22.7
20250505185600,30.47599983215332,72.0,0.0,0.4,6.9,24.4
20250505185700,30.47599983215332,72.0,0.0,1.2,7.2,15.8
20250505185800,30.47599983215332,72.0,0.0,1.1,6.4,33.9
20250505185900,30.47599983215332,72.0,0.0,0.8,6.1,32.1
20250505190000,29.525999069213867,77.0,0.0,1.6,6.9,35.5
20250505190100,29.525999069213867,77.0,0.0,1.2,6.8,32.4
20250505190200,29.525999069213867,77.0,0.0,0.6,7.5,33.5
20250505190300,29.525999069213867,77.0,0.0,2.0,6.6,36.4
20250505190400,29.525999069213867,77.0,0.0,0.7,6.8,31.3
20250505190500,29.525999069213867,77.0,0.0,0.5,7.2,26.6
20250505190600,29.525999069213867,77.0,0.0,1.0,7.4,38.2
20250505190700,29.525999069213867,77.0,0.0,1.9,6.8,32.0
20250505190800,29.525999069213867,77.0,0.0,1.4,6.8,15.3
20250505190900,29.525999069213867,77.0,0.0,0.5,7.3,15.3
20250505191000,29.525999069213867,77.0,0.0,0.7,6.5,29.5
20250505191100,29.525999069213867,77.0,0.0,1.6,7.1,28.1
20250505191200,29.525999069213867,77.0,0.0,0.7,7.2,24.7
20250505191300,29.525999069213867,77.0,0.0,0.5,6.2,22.3
20250505191400,29.525999069213867,77.0,0.0,1.8,7.1,21.3
20250505191500,29.525999069213867,77.0,0.0,2.0,7.1,25.8
20250505191600,29.525999069213867,77.0,0.0,1.5,6.9,19.6
20250505191700,29.525999069213867,77.0,0.0,0.1,7.1,26.0
20250505191800,29.525999069213867,77.0,0.0,0.2,7.4,32.1
20250505191900,29.525999069213867,77.0,0.0,0.8,7.0,32.7
20250505192000,29.525999069213867,77.0,0.0,1.3,6.5,27.6
20250505192100,29.525999069213867,77.0,0.0,0.2,6.3,16.7
20250505192200,29.525999069213867,77.0,0.0,1.5,6.9,30.3
20250505192300,29.525999069213867,77.0,0.0,1.4,6.6,27.7
20250505192400,29.525999069213867,77.0,0.0,1.2,7.1,15.8
20250505192500,29.525999069213867,77.0,0.0,0.0,7.0,20.9
20250505192600,29.525999069213867,77.0,0.0,0.4,6.4,33.2
20250505192700,29.525999069213867,77.0,0.0,1.2,6.4,39.6
20250505192800,29.525999069213867,77.0,0.0,1.2,7.3,24.6
20250505192900,29.525999069213867,77.0,0.0,0.8,7.3,35.1
20250505193000,29.525999069213867,77.0,0.0,0.1,7.1,19.5
20250505193100,29.525999069213867,77.0,0.0,0.4,6.1,36.1
20250505193200,29.525999069213867,77.0,0.0,1.5,6.8,38.9
20250505193300,29.525999069213867,77.0,0.0,1.9,6.9,38.7
20250505193400,29.525999069213867,77.0,0.0,1.9,7.0,28.9
20250505193500,29.525999069213867,77.0,0.0,0.5,7.0,30.9
20250505193600,29.525999069213867,77.0,0.0,1.5,7.2,37.7
20250505193700,29.525999069213867,77.0,0.0,0.2,6.5,30.8
20250505193800,29.525999069213867,77.0,0.0,0.0,6.9,24.8
20250505193900,29.525999069213867,77.0,0.0,1.7,6.3,22.0
20250505194000,29.525999069213867,77.0,0.0,0.1,6.4,38.3
20250505194100,29.525999069213867,77.0,0.0,0.3,6.1,25.0
20250505194200,29.525999069213867,77.0,0.0,0.5,7.0,21.0
20250505194300,29.525999069213867,77.0,0.0,0.2,6.5,37.6
20250505194400,29.525999069213867,77.0,0.0,0.0,6.5,21.4
20250505194500,29.525999069213867,77.0,0.0,1.3,6.6,30.6
20250505194600,29.525999069213867,77.0,0.0,0.9,6.8,27.5
20250505194700,29.525999069213867,77.0,0.0,0.1,7.4,21.3
20250505194800,29.525999069213867,77.0,0.0,1.6,6.2,20.9
20250505194900,29.525999069213867,77.0,0.0,0.1,7.0,28.9
20250505195000,29.525999069213867,77.0,0.0,0.1,7.0,29.3
20250505195100,29.525999069213867,77.0,0.0,1.5,6.7,19.5
20250505195200,29.525999069213867,77.0,0.0,0.7,7.0,23.0
20250505195300,29.525999069213867,77.0,0.0,0.4,6.5,21.9
20250505195400,29.525999069213867,77.0,0.0,1.2,7.0,26.3
20250505195500,29.525999069213867,77.0,0.0,1.9,6.3,22.1
20250505195600,29.525999069213867,77.0,0.0,1.7,6.4,17.7
20250505195700,29.525999069213867,77.0,0.0,1.0,7.2,15.9
20250505195800,29.525999069213867,77.0,0.0,1.0,6.6,33.8
20250505195900,29.525999069213867,77.0,0.0,0.7,6.8,38.4
20250505200000,28.875999450683594,81.0,0.0,1.1,6.1,22.9
20250505200100,28.875999450683594,81.0,0.0,1.6,6.1,20.3
20250505200200,28.875999450683594,81.0,0.0,0.3,7.5,30.0
20250505200300,28.875999450683594,81.0,0.0,1.8,6.9,23.5
20250505200400,28.875999450683594,81.0,0.0,0.9,7.2,25.5
20250505200500,28.875999450683594,81.0,0.0,1.3,7.2,16.9
20250505200600,28.875999450683594,81.0,0.0,0.8,7.1,26.4
20250505200700,28.875999450683594,81.0,0.0,0.9,6.7,38.1
20250505200800,28.875999450683594,81.0,0.0,0.6,6.3,21.6
20250505200900,28.875999450683594,81.0,0.0,0.3,6.1,18.9
20250505201000,28.875999450683594,81.0,0.0,0.0,6.2,30.8
20250505201100,28.875999450683594,81.0,0.0,0.5,6.7,19.0
20250505201200,28.875999450683594,81.0,0.0,1.2,7.4,22.1
20250505201300,28.875999450683594,81.0,0.0,1.4,6.4,39.4
20250505201400,28.875999450683594,81.0,0.0,1.1,7.0,23.8
20250505201500,28.875999450683594,81.0,0.0,1.4,6.6,35.3
20250505201600,28.875999450683594,81.0,0.0,0.0,7.3,39.3
20250505201700,28.875999450683594,81.0,0.0,0.9,7.4,33.1
20250505201800,28.875999450683594,81.0,0.0,1.0,7.5,20.0
20250505201900,28.875999450683594,81.0,0.0,0.5,7.3,28.1
20250505202000,28.875999450683594,81.0,0.0,1.9,6.8,25.3
20250505202100,28.875999450683594,81.0,0.0,1.9,6.5,20.3
20250505202200,28.875999450683594,81.0,0.0,0.5,7.2,33.6
20250505202300,28.875999450683594,81.0,0.0,0.1,6.3,19.1
20250505202400,28.875999450683594,81.0,0.0,1.3,7.4,34.1
20250505202500,28.875999450683594,81.0,0.0,0.9,6.9,30.4
20250505202600,28.875999450683594,81.0,0.0,1.1,6.2,15.6
20250505202700,28.875999450683594,81.0,0.0,1.6,7.3,16.1
20250505202800,28.875999450683594,81.0,0.0,0.1,6.1,34.4
20250505202900,28.875999450683594,81.0,0.0,1.0,7.0,21.0
20250505203000,28.875999450683594,81.0,0.0,1.0,6.7,19.1
20250505203100,28.875999450683594,81.0,0.0,1.9,7.4,26.9
20250505203200,28.875999450683594,81.0,0.0,0.3,6.8,30.9
20250505203300,28.875999450683594,81.0,0.0,1.6,7.5,32.9
20250505203400,28.875999450683594,81.0,0.0,1.4,7.3,33.7
20250505203500,28.875999450683594,81.0,0.0,1.6,6.2,39.9
20250505203600,28.875999450683594,81.0,0.0,1.3,6.1,24.5
20250505203700,28.875999450683594,81.0,0.0,0.3,6.7,32.3
20250505203800,28.875999450683594,81.0,0.0,1.3,6.6,28.6
20250505203900,28.875999450683594,81.0,0.0,0.5,6.4,26.4
20250505204000,28.875999450683594,81.0,0.0,0.9,6.7,17.4
20250505204100,28.875999450683594,81.0,0.0,0.6,6.5,26.7
20250505204200,28.875999450683594,81.0,0.0,0.8,6.8,30.2
20250505204300,28.875999450683594,81.0,0.0,1.7,6.5,16.6
20250505204400,28.875999450683594,81.0,0.0,0.7,6.7,34.0
20250505204500,28.875999450683594,81.0,0.0,1.3,7.4,16.7
20250505204600,28.875999450683594,81.0,0.0,0.9,6.3,36.1
20250505204700,28.875999450683594,81.0,0.0,0.1,6.3,31.3
20250505204800,28.875999450683594,81.0,0.0,0.8,6.9,18.4
20250505204900,28.875999450683594,81.0,0.0,1.7,6.1,21.7
20250505205000,28.875999450683594,81.0,0.0,0.2,7.2,32.2
20250505205100,28.875999450683594,81.0,0.0,0.3,6.2,23.6
20250505205200,28.875999450683594,81.0,0.0,1.7,6.5,39.2
20250505205300,28.875999450683594,81.0,0.0,0.9,6.4,34.1
20250505205400,28.875999450683594,81.0,0.0,0.3,6.6,39.6
20250505205500,28.875999450683594,81.0,0.0,0.0,6.9,29.2
20250505205600,28.875999450683594,81.0,0.0,1.8,6.0,24.5
20250505205700,28.875999450683594,81.0,0.0,1.6,6.2,36.6
20250505205800,28.875999450683594,81.0,0.0,0.8,7.4,35.6
20250505205900,28.875999450683594,81.0,0.0,1.7,6.9,38.2
20250505210000,28.375999450683594,84.0,0.0,1.5,6.8,19.1
20250505210100,28.375999450683594,84.0,0.0,1.4,6.1,22.7
20250505210200,28.375999450683594,84.0,0.0,1.8,7.0,16.6
20250505210300,28.375999450683594,84.0,0.0,1.2,6.7,21.5
20250505210400,28.375999450683594,84.0,0.0,0.9,6.6,27.6
20250505210500,28.375999450683594,84.0,0.0,1.0,6.8,18.3
20250505210600,28.375999450683594,84.0,0.0,0.3,6.5,26.9
20250505210700,28.375999450683594,84.0,0.0,1.8,6.9,30.9
20250505210800,28.375999450683594,84.0,0.0,0.4,6.8,33.3
20250505210900,28.375999450683594,84.0,0.0,0.3,6.2,31.0
20250505211000,28.375999450683594,84.0,0.0,0.1,6.9,26.0
20250505211100,28.375999450683594,84.0,0.0,0.8,7.4,31.9
20250505211200,28.375999450683594,84.0,0.0,0.9,6.6,34.2
20250505211300,28.375999450683594,84.0,0.0,1.9,6.2,26.7
20250505211400,28.375999450683594,84.0,0.0,0.3,7.5,25.4
20250505211500,28.375999450683594,84.0,0.0,1.1,6.1,38.8
20250505211600,28.375999450683594,84.0,0.0,1.5,7.1,26.6
20250505211700,28.375999450683594,84.0,0.0,0.9,6.9,16.5
20250505211800,28.375999450683594,84.0,0.0,0.2,6.3,28.6
20250505211900,28.375999450683594,84.0,0.0,0.5,6.2,31.5
20250505212000,28.375999450683594,84.0,0.0,0.8,7.5,21.3
20250505212100,28.375999450683594,84.0,0.0,0.6,7.0,29.7
20250505212200,28.375999450683594,84.0,0.0,0.1,6.5,38.0
20250505212300,28.375999450683594,84.0,0.0,0.2,6.2,27.0
20250505212400,28.375999450683594,84.0,0.0,0.9,7.1,37.5
20250505212500,28.375999450683594,84.0,0.0,1.1,6.5,23.1
20250505212600,28.375999450683594,84.0,0.0,0.9,6.0,19.9
20250505212700,28.375999450683594,84.0,0.0,1.6,6.6,18.0
20250505212800,28.375999450683594,84.0,0.0,1.9,7.3,38.7
20250505212900,28.375999450683594,84.0,0.0,1.7,6.4,33.3
20250505213000,28.375999450683594,84.0,0.0,0.9,7.2,15.0
20250505213100,28.375999450683594,84.0,0.0,1.7,6.5,30.8
20250505213200,28.375999450683594,84.0,0.0,0.1,6.4,15.8
20250505213300,28.375999450683594,84.0,0.0,0.6,6.6,28.7
20250505213400,28.375999450683594,84.0,0.0,1.9,6.2,24.0
20250505213500,28.375999450683594,84.0,0.0,1.2,6.3,39.5
20250505213600,28.375999450683594,84.0,0.0,0.4,7.4,21.0
20250505213700,28.375999450683594,84.0,0.0,1.1,7.2,15.6
20250505213800,28.375999450683594,84.0,0.0,1.2,6.8,36.6
20250505213900,28.375999450683594,84.0,0.0,1.2,7.4,15.7
20250505214000,28.375999450683594,84.0,0.0,1.4,6.4,27.5
20250505214100,28.375999450683594,84.0,0.0,0.7,6.1,15.6
20250505214200,28.375999450683594,84.0,0.0,0.7,6.2,17.3
20250505214300,28.375999450683594,84.0,0.0,0.8,6.6,26.1
20250505214400,28.375999450683594,84.0,0.0,1.7,6.0,30.3
20250505214500,28.375999450683594,84.0,0.0,1.1,6.4,23.1
20250505214600,28.375999450683594,84.0,0.0,0.3,6.1,33.2
20250505214700,28.375999450683594,84.0,0.0,2.0,6.0,23.3
20250505214800,28.375999450683594,84.0,0.0,1.5,7.4,19.4
20250505214900,28.375999450683594,84.0,0.0,1.9,6.6,31.5
20250505215000,28.375999450683594,84.0,0.0,1.0,6.3,30.0
20250505215100,28.375999450683594,84.0,0.0,0.9,6.7,30.2
20250505215200,28.375999450683594,84.0,0.0,1.2,7.0,28.8
20250505215300,28.375999450683594,84.0,0.0,0.8,7.1,31.1
20250505215400,28.375999450683594,84.0,0.0,1.8,7.0,17.8
20250505215500,28.375999450683594,84.0,0.0,0.1,7.4,22.2
20250505215600,28.375999450683594,84.0,0.0,1.4,6.7,21.2
20250505215700,28.375999450683594,84.0,0.0,1.0,6.9,27.8
20250505215800,28.375999450683594,84.0,0.0,1.4,6.9,33.5
20250505215900,28.375999450683594,84.0,0.0,0.1,6.3,18.7
20250505220000,27.92599868774414,87.0,0.0,1.5,6.7,33.2
20250505220100,27.92599868774414,87.0,0.0,1.0,7.0,38.5
20250505220200,27.92599868774414,87.0,0.0,0.4,7.2,16.8
20250505220300,27.92599868774414,87.0,0.0,1.5,6.4,36.7
20250505220400,27.92599868774414,87.0,0.0,1.8,7.2,38.4
20250505220500,27.92599868774414,87.0,0.0,1.8,7.0,23.0
20250505220600,27.92599868774414,87.0,0.0,1.8,7.0,33.1
20250505220700,27.92599868774414,87.0,0.0,0.6,7.0,37.9
20250505220800,27.92599868774414,87.0,0.0,0.2,6.6,20.0
20250505220900,27.92599868774414,87.0,0.0,1.5,6.5,29.7
20250505221000,27.92599868774414,87.0,0.0,0.7,7.5,30.1
20250505221100,27.92599868774414,87.0,0.0,1.7,7.4,34.5
20250505221200,27.92599868774414,87.0,0.0,0.2,7.1,33.9
20250505221300,27.92599868774414,87.0,0.0,1.3,6.8,40.0
20250505221400,27.92599868774414,87.0,0.0,0.3,7.3,22.7
20250505221500,27.92599868774414,87.0,0.0,1.9,7.1,30.1
20250505221600,27.92599868774414,87.0,0.0,0.2,6.9,25.2
20250505221700,27.92599868774414,87.0,0.0,1.9,6.1,27.4
20250505221800,27.92599868774414,87.0,0.0,1.3,6.2,32.4
20250505221900,27.92599868774414,87.0,0.0,2.0,7.4,23.0
20250505222000,27.92599868774414,87.0,0.0,0.6,6.1,26.7
20250505222100,27.92599868774414,87.0,0.0,0.0,7.4,32.0
20250505222200,27.92599868774414,87.0,0.0,1.4,6.4,21.3
20250505222300,27.92599868774414,87.0,0.0,0.8,7.1,18.6
20250505222400,27.92599868774414,87.0,0.0,0.8,6.3,23.8
20250505222500,27.92599868774414,87.0,0.0,1.5,6.2,24.6
20250505222600,27.92599868774414,87.0,0.0,1.6,6.4,21.3
20250505222700,27.92599868774414,87.0,0.0,0.8,6.4,15.4
20250505222800,27.92599868774414,87.0,0.0,0.1,7.5,26.3
20250505222900,27.92599868774414,87.0,0.0,0.5,7.0,20.9
20250505223000,27.92599868774414,87.0,0.0,0.9,6.7,38.3
20250505223100,27.92599868774414,87.0,0.0,1.6,6.4,28.9
20250505223200,27.92599868774414,87.0,0.0,1.7,6.9,20.4
20250505223300,27.92599868774414,87.0,0.0,2.0,6.9,28.5
20250505223400,27.92599868774414,87.0,0.0,0.9,6.7,26.9
20250505223500,27.92599868774414,87.0,0.0,1.7,6.4,19.1
20250505223600,27.92599868774414,87.0,0.0,1.6,6.4,15.7
20250505223700,27.92599868774414,87.0,0.0,0.1,7.2,31.9
20250505223800,27.92599868774414,87.0,0.0,0.5,7.5,34.6
20250505223900,27.92599868774414,87.0,0.0,0.1,6.8,33.2
20250505224000,27.92599868774414,87.0,0.0,0.6,6.7,19.5
20250505224100,27.92599868774414,87.0,0.0,1.6,6.6,38.4
20250505224200,27.92599868774414,87.0,0.0,0.0,6.5,23.4
20250505224300,27.92599868774414,87.0,0.0,1.3,7.1,28.1
20250505224400,27.92599868774414,87.0,0.0,1.7,7.0,19.2
20250505224500,27.92599868774414,87.0,0.0,1.4,6.0,17.9
20250505224600,27.92599868774414,87.0,0.0,1.8,6.8,26.0
20250505224700,27.92599868774414,87.0,0.0,0.3,6.1,39.5
20250505224800,27.92599868774414,87.0,0.0,1.0,6.2,33.3
20250505224900,27.92599868774414,87.0,0.0,1.9,7.5,33.9
20250505225000,27.92599868774414,87.0,0.0,1.7,6.5,33.1
20250505225100,27.92599868774414,87.0,0.0,1.9,7.4,15.4
20250505225200,27.92599868774414,87.0,0.0,0.5,6.1,39.5
20250505225300,27.92599868774414,87.0,0.0,1.6,6.7,25.2
20250505225400,27.92599868774414,87.0,0.0,1.9,6.4,36.4
20250505225500,27.92599868774414,87.0,0.0,2.0,6.8,18.3
20250505225600,27.92599868774414,87.0,0.0,0.6,6.4,17.0
20250505225700,27.92599868774414,87.0,0.0,2.0,6.6,32.0
20250505225800,27.92599868774414,87.0,0.0,0.8,6.9,33.9
20250505225900,27.92599868774414,87.0,0.0,1.2,6.4,24.0
20250505230000,27.575998306274414,89.0,0.0,0.3,6.2,22.0
20250505230100,27.575998306274414,89.0,0.0,0.1,6.0,27.5
20250505230200,27.575998306274414,89.0,0.0,1.5,7.4,36.4
20250505230300,27.575998306274414,89.0,0.0,1.2,6.6,16.5
20250505230400,27.575998306274414,89.0,0.0,1.7,6.9,19.3
20250505230500,27.575998306274414,89.0,0.0,0.0,7.3,24.2
20250505230600,27.575998306274414,89.0,0.0,0.3,6.6,32.9
20250505230700,27.575998306274414,89.0,0.0,0.7,6.4,21.9
20250505230800,27.575998306274414,89.0,0.0,0.1,6.6,38.2
20250505230900,27.575998306274414,89.0,0.0,1.7,7.0,21.6
20250505231000,27.575998306274414,89.0,0.0,1.5,6.5,22.4
20250505231100,27.575998306274414,89.0,0.0,0.8,6.4,27.1
20250505231200,27.575998306274414,89.0,0.0,0.6,7.2,32.1
20250505231300,27.575998306274414,89.0,0.0,1.2,6.1,24.5
20250505231400,27.575998306274414,89.0,0.0,1.1,6.4,18.9
20250505231500,27.575998306274414,89.0,0.0,1.5,7.1,38.4
20250505231600,27.575998306274414,89.0,0.0,0.0,6.9,27.0
20250505231700,27.575998306274414,89.0,0.0,1.0,6.8,20.7
20250505231800,27.575998306274414,89.0,0.0,1.4,7.0,36.2
20250505231900,27.575998306274414,89.0,0.0,1.5,6.1,31.4
20250505232000,27.575998306274414,89.0,0.0,1.9,7.1,21.5
20250505232100,27.575998306274414,89.0,0.0,1.2,6.7,19.1
20250505232200,27.575998306274414,89.0,0.0,1.7,7.5,16.0
20250505232300,27.575998306274414,89.0,0.0,0.2,6.8,16.1
20250505232400,27.575998306274414,89.0,0.0,0.4,6.6,23.6
20250505232500,27.575998306274414,89.0,0.0,1.8,7.0,31.9
20250505232600,27.575998306274414,89.0,0.0,1.3,6.2,22.3
20250505232700,27.575998306274414,89.0,0.0,0.8,7.4,20.3
20250505232800,27.575998306274414,89.0,0.0,1.1,6.9,34.9
20250505232900,27.575998306274414,89.0,0.0,0.4,6.5,28.4
20250505233000,27.575998306274414,89.0,0.0,0.5,7.1,25.1
20250505233100,27.575998306274414,89.0,0.0,1.6,6.7,32.2
20250505233200,27.575998306274414,89.0,0.0,1.8,6.4,23.9
20250505233300,27.575998306274414,89.0,0.0,1.1,7.3,28.7
20250505233400,27.575998306274414,89.0,0.0,0.7,6.3,29.3
20250505233500,27.575998306274414,89.0,0.0,1.2,7.1,24.6
20250505233600,27.575998306274414,89.0,0.0,1.2,6.2,27.0
20250505233700,27.575998306274414,89.0,0.0,0.7,6.9,22.9
20250505233800,27.575998306274414,89.0,0.0,1.1,6.8,24.2
20250505233900,27.575998306274414,89.0,0.0,0.2,7.3,30.5
20250505234000,27.575998306274414,89.0,0.0,1.3,6.7,18.5
20250505234100,27.575998306274414,89.0,0.0,0.7,6.2,20.6
20250505234200,27.575998306274414,89.0,0.0,1.2,7.2,16.6
20250505234300,27.575998306274414,89.0,0.0,1.7,6.2,26.7
20250505234400,27.575998306274414,89.0,0.0,0.5,6.4,22.8
20250505234500,27.575998306274414,89.0,0.0,1.1,6.6,23.4
20250505234600,27.575998306274414,89.0,0.0,1.2,7.5,20.5
20250505234700,27.575998306274414,89.0,0.0,2.0,6.8,15.4
20250505234800,27.575998306274414,89.0,0.0,0.8,7.4,24.4
20250505234900,27.575998306274414,89.0,0.0,0.7,6.5,39.0
20250505235000,27.575998306274414,89.0,0.0,1.9,6.2,21.4
20250505235100,27.575998306274414,89.0,0.0,0.9,7.5,37.2
20250505235200,27.575998306274414,89.0,0.0,0.4,6.8,16.9
20250505235300,27.575998306274414,89.0,0.0,0.2,7.0,20.1
20250505235400,27.575998306274414,89.0,0.0,0.9,6.0,31.0
20250505235500,27.575998306274414,89.0,0.0,0.5,6.9,21.9
20250505235600,27.575998306274414,89.0,0.0,1.3,6.3,27.5
20250505235700,27.575998306274414,89.0,0.0,1.0,6.7,20.8
20250505235800,27.575998306274414,89.0,0.0,0.1,6.0,16.8
20250505235900,27.575998306274414,89.0,0.0,0.9,7.0,36.7
20250506000000,27.275999069213867,91.0,0.0,0.0,7.4,17.7
20250506000100,27.275999069213867,91.0,0.0,1.5,7.4,38.1
20250506000200,27.275999069213867,91.0,0.0,0.2,6.5,23.1
20250506000300,27.275999069213867,91.0,0.0,1.2,6.4,26.4
20250506000400,27.275999069213867,91.0,0.0,0.7,6.0,33.7
20250506000500,27.275999069213867,91.0,0.0,1.8,7.2,27.9
20250506000600,27.275999069213867,91.0,0.0,0.6,6.6,19.0
20250506000700,27.275999069213867,91.0,0.0,0.9,6.6,15.7
20250506000800,27.275999069213867,91.0,0.0,1.4,6.1,16.9
20250506000900,27.275999069213867,91.0,0.0,0.7,7.0,33.1
20250506001000,27.275999069213867,91.0,0.0,1.5,6.7,17.4
20250506001100,27.275999069213867,91.0,0.0,1.0,7.1,26.7
20250506001200,27.275999069213867,91.0,0.0,0.6,6.4,19.4
20250506001300,27.275999069213867,91.0,0.0,0.7,6.6,17.5
20250506001400,27.275999069213867,91.0,0.0,0.9,7.2,18.1
20250506001500,27.275999069213867,91.0,0.0,0.5,6.4,23.2
20250506001600,27.275999069213867,91.0,0.0,1.7,6.5,28.0
20250506001700,27.275999069213867,91.0,0.0,0.5,7.2,17.8
20250506001800,27.275999069213867,91.0,0.0,1.1,6.6,28.7
20250506001900,27.275999069213867,91.0,0.0,1.7,6.8,33.8
20250506002000,27.275999069213867,91.0,0.0,0.2,6.4,39.4
20250506002100,27.275999069213867,91.0,0.0,1.9,6.7,18.5
20250506002200,27.275999069213867,91.0,0.0,2.0,7.5,20.2
20250506002300,27.275999069213867,91.0,0.0,1.7,6.2,24.4
20250506002400,27.275999069213867,91.0,0.0,1.1,6.0,37.9
20250506002500,27.275999069213867,91.0,0.0,1.9,6.5,21.3
20250506002600,27.275999069213867,91.0,0.0,0.5,6.0,36.4
20250506002700,27.275999069213867,91.0,0.0,2.0,7.0,20.9
20250506002800,27.275999069213867,91.0,0.0,1.4,7.0,31.7
20250506002900,27.275999069213867,91.0,0.0,1.8,7.2,29.0
20250506003000,27.275999069213867,91.0,0.0,0.1,6.4,21.7
20250506003100,27.275999069213867,91.0,0.0,0.6,7.3,27.1
20250506003200,27.275999069213867,91.0,0.0,0.4,6.9,31.1
20250506003300,27.275999069213867,91.0,0.0,1.2,6.2,17.6
20250506003400,27.275999069213867,91.0,0.0,0.9,6.7,32.9
20250506003500,27.275999069213867,91.0,0.0,1.0,7.0,21.3
20250506003600,27.275999069213867,91.0,0.0,1.8,6.8,35.6
20250506003700,27.275999069213867,91.0,0.0,0.5,6.4,27.1
20250506003800,27.275999069213867,91.0,0.0,1.6,6.7,15.5
20250506003900,27.275999069213867,91.0,0.0,1.8,6.6,26.3
20250506004000,27.275999069213867,91.0,0.0,0.7,6.3,27.7
20250506004100,27.275999069213867,91.0,0.0,1.1,6.4,26.0
20250506004200,27.275999069213867,91.0,0.0,1.7,6.5,24.7
20250506004300,27.275999069213867,91.0,0.0,0.1,7.2,31.5
20250506004400,27.275999069213867,91.0,0.0,1.6,7.0,24.7
20250506004500,27.275999069213867,91.0,0.0,1.7,6.3,37.1
20250506004600,27.275999069213867,91.0,0.0,1.9,7.5,22.9
20250506004700,27.275999069213867,91.0,0.0,0.2,6.1,37.4
20250506004800,27.275999069213867,91.0,0.0,0.6,6.9,27.8
20250506004900,27.275999069213867,91.0,0.0,1.9,6.0,31.2
20250506005000,27.275999069213867,91.0,0.0,0.0,7.4,20.7
20250506005100,27.275999069213867,91.0,0.0,0.5,7.1,22.4
20250506005200,27.275999069213867,91.0,0.0,0.1,6.8,25.5
20250506005300,27.275999069213867,91.0,0.0,1.1,7.3,33.1
20250506005400,27.275999069213867,91.0,0.0,0.3,6.9,23.9
20250506005500,27.275999069213867,91.0,0.0,0.9,6.9,19.3
20250506005600,27.275999069213867,91.0,0.0,0.9,6.5,39.9
20250506005700,27.275999069213867,91.0,0.0,1.9,6.3,27.3
20250506005800,27.275999069213867,91.0,0.0,0.6,6.4,36.4
20250506005900,27.275999069213867,91.0,0.0,1.0,6.4,38.7
20250506010000,27.025999069213867,92.0,0.0,1.7,7.3,36.8
20250506010100,27.025999069213867,92.0,0.0,1.3,7.1,24.1
20250506010200,27.025999069213867,92.0,0.0,0.8,7.2,19.1
20250506010300,27.025999069213867,92.0,0.0,0.1,7.2,38.9
20250506010400,27.025999069213867,92.0,0.0,1.6,6.8,17.1
20250506010500,27.025999069213867,92.0,0.0,1.5,6.0,23.1
20250506010600,27.025999069213867,92.0,0.0,0.9,6.0,30.1
20250506010700,27.025999069213867,92.0,0.0,0.7,6.9,20.9
20250506010800,27.025999069213867,92.0,0.0,1.1,6.8,29.2
20250506010900,27.025999069213867,92.0,0.0,1.4,6.4,39.5
20250506011000,27.025999069213867,92.0,0.0,1.5,6.9,21.6
20250506011100,27.025999069213867,92.0,0.0,0.1,7.2,34.2
20250506011200,27.025999069213867,92.0,0.0,1.2,6.9,20.4
20250506011300,27.025999069213867,92.0,0.0,1.2,6.5,26.7
20250506011400,27.025999069213867,92.0,0.0,1.4,6.6,26.6
20250506011500,27.025999069213867,92.0,0.0,1.9,7.0,29.5
20250506011600,27.025999069213867,92.0,0.0,0.4,7.2,24.0
20250506011700,27.025999069213867,92.0,0.0,1.3,7.1,15.7
20250506011800,27.025999069213867,92.0,0.0,0.8,7.4,17.9
20250506011900,27.025999069213867,92.0,0.0,0.0,6.9,25.5
20250506012000,27.025999069213867,92.0,0.0,1.6,7.5,31.8
20250506012100,27.025999069213867,92.0,0.0,0.5,7.3,21.9
20250506012200,27.025999069213867,92.0,0.0,0.9,7.5,19.2
20250506012300,27.025999069213867,92.0,0.0,0.3,7.2,20.6
20250506012400,27.025999069213867,92.0,0.0,1.3,6.1,38.3
20250506012500,27.025999069213867,92.0,0.0,1.6,6.2,30.1
20250506012600,27.025999069213867,92.0,0.0,2.0,6.1,36.5
20250506012700,27.025999069213867,92.0,0.0,1.1,6.3,35.8
20250506012800,27.025999069213867,92.0,0.0,1.2,6.8,22.6
20250506012900,27.025999069213867,92.0,0.0,1.6,7.4,15.8
20250506013000,27.025999069213867,92.0,0.0,1.8,7.4,23.8
20250506013100,27.025999069213867,92.0,0.0,0.2,6.1,19.7
20250506013200,27.025999069213867,92.0,0.0,0.3,6.5,33.6
20250506013300,27.025999069213867,92.0,0.0,1.9,6.1,19.4
20250506013400,27.025999069213867,92.0,0.0,0.4,7.3,26.3
20250506013500,27.025999069213867,92.0,0.0,0.7,6.9,28.6
20250506013600,27.025999069213867,92.0,0.0,2.0,6.8,27.3
20250506013700,27.025999069213867,92.0,0.0,0.7,7.1,31.5
20250506013800,27.025999069213867,92.0,0.0,1.3,6.1,26.5
20250506013900,27.025999069213867,92.0,0.0,0.6,6.8,26.1
20250506014000,27.025999069213867,92.0,0.0,1.7,7.3,27.2
20250506014100,27.025999069213867,92.0,0.0,2.0,6.1,16.0
20250506014200,27.025999069213867,92.0,0.0,0.5,7.3,26.0
20250506014300,27.025999069213867,92.0,0.0,0.7,6.1,16.5
20250506014400,27.025999069213867,92.0,0.0,0.7,6.2,15.8
20250506014500,27.025999069213867,92.0,0.0,0.7,6.6,31.9
20250506014600,27.025999069213867,92.0,0.0,0.3,6.7,32.5
20250506014700,27.025999069213867,92.0,0.0,1.3,7.2,33.7
20250506014800,27.025999069213867,92.0,0.0,1.1,6.4,29.3
20250506014900,27.025999069213867,92.0,0.0,2.0,7.3,33.6
20250506015000,27.025999069213867,92.0,0.0,0.4,6.9,39.9
20250506015100,27.025999069213867,92.0,0.0,1.2,6.1,32.7
20250506015200,27.025999069213867,92.0,0.0,0.0,6.3,36.8
20250506015300,27.025999069213867,92.0,0.0,1.5,6.2,19.4
20250506015400,27.025999069213867,92.0,0.0,0.8,7.1,26.8
20250506015500,27.025999069213867,92.0,0.0,1.3,6.2,27.6
20250506015600,27.025999069213867,92.0,0.0,0.3,6.2,38.0
20250506015700,27.025999069213867,92.0,0.0,2.0,6.3,37.5
20250506015800,27.025999069213867,92.0,0.0,0.4,7.5,18.0
20250506015900,27.025999069213867,92.0,0.0,0.1,7.3,23.9
20250506020000,26.67599868774414,93.0,0.0,1.0,6.7,19.4
20250506020100,26.67599868774414,93.0,0.0,0.3,6.8,23.5
20250506020200,26.67599868774414,93.0,0.0,1.9,6.7,23.8
20250506020300,26.67599868774414,93.0,0.0,1.8,6.1,34.4
20250506020400,26.67599868774414,93.0,0.0,0.6,6.6,29.5
20250506020500,26.67599868774414,93.0,0.0,0.4,6.6,29.2
20250506020600,26.67599868774414,93.0,0.0,0.8,6.8,34.9
20250506020700,26.67599868774414,93.0,0.0,1.3,7.0,19.2
20250506020800,26.67599868774414,93.0,0.0,0.8,7.0,37.5
20250506020900,26.67599868774414,93.0,0.0,1.4,7.2,20.4
20250506021000,26.67599868774414,93.0,0.0,0.8,6.4,38.2
20250506021100,26.67599868774414,93.0,0.0,1.9,6.8,32.2
20250506021200,26.67599868774414,93.0,0.0,1.6,7.5,24.4
20250506021300,26.67599868774414,93.0,0.0,0.9,6.5,39.1
20250506021400,26.67599868774414,93.0,0.0,1.7,7.5,30.2
20250506021500,26.67599868774414,93.0,0.0,0.2,6.7,18.9
20250506021600,26.67599868774414,93.0,0.0,1.4,7.2,25.6
20250506021700,26.67599868774414,93.0,0.0,1.6,6.9,38.9
20250506021800,26.67599868774414,93.0,0.0,0.9,6.1,24.9
20250506021900,26.67599868774414,93.0,0.0,0.2,7.2,26.0
20250506022000,26.67599868774414,93.0,0.0,1.8,7.4,21.6
20250506022100,26.67599868774414,93.0,0.0,1.2,7.1,34.8
20250506022200,26.67599868774414,93.0,0.0,0.2,7.3,35.6
20250506022300,26.67599868774414,93.0,0.0,0.1,6.7,22.6
20250506022400,26.67599868774414,93.0,0.0,0.4,6.5,31.1
20250506022500,26.67599868774414,93.0,0.0,0.7,6.5,26.4
20250506022600,26.67599868774414,93.0,0.0,1.0,6.8,35.7
20250506022700,26.67599868774414,93.0,0.0,1.1,7.2,37.2
20250506022800,26.67599868774414,93.0,0.0,1.3,6.5,24.9
20250506022900,26.67599868774414,93.0,0.0,0.2,6.6,34.4
20250506023000,26.67599868774414,93.0,0.0,1.5,6.7,17.9
20250506023100,26.67599868774414,93.0,0.0,2.0,6.4,21.2
20250506023200,26.67599868774414,93.0,0.0,0.7,6.3,21.5
20250506023300,26.67599868774414,93.0,0.0,0.1,7.1,27.8
20250506023400,26.67599868774414,93.0,0.0,2.0,6.0,26.5
20250506023500,26.67599868774414,93.0,0.0,1.4,7.4,18.0
20250506023600,26.67599868774414,93.0,0.0,1.7,7.2,33.3
20250506023700,26.67599868774414,93.0,0.0,1.1,6.4,19.4
20250506023800,26.67599868774414,93.0,0.0,1.4,7.3,33.3
20250506023900,26.67599868774414,93.0,0.0,1.9,7.0,34.4
20250506024000,26.67599868774414,93.0,0.0,1.1,6.4,32.5
20250506024100,26.67599868774414,93.0,0.0,1.7,7.1,16.5
20250506024200,26.67599868774414,93.0,0.0,1.5,6.2,17.1
20250506024300,26.67599868774414,93.0,0.0,1.2,6.8,28.1
20250506024400,26.67599868774414,93.0,0.0,0.4,6.7,32.2
20250506024500,26.67599868774414,93.0,0.0,1.5,7.4,36.1
20250506024600,26.67599868774414,93.0,0.0,1.3,7.2,35.7
20250506024700,26.67599868774414,93.0,0.0,1.3,6.4,32.0
20250506024800,26.67599868774414,93.0,0.0,0.9,7.0,18.6
20250506024900,26.67599868774414,93.0,0.0,0.3,6.4,37.6
20250506025000,26.67599868774414,93.0,0.0,1.4,7.1,31.0
20250506025100,26.67599868774414,93.0,0.0,2.0,6.8,36.5
20250506025200,26.67599868774414,93.0,0.0,0.6,6.1,27.5
20250506025300,26.67599868774414,93.0,0.0,1.1,6.3,15.7
20250506025400,26.67599868774414,93.0,0.0,1.9,7.1,39.8
20250506025500,26.67599868774414,93.0,0.0,1.3,7.1,32.2
20250506025600,26.67599868774414,93.0,0.0,0.5,7.0,34.9
20250506025700,26.67599868774414,93.0,0.0,0.2,6.8,29.7
20250506025800,26.67599868774414,93.0,0.0,0.5,7.0,39.7
20250506025900,26.67599868774414,93.0,0.0,0.9,6.5,22.0
20250506030000,26.325998306274414,94.0,0.0,1.4,7.0,34.8
20250506030100,26.325998306274414,94.0,0.0,1.0,7.4,37.3
20250506030200,26.325998306274414,94.0,0.0,1.5,6.9,34.8
20250506030300,26.325998306274414,94.0,0.0,1.5,6.1,39.1
20250506030400,26.325998306274414,94.0,0.0,1.6,6.9,29.1
20250506030500,26.325998306274414,94.0,0.0,1.1,7.0,21.6
20250506030600,26.325998306274414,94.0,0.0,0.9,6.9,36.9
20250506030700,26.325998306274414,94.0,0.0,0.6,6.3,21.9
20250506030800,26.325998306274414,94.0,0.0,0.3,6.0,17.8
20250506030900,26.325998306274414,94.0,0.0,1.4,6.9,21.3
20250506031000,26.325998306274414,94.0,0.0,0.2,6.8,18.2
20250506031100,26.325998306274414,94.0,0.0,2.0,6.4,36.6
20250506031200,26.325998306274414,94.0,0.0,0.0,7.4,34.5
20250506031300,26.325998306274414,94.0,0.0,0.9,7.2,37.7
20250506031400,26.325998306274414,94.0,0.0,1.2,6.4,22.6
20250506031500,26.325998306274414,94.0,0.0,1.7,6.7,18.8
20250506031600,26.325998306274414,94.0,0.0,1.9,6.1,17.5
20250506031700,26.325998306274414,94.0,0.0,0.7,6.7,28.8
20250506031800,26.325998306274414,94.0,0.0,0.1,6.4,23.2
20250506031900,26.325998306274414,94.0,0.0,1.2,6.3,39.1
20250506032000,26.325998306274414,94.0,0.0,0.5,7.2,34.1
20250506032100,26.325998306274414,94.0,0.0,1.5,6.1,25.3
20250506032200,26.325998306274414,94.0,0.0,1.5,6.7,32.9
20250506032300,26.325998306274414,94.0,0.0,1.6,6.6,36.0
20250506032400,26.325998306274414,94.0,0.0,0.1,6.2,21.3
20250506032500,26.325998306274414,94.0,0.0,0.0,7.2,27.0
20250506032600,26.325998306274414,94.0,0.0,0.2,6.6,33.7
20250506032700,26.325998306274414,94.0,0.0,1.0,6.5,29.0
20250506032800,26.325998306274414,94.0,0.0,1.9,6.4,29.1
20250506032900,26.325998306274414,94.0,0.0,0.5,6.1,25.9
20250506033000,26.325998306274414,94.0,0.0,1.1,6.8,39.8
20250506033100,26.325998306274414,94.0,0.0,0.0,7.0,22.3
20250506033200,26.325998306274414,94.0,0.0,2.0,6.9,27.9
20250506033300,26.325998306274414,94.0,0.0,0.3,6.6,36.2
20250506033400,26.325998306274414,94.0,0.0,0.2,7.2,32.0
20250506033500,26.325998306274414,94.0,0.0,0.4,7.4,21.2
20250506033600,26.325998306274414,94.0,0.0,0.1,6.3,39.3
20250506033700,26.325998306274414,94.0,0.0,0.8,7.3,38.5
20250506033800,26.325998306274414,94.0,0.0,0.7,6.3,33.7
20250506033900,26.325998306274414,94.0,0.0,1.4,7.5,28.4
20250506034000,26.325998306274414,94.0,0.0,0.0,7.4,30.7
20250506034100,26.325998306274414,94.0,0.0,1.7,6.5,40.0
20250506034200,26.325998306274414,94.0,0.0,1.1,6.6,16.3
20250506034300,26.325998306274414,94.0,0.0,0.0,7.0,18.3
20250506034400,26.325998306274414,94.0,0.0,0.3,7.1,20.7
20250506034500,26.325998306274414,94.0,0.0,0.9,6.8,31.2
20250506034600,26.325998306274414,94.0,0.0,1.3,6.8,16.8
20250506034700,26.325998306274414,94.0,0.0,0.8,6.4,17.1
20250506034800,26.325998306274414,94.0,0.0,1.6,6.5,20.6
20250506034900,26.325998306274414,94.0,0.0,0.3,6.1,34.4
20250506035000,26.325998306274414,94.0,0.0,1.3,6.8,19.9
20250506035100,26.325998306274414,94.0,0.0,0.9,6.8,16.2
20250506035200,26.325998306274414,94.0,0.0,1.6,6.6,36.9
20250506035300,26.325998306274414,94.0,0.0,0.6,6.5,37.3
20250506035400,26.325998306274414,94.0,0.0,0.6,7.2,35.8
20250506035500,26.325998306274414,94.0,0.0,1.2,6.1,20.1
20250506035600,26.325998306274414,94.0,0.0,0.0,7.2,35.9
20250506035700,26.325998306274414,94.0,0.0,0.6,6.3,34.1
20250506035800,26.325998306274414,94.0,0.0,1.7,7.4,35.8
20250506035900,26.325998306274414,94.0,0.0,0.2,7.2,22.2
20250506040000,26.17599868774414,94.0,0.0,1.7,6.6,30.2
20250506040100,26.17599868774414,94.0,0.0,1.3,6.7,20.3
20250506040200,26.17599868774414,94.0,0.0,1.9,7.2,39.8
20250506040300,26.17599868774414,94.0,0.0,1.7,7.4,27.9
20250506040400,26.17599868774414,94.0,0.0,1.3,7.4,28.3
20250506040500,26.17599868774414,94.0,0.0,0.8,6.2,16.4
20250506040600,26.17599868774414,94.0,0.0,0.6,6.8,38.9
20250506040700,26.17599868774414,94.0,0.0,1.5,7.1,25.0
20250506040800,26.17599868774414,94.0,0.0,0.5,7.3,35.1
20250506040900,26.17599868774414,94.0,0.0,1.1,7.5,23.9
20250506041000,26.17599868774414,94.0,0.0,0.9,6.5,20.1
20250506041100,26.17599868774414,94.0,0.0,0.1,6.7,32.6
20250506041200,26.17599868774414,94.0,0.0,1.9,7.4,25.7
20250506041300,26.17599868774414,94.0,0.0,0.7,6.2,27.6
20250506041400,26.17599868774414,94.0,0.0,1.7,7.3,27.7
20250506041500,26.17599868774414,94.0,0.0,1.4,6.5,16.0
20250506041600,26.17599868774414,94.0,0.0,0.5,7.5,38.5
20250506041700,26.17599868774414,94.0,0.0,0.4,6.5,19.7
20250506041800,26.17599868774414,94.0,0.0,1.1,7.4,22.8
20250506041900,26.17599868774414,94.0,0.0,0.3,6.1,16.3
20250506042000,26.17599868774414,94.0,0.0,0.3,6.5,18.2
20250506042100,26.17599868774414,94.0,0.0,0.8,7.3,39.0
20250506042200,26.17599868774414,94.0,0.0,0.6,6.4,36.9
20250506042300,26.17599868774414,94.0,0.0,0.5,6.9,39.5
20250506042400,26.17599868774414,94.0,0.0,0.7,6.3,28.8
20250506042500,26.17599868774414,94.0,0.0,1.0,6.1,28.1
20250506042600,26.17599868774414,94.0,0.0,0.7,6.4,38.7
20250506042700,26.17599868774414,94.0,0.0,1.7,7.0,15.6
20250506042800,26.17599868774414,94.0,0.0,0.6,6.4,36.6
20250506042900,26.17599868774414,94.0,0.0,0.3,6.8,34.9
20250506043000,26.17599868774414,94.0,0.0,1.3,6.5,16.2
20250506043100,26.17599868774414,94.0,0.0,1.2,6.1,37.5
20250506043200,26.17599868774414,94.0,0.0,1.7,7.0,23.0
20250506043300,26.17599868774414,94.0,0.0,0.2,6.4,24.7
20250506043400,26.17599868774414,94.0,0.0,1.3,6.7,19.9
20250506043500,26.17599868774414,94.0,0.0,0.6,6.4,37.7
20250506043600,26.17599868774414,94.0,0.0,1.8,7.5,15.1
20250506043700,26.17599868774414,94.0,0.0,0.4,7.2,23.2
20250506043800,26.17599868774414,94.0,0.0,0.7,7.2,32.0
20250506043900,26.17599868774414,94.0,0.0,0.8,7.4,32.6
20250506044000,26.17599868774414,94.0,0.0,1.2,7.0,39.0
20250506044100,26.17599868774414,94.0,0.0,1.6,6.4,22.3
20250506044200,26.17599868774414,94.0,0.0,1.6,7.3,37.5
20250506044300,26.17599868774414,94.0,0.0,0.9,6.2,33.8
20250506044400,26.17599868774414,94.0,0.0,1.6,7.3,37.7
20250506044500,26.17599868774414,94.0,0.0,1.8,7.0,33.9
20250506044600,26.17599868774414,94.0,0.0,1.1,6.2,26.8
20250506044700,26.17599868774414,94.0,0.0,1.0,7.4,27.6
20250506044800,26.17599868774414,94.0,0.0,0.7,6.4,20.1
20250506044900,26.17599868774414,94.0,0.0,0.1,7.4,28.2
20250506045000,26.17599868774414,94.0,0.0,1.7,6.9,31.7
20250506045100,26.17599868774414,94.0,0.0,1.5,6.3,38.9
20250506045200,26.17599868774414,94.0,0.0,0.2,6.9,36.5
20250506045300,26.17599868774414,94.0,0.0,0.4,6.2,38.9
20250506045400,26.17599868774414,94.0,0.0,0.2,7.0,19.3
20250506045500,26.17599868774414,94.0,0.0,0.6,6.6,25.5
20250506045600,26.17599868774414,94.0,0.0,1.7,7.3,26.0
20250506045700,26.17599868774414,94.0,0.0,1.3,6.8,34.9
20250506045800,26.17599868774414,94.0,0.0,1.9,7.2,20.8
20250506045900,26.17599868774414,94.0,0.0,1.0,7.0,26.0
20250506050000,26.22599983215332,94.0,0.0,0.1,6.2,28.6
20250506050100,26.22599983215332,94.0,0.0,1.4,6.7,30.9
20250506050200,26.22599983215332,94.0,0.0,1.7,6.2,30.0
20250506050300,26.22599983215332,94.0,0.0,0.2,6.3,22.1
20250506050400,26.22599983215332,94.0,0.0,1.5,6.6,25.9
20250506050500,26.22599983215332,94.0,0.0,0.9,7.2,31.4
20250506050600,26.22599983215332,94.0,0.0,0.1,7.1,19.7
20250506050700,26.22599983215332,94.0,0.0,1.4,7.5,39.2
20250506050800,26.22599983215332,94.0,0.0,1.9,6.7,35.7
20250506050900,26.22599983215332,94.0,0.0,1.6,7.4,37.8
20250506051000,26.22599983215332,94.0,0.0,1.9,6.9,38.9
20250506051100,26.22599983215332,94.0,0.0,0.5,6.6,28.5
20250506051200,26.22599983215332,94.0,0.0,0.7,6.1,19.1
20250506051300,26.22599983215332,94.0,0.0,1.0,7.2,29.1
20250506051400,26.22599983215332,94.0,0.0,0.8,6.3,28.6
20250506051500,26.22599983215332,94.0,0.0,0.6,6.1,28.1
20250506051600,26.22599983215332,94.0,0.0,0.8,7.4,29.3
20250506051700,26.22599983215332,94.0,0.0,0.2,6.5,27.2
20250506051800,26.22599983215332,94.0,0.0,1.5,6.8,20.0
20250506051900,26.22599983215332,94.0,0.0,0.6,6.2,28.6
20250506052000,26.22599983215332,94.0,0.0,1.2,6.9,35.5
20250506052100,26.22599983215332,94.0,0.0,1.8,6.9,37.2
20250506052200,26.22599983215332,94.0,0.0,0.2,6.2,20.2
20250506052300,26.22599983215332,94.0,0.0,0.8,6.5,16.8
20250506052400,26.22599983215332,94.0,0.0,0.8,6.7,36.5
20250506052500,26.22599983215332,94.0,0.0,0.9,6.6,39.0
20250506052600,26.22599983215332,94.0,0.0,1.0,6.8,27.1
20250506052700,26.22599983215332,94.0,0.0,1.5,7.2,20.2
20250506052800,26.22599983215332,94.0,0.0,1.1,6.9,17.0
20250506052900,26.22599983215332,94.0,0.0,0.4,6.6,23.6
20250506053000,26.22599983215332,94.0,0.0,0.5,6.8,16.3
20250506053100,26.22599983215332,94.0,0.0,0.5,7.3,17.7
20250506053200,26.22599983215332,94.0,0.0,1.6,6.5,20.6
20250506053300,26.22599983215332,94.0,0.0,0.7,6.4,15.4
20250506053400,26.22599983215332,94.0,0.0,0.5,6.9,34.3
20250506053500,26.22599983215332,94.0,0.0,0.0,7.4,34.9
20250506053600,26.22599983215332,94.0,0.0,0.8,6.5,17.5
20250506053700,26.22599983215332,94.0,0.0,0.1,7.2,30.3
20250506053800,26.22599983215332,94.0,0.0,1.5,6.5,33.3
20250506053900,26.22599983215332,94.0,0.0,0.7,6.1,36.5
20250506054000,26.22599983215332,94.0,0.0,1.5,6.2,37.4
20250506054100,26.22599983215332,94.0,0.0,0.1,6.3,34.6
20250506054200,26.22599983215332,94.0,0.0,0.3,6.6,29.3
20250506054300,26.22599983215332,94.0,0.0,0.7,7.0,25.1
20250506054400,26.22599983215332,94.0,0.0,0.1,6.7,18.6
20250506054500,26.22599983215332,94.0,0.0,0.7,6.8,25.1
20250506054600,26.22599983215332,94.0,0.0,1.7,7.0,15.2
20250506054700,26.22599983215332,94.0,0.0,0.3,6.1,32.8
20250506054800,26.22599983215332,94.0,0.0,1.3,6.8,37.7
20250506054900,26.22599983215332,94.0,0.0,1.1,6.1,22.8
20250506055000,26.22599983215332,94.0,0.0,0.1,7.0,30.6
20250506055100,26.22599983215332,94.0,0.0,0.2,6.6,25.4
20250506055200,26.22599983215332,94.0,0.0,1.7,6.5,25.7
20250506055300,26.22599983215332,94.0,0.0,0.9,6.9,18.1
20250506055400,26.22599983215332,94.0,0.0,1.3,7.1,34.9
20250506055500,26.22599983215332,94.0,0.0,0.5,6.3,23.2
20250506055600,26.22599983215332,94.0,0.0,1.3,6.6,35.1
20250506055700,26.22599983215332,94.0,0.0,0.2,7.2,36.2
20250506055800,26.22599983215332,94.0,0.0,0.3,7.1,33.3
20250506055900,26.22599983215332,94.0,0.0,0.5,6.8,27.6
20250506060000,26.47599983215332,94.0,0.0,1.5,6.6,15.7
20250506060100,26.47599983215332,94.0,0.0,0.6,6.3,31.1
20250506060200,26.47599983215332,94.0,0.0,0.7,6.2,19.6
20250506060300,26.47599983215332,94.0,0.0,1.9,7.2,19.6
20250506060400,26.47599983215332,94.0,0.0,1.7,6.5,21.3
20250506060500,26.47599983215332,94.0,0.0,1.0,7.3,19.6
20250506060600,26.47599983215332,94.0,0.0,0.2,7.5,29.4
20250506060700,26.47599983215332,94.0,0.0,0.5,6.7,17.2
20250506060800,26.47599983215332,94.0,0.0,0.8,6.1,23.3
20250506060900,26.47599983215332,94.0,0.0,0.8,7.4,15.4
20250506061000,26.47599983215332,94.0,0.0,1.5,6.8,28.1
20250506061100,26.47599983215332,94.0,0.0,0.9,7.1,25.8
20250506061200,26.47599983215332,94.0,0.0,2.0,6.2,37.2
20250506061300,26.47599983215332,94.0,0.0,0.8,6.4,22.3
20250506061400,26.47599983215332,94.0,0.0,1.0,7.2,33.9
20250506061500,26.47599983215332,94.0,0.0,0.3,6.7,20.4
20250506061600,26.47599983215332,94.0,0.0,0.9,6.1,34.9
20250506061700,26.47599983215332,94.0,0.0,1.1,7.5,23.2
20250506061800,26.47599983215332,94.0,0.0,1.0,7.5,32.3
20250506061900,26.47599983215332,94.0,0.0,1.7,6.3,35.2
20250506062000,26.47599983215332,94.0,0.0,1.8,6.9,38.7
20250506062100,26.47599983215332,94.0,0.0,1.6,6.9,26.5
20250506062200,26.47599983215332,94.0,0.0,0.1,6.3,18.5
20250506062300,26.47599983215332,94.0,0.0,1.7,7.3,25.3
20250506062400,26.47599983215332,94.0,0.0,1.7,6.8,22.5
20250506062500,26.47599983215332,94.0,0.0,1.0,6.6,20.8
20250506062600,26.47599983215332,94.0,0.0,1.3,7.2,17.8
20250506062700,26.47599983215332,94.0,0.0,1.3,6.4,25.5
20250506062800,26.47599983215332,94.0,0.0,0.5,6.8,25.7
20250506062900,26.47599983215332,94.0,0.0,0.1,7.1,36.4
20250506063000,26.47599983215332,94.0,0.0,0.7,6.6,25.6
20250506063100,26.47599983215332,94.0,0.0,1.7,7.3,19.1
20250506063200,26.47599983215332,94.0,0.0,0.5,6.6,36.6
20250506063300,26.47599983215332,94.0,0.0,1.4,6.6,27.6
20250506063400,26.47599983215332,94.0,0.0,0.1,6.3,23.5
20250506063500,26.47599983215332,94.0,0.0,1.2,6.8,27.1
20250506063600,26.47599983215332,94.0,0.0,1.9,6.4,32.0
20250506063700,26.47599983215332,94.0,0.0,0.3,6.7,38.8
20250506063800,26.47599983215332,94.0,0.0,1.4,6.1,27.7
20250506063900,26.47599983215332,94.0,0.0,0.5,6.4,23.5
20250506064000,26.47599983215332,94.0,0.0,1.1,6.6,26.9
20250506064100,26.47599983215332,94.0,0.0,1.2,6.7,21.5
20250506064200,26.47599983215332,94.0,0.0,0.4,6.2,34.1
20250506064300,26.47599983215332,94.0,0.0,0.0,7.0,31.3
20250506064400,26.47599983215332,94.0,0.0,0.4,6.2,33.3
20250506064500,26.47599983215332,94.0,0.0,1.2,6.5,34.4
20250506064600,26.47599983215332,94.0,0.0,0.5,6.4,22.3
20250506064700,26.47599983215332,94.0,0.0,0.8,7.3,36.4
20250506064800,26.47599983215332,94.0,0.0,0.9,6.6,23.9
20250506064900,26.47599983215332,94.0,0.0,0.1,6.2,35.8
20250506065000,26.47599983215332,94.0,0.0,1.2,7.3,20.5
20250506065100,26.47599983215332,94.0,0.0,1.6,6.4,21.3
20250506065200,26.47599983215332,94.0,0.0,0.2,6.3,31.7
20250506065300,26.47599983215332,94.0,0.0,1.5,7.0,23.9
20250506065400,26.47599983215332,94.0,0.0,1.0,6.1,35.6
20250506065500,26.47599983215332,94.0,0.0,1.2,7.1,38.9
20250506065600,26.47599983215332,94.0,0.0,1.8,7.4,30.5
20250506065700,26.47599983215332,94.0,0.0,1.7,6.6,33.6
20250506065800,26.47599983215332,94.0,0.0,0.6,6.8,18.8
20250506065900,26.47599983215332,94.0,0.0,1.4,6.7,36.2
20250506070000,27.125999450683594,91.0,0.0,1.7,7.0,17.3
20250506070100,27.125999450683594,91.0,0.0,1.7,6.2,24.5
20250506070200,27.125999450683594,91.0,0.0,1.7,7.4,17.3
20250506070300,27.125999450683594,91.0,0.0,1.6,6.2,16.4
20250506070400,27.125999450683594,91.0,0.0,0.4,6.9,32.6
20250506070500,27.125999450683594,91.0,0.0,0.7,6.0,23.4
20250506070600,27.125999450683594,91.0,0.0,0.3,6.6,33.8
20250506070700,27.125999450683594,91.0,0.0,1.4,6.6,27.7
20250506070800,27.125999450683594,91.0,0.0,2.0,6.2,25.8
20250506070900,27.125999450683594,91.0,0.0,0.9,6.1,28.4
20250506071000,27.125999450683594,91.0,0.0,1.6,6.5,29.1
20250506071100,27.125999450683594,91.0,0.0,0.9,6.9,26.6
20250506071200,27.125999450683594,91.0,0.0,0.9,6.3,34.3
20250506071300,27.125999450683594,91.0,0.0,0.2,6.5,16.9
20250506071400,27.125999450683594,91.0,0.0,1.5,7.0,23.9
20250506071500,27.125999450683594,91.0,0.0,1.4,6.7,23.2
20250506071600,27.125999450683594,91.0,0.0,1.8,7.1,33.6
20250506071700,27.125999450683594,91.0,0.0,1.8,6.2,33.0
20250506071800,27.125999450683594,91.0,0.0,0.5,7.0,39.2
20250506071900,27.125999450683594,91.0,0.0,0.7,6.1,15.7
20250506072000,27.125999450683594,91.0,0.0,0.5,6.3,25.3
20250506072100,27.125999450683594,91.0,0.0,0.3,6.3,34.1
20250506072200,27.125999450683594,91.0,0.0,0.8,6.4,27.8
20250506072300,27.125999450683594,91.0,0.0,1.2,6.3,31.9
20250506072400,27.125999450683594,91.0,0.0,1.3,6.8,18.6
20250506072500,27.125999450683594,91.0,0.0,1.5,6.6,31.1
20250506072600,27.125999450683594,91.0,0.0,0.1,7.5,30.5
20250506072700,27.125999450683594,91.0,0.0,0.6,6.6,31.6
20250506072800,27.125999450683594,91.0,0.0,1.3,7.0,24.5
20250506072900,27.125999450683594,91.0,0.0,1.7,7.0,20.5
20250506073000,27.125999450683594,91.0,0.0,0.8,6.8,29.9
20250506073100,27.125999450683594,91.0,0.0,1.0,7.0,36.7
20250506073200,27.125999450683594,91.0,0.0,1.2,6.1,23.6
20250506073300,27.125999450683594,91.0,0.0,0.5,6.9,20.6
20250506073400,27.125999450683594,91.0,0.0,1.1,6.2,37.8
20250506073500,27.125999450683594,91.0,0.0,0.4,6.5,17.1
20250506073600,27.125999450683594,91.0,0.0,0.5,7.3,16.2
20250506073700,27.125999450683594,91.0,0.0,0.8,7.4,23.5
20250506073800,27.125999450683594,91.0,0.0,1.5,7.1,25.9
20250506073900,27.125999450683594,91.0,0.0,1.2,6.8,26.9
20250506074000,27.125999450683594,91.0,0.0,0.7,6.9,24.1
20250506074100,27.125999450683594,91.0,0.0,2.0,6.7,21.7
20250506074200,27.125999450683594,91.0,0.0,1.2,7.0,21.5
20250506074300,27.125999450683594,91.0,0.0,0.6,6.6,16.4
20250506074400,27.125999450683594,91.0,0.0,0.0,6.3,18.2
20250506074500,27.125999450683594,91.0,0.0,0.8,6.0,27.9
20250506074600,27.125999450683594,91.0,0.0,1.2,6.5,18.4
20250506074700,27.125999450683594,91.0,0.0,1.2,6.1,15.3
20250506074800,27.125999450683594,91.0,0.0,1.5,7.5,23.0
20250506074900,27.125999450683594,91.0,0.0,0.5,6.7,37.2
20250506075000,27.125999450683594,91.0,0.0,1.5,7.5,29.1
20250506075100,27.125999450683594,91.0,0.0,1.4,7.1,22.0
20250506075200,27.125999450683594,91.0,0.0,1.4,7.3,36.3
20250506075300,27.125999450683594,91.0,0.0,1.0,7.4,28.6
20250506075400,27.125999450683594,91.0,0.0,1.6,6.2,21.2
20250506075500,27.125999450683594,91.0,0.0,1.2,6.0,36.7
20250506075600,27.125999450683594,91.0,0.0,2.0,6.0,37.7
20250506075700,27.125999450683594,91.0,0.0,1.0,6.3,20.4
20250506075800,27.125999450683594,91.0,0.0,1.1,6.5,19.4
20250506075900,27.125999450683594,91.0,0.0,1.9,6.3,26.7
20250506080000,28.47599983215332,84.0,0.0,0.9,6.6,39.9
20250506080100,28.47599983215332,84.0,0.0,1.0,6.7,28.6
20250506080200,28.47599983215332,84.0,0.0,1.5,7.4,19.3
20250506080300,28.47599983215332,84.0,0.0,1.2,6.5,36.8
20250506080400,28.47599983215332,84.0,0.0,0.4,6.9,35.9
20250506080500,28.47599983215332,84.0,0.0,0.8,6.1,30.2
20250506080600,28.47599983215332,84.0,0.0,0.8,7.5,36.0
20250506080700,28.47599983215332,84.0,0.0,1.0,7.0,20.9
20250506080800,28.47599983215332,84.0,0.0,1.4,6.3,26.7
20250506080900,28.47599983215332,84.0,0.0,1.4,6.2,38.9
20250506081000,28.47599983215332,84.0,0.0,1.0,6.1,33.4
20250506081100,28.47599983215332,84.0,0.0,1.3,7.2,34.6
20250506081200,28.47599983215332,84.0,0.0,0.8,6.2,16.6
20250506081300,28.47599983215332,84.0,0.0,0.4,7.3,21.6
20250506081400,28.47599983215332,84.0,0.0,0.1,6.1,31.1
20250506081500,28.47599983215332,84.0,0.0,1.8,7.3,27.0
20250506081600,28.47599983215332,84.0,0.0,0.6,6.4,21.0
20250506081700,28.47599983215332,84.0,0.0,0.8,6.5,20.5
20250506081800,28.47599983215332,84.0,0.0,0.9,6.7,37.8
20250506081900,28.47599983215332,84.0,0.0,1.1,6.6,33.9
20250506082000,28.47599983215332,84.0,0.0,0.7,6.4,23.9
20250506082100,28.47599983215332,84.0,0.0,1.3,7.1,33.9
20250506082200,28.47599983215332,84.0,0.0,0.3,6.2,39.1
20250506082300,28.47599983215332,84.0,0.0,0.5,7.2,29.3
20250506082400,28.47599983215332,84.0,0.0,1.9,6.2,34.4
20250506082500,28.47599983215332,84.0,0.0,0.7,6.7,36.9
20250506082600,28.47599983215332,84.0,0.0,1.7,7.1,30.6
20250506082700,28.47599983215332,84.0,0.0,0.3,7.4,30.4
20250506082800,28.47599983215332,84.0,0.0,0.9,6.0,35.6
20250506082900,28.47599983215332,84.0,0.0,0.3,6.8,36.0
20250506083000,28.47599983215332,84.0,0.0,1.6,6.6,25.0
20250506083100,28.47599983215332,84.0,0.0,0.1,7.5,33.9
20250506083200,28.47599983215332,84.0,0.0,1.9,6.8,20.6
20250506083300,28.47599983215332,84.0,0.0,0.9,6.5,21.3
20250506083400,28.47599983215332,84.0,0.0,0.5,6.3,19.7
20250506083500,28.47599983215332,84.0,0.0,0.8,7.0,34.4
20250506083600,28.47599983215332,84.0,0.0,2.0,6.2,39.0
20250506083700,28.47599983215332,84.0,0.0,0.5,7.3,35.9
20250506083800,28.47599983215332,84.0,0.0,1.6,6.6,32.9
20250506083900,28.47599983215332,84.0,0.0,0.9,7.4,22.4
20250506084000,28.47599983215332,84.0,0.0,0.5,6.7,29.3
20250506084100,28.47599983215332,84.0,0.0,1.2,6.5,31.2
20250506084200,28.47599983215332,84.0,0.0,2.0,6.1,35.7
20250506084300,28.47599983215332,84.0,0.0,1.3,7.4,28.3
20250506084400,28.47599983215332,84.0,0.0,0.7,7.2,16.4
20250506084500,28.47599983215332,84.0,0.0,0.9,6.8,34.8
20250506084600,28.47599983215332,84.0,0.0,0.3,6.7,31.9
20250506084700,28.47599983215332,84.0,0.0,0.3,6.2,36.2
20250506084800,28.47599983215332,84.0,0.0,0.9,6.8,32.7
20250506084900,28.47599983215332,84.0,0.0,1.8,6.7,21.5
20250506085000,28.47599983215332,84.0,0.0,1.9,7.1,37.9
20250506085100,28.47599983215332,84.0,0.0,0.9,7.3,16.0
20250506085200,28.47599983215332,84.0,0.0,1.9,7.4,21.4
20250506085300,28.47599983215332,84.0,0.0,1.3,6.2,37.0
20250506085400,28.47599983215332,84.0,0.0,0.6,7.2,23.5
20250506085500,28.47599983215332,84.0,0.0,0.0,7.2,39.4
20250506085600,28.47599983215332,84.0,0.0,0.5,6.5,36.1
20250506085700,28.47599983215332,84.0,0.0,1.8,6.2,23.4
20250506085800,28.47599983215332,84.0,0.0,0.3,7.4,23.4
20250506085900,28.47599983215332,84.0,0.0,0.3,7.4,39.0
20250506090000,30.17599868774414,74.0,0.0,0.9,7.3,26.3
20250506090100,30.17599868774414,74.0,0.0,1.8,6.7,20.8
20250506090200,30.17599868774414,74.0,0.0,2.0,7.3,25.0
20250506090300,30.17599868774414,74.0,0.0,1.0,6.5,33.6
20250506090400,30.17599868774414,74.0,0.0,0.6,6.9,27.3
20250506090500,30.17599868774414,74.0,0.0,0.3,6.6,29.8
20250506090600,30.17599868774414,74.0,0.0,0.1,6.6,21.2
20250506090700,30.17599868774414,74.0,0.0,1.3,6.2,36.9
20250506090800,30.17599868774414,74.0,0.0,1.6,6.3,25.8
20250506090900,30.17599868774414,74.0,0.0,0.4,6.8,16.2
20250506091000,30.17599868774414,74.0,0.0,0.2,6.2,15.4
20250506091100,30.17599868774414,74.0,0.0,0.8,7.0,16.0
20250506091200,30.17599868774414,74.0,0.0,1.8,6.4,37.6
20250506091300,30.17599868774414,74.0,0.0,0.6,6.8,34.5
20250506091400,30.17599868774414,74.0,0.0,0.8,7.1,16.3
20250506091500,30.17599868774414,74.0,0.0,1.9,7.3,33.0
20250506091600,30.17599868774414,74.0,0.0,1.9,7.4,21.1
20250506091700,30.17599868774414,74.0,0.0,0.1,6.0,27.8
20250506091800,30.17599868774414,74.0,0.0,0.4,6.6,33.8
20250506091900,30.17599868774414,74.0,0.0,1.9,7.1,25.4
20250506092000,30.17599868774414,74.0,0.0,0.4,6.4,20.0
20250506092100,30.17599868774414,74.0,0.0,0.1,6.5,20.2
20250506092200,30.17599868774414,74.0,0.0,0.2,7.4,15.8
20250506092300,30.17599868774414,74.0,0.0,1.6,7.3,30.5
20250506092400,30.17599868774414,74.0,0.0,1.7,6.1,34.1
20250506092500,30.17599868774414,74.0,0.0,1.4,6.7,29.6
20250506092600,30.17599868774414,74.0,0.0,1.1,6.3,36.7
20250506092700,30.17599868774414,74.0,0.0,0.3,6.2,27.4
20250506092800,30.17599868774414,74.0,0.0,0.2,6.5,22.1
20250506092900,30.17599868774414,74.0,0.0,0.7,7.0,30.1
20250506093000,30.17599868774414,74.0,0.0,1.8,7.3,19.1
20250506093100,30.17599868774414,74.0,0.0,1.5,6.8,31.9
20250506093200,30.17599868774414,74.0,0.0,0.0,7.0,22.5
20250506093300,30.17599868774414,74.0,0.0,0.5,7.5,37.7
20250506093400,30.17599868774414,74.0,0.0,0.1,7.4,16.5
20250506093500,30.17599868774414,74.0,0.0,1.5,7.4,39.2
20250506093600,30.17599868774414,74.0,0.0,0.7,7.5,17.5
20250506093700,30.17599868774414,74.0,0.0,1.8,6.6,25.4
20250506093800,30.17599868774414,74.0,0.0,1.8,6.3,27.1
20250506093900,30.17599868774414,74.0,0.0,0.2,6.7,32.8
20250506094000,30.17599868774414,74.0,0.0,1.9,6.8,16.1
20250506094100,30.17599868774414,74.0,0.0,1.7,7.1,28.8
20250506094200,30.17599868774414,74.0,0.0,1.3,6.2,26.2
20250506094300,30.17599868774414,74.0,0.0,1.6,6.2,24.4
20250506094400,30.17599868774414,74.0,0.0,0.8,6.6,17.8
20250506094500,30.17599868774414,74.0,0.0,1.9,6.1,31.3
20250506094600,30.17599868774414,74.0,0.0,0.9,6.7,29.3
20250506094700,30.17599868774414,74.0,0.0,1.0,6.8,35.9
20250506094800,30.17599868774414,74.0,0.0,0.1,6.9,35.9
20250506094900,30.17599868774414,74.0,0.0,0.1,7.3,36.7
20250506095000,30.17599868774414,74.0,0.0,0.4,7.3,20.9
20250506095100,30.17599868774414,74.0,0.0,1.0,7.2,32.0
20250506095200,30.17599868774414,74.0,0.0,1.8,7.1,25.6
20250506095300,30.17599868774414,74.0,0.0,1.3,6.1,23.9
20250506095400,30.17599868774414,74.0,0.0,1.5,7.1,15.6
20250506095500,30.17599868774414,74.0,0.0,1.4,6.5,18.6
20250506095600,30.17599868774414,74.0,0.0,0.2,7.4,23.1
20250506095700,30.17599868774414,74.0,0.0,0.2,6.4,31.2
20250506095800,30.17599868774414,74.0,0.0,1.5,7.3,29.0
20250506095900,30.17599868774414,74.0,0.0,0.3,6.3,30.5
20250506100000,31.775999069213867,65.0,0.0,1.0,6.6,36.2
20250506100100,31.775999069213867,65.0,0.0,0.9,6.2,17.5
20250506100200,31.775999069213867,65.0,0.0,1.2,6.8,34.9
20250506100300,31.775999069213867,65.0,0.0,0.0,7.0,31.5
20250506100400,31.775999069213867,65.0,0.0,0.1,6.3,34.3
20250506100500,31.775999069213867,65.0,0.0,1.1,6.3,24.5
20250506100600,31.775999069213867,65.0,0.0,1.2,6.1,37.7
20250506100700,31.775999069213867,65.0,0.0,0.9,6.9,28.4
20250506100800,31.775999069213867,65.0,0.0,0.8,7.2,38.1
20250506100900,31.775999069213867,65.0,0.0,0.1,7.4,33.3
20250506101000,31.775999069213867,65.0,0.0,2.0,7.1,29.8
20250506101100,31.775999069213867,65.0,0.0,0.9,6.6,16.1
20250506101200,31.775999069213867,65.0,0.0,1.1,6.3,37.7
20250506101300,31.775999069213867,65.0,0.0,1.0,7.4,38.4
20250506101400,31.775999069213867,65.0,0.0,0.0,6.5,37.8
20250506101500,31.775999069213867,65.0,0.0,1.7,7.4,25.7
20250506101600,31.775999069213867,65.0,0.0,0.7,6.9,20.5
20250506101700,31.775999069213867,65.0,0.0,0.3,6.4,23.8
20250506101800,31.775999069213867,65.0,0.0,1.1,6.8,22.7
20250506101900,31.775999069213867,65.0,0.0,1.9,6.1,30.8
20250506102000,31.775999069213867,65.0,0.0,0.6,7.1,15.3
20250506102100,31.775999069213867,65.0,0.0,0.4,7.4,17.2
20250506102200,31.775999069213867,65.0,0.0,0.0,6.0,34.7
20250506102300,31.775999069213867,65.0,0.0,0.3,7.3,30.5
20250506102400,31.775999069213867,65.0,0.0,1.6,7.2,21.5
20250506102500,31.775999069213867,65.0,0.0,1.3,7.0,17.9
20250506102600,31.775999069213867,65.0,0.0,1.0,7.3,30.1
20250506102700,31.775999069213867,65.0,0.0,0.4,6.6,23.8
20250506102800,31.775999069213867,65.0,0.0,1.3,6.3,16.7
20250506102900,31.775999069213867,65.0,0.0,1.9,6.4,25.8
20250506103000,31.775999069213867,65.0,0.0,0.8,7.3,29.4
20250506103100,31.775999069213867,65.0,0.0,1.1,6.7,32.7
20250506103200,31.775999069213867,65.0,0.0,1.0,6.1,31.5
20250506103300,31.775999069213867,65.0,0.0,0.0,6.4,26.9
20250506103400,31.775999069213867,65.0,0.0,0.6,6.3,36.9
20250506103500,31.775999069213867,65.0,0.0,1.2,7.1,36.6
20250506103600,31.775999069213867,65.0,0.0,1.4,6.1,16.8
20250506103700,31.775999069213867,65.0,0.0,0.4,6.2,28.3
20250506103800,31.775999069213867,65.0,0.0,1.1,6.2,30.8
20250506103900,31.775999069213867,65.0,0.0,0.7,7.1,31.6
20250506104000,31.775999069213867,65.0,0.0,0.6,6.3,27.3
20250506104100,31.775999069213867,65.0,0.0,1.8,6.3,38.1
20250506104200,31.775999069213867,65.0,0.0,1.0,6.5,36.4
20250506104300,31.775999069213867,65.0,0.0,0.5,7.2,32.7
20250506104400,31.775999069213867,65.0,0.0,0.6,6.4,24.9
20250506104500,31.775999069213867,65.0,0.0,1.5,6.4,28.1
20250506104600,31.775999069213867,65.0,0.0,1.2,7.0,29.5
20250506104700,31.775999069213867,65.0,0.0,0.3,7.3,29.4
20250506104800,31.775999069213867,65.0,0.0,1.0,6.4,19.2
20250506104900,31.775999069213867,65.0,0.0,0.7,6.7,26.4
20250506105000,31.775999069213867,65.0,0.0,0.3,7.5,22.7
20250506105100,31.775999069213867,65.0,0.0,1.0,6.6,31.7
20250506105200,31.775999069213867,65.0,0.0,0.8,6.8,37.3
20250506105300,31.775999069213867,65.0,0.0,0.4,6.2,34.5
20250506105400,31.775999069213867,65.0,0.0,0.6,6.3,24.5
20250506105500,31.775999069213867,65.0,0.0,1.0,6.8,22.3
20250506105600,31.775999069213867,65.0,0.0,0.8,6.4,21.4
20250506105700,31.775999069213867,65.0,0.0,0.1,6.5,21.0
20250506105800,31.775999069213867,65.0,0.0,1.1,6.1,18.3
20250506105900,31.775999069213867,65.0,0.0,1.9,6.1,22.1
20250506110000,33.07600021362305,59.0,0.0,1.4,7.0,26.4
20250506110100,33.07600021362305,59.0,0.0,1.3,6.1,31.0
20250506110200,33.07600021362305,59.0,0.0,0.2,6.9,23.9
20250506110300,33.07600021362305,59.0,0.0,1.5,7.4,36.9
20250506110400,33.07600021362305,59.0,0.0,1.1,6.2,33.7
20250506110500,33.07600021362305,59.0,0.0,0.6,6.5,20.8
20250506110600,33.07600021362305,59.0,0.0,0.4,6.0,29.4
20250506110700,33.07600021362305,59.0,0.0,0.9,7.1,23.0
20250506110800,33.07600021362305,59.0,0.0,0.6,7.4,20.7
20250506110900,33.07600021362305,59.0,0.0,0.3,6.8,33.7
20250506111000,33.07600021362305,59.0,0.0,1.0,7.1,36.4
20250506111100,33.07600021362305,59.0,0.0,0.1,7.5,29.7
20250506111200,33.07600021362305,59.0,0.0,1.4,7.2,25.4
20250506111300,33.07600021362305,59.0,0.0,0.4,6.1,32.2
20250506111400,33.07600021362305,59.0,0.0,1.9,6.8,19.0
20250506111500,33.07600021362305,59.0,0.0,1.1,6.5,38.3
20250506111600,33.07600021362305,59.0,0.0,0.8,6.3,32.7
20250506111700,33.07600021362305,59.0,0.0,1.9,7.2,33.8
20250506111800,33.07600021362305,59.0,0.0,1.6,6.8,30.9
20250506111900,33.07600021362305,59.0,0.0,0.4,6.7,32.4
20250506112000,33.07600021362305,59.0,0.0,1.0,7.5,34.3
20250506112100,33.07600021362305,59.0,0.0,0.7,6.3,25.8
20250506112200,33.07600021362305,59.0,0.0,2.0,6.7,39.3
20250506112300,33.07600021362305,59.0,0.0,1.4,6.7,26.9
20250506112400,33.07600021362305,59.0,0.0,1.2,6.3,19.0
20250506112500,33.07600021362305,59.0,0.0,1.1,7.1,25.0
20250506112600,33.07600021362305,59.0,0.0,0.1,7.1,39.9
20250506112700,33.07600021362305,59.0,0.0,0.3,6.1,28.0
20250506112800,33.07600021362305,59.0,0.0,1.4,6.0,37.7
20250506112900,33.07600021362305,59.0,0.0,1.9,6.9,26.3
20250506113000,33.07600021362305,59.0,0.0,1.8,7.3,20.3
20250506113100,33.07600021362305,59.0,0.0,1.6,6.4,38.3
20250506113200,33.07600021362305,59.0,0.0,1.7,7.4,27.4
20250506113300,33.07600021362305,59.0,0.0,1.3,6.5,37.1
20250506113400,33.07600021362305,59.0,0.0,0.9,6.2,28.0
20250506113500,33.07600021362305,59.0,0.0,1.3,6.7,36.7
20250506113600,33.07600021362305,59.0,0.0,1.9,7.4,18.2
20250506113700,33.07600021362305,59.0,0.0,1.1,6.5,28.4
20250506113800,33.07600021362305,59.0,0.0,1.6,6.5,27.3
20250506113900,33.07600021362305,59.0,0.0,0.7,6.3,30.9
20250506114000,33.07600021362305,59.0,0.0,1.3,7.5,38.8
20250506114100,33.07600021362305,59.0,0.0,1.9,7.0,39.9
20250506114200,33.07600021362305,59.0,0.0,0.9,6.9,31.2
20250506114300,33.07600021362305,59.0,0.0,1.4,7.0,30.4
20250506114400,33.07600021362305,59.0,0.0,2.0,6.1,35.0
20250506114500,33.07600021362305,59.0,0.0,1.6,6.7,38.4
20250506114600,33.07600021362305,59.0,0.0,0.1,7.3,23.4
20250506114700,33.07600021362305,59.0,0.0,1.6,7.2,30.2
20250506114800,33.07600021362305,59.0,0.0,1.3,6.6,16.3
20250506114900,33.07600021362305,59.0,0.0,1.0,7.1,27.8
20250506115000,33.07600021362305,59.0,0.0,1.1,6.7,25.6
20250506115100,33.07600021362305,59.0,0.0,1.2,7.4,25.1
20250506115200,33.07600021362305,59.0,0.0,1.1,7.1,26.2
20250506115300,33.07600021362305,59.0,0.0,0.1,6.7,24.4
20250506115400,33.07600021362305,59.0,0.0,0.4,7.1,38.9
20250506115500,33.07600021362305,59.0,0.0,1.4,6.1,36.8
20250506115600,33.07600021362305,59.0,0.0,0.6,7.3,39.8
20250506115700,33.07600021362305,59.0,0.0,0.0,7.0,34.5
20250506115800,33.07600021362305,59.0,0.0,1.7,7.5,18.6
20250506115900,33.07600021362305,59.0,0.0,1.3,7.4,36.3
20250506120000,34.22600173950195,54.0,0.0,1.8,6.2,34.4
20250506120100,34.22600173950195,54.0,0.0,0.0,7.3,25.2
20250506120200,34.22600173950195,54.0,0.0,0.8,6.6,34.5
20250506120300,34.22600173950195,54.0,0.0,1.9,6.3,33.2
20250506120400,34.22600173950195,54.0,0.0,0.5,7.3,17.4
20250506120500,34.22600173950195,54.0,0.0,0.1,7.4,18.1
20250506120600,34.22600173950195,54.0,0.0,0.3,7.0,22.8
20250506120700,34.22600173950195,54.0,0.0,1.9,6.7,23.9
20250506120800,34.22600173950195,54.0,0.0,0.8,7.3,30.8
20250506120900,34.22600173950195,54.0,0.0,1.6,7.2,20.6
20250506121000,34.22600173950195,54.0,0.0,0.4,6.3,24.9
20250506121100,34.22600173950195,54.0,0.0,1.9,6.4,26.3
20250506121200,34.22600173950195,54.0,0.0,0.2,6.6,16.8
20250506121300,34.22600173950195,54.0,0.0,1.6,6.8,38.6
20250506121400,34.22600173950195,54.0,0.0,0.3,6.1,21.9
20250506121500,34.22600173950195,54.0,0.0,0.2,6.1,21.5
20250506121600,34.22600173950195,54.0,0.0,0.2,6.2,29.9
20250506121700,34.22600173950195,54.0,0.0,0.7,6.7,32.3
20250506121800,34.22600173950195,54.0,0.0,1.9,6.8,26.7
20250506121900,34.22600173950195,54.0,0.0,0.5,7.2,34.2
20250506122000,34.22600173950195,54.0,0.0,1.8,7.2,37.5
20250506122100,34.22600173950195,54.0,0.0,1.9,7.2,33.2
20250506122200,34.22600173950195,54.0,0.0,0.8,6.1,39.9
20250506122300,34.22600173950195,54.0,0.0,1.9,7.2,22.9
20250506122400,34.22600173950195,54.0,0.0,1.7,6.3,18.2
20250506122500,34.22600173950195,54.0,0.0,1.1,7.1,19.9
20250506122600,34.22600173950195,54.0,0.0,0.3,7.5,34.7
20250506122700,34.22600173950195,54.0,0.0,1.3,7.0,18.3
20250506122800,34.22600173950195,54.0,0.0,1.1,6.3,33.0
20250506122900,34.22600173950195,54.0,0.0,0.1,7.2,27.5
20250506123000,34.22600173950195,54.0,0.0,2.0,6.1,34.8
20250506123100,34.22600173950195,54.0,0.0,1.6,7.0,23.1
20250506123200,34.22600173950195,54.0,0.0,1.7,7.2,34.0
20250506123300,34.22600173950195,54.0,0.0,0.4,6.9,20.1
20250506123400,34.22600173950195,54.0,0.0,1.9,7.3,32.0
20250506123500,34.22600173950195,54.0,0.0,1.5,6.1,15.8
20250506123600,34.22600173950195,54.0,0.0,1.7,6.6,24.1
20250506123700,34.22600173950195,54.0,0.0,0.7,7.2,35.5
20250506123800,34.22600173950195,54.0,0.0,0.4,7.4,19.8
20250506123900,34.22600173950195,54.0,0.0,1.1,7.2,35.8
20250506124000,34.22600173950195,54.0,0.0,0.0,6.6,35.8
20250506124100,34.22600173950195,54.0,0.0,0.7,7.1,38.6
20250506124200,34.22600173950195,54.0,0.0,1.6,6.6,37.3
20250506124300,34.22600173950195,54.0,0.0,1.1,6.6,18.5
20250506124400,34.22600173950195,54.0,0.0,1.8,7.0,24.1
20250506124500,34.22600173950195,54.0,0.0,1.6,6.6,23.0
20250506124600,34.22600173950195,54.0,0.0,1.2,6.6,24.2
20250506124700,34.22600173950195,54.0,0.0,0.1,7.2,27.8
20250506124800,34.22600173950195,54.0,0.0,1.7,6.8,17.8
20250506124900,34.22600173950195,54.0,0.0,0.1,6.4,35.9
20250506125000,34.22600173950195,54.0,0.0,1.4,6.3,26.6
20250506125100,34.22600173950195,54.0,0.0,0.8,6.2,19.2
20250506125200,34.22600173950195,54.0,0.0,1.0,7.2,21.0
20250506125300,34.22600173950195,54.0,0.0,1.9,6.1,32.7
20250506125400,34.22600173950195,54.0,0.0,1.6,6.3,32.7
20250506125500,34.22600173950195,54.0,0.0,1.1,7.1,24.6
20250506125600,34.22600173950195,54.0,0.0,0.2,7.5,17.3
20250506125700,34.22600173950195,54.0,0.0,1.6,6.9,39.8
20250506125800,34.22600173950195,54.0,0.0,1.6,7.3,33.7
20250506125900,34.22600173950195,54.0,0.0,1.6,6.4,37.5
20250506130000,34.97600173950195,51.0,0.0,1.9,7.1,37.0
20250506130100,34.97600173950195,51.0,0.0,1.1,6.8,26.9
20250506130200,34.97600173950195,51.0,0.0,1.4,6.4,32.9
20250506130300,34.97600173950195,51.0,0.0,1.4,6.8,25.7
20250506130400,34.97600173950195,51.0,0.0,1.3,7.3,31.2
20250506130500,34.97600173950195,51.0,0.0,1.7,6.8,17.7
20250506130600,34.97600173950195,51.0,0.0,0.5,6.2,38.4
20250506130700,34.97600173950195,51.0,0.0,1.3,6.2,31.4
20250506130800,34.97600173950195,51.0,0.0,1.3,6.7,16.5
20250506130900,34.97600173950195,51.0,0.0,0.4,6.6,18.2
20250506131000,34.97600173950195,51.0,0.0,1.1,7.3,22.0
20250506131100,34.97600173950195,51.0,0.0,1.1,6.6,39.7
20250506131200,34.97600173950195,51.0,0.0,0.4,7.4,25.0
20250506131300,34.97600173950195,51.0,0.0,0.8,7.5,28.1
20250506131400,34.97600173950195,51.0,0.0,0.3,6.4,36.7
20250506131500,34.97600173950195,51.0,0.0,1.8,7.4,35.8
20250506131600,34.97600173950195,51.0,0.0,0.4,7.1,38.4
20250506131700,34.97600173950195,51.0,0.0,0.5,6.2,20.5
20250506131800,34.97600173950195,51.0,0.0,1.8,7.4,39.8
20250506131900,34.97600173950195,51.0,0.0,0.8,6.8,37.2
20250506132000,34.97600173950195,51.0,0.0,1.3,6.9,29.4
20250506132100,34.97600173950195,51.0,0.0,0.5,6.9,19.3
20250506132200,34.97600173950195,51.0,0.0,0.3,7.4,28.0
20250506132300,34.97600173950195,51.0,0.0,1.7,6.6,37.4
20250506132400,34.97600173950195,51.0,0.0,0.3,6.7,18.8
20250506132500,34.97600173950195,51.0,0.0,0.3,6.9,31.4
20250506132600,34.97600173950195,51.0,0.0,0.8,7.4,33.0
20250506132700,34.97600173950195,51.0,0.0,0.3,6.0,24.0
20250506132800,34.97600173950195,51.0,0.0,0.2,7.1,28.0
20250506132900,34.97600173950195,51.0,0.0,1.7,6.8,25.1
20250506133000,34.97600173950195,51.0,0.0,1.7,6.0,32.9
20250506133100,34.97600173950195,51.0,0.0,0.3,6.1,20.6
20250506133200,34.97600173950195,51.0,0.0,1.4,6.3,18.2
20250506133300,34.97600173950195,51.0,0.0,0.6,7.0,28.6
20250506133400,34.97600173950195,51.0,0.0,1.5,6.3,39.8
20250506133500,34.97600173950195,51.0,0.0,0.4,6.8,21.6
20250506133600,34.97600173950195,51.0,0.0,1.5,6.2,28.7
20250506133700,34.97600173950195,51.0,0.0,1.1,6.7,18.7
20250506133800,34.97600173950195,51.0,0.0,1.4,6.1,18.1
20250506133900,34.97600173950195,51.0,0.0,0.7,7.3,30.4
20250506134000,34.97600173950195,51.0,0.0,1.8,6.1,32.0
20250506134100,34.97600173950195,51.0,0.0,0.8,6.4,30.8
20250506134200,34.97600173950195,51.0,0.0,1.6,7.1,20.7
20250506134300,34.97600173950195,51.0,0.0,0.2,6.0,19.7
20250506134400,34.97600173950195,51.0,0.0,0.1,7.4,22.5
20250506134500,34.97600173950195,51.0,0.0,0.0,6.5,39.2
20250506134600,34.97600173950195,51.0,0.0,0.9,6.4,26.0
20250506134700,34.97600173950195,51.0,0.0,1.1,6.1,20.0
20250506134800,34.97600173950195,51.0,0.0,2.0,6.2,16.8
20250506134900,34.97600173950195,51.0,0.0,1.3,6.3,32.5
20250506135000,34.97600173950195,51.0,0.0,1.0,6.2,32.0
20250506135100,34.97600173950195,51.0,0.0,1.6,7.2,15.5
20250506135200,34.97600173950195,51.0,0.0,0.1,6.8,29.9
20250506135300,34.97600173950195,51.0,0.0,1.7,7.0,22.9
20250506135400,34.97600173950195,51.0,0.0,0.6,6.5,39.5
20250506135500,34.97600173950195,51.0,0.0,0.5,6.1,35.9
20250506135600,34.97600173950195,51.0,0.0,1.2,6.8,15.8
20250506135700,34.97600173950195,51.0,0.0,1.0,7.0,38.5
20250506135800,34.97600173950195,51.0,0.0,1.5,7.1,31.2
20250506135900,34.97600173950195,51.0,0.0,1.1,6.5,17.5
20250506140000,35.176002502441406,50.0,0.0,1.3,7.3,18.2
20250506140100,35.176002502441406,50.0,0.0,1.9,6.6,31.2
20250506140200,35.176002502441406,50.0,0.0,1.7,6.5,18.8
20250506140300,35.176002502441406,50.0,0.0,1.8,6.4,37.9
20250506140400,35.176002502441406,50.0,0.0,1.7,6.7,27.6
20250506140500,35.176002502441406,50.0,0.0,1.1,6.8,23.0
20250506140600,35.176002502441406,50.0,0.0,0.0,6.9,35.3
20250506140700,35.176002502441406,50.0,0.0,1.6,7.2,23.4
20250506140800,35.176002502441406,50.0,0.0,1.1,7.5,28.7
20250506140900,35.176002502441406,50.0,0.0,0.3,6.2,28.5
20250506141000,35.176002502441406,50.0,0.0,1.6,6.7,37.2
20250506141100,35.176002502441406,50.0,0.0,0.8,6.1,26.5
20250506141200,35.176002502441406,50.0,0.0,1.7,6.6,29.2
20250506141300,35.176002502441406,50.0,0.0,0.2,7.3,34.0
20250506141400,35.176002502441406,50.0,0.0,1.0,6.4,18.5
20250506141500,35.176002502441406,50.0,0.0,1.9,7.1,36.4
20250506141600,35.176002502441406,50.0,0.0,1.2,7.3,27.2
20250506141700,35.176002502441406,50.0,0.0,0.2,6.7,18.0
20250506141800,35.176002502441406,50.0,0.0,1.1,6.9,27.4
20250506141900,35.176002502441406,50.0,0.0,0.0,7.2,20.6
20250506142000,35.176002502441406,50.0,0.0,1.5,7.1,23.2
20250506142100,35.176002502441406,50.0,0.0,0.7,6.2,33.7
20250506142200,35.176002502441406,50.0,0.0,1.1,6.7,20.5
20250506142300,35.176002502441406,50.0,0.0,1.4,6.8,20.9
20250506142400,35.176002502441406,50.0,0.0,1.0,6.1,18.1
20250506142500,35.176002502441406,50.0,0.0,1.3,6.6,28.0
20250506142600,35.176002502441406,50.0,0.0,1.7,7.1,28.0
20250506142700,35.176002502441406,50.0,0.0,1.0,6.4,28.7
20250506142800,35.176002502441406,50.0,0.0,0.2,6.2,15.1
20250506142900,35.176002502441406,50.0,0.0,1.0,6.5,32.6
20250506143000,35.176002502441406,50.0,0.0,1.0,6.0,15.3
20250506143100,35.176002502441406,50.0,0.0,1.7,7.3,31.1
20250506143200,35.176002502441406,50.0,0.0,0.7,6.9,24.1
20250506143300,35.176002502441406,50.0,0.0,1.5,7.0,30.9
20250506143400,35.176002502441406,50.0,0.0,0.1,6.1,26.6
20250506143500,35.176002502441406,50.0,0.0,0.6,7.5,33.8
20250506143600,35.176002502441406,50.0,0.0,0.1,6.5,38.6
20250506143700,35.176002502441406,50.0,0.0,0.1,6.2,37.7
20250506143800,35.176002502441406,50.0,0.0,1.6,6.0,23.5
20250506143900,35.176002502441406,50.0,0.0,1.8,7.4,31.4
20250506144000,35.176002502441406,50.0,0.0,1.6,6.4,32.9
20250506144100,35.176002502441406,50.0,0.0,0.9,6.3,22.5
20250506144200,35.176002502441406,50.0,0.0,0.9,6.9,28.0
20250506144300,35.176002502441406,50.0,0.0,0.1,6.3,21.2
20250506144400,35.176002502441406,50.0,0.0,1.7,6.7,20.2
20250506144500,35.176002502441406,50.0,0.0,1.4,7.1,31.0
20250506144600,35.176002502441406,50.0,0.0,0.9,6.3,19.6
20250506144700,35.176002502441406,50.0,0.0,1.7,6.7,27.4
20250506144800,35.176002502441406,50.0,0.0,1.3,6.8,23.1
20250506144900,35.176002502441406,50.0,0.0,1.5,6.5,23.6
20250506145000,35.176002502441406,50.0,0.0,0.3,7.1,23.1
20250506145100,35.176002502441406,50.0,0.0,0.1,7.0,20.5
20250506145200,35.176002502441406,50.0,0.0,1.5,6.2,23.0
20250506145300,35.176002502441406,50.0,0.0,0.8,6.9,28.2
20250506145400,35.176002502441406,50.0,0.0,1.8,7.1,31.5
20250506145500,35.176002502441406,50.0,0.0,0.7,6.3,27.5
20250506145600,35.176002502441406,50.0,0.0,1.4,6.5,33.3
20250506145700,35.176002502441406,50.0,0.0,1.3,7.1,32.7
20250506145800,35.176002502441406,50.0,0.0,0.9,6.6,30.4
20250506145900,35.176002502441406,50.0,0.0,0.4,6.5,27.9
20250506150000,35.0260009765625,50.0,0.0,1.4,6.0,30.5
20250506150100,35.0260009765625,50.0,0.0,0.4,7.2,25.8
20250506150200,35.0260009765625,50.0,0.0,1.6,7.3,29.7
20250506150300,35.0260009765625,50.0,0.0,0.0,6.2,26.4
20250506150400,35.0260009765625,50.0,0.0,0.1,7.5,23.0
20250506150500,35.0260009765625,50.0,0.0,0.1,7.0,34.0
20250506150600,35.0260009765625,50.0,0.0,1.3,6.7,25.0
20250506150700,35.0260009765625,50.0,0.0,1.5,7.5,20.0
20250506150800,35.0260009765625,50.0,0.0,1.4,7.0,35.2
20250506150900,35.0260009765625,50.0,0.0,1.4,6.9,39.2
20250506151000,35.0260009765625,50.0,0.0,1.7,6.5,39.2
20250506151100,35.0260009765625,50.0,0.0,1.3,6.0,16.9
20250506151200,35.0260009765625,50.0,0.0,1.8,6.7,19.4
20250506151300,35.0260009765625,50.0,0.0,0.9,7.3,35.6
20250506151400,35.0260009765625,50.0,0.0,0.1,7.4,20.3
20250506151500,35.0260009765625,50.0,0.0,1.3,6.3,28.7
20250506151600,35.0260009765625,50.0,0.0,1.6,6.9,26.4
20250506151700,35.0260009765625,50.0,0.0,1.7,7.1,33.9
20250506151800,35.0260009765625,50.0,0.0,0.6,6.4,35.9
20250506151900,35.0260009765625,50.0,0.0,1.3,6.9,22.9
20250506152000,35.0260009765625,50.0,0.0,1.6,6.4,35.1
20250506152100,35.0260009765625,50.0,0.0,1.2,6.1,29.1
20250506152200,35.0260009765625,50.0,0.0,0.6,7.5,18.2
20250506152300,35.0260009765625,50.0,0.0,1.1,6.3,30.3
20250506152400,35.0260009765625,50.0,0.0,1.8,7.3,23.2
20250506152500,35.0260009765625,50.0,0.0,1.0,6.0,36.9
20250506152600,35.0260009765625,50.0,0.0,0.1,7.2,34.3
20250506152700,35.0260009765625,50.0,0.0,1.3,6.7,24.6
20250506152800,35.0260009765625,50.0,0.0,1.1,7.1,24.7
20250506152900,35.0260009765625,50.0,0.0,1.4,6.2,36.1
20250506153000,35.0260009765625,50.0,0.0,1.7,6.7,38.7
20250506153100,35.0260009765625,50.0,0.0,0.5,6.6,37.5
20250506153200,35.0260009765625,50.0,0.0,1.3,7.3,32.8
20250506153300,35.0260009765625,50.0,0.0,1.6,7.2,15.1
20250506153400,35.0260009765625,50.0,0.0,1.2,7.1,26.0
20250506153500,35.0260009765625,50.0,0.0,1.7,6.5,30.7
20250506153600,35.0260009765625,50.0,0.0,1.0,6.3,31.3
20250506153700,35.0260009765625,50.0,0.0,1.2,6.3,28.2
20250506153800,35.0260009765625,50.0,0.0,0.1,6.7,34.0
20250506153900,35.0260009765625,50.0,0.0,0.2,6.7,19.3
20250506154000,35.0260009765625,50.0,0.0,0.6,7.2,27.5
20250506154100,35.0260009765625,50.0,0.0,1.6,6.5,33.0
20250506154200,35.0260009765625,50.0,0.0,0.7,7.4,20.0
20250506154300,35.0260009765625,50.0,0.0,1.4,6.0,19.6
20250506154400,35.0260009765625,50.0,0.0,1.0,7.3,21.1
20250506154500,35.0260009765625,50.0,0.0,1.6,7.3,37.9
20250506154600,35.0260009765625,50.0,0.0,2.0,7.4,21.9
20250506154700,35.0260009765625,50.0,0.0,1.7,7.4,35.2
20250506154800,35.0260009765625,50.0,0.0,0.5,7.4,33.1
20250506154900,35.0260009765625,50.0,0.0,1.5,6.1,33.5
20250506155000,35.0260009765625,50.0,0.0,0.6,7.2,23.6
20250506155100,35.0260009765625,50.0,0.0,1.3,7.3,24.5
20250506155200,35.0260009765625,50.0,0.0,1.6,7.4,26.0
20250506155300,35.0260009765625,50.0,0.0,0.2,6.5,35.5
20250506155400,35.0260009765625,50.0,0.0,1.4,6.6,26.3
20250506155500,35.0260009765625,50.0,0.0,1.9,6.2,28.5
20250506155600,35.0260009765625,50.0,0.0,1.0,7.3,27.2
20250506155700,35.0260009765625,50.0,0.0,0.1,6.7,24.1
20250506155800,35.0260009765625,50.0,0.0,1.1,6.6,37.0
20250506155900,35.0260009765625,50.0,0.0,0.7,7.2,39.1
20250506160000,34.47600173950195,52.0,0.0,0.9,6.5,26.7
20250506160100,34.47600173950195,52.0,0.0,1.1,7.0,23.2
20250506160200,34.47600173950195,52.0,0.0,0.4,6.2,17.0
20250506160300,34.47600173950195,52.0,0.0,1.0,7.4,32.8
20250506160400,34.47600173950195,52.0,0.0,0.1,6.8,28.2
20250506160500,34.47600173950195,52.0,0.0,0.7,7.2,16.3
20250506160600,34.47600173950195,52.0,0.0,0.7,6.1,25.6
20250506160700,34.47600173950195,52.0,0.0,1.0,6.4,18.7
20250506160800,34.47600173950195,52.0,0.0,0.8,7.3,20.0
20250506160900,34.47600173950195,52.0,0.0,1.7,6.7,23.3
20250506161000,34.47600173950195,52.0,0.0,1.4,6.3,35.9
20250506161100,34.47600173950195,52.0,0.0,0.8,7.0,20.8
20250506161200,34.47600173950195,52.0,0.0,0.2,6.7,27.0
20250506161300,34.47600173950195,52.0,0.0,1.7,7.5,26.0
20250506161400,34.47600173950195,52.0,0.0,1.4,7.3,31.1
20250506161500,34.47600173950195,52.0,0.0,1.5,7.1,30.8
20250506161600,34.47600173950195,52.0,0.0,1.0,6.4,35.0
20250506161700,34.47600173950195,52.0,0.0,0.2,6.6,26.4
20250506161800,34.47600173950195,52.0,0.0,1.7,6.6,33.2
20250506161900,34.47600173950195,52.0,0.0,0.1,6.3,33.9
20250506162000,34.47600173950195,52.0,0.0,0.9,7.1,35.7
20250506162100,34.47600173950195,52.0,0.0,0.1,6.8,25.0
20250506162200,34.47600173950195,52.0,0.0,1.5,7.4,26.3
20250506162300,34.47600173950195,52.0,0.0,0.2,7.4,25.3
20250506162400,34.47600173950195,52.0,0.0,1.9,7.4,25.4
20250506162500,34.47600173950195,52.0,0.0,0.6,7.0,29.4
20250506162600,34.47600173950195,52.0,0.0,0.1,7.3,30.7
20250506162700,34.47600173950195,52.0,0.0,0.4,7.0,39.9
20250506162800,34.47600173950195,52.0,0.0,1.5,6.6,24.0
20250506162900,34.47600173950195,52.0,0.0,1.4,6.6,25.1
20250506163000,34.47600173950195,52.0,0.0,1.6,7.0,30.2
20250506163100,34.47600173950195,52.0,0.0,1.5,6.4,32.1
20250506163200,34.47600173950195,52.0,0.0,0.5,6.8,18.4
20250506163300,34.47600173950195,52.0,0.0,0.1,6.3,39.0
20250506163400,34.47600173950195,52.0,0.0,0.4,7.3,21.3
20250506163500,34.47600173950195,52.0,0.0,0.0,6.4,36.1
20250506163600,34.47600173950195,52.0,0.0,1.4,6.2,35.6
20250506163700,34.47600173950195,52.0,0.0,0.5,6.9,23.3
20250506163800,34.47600173950195,52.0,0.0,1.5,6.1,26.8
20250506163900,34.47600173950195,52.0,0.0,0.9,6.3,39.7
20250506164000,34.47600173950195,52.0,0.0,1.2,6.1,16.8
20250506164100,34.47600173950195,52.0,0.0,1.0,6.8,35.9
20250506164200,34.47600173950195,52.0,0.0,0.2,7.4,31.1
20250506164300,34.47600173950195,52.0,0.0,2.0,6.2,36.4
20250506164400,34.47600173950195,52.0,0.0,0.3,6.2,24.1
20250506164500,34.47600173950195,52.0,0.0,0.8,6.1,38.3
20250506164600,34.47600173950195,52.0,0.0,1.7,7.3,19.7
20250506164700,34.47600173950195,52.0,0.0,0.6,6.8,20.5
20250506164800,34.47600173950195,52.0,0.0,2.0,6.2,33.0
20250506164900,34.47600173950195,52.0,0.0,0.6,6.6,32.9
20250506165000,34.47600173950195,52.0,0.0,0.7,6.5,16.9
20250506165100,34.47600173950195,52.0,0.0,1.3,7.3,33.4
20250506165200,34.47600173950195,52.0,0.0,0.8,6.4,35.0
20250506165300,34.47600173950195,52.0,0.0,1.1,7.0,24.6
20250506165400,34.47600173950195,52.0,0.0,0.3,7.0,27.8
20250506165500,34.47600173950195,52.0,0.0,0.4,7.1,25.5
20250506165600,34.47600173950195,52.0,0.0,0.4,6.7,28.5
20250506165700,34.47600173950195,52.0,0.0,0.8,6.9,30.3
20250506165800,34.47600173950195,52.0,0.0,0.6,6.4,26.1
20250506165900,34.47600173950195,52.0,0.0,0.4,7.2,22.7
20250506170000,33.47600173950195,57.0,0.0,1.6,6.0,34.1
20250506170100,33.47600173950195,57.0,0.0,0.1,6.4,17.0
20250506170200,33.47600173950195,57.0,0.0,0.5,7.2,29.9
20250506170300,33.47600173950195,57.0,0.0,1.1,6.6,29.8
20250506170400,33.47600173950195,57.0,0.0,1.6,6.3,21.4
20250506170500,33.47600173950195,57.0,0.0,1.9,6.5,33.3
20250506170600,33.47600173950195,57.0,0.0,0.5,7.2,26.4
20250506170700,33.47600173950195,57.0,0.0,0.6,7.0,26.9
20250506170800,33.47600173950195,57.0,0.0,1.9,6.7,37.8
20250506170900,33.47600173950195,57.0,0.0,1.0,6.2,29.1
20250506171000,33.47600173950195,57.0,0.0,2.0,6.9,19.4
20250506171100,33.47600173950195,57.0,0.0,0.6,6.3,15.8
20250506171200,33.47600173950195,57.0,0.0,0.4,6.4,28.0
20250506171300,33.47600173950195,57.0,0.0,1.5,7.4,33.8
20250506171400,33.47600173950195,57.0,0.0,0.8,6.8,29.4
20250506171500,33.47600173950195,57.0,0.0,0.3,7.1,35.1
20250506171600,33.47600173950195,57.0,0.0,1.9,6.9,31.4
20250506171700,33.47600173950195,57.0,0.0,0.8,7.4,17.0
20250506171800,33.47600173950195,57.0,0.0,0.4,6.6,32.4
20250506171900,33.47600173950195,57.0,0.0,0.7,7.5,35.2
20250506172000,33.47600173950195,57.0,0.0,1.0,7.2,27.0
20250506172100,33.47600173950195,57.0,0.0,0.7,6.8,25.5
20250506172200,33.47600173950195,57.0,0.0,1.9,6.8,24.9
20250506172300,33.47600173950195,57.0,0.0,0.4,6.6,34.9
20250506172400,33.47600173950195,57.0,0.0,1.8,6.9,18.5
20250506172500,33.47600173950195,57.0,0.0,0.4,7.3,27.3
20250506172600,33.47600173950195,57.0,0.0,0.3,7.3,26.6
20250506172700,33.47600173950195,57.0,0.0,0.3,7.2,37.1
20250506172800,33.47600173950195,57.0,0.0,0.9,7.4,25.7
20250506172900,33.47600173950195,57.0,0.0,1.5,7.3,31.6
20250506173000,33.47600173950195,57.0,0.0,1.9,6.2,39.7
20250506173100,33.47600173950195,57.0,0.0,0.9,7.0,38.4
20250506173200,33.47600173950195,57.0,0.0,0.4,6.8,24.3
20250506173300,33.47600173950195,57.0,0.0,0.4,7.4,39.3
20250506173400,33.47600173950195,57.0,0.0,1.8,6.2,29.5
20250506173500,33.47600173950195,57.0,0.0,2.0,7.2,37.3
20250506173600,33.47600173950195,57.0,0.0,1.3,6.9,17.6
20250506173700,33.47600173950195,57.0,0.0,1.1,6.6,33.7
20250506173800,33.47600173950195,57.0,0.0,1.3,6.2,18.7
20250506173900,33.47600173950195,57.0,0.0,0.8,7.5,26.0
20250506174000,33.47600173950195,57.0,0.0,1.9,6.4,23.3
20250506174100,33.47600173950195,57.0,0.0,0.3,6.2,33.3
20250506174200,33.47600173950195,57.0,0.0,0.2,7.4,36.9
20250506174300,33.47600173950195,57.0,0.0,1.8,6.8,32.3
20250506174400,33.47600173950195,57.0,0.0,1.7,7.0,17.4
20250506174500,33.47600173950195,57.0,0.0,0.8,7.5,18.7
20250506174600,33.47600173950195,57.0,0.0,1.6,6.3,31.2
20250506174700,33.47600173950195,57.0,0.0,0.7,6.9,30.9
20250506174800,33.47600173950195,57.0,0.0,0.5,6.7,27.6
20250506174900,33.47600173950195,57.0,0.0,1.1,6.9,24.3
20250506175000,33.47600173950195,57.0,0.0,0.6,6.5,30.3
20250506175100,33.47600173950195,57.0,0.0,0.9,6.3,22.9
20250506175200,33.47600173950195,57.0,0.0,0.6,7.4,23.0
20250506175300,33.47600173950195,57.0,0.0,0.3,7.0,37.8
20250506175400,33.47600173950195,57.0,0.0,1.5,6.8,32.5
20250506175500,33.47600173950195,57.0,0.0,0.8,6.0,35.4
20250506175600,33.47600173950195,57.0,0.0,0.3,7.2,34.9
20250506175700,33.47600173950195,57.0,0.0,1.8,6.1,33.6
20250506175800,33.47600173950195,57.0,0.0,1.2,6.3,28.4
20250506175900,33.47600173950195,57.0,0.0,1.4,7.3,35.6
20250506180000,32.176002502441406,64.0,0.0,1.8,7.2,32.1
20250506180100,32.176002502441406,64.0,0.0,0.6,6.6,23.3
20250506180200,32.176002502441406,64.0,0.0,1.7,6.4,38.4
20250506180300,32.176002502441406,64.0,0.0,0.3,6.8,37.6
20250506180400,32.176002502441406,64.0,0.0,0.2,6.2,20.6
20250506180500,32.176002502441406,64.0,0.0,0.8,6.1,27.5
20250506180600,32.176002502441406,64.0,0.0,0.8,6.9,36.7
20250506180700,32.176002502441406,64.0,0.0,0.2,6.7,33.9
20250506180800,32.176002502441406,64.0,0.0,1.2,6.2,39.0
20250506180900,32.176002502441406,64.0,0.0,0.6,7.4,16.8
20250506181000,32.176002502441406,64.0,0.0,1.5,6.4,24.3
20250506181100,32.176002502441406,64.0,0.0,1.8,6.6,37.5
20250506181200,32.176002502441406,64.0,0.0,1.3,7.3,24.6
20250506181300,32.176002502441406,64.0,0.0,1.8,7.3,39.7
20250506181400,32.176002502441406,64.0,0.0,0.5,6.8,20.1
20250506181500,32.176002502441406,64.0,0.0,1.8,7.0,35.7
20250506181600,32.176002502441406,64.0,0.0,1.1,7.2,21.0
20250506181700,32.176002502441406,64.0,0.0,0.5,7.5,19.1
20250506181800,32.176002502441406,64.0,0.0,0.6,7.2,39.7
20250506181900,32.176002502441406,64.0,0.0,0.4,6.3,34.5
20250506182000,32.176002502441406,64.0,0.0,0.2,6.4,25.2
20250506182100,32.176002502441406,64.0,0.0,0.3,6.6,19.9
20250506182200,32.176002502441406,64.0,0.0,0.7,7.2,21.7
20250506182300,32.176002502441406,64.0,0.0,1.7,6.2,16.5
20250506182400,32.176002502441406,64.0,0.0,1.2,6.9,19.9
20250506182500,32.176002502441406,64.0,0.0,0.3,6.9,25.7
20250506182600,32.176002502441406,64.0,0.0,1.7,7.0,35.2
20250506182700,32.176002502441406,64.0,0.0,0.5,6.1,25.7
20250506182800,32.176002502441406,64.0,0.0,0.2,7.2,35.5
20250506182900,32.176002502441406,64.0,0.0,0.5,6.5,38.4
20250506183000,32.176002502441406,64.0,0.0,0.2,7.0,35.9
20250506183100,32.176002502441406,64.0,0.0,1.3,7.1,34.4
20250506183200,32.176002502441406,64.0,0.0,0.2,6.3,31.6
20250506183300,32.176002502441406,64.0,0.0,0.9,7.4,19.2
20250506183400,32.176002502441406,64.0,0.0,0.9,7.2,27.4
20250506183500,32.176002502441406,64.0,0.0,0.1,6.4,26.8
20250506183600,32.176002502441406,64.0,0.0,0.2,6.5,24.7
20250506183700,32.176002502441406,64.0,0.0,0.0,6.8,18.7
20250506183800,32.176002502441406,64.0,0.0,0.0,6.0,34.4
20250506183900,32.176002502441406,64.0,0.0,0.1,6.7,39.6
20250506184000,32.176002502441406,64.0,0.0,1.0,7.1,39.2
20250506184100,32.176002502441406,64.0,0.0,0.1,7.2,38.4
20250506184200,32.176002502441406,64.0,0.0,1.7,7.0,21.8
20250506184300,32.176002502441406,64.0,0.0,0.7,6.6,33.0
20250506184400,32.176002502441406,64.0,0.0,0.4,7.2,29.2
20250506184500,32.176002502441406,64.0,0.0,0.3,7.1,21.8
20250506184600,32.176002502441406,64.0,0.0,0.3,6.3,37.9
20250506184700,32.176002502441406,64.0,0.0,1.0,6.7,21.6
20250506184800,32.176002502441406,64.0,0.0,0.1,6.9,34.4
20250506184900,32.176002502441406,64.0,0.0,0.2,6.9,36.2
20250506185000,32.176002502441406,64.0,0.0,1.1,6.8,16.8
20250506185100,32.176002502441406,64.0,0.0,1.3,6.4,22.3
20250506185200,32.176002502441406,64.0,0.0,1.6,7.3,19.6
20250506185300,32.176002502441406,64.0,0.0,1.7,6.4,17.5
20250506185400,32.176002502441406,64.0,0.0,0.8,7.3,34.0
20250506185500,32.176002502441406,64.0,0.0,1.7,7.4,17.8
20250506185600,32.176002502441406,64.0,0.0,0.3,7.2,21.6
20250506185700,32.176002502441406,64.0,0.0,0.6,6.5,29.3
20250506185800,32.176002502441406,64.0,0.0,0.3,7.2,30.3
20250506185900,32.176002502441406,64.0,0.0,0.0,7.0,22.7
20250506190000,30.97599983215332,70.0,0.0,1.1,7.4,15.7
20250506190100,30.97599983215332,70.0,0.0,0.1,6.8,22.1
20250506190200,30.97599983215332,70.0,0.0,1.0,6.3,30.7
20250506190300,30.97599983215332,70.0,0.0,1.8,6.6,35.4
20250506190400,30.97599983215332,70.0,0.0,1.8,6.5,20.4
20250506190500,30.97599983215332,70.0,0.0,0.2,6.4,25.0
20250506190600,30.97599983215332,70.0,0.0,0.0,6.5,22.7
20250506190700,30.97599983215332,70.0,0.0,0.3,7.1,38.0
20250506190800,30.97599983215332,70.0,0.0,1.6,6.6,17.2
20250506190900,30.97599983215332,70.0,0.0,1.6,7.5,29.5
20250506191000,30.97599983215332,70.0,0.0,1.3,7.1,38.4
20250506191100,30.97599983215332,70.0,0.0,1.0,7.4,16.4
20250506191200,30.97599983215332,70.0,0.0,1.2,6.4,26.6
20250506191300,30.97599983215332,70.0,0.0,0.0,6.1,38.8
20250506191400,30.97599983215332,70.0,0.0,0.8,6.3,22.4
20250506191500,30.97599983215332,70.0,0.0,1.7,6.8,31.0
20250506191600,30.97599983215332,70.0,0.0,0.9,7.3,18.8
20250506191700,30.97599983215332,70.0,0.0,1.9,7.1,21.3
20250506191800,30.97599983215332,70.0,0.0,1.8,6.4,22.6
20250506191900,30.97599983215332,70.0,0.0,0.8,6.1,22.8
20250506192000,30.97599983215332,70.0,0.0,2.0,7.0,37.6
20250506192100,30.97599983215332,70.0,0.0,1.0,6.8,36.8
20250506192200,30.97599983215332,70.0,0.0,1.0,7.4,27.6
20250506192300,30.97599983215332,70.0,0.0,1.1,6.9,15.3
20250506192400,30.97599983215332,70.0,0.0,0.6,7.2,26.8
20250506192500,30.97599983215332,70.0,0.0,0.9,6.2,26.0
20250506192600,30.97599983215332,70.0,0.0,1.3,6.5,18.0
20250506192700,30.97599983215332,70.0,0.0,1.2,7.4,25.9
20250506192800,30.97599983215332,70.0,0.0,1.2,7.1,38.9
20250506192900,30.97599983215332,70.0,0.0,0.5,6.4,32.5
20250506193000,30.97599983215332,70.0,0.0,0.6,6.7,15.2
20250506193100,30.97599983215332,70.0,0.0,2.0,6.9,28.0
20250506193200,30.97599983215332,70.0,0.0,0.1,6.6,16.3
20250506193300,30.97599983215332,70.0,0.0,0.5,6.7,17.7
20250506193400,30.97599983215332,70.0,0.0,0.0,6.4,36.4
20250506193500,30.97599983215332,70.0,0.0,0.7,6.1,32.7
20250506193600,30.97599983215332,70.0,0.0,1.2,7.0,15.7
20250506193700,30.97599983215332,70.0,0.0,0.4,7.3,23.4
20250506193800,30.97599983215332,70.0,0.0,1.8,6.3,39.5
20250506193900,30.97599983215332,70.0,0.0,0.4,6.2,36.8
20250506194000,30.97599983215332,70.0,0.0,1.0,7.4,34.0
20250506194100,30.97599983215332,70.0,0.0,1.4,6.4,21.5
20250506194200,30.97599983215332,70.0,0.0,1.3,7.2,31.8
20250506194300,30.97599983215332,70.0,0.0,1.3,7.5,15.6
20250506194400,30.97599983215332,70.0,0.0,0.2,6.7,21.9
20250506194500,30.97599983215332,70.0,0.0,1.8,7.0,21.2
20250506194600,30.97599983215332,70.0,0.0,0.2,6.2,35.6
20250506194700,30.97599983215332,70.0,0.0,1.7,6.6,15.7
20250506194800,30.97599983215332,70.0,0.0,1.3,6.7,24.7
20250506194900,30.97599983215332,70.0,0.0,0.7,7.0,31.5
20250506195000,30.97599983215332,70.0,0.0,0.1,7.2,31.2
20250506195100,30.97599983215332,70.0,0.0,0.7,6.5,29.8
20250506195200,30.97599983215332,70.0,0.0,1.6,6.4,30.4
20250506195300,30.97599983215332,70.0,0.0,0.4,6.3,30.2
20250506195400,30.97599983215332,70.0,0.0,0.1,6.6,35.3
20250506195500,30.97599983215332,70.0,0.0,1.1,7.2,16.0
20250506195600,30.97599983215332,70.0,0.0,1.2,6.2,31.5
20250506195700,30.97599983215332,70.0,0.0,2.0,6.4,35.6
20250506195800,30.97599983215332,70.0,0.0,1.2,6.1,18.9
20250506195900,30.97599983215332,70.0,0.0,0.0,7.0,29.9
20250506200000,30.125999450683594,75.0,0.0,1.7,6.2,20.9
20250506200100,30.125999450683594,75.0,0.0,1.5,6.2,19.8
20250506200200,30.125999450683594,75.0,0.0,0.2,7.3,29.3
20250506200300,30.125999450683594,75.0,0.0,0.8,6.8,19.8
20250506200400,30.125999450683594,75.0,0.0,0.8,6.4,19.9
20250506200500,30.125999450683594,75.0,0.0,1.1,6.3,39.6
20250506200600,30.125999450683594,75.0,0.0,0.5,7.0,28.3
20250506200700,30.125999450683594,75.0,0.0,0.4,6.8,37.9
20250506200800,30.125999450683594,75.0,0.0,1.7,6.2,18.0
20250506200900,30.125999450683594,75.0,0.0,1.4,6.4,34.3
20250506201000,30.125999450683594,75.0,0.0,0.8,6.3,26.4
20250506201100,30.125999450683594,75.0,0.0,0.2,6.2,35.9
20250506201200,30.125999450683594,75.0,0.0,1.4,7.1,32.7
20250506201300,30.125999450683594,75.0,0.0,1.9,6.2,26.6
20250506201400,30.125999450683594,75.0,0.0,0.5,7.2,16.1
20250506201500,30.125999450683594,75.0,0.0,0.0,6.0,26.7
20250506201600,30.125999450683594,75.0,0.0,1.9,6.6,19.1
20250506201700,30.125999450683594,75.0,0.0,1.5,6.7,19.2
20250506201800,30.125999450683594,75.0,0.0,0.5,7.5,17.2
20250506201900,30.125999450683594,75.0,0.0,1.0,6.6,39.0
20250506202000,30.125999450683594,75.0,0.0,1.6,6.4,32.7
20250506202100,30.125999450683594,75.0,0.0,1.0,6.7,15.6
20250506202200,30.125999450683594,75.0,0.0,0.4,6.3,25.4
20250506202300,30.125999450683594,75.0,0.0,0.3,7.4,19.5
20250506202400,30.125999450683594,75.0,0.0,0.5,6.2,19.7
20250506202500,30.125999450683594,75.0,0.0,1.0,6.9,20.4
20250506202600,30.125999450683594,75.0,0.0,1.8,6.3,39.4
20250506202700,30.125999450683594,75.0,0.0,0.6,6.9,28.7
20250506202800,30.125999450683594,75.0,0.0,1.1,6.6,24.1
20250506202900,30.125999450683594,75.0,0.0,0.4,6.1,24.5
20250506203000,30.125999450683594,75.0,0.0,1.5,6.7,17.6
20250506203100,30.125999450683594,75.0,0.0,1.4,6.3,29.6
20250506203200,30.125999450683594,75.0,0.0,0.9,7.0,26.8
20250506203300,30.125999450683594,75.0,0.0,1.5,6.4,29.3
20250506203400,30.125999450683594,75.0,0.0,0.6,6.9,24.2
20250506203500,30.125999450683594,75.0,0.0,1.6,6.6,22.3
20250506203600,30.125999450683594,75.0,0.0,0.9,6.2,35.3
20250506203700,30.125999450683594,75.0,0.0,1.0,6.8,32.9
20250506203800,30.125999450683594,75.0,0.0,0.5,6.7,35.5
20250506203900,30.125999450683594,75.0,0.0,1.7,6.3,19.5
20250506204000,30.125999450683594,75.0,0.0,0.5,6.2,23.9
20250506204100,30.125999450683594,75.0,0.0,0.1,6.9,17.0
20250506204200,30.125999450683594,75.0,0.0,2.0,6.3,39.6
20250506204300,30.125999450683594,75.0,0.0,0.6,7.1,19.4
20250506204400,30.125999450683594,75.0,0.0,1.2,6.4,18.4
20250506204500,30.125999450683594,75.0,0.0,0.5,6.4,27.3
20250506204600,30.125999450683594,75.0,0.0,0.2,6.4,21.5
20250506204700,30.125999450683594,75.0,0.0,0.2,7.5,28.7
20250506204800,30.125999450683594,75.0,0.0,1.2,7.0,28.8
20250506204900,30.125999450683594,75.0,0.0,0.1,6.8,22.5
20250506205000,30.125999450683594,75.0,0.0,1.6,6.1,34.6
20250506205100,30.125999450683594,75.0,0.0,1.6,6.7,19.1
20250506205200,30.125999450683594,75.0,0.0,0.4,6.5,29.0
20250506205300,30.125999450683594,75.0,0.0,1.2,7.4,29.6
20250506205400,30.125999450683594,75.0,0.0,0.4,7.2,38.2
20250506205500,30.125999450683594,75.0,0.0,0.8,6.3,32.2
20250506205600,30.125999450683594,75.0,0.0,0.5,6.0,17.2
20250506205700,30.125999450683594,75.0,0.0,0.7,7.2,27.5
20250506205800,30.125999450683594,75.0,0.0,1.8,6.3,38.1
20250506205900,30.125999450683594,75.0,0.0,1.2,6.4,19.8
20250506210000,29.42599868774414,80.0,0.0,2.0,6.2,28.7
20250506210100,29.42599868774414,80.0,0.0,0.5,6.3,27.4
20250506210200,29.42599868774414,80.0,0.0,0.2,7.0,22.8
20250506210300,29.42599868774414,80.0,0.0,1.5,6.7,38.2
20250506210400,29.42599868774414,80.0,0.0,1.4,6.9,19.7
20250506210500,29.42599868774414,80.0,0.0,1.1,7.4,35.5
20250506210600,29.42599868774414,80.0,0.0,1.9,7.0,34.6
20250506210700,29.42599868774414,80.0,0.0,1.4,6.7,36.4
20250506210800,29.42599868774414,80.0,0.0,1.0,6.1,25.8
20250506210900,29.42599868774414,80.0,0.0,0.0,7.3,27.7
20250506211000,29.42599868774414,80.0,0.0,0.4,7.3,33.3
20250506211100,29.42599868774414,80.0,0.0,0.2,6.7,21.2
20250506211200,29.42599868774414,80.0,0.0,1.7,6.2,35.0
20250506211300,29.42599868774414,80.0,0.0,1.4,7.3,18.4
20250506211400,29.42599868774414,80.0,0.0,0.8,6.3,23.7
20250506211500,29.42599868774414,80.0,0.0,1.8,6.3,37.1
20250506211600,29.42599868774414,80.0,0.0,1.0,6.7,30.8
20250506211700,29.42599868774414,80.0,0.0,1.8,6.2,17.9
20250506211800,29.42599868774414,80.0,0.0,0.2,7.0,39.5
20250506211900,29.42599868774414,80.0,0.0,0.5,6.5,27.5
20250506212000,29.42599868774414,80.0,0.0,0.4,6.4,21.8
20250506212100,29.42599868774414,80.0,0.0,1.3,6.1,16.2
20250506212200,29.42599868774414,80.0,0.0,1.8,6.6,21.1
20250506212300,29.42599868774414,80.0,0.0,0.2,7.2,28.0
20250506212400,29.42599868774414,80.0,0.0,1.3,6.8,24.1
20250506212500,29.42599868774414,80.0,0.0,1.3,6.3,20.3
20250506212600,29.42599868774414,80.0,0.0,0.9,7.1,32.4
20250506212700,29.42599868774414,80.0,0.0,0.5,6.3,38.6
20250506212800,29.42599868774414,80.0,0.0,0.7,7.4,34.4
20250506212900,29.42599868774414,80.0,0.0,0.6,7.1,35.8
20250506213000,29.42599868774414,80.0,0.0,1.2,6.6,18.4
20250506213100,29.42599868774414,80.0,0.0,0.4,6.7,23.6
20250506213200,29.42599868774414,80.0,0.0,1.3,6.7,39.8
20250506213300,29.42599868774414,80.0,0.0,1.6,7.2,32.4
20250506213400,29.42599868774414,80.0,0.0,0.7,7.2,27.2
20250506213500,29.42599868774414,80.0,0.0,0.5,6.9,27.9
20250506213600,29.42599868774414,80.0,0.0,1.0,6.8,33.4
20250506213700,29.42599868774414,80.0,0.0,1.9,6.7,29.6
20250506213800,29.42599868774414,80.0,0.0,2.0,6.4,30.0
20250506213900,29.42599868774414,80.0,0.0,1.1,7.3,20.0
20250506214000,29.42599868774414,80.0,0.0,0.7,7.4,25.2
20250506214100,29.42599868774414,80.0,0.0,0.1,7.0,19.5
20250506214200,29.42599868774414,80.0,0.0,0.0,7.3,21.2
20250506214300,29.42599868774414,80.0,0.0,0.8,7.3,24.4
20250506214400,29.42599868774414,80.0,0.0,0.5,7.5,33.6
20250506214500,29.42599868774414,80.0,0.0,0.7,6.4,34.0
20250506214600,29.42599868774414,80.0,0.0,1.9,7.0,17.0
20250506214700,29.42599868774414,80.0,0.0,0.2,6.1,27.0
20250506214800,29.42599868774414,80.0,0.0,0.5,6.9,33.1
20250506214900,29.42599868774414,80.0,0.0,1.5,6.3,39.9
20250506215000,29.42599868774414,80.0,0.0,0.9,7.1,21.2
20250506215100,29.42599868774414,80.0,0.0,0.4,6.7,35.8
20250506215200,29.42599868774414,80.0,0.0,0.5,6.5,25.7
20250506215300,29.42599868774414,80.0,0.0,1.6,6.2,28.5
20250506215400,29.42599868774414,80.0,0.0,0.1,7.2,39.3
20250506215500,29.42599868774414,80.0,0.0,0.2,7.3,18.9
20250506215600,29.42599868774414,80.0,0.0,1.0,6.7,31.6
20250506215700,29.42599868774414,80.0,0.0,1.1,6.2,25.3
20250506215800,29.42599868774414,80.0,0.0,0.3,6.3,38.4
20250506215900,29.42599868774414,80.0,0.0,2.0,6.8,30.0
20250506220000,28.825998306274414,84.0,0.0,0.8,6.3,25.3
20250506220100,28.825998306274414,84.0,0.0,1.5,6.1,34.3
20250506220200,28.825998306274414,84.0,0.0,2.0,6.7,37.7
20250506220300,28.825998306274414,84.0,0.0,1.5,6.7,34.3
20250506220400,28.825998306274414,84.0,0.0,2.0,6.7,39.6
20250506220500,28.825998306274414,84.0,0.0,1.9,7.2,23.2
20250506220600,28.825998306274414,84.0,0.0,0.2,7.3,29.2
20250506220700,28.825998306274414,84.0,0.0,0.6,6.4,30.7
20250506220800,28.825998306274414,84.0,0.0,1.8,6.5,23.7
20250506220900,28.825998306274414,84.0,0.0,1.2,6.6,34.5
20250506221000,28.825998306274414,84.0,0.0,1.2,6.5,25.6
20250506221100,28.825998306274414,84.0,0.0,0.3,6.1,37.1
20250506221200,28.825998306274414,84.0,0.0,1.9,6.4,26.5
20250506221300,28.825998306274414,84.0,0.0,0.2,6.1,19.8
20250506221400,28.825998306274414,84.0,0.0,1.5,6.7,17.8
20250506221500,28.825998306274414,84.0,0.0,1.3,7.1,32.7
20250506221600,28.825998306274414,84.0,0.0,1.6,6.8,22.8
20250506221700,28.825998306274414,84.0,0.0,0.6,7.4,16.9
20250506221800,28.825998306274414,84.0,0.0,0.2,7.4,18.0
20250506221900,28.825998306274414,84.0,0.0,1.3,7.3,27.8
20250506222000,28.825998306274414,84.0,0.0,2.0,6.2,28.4
20250506222100,28.825998306274414,84.0,0.0,1.1,6.9,21.6
20250506222200,28.825998306274414,84.0,0.0,0.4,7.4,16.8
20250506222300,28.825998306274414,84.0,0.0,0.9,6.9,22.1
20250506222400,28.825998306274414,84.0,0.0,2.0,6.2,20.4
20250506222500,28.825998306274414,84.0,0.0,1.5,7.1,29.8
20250506222600,28.825998306274414,84.0,0.0,0.4,6.8,37.7
20250506222700,28.825998306274414,84.0,0.0,1.4,6.6,18.7
20250506222800,28.825998306274414,84.0,0.0,1.6,6.9,35.2
20250506222900,28.825998306274414,84.0,0.0,1.3,7.4,38.4
20250506223000,28.825998306274414,84.0,0.0,1.6,6.4,18.3
20250506223100,28.825998306274414,84.0,0.0,0.0,6.7,30.1
20250506223200,28.825998306274414,84.0,0.0,0.5,6.3,32.5
20250506223300,28.825998306274414,84.0,0.0,0.4,6.8,19.3
20250506223400,28.825998306274414,84.0,0.0,1.1,6.3,33.8
20250506223500,28.825998306274414,84.0,0.0,0.9,7.3,24.0
20250506223600,28.825998306274414,84.0,0.0,1.8,7.1,39.2
20250506223700,28.825998306274414,84.0,0.0,1.3,6.8,22.4
20250506223800,28.825998306274414,84.0,0.0,0.7,6.4,23.9
20250506223900,28.825998306274414,84.0,0.0,0.5,7.0,15.2
20250506224000,28.825998306274414,84.0,0.0,0.9,6.4,32.6
20250506224100,28.825998306274414,84.0,0.0,1.0,6.6,22.0
20250506224200,28.825998306274414,84.0,0.0,0.5,6.9,16.8
20250506224300,28.825998306274414,84.0,0.0,0.0,6.5,33.8
20250506224400,28.825998306274414,84.0,0.0,0.4,6.9,27.2
20250506224500,28.825998306274414,84.0,0.0,0.6,6.4,19.1
20250506224600,28.825998306274414,84.0,0.0,0.8,6.7,28.3
20250506224700,28.825998306274414,84.0,0.0,0.5,6.6,35.7
20250506224800,28.825998306274414,84.0,0.0,0.1,6.8,36.6
20250506224900,28.825998306274414,84.0,0.0,0.5,7.3,32.5
20250506225000,28.825998306274414,84.0,0.0,1.6,6.3,28.8
20250506225100,28.825998306274414,84.0,0.0,0.4,7.1,36.8
20250506225200,28.825998306274414,84.0,0.0,1.0,6.6,23.5
20250506225300,28.825998306274414,84.0,0.0,0.4,6.6,30.1
20250506225400,28.825998306274414,84.0,0.0,0.7,6.8,16.2
20250506225500,28.825998306274414,84.0,0.0,0.5,7.5,15.2
20250506225600,28.825998306274414,84.0,0.0,1.8,6.8,31.3
20250506225700,28.825998306274414,84.0,0.0,0.4,7.2,31.1
20250506225800,28.825998306274414,84.0,0.0,1.9,6.8,39.8
20250506225900,28.825998306274414,84.0,0.0,0.4,6.6,16.4
20250506230000,28.42599868774414,86.0,0.0,0.4,7.3,21.0
20250506230100,28.42599868774414,86.0,0.0,1.3,6.8,32.6
20250506230200,28.42599868774414,86.0,0.0,2.0,7.4,27.6
20250506230300,28.42599868774414,86.0,0.0,1.3,7.2,39.9
20250506230400,28.42599868774414,86.0,0.0,2.0,6.5,28.2
20250506230500,28.42599868774414,86.0,0.0,0.5,6.5,38.3
20250506230600,28.42599868774414,86.0,0.0,1.0,6.5,37.3
20250506230700,28.42599868774414,86.0,0.0,1.8,7.1,29.3
20250506230800,28.42599868774414,86.0,0.0,1.1,7.3,37.1
20250506230900,28.42599868774414,86.0,0.0,1.2,6.2,34.3
20250506231000,28.42599868774414,86.0,0.0,0.9,6.2,26.9
20250506231100,28.42599868774414,86.0,0.0,1.9,6.5,33.8
20250506231200,28.42599868774414,86.0,0.0,0.9,6.4,29.9
20250506231300,28.42599868774414,86.0,0.0,0.7,6.9,34.2
20250506231400,28.42599868774414,86.0,0.0,0.2,7.1,26.9
20250506231500,28.42599868774414,86.0,0.0,0.8,6.3,31.5
20250506231600,28.42599868774414,86.0,0.0,1.5,7.4,39.3
20250506231700,28.42599868774414,86.0,0.0,0.2,7.2,30.0
20250506231800,28.42599868774414,86.0,0.0,1.6,6.4,33.9
20250506231900,28.42599868774414,86.0,0.0,1.9,6.1,26.1
20250506232000,28.42599868774414,86.0,0.0,1.5,6.1,22.0
20250506232100,28.42599868774414,86.0,0.0,0.9,7.4,35.1
20250506232200,28.42599868774414,86.0,0.0,0.5,6.4,19.7
20250506232300,28.42599868774414,86.0,0.0,1.5,6.2,22.1
20250506232400,28.42599868774414,86.0,0.0,1.2,6.9,29.4
20250506232500,28.42599868774414,86.0,0.0,0.3,6.1,16.4
20250506232600,28.42599868774414,86.0,0.0,0.5,7.2,16.1
20250506232700,28.42599868774414,86.0,0.0,2.0,6.5,27.0
20250506232800,28.42599868774414,86.0,0.0,0.5,6.8,28.7
20250506232900,28.42599868774414,86.0,0.0,2.0,7.2,30.2
20250506233000,28.42599868774414,86.0,0.0,1.6,7.5,30.2
20250506233100,28.42599868774414,86.0,0.0,1.2,6.7,18.2
20250506233200,28.42599868774414,86.0,0.0,1.9,7.1,27.5
20250506233300,28.42599868774414,86.0,0.0,1.7,7.2,27.6
20250506233400,28.42599868774414,86.0,0.0,0.3,6.2,29.4
20250506233500,28.42599868774414,86.0,0.0,0.4,7.2,37.7
20250506233600,28.42599868774414,86.0,0.0,1.4,6.8,33.7
20250506233700,28.42599868774414,86.0,0.0,0.6,6.3,16.5
20250506233800,28.42599868774414,86.0,0.0,0.6,6.7,34.9
20250506233900,28.42599868774414,86.0,0.0,0.5,7.1,34.9
20250506234000,28.42599868774414,86.0,0.0,0.9,7.5,35.2
20250506234100,28.42599868774414,86.0,0.0,0.5,6.3,18.9
20250506234200,28.42599868774414,86.0,0.0,0.5,6.0,39.9
20250506234300,28.42599868774414,86.0,0.0,1.7,6.8,35.8
20250506234400,28.42599868774414,86.0,0.0,1.0,7.5,38.1
20250506234500,28.42599868774414,86.0,0.0,1.5,7.5,27.5
20250506234600,28.42599868774414,86.0,0.0,1.2,7.1,37.7
20250506234700,28.42599868774414,86.0,0.0,0.1,7.3,28.4
20250506234800,28.42599868774414,86.0,0.0,0.9,6.6,20.4
20250506234900,28.42599868774414,86.0,0.0,0.9,6.6,29.8
20250506235000,28.42599868774414,86.0,0.0,0.9,7.3,19.7
20250506235100,28.42599868774414,86.0,0.0,1.7,7.2,21.0
20250506235200,28.42599868774414,86.0,0.0,1.4,6.1,16.5
20250506235300,28.42599868774414,86.0,0.0,1.5,7.0,28.0
20250506235400,28.42599868774414,86.0,0.0,0.6,6.0,21.8
20250506235500,28.42599868774414,86.0,0.0,0.6,6.4,38.3
20250506235600,28.42599868774414,86.0,0.0,1.8,7.2,39.5
20250506235700,28.42599868774414,86.0,0.0,1.3,6.5,34.3
20250506235800,28.42599868774414,86.0,0.0,0.4,7.4,37.3
20250506235900,28.42599868774414,86.0,0.0,0.6,7.0,25.6
20250507000000,28.125999450683594,87.0,0.0,0.9,6.2,32.5
20250507000100,28.125999450683594,87.0,0.0,0.6,7.2,20.0
20250507000200,28.125999450683594,87.0,0.0,0.8,7.4,25.6
20250507000300,28.125999450683594,87.0,0.0,0.3,6.9,22.0
20250507000400,28.125999450683594,87.0,0.0,0.6,6.6,15.6
20250507000500,28.125999450683594,87.0,0.0,0.5,7.3,36.0
20250507000600,28.125999450683594,87.0,0.0,0.2,6.5,30.9
20250507000700,28.125999450683594,87.0,0.0,0.8,7.3,27.1
20250507000800,28.125999450683594,87.0,0.0,0.5,7.5,38.4
20250507000900,28.125999450683594,87.0,0.0,1.4,7.2,30.4
20250507001000,28.125999450683594,87.0,0.0,0.1,6.1,23.7
20250507001100,28.125999450683594,87.0,0.0,0.1,7.3,18.0
20250507001200,28.125999450683594,87.0,0.0,0.3,7.4,20.4
20250507001300,28.125999450683594,87.0,0.0,1.5,7.1,24.7
20250507001400,28.125999450683594,87.0,0.0,1.3,7.1,28.5
20250507001500,28.125999450683594,87.0,0.0,0.4,6.2,18.0
20250507001600,28.125999450683594,87.0,0.0,0.4,7.2,18.8
20250507001700,28.125999450683594,87.0,0.0,0.4,6.1,29.5
20250507001800,28.125999450683594,87.0,0.0,0.5,7.0,15.8
20250507001900,28.125999450683594,87.0,0.0,1.2,7.2,35.2
20250507002000,28.125999450683594,87.0,0.0,1.0,6.7,20.8
20250507002100,28.125999450683594,87.0,0.0,0.1,6.6,16.8
20250507002200,28.125999450683594,87.0,0.0,0.2,6.2,37.5
20250507002300,28.125999450683594,87.0,0.0,1.4,7.0,16.1
20250507002400,28.125999450683594,87.0,0.0,0.3,6.9,19.6
20250507002500,28.125999450683594,87.0,0.0,1.2,6.6,37.3
20250507002600,28.125999450683594,87.0,0.0,1.8,7.0,34.3
20250507002700,28.125999450683594,87.0,0.0,1.4,6.1,34.2
20250507002800,28.125999450683594,87.0,0.0,0.9,7.2,33.5
20250507002900,28.125999450683594,87.0,0.0,1.2,7.0,34.8
20250507003000,28.125999450683594,87.0,0.0,1.3,7.4,26.6
20250507003100,28.125999450683594,87.0,0.0,1.7,6.7,25.1
20250507003200,28.125999450683594,87.0,0.0,0.3,6.2,26.5
20250507003300,28.125999450683594,87.0,0.0,1.2,7.3,27.1
20250507003400,28.125999450683594,87.0,0.0,1.0,6.4,23.0
20250507003500,28.125999450683594,87.0,0.0,0.2,6.3,22.4
20250507003600,28.125999450683594,87.0,0.0,0.2,6.9,19.8
20250507003700,28.125999450683594,87.0,0.0,0.5,7.3,24.7
20250507003800,28.125999450683594,87.0,0.0,0.8,7.0,37.1
20250507003900,28.125999450683594,87.0,0.0,1.4,6.0,35.8
20250507004000,28.125999450683594,87.0,0.0,0.7,6.6,26.6
20250507004100,28.125999450683594,87.0,0.0,1.1,6.3,15.5
20250507004200,28.125999450683594,87.0,0.0,1.9,7.2,35.5
20250507004300,28.125999450683594,87.0,0.0,0.1,7.0,19.1
20250507004400,28.125999450683594,87.0,0.0,0.6,6.8,28.1
20250507004500,28.125999450683594,87.0,0.0,1.4,7.4,27.4
20250507004600,28.125999450683594,87.0,0.0,0.7,6.3,34.0
20250507004700,28.125999450683594,87.0,0.0,1.3,7.2,39.2
20250507004800,28.125999450683594,87.0,0.0,0.7,7.2,28.8
20250507004900,28.125999450683594,87.0,0.0,0.6,6.3,17.6
20250507005000,28.125999450683594,87.0,0.0,1.4,6.3,37.5
20250507005100,28.125999450683594,87.0,0.0,1.1,7.4,38.8
20250507005200,28.125999450683594,87.0,0.0,1.8,7.3,36.4
20250507005300,28.125999450683594,87.0,0.0,0.1,6.4,30.2
20250507005400,28.125999450683594,87.0,0.0,1.6,7.0,38.3
20250507005500,28.125999450683594,87.0,0.0,1.2,6.5,34.2
20250507005600,28.125999450683594,87.0,0.0,1.2,7.0,24.5
20250507005700,28.125999450683594,87.0,0.0,0.0,6.6,23.0
20250507005800,28.125999450683594,87.0,0.0,1.6,6.8,31.5
20250507005900,28.125999450683594,87.0,0.0,0.1,6.9,19.0
20250507010000,27.875999450683594,88.0,0.0,1.6,6.3,23.8
20250507010100,27.875999450683594,88.0,0.0,1.9,6.6,37.9
20250507010200,27.875999450683594,88.0,0.0,0.8,6.4,18.2
20250507010300,27.875999450683594,88.0,0.0,1.3,7.2,24.4
20250507010400,27.875999450683594,88.0,0.0,1.5,6.9,29.6
20250507010500,27.875999450683594,88.0,0.0,0.2,7.2,39.3
20250507010600,27.875999450683594,88.0,0.0,1.1,7.5,36.4
20250507010700,27.875999450683594,88.0,0.0,0.8,6.4,23.5
20250507010800,27.875999450683594,88.0,0.0,0.8,6.6,38.4
20250507010900,27.875999450683594,88.0,0.0,1.8,7.5,37.1
20250507011000,27.875999450683594,88.0,0.0,0.5,6.2,30.7
20250507011100,27.875999450683594,88.0,0.0,1.0,7.0,20.5
20250507011200,27.875999450683594,88.0,0.0,0.1,7.4,32.7
20250507011300,27.875999450683594,88.0,0.0,0.3,6.2,16.6
20250507011400,27.875999450683594,88.0,0.0,2.0,7.2,21.7
20250507011500,27.875999450683594,88.0,0.0,0.2,7.3,30.0
20250507011600,27.875999450683594,88.0,0.0,1.3,7.3,21.9
20250507011700,27.875999450683594,88.0,0.0,1.2,7.2,18.3
20250507011800,27.875999450683594,88.0,0.0,0.6,6.1,28.4
20250507011900,27.875999450683594,88.0,0.0,1.1,6.7,24.3
20250507012000,27.875999450683594,88.0,0.0,1.5,6.1,33.3
20250507012100,27.875999450683594,88.0,0.0,0.4,6.3,38.4
20250507012200,27.875999450683594,88.0,0.0,1.6,6.1,30.3
20250507012300,27.875999450683594,88.0,0.0,0.2,6.2,24.7
20250507012400,27.875999450683594,88.0,0.0,1.4,7.3,28.3
20250507012500,27.875999450683594,88.0,0.0,1.6,6.5,38.2
20250507012600,27.875999450683594,88.0,0.0,0.3,7.2,15.8
20250507012700,27.875999450683594,88.0,0.0,1.1,7.0,35.3
20250507012800,27.875999450683594,88.0,0.0,0.7,6.7,35.1
20250507012900,27.875999450683594,88.0,0.0,1.2,6.8,26.5
20250507013000,27.875999450683594,88.0,0.0,1.4,7.5,37.8
20250507013100,27.875999450683594,88.0,0.0,1.0,6.8,16.7
20250507013200,27.875999450683594,88.0,0.0,0.6,6.5,27.5
20250507013300,27.875999450683594,88.0,0.0,1.1,6.6,22.8
20250507013400,27.875999450683594,88.0,0.0,0.1,6.9,29.3
20250507013500,27.875999450683594,88.0,0.0,0.8,7.3,17.3
20250507013600,27.875999450683594,88.0,0.0,0.4,6.9,19.6
20250507013700,27.875999450683594,88.0,0.0,2.0,7.4,31.4
20250507013800,27.875999450683594,88.0,0.0,1.7,6.8,36.7
20250507013900,27.875999450683594,88.0,0.0,1.4,6.5,29.1
20250507014000,27.875999450683594,88.0,0.0,1.3,7.5,25.5
20250507014100,27.875999450683594,88.0,0.0,0.6,6.8,20.5
20250507014200,27.875999450683594,88.0,0.0,0.5,6.1,15.8
20250507014300,27.875999450683594,88.0,0.0,2.0,6.6,20.5
20250507014400,27.875999450683594,88.0,0.0,1.6,7.2,15.7
20250507014500,27.875999450683594,88.0,0.0,1.1,6.6,37.6
20250507014600,27.875999450683594,88.0,0.0,1.9,6.9,31.0
20250507014700,27.875999450683594,88.0,0.0,1.8,6.7,15.0
20250507014800,27.875999450683594,88.0,0.0,0.9,6.6,23.7
20250507014900,27.875999450683594,88.0,0.0,0.8,6.7,15.8
20250507015000,27.875999450683594,88.0,0.0,0.8,6.1,30.3
20250507015100,27.875999450683594,88.0,0.0,0.8,7.1,30.3
20250507015200,27.875999450683594,88.0,0.0,1.4,7.1,35.1
20250507015300,27.875999450683594,88.0,0.0,1.5,7.4,26.4
20250507015400,27.875999450683594,88.0,0.0,0.8,7.0,28.0
20250507015500,27.875999450683594,88.0,0.0,0.1,7.2,28.9
20250507015600,27.875999450683594,88.0,0.0,1.3,7.5,15.5
20250507015700,27.875999450683594,88.0,0.0,1.0,7.5,16.9
20250507015800,27.875999450683594,88.0,0.0,1.8,6.2,23.7
20250507015900,27.875999450683594,88.0,0.0,1.3,6.6,15.1
20250507020000,27.575998306274414,89.0,0.0,0.8,7.3,18.5
20250507020100,27.575998306274414,89.0,0.0,1.2,6.6,35.1
20250507020200,27.575998306274414,89.0,0.0,1.2,7.1,34.8
20250507020300,27.575998306274414,89.0,0.0,0.1,7.3,15.7
20250507020400,27.575998306274414,89.0,0.0,0.8,6.3,28.9
20250507020500,27.575998306274414,89.0,0.0,0.1,6.5,28.0
20250507020600,27.575998306274414,89.0,0.0,0.3,7.0,18.1
20250507020700,27.575998306274414,89.0,0.0,0.1,6.0,20.6
20250507020800,27.575998306274414,89.0,0.0,0.0,7.1,24.6
20250507020900,27.575998306274414,89.0,0.0,1.9,6.3,15.5
20250507021000,27.575998306274414,89.0,0.0,0.0,6.8,39.5
20250507021100,27.575998306274414,89.0,0.0,1.2,6.5,28.4
20250507021200,27.575998306274414,89.0,0.0,1.8,6.7,28.5
20250507021300,27.575998306274414,89.0,0.0,1.4,6.2,25.1
20250507021400,27.575998306274414,89.0,0.0,1.8,7.0,24.6
20250507021500,27.575998306274414,89.0,0.0,1.4,6.3,30.9
20250507021600,27.575998306274414,89.0,0.0,1.2,7.4,17.3
20250507021700,27.575998306274414,89.0,0.0,0.4,7.4,35.2
20250507021800,27.575998306274414,89.0,0.0,1.4,6.3,16.4
20250507021900,27.575998306274414,89.0,0.0,0.9,6.3,21.8
20250507022000,27.575998306274414,89.0,0.0,1.0,6.6,15.2
20250507022100,27.575998306274414,89.0,0.0,1.1,7.1,26.7
20250507022200,27.575998306274414,89.0,0.0,1.4,6.1,19.1
20250507022300,27.575998306274414,89.0,0.0,0.7,6.2,22.9
20250507022400,27.575998306274414,89.0,0.0,1.8,6.9,18.9
20250507022500,27.575998306274414,89.0,0.0,0.5,6.8,35.4
20250507022600,27.575998306274414,89.0,0.0,1.6,6.6,28.8
20250507022700,27.575998306274414,89.0,0.0,0.7,6.9,31.9
20250507022800,27.575998306274414,89.0,0.0,0.1,6.5,20.1
20250507022900,27.575998306274414,89.0,0.0,1.7,7.5,33.9
20250507023000,27.575998306274414,89.0,0.0,1.9,6.2,29.0
20250507023100,27.575998306274414,89.0,0.0,0.1,6.5,33.7
20250507023200,27.575998306274414,89.0,0.0,1.0,7.3,17.6
20250507023300,27.575998306274414,89.0,0.0,1.8,7.5,17.9
20250507023400,27.575998306274414,89.0,0.0,0.9,6.2,35.7
20250507023500,27.575998306274414,89.0,0.0,0.3,7.1,33.0
20250507023600,27.575998306274414,89.0,0.0,0.4,6.3,30.8
20250507023700,27.575998306274414,89.0,0.0,0.3,6.3,17.5
20250507023800,27.575998306274414,89.0,0.0,1.9,6.0,39.6
20250507023900,27.575998306274414,89.0,0.0,0.6,7.2,27.4
20250507024000,27.575998306274414,89.0,0.0,1.9,6.1,37.7
20250507024100,27.575998306274414,89.0,0.0,1.4,6.1,16.2
20250507024200,27.575998306274414,89.0,0.0,0.4,6.5,38.5
20250507024300,27.575998306274414,89.0,0.0,0.2,6.2,21.7
20250507024400,27.575998306274414,89.0,0.0,1.2,6.7,28.1
20250507024500,27.575998306274414,89.0,0.0,1.5,6.8,31.5
20250507024600,27.575998306274414,89.0,0.0,1.6,7.1,26.6
20250507024700,27.575998306274414,89.0,0.0,0.2,6.5,19.5
20250507024800,27.575998306274414,89.0,0.0,1.1,7.4,30.2
20250507024900,27.575998306274414,89.0,0.0,0.6,6.2,38.3
20250507025000,27.575998306274414,89.0,0.0,0.3,7.0,29.2
20250507025100,27.575998306274414,89.0,0.0,0.5,6.6,28.7
20250507025200,27.575998306274414,89.0,0.0,0.7,6.1,35.9
20250507025300,27.575998306274414,89.0,0.0,0.9,7.2,37.5
20250507025400,27.575998306274414,89.0,0.0,0.0,7.1,33.4
20250507025500,27.575998306274414,89.0,0.0,0.4,7.3,37.0
20250507025600,27.575998306274414,89.0,0.0,0.5,6.9,21.8
20250507025700,27.575998306274414,89.0,0.0,1.5,6.6,37.8
20250507025800,27.575998306274414,89.0,0.0,0.4,6.3,19.0
20250507025900,27.575998306274414,89.0,0.0,1.0,6.9,31.5
20250507030000,27.325998306274414,90.0,0.0,1.0,7.5,19.4
20250507030100,27.325998306274414,90.0,0.0,1.3,6.4,21.1
20250507030200,27.325998306274414,90.0,0.0,1.2,6.5,18.4
20250507030300,27.325998306274414,90.0,0.0,0.4,6.7,18.9
20250507030400,27.325998306274414,90.0,0.0,0.4,6.8,30.5
20250507030500,27.325998306274414,90.0,0.0,0.5,6.8,25.6
20250507030600,27.325998306274414,90.0,0.0,0.2,6.4,34.2
20250507030700,27.325998306274414,90.0,0.0,1.2,6.1,26.9
20250507030800,27.325998306274414,90.0,0.0,0.2,6.6,18.9
20250507030900,27.325998306274414,90.0,0.0,1.9,7.3,17.1
20250507031000,27.325998306274414,90.0,0.0,1.1,6.5,21.5
20250507031100,27.325998306274414,90.0,0.0,1.1,7.5,36.9
20250507031200,27.325998306274414,90.0,0.0,1.4,7.2,28.2
20250507031300,27.325998306274414,90.0,0.0,1.8,6.6,39.9
20250507031400,27.325998306274414,90.0,0.0,0.2,7.1,22.6
20250507031500,27.325998306274414,90.0,0.0,0.8,7.3,31.2
20250507031600,27.325998306274414,90.0,0.0,1.4,7.1,26.6
20250507031700,27.325998306274414,90.0,0.0,0.9,6.6,37.2
20250507031800,27.325998306274414,90.0,0.0,0.9,7.3,17.8
20250507031900,27.325998306274414,90.0,0.0,0.7,6.4,22.5
20250507032000,27.325998306274414,90.0,0.0,1.2,6.5,25.3
20250507032100,27.325998306274414,90.0,0.0,1.1,6.4,30.7
20250507032200,27.325998306274414,90.0,0.0,1.0,6.8,15.6
20250507032300,27.325998306274414,90.0,0.0,1.2,6.1,22.1
20250507032400,27.325998306274414,90.0,0.0,0.0,6.4,16.2
20250507032500,27.325998306274414,90.0,0.0,1.2,7.3,20.0
20250507032600,27.325998306274414,90.0,0.0,0.0,6.4,27.1
20250507032700,27.325998306274414,90.0,0.0,1.6,6.9,28.9
20250507032800,27.325998306274414,90.0,0.0,0.4,6.8,35.8
20250507032900,27.325998306274414,90.0,0.0,0.5,6.9,26.0
20250507033000,27.325998306274414,90.0,0.0,0.4,6.4,31.2
20250507033100,27.325998306274414,90.0,0.0,0.6,7.1,27.7
20250507033200,27.325998306274414,90.0,0.0,1.4,6.5,35.0
20250507033300,27.325998306274414,90.0,0.0,0.5,6.6,22.7
20250507033400,27.325998306274414,90.0,0.0,0.2,6.8,31.5
20250507033500,27.325998306274414,90.0,0.0,1.4,6.6,34.2
20250507033600,27.325998306274414,90.0,0.0,1.1,7.4,15.5
20250507033700,27.325998306274414,90.0,0.0,0.0,6.1,24.5
20250507033800,27.325998306274414,90.0,0.0,1.8,6.4,25.2
20250507033900,27.325998306274414,90.0,0.0,0.6,6.0,17.8
20250507034000,27.325998306274414,90.0,0.0,0.6,7.3,27.0
20250507034100,27.325998306274414,90.0,0.0,1.9,7.4,20.6
20250507034200,27.325998306274414,90.0,0.0,0.8,7.2,26.8
20250507034300,27.325998306274414,90.0,0.0,0.5,6.8,28.3
20250507034400,27.325998306274414,90.0,0.0,0.1,6.4,38.1
20250507034500,27.325998306274414,90.0,0.0,0.2,6.5,39.1
20250507034600,27.325998306274414,90.0,0.0,1.2,6.8,36.0
20250507034700,27.325998306274414,90.0,0.0,0.4,7.2,21.3
20250507034800,27.325998306274414,90.0,0.0,0.0,6.7,37.0
20250507034900,27.325998306274414,90.0,0.0,1.2,7.1,35.9
20250507035000,27.325998306274414,90.0,0.0,0.1,6.7,36.2
20250507035100,27.325998306274414,90.0,0.0,1.2,6.9,15.9
20250507035200,27.325998306274414,90.0,0.0,0.8,7.1,22.0
20250507035300,27.325998306274414,90.0,0.0,0.4,6.4,39.4
20250507035400,27.325998306274414,90.0,0.0,1.6,6.9,34.3
20250507035500,27.325998306274414,90.0,0.0,1.9,7.1,34.0
20250507035600,27.325998306274414,90.0,0.0,0.9,7.1,24.6
20250507035700,27.325998306274414,90.0,0.0,1.1,7.0,18.5
20250507035800,27.325998306274414,90.0,0.0,0.8,6.3,21.7
20250507035900,27.325998306274414,90.0,0.0,2.0,6.4,20.4
20250507040000,27.17599868774414,91.0,0.0,0.2,7.1,20.9
20250507040100,27.17599868774414,91.0,0.0,0.6,6.0,27.6
20250507040200,27.17599868774414,91.0,0.0,1.9,6.2,31.4
20250507040300,27.17599868774414,91.0,0.0,1.9,7.1,33.7
20250507040400,27.17599868774414,91.0,0.0,1.7,6.1,27.5
20250507040500,27.17599868774414,91.0,0.0,0.0,7.4,37.0
20250507040600,27.17599868774414,91.0,0.0,0.1,6.8,36.2
20250507040700,27.17599868774414,91.0,0.0,0.4,7.3,25.9
20250507040800,27.17599868774414,91.0,0.0,0.8,6.3,17.9
20250507040900,27.17599868774414,91.0,0.0,1.5,6.0,16.7
20250507041000,27.17599868774414,91.0,0.0,1.6,7.1,19.0
20250507041100,27.17599868774414,91.0,0.0,0.1,7.2,19.1
20250507041200,27.17599868774414,91.0,0.0,1.4,7.3,31.9
20250507041300,27.17599868774414,91.0,0.0,1.9,7.4,26.3
20250507041400,27.17599868774414,91.0,0.0,0.3,6.4,36.0
20250507041500,27.17599868774414,91.0,0.0,0.5,7.4,21.4
20250507041600,27.17599868774414,91.0,0.0,1.3,7.0,25.5
20250507041700,27.17599868774414,91.0,0.0,0.0,6.8,15.0
20250507041800,27.17599868774414,91.0,0.0,0.5,6.7,16.7
20250507041900,27.17599868774414,91.0,0.0,1.8,7.3,17.1
20250507042000,27.17599868774414,91.0,0.0,0.7,6.7,39.0
20250507042100,27.17599868774414,91.0,0.0,0.5,7.0,33.2
20250507042200,27.17599868774414,91.0,0.0,1.0,7.5,37.9
20250507042300,27.17599868774414,91.0,0.0,0.7,7.1,32.5
20250507042400,27.17599868774414,91.0,0.0,0.3,7.2,35.9
20250507042500,27.17599868774414,91.0,0.0,1.0,7.4,30.3
20250507042600,27.17599868774414,91.0,0.0,0.9,6.6,32.3
20250507042700,27.17599868774414,91.0,0.0,0.5,6.3,27.7
20250507042800,27.17599868774414,91.0,0.0,1.3,6.9,30.7
20250507042900,27.17599868774414,91.0,0.0,0.0,7.3,22.6
20250507043000,27.17599868774414,91.0,0.0,0.7,7.1,39.6
20250507043100,27.17599868774414,91.0,0.0,0.4,7.5,36.2
20250507043200,27.17599868774414,91.0,0.0,1.6,6.5,20.2
20250507043300,27.17599868774414,91.0,0.0,0.2,6.8,31.5
20250507043400,27.17599868774414,91.0,0.0,0.2,6.1,26.8
20250507043500,27.17599868774414,91.0,0.0,1.1,7.2,32.0
20250507043600,27.17599868774414,91.0,0.0,0.0,7.1,34.2
20250507043700,27.17599868774414,91.0,0.0,1.8,7.5,17.2
20250507043800,27.17599868774414,91.0,0.0,2.0,6.4,39.8
20250507043900,27.17599868774414,91.0,0.0,1.6,7.1,28.5
20250507044000,27.17599868774414,91.0,0.0,0.4,6.1,39.5
20250507044100,27.17599868774414,91.0,0.0,0.2,6.4,28.6
20250507044200,27.17599868774414,91.0,0.0,1.1,6.9,16.4
20250507044300,27.17599868774414,91.0,0.0,0.0,6.5,27.5
20250507044400,27.17599868774414,91.0,0.0,0.5,6.9,22.9
20250507044500,27.17599868774414,91.0,0.0,1.8,7.0,39.1
20250507044600,27.17599868774414,91.0,0.0,0.0,6.8,17.4
20250507044700,27.17599868774414,91.0,0.0,1.8,6.7,26.0
20250507044800,27.17599868774414,91.0,0.0,0.9,6.0,37.3
20250507044900,27.17599868774414,91.0,0.0,0.5,7.0,21.3
20250507045000,27.17599868774414,91.0,0.0,0.4,6.6,31.6
20250507045100,27.17599868774414,91.0,0.0,0.2,6.2,30.4
20250507045200,27.17599868774414,91.0,0.0,1.4,7.0,26.5
20250507045300,27.17599868774414,91.0,0.0,1.6,6.3,24.7
20250507045400,27.17599868774414,91.0,0.0,1.3,7.1,22.1
20250507045500,27.17599868774414,91.0,0.0,0.4,7.0,16.1
20250507045600,27.17599868774414,91.0,0.0,1.2,6.9,30.0
20250507045700,27.17599868774414,91.0,0.0,0.9,7.3,36.4
20250507045800,27.17599868774414,91.0,0.0,2.0,7.1,28.3
20250507045900,27.17599868774414,91.0,0.0,1.3,7.5,28.7
20250507050000,27.075998306274414,91.0,0.0,0.5,6.9,16.3
20250507050100,27.075998306274414,91.0,0.0,0.0,6.2,23.2
20250507050200,27.075998306274414,91.0,0.0,0.4,7.2,28.4
20250507050300,27.075998306274414,91.0,0.0,0.8,6.0,40.0
20250507050400,27.075998306274414,91.0,0.0,0.7,7.4,20.7
20250507050500,27.075998306274414,91.0,0.0,1.3,7.1,30.8
20250507050600,27.075998306274414,91.0,0.0,1.6,6.6,24.3
20250507050700,27.075998306274414,91.0,0.0,0.6,6.8,15.8
20250507050800,27.075998306274414,91.0,0.0,0.2,7.4,35.2
20250507050900,27.075998306274414,91.0,0.0,1.3,6.0,16.3
20250507051000,27.075998306274414,91.0,0.0,0.4,6.3,25.7
20250507051100,27.075998306274414,91.0,0.0,0.2,7.4,17.2
20250507051200,27.075998306274414,91.0,0.0,1.4,6.2,18.6
20250507051300,27.075998306274414,91.0,0.0,1.8,6.8,37.4
20250507051400,27.075998306274414,91.0,0.0,2.0,7.0,22.1
20250507051500,27.075998306274414,91.0,0.0,1.7,7.5,38.4
20250507051600,27.075998306274414,91.0,0.0,0.6,6.7,34.1
20250507051700,27.075998306274414,91.0,0.0,1.5,7.4,23.9
20250507051800,27.075998306274414,91.0,0.0,1.5,6.1,15.8
20250507051900,27.075998306274414,91.0,0.0,1.1,7.1,30.3
20250507052000,27.075998306274414,91.0,0.0,1.3,6.2,23.7
20250507052100,27.075998306274414,91.0,0.0,1.5,6.8,15.1
20250507052200,27.075998306274414,91.0,0.0,1.2,6.4,17.9
20250507052300,27.075998306274414,91.0,0.0,1.6,6.0,22.2
20250507052400,27.075998306274414,91.0,0.0,2.0,6.6,15.7
20250507052500,27.075998306274414,91.0,0.0,0.7,6.4,37.3
20250507052600,27.075998306274414,91.0,0.0,1.9,7.4,35.4
20250507052700,27.075998306274414,91.0,0.0,1.4,6.9,25.1
20250507052800,27.075998306274414,91.0,0.0,1.3,6.5,34.3
20250507052900,27.075998306274414,91.0,0.0,1.0,6.8,30.8
20250507053000,27.075998306274414,91.0,0.0,1.0,6.8,35.9
20250507053100,27.075998306274414,91.0,0.0,0.4,7.4,39.8
20250507053200,27.075998306274414,91.0,0.0,0.1,7.3,16.7
20250507053300,27.075998306274414,91.0,0.0,0.3,6.5,34.0
20250507053400,27.075998306274414,91.0,0.0,1.0,6.0,29.6
20250507053500,27.075998306274414,91.0,0.0,0.7,7.3,37.5
20250507053600,27.075998306274414,91.0,0.0,0.0,6.7,15.4
20250507053700,27.075998306274414,91.0,0.0,0.5,7.5,26.9
20250507053800,27.075998306274414,91.0,0.0,0.6,7.2,20.4
20250507053900,27.075998306274414,91.0,0.0,0.4,7.1,21.6
20250507054000,27.075998306274414,91.0,0.0,1.9,6.9,32.7
20250507054100,27.075998306274414,91.0,0.0,1.5,6.9,20.6
20250507054200,27.075998306274414,91.0,0.0,2.0,7.2,22.1
20250507054300,27.075998306274414,91.0,0.0,1.9,6.3,21.5
20250507054400,27.075998306274414,91.0,0.0,1.5,6.6,25.9
20250507054500,27.075998306274414,91.0,0.0,0.9,6.3,39.3
20250507054600,27.075998306274414,91.0,0.0,1.3,7.2,29.6
20250507054700,27.075998306274414,91.0,0.0,1.7,7.4,28.4
20250507054800,27.075998306274414,91.0,0.0,0.6,6.0,29.4
20250507054900,27.075998306274414,91.0,0.0,0.6,6.4,35.2
20250507055000,27.075998306274414,91.0,0.0,0.5,6.7,19.3
20250507055100,27.075998306274414,91.0,0.0,1.4,7.4,24.0
20250507055200,27.075998306274414,91.0,0.0,0.5,7.0,22.1
20250507055300,27.075998306274414,91.0,0.0,1.0,7.2,22.2
20250507055400,27.075998306274414,91.0,0.0,0.7,6.5,35.1
20250507055500,27.075998306274414,91.0,0.0,1.2,6.7,39.7
20250507055600,27.075998306274414,91.0,0.0,1.6,7.1,31.8
20250507055700,27.075998306274414,91.0,0.0,1.2,6.6,25.0
20250507055800,27.075998306274414,91.0,0.0,1.4,6.1,37.4
20250507055900,27.075998306274414,91.0,0.0,1.2,7.2,23.1
20250507060000,27.025999069213867,91.0,0.0,0.1,6.5,35.5
20250507060100,27.025999069213867,91.0,0.0,0.5,6.7,24.0
20250507060200,27.025999069213867,91.0,0.0,1.9,7.0,20.5
20250507060300,27.025999069213867,91.0,0.0,0.3,6.1,18.0
20250507060400,27.025999069213867,91.0,0.0,0.5,7.1,20.9
20250507060500,27.025999069213867,91.0,0.0,0.1,6.8,36.9
20250507060600,27.025999069213867,91.0,0.0,1.3,7.5,37.4
20250507060700,27.025999069213867,91.0,0.0,0.9,6.4,36.0
20250507060800,27.025999069213867,91.0,0.0,1.9,6.8,27.7
20250507060900,27.025999069213867,91.0,0.0,0.5,6.8,24.7
20250507061000,27.025999069213867,91.0,0.0,0.1,6.1,37.2
20250507061100,27.025999069213867,91.0,0.0,0.1,6.6,34.1
20250507061200,27.025999069213867,91.0,0.0,1.3,6.4,26.7
20250507061300,27.025999069213867,91.0,0.0,0.9,7.0,36.7
20250507061400,27.025999069213867,91.0,0.0,1.2,7.0,21.1
20250507061500,27.025999069213867,91.0,0.0,1.6,7.1,27.8
20250507061600,27.025999069213867,91.0,0.0,1.9,6.0,31.5
20250507061700,27.025999069213867,91.0,0.0,1.7,7.0,35.3
20250507061800,27.025999069213867,91.0,0.0,0.3,6.9,27.6
20250507061900,27.025999069213867,91.0,0.0,1.9,7.0,25.9
20250507062000,27.025999069213867,91.0,0.0,0.9,6.8,39.8
20250507062100,27.025999069213867,91.0,0.0,1.1,7.1,36.7
20250507062200,27.025999069213867,91.0,0.0,0.5,6.2,34.9
20250507062300,27.025999069213867,91.0,0.0,1.1,7.1,23.5
20250507062400,27.025999069213867,91.0,0.0,1.3,7.0,38.3
20250507062500,27.025999069213867,91.0,0.0,1.1,6.3,16.7
20250507062600,27.025999069213867,91.0,0.0,1.9,6.3,28.4
20250507062700,27.025999069213867,91.0,0.0,1.3,6.8,24.6
20250507062800,27.025999069213867,91.0,0.0,0.9,6.5,24.1
20250507062900,27.025999069213867,91.0,0.0,1.5,6.7,39.7
20250507063000,27.025999069213867,91.0,0.0,0.5,6.3,17.5
20250507063100,27.025999069213867,91.0,0.0,0.9,7.1,27.0
20250507063200,27.025999069213867,91.0,0.0,0.2,6.6,38.6
20250507063300,27.025999069213867,91.0,0.0,1.0,6.6,32.3
20250507063400,27.025999069213867,91.0,0.0,1.2,6.9,23.8
20250507063500,27.025999069213867,91.0,0.0,1.8,6.6,32.5
20250507063600,27.025999069213867,91.0,0.0,1.7,7.5,18.6
20250507063700,27.025999069213867,91.0,0.0,0.8,7.0,22.3
20250507063800,27.025999069213867,91.0,0.0,1.4,7.2,30.6
20250507063900,27.025999069213867,91.0,0.0,1.1,7.0,33.9
20250507064000,27.025999069213867,91.0,0.0,0.9,6.5,30.3
20250507064100,27.025999069213867,91.0,0.0,0.6,7.4,32.1
20250507064200,27.025999069213867,91.0,0.0,0.3,6.8,32.5
20250507064300,27.025999069213867,91.0,0.0,0.3,6.7,36.3
20250507064400,27.025999069213867,91.0,0.0,0.5,6.5,30.1
20250507064500,27.025999069213867,91.0,0.0,0.6,7.0,26.3
20250507064600,27.025999069213867,91.0,0.0,1.9,6.2,33.7
20250507064700,27.025999069213867,91.0,0.0,0.4,6.4,36.7
20250507064800,27.025999069213867,91.0,0.0,0.5,6.9,20.5
20250507064900,27.025999069213867,91.0,0.0,0.9,7.2,37.5
20250507065000,27.025999069213867,91.0,0.0,0.7,6.4,18.2
20250507065100,27.025999069213867,91.0,0.0,1.7,6.4,27.9
20250507065200,27.025999069213867,91.0,0.0,0.6,6.9,19.7
20250507065300,27.025999069213867,91.0,0.0,1.7,7.1,38.6
20250507065400,27.025999069213867,91.0,0.0,0.7,6.3,39.6
20250507065500,27.025999069213867,91.0,0.0,1.9,7.2,27.8
20250507065600,27.025999069213867,91.0,0.0,0.7,6.8,38.2
20250507065700,27.025999069213867,91.0,0.0,1.4,7.0,28.1
20250507065800,27.025999069213867,91.0,0.0,1.8,6.3,34.8
20250507065900,27.025999069213867,91.0,0.0,0.3,6.8,32.5
20250507070000,27.375999450683594,89.0,0.0,1.6,7.3,35.0
20250507070100,27.375999450683594,89.0,0.0,0.3,7.3,27.2
20250507070200,27.375999450683594,89.0,0.0,1.7,6.4,20.0
20250507070300,27.375999450683594,89.0,0.0,1.6,6.1,25.2
20250507070400,27.375999450683594,89.0,0.0,1.1,6.1,37.1
20250507070500,27.375999450683594,89.0,0.0,1.6,6.2,22.7
20250507070600,27.375999450683594,89.0,0.0,0.1,6.5,21.9
20250507070700,27.375999450683594,89.0,0.0,1.3,6.9,26.6
20250507070800,27.375999450683594,89.0,0.0,1.8,7.1,28.2
20250507070900,27.375999450683594,89.0,0.0,1.0,6.7,36.6
20250507071000,27.375999450683594,89.0,0.0,1.7,7.3,32.6
20250507071100,27.375999450683594,89.0,0.0,1.8,7.0,31.1
20250507071200,27.375999450683594,89.0,0.0,1.2,6.0,34.0
20250507071300,27.375999450683594,89.0,0.0,2.0,6.7,24.8
20250507071400,27.375999450683594,89.0,0.0,1.4,7.1,38.6
20250507071500,27.375999450683594,89.0,0.0,0.2,7.1,22.3
20250507071600,27.375999450683594,89.0,0.0,1.0,7.4,22.3
20250507071700,27.375999450683594,89.0,0.0,1.6,6.9,31.4
20250507071800,27.375999450683594,89.0,0.0,0.4,7.3,22.0
20250507071900,27.375999450683594,89.0,0.0,1.1,6.4,16.0
20250507072000,27.375999450683594,89.0,0.0,1.0,7.5,37.7
20250507072100,27.375999450683594,89.0,0.0,0.3,6.4,23.8
20250507072200,27.375999450683594,89.0,0.0,0.7,6.2,39.4
20250507072300,27.375999450683594,89.0,0.0,0.7,7.1,30.3
20250507072400,27.375999450683594,89.0,0.0,1.9,6.8,37.7
20250507072500,27.375999450683594,89.0,0.0,1.3,7.1,17.4
20250507072600,27.375999450683594,89.0,0.0,0.9,7.1,27.2
20250507072700,27.375999450683594,89.0,0.0,1.9,7.5,37.4
20250507072800,27.375999450683594,89.0,0.0,2.0,6.2,24.7
20250507072900,27.375999450683594,89.0,0.0,0.3,6.5,37.5
20250507073000,27.375999450683594,89.0,0.0,0.3,6.7,18.2
20250507073100,27.375999450683594,89.0,0.0,0.3,7.3,37.8
20250507073200,27.375999450683594,89.0,0.0,0.7,6.7,18.4
20250507073300,27.375999450683594,89.0,0.0,2.0,7.2,23.6
20250507073400,27.375999450683594,89.0,0.0,0.1,6.1,30.8
20250507073500,27.375999450683594,89.0,0.0,1.0,6.8,18.6
20250507073600,27.375999450683594,89.0,0.0,0.9,7.4,38.4
20250507073700,27.375999450683594,89.0,0.0,0.5,6.4,33.8
20250507073800,27.375999450683594,89.0,0.0,0.6,6.5,23.1
20250507073900,27.375999450683594,89.0,0.0,0.8,6.1,33.8
20250507074000,27.375999450683594,89.0,0.0,1.1,6.4,38.1
20250507074100,27.375999450683594,89.0,0.0,1.6,7.3,32.8
20250507074200,27.375999450683594,89.0,0.0,0.6,6.7,31.0
20250507074300,27.375999450683594,89.0,0.0,0.4,7.4,18.3
20250507074400,27.375999450683594,89.0,0.0,1.6,7.4,16.7
20250507074500,27.375999450683594,89.0,0.0,1.0,6.3,33.0
20250507074600,27.375999450683594,89.0,0.0,0.7,7.0,16.4
20250507074700,27.375999450683594,89.0,0.0,0.1,6.8,23.6
20250507074800,27.375999450683594,89.0,0.0,1.8,6.5,23.9
20250507074900,27.375999450683594,89.0,0.0,2.0,7.0,16.2
20250507075000,27.375999450683594,89.0,0.0,1.5,6.1,24.8
20250507075100,27.375999450683594,89.0,0.0,1.8,7.1,36.1
20250507075200,27.375999450683594,89.0,0.0,1.9,7.3,30.9
20250507075300,27.375999450683594,89.0,0.0,0.4,6.7,34.1
20250507075400,27.375999450683594,89.0,0.0,1.1,7.4,24.7
20250507075500,27.375999450683594,89.0,0.0,1.8,6.7,31.9
20250507075600,27.375999450683594,89.0,0.0,0.2,6.4,29.8
20250507075700,27.375999450683594,89.0,0.0,1.9,6.3,38.0
20250507075800,27.375999450683594,89.0,0.0,0.5,7.3,39.2
20250507075900,27.375999450683594,89.0,0.0,0.8,6.8,18.0
20250507080000,28.275999069213867,85.0,0.0,1.0,6.3,29.7
20250507080100,28.275999069213867,85.0,0.0,1.7,7.0,29.3
20250507080200,28.275999069213867,85.0,0.0,1.4,7.1,23.5
20250507080300,28.275999069213867,85.0,0.0,0.1,6.4,21.6
20250507080400,28.275999069213867,85.0,0.0,0.4,7.4,17.1
20250507080500,28.275999069213867,85.0,0.0,2.0,7.2,30.4
20250507080600,28.275999069213867,85.0,0.0,1.8,7.4,15.8
20250507080700,28.275999069213867,85.0,0.0,0.7,6.3,22.9
20250507080800,28.275999069213867,85.0,0.0,0.9,6.9,34.5
20250507080900,28.275999069213867,85.0,0.0,0.5,6.3,30.1
20250507081000,28.275999069213867,85.0,0.0,1.9,6.0,23.9
20250507081100,28.275999069213867,85.0,0.0,0.4,6.7,23.4
20250507081200,28.275999069213867,85.0,0.0,0.4,6.8,23.2
20250507081300,28.275999069213867,85.0,0.0,0.8,6.0,24.1
20250507081400,28.275999069213867,85.0,0.0,0.2,7.1,20.8
20250507081500,28.275999069213867,85.0,0.0,1.6,7.0,32.0
20250507081600,28.275999069213867,85.0,0.0,1.5,7.2,30.7
20250507081700,28.275999069213867,85.0,0.0,0.8,7.3,38.4
20250507081800,28.275999069213867,85.0,0.0,0.6,6.2,20.0
20250507081900,28.275999069213867,85.0,0.0,1.5,7.0,20.9
20250507082000,28.275999069213867,85.0,0.0,1.3,6.4,29.5
20250507082100,28.275999069213867,85.0,0.0,1.1,6.6,23.2
20250507082200,28.275999069213867,85.0,0.0,1.5,6.1,36.2
20250507082300,28.275999069213867,85.0,0.0,1.6,7.4,31.6
20250507082400,28.275999069213867,85.0,0.0,1.1,6.3,34.2
20250507082500,28.275999069213867,85.0,0.0,0.1,6.1,39.1
20250507082600,28.275999069213867,85.0,0.0,1.3,7.4,31.8
20250507082700,28.275999069213867,85.0,0.0,0.5,6.5,21.2
20250507082800,28.275999069213867,85.0,0.0,1.5,6.0,32.7
20250507082900,28.275999069213867,85.0,0.0,1.3,6.6,28.9
20250507083000,28.275999069213867,85.0,0.0,1.4,7.2,33.6
20250507083100,28.275999069213867,85.0,0.0,0.0,6.9,18.6
20250507083200,28.275999069213867,85.0,0.0,0.9,6.6,27.0
20250507083300,28.275999069213867,85.0,0.0,1.5,7.1,18.7
20250507083400,28.275999069213867,85.0,0.0,1.9,6.7,32.4
20250507083500,28.275999069213867,85.0,0.0,0.2,6.3,22.5
20250507083600,28.275999069213867,85.0,0.0,0.6,6.9,29.9
20250507083700,28.275999069213867,85.0,0.0,1.1,6.9,37.6
20250507083800,28.275999069213867,85.0,0.0,0.3,7.2,39.8
20250507083900,28.275999069213867,85.0,0.0,1.8,7.3,21.2
20250507084000,28.275999069213867,85.0,0.0,1.6,6.4,36.1
20250507084100,28.275999069213867,85.0,0.0,0.8,6.2,24.3
20250507084200,28.275999069213867,85.0,0.0,1.4,6.6,36.1
20250507084300,28.275999069213867,85.0,0.0,1.8,7.5,36.6
20250507084400,28.275999069213867,85.0,0.0,1.3,6.4,18.2
20250507084500,28.275999069213867,85.0,0.0,0.1,6.8,33.2
20250507084600,28.275999069213867,85.0,0.0,0.3,6.4,26.7
20250507084700,28.275999069213867,85.0,0.0,1.4,6.3,17.9
20250507084800,28.275999069213867,85.0,0.0,1.0,7.1,15.1
20250507084900,28.275999069213867,85.0,0.0,1.5,7.1,31.5
20250507085000,28.275999069213867,85.0,0.0,1.1,6.0,22.7
20250507085100,28.275999069213867,85.0,0.0,0.9,7.3,36.6
20250507085200,28.275999069213867,85.0,0.0,0.1,6.7,19.7
20250507085300,28.275999069213867,85.0,0.0,0.5,6.5,15.3
20250507085400,28.275999069213867,85.0,0.0,0.9,6.7,21.9
20250507085500,28.275999069213867,85.0,0.0,0.6,6.3,22.3
20250507085600,28.275999069213867,85.0,0.0,0.5,6.8,22.6
20250507085700,28.275999069213867,85.0,0.0,1.3,6.6,29.1
20250507085800,28.275999069213867,85.0,0.0,1.0,6.8,18.0
20250507085900,28.275999069213867,85.0,0.0,1.1,6.7,30.0
20250507090000,29.525999069213867,79.0,0.0,1.5,6.1,35.9
20250507090100,29.525999069213867,79.0,0.0,0.3,6.5,21.9
20250507090200,29.525999069213867,79.0,0.0,0.0,6.9,20.2
20250507090300,29.525999069213867,79.0,0.0,0.1,7.3,20.5
20250507090400,29.525999069213867,79.0,0.0,0.2,7.4,36.2
20250507090500,29.525999069213867,79.0,0.0,0.9,7.2,34.5
20250507090600,29.525999069213867,79.0,0.0,0.4,7.4,28.3
20250507090700,29.525999069213867,79.0,0.0,1.0,6.8,26.7
20250507090800,29.525999069213867,79.0,0.0,1.5,6.3,32.0
20250507090900,29.525999069213867,79.0,0.0,1.1,7.2,22.1
20250507091000,29.525999069213867,79.0,0.0,1.8,6.1,31.2
20250507091100,29.525999069213867,79.0,0.0,2.0,6.2,33.2
20250507091200,29.525999069213867,79.0,0.0,0.9,7.0,27.4
20250507091300,29.525999069213867,79.0,0.0,0.6,7.0,24.4
20250507091400,29.525999069213867,79.0,0.0,0.4,7.1,24.4
20250507091500,29.525999069213867,79.0,0.0,0.9,6.2,16.0
20250507091600,29.525999069213867,79.0,0.0,0.2,7.0,33.9
20250507091700,29.525999069213867,79.0,0.0,0.9,6.7,35.4
20250507091800,29.525999069213867,79.0,0.0,1.7,7.4,32.6
20250507091900,29.525999069213867,79.0,0.0,0.4,6.9,36.0
20250507092000,29.525999069213867,79.0,0.0,1.9,7.2,34.7
20250507092100,29.525999069213867,79.0,0.0,0.4,7.1,27.5
20250507092200,29.525999069213867,79.0,0.0,1.4,6.0,32.2
20250507092300,29.525999069213867,79.0,0.0,0.7,6.7,20.3
20250507092400,29.525999069213867,79.0,0.0,0.9,6.1,38.6
20250507092500,29.525999069213867,79.0,0.0,0.5,6.5,30.9
20250507092600,29.525999069213867,79.0,0.0,0.5,6.9,30.0
20250507092700,29.525999069213867,79.0,0.0,1.5,7.1,28.0
20250507092800,29.525999069213867,79.0,0.0,0.3,6.3,15.8
20250507092900,29.525999069213867,79.0,0.0,0.7,6.7,32.5
20250507093000,29.525999069213867,79.0,0.0,1.0,6.2,33.8
20250507093100,29.525999069213867,79.0,0.0,1.6,6.6,27.7
20250507093200,29.525999069213867,79.0,0.0,0.4,6.8,36.8
20250507093300,29.525999069213867,79.0,0.0,1.2,7.1,23.0
20250507093400,29.525999069213867,79.0,0.0,1.5,7.5,23.5
20250507093500,29.525999069213867,79.0,0.0,0.8,7.3,34.4
20250507093600,29.525999069213867,79.0,0.0,0.8,7.0,30.8
20250507093700,29.525999069213867,79.0,0.0,1.6,6.2,24.2
20250507093800,29.525999069213867,79.0,0.0,1.4,6.2,30.0
20250507093900,29.525999069213867,79.0,0.0,1.9,7.3,18.8
20250507094000,29.525999069213867,79.0,0.0,0.8,6.7,15.3
20250507094100,29.525999069213867,79.0,0.0,0.0,6.6,24.3
20250507094200,29.525999069213867,79.0,0.0,1.5,7.2,35.9
20250507094300,29.525999069213867,79.0,0.0,0.3,6.5,19.4
20250507094400,29.525999069213867,79.0,0.0,0.6,6.1,16.8
20250507094500,29.525999069213867,79.0,0.0,0.6,6.1,16.1
20250507094600,29.525999069213867,79.0,0.0,1.0,7.0,17.1
20250507094700,29.525999069213867,79.0,0.0,1.3,7.3,22.6
20250507094800,29.525999069213867,79.0,0.0,0.1,6.0,18.8
20250507094900,29.525999069213867,79.0,0.0,0.5,6.9,16.7
20250507095000,29.525999069213867,79.0,0.0,2.0,6.9,17.2
20250507095100,29.525999069213867,79.0,0.0,1.4,7.1,26.5
20250507095200,29.525999069213867,79.0,0.0,1.5,7.3,30.8
20250507095300,29.525999069213867,79.0,0.0,1.4,6.6,34.5
20250507095400,29.525999069213867,79.0,0.0,0.7,6.7,20.4
20250507095500,29.525999069213867,79.0,0.0,1.0,7.5,27.2
20250507095600,29.525999069213867,79.0,0.0,0.4,7.4,37.4
20250507095700,29.525999069213867,79.0,0.0,0.5,7.4,31.4
20250507095800,29.525999069213867,79.0,0.0,1.5,6.4,25.0
20250507095900,29.525999069213867,79.0,0.0,1.0,6.3,39.0
20250507100000,30.72599983215332,74.0,0.0,0.2,7.3,24.1
20250507100100,30.72599983215332,74.0,0.0,1.6,6.4,22.5
20250507100200,30.72599983215332,74.0,0.0,1.6,7.2,37.7
20250507100300,30.72599983215332,74.0,0.0,1.1,6.1,23.9
20250507100400,30.72599983215332,74.0,0.0,0.9,6.3,35.9
20250507100500,30.72599983215332,74.0,0.0,1.6,6.6,29.0
20250507100600,30.72599983215332,74.0,0.0,1.8,6.9,30.1
20250507100700,30.72599983215332,74.0,0.0,0.6,7.2,29.1
20250507100800,30.72599983215332,74.0,0.0,1.3,7.4,27.4
20250507100900,30.72599983215332,74.0,0.0,0.6,7.2,22.8
20250507101000,30.72599983215332,74.0,0.0,1.3,6.3,17.3
20250507101100,30.72599983215332,74.0,0.0,0.6,6.5,21.8
20250507101200,30.72599983215332,74.0,0.0,0.1,6.4,38.2
20250507101300,30.72599983215332,74.0,0.0,1.6,7.2,27.3
20250507101400,30.72599983215332,74.0,0.0,1.0,6.4,37.5
20250507101500,30.72599983215332,74.0,0.0,0.5,6.2,15.1
20250507101600,30.72599983215332,74.0,0.0,0.6,6.3,27.7
20250507101700,30.72599983215332,74.0,0.0,1.8,7.0,16.4
20250507101800,30.72599983215332,74.0,0.0,1.8,6.7,28.1
20250507101900,30.72599983215332,74.0,0.0,1.6,6.2,29.4
20250507102000,30.72599983215332,74.0,0.0,0.7,6.8,25.7
20250507102100,30.72599983215332,74.0,0.0,0.9,6.7,22.7
20250507102200,30.72599983215332,74.0,0.0,0.4,7.3,40.0
20250507102300,30.72599983215332,74.0,0.0,0.9,7.2,15.1
20250507102400,30.72599983215332,74.0,0.0,1.2,7.1,37.8
20250507102500,30.72599983215332,74.0,0.0,2.0,7.0,21.7
20250507102600,30.72599983215332,74.0,0.0,1.1,7.0,16.1
20250507102700,30.72599983215332,74.0,0.0,1.2,6.2,37.9
20250507102800,30.72599983215332,74.0,0.0,0.2,7.2,34.4
20250507102900,30.72599983215332,74.0,0.0,1.0,7.4,33.6
20250507103000,30.72599983215332,74.0,0.0,1.6,6.9,18.1
20250507103100,30.72599983215332,74.0,0.0,2.0,6.4,32.2
20250507103200,30.72599983215332,74.0,0.0,0.3,7.2,22.3
20250507103300,30.72599983215332,74.0,0.0,1.9,6.2,22.0
20250507103400,30.72599983215332,74.0,0.0,1.4,6.1,31.2
20250507103500,30.72599983215332,74.0,0.0,1.4,6.8,24.5
20250507103600,30.72599983215332,74.0,0.0,0.1,7.4,21.4
20250507103700,30.72599983215332,74.0,0.0,0.2,7.2,18.2
20250507103800,30.72599983215332,74.0,0.0,2.0,6.5,15.2
20250507103900,30.72599983215332,74.0,0.0,2.0,7.1,30.9
20250507104000,30.72599983215332,74.0,0.0,1.0,7.0,31.2
20250507104100,30.72599983215332,74.0,0.0,0.4,7.3,31.4
20250507104200,30.72599983215332,74.0,0.0,1.3,6.5,32.7
20250507104300,30.72599983215332,74.0,0.0,1.1,7.0,18.2
20250507104400,30.72599983215332,74.0,0.0,1.4,6.5,16.1
20250507104500,30.72599983215332,74.0,0.0,1.7,7.4,38.3
20250507104600,30.72599983215332,74.0,0.0,0.8,7.1,27.4
20250507104700,30.72599983215332,74.0,0.0,1.7,6.0,29.2
20250507104800,30.72599983215332,74.0,0.0,0.7,6.8,25.8
20250507104900,30.72599983215332,74.0,0.0,2.0,6.8,34.8
20250507105000,30.72599983215332,74.0,0.0,1.2,6.8,32.0
20250507105100,30.72599983215332,74.0,0.0,1.2,6.3,30.1
20250507105200,30.72599983215332,74.0,0.0,1.4,6.3,15.4
20250507105300,30.72599983215332,74.0,0.0,1.9,6.6,20.8
20250507105400,30.72599983215332,74.0,0.0,0.2,6.5,17.3
20250507105500,30.72599983215332,74.0,0.0,1.1,7.3,27.9
20250507105600,30.72599983215332,74.0,0.0,0.1,6.4,18.2
20250507105700,30.72599983215332,74.0,0.0,1.3,6.8,38.3
20250507105800,30.72599983215332,74.0,0.0,1.2,6.6,28.0
20250507105900,30.72599983215332,74.0,0.0,1.6,7.2,32.4
20250507110000,31.875999450683594,69.0,0.0,1.2,6.1,17.6
20250507110100,31.875999450683594,69.0,0.0,0.7,7.3,17.4
20250507110200,31.875999450683594,69.0,0.0,0.2,6.5,25.5
20250507110300,31.875999450683594,69.0,0.0,1.0,6.3,36.7
20250507110400,31.875999450683594,69.0,0.0,0.4,6.2,33.6
20250507110500,31.875999450683594,69.0,0.0,1.8,6.5,24.9
20250507110600,31.875999450683594,69.0,0.0,1.5,7.5,22.3
20250507110700,31.875999450683594,69.0,0.0,1.1,6.4,22.4
20250507110800,31.875999450683594,69.0,0.0,1.3,6.8,22.2
20250507110900,31.875999450683594,69.0,0.0,0.6,7.3,30.5
20250507111000,31.875999450683594,69.0,0.0,0.2,6.1,16.6
20250507111100,31.875999450683594,69.0,0.0,0.5,6.4,37.6
20250507111200,31.875999450683594,69.0,0.0,0.1,6.2,18.3
20250507111300,31.875999450683594,69.0,0.0,1.4,6.9,30.5
20250507111400,31.875999450683594,69.0,0.0,1.5,7.2,28.3
20250507111500,31.875999450683594,69.0,0.0,0.9,6.5,36.9
20250507111600,31.875999450683594,69.0,0.0,0.9,7.3,35.4
20250507111700,31.875999450683594,69.0,0.0,1.0,6.1,20.2
20250507111800,31.875999450683594,69.0,0.0,0.3,6.5,15.3
20250507111900,31.875999450683594,69.0,0.0,0.0,7.4,16.2
20250507112000,31.875999450683594,69.0,0.0,1.3,6.3,31.2
20250507112100,31.875999450683594,69.0,0.0,1.4,7.2,19.8
20250507112200,31.875999450683594,69.0,0.0,0.5,7.2,38.5
20250507112300,31.875999450683594,69.0,0.0,1.4,7.2,34.8
20250507112400,31.875999450683594,69.0,0.0,0.3,7.2,21.6
20250507112500,31.875999450683594,69.0,0.0,0.9,7.0,16.3
20250507112600,31.875999450683594,69.0,0.0,1.8,7.1,34.4
20250507112700,31.875999450683594,69.0,0.0,0.1,6.1,39.1
20250507112800,31.875999450683594,69.0,0.0,0.4,6.6,20.2
20250507112900,31.875999450683594,69.0,0.0,0.9,6.2,25.6
20250507113000,31.875999450683594,69.0,0.0,1.7,6.4,19.9
20250507113100,31.875999450683594,69.0,0.0,1.9,6.6,35.9
20250507113200,31.875999450683594,69.0,0.0,1.1,6.1,24.7
20250507113300,31.875999450683594,69.0,0.0,0.1,6.8,25.4
20250507113400,31.875999450683594,69.0,0.0,0.3,7.0,21.0
20250507113500,31.875999450683594,69.0,0.0,0.2,6.2,26.0
20250507113600,31.875999450683594,69.0,0.0,1.0,6.8,29.2
20250507113700,31.875999450683594,69.0,0.0,1.6,6.6,27.4
20250507113800,31.875999450683594,69.0,0.0,0.2,7.3,23.7
20250507113900,31.875999450683594,69.0,0.0,1.1,6.2,16.8
20250507114000,31.875999450683594,69.0,0.0,0.4,6.3,17.5
20250507114100,31.875999450683594,69.0,0.0,1.0,6.5,31.3
20250507114200,31.875999450683594,69.0,0.0,1.9,6.6,15.2
20250507114300,31.875999450683594,69.0,0.0,1.5,7.4,17.0
20250507114400,31.875999450683594,69.0,0.0,1.3,7.0,22.2
20250507114500,31.875999450683594,69.0,0.0,1.0,7.4,35.0
20250507114600,31.875999450683594,69.0,0.0,1.9,6.3,23.3
20250507114700,31.875999450683594,69.0,0.0,1.2,6.9,33.2
20250507114800,31.875999450683594,69.0,0.0,1.7,6.0,38.3
20250507114900,31.875999450683594,69.0,0.0,0.6,6.1,26.6
20250507115000,31.875999450683594,69.0,0.0,1.4,6.8,15.9
20250507115100,31.875999450683594,69.0,0.0,0.7,7.3,38.1
20250507115200,31.875999450683594,69.0,0.0,1.0,7.5,18.7
20250507115300,31.875999450683594,69.0,0.0,0.6,6.6,32.1
20250507115400,31.875999450683594,69.0,0.0,0.6,6.9,17.5
20250507115500,31.875999450683594,69.0,0.0,1.3,7.2,25.1
20250507115600,31.875999450683594,69.0,0.0,1.5,6.0,35.5
20250507115700,31.875999450683594,69.0,0.0,0.1,7.4,36.5
20250507115800,31.875999450683594,69.0,0.0,0.3,6.3,29.4
20250507115900,31.875999450683594,69.0,0.0,0.7,6.1,29.5
20250507120000,32.97600173950195,64.0,0.0,1.6,6.9,36.9
20250507120100,32.97600173950195,64.0,0.0,1.2,6.2,26.5
20250507120200,32.97600173950195,64.0,0.0,0.5,6.8,32.0
20250507120300,32.97600173950195,64.0,0.0,1.8,6.2,21.3
20250507120400,32.97600173950195,64.0,0.0,0.1,6.1,16.1
20250507120500,32.97600173950195,64.0,0.0,2.0,7.3,36.1
20250507120600,32.97600173950195,64.0,0.0,1.9,6.7,21.5
20250507120700,32.97600173950195,64.0,0.0,0.9,6.6,18.5
20250507120800,32.97600173950195,64.0,0.0,1.1,6.3,34.4
20250507120900,32.97600173950195,64.0,0.0,1.2,7.0,28.2
20250507121000,32.97600173950195,64.0,0.0,0.4,6.2,35.1
20250507121100,32.97600173950195,64.0,0.0,0.1,6.8,22.1
20250507121200,32.97600173950195,64.0,0.0,1.9,7.4,25.5
20250507121300,32.97600173950195,64.0,0.0,0.7,6.4,26.9
20250507121400,32.97600173950195,64.0,0.0,1.2,6.4,25.0
20250507121500,32.97600173950195,64.0,0.0,0.3,6.7,31.8
20250507121600,32.97600173950195,64.0,0.0,0.4,6.4,31.3
20250507121700,32.97600173950195,64.0,0.0,1.9,7.2,30.8
20250507121800,32.97600173950195,64.0,0.0,0.8,6.4,37.3
20250507121900,32.97600173950195,64.0,0.0,1.8,6.5,33.0
20250507122000,32.97600173950195,64.0,0.0,1.5,7.3,22.1
20250507122100,32.97600173950195,64.0,0.0,0.2,6.3,32.5
20250507122200,32.97600173950195,64.0,0.0,0.7,7.2,25.9
20250507122300,32.97600173950195,64.0,0.0,1.3,7.1,29.4
20250507122400,32.97600173950195,64.0,0.0,0.9,7.4,35.9
20250507122500,32.97600173950195,64.0,0.0,1.7,6.3,25.2
20250507122600,32.97600173950195,64.0,0.0,0.9,7.2,33.5
20250507122700,32.97600173950195,64.0,0.0,0.2,6.9,28.4
20250507122800,32.97600173950195,64.0,0.0,0.3,6.2,32.5
20250507122900,32.97600173950195,64.0,0.0,1.2,6.6,21.0
20250507123000,32.97600173950195,64.0,0.0,0.5,6.9,23.9
20250507123100,32.97600173950195,64.0,0.0,0.9,7.5,37.8
20250507123200,32.97600173950195,64.0,0.0,0.0,6.0,31.2
20250507123300,32.97600173950195,64.0,0.0,1.1,6.8,34.5
20250507123400,32.97600173950195,64.0,0.0,0.2,6.6,16.2
20250507123500,32.97600173950195,64.0,0.0,0.7,7.5,26.1
20250507123600,32.97600173950195,64.0,0.0,1.5,7.1,33.8
20250507123700,32.97600173950195,64.0,0.0,0.5,6.7,22.1
20250507123800,32.97600173950195,64.0,0.0,0.5,7.3,33.2
20250507123900,32.97600173950195,64.0,0.0,1.4,7.2,21.8
20250507124000,32.97600173950195,64.0,0.0,0.7,6.4,17.3
20250507124100,32.97600173950195,64.0,0.0,0.9,7.5,18.1
20250507124200,32.97600173950195,64.0,0.0,0.1,7.2,16.6
20250507124300,32.97600173950195,64.0,0.0,0.4,6.6,18.4
20250507124400,32.97600173950195,64.0,0.0,0.9,6.9,15.2
20250507124500,32.97600173950195,64.0,0.0,0.0,7.2,28.6
20250507124600,32.97600173950195,64.0,0.0,1.5,6.3,36.5
20250507124700,32.97600173950195,64.0,0.0,1.2,7.1,27.2
20250507124800,32.97600173950195,64.0,0.0,1.8,6.1,15.7
20250507124900,32.97600173950195,64.0,0.0,0.2,7.5,17.6
20250507125000,32.97600173950195,64.0,0.0,0.6,7.3,25.7
20250507125100,32.97600173950195,64.0,0.0,0.6,6.4,34.4
20250507125200,32.97600173950195,64.0,0.0,1.0,6.3,37.6
20250507125300,32.97600173950195,64.0,0.0,1.3,6.1,35.7
20250507125400,32.97600173950195,64.0,0.0,0.9,6.8,19.3
20250507125500,32.97600173950195,64.0,0.0,0.9,6.2,16.6
20250507125600,32.97600173950195,64.0,0.0,0.4,6.1,21.8
20250507125700,32.97600173950195,64.0,0.0,1.3,7.3,28.2
20250507125800,32.97600173950195,64.0,0.0,0.5,7.3,15.6
20250507125900,32.97600173950195,64.0,0.0,0.2,6.1,25.3
20250507130000,33.7760009765625,60.0,0.0,1.3,7.5,39.9
20250507130100,33.7760009765625,60.0,0.0,0.8,7.3,36.9
20250507130200,33.7760009765625,60.0,0.0,0.9,7.1,15.5
20250507130300,33.7760009765625,60.0,0.0,1.2,7.2,22.0
20250507130400,33.7760009765625,60.0,0.0,1.7,6.5,37.0
20250507130500,33.7760009765625,60.0,0.0,0.8,7.3,39.2
20250507130600,33.7760009765625,60.0,0.0,0.6,6.2,29.2
20250507130700,33.7760009765625,60.0,0.0,0.4,7.0,26.4
20250507130800,33.7760009765625,60.0,0.0,1.8,7.4,22.0
20250507130900,33.7760009765625,60.0,0.0,0.7,6.5,24.3
20250507131000,33.7760009765625,60.0,0.0,1.0,6.0,28.4
20250507131100,33.7760009765625,60.0,0.0,0.2,7.2,16.0
20250507131200,33.7760009765625,60.0,0.0,1.4,6.6,27.0
20250507131300,33.7760009765625,60.0,0.0,1.6,6.1,20.4
20250507131400,33.7760009765625,60.0,0.0,0.7,7.4,19.3
20250507131500,33.7760009765625,60.0,0.0,1.9,7.4,26.1
20250507131600,33.7760009765625,60.0,0.0,0.1,6.1,18.1
20250507131700,33.7760009765625,60.0,0.0,1.2,6.9,17.8
20250507131800,33.7760009765625,60.0,0.0,0.9,7.2,17.1
20250507131900,33.7760009765625,60.0,0.0,1.6,7.3,20.1
20250507132000,33.7760009765625,60.0,0.0,1.0,7.0,16.8
20250507132100,33.7760009765625,60.0,0.0,1.1,7.5,26.2
20250507132200,33.7760009765625,60.0,0.0,0.4,6.2,24.5
20250507132300,33.7760009765625,60.0,0.0,1.4,6.9,20.5
20250507132400,33.7760009765625,60.0,0.0,1.1,7.3,20.6
20250507132500,33.7760009765625,60.0,0.0,1.7,6.3,18.2
20250507132600,33.7760009765625,60.0,0.0,0.5,6.1,25.1
20250507132700,33.7760009765625,60.0,0.0,0.4,7.4,24.6
20250507132800,33.7760009765625,60.0,0.0,0.2,7.0,19.8
20250507132900,33.7760009765625,60.0,0.0,0.3,7.4,24.7
20250507133000,33.7760009765625,60.0,0.0,1.1,7.5,20.1
20250507133100,33.7760009765625,60.0,0.0,1.7,7.4,27.3
20250507133200,33.7760009765625,60.0,0.0,1.4,6.1,35.5
20250507133300,33.7760009765625,60.0,0.0,0.9,6.3,16.5
20250507133400,33.7760009765625,60.0,0.0,0.8,7.4,19.4
20250507133500,33.7760009765625,60.0,0.0,1.7,7.2,28.4
20250507133600,33.7760009765625,60.0,0.0,1.0,7.3,36.1
20250507133700,33.7760009765625,60.0,0.0,0.8,6.9,17.2
20250507133800,33.7760009765625,60.0,0.0,0.6,6.3,26.3
20250507133900,33.7760009765625,60.0,0.0,0.8,7.0,37.4
20250507134000,33.7760009765625,60.0,0.0,1.5,6.5,35.6
20250507134100,33.7760009765625,60.0,0.0,1.6,6.8,27.7
20250507134200,33.7760009765625,60.0,0.0,1.8,7.3,23.6
20250507134300,33.7760009765625,60.0,0.0,1.8,7.0,34.4
20250507134400,33.7760009765625,60.0,0.0,0.8,7.1,25.1
20250507134500,33.7760009765625,60.0,0.0,1.2,6.6,21.8
20250507134600,33.7760009765625,60.0,0.0,0.4,6.3,30.1
20250507134700,33.7760009765625,60.0,0.0,1.4,7.2,25.8
20250507134800,33.7760009765625,60.0,0.0,0.9,7.3,21.3
20250507134900,33.7760009765625,60.0,0.0,1.9,6.5,28.7
20250507135000,33.7760009765625,60.0,0.0,1.6,7.2,21.0
20250507135100,33.7760009765625,60.0,0.0,1.3,7.1,32.6
20250507135200,33.7760009765625,60.0,0.0,1.2,7.4,30.6
20250507135300,33.7760009765625,60.0,0.0,0.1,6.2,29.3
20250507135400,33.7760009765625,60.0,0.0,1.4,6.2,27.0
20250507135500,33.7760009765625,60.0,0.0,1.5,6.1,31.2
20250507135600,33.7760009765625,60.0,0.0,1.0,6.8,17.9
20250507135700,33.7760009765625,60.0,0.0,1.7,6.6,18.0
20250507135800,33.7760009765625,60.0,0.0,0.1,6.7,36.5
20250507135900,33.7760009765625,60.0,0.0,1.9,6.1,25.1
20250507140000,34.32600021362305,57.0,0.0,1.2,6.3,28.3
20250507140100,34.32600021362305,57.0,0.0,0.7,6.3,19.3
20250507140200,34.32600021362305,57.0,0.0,0.5,7.1,24.8
20250507140300,34.32600021362305,57.0,0.0,0.9,6.6,29.5
20250507140400,34.32600021362305,57.0,0.0,1.7,6.5,23.5
20250507140500,34.32600021362305,57.0,0.0,1.7,6.4,39.9
20250507140600,34.32600021362305,57.0,0.0,0.4,7.3,39.6
20250507140700,34.32600021362305,57.0,0.0,1.4,7.2,30.7
20250507140800,34.32600021362305,57.0,0.0,1.9,6.6,39.8
20250507140900,34.32600021362305,57.0,0.0,0.6,6.9,22.6
20250507141000,34.32600021362305,57.0,0.0,0.9,7.3,31.1
20250507141100,34.32600021362305,57.0,0.0,1.9,7.2,29.1
20250507141200,34.32600021362305,57.0,0.0,1.8,7.1,18.0
20250507141300,34.32600021362305,57.0,0.0,0.4,6.3,20.7
20250507141400,34.32600021362305,57.0,0.0,1.2,7.3,27.1
20250507141500,34.32600021362305,57.0,0.0,0.6,7.3,27.3
20250507141600,34.32600021362305,57.0,0.0,1.2,7.0,26.7
20250507141700,34.32600021362305,57.0,0.0,0.7,6.7,15.2
20250507141800,34.32600021362305,57.0,0.0,0.0,6.1,21.2
20250507141900,34.32600021362305,57.0,0.0,2.0,6.3,33.9
20250507142000,34.32600021362305,57.0,0.0,0.9,7.4,23.0
20250507142100,34.32600021362305,57.0,0.0,1.4,6.7,23.4
20250507142200,34.32600021362305,57.0,0.0,1.4,6.7,33.8
20250507142300,34.32600021362305,57.0,0.0,0.3,6.1,23.0
20250507142400,34.32600021362305,57.0,0.0,0.1,6.7,27.0
20250507142500,34.32600021362305,57.0,0.0,0.9,6.9,16.1
20250507142600,34.32600021362305,57.0,0.0,1.4,7.5,37.7
20250507142700,34.32600021362305,57.0,0.0,0.9,6.6,32.5
20250507142800,34.32600021362305,57.0,0.0,1.5,7.1,21.1
20250507142900,34.32600021362305,57.0,0.0,1.5,6.8,21.6
20250507143000,34.32600021362305,57.0,0.0,0.1,6.6,18.7
20250507143100,34.32600021362305,57.0,0.0,0.8,6.7,27.5
20250507143200,34.32600021362305,57.0,0.0,0.3,7.3,22.0
20250507143300,34.32600021362305,57.0,0.0,0.9,6.6,33.1
20250507143400,34.32600021362305,57.0,0.0,0.4,7.2,16.6
20250507143500,34.32600021362305,57.0,0.0,1.2,7.3,35.3
20250507143600,34.32600021362305,57.0,0.0,1.1,6.4,22.5
20250507143700,34.32600021362305,57.0,0.0,1.7,6.6,39.0
20250507143800,34.32600021362305,57.0,0.0,1.9,6.1,23.1
20250507143900,34.32600021362305,57.0,0.0,1.0,6.1,38.7
20250507144000,34.32600021362305,57.0,0.0,0.6,6.3,38.5
20250507144100,34.32600021362305,57.0,0.0,1.3,6.7,31.5
20250507144200,34.32600021362305,57.0,0.0,0.1,7.4,35.1
20250507144300,34.32600021362305,57.0,0.0,0.4,6.5,28.6
20250507144400,34.32600021362305,57.0,0.0,0.0,6.4,16.7
20250507144500,34.32600021362305,57.0,0.0,2.0,7.2,15.7
20250507144600,34.32600021362305,57.0,0.0,0.2,6.9,29.5
20250507144700,34.32600021362305,57.0,0.0,1.3,6.4,21.7
20250507144800,34.32600021362305,57.0,0.0,0.7,7.3,19.5
20250507144900,34.32600021362305,57.0,0.0,0.9,6.1,26.4
20250507145000,34.32600021362305,57.0,0.0,1.3,6.1,15.3
20250507145100,34.32600021362305,57.0,0.0,0.4,7.1,36.6
20250507145200,34.32600021362305,57.0,0.0,0.9,6.6,21.7
20250507145300,34.32600021362305,57.0,0.0,1.7,6.7,27.7
20250507145400,34.32600021362305,57.0,0.0,1.7,7.1,39.9
20250507145500,34.32600021362305,57.0,0.0,0.9,6.7,38.1
20250507145600,34.32600021362305,57.0,0.0,0.4,7.1,23.7
20250507145700,34.32600021362305,57.0,0.0,1.5,6.9,27.1
20250507145800,34.32600021362305,57.0,0.0,1.9,6.0,20.4
20250507145900,34.32600021362305,57.0,0.0,2.0,6.8,22.7
20250507150000,34.57600021362305,55.0,0.0,0.5,6.4,25.4
20250507150100,34.57600021362305,55.0,0.0,0.2,6.1,28.9
20250507150200,34.57600021362305,55.0,0.0,0.7,7.1,33.1
20250507150300,34.57600021362305,55.0,0.0,1.3,6.3,39.3
20250507150400,34.57600021362305,55.0,0.0,1.3,7.4,29.8
20250507150500,34.57600021362305,55.0,0.0,1.9,7.3,18.4
20250507150600,34.57600021362305,55.0,0.0,0.8,6.6,19.3
20250507150700,34.57600021362305,55.0,0.0,0.1,7.1,22.2
20250507150800,34.57600021362305,55.0,0.0,0.1,6.7,39.8
20250507150900,34.57600021362305,55.0,0.0,0.7,6.9,27.6
20250507151000,34.57600021362305,55.0,0.0,1.8,7.0,26.1
20250507151100,34.57600021362305,55.0,0.0,0.3,6.7,17.9
20250507151200,34.57600021362305,55.0,0.0,0.7,6.3,35.8
20250507151300,34.57600021362305,55.0,0.0,0.3,6.6,27.1
20250507151400,34.57600021362305,55.0,0.0,1.7,7.0,35.9
20250507151500,34.57600021362305,55.0,0.0,0.4,6.8,15.8
20250507151600,34.57600021362305,55.0,0.0,0.3,6.5,33.1
20250507151700,34.57600021362305,55.0,0.0,0.2,6.5,16.6
20250507151800,34.57600021362305,55.0,0.0,1.6,7.5,18.3
20250507151900,34.57600021362305,55.0,0.0,0.9,6.5,38.3
20250507152000,34.57600021362305,55.0,0.0,1.8,6.1,39.1
20250507152100,34.57600021362305,55.0,0.0,1.0,6.6,31.6
20250507152200,34.57600021362305,55.0,0.0,1.6,7.5,21.6
20250507152300,34.57600021362305,55.0,0.0,1.5,6.9,20.2
20250507152400,34.57600021362305,55.0,0.0,1.6,6.2,37.4
20250507152500,34.57600021362305,55.0,0.0,0.3,6.9,35.6
20250507152600,34.57600021362305,55.0,0.0,1.7,7.1,26.2
20250507152700,34.57600021362305,55.0,0.0,1.4,6.3,21.0
20250507152800,34.57600021362305,55.0,0.0,1.2,6.8,27.7
20250507152900,34.57600021362305,55.0,0.0,1.9,6.1,22.2
20250507153000,34.57600021362305,55.0,0.0,1.5,7.0,25.6
20250507153100,34.57600021362305,55.0,0.0,1.3,6.5,22.7
20250507153200,34.57600021362305,55.0,0.0,0.2,6.1,35.3
20250507153300,34.57600021362305,55.0,0.0,0.4,6.9,27.4
20250507153400,34.57600021362305,55.0,0.0,0.7,6.9,29.7
20250507153500,34.57600021362305,55.0,0.0,0.2,7.5,39.0
20250507153600,34.57600021362305,55.0,0.0,0.9,7.2,28.0
20250507153700,34.57600021362305,55.0,0.0,0.1,7.4,37.6
20250507153800,34.57600021362305,55.0,0.0,1.8,6.8,18.7
20250507153900,34.57600021362305,55.0,0.0,0.2,6.9,39.4
20250507154000,34.57600021362305,55.0,0.0,0.5,6.5,16.4
20250507154100,34.57600021362305,55.0,0.0,1.5,7.5,23.7
20250507154200,34.57600021362305,55.0,0.0,1.8,6.3,36.6
20250507154300,34.57600021362305,55.0,0.0,1.7,6.6,34.9
20250507154400,34.57600021362305,55.0,0.0,1.6,6.9,26.6
20250507154500,34.57600021362305,55.0,0.0,2.0,7.0,33.3
20250507154600,34.57600021362305,55.0,0.0,0.1,7.0,33.0
20250507154700,34.57600021362305,55.0,0.0,1.5,7.1,17.1
20250507154800,34.57600021362305,55.0,0.0,1.2,6.8,15.4
20250507154900,34.57600021362305,55.0,0.0,1.6,7.4,30.4
20250507155000,34.57600021362305,55.0,0.0,1.5,6.2,31.5
20250507155100,34.57600021362305,55.0,0.0,0.3,7.0,21.0
20250507155200,34.57600021362305,55.0,0.0,1.4,7.1,21.8
20250507155300,34.57600021362305,55.0,0.0,1.5,6.6,21.1
20250507155400,34.57600021362305,55.0,0.0,1.2,7.4,35.3
20250507155500,34.57600021362305,55.0,0.0,0.2,7.0,17.6
20250507155600,34.57600021362305,55.0,0.0,0.1,6.8,20.9
20250507155700,34.57600021362305,55.0,0.0,1.8,7.3,22.6
20250507155800,34.57600021362305,55.0,0.0,0.1,6.9,20.4
20250507155900,34.57600021362305,55.0,0.0,1.1,7.1,31.5
20250507160000,34.375999450683594,55.0,0.0,1.9,6.6,26.6
20250507160100,34.375999450683594,55.0,0.0,0.2,6.7,22.1
20250507160200,34.375999450683594,55.0,0.0,1.8,7.2,25.0
20250507160300,34.375999450683594,55.0,0.0,1.1,7.1,23.1
20250507160400,34.375999450683594,55.0,0.0,0.3,7.3,17.3
20250507160500,34.375999450683594,55.0,0.0,1.6,6.1,29.0
20250507160600,34.375999450683594,55.0,0.0,1.5,7.2,29.3
20250507160700,34.375999450683594,55.0,0.0,1.0,7.4,32.3
20250507160800,34.375999450683594,55.0,0.0,0.0,7.2,22.1
20250507160900,34.375999450683594,55.0,0.0,2.0,7.5,22.0
20250507161000,34.375999450683594,55.0,0.0,0.6,6.0,29.5
20250507161100,34.375999450683594,55.0,0.0,1.3,7.3,19.5
20250507161200,34.375999450683594,55.0,0.0,0.1,6.6,17.7
20250507161300,34.375999450683594,55.0,0.0,0.9,7.1,39.5
20250507161400,34.375999450683594,55.0,0.0,1.4,7.0,31.2
20250507161500,34.375999450683594,55.0,0.0,0.4,6.2,25.7
20250507161600,34.375999450683594,55.0,0.0,1.7,6.2,20.3
20250507161700,34.375999450683594,55.0,0.0,1.3,6.4,35.5
20250507161800,34.375999450683594,55.0,0.0,0.3,6.0,28.6
20250507161900,34.375999450683594,55.0,0.0,1.9,6.3,29.6
20250507162000,34.375999450683594,55.0,0.0,1.0,7.4,16.8
20250507162100,34.375999450683594,55.0,0.0,0.7,6.3,17.6
20250507162200,34.375999450683594,55.0,0.0,1.7,7.4,33.4
20250507162300,34.375999450683594,55.0,0.0,1.4,6.7,27.2
20250507162400,34.375999450683594,55.0,0.0,0.8,7.4,30.6
20250507162500,34.375999450683594,55.0,0.0,1.7,7.4,18.2
20250507162600,34.375999450683594,55.0,0.0,0.2,6.8,15.5
20250507162700,34.375999450683594,55.0,0.0,1.0,6.5,21.8
20250507162800,34.375999450683594,55.0,0.0,0.6,6.3,32.8
20250507162900,34.375999450683594,55.0,0.0,1.6,6.7,37.9
20250507163000,34.375999450683594,55.0,0.0,1.7,6.5,30.4
20250507163100,34.375999450683594,55.0,0.0,1.9,6.5,35.8
20250507163200,34.375999450683594,55.0,0.0,1.9,7.3,21.6
20250507163300,34.375999450683594,55.0,0.0,1.6,7.3,37.8
20250507163400,34.375999450683594,55.0,0.0,0.6,6.8,36.6
20250507163500,34.375999450683594,55.0,0.0,1.3,7.0,19.6
20250507163600,34.375999450683594,55.0,0.0,0.2,6.2,22.4
20250507163700,34.375999450683594,55.0,0.0,1.3,7.0,34.6
20250507163800,34.375999450683594,55.0,0.0,0.2,7.3,31.1
20250507163900,34.375999450683594,55.0,0.0,1.4,7.0,30.3
20250507164000,34.375999450683594,55.0,0.0,0.3,6.2,36.4
20250507164100,34.375999450683594,55.0,0.0,0.4,6.4,16.8
20250507164200,34.375999450683594,55.0,0.0,2.0,6.6,31.3
20250507164300,34.375999450683594,55.0,0.0,0.5,7.5,35.1
20250507164400,34.375999450683594,55.0,0.0,0.0,7.1,18.9
20250507164500,34.375999450683594,55.0,0.0,0.3,6.9,17.9
20250507164600,34.375999450683594,55.0,0.0,0.6,6.3,30.6
20250507164700,34.375999450683594,55.0,0.0,1.9,6.6,33.8
20250507164800,34.375999450683594,55.0,0.0,1.9,6.1,26.2
20250507164900,34.375999450683594,55.0,0.0,0.7,6.3,26.2
20250507165000,34.375999450683594,55.0,0.0,1.8,6.5,22.6
20250507165100,34.375999450683594,55.0,0.0,1.0,7.3,35.9
20250507165200,34.375999450683594,55.0,0.0,0.7,6.7,34.7
20250507165300,34.375999450683594,55.0,0.0,0.7,6.2,16.5
20250507165400,34.375999450683594,55.0,0.0,1.8,6.8,36.1
20250507165500,34.375999450683594,55.0,0.0,1.0,7.4,31.4
20250507165600,34.375999450683594,55.0,0.0,1.1,6.6,22.5
20250507165700,34.375999450683594,55.0,0.0,0.6,7.3,36.3
20250507165800,34.375999450683594,55.0,0.0,1.9,6.6,15.5
20250507165900,34.375999450683594,55.0,0.0,1.3,6.7,33.9
20250507170000,33.426002502441406,59.0,0.0,0.2,6.6,17.4
20250507170100,33.426002502441406,59.0,0.0,1.8,7.0,31.8
20250507170200,33.426002502441406,59.0,0.0,1.7,6.3,21.8
20250507170300,33.426002502441406,59.0,0.0,1.3,7.0,39.2
20250507170400,33.426002502441406,59.0,0.0,0.9,6.8,30.4
20250507170500,33.426002502441406,59.0,0.0,1.0,6.8,28.7
20250507170600,33.426002502441406,59.0,0.0,1.9,6.6,29.6
20250507170700,33.426002502441406,59.0,0.0,1.7,6.1,16.5
20250507170800,33.426002502441406,59.0,0.0,1.1,7.0,23.4
20250507170900,33.426002502441406,59.0,0.0,1.0,7.5,18.3
20250507171000,33.426002502441406,59.0,0.0,0.7,7.4,28.3
20250507171100,33.426002502441406,59.0,0.0,0.1,6.6,19.2
20250507171200,33.426002502441406,59.0,0.0,0.7,6.7,27.7
20250507171300,33.426002502441406,59.0,0.0,0.6,6.3,16.5
20250507171400,33.426002502441406,59.0,0.0,1.7,6.7,27.4
20250507171500,33.426002502441406,59.0,0.0,0.4,6.0,37.7
20250507171600,33.426002502441406,59.0,0.0,1.3,7.4,21.1
20250507171700,33.426002502441406,59.0,0.0,0.3,7.4,38.7
20250507171800,33.426002502441406,59.0,0.0,0.9,6.3,15.6
20250507171900,33.426002502441406,59.0,0.0,1.7,7.1,38.6
20250507172000,33.426002502441406,59.0,0.0,1.1,6.5,32.3
20250507172100,33.426002502441406,59.0,0.0,1.9,6.0,23.3
20250507172200,33.426002502441406,59.0,0.0,1.4,6.9,29.5
20250507172300,33.426002502441406,59.0,0.0,1.4,6.2,24.7
20250507172400,33.426002502441406,59.0,0.0,1.2,6.7,22.4
20250507172500,33.426002502441406,59.0,0.0,0.4,7.0,22.3
20250507172600,33.426002502441406,59.0,0.0,0.6,6.7,32.6
20250507172700,33.426002502441406,59.0,0.0,0.5,6.9,25.6
20250507172800,33.426002502441406,59.0,0.0,2.0,7.2,29.7
20250507172900,33.426002502441406,59.0,0.0,1.8,7.2,28.4
20250507173000,33.426002502441406,59.0,0.0,0.7,7.1,24.8
20250507173100,33.426002502441406,59.0,0.0,1.7,7.4,24.4
20250507173200,33.426002502441406,59.0,0.0,2.0,6.4,25.3
20250507173300,33.426002502441406,59.0,0.0,1.3,6.4,21.5
20250507173400,33.426002502441406,59.0,0.0,0.4,7.2,30.2
20250507173500,33.426002502441406,59.0,0.0,0.9,6.3,23.3
20250507173600,33.426002502441406,59.0,0.0,0.9,7.0,30.6
20250507173700,33.426002502441406,59.0,0.0,1.6,6.3,19.1
20250507173800,33.426002502441406,59.0,0.0,1.2,6.7,30.0
20250507173900,33.426002502441406,59.0,0.0,1.2,7.5,31.7
20250507174000,33.426002502441406,59.0,0.0,1.7,7.1,18.2
20250507174100,33.426002502441406,59.0,0.0,0.4,7.2,29.7
20250507174200,33.426002502441406,59.0,0.0,0.5,7.3,18.9
20250507174300,33.426002502441406,59.0,0.0,1.2,6.2,35.0
20250507174400,33.426002502441406,59.0,0.0,1.0,6.9,17.3
20250507174500,33.426002502441406,59.0,0.0,1.6,6.3,27.7
20250507174600,33.426002502441406,59.0,0.0,0.5,7.4,37.2
20250507174700,33.426002502441406,59.0,0.0,0.7,7.0,21.1
20250507174800,33.426002502441406,59.0,0.0,0.2,7.0,19.7
20250507174900,33.426002502441406,59.0,0.0,0.4,6.9,21.6
20250507175000,33.426002502441406,59.0,0.0,0.2,6.8,29.4
20250507175100,33.426002502441406,59.0,0.0,0.5,6.1,24.5
20250507175200,33.426002502441406,59.0,0.0,0.5,6.6,15.3
20250507175300,33.426002502441406,59.0,0.0,0.6,7.5,38.7
20250507175400,33.426002502441406,59.0,0.0,2.0,7.0,23.3
20250507175500,33.426002502441406,59.0,0.0,0.8,6.2,31.0
20250507175600,33.426002502441406,59.0,0.0,1.5,6.5,29.4
20250507175700,33.426002502441406,59.0,0.0,1.3,7.1,21.5
20250507175800,33.426002502441406,59.0,0.0,1.2,7.4,20.6
20250507175900,33.426002502441406,59.0,0.0,0.0,6.9,22.6
20250507180000,31.97599983215332,66.0,0.0,0.7,6.8,22.1
20250507180100,31.97599983215332,66.0,0.0,1.5,7.3,31.2
20250507180200,31.97599983215332,66.0,0.0,0.6,7.5,17.2
20250507180300,31.97599983215332,66.0,0.0,0.8,6.6,15.9
20250507180400,31.97599983215332,66.0,0.0,0.6,6.7,31.5
20250507180500,31.97599983215332,66.0,0.0,0.8,7.2,35.2
20250507180600,31.97599983215332,66.0,0.0,1.9,6.7,22.5
20250507180700,31.97599983215332,66.0,0.0,1.3,7.5,27.7
20250507180800,31.97599983215332,66.0,0.0,1.9,6.8,28.9
20250507180900,31.97599983215332,66.0,0.0,0.7,6.6,18.5
20250507181000,31.97599983215332,66.0,0.0,1.2,7.4,38.4
20250507181100,31.97599983215332,66.0,0.0,1.8,6.2,32.0
20250507181200,31.97599983215332,66.0,0.0,0.1,6.8,38.2
20250507181300,31.97599983215332,66.0,0.0,1.4,7.1,24.1
20250507181400,31.97599983215332,66.0,0.0,0.7,6.3,32.8
20250507181500,31.97599983215332,66.0,0.0,1.9,7.2,21.4
20250507181600,31.97599983215332,66.0,0.0,0.4,6.4,22.2
20250507181700,31.97599983215332,66.0,0.0,1.3,7.3,39.5
20250507181800,31.97599983215332,66.0,0.0,1.5,7.3,24.5
20250507181900,31.97599983215332,66.0,0.0,1.4,7.2,16.5
20250507182000,31.97599983215332,66.0,0.0,1.6,6.9,21.0
20250507182100,31.97599983215332,66.0,0.0,0.0,6.3,38.3
20250507182200,31.97599983215332,66.0,0.0,1.7,7.4,21.6
20250507182300,31.97599983215332,66.0,0.0,0.1,7.5,29.8
20250507182400,31.97599983215332,66.0,0.0,0.4,6.2,27.7
20250507182500,31.97599983215332,66.0,0.0,2.0,6.6,35.7
20250507182600,31.97599983215332,66.0,0.0,0.8,7.1,32.3
20250507182700,31.97599983215332,66.0,0.0,0.8,6.5,22.0
20250507182800,31.97599983215332,66.0,0.0,0.2,7.1,18.5
20250507182900,31.97599983215332,66.0,0.0,0.3,6.7,27.9
20250507183000,31.97599983215332,66.0,0.0,1.0,6.1,15.3
20250507183100,31.97599983215332,66.0,0.0,1.9,6.5,18.5
20250507183200,31.97599983215332,66.0,0.0,0.8,6.1,35.9
20250507183300,31.97599983215332,66.0,0.0,1.8,6.1,29.1
20250507183400,31.97599983215332,66.0,0.0,1.1,6.8,19.6
20250507183500,31.97599983215332,66.0,0.0,0.6,6.6,35.0
20250507183600,31.97599983215332,66.0,0.0,1.5,6.8,28.0
20250507183700,31.97599983215332,66.0,0.0,1.6,6.0,39.4
20250507183800,31.97599983215332,66.0,0.0,1.5,6.8,35.5
20250507183900,31.97599983215332,66.0,0.0,0.1,6.6,27.0
20250507184000,31.97599983215332,66.0,0.0,1.5,6.9,15.5
20250507184100,31.97599983215332,66.0,0.0,0.8,6.6,26.9
20250507184200,31.97599983215332,66.0,0.0,0.6,6.9,30.2
20250507184300,31.97599983215332,66.0,0.0,0.2,6.2,25.1
20250507184400,31.97599983215332,66.0,0.0,0.6,6.3,27.1
20250507184500,31.97599983215332,66.0,0.0,1.4,6.1,33.7
20250507184600,31.97599983215332,66.0,0.0,0.7,6.2,34.6
20250507184700,31.97599983215332,66.0,0.0,1.6,6.4,32.1
20250507184800,31.97599983215332,66.0,0.0,0.4,7.5,26.5
20250507184900,31.97599983215332,66.0,0.0,1.6,6.1,39.9
20250507185000,31.97599983215332,66.0,0.0,0.0,6.1,27.6
20250507185100,31.97599983215332,66.0,0.0,0.1,6.7,35.7
20250507185200,31.97599983215332,66.0,0.0,1.3,7.1,21.4
20250507185300,31.97599983215332,66.0,0.0,0.6,6.1,24.5
20250507185400,31.97599983215332,66.0,0.0,1.0,6.6,25.5
20250507185500,31.97599983215332,66.0,0.0,0.2,6.6,23.5
20250507185600,31.97599983215332,66.0,0.0,1.1,7.5,24.6
20250507185700,31.97599983215332,66.0,0.0,0.9,6.5,30.6
20250507185800,31.97599983215332,66.0,0.0,1.2,6.5,31.8
20250507185900,31.97599983215332,66.0,0.0,0.8,7.3,31.7
20250507190000,30.72599983215332,72.0,0.0,0.5,6.2,23.3
20250507190100,30.72599983215332,72.0,0.0,0.1,6.3,38.5
20250507190200,30.72599983215332,72.0,0.0,0.1,6.7,37.8
20250507190300,30.72599983215332,72.0,0.0,1.3,6.8,29.6
20250507190400,30.72599983215332,72.0,0.0,0.9,6.7,28.1
20250507190500,30.72599983215332,72.0,0.0,0.1,6.6,38.7
20250507190600,30.72599983215332,72.0,0.0,1.9,6.1,31.9
20250507190700,30.72599983215332,72.0,0.0,0.6,6.5,17.9
20250507190800,30.72599983215332,72.0,0.0,0.6,6.7,26.7
20250507190900,30.72599983215332,72.0,0.0,0.7,6.5,33.0
20250507191000,30.72599983215332,72.0,0.0,1.6,7.0,31.7
20250507191100,30.72599983215332,72.0,0.0,1.7,6.2,23.4
20250507191200,30.72599983215332,72.0,0.0,1.7,6.8,32.5
20250507191300,30.72599983215332,72.0,0.0,0.2,6.7,19.8
20250507191400,30.72599983215332,72.0,0.0,0.1,7.1,31.8
20250507191500,30.72599983215332,72.0,0.0,0.2,6.8,38.6
20250507191600,30.72599983215332,72.0,0.0,1.4,6.6,24.4
20250507191700,30.72599983215332,72.0,0.0,1.4,7.4,25.8
20250507191800,30.72599983215332,72.0,0.0,1.3,6.7,37.2
20250507191900,30.72599983215332,72.0,0.0,1.2,6.9,39.2
20250507192000,30.72599983215332,72.0,0.0,1.1,6.4,22.1
20250507192100,30.72599983215332,72.0,0.0,1.5,6.0,33.5
20250507192200,30.72599983215332,72.0,0.0,0.5,7.2,21.6
20250507192300,30.72599983215332,72.0,0.0,1.7,6.1,17.0
20250507192400,30.72599983215332,72.0,0.0,1.6,6.6,33.8
20250507192500,30.72599983215332,72.0,0.0,0.6,6.0,36.6
20250507192600,30.72599983215332,72.0,0.0,1.8,6.8,28.9
20250507192700,30.72599983215332,72.0,0.0,1.2,6.9,23.9
20250507192800,30.72599983215332,72.0,0.0,0.0,6.4,28.2
20250507192900,30.72599983215332,72.0,0.0,0.7,6.3,28.3
20250507193000,30.72599983215332,72.0,0.0,1.9,6.6,29.3
20250507193100,30.72599983215332,72.0,0.0,0.0,7.3,32.2
20250507193200,30.72599983215332,72.0,0.0,1.7,6.4,24.4
20250507193300,30.72599983215332,72.0,0.0,0.6,7.4,26.2
20250507193400,30.72599983215332,72.0,0.0,1.0,6.4,25.8
20250507193500,30.72599983215332,72.0,0.0,0.6,6.8,37.6
20250507193600,30.72599983215332,72.0,0.0,0.9,7.3,28.1
20250507193700,30.72599983215332,72.0,0.0,1.3,6.1,23.7
20250507193800,30.72599983215332,72.0,0.0,0.0,6.3,40.0
20250507193900,30.72599983215332,72.0,0.0,1.6,7.4,39.7
20250507194000,30.72599983215332,72.0,0.0,1.5,6.6,24.3
20250507194100,30.72599983215332,72.0,0.0,1.2,6.6,18.0
20250507194200,30.72599983215332,72.0,0.0,0.3,6.4,23.3
20250507194300,30.72599983215332,72.0,0.0,1.6,6.2,22.7
20250507194400,30.72599983215332,72.0,0.0,1.9,6.2,36.9
20250507194500,30.72599983215332,72.0,0.0,0.4,6.4,35.9
20250507194600,30.72599983215332,72.0,0.0,1.7,7.1,25.4
20250507194700,30.72599983215332,72.0,0.0,1.5,7.1,38.4
20250507194800,30.72599983215332,72.0,0.0,1.1,6.6,31.3
20250507194900,30.72599983215332,72.0,0.0,1.4,7.4,17.1
20250507195000,30.72599983215332,72.0,0.0,0.4,6.0,24.0
20250507195100,30.72599983215332,72.0,0.0,1.4,6.3,39.4
20250507195200,30.72599983215332,72.0,0.0,0.1,7.4,27.0
20250507195300,30.72599983215332,72.0,0.0,1.0,6.2,35.7
20250507195400,30.72599983215332,72.0,0.0,1.4,6.5,31.9
20250507195500,30.72599983215332,72.0,0.0,1.7,7.5,15.5
20250507195600,30.72599983215332,72.0,0.0,1.0,7.2,29.7
20250507195700,30.72599983215332,72.0,0.0,0.0,7.2,15.0
20250507195800,30.72599983215332,72.0,0.0,0.3,7.3,17.0
20250507195900,30.72599983215332,72.0,0.0,0.6,7.2,33.4
20250507200000,29.92599868774414,77.0,0.0,0.6,6.2,15.4
20250507200100,29.92599868774414,77.0,0.0,1.7,6.5,34.4
20250507200200,29.92599868774414,77.0,0.0,1.2,7.1,27.4
20250507200300,29.92599868774414,77.0,0.0,0.2,7.1,19.7
20250507200400,29.92599868774414,77.0,0.0,0.2,6.7,24.5
20250507200500,29.92599868774414,77.0,0.0,0.3,7.5,28.1
20250507200600,29.92599868774414,77.0,0.0,1.1,6.1,16.3
20250507200700,29.92599868774414,77.0,0.0,1.8,6.5,17.6
20250507200800,29.92599868774414,77.0,0.0,1.8,7.4,29.5
20250507200900,29.92599868774414,77.0,0.0,1.1,7.4,26.4
20250507201000,29.92599868774414,77.0,0.0,1.4,7.0,34.9
20250507201100,29.92599868774414,77.0,0.0,1.5,7.2,21.9
20250507201200,29.92599868774414,77.0,0.0,0.8,6.9,27.3
20250507201300,29.92599868774414,77.0,0.0,0.3,7.4,27.9
20250507201400,29.92599868774414,77.0,0.0,1.8,7.0,15.3
20250507201500,29.92599868774414,77.0,0.0,0.7,7.1,16.9
20250507201600,29.92599868774414,77.0,0.0,1.0,7.0,29.9
20250507201700,29.92599868774414,77.0,0.0,0.9,7.4,20.4
20250507201800,29.92599868774414,77.0,0.0,1.6,6.2,37.3
20250507201900,29.92599868774414,77.0,0.0,2.0,6.2,16.9
20250507202000,29.92599868774414,77.0,0.0,0.6,7.4,30.6
20250507202100,29.92599868774414,77.0,0.0,1.4,7.4,32.2
20250507202200,29.92599868774414,77.0,0.0,0.3,6.8,29.2
20250507202300,29.92599868774414,77.0,0.0,0.8,6.1,27.4
20250507202400,29.92599868774414,77.0,0.0,1.0,6.1,18.4
20250507202500,29.92599868774414,77.0,0.0,1.1,6.3,29.9
20250507202600,29.92599868774414,77.0,0.0,1.6,7.5,35.2
20250507202700,29.92599868774414,77.0,0.0,0.7,7.2,17.1
20250507202800,29.92599868774414,77.0,0.0,1.9,6.2,31.8
20250507202900,29.92599868774414,77.0,0.0,0.9,6.3,36.9
20250507203000,29.92599868774414,77.0,0.0,2.0,7.0,34.9
20250507203100,29.92599868774414,77.0,0.0,1.8,6.6,29.2
20250507203200,29.92599868774414,77.0,0.0,1.3,7.2,20.3
20250507203300,29.92599868774414,77.0,0.0,1.7,7.3,26.6
20250507203400,29.92599868774414,77.0,0.0,1.5,6.8,21.3
20250507203500,29.92599868774414,77.0,0.0,0.3,6.1,23.7
20250507203600,29.92599868774414,77.0,0.0,1.3,6.4,33.1
20250507203700,29.92599868774414,77.0,0.0,1.9,6.6,19.6
20250507203800,29.92599868774414,77.0,0.0,0.7,6.7,28.5
20250507203900,29.92599868774414,77.0,0.0,0.5,6.5,33.8
20250507204000,29.92599868774414,77.0,0.0,1.2,7.2,31.6
20250507204100,29.92599868774414,77.0,0.0,0.8,6.2,37.6
20250507204200,29.92599868774414,77.0,0.0,1.0,6.2,17.3
20250507204300,29.92599868774414,77.0,0.0,0.2,7.3,27.0
20250507204400,29.92599868774414,77.0,0.0,1.1,7.3,35.8
20250507204500,29.92599868774414,77.0,0.0,0.8,7.3,17.6
20250507204600,29.92599868774414,77.0,0.0,0.6,6.9,27.8
20250507204700,29.92599868774414,77.0,0.0,1.7,6.7,25.4
20250507204800,29.92599868774414,77.0,0.0,0.6,6.9,37.3
20250507204900,29.92599868774414,77.0,0.0,1.8,6.3,28.8
20250507205000,29.92599868774414,77.0,0.0,2.0,6.7,27.5
20250507205100,29.92599868774414,77.0,0.0,1.0,6.6,39.2
20250507205200,29.92599868774414,77.0,0.0,1.6,6.9,33.8
20250507205300,29.92599868774414,77.0,0.0,1.8,7.0,17.5
20250507205400,29.92599868774414,77.0,0.0,1.2,6.8,23.2
20250507205500,29.92599868774414,77.0,0.0,0.5,6.9,34.9
20250507205600,29.92599868774414,77.0,0.0,0.4,7.4,20.4
20250507205700,29.92599868774414,77.0,0.0,1.5,7.1,36.3
20250507205800,29.92599868774414,77.0,0.0,0.9,7.3,38.4
20250507205900,29.92599868774414,77.0,0.0,0.6,6.7,18.3
20250507210000,29.325998306274414,82.0,0.0,1.8,7.3,25.3
20250507210100,29.325998306274414,82.0,0.0,1.0,6.9,36.1
20250507210200,29.325998306274414,82.0,0.0,1.6,6.9,22.7
20250507210300,29.325998306274414,82.0,0.0,0.6,7.1,21.1
20250507210400,29.325998306274414,82.0,0.0,0.4,7.4,15.3
20250507210500,29.325998306274414,82.0,0.0,1.6,7.3,32.7
20250507210600,29.325998306274414,82.0,0.0,0.4,6.3,31.4
20250507210700,29.325998306274414,82.0,0.0,1.7,6.7,24.2
20250507210800,29.325998306274414,82.0,0.0,1.1,7.2,36.1
20250507210900,29.325998306274414,82.0,0.0,1.9,7.4,18.0
20250507211000,29.325998306274414,82.0,0.0,0.9,6.9,37.4
20250507211100,29.325998306274414,82.0,0.0,0.4,7.3,30.4
20250507211200,29.325998306274414,82.0,0.0,1.2,6.3,36.3
20250507211300,29.325998306274414,82.0,0.0,1.0,7.3,35.4
20250507211400,29.325998306274414,82.0,0.0,1.9,7.3,15.4
20250507211500,29.325998306274414,82.0,0.0,1.5,6.4,39.2
20250507211600,29.325998306274414,82.0,0.0,1.9,7.3,26.4
20250507211700,29.325998306274414,82.0,0.0,0.5,7.4,15.5
20250507211800,29.325998306274414,82.0,0.0,1.6,6.9,16.9
20250507211900,29.325998306274414,82.0,0.0,1.9,7.5,31.1
20250507212000,29.325998306274414,82.0,0.0,1.6,7.1,36.8
20250507212100,29.325998306274414,82.0,0.0,0.2,6.7,23.2
20250507212200,29.325998306274414,82.0,0.0,0.8,7.0,20.2
20250507212300,29.325998306274414,82.0,0.0,0.5,6.8,22.8
20250507212400,29.325998306274414,82.0,0.0,0.1,6.4,19.7
20250507212500,29.325998306274414,82.0,0.0,0.6,6.9,29.4
20250507212600,29.325998306274414,82.0,0.0,0.8,6.1,35.3
20250507212700,29.325998306274414,82.0,0.0,0.8,6.4,27.2
20250507212800,29.325998306274414,82.0,0.0,0.7,7.3,20.8
20250507212900,29.325998306274414,82.0,0.0,1.2,6.1,37.1
20250507213000,29.325998306274414,82.0,0.0,0.8,6.8,22.6
20250507213100,29.325998306274414,82.0,0.0,0.8,6.5,21.0
20250507213200,29.325998306274414,82.0,0.0,1.9,6.1,15.2
20250507213300,29.325998306274414,82.0,0.0,0.9,6.1,37.0
20250507213400,29.325998306274414,82.0,0.0,0.4,7.0,38.9
20250507213500,29.325998306274414,82.0,0.0,0.2,6.9,19.9
20250507213600,29.325998306274414,82.0,0.0,2.0,6.1,30.5
20250507213700,29.325998306274414,82.0,0.0,1.4,6.1,29.7
20250507213800,29.325998306274414,82.0,0.0,0.2,6.5,37.9
20250507213900,29.325998306274414,82.0,0.0,0.8,6.7,26.3
20250507214000,29.325998306274414,82.0,0.0,0.7,6.1,19.0
20250507214100,29.325998306274414,82.0,0.0,1.3,6.0,16.1
20250507214200,29.325998306274414,82.0,0.0,1.4,6.9,37.6
20250507214300,29.325998306274414,82.0,0.0,0.6,6.8,27.3
20250507214400,29.325998306274414,82.0,0.0,0.3,6.6,36.2
20250507214500,29.325998306274414,82.0,0.0,0.6,7.3,30.0
20250507214600,29.325998306274414,82.0,0.0,1.6,7.1,23.5
20250507214700,29.325998306274414,82.0,0.0,1.1,6.4,36.9
20250507214800,29.325998306274414,82.0,0.0,1.5,6.0,27.4
20250507214900,29.325998306274414,82.0,0.0,0.8,7.3,35.7
20250507215000,29.325998306274414,82.0,0.0,1.5,6.9,24.2
20250507215100,29.325998306274414,82.0,0.0,0.8,7.2,17.5
20250507215200,29.325998306274414,82.0,0.0,0.8,6.7,16.4
20250507215300,29.325998306274414,82.0,0.0,0.3,6.7,36.7
20250507215400,29.325998306274414,82.0,0.0,0.3,7.3,26.6
20250507215500,29.325998306274414,82.0,0.0,0.3,6.4,26.8
20250507215600,29.325998306274414,82.0,0.0,1.8,6.5,18.3
20250507215700,29.325998306274414,82.0,0.0,0.1,7.5,19.1
20250507215800,29.325998306274414,82.0,0.0,1.8,7.5,38.7
20250507215900,29.325998306274414,82.0,0.0,1.1,6.6,22.1
20250507220000,28.825998306274414,86.0,0.0,1.0,6.5,22.8
20250507220100,28.825998306274414,86.0,0.0,0.5,7.2,37.6
20250507220200,28.825998306274414,86.0,0.0,1.6,7.4,27.3
20250507220300,28.825998306274414,86.0,0.0,1.2,7.4,39.8
20250507220400,28.825998306274414,86.0,0.0,0.2,7.3,38.8
20250507220500,28.825998306274414,86.0,0.0,1.3,7.3,31.4
20250507220600,28.825998306274414,86.0,0.0,0.6,6.0,29.5
20250507220700,28.825998306274414,86.0,0.0,1.7,7.0,25.6
20250507220800,28.825998306274414,86.0,0.0,0.1,6.4,19.5
20250507220900,28.825998306274414,86.0,0.0,1.8,7.5,22.6
20250507221000,28.825998306274414,86.0,0.0,0.9,7.4,17.8
20250507221100,28.825998306274414,86.0,0.0,1.7,6.7,15.4
20250507221200,28.825998306274414,86.0,0.0,0.9,7.0,27.3
20250507221300,28.825998306274414,86.0,0.0,0.2,7.5,16.6
20250507221400,28.825998306274414,86.0,0.0,0.4,6.2,19.4
20250507221500,28.825998306274414,86.0,0.0,1.1,6.3,40.0
20250507221600,28.825998306274414,86.0,0.0,0.7,6.7,30.2
20250507221700,28.825998306274414,86.0,0.0,1.0,7.3,32.0
20250507221800,28.825998306274414,86.0,0.0,1.6,6.3,21.8
20250507221900,28.825998306274414,86.0,0.0,1.2,7.0,26.9
20250507222000,28.825998306274414,86.0,0.0,1.6,7.5,22.5
20250507222100,28.825998306274414,86.0,0.0,0.8,6.9,34.1
20250507222200,28.825998306274414,86.0,0.0,0.0,7.2,38.4
20250507222300,28.825998306274414,86.0,0.0,0.1,6.9,38.3
20250507222400,28.825998306274414,86.0,0.0,0.4,6.1,30.9
20250507222500,28.825998306274414,86.0,0.0,0.6,6.2,35.2
20250507222600,28.825998306274414,86.0,0.0,1.4,6.8,37.7
20250507222700,28.825998306274414,86.0,0.0,0.6,6.5,15.2
20250507222800,28.825998306274414,86.0,0.0,1.5,7.3,35.2
20250507222900,28.825998306274414,86.0,0.0,0.8,6.2,38.2
20250507223000,28.825998306274414,86.0,0.0,0.8,7.0,27.7
20250507223100,28.825998306274414,86.0,0.0,1.2,6.8,35.3
20250507223200,28.825998306274414,86.0,0.0,1.4,6.2,28.0
20250507223300,28.825998306274414,86.0,0.0,1.9,6.4,17.2
20250507223400,28.825998306274414,86.0,0.0,0.5,7.2,22.2
20250507223500,28.825998306274414,86.0,0.0,0.6,7.1,29.4
20250507223600,28.825998306274414,86.0,0.0,1.3,6.4,30.3
20250507223700,28.825998306274414,86.0,0.0,0.2,6.6,16.5
20250507223800,28.825998306274414,86.0,0.0,1.7,6.0,15.4
20250507223900,28.825998306274414,86.0,0.0,0.5,7.3,16.0
20250507224000,28.825998306274414,86.0,0.0,0.3,7.1,16.2
20250507224100,28.825998306274414,86.0,0.0,1.7,6.0,19.4
20250507224200,28.825998306274414,86.0,0.0,1.6,6.7,36.0
20250507224300,28.825998306274414,86.0,0.0,1.6,6.7,21.7
20250507224400,28.825998306274414,86.0,0.0,1.1,6.4,33.2
20250507224500,28.825998306274414,86.0,0.0,0.5,7.5,28.9
20250507224600,28.825998306274414,86.0,0.0,0.2,6.0,25.8
20250507224700,28.825998306274414,86.0,0.0,1.8,7.3,32.7
20250507224800,28.825998306274414,86.0,0.0,0.9,6.4,32.4
20250507224900,28.825998306274414,86.0,0.0,1.2,6.1,39.9
20250507225000,28.825998306274414,86.0,0.0,1.5,6.6,27.8
20250507225100,28.825998306274414,86.0,0.0,0.8,6.6,23.7
20250507225200,28.825998306274414,86.0,0.0,0.1,6.5,35.0
20250507225300,28.825998306274414,86.0,0.0,1.0,7.2,38.5
20250507225400,28.825998306274414,86.0,0.0,1.4,7.5,27.8
20250507225500,28.825998306274414,86.0,0.0,0.8,7.5,15.3
20250507225600,28.825998306274414,86.0,0.0,1.0,6.3,22.2
20250507225700,28.825998306274414,86.0,0.0,1.0,6.5,20.8
20250507225800,28.825998306274414,86.0,0.0,1.5,6.5,24.7
20250507225900,28.825998306274414,86.0,0.0,1.7,6.8,18.9
20250507230000,28.47599983215332,87.0,0.0,1.8,7.0,35.6
20250507230100,28.47599983215332,87.0,0.0,0.4,7.0,37.9
20250507230200,28.47599983215332,87.0,0.0,1.6,6.8,18.7
20250507230300,28.47599983215332,87.0,0.0,0.1,6.8,38.9
20250507230400,28.47599983215332,87.0,0.0,0.6,6.7,23.4
20250507230500,28.47599983215332,87.0,0.0,0.9,6.5,32.0
20250507230600,28.47599983215332,87.0,0.0,0.2,6.5,37.2
20250507230700,28.47599983215332,87.0,0.0,0.7,6.6,17.1
20250507230800,28.47599983215332,87.0,0.0,1.1,7.5,37.3
20250507230900,28.47599983215332,87.0,0.0,0.3,6.5,39.0
20250507231000,28.47599983215332,87.0,0.0,1.4,7.2,26.6
20250507231100,28.47599983215332,87.0,0.0,0.1,7.2,38.2
20250507231200,28.47599983215332,87.0,0.0,1.4,6.1,25.7
20250507231300,28.47599983215332,87.0,0.0,1.6,7.1,29.0
20250507231400,28.47599983215332,87.0,0.0,1.5,7.1,31.7
20250507231500,28.47599983215332,87.0,0.0,1.5,7.3,27.2
20250507231600,28.47599983215332,87.0,0.0,1.7,6.9,18.7
20250507231700,28.47599983215332,87.0,0.0,0.7,6.6,30.1
20250507231800,28.47599983215332,87.0,0.0,0.1,7.3,29.7
20250507231900,28.47599983215332,87.0,0.0,0.6,6.4,32.6
20250507232000,28.47599983215332,87.0,0.0,1.0,6.1,15.9
20250507232100,28.47599983215332,87.0,0.0,0.3,7.0,30.1
20250507232200,28.47599983215332,87.0,0.0,1.2,6.1,39.8
20250507232300,28.47599983215332,87.0,0.0,1.6,7.4,31.4
20250507232400,28.47599983215332,87.0,0.0,1.8,7.3,36.6
20250507232500,28.47599983215332,87.0,0.0,1.3,7.1,23.9
20250507232600,28.47599983215332,87.0,0.0,1.9,6.8,30.0
20250507232700,28.47599983215332,87.0,0.0,0.5,6.3,29.2
20250507232800,28.47599983215332,87.0,0.0,1.9,6.6,36.2
20250507232900,28.47599983215332,87.0,0.0,0.1,6.2,35.9
20250507233000,28.47599983215332,87.0,0.0,1.4,6.7,17.7
20250507233100,28.47599983215332,87.0,0.0,1.7,6.4,32.6
20250507233200,28.47599983215332,87.0,0.0,0.3,7.4,28.9
20250507233300,28.47599983215332,87.0,0.0,1.4,6.9,20.4
20250507233400,28.47599983215332,87.0,0.0,1.8,7.5,16.1
20250507233500,28.47599983215332,87.0,0.0,1.6,6.1,30.0
20250507233600,28.47599983215332,87.0,0.0,0.4,6.6,30.0
20250507233700,28.47599983215332,87.0,0.0,0.5,7.3,29.3
20250507233800,28.47599983215332,87.0,0.0,1.3,7.3,19.0
20250507233900,28.47599983215332,87.0,0.0,1.7,7.2,19.3
20250507234000,28.47599983215332,87.0,0.0,1.0,7.2,15.1
20250507234100,28.47599983215332,87.0,0.0,0.3,6.6,16.0
20250507234200,28.47599983215332,87.0,0.0,0.5,7.1,37.0
20250507234300,28.47599983215332,87.0,0.0,1.2,6.9,37.6
20250507234400,28.47599983215332,87.0,0.0,1.0,6.8,19.2
20250507234500,28.47599983215332,87.0,0.0,1.5,6.4,31.0
20250507234600,28.47599983215332,87.0,0.0,0.1,6.4,39.7
20250507234700,28.47599983215332,87.0,0.0,1.0,6.8,24.7
20250507234800,28.47599983215332,87.0,0.0,0.7,6.1,28.0
20250507234900,28.47599983215332,87.0,0.0,0.3,6.4,30.1
20250507235000,28.47599983215332,87.0,0.0,0.8,7.4,24.4
20250507235100,28.47599983215332,87.0,0.0,1.5,7.5,31.0
20250507235200,28.47599983215332,87.0,0.0,1.1,6.4,23.0
20250507235300,28.47599983215332,87.0,0.0,1.9,6.8,35.8
20250507235400,28.47599983215332,87.0,0.0,0.1,6.2,39.6
20250507235500,28.47599983215332,87.0,0.0,0.1,6.2,18.3
20250507235600,28.47599983215332,87.0,0.0,0.6,6.7,31.1
20250507235700,28.47599983215332,87.0,0.0,0.2,7.2,36.9
20250507235800,28.47599983215332,87.0,0.0,2.0,7.4,35.8
20250507235900,28.47599983215332,87.0,0.0,1.8,6.8,27.3
20250508000000,28.17599868774414,86.0,0.0,0.1,7.5,21.7
20250508000100,28.17599868774414,86.0,0.0,1.4,7.3,25.2
20250508000200,28.17599868774414,86.0,0.0,0.8,7.3,39.1
20250508000300,28.17599868774414,86.0,0.0,0.1,6.8,33.4
20250508000400,28.17599868774414,86.0,0.0,2.0,6.2,21.6
20250508000500,28.17599868774414,86.0,0.0,1.4,7.4,28.5
20250508000600,28.17599868774414,86.0,0.0,0.9,7.4,23.8
20250508000700,28.17599868774414,86.0,0.0,1.2,6.3,35.1
20250508000800,28.17599868774414,86.0,0.0,0.4,6.5,29.3
20250508000900,28.17599868774414,86.0,0.0,0.9,6.2,33.3
20250508001000,28.17599868774414,86.0,0.0,1.3,6.3,21.2
20250508001100,28.17599868774414,86.0,0.0,0.7,7.1,15.9
20250508001200,28.17599868774414,86.0,0.0,0.6,6.3,32.9
20250508001300,28.17599868774414,86.0,0.0,0.1,6.6,32.4
20250508001400,28.17599868774414,86.0,0.0,0.6,6.4,17.3
20250508001500,28.17599868774414,86.0,0.0,0.3,7.0,25.9
20250508001600,28.17599868774414,86.0,0.0,1.9,6.6,29.7
20250508001700,28.17599868774414,86.0,0.0,1.5,6.6,37.7
20250508001800,28.17599868774414,86.0,0.0,0.4,6.7,28.3
20250508001900,28.17599868774414,86.0,0.0,1.7,6.1,15.5
20250508002000,28.17599868774414,86.0,0.0,0.9,6.9,29.6
20250508002100,28.17599868774414,86.0,0.0,1.6,6.9,28.6
20250508002200,28.17599868774414,86.0,0.0,1.5,7.2,24.6
20250508002300,28.17599868774414,86.0,0.0,0.6,6.0,22.8
20250508002400,28.17599868774414,86.0,0.0,2.0,6.1,18.7
20250508002500,28.17599868774414,86.0,0.0,1.2,6.5,27.1
20250508002600,28.17599868774414,86.0,0.0,0.5,6.9,18.3
20250508002700,28.17599868774414,86.0,0.0,1.7,6.7,17.4
20250508002800,28.17599868774414,86.0,0.0,1.7,6.9,25.6
20250508002900,28.17599868774414,86.0,0.0,0.2,6.5,29.0
20250508003000,28.17599868774414,86.0,0.0,0.5,7.0,30.0
20250508003100,28.17599868774414,86.0,0.0,1.2,6.7,23.3
20250508003200,28.17599868774414,86.0,0.0,0.8,6.1,37.4
20250508003300,28.17599868774414,86.0,0.0,1.5,6.1,26.6
20250508003400,28.17599868774414,86.0,0.0,1.8,7.2,37.2
20250508003500,28.17599868774414,86.0,0.0,1.4,6.3,18.4
20250508003600,28.17599868774414,86.0,0.0,1.0,7.5,36.2
20250508003700,28.17599868774414,86.0,0.0,1.3,6.2,33.7
20250508003800,28.17599868774414,86.0,0.0,0.5,7.2,39.9
20250508003900,28.17599868774414,86.0,0.0,0.7,6.8,23.8
20250508004000,28.17599868774414,86.0,0.0,1.2,6.6,18.8
20250508004100,28.17599868774414,86.0,0.0,0.6,6.1,39.2
20250508004200,28.17599868774414,86.0,0.0,1.5,6.1,31.1
20250508004300,28.17599868774414,86.0,0.0,0.0,6.4,33.8
20250508004400,28.17599868774414,86.0,0.0,1.5,7.1,15.7
20250508004500,28.17599868774414,86.0,0.0,0.0,6.1,26.4
20250508004600,28.17599868774414,86.0,0.0,0.8,7.2,39.5
20250508004700,28.17599868774414,86.0,0.0,1.4,6.8,15.7
20250508004800,28.17599868774414,86.0,0.0,1.6,6.0,24.9
20250508004900,28.17599868774414,86.0,0.0,0.6,6.2,36.2
20250508005000,28.17599868774414,86.0,0.0,0.3,6.9,37.1
20250508005100,28.17599868774414,86.0,0.0,0.4,7.4,30.5
20250508005200,28.17599868774414,86.0,0.0,1.8,6.7,33.1
20250508005300,28.17599868774414,86.0,0.0,1.5,6.3,38.3
20250508005400,28.17599868774414,86.0,0.0,0.7,7.3,19.6
20250508005500,28.17599868774414,86.0,0.0,0.2,7.1,31.8
20250508005600,28.17599868774414,86.0,0.0,1.3,6.6,32.9
20250508005700,28.17599868774414,86.0,0.0,1.8,6.3,37.9
20250508005800,28.17599868774414,86.0,0.0,1.2,7.5,24.7
20250508005900,28.17599868774414,86.0,0.0,0.2,6.6,20.7
20250508010000,27.97599983215332,86.0,0.0,0.8,6.0,32.3
20250508010100,27.97599983215332,86.0,0.0,0.2,7.2,31.6
20250508010200,27.97599983215332,86.0,0.0,1.4,6.7,32.8
20250508010300,27.97599983215332,86.0,0.0,0.3,6.9,27.0
20250508010400,27.97599983215332,86.0,0.0,1.1,6.5,32.2
20250508010500,27.97599983215332,86.0,0.0,0.1,7.3,31.9
20250508010600,27.97599983215332,86.0,0.0,0.5,7.0,35.3
20250508010700,27.97599983215332,86.0,0.0,0.9,7.2,16.0
20250508010800,27.97599983215332,86.0,0.0,0.3,7.4,38.2
20250508010900,27.97599983215332,86.0,0.0,1.3,6.3,37.3
20250508011000,27.97599983215332,86.0,0.0,1.6,7.0,38.4
20250508011100,27.97599983215332,86.0,0.0,1.9,6.1,39.8
20250508011200,27.97599983215332,86.0,0.0,1.1,7.2,32.1
20250508011300,27.97599983215332,86.0,0.0,0.9,7.4,16.3
20250508011400,27.97599983215332,86.0,0.0,1.8,6.5,22.9
20250508011500,27.97599983215332,86.0,0.0,1.6,6.0,30.2
20250508011600,27.97599983215332,86.0,0.0,0.3,7.2,33.7
20250508011700,27.97599983215332,86.0,0.0,2.0,6.9,21.6
20250508011800,27.97599983215332,86.0,0.0,0.4,6.6,23.3
20250508011900,27.97599983215332,86.0,0.0,1.7,7.4,29.1
20250508012000,27.97599983215332,86.0,0.0,0.8,7.3,19.2
20250508012100,27.97599983215332,86.0,0.0,1.8,7.1,25.9
20250508012200,27.97599983215332,86.0,0.0,0.3,6.7,31.0
20250508012300,27.97599983215332,86.0,0.0,1.5,6.8,30.6
20250508012400,27.97599983215332,86.0,0.0,0.7,6.1,19.1
20250508012500,27.97599983215332,86.0,0.0,2.0,6.0,22.4
20250508012600,27.97599983215332,86.0,0.0,1.1,6.1,39.8
20250508012700,27.97599983215332,86.0,0.0,0.9,7.0,23.9
20250508012800,27.97599983215332,86.0,0.0,2.0,6.4,21.0
20250508012900,27.97599983215332,86.0,0.0,0.8,6.5,16.9
20250508013000,27.97599983215332,86.0,0.0,2.0,6.6,39.1
20250508013100,27.97599983215332,86.0,0.0,0.2,6.4,18.6
20250508013200,27.97599983215332,86.0,0.0,1.3,7.1,15.3
20250508013300,27.97599983215332,86.0,0.0,1.3,7.3,18.1
20250508013400,27.97599983215332,86.0,0.0,0.1,6.5,23.8
20250508013500,27.97599983215332,86.0,0.0,1.9,6.9,30.6
20250508013600,27.97599983215332,86.0,0.0,0.5,6.4,25.2
20250508013700,27.97599983215332,86.0,0.0,0.2,7.3,33.5
20250508013800,27.97599983215332,86.0,0.0,0.0,7.4,20.6
20250508013900,27.97599983215332,86.0,0.0,1.8,6.3,24.3
20250508014000,27.97599983215332,86.0,0.0,1.3,6.4,18.7
20250508014100,27.97599983215332,86.0,0.0,1.3,6.8,18.4
20250508014200,27.97599983215332,86.0,0.0,1.3,7.5,39.3
20250508014300,27.97599983215332,86.0,0.0,1.1,6.9,30.6
20250508014400,27.97599983215332,86.0,0.0,0.6,6.6,18.2
20250508014500,27.97599983215332,86.0,0.0,1.7,6.8,39.6
20250508014600,27.97599983215332,86.0,0.0,0.1,6.9,35.0
20250508014700,27.97599983215332,86.0,0.0,0.4,6.4,34.4
20250508014800,27.97599983215332,86.0,0.0,1.3,6.5,19.8
20250508014900,27.97599983215332,86.0,0.0,0.4,7.3,36.6
20250508015000,27.97599983215332,86.0,0.0,1.2,6.1,15.4
20250508015100,27.97599983215332,86.0,0.0,1.6,6.2,25.5
20250508015200,27.97599983215332,86.0,0.0,1.3,6.8,35.4
20250508015300,27.97599983215332,86.0,0.0,0.9,7.1,32.3
20250508015400,27.97599983215332,86.0,0.0,0.4,6.9,36.1
20250508015500,27.97599983215332,86.0,0.0,1.9,6.3,38.5
20250508015600,27.97599983215332,86.0,0.0,0.0,6.8,28.8
20250508015700,27.97599983215332,86.0,0.0,1.3,7.0,31.8
20250508015800,27.97599983215332,86.0,0.0,0.7,6.1,38.8
20250508015900,27.97599983215332,86.0,0.0,1.5,6.8,25.8
20250508020000,27.72599983215332,87.0,0.0,0.9,7.0,15.2
20250508020100,27.72599983215332,87.0,0.0,0.8,7.2,34.0
20250508020200,27.72599983215332,87.0,0.0,0.8,6.8,31.1
20250508020300,27.72599983215332,87.0,0.0,1.6,6.0,20.8
20250508020400,27.72599983215332,87.0,0.0,0.9,7.2,32.5
20250508020500,27.72599983215332,87.0,0.0,1.6,6.3,35.5
20250508020600,27.72599983215332,87.0,0.0,1.6,6.9,27.3
20250508020700,27.72599983215332,87.0,0.0,1.2,6.4,27.9
20250508020800,27.72599983215332,87.0,0.0,0.5,6.6,27.6
20250508020900,27.72599983215332,87.0,0.0,1.7,6.3,17.7
20250508021000,27.72599983215332,87.0,0.0,1.7,6.5,26.8
20250508021100,27.72599983215332,87.0,0.0,1.9,6.8,23.9
20250508021200,27.72599983215332,87.0,0.0,0.5,6.7,18.8
20250508021300,27.72599983215332,87.0,0.0,1.3,6.4,36.5
20250508021400,27.72599983215332,87.0,0.0,1.7,6.7,33.0
20250508021500,27.72599983215332,87.0,0.0,1.9,7.5,15.2
20250508021600,27.72599983215332,87.0,0.0,1.0,7.3,29.3
20250508021700,27.72599983215332,87.0,0.0,0.6,6.7,22.2
20250508021800,27.72599983215332,87.0,0.0,1.4,7.2,27.8
20250508021900,27.72599983215332,87.0,0.0,0.8,7.4,21.9
20250508022000,27.72599983215332,87.0,0.0,1.8,7.0,25.2
20250508022100,27.72599983215332,87.0,0.0,1.6,7.4,37.0
20250508022200,27.72599983215332,87.0,0.0,1.4,6.7,16.6
20250508022300,27.72599983215332,87.0,0.0,0.9,7.2,19.1
20250508022400,27.72599983215332,87.0,0.0,0.5,7.4,16.5
20250508022500,27.72599983215332,87.0,0.0,0.7,6.4,18.8
20250508022600,27.72599983215332,87.0,0.0,0.4,6.4,21.2
20250508022700,27.72599983215332,87.0,0.0,1.4,6.1,30.9
20250508022800,27.72599983215332,87.0,0.0,0.9,6.4,17.9
20250508022900,27.72599983215332,87.0,0.0,1.2,7.1,23.9
20250508023000,27.72599983215332,87.0,0.0,1.0,6.9,19.6
20250508023100,27.72599983215332,87.0,0.0,0.8,7.3,16.8
20250508023200,27.72599983215332,87.0,0.0,1.5,7.4,20.3
20250508023300,27.72599983215332,87.0,0.0,0.2,7.5,33.8
20250508023400,27.72599983215332,87.0,0.0,1.6,7.2,25.5
20250508023500,27.72599983215332,87.0,0.0,0.1,6.0,33.5
20250508023600,27.72599983215332,87.0,0.0,1.0,6.2,34.0
20250508023700,27.72599983215332,87.0,0.0,1.8,6.1,22.4
20250508023800,27.72599983215332,87.0,0.0,1.3,6.6,31.0
20250508023900,27.72599983215332,87.0,0.0,0.8,6.5,35.0
20250508024000,27.72599983215332,87.0,0.0,0.6,7.1,30.9
20250508024100,27.72599983215332,87.0,0.0,1.5,6.1,24.2
20250508024200,27.72599983215332,87.0,0.0,1.7,7.0,19.9
20250508024300,27.72599983215332,87.0,0.0,0.3,7.4,29.0
20250508024400,27.72599983215332,87.0,0.0,1.9,6.3,30.4
20250508024500,27.72599983215332,87.0,0.0,0.7,7.1,19.4
20250508024600,27.72599983215332,87.0,0.0,0.2,6.9,38.9
20250508024700,27.72599983215332,87.0,0.0,1.5,6.9,31.6
20250508024800,27.72599983215332,87.0,0.0,1.1,6.9,25.3
20250508024900,27.72599983215332,87.0,0.0,1.8,6.1,28.8
20250508025000,27.72599983215332,87.0,0.0,1.1,6.5,36.2
20250508025100,27.72599983215332,87.0,0.0,0.9,6.7,37.1
20250508025200,27.72599983215332,87.0,0.0,0.3,6.3,29.8
20250508025300,27.72599983215332,87.0,0.0,1.6,7.3,22.0
20250508025400,27.72599983215332,87.0,0.0,1.6,7.0,27.8
20250508025500,27.72599983215332,87.0,0.0,0.6,6.9,19.0
20250508025600,27.72599983215332,87.0,0.0,1.7,7.2,22.2
20250508025700,27.72599983215332,87.0,0.0,1.6,6.8,26.5
20250508025800,27.72599983215332,87.0,0.0,0.6,6.7,35.2
20250508025900,27.72599983215332,87.0,0.0,1.3,6.3,30.7
20250508030000,27.525999069213867,89.0,0.0,0.6,6.7,16.1
20250508030100,27.525999069213867,89.0,0.0,1.9,6.4,24.7
20250508030200,27.525999069213867,89.0,0.0,1.4,7.3,24.9
20250508030300,27.525999069213867,89.0,0.0,0.0,6.0,18.5
20250508030400,27.525999069213867,89.0,0.0,1.7,6.6,34.2
20250508030500,27.525999069213867,89.0,0.0,0.6,6.9,16.2
20250508030600,27.525999069213867,89.0,0.0,1.7,7.0,39.5
20250508030700,27.525999069213867,89.0,0.0,1.8,6.6,30.8
20250508030800,27.525999069213867,89.0,0.0,0.9,6.4,36.4
20250508030900,27.525999069213867,89.0,0.0,0.0,6.6,36.1
20250508031000,27.525999069213867,89.0,0.0,1.3,6.1,18.5
20250508031100,27.525999069213867,89.0,0.0,0.1,6.3,27.1
20250508031200,27.525999069213867,89.0,0.0,1.7,6.6,30.9
20250508031300,27.525999069213867,89.0,0.0,1.8,6.3,24.5
20250508031400,27.525999069213867,89.0,0.0,0.8,6.4,25.4
20250508031500,27.525999069213867,89.0,0.0,1.0,6.9,30.6
20250508031600,27.525999069213867,89.0,0.0,1.2,6.5,31.6
20250508031700,27.525999069213867,89.0,0.0,0.2,6.9,16.3
20250508031800,27.525999069213867,89.0,0.0,1.5,7.3,17.1
20250508031900,27.525999069213867,89.0,0.0,1.1,7.5,19.7
20250508032000,27.525999069213867,89.0,0.0,1.3,7.1,30.4
20250508032100,27.525999069213867,89.0,0.0,0.1,7.5,20.2
20250508032200,27.525999069213867,89.0,0.0,0.6,6.7,25.2
20250508032300,27.525999069213867,89.0,0.0,0.9,7.3,16.0
20250508032400,27.525999069213867,89.0,0.0,1.4,7.4,30.1
20250508032500,27.525999069213867,89.0,0.0,1.8,6.0,39.7
20250508032600,27.525999069213867,89.0,0.0,0.3,6.7,37.6
20250508032700,27.525999069213867,89.0,0.0,0.8,7.1,37.6
20250508032800,27.525999069213867,89.0,0.0,0.4,7.0,26.7
20250508032900,27.525999069213867,89.0,0.0,0.0,6.3,31.5
20250508033000,27.525999069213867,89.0,0.0,0.7,6.5,20.7
20250508033100,27.525999069213867,89.0,0.0,2.0,6.5,27.1
20250508033200,27.525999069213867,89.0,0.0,1.8,7.1,19.0
20250508033300,27.525999069213867,89.0,0.0,1.0,6.4,37.1
20250508033400,27.525999069213867,89.0,0.0,0.3,7.0,29.9
20250508033500,27.525999069213867,89.0,0.0,0.2,7.0,21.7
20250508033600,27.525999069213867,89.0,0.0,1.4,7.3,15.7
20250508033700,27.525999069213867,89.0,0.0,1.6,6.3,38.1
20250508033800,27.525999069213867,89.0,0.0,1.4,6.1,25.5
20250508033900,27.525999069213867,89.0,0.0,1.7,6.9,30.1
20250508034000,27.525999069213867,89.0,0.0,0.7,6.5,21.8
20250508034100,27.525999069213867,89.0,0.0,0.6,6.6,24.0
20250508034200,27.525999069213867,89.0,0.0,1.6,6.8,27.7
20250508034300,27.525999069213867,89.0,0.0,1.4,7.1,27.6
20250508034400,27.525999069213867,89.0,0.0,0.9,6.0,28.7
20250508034500,27.525999069213867,89.0,0.0,1.7,6.3,18.3
20250508034600,27.525999069213867,89.0,0.0,1.9,7.0,16.3
20250508034700,27.525999069213867,89.0,0.0,1.6,6.1,38.7
20250508034800,27.525999069213867,89.0,0.0,0.3,6.9,17.9
20250508034900,27.525999069213867,89.0,0.0,1.1,6.8,27.1
20250508035000,27.525999069213867,89.0,0.0,1.6,6.8,29.0
20250508035100,27.525999069213867,89.0,0.0,0.3,6.8,32.9
20250508035200,27.525999069213867,89.0,0.0,1.6,7.3,16.9
20250508035300,27.525999069213867,89.0,0.0,0.1,7.2,18.7
20250508035400,27.525999069213867,89.0,0.0,1.4,6.4,24.0
20250508035500,27.525999069213867,89.0,0.0,0.8,7.1,27.5
20250508035600,27.525999069213867,89.0,0.0,1.5,6.1,21.7
20250508035700,27.525999069213867,89.0,0.0,0.3,6.9,29.7
20250508035800,27.525999069213867,89.0,0.0,0.4,6.1,30.6
20250508035900,27.525999069213867,89.0,0.0,1.7,6.2,30.2
20250508040000,27.42599868774414,90.0,0.0,1.8,6.8,25.3
20250508040100,27.42599868774414,90.0,0.0,1.0,7.0,32.4
20250508040200,27.42599868774414,90.0,0.0,1.4,6.9,30.8
20250508040300,27.42599868774414,90.0,0.0,0.5,6.8,29.0
20250508040400,27.42599868774414,90.0,0.0,0.6,7.3,22.9
20250508040500,27.42599868774414,90.0,0.0,0.8,7.0,16.6
20250508040600,27.42599868774414,90.0,0.0,0.5,6.5,16.1
20250508040700,27.42599868774414,90.0,0.0,1.1,6.4,24.8
20250508040800,27.42599868774414,90.0,0.0,0.1,7.0,26.7
20250508040900,27.42599868774414,90.0,0.0,1.9,6.7,21.0
20250508041000,27.42599868774414,90.0,0.0,0.9,6.3,28.1
20250508041100,27.42599868774414,90.0,0.0,0.4,6.9,21.8
20250508041200,27.42599868774414,90.0,0.0,1.2,7.0,32.2
20250508041300,27.42599868774414,90.0,0.0,0.1,7.4,21.8
20250508041400,27.42599868774414,90.0,0.0,0.1,6.2,25.1
20250508041500,27.42599868774414,90.0,0.0,1.0,6.3,32.8
20250508041600,27.42599868774414,90.0,0.0,1.7,6.4,16.6
20250508041700,27.42599868774414,90.0,0.0,1.1,6.4,28.6
20250508041800,27.42599868774414,90.0,0.0,1.0,6.7,32.9
20250508041900,27.42599868774414,90.0,0.0,1.1,6.2,26.6
20250508042000,27.42599868774414,90.0,0.0,1.8,7.3,29.9
20250508042100,27.42599868774414,90.0,0.0,0.4,6.0,18.6
20250508042200,27.42599868774414,90.0,0.0,2.0,6.3,33.8
20250508042300,27.42599868774414,90.0,0.0,1.3,6.9,27.7
20250508042400,27.42599868774414,90.0,0.0,0.4,6.1,17.7
20250508042500,27.42599868774414,90.0,0.0,1.5,6.7,38.5
20250508042600,27.42599868774414,90.0,0.0,1.5,6.1,18.8
20250508042700,27.42599868774414,90.0,0.0,1.9,6.6,35.7
20250508042800,27.42599868774414,90.0,0.0,1.8,6.4,38.2
20250508042900,27.42599868774414,90.0,0.0,1.6,6.6,15.1
20250508043000,27.42599868774414,90.0,0.0,1.4,7.4,17.0
20250508043100,27.42599868774414,90.0,0.0,1.7,6.4,17.2
20250508043200,27.42599868774414,90.0,0.0,1.5,6.7,30.3
20250508043300,27.42599868774414,90.0,0.0,0.8,7.3,39.8
20250508043400,27.42599868774414,90.0,0.0,0.7,7.0,21.2
20250508043500,27.42599868774414,90.0,0.0,0.8,6.1,32.1
20250508043600,27.42599868774414,90.0,0.0,1.7,6.3,30.8
20250508043700,27.42599868774414,90.0,0.0,0.1,6.4,25.3
20250508043800,27.42599868774414,90.0,0.0,1.6,6.3,32.4
20250508043900,27.42599868774414,90.0,0.0,0.7,7.1,21.5
20250508044000,27.42599868774414,90.0,0.0,0.8,6.8,34.4
20250508044100,27.42599868774414,90.0,0.0,1.4,7.4,28.9
20250508044200,27.42599868774414,90.0,0.0,1.1,6.5,29.6
20250508044300,27.42599868774414,90.0,0.0,0.1,7.2,22.0
20250508044400,27.42599868774414,90.0,0.0,1.4,7.5,33.7
20250508044500,27.42599868774414,90.0,0.0,0.6,7.1,30.4
20250508044600,27.42599868774414,90.0,0.0,1.1,7.2,35.5
20250508044700,27.42599868774414,90.0,0.0,1.4,6.8,18.5
20250508044800,27.42599868774414,90.0,0.0,0.4,6.5,38.1
20250508044900,27.42599868774414,90.0,0.0,1.2,7.2,34.0
20250508045000,27.42599868774414,90.0,0.0,0.7,6.0,18.5
20250508045100,27.42599868774414,90.0,0.0,0.1,6.1,37.8
20250508045200,27.42599868774414,90.0,0.0,1.1,6.3,21.7
20250508045300,27.42599868774414,90.0,0.0,0.7,7.4,25.2
20250508045400,27.42599868774414,90.0,0.0,0.8,6.6,16.9
20250508045500,27.42599868774414,90.0,0.0,1.8,6.7,16.1
20250508045600,27.42599868774414,90.0,0.0,0.1,6.3,27.7
20250508045700,27.42599868774414,90.0,0.0,0.4,6.1,15.7
20250508045800,27.42599868774414,90.0,0.0,1.8,7.1,30.3
20250508045900,27.42599868774414,90.0,0.0,0.8,7.1,20.3
20250508050000,27.42599868774414,91.0,0.0,1.5,7.4,30.5
20250508050100,27.42599868774414,91.0,0.0,0.9,6.6,24.1
20250508050200,27.42599868774414,91.0,0.0,1.1,7.0,20.1
20250508050300,27.42599868774414,91.0,0.0,1.6,6.1,34.6
20250508050400,27.42599868774414,91.0,0.0,2.0,6.1,33.3
20250508050500,27.42599868774414,91.0,0.0,1.3,7.2,16.4
20250508050600,27.42599868774414,91.0,0.0,1.2,7.0,29.5
20250508050700,27.42599868774414,91.0,0.0,0.7,7.5,30.7
20250508050800,27.42599868774414,91.0,0.0,1.9,7.2,17.8
20250508050900,27.42599868774414,91.0,0.0,0.0,6.8,26.9
20250508051000,27.42599868774414,91.0,0.0,0.5,6.2,23.7
20250508051100,27.42599868774414,91.0,0.0,1.7,7.2,38.2
20250508051200,27.42599868774414,91.0,0.0,0.3,6.6,24.0
20250508051300,27.42599868774414,91.0,0.0,1.3,6.7,35.3
20250508051400,27.42599868774414,91.0,0.0,0.0,7.3,37.8
20250508051500,27.42599868774414,91.0,0.0,0.6,6.6,29.6
20250508051600,27.42599868774414,91.0,0.0,0.9,6.1,24.6
20250508051700,27.42599868774414,91.0,0.0,0.2,7.1,24.9
20250508051800,27.42599868774414,91.0,0.0,1.7,7.2,29.8
20250508051900,27.42599868774414,91.0,0.0,0.0,6.2,24.8
20250508052000,27.42599868774414,91.0,0.0,1.2,6.4,37.2
20250508052100,27.42599868774414,91.0,0.0,0.5,7.3,18.7
20250508052200,27.42599868774414,91.0,0.0,2.0,6.7,30.2
20250508052300,27.42599868774414,91.0,0.0,1.7,7.4,16.6
20250508052400,27.42599868774414,91.0,0.0,1.4,6.5,22.7
20250508052500,27.42599868774414,91.0,0.0,1.8,6.1,15.9
20250508052600,27.42599868774414,91.0,0.0,1.9,7.0,28.7
20250508052700,27.42599868774414,91.0,0.0,0.8,6.1,31.4
20250508052800,27.42599868774414,91.0,0.0,1.2,7.0,18.8
20250508052900,27.42599868774414,91.0,0.0,1.8,6.9,34.8
20250508053000,27.42599868774414,91.0,0.0,1.5,7.3,20.5
20250508053100,27.42599868774414,91.0,0.0,0.2,6.3,35.3
20250508053200,27.42599868774414,91.0,0.0,1.1,6.8,38.3
20250508053300,27.42599868774414,91.0,0.0,0.8,6.6,22.7
20250508053400,27.42599868774414,91.0,0.0,1.8,6.1,23.0
20250508053500,27.42599868774414,91.0,0.0,0.2,6.7,37.2
20250508053600,27.42599868774414,91.0,0.0,1.4,6.4,36.2
20250508053700,27.42599868774414,91.0,0.0,0.8,6.0,21.1
20250508053800,27.42599868774414,91.0,0.0,0.2,7.2,35.5
20250508053900,27.42599868774414,91.0,0.0,0.9,7.0,28.2
20250508054000,27.42599868774414,91.0,0.0,0.6,7.1,28.2
20250508054100,27.42599868774414,91.0,0.0,0.5,7.3,29.0
20250508054200,27.42599868774414,91.0,0.0,0.3,6.9,36.6
20250508054300,27.42599868774414,91.0,0.0,0.1,7.1,17.5
20250508054400,27.42599868774414,91.0,0.0,0.7,6.5,16.8
20250508054500,27.42599868774414,91.0,0.0,0.5,6.5,15.1
20250508054600,27.42599868774414,91.0,0.0,0.7,7.3,26.9
20250508054700,27.42599868774414,91.0,0.0,0.2,7.4,21.9
20250508054800,27.42599868774414,91.0,0.0,1.5,6.5,37.8
20250508054900,27.42599868774414,91.0,0.0,1.0,7.1,24.6
20250508055000,27.42599868774414,91.0,0.0,1.6,6.9,21.3
20250508055100,27.42599868774414,91.0,0.0,1.7,7.2,36.0
20250508055200,27.42599868774414,91.0,0.0,0.9,6.5,29.9
20250508055300,27.42599868774414,91.0,0.0,2.0,6.4,35.5
20250508055400,27.42599868774414,91.0,0.0,1.3,6.4,19.5
20250508055500,27.42599868774414,91.0,0.0,0.5,6.4,24.5
20250508055600,27.42599868774414,91.0,0.0,1.1,7.4,19.3
20250508055700,27.42599868774414,91.0,0.0,0.1,7.3,38.1
20250508055800,27.42599868774414,91.0,0.0,0.5,6.4,15.6
20250508055900,27.42599868774414,91.0,0.0,1.9,6.6,20.3
20250508060000,27.525999069213867,91.0,0.0,0.5,7.3,31.8
20250508060100,27.525999069213867,91.0,0.0,0.3,7.5,23.5
20250508060200,27.525999069213867,91.0,0.0,1.7,6.8,17.8
20250508060300,27.525999069213867,91.0,0.0,0.8,6.9,34.6
20250508060400,27.525999069213867,91.0,0.0,0.9,6.2,19.9
20250508060500,27.525999069213867,91.0,0.0,0.0,6.9,18.0
20250508060600,27.525999069213867,91.0,0.0,1.7,7.2,16.8
20250508060700,27.525999069213867,91.0,0.0,1.6,6.8,19.1
20250508060800,27.525999069213867,91.0,0.0,0.6,6.9,29.6
20250508060900,27.525999069213867,91.0,0.0,0.8,6.8,28.8
20250508061000,27.525999069213867,91.0,0.0,1.5,7.1,35.4
20250508061100,27.525999069213867,91.0,0.0,1.7,6.8,36.1
20250508061200,27.525999069213867,91.0,0.0,0.0,6.0,35.6
20250508061300,27.525999069213867,91.0,0.0,1.0,6.4,23.1
20250508061400,27.525999069213867,91.0,0.0,0.5,6.6,27.3
20250508061500,27.525999069213867,91.0,0.0,1.0,6.4,17.0
20250508061600,27.525999069213867,91.0,0.0,1.6,7.4,36.0
20250508061700,27.525999069213867,91.0,0.0,1.8,6.6,21.2
20250508061800,27.525999069213867,91.0,0.0,0.3,6.3,21.2
20250508061900,27.525999069213867,91.0,0.0,1.3,7.5,36.3
20250508062000,27.525999069213867,91.0,0.0,0.4,7.0,24.6
20250508062100,27.525999069213867,91.0,0.0,0.9,6.3,23.0
20250508062200,27.525999069213867,91.0,0.0,1.1,6.5,32.0
20250508062300,27.525999069213867,91.0,0.0,0.8,7.1,30.7
20250508062400,27.525999069213867,91.0,0.0,1.0,6.1,29.9
20250508062500,27.525999069213867,91.0,0.0,1.8,7.0,35.9
20250508062600,27.525999069213867,91.0,0.0,1.5,6.7,23.2
20250508062700,27.525999069213867,91.0,0.0,1.4,7.1,29.3
20250508062800,27.525999069213867,91.0,0.0,1.7,6.2,34.0
20250508062900,27.525999069213867,91.0,0.0,0.2,6.1,36.3
20250508063000,27.525999069213867,91.0,0.0,1.0,7.2,19.3
20250508063100,27.525999069213867,91.0,0.0,1.5,7.3,37.7
20250508063200,27.525999069213867,91.0,0.0,1.4,6.8,39.5
20250508063300,27.525999069213867,91.0,0.0,0.1,7.4,20.3
20250508063400,27.525999069213867,91.0,0.0,1.4,6.8,26.5
20250508063500,27.525999069213867,91.0,0.0,1.8,7.1,30.8
20250508063600,27.525999069213867,91.0,0.0,1.5,6.8,26.8
20250508063700,27.525999069213867,91.0,0.0,0.9,6.1,18.3
20250508063800,27.525999069213867,91.0,0.0,1.6,6.2,26.6
20250508063900,27.525999069213867,91.0,0.0,0.9,7.5,28.3
20250508064000,27.525999069213867,91.0,0.0,0.4,7.5,38.4
20250508064100,27.525999069213867,91.0,0.0,0.1,6.1,20.1
20250508064200,27.525999069213867,91.0,0.0,0.6,7.1,35.4
20250508064300,27.525999069213867,91.0,0.0,0.8,6.3,29.5
20250508064400,27.525999069213867,91.0,0.0,1.0,7.1,36.0
20250508064500,27.525999069213867,91.0,0.0,1.5,7.1,20.4
20250508064600,27.525999069213867,91.0,0.0,0.4,7.5,19.1
20250508064700,27.525999069213867,91.0,0.0,1.2,7.0,27.4
20250508064800,27.525999069213867,91.0,0.0,0.9,6.4,24.9
20250508064900,27.525999069213867,91.0,0.0,1.4,6.1,35.9
20250508065000,27.525999069213867,91.0,0.0,1.5,7.3,29.4
20250508065100,27.525999069213867,91.0,0.0,1.5,6.4,18.5
20250508065200,27.525999069213867,91.0,0.0,0.9,7.5,19.9
20250508065300,27.525999069213867,91.0,0.0,0.0,6.3,32.0
20250508065400,27.525999069213867,91.0,0.0,0.3,6.1,28.1
20250508065500,27.525999069213867,91.0,0.0,1.0,6.5,32.0
20250508065600,27.525999069213867,91.0,0.0,1.0,7.4,34.2
20250508065700,27.525999069213867,91.0,0.0,1.9,6.5,27.3
20250508065800,27.525999069213867,91.0,0.0,0.3,6.4,39.2
20250508065900,27.525999069213867,91.0,0.0,0.9,6.4,33.6
20250508070000,28.025999069213867,89.0,0.0,1.4,6.0,20.8
20250508070100,28.025999069213867,89.0,0.0,1.9,6.5,22.9
20250508070200,28.025999069213867,89.0,0.0,0.2,7.1,32.5
20250508070300,28.025999069213867,89.0,0.0,1.7,7.1,38.6
20250508070400,28.025999069213867,89.0,0.0,0.8,6.5,28.5
20250508070500,28.025999069213867,89.0,0.0,1.9,6.2,33.3
20250508070600,28.025999069213867,89.0,0.0,2.0,6.8,29.1
20250508070700,28.025999069213867,89.0,0.0,1.5,7.1,17.3
20250508070800,28.025999069213867,89.0,0.0,0.4,6.2,32.4
20250508070900,28.025999069213867,89.0,0.0,1.0,7.3,33.4
20250508071000,28.025999069213867,89.0,0.0,0.4,6.8,34.7
20250508071100,28.025999069213867,89.0,0.0,1.8,7.4,16.5
20250508071200,28.025999069213867,89.0,0.0,0.1,6.0,27.4
20250508071300,28.025999069213867,89.0,0.0,0.4,6.3,29.0
20250508071400,28.025999069213867,89.0,0.0,1.1,6.6,31.4
20250508071500,28.025999069213867,89.0,0.0,1.7,7.0,31.0
20250508071600,28.025999069213867,89.0,0.0,0.0,6.3,28.7
20250508071700,28.025999069213867,89.0,0.0,0.4,6.5,33.8
20250508071800,28.025999069213867,89.0,0.0,0.2,7.0,20.0
20250508071900,28.025999069213867,89.0,0.0,1.8,7.0,20.7
20250508072000,28.025999069213867,89.0,0.0,1.5,7.2,30.8
20250508072100,28.025999069213867,89.0,0.0,2.0,6.8,16.7
20250508072200,28.025999069213867,89.0,0.0,1.1,6.9,26.5
20250508072300,28.025999069213867,89.0,0.0,1.0,7.0,16.4
20250508072400,28.025999069213867,89.0,0.0,1.2,7.2,31.1
20250508072500,28.025999069213867,89.0,0.0,1.3,6.0,19.0
20250508072600,28.025999069213867,89.0,0.0,0.9,7.4,19.3
20250508072700,28.025999069213867,89.0,0.0,0.2,7.1,20.1
20250508072800,28.025999069213867,89.0,0.0,1.6,6.9,16.7
20250508072900,28.025999069213867,89.0,0.0,0.5,6.1,28.0
20250508073000,28.025999069213867,89.0,0.0,0.3,6.4,28.7
20250508073100,28.025999069213867,89.0,0.0,1.8,7.4,28.8
20250508073200,28.025999069213867,89.0,0.0,0.6,7.3,28.6
20250508073300,28.025999069213867,89.0,0.0,0.4,6.6,24.2
20250508073400,28.025999069213867,89.0,0.0,0.7,6.8,21.7
20250508073500,28.025999069213867,89.0,0.0,1.5,7.5,30.8
20250508073600,28.025999069213867,89.0,0.0,0.2,6.4,32.1
20250508073700,28.025999069213867,89.0,0.0,0.4,6.4,29.0
20250508073800,28.025999069213867,89.0,0.0,0.2,6.0,20.0
20250508073900,28.025999069213867,89.0,0.0,1.4,6.7,18.6
20250508074000,28.025999069213867,89.0,0.0,1.2,6.8,15.6
20250508074100,28.025999069213867,89.0,0.0,1.2,6.6,31.9
20250508074200,28.025999069213867,89.0,0.0,0.8,6.2,15.1
20250508074300,28.025999069213867,89.0,0.0,1.9,7.5,37.9
20250508074400,28.025999069213867,89.0,0.0,1.0,6.5,35.7
20250508074500,28.025999069213867,89.0,0.0,0.2,7.2,24.4
20250508074600,28.025999069213867,89.0,0.0,0.5,6.7,28.1
20250508074700,28.025999069213867,89.0,0.0,1.2,7.0,35.6
20250508074800,28.025999069213867,89.0,0.0,0.3,7.0,26.4
20250508074900,28.025999069213867,89.0,0.0,0.7,6.2,28.2
20250508075000,28.025999069213867,89.0,0.0,1.3,7.2,37.3
20250508075100,28.025999069213867,89.0,0.0,1.6,6.0,36.3
20250508075200,28.025999069213867,89.0,0.0,1.7,7.0,30.4
20250508075300,28.025999069213867,89.0,0.0,1.6,7.3,34.7
20250508075400,28.025999069213867,89.0,0.0,1.0,7.4,16.4
20250508075500,28.025999069213867,89.0,0.0,1.6,7.4,37.4
20250508075600,28.025999069213867,89.0,0.0,1.9,6.2,37.3
20250508075700,28.025999069213867,89.0,0.0,0.1,6.9,23.3
20250508075800,28.025999069213867,89.0,0.0,1.3,7.5,20.3
20250508075900,28.025999069213867,89.0,0.0,1.2,7.3,34.7
20250508080000,29.125999450683594,83.0,0.0,0.7,7.0,26.3
20250508080100,29.125999450683594,83.0,0.0,1.8,6.1,35.0
20250508080200,29.125999450683594,83.0,0.0,1.0,7.5,20.1
20250508080300,29.125999450683594,83.0,0.0,0.7,7.1,31.3
20250508080400,29.125999450683594,83.0,0.0,0.1,6.2,27.7
20250508080500,29.125999450683594,83.0,0.0,1.1,7.1,36.1
20250508080600,29.125999450683594,83.0,0.0,1.6,7.3,15.2
20250508080700,29.125999450683594,83.0,0.0,0.2,6.7,38.7
20250508080800,29.125999450683594,83.0,0.0,1.2,7.5,39.2
20250508080900,29.125999450683594,83.0,0.0,0.1,6.3,23.3
20250508081000,29.125999450683594,83.0,0.0,1.5,6.5,26.3
20250508081100,29.125999450683594,83.0,0.0,1.5,6.5,15.6
20250508081200,29.125999450683594,83.0,0.0,1.4,6.4,25.3
20250508081300,29.125999450683594,83.0,0.0,0.5,6.4,33.8
20250508081400,29.125999450683594,83.0,0.0,1.6,6.2,38.2
20250508081500,29.125999450683594,83.0,0.0,2.0,7.3,28.1
20250508081600,29.125999450683594,83.0,0.0,0.0,7.2,21.7
20250508081700,29.125999450683594,83.0,0.0,2.0,6.5,17.2
20250508081800,29.125999450683594,83.0,0.0,0.4,6.5,29.1
20250508081900,29.125999450683594,83.0,0.0,1.2,7.1,38.3
20250508082000,29.125999450683594,83.0,0.0,1.2,7.3,37.3
20250508082100,29.125999450683594,83.0,0.0,1.9,7.3,21.0
20250508082200,29.125999450683594,83.0,0.0,0.8,6.4,24.7
20250508082300,29.125999450683594,83.0,0.0,1.0,7.2,33.9
20250508082400,29.125999450683594,83.0,0.0,0.3,6.1,36.0
20250508082500,29.125999450683594,83.0,0.0,0.2,7.0,16.4
20250508082600,29.125999450683594,83.0,0.0,1.7,7.0,16.6
20250508082700,29.125999450683594,83.0,0.0,1.3,7.0,36.5
20250508082800,29.125999450683594,83.0,0.0,1.6,6.1,34.6
20250508082900,29.125999450683594,83.0,0.0,1.7,7.0,31.4
20250508083000,29.125999450683594,83.0,0.0,0.0,7.3,34.1
20250508083100,29.125999450683594,83.0,0.0,1.3,6.6,26.5
20250508083200,29.125999450683594,83.0,0.0,1.3,6.7,38.6
20250508083300,29.125999450683594,83.0,0.0,0.6,6.9,32.3
20250508083400,29.125999450683594,83.0,0.0,1.6,6.8,30.5
20250508083500,29.125999450683594,83.0,0.0,1.8,6.1,15.1
20250508083600,29.125999450683594,83.0,0.0,0.5,7.1,28.9
20250508083700,29.125999450683594,83.0,0.0,1.8,6.8,38.1
20250508083800,29.125999450683594,83.0,0.0,1.4,6.4,36.7
20250508083900,29.125999450683594,83.0,0.0,0.8,7.5,31.4
20250508084000,29.125999450683594,83.0,0.0,1.4,6.1,35.3
20250508084100,29.125999450683594,83.0,0.0,1.2,7.1,19.7
20250508084200,29.125999450683594,83.0,0.0,1.3,6.7,24.1
20250508084300,29.125999450683594,83.0,0.0,1.0,6.2,33.0
20250508084400,29.125999450683594,83.0,0.0,0.5,7.3,34.6
20250508084500,29.125999450683594,83.0,0.0,1.5,7.4,28.4
20250508084600,29.125999450683594,83.0,0.0,1.2,7.3,25.1
20250508084700,29.125999450683594,83.0,0.0,0.1,7.5,25.0
20250508084800,29.125999450683594,83.0,0.0,0.1,6.4,35.7
20250508084900,29.125999450683594,83.0,0.0,1.5,6.1,28.2
20250508085000,29.125999450683594,83.0,0.0,0.6,6.8,25.5
20250508085100,29.125999450683594,83.0,0.0,1.9,7.2,19.5
20250508085200,29.125999450683594,83.0,0.0,1.3,7.5,19.8
20250508085300,29.125999450683594,83.0,0.0,1.4,6.3,27.1
20250508085400,29.125999450683594,83.0,0.0,1.3,7.2,38.9
20250508085500,29.125999450683594,83.0,0.0,1.3,6.9,29.5
20250508085600,29.125999450683594,83.0,0.0,1.2,7.4,30.4
20250508085700,29.125999450683594,83.0,0.0,1.5,6.2,28.1
20250508085800,29.125999450683594,83.0,0.0,0.5,7.1,39.2
20250508085900,29.125999450683594,83.0,0.0,1.6,7.4,28.6
20250508090000,30.575998306274414,75.0,0.0,1.2,6.9,28.9
20250508090100,30.575998306274414,75.0,0.0,1.1,7.4,33.2
20250508090200,30.575998306274414,75.0,0.0,0.0,7.5,23.8
20250508090300,30.575998306274414,75.0,0.0,1.3,7.5,30.2
20250508090400,30.575998306274414,75.0,0.0,0.2,7.3,34.5
20250508090500,30.575998306274414,75.0,0.0,0.5,7.3,33.2
20250508090600,30.575998306274414,75.0,0.0,0.3,6.5,30.4
20250508090700,30.575998306274414,75.0,0.0,1.5,6.1,27.8
20250508090800,30.575998306274414,75.0,0.0,0.6,6.4,34.8
20250508090900,30.575998306274414,75.0,0.0,0.7,7.4,38.2
20250508091000,30.575998306274414,75.0,0.0,0.8,7.0,36.9
20250508091100,30.575998306274414,75.0,0.0,1.0,6.5,33.5
20250508091200,30.575998306274414,75.0,0.0,0.6,7.5,28.5
20250508091300,30.575998306274414,75.0,0.0,0.9,7.3,18.0
20250508091400,30.575998306274414,75.0,0.0,0.6,7.3,35.5
20250508091500,30.575998306274414,75.0,0.0,0.3,6.7,34.3
20250508091600,30.575998306274414,75.0,0.0,0.3,6.9,34.0
20250508091700,30.575998306274414,75.0,0.0,0.6,6.8,16.8
20250508091800,30.575998306274414,75.0,0.0,1.9,6.7,30.2
20250508091900,30.575998306274414,75.0,0.0,0.6,7.3,39.8
20250508092000,30.575998306274414,75.0,0.0,0.7,6.3,17.6
20250508092100,30.575998306274414,75.0,0.0,0.9,7.4,29.6
20250508092200,30.575998306274414,75.0,0.0,1.8,6.0,33.7
20250508092300,30.575998306274414,75.0,0.0,1.1,7.4,30.9
20250508092400,30.575998306274414,75.0,0.0,0.0,7.2,19.9
20250508092500,30.575998306274414,75.0,0.0,0.6,6.4,20.2
20250508092600,30.575998306274414,75.0,0.0,0.5,6.9,39.9
20250508092700,30.575998306274414,75.0,0.0,0.2,7.3,38.0
20250508092800,30.575998306274414,75.0,0.0,1.7,6.3,36.1
20250508092900,30.575998306274414,75.0,0.0,1.5,6.8,26.2
20250508093000,30.575998306274414,75.0,0.0,0.6,6.8,27.3
20250508093100,30.575998306274414,75.0,0.0,0.9,7.3,37.1
20250508093200,30.575998306274414,75.0,0.0,1.2,6.1,18.5
20250508093300,30.575998306274414,75.0,0.0,1.2,7.0,31.2
20250508093400,30.575998306274414,75.0,0.0,1.5,7.3,22.1
20250508093500,30.575998306274414,75.0,0.0,1.7,7.1,22.2
20250508093600,30.575998306274414,75.0,0.0,0.4,6.4,33.1
20250508093700,30.575998306274414,75.0,0.0,1.8,6.6,31.8
20250508093800,30.575998306274414,75.0,0.0,0.9,6.4,22.2
20250508093900,30.575998306274414,75.0,0.0,0.6,6.5,30.3
20250508094000,30.575998306274414,75.0,0.0,1.1,6.2,22.8
20250508094100,30.575998306274414,75.0,0.0,1.0,6.9,15.9
20250508094200,30.575998306274414,75.0,0.0,1.1,6.3,33.9
20250508094300,30.575998306274414,75.0,0.0,0.3,6.9,34.1
20250508094400,30.575998306274414,75.0,0.0,1.6,6.1,24.6
20250508094500,30.575998306274414,75.0,0.0,1.7,6.2,24.3
20250508094600,30.575998306274414,75.0,0.0,2.0,6.8,39.7
20250508094700,30.575998306274414,75.0,0.0,0.1,7.2,30.5
20250508094800,30.575998306274414,75.0,0.0,0.3,7.0,22.5
20250508094900,30.575998306274414,75.0,0.0,1.0,7.3,25.9
20250508095000,30.575998306274414,75.0,0.0,0.7,7.0,15.1
20250508095100,30.575998306274414,75.0,0.0,1.1,6.1,21.6
20250508095200,30.575998306274414,75.0,0.0,0.8,7.4,20.0
20250508095300,30.575998306274414,75.0,0.0,1.9,7.0,35.7
20250508095400,30.575998306274414,75.0,0.0,2.0,6.5,30.2
20250508095500,30.575998306274414,75.0,0.0,1.8,7.2,37.1
20250508095600,30.575998306274414,75.0,0.0,0.9,6.7,15.2
20250508095700,30.575998306274414,75.0,0.0,1.2,7.4,16.1
20250508095800,30.575998306274414,75.0,0.0,0.9,6.0,30.1
20250508095900,30.575998306274414,75.0,0.0,0.5,6.8,39.5
20250508100000,31.97599983215332,67.0,0.0,1.7,6.4,17.0
20250508100100,31.97599983215332,67.0,0.0,1.5,6.3,15.3
20250508100200,31.97599983215332,67.0,0.0,0.7,6.8,29.4
20250508100300,31.97599983215332,67.0,0.0,0.4,7.0,22.8
20250508100400,31.97599983215332,67.0,0.0,0.5,6.6,35.2
20250508100500,31.97599983215332,67.0,0.0,1.4,7.0,21.3
20250508100600,31.97599983215332,67.0,0.0,0.1,6.2,28.1
20250508100700,31.97599983215332,67.0,0.0,0.2,6.2,35.5
20250508100800,31.97599983215332,67.0,0.0,1.7,7.3,35.1
20250508100900,31.97599983215332,67.0,0.0,0.1,6.7,26.8
20250508101000,31.97599983215332,67.0,0.0,1.6,6.2,18.0
20250508101100,31.97599983215332,67.0,0.0,0.8,7.2,16.5
20250508101200,31.97599983215332,67.0,0.0,1.8,6.9,18.5
20250508101300,31.97599983215332,67.0,0.0,0.4,6.2,30.4
20250508101400,31.97599983215332,67.0,0.0,0.3,6.3,16.7
20250508101500,31.97599983215332,67.0,0.0,1.2,7.1,23.9
20250508101600,31.97599983215332,67.0,0.0,1.7,6.2,38.6
20250508101700,31.97599983215332,67.0,0.0,1.8,6.7,39.3
20250508101800,31.97599983215332,67.0,0.0,1.9,6.1,23.8
20250508101900,31.97599983215332,67.0,0.0,1.3,7.3,38.9
20250508102000,31.97599983215332,67.0,0.0,0.7,7.4,28.3
20250508102100,31.97599983215332,67.0,0.0,0.7,6.3,26.0
20250508102200,31.97599983215332,67.0,0.0,1.8,7.4,25.4
20250508102300,31.97599983215332,67.0,0.0,1.9,7.1,21.5
20250508102400,31.97599983215332,67.0,0.0,1.5,6.1,28.6
20250508102500,31.97599983215332,67.0,0.0,0.4,6.2,20.2
20250508102600,31.97599983215332,67.0,0.0,0.3,6.7,15.5
20250508102700,31.97599983215332,67.0,0.0,1.9,6.7,36.6
20250508102800,31.97599983215332,67.0,0.0,1.3,6.7,26.6
20250508102900,31.97599983215332,67.0,0.0,0.7,6.6,32.4
20250508103000,31.97599983215332,67.0,0.0,0.3,6.2,16.5
20250508103100,31.97599983215332,67.0,0.0,1.8,7.3,20.1
20250508103200,31.97599983215332,67.0,0.0,0.5,6.1,16.4
20250508103300,31.97599983215332,67.0,0.0,0.8,7.3,15.2
20250508103400,31.97599983215332,67.0,0.0,0.3,6.6,22.7
20250508103500,31.97599983215332,67.0,0.0,0.2,6.9,38.6
20250508103600,31.97599983215332,67.0,0.0,1.1,6.1,19.8
20250508103700,31.97599983215332,67.0,0.0,1.7,7.0,20.6
20250508103800,31.97599983215332,67.0,0.0,0.7,7.4,19.9
20250508103900,31.97599983215332,67.0,0.0,0.9,6.4,18.4
20250508104000,31.97599983215332,67.0,0.0,1.3,6.3,28.1
20250508104100,31.97599983215332,67.0,0.0,1.1,7.2,22.5
20250508104200,31.97599983215332,67.0,0.0,1.8,6.8,32.7
20250508104300,31.97599983215332,67.0,0.0,0.3,6.4,25.2
20250508104400,31.97599983215332,67.0,0.0,0.6,7.4,30.5
20250508104500,31.97599983215332,67.0,0.0,1.4,6.4,15.0
20250508104600,31.97599983215332,67.0,0.0,0.3,6.9,32.8
20250508104700,31.97599983215332,67.0,0.0,1.6,7.4,16.0
20250508104800,31.97599983215332,67.0,0.0,1.5,6.5,32.3
20250508104900,31.97599983215332,67.0,0.0,0.1,6.7,36.0
20250508105000,31.97599983215332,67.0,0.0,0.4,6.3,29.2
20250508105100,31.97599983215332,67.0,0.0,1.2,7.3,25.3
20250508105200,31.97599983215332,67.0,0.0,0.1,7.0,15.0
20250508105300,31.97599983215332,67.0,0.0,1.7,7.4,33.9
20250508105400,31.97599983215332,67.0,0.0,1.6,6.5,28.5
20250508105500,31.97599983215332,67.0,0.0,1.2,6.7,31.0
20250508105600,31.97599983215332,67.0,0.0,1.1,7.2,29.9
20250508105700,31.97599983215332,67.0,0.0,0.6,6.7,20.0
20250508105800,31.97599983215332,67.0,0.0,1.5,7.2,16.8
20250508105900,31.97599983215332,67.0,0.0,2.0,6.2,18.1
20250508110000,33.22600173950195,61.0,0.0,1.9,6.8,24.3
20250508110100,33.22600173950195,61.0,0.0,0.5,6.0,32.8
20250508110200,33.22600173950195,61.0,0.0,1.7,7.5,32.9
20250508110300,33.22600173950195,61.0,0.0,1.2,6.4,39.3
20250508110400,33.22600173950195,61.0,0.0,0.6,7.1,35.2
20250508110500,33.22600173950195,61.0,0.0,0.1,6.2,30.4
20250508110600,33.22600173950195,61.0,0.0,0.6,7.0,18.8
20250508110700,33.22600173950195,61.0,0.0,1.0,6.2,36.9
20250508110800,33.22600173950195,61.0,0.0,1.3,6.5,27.4
20250508110900,33.22600173950195,61.0,0.0,1.7,6.8,39.0
20250508111000,33.22600173950195,61.0,0.0,0.9,7.2,33.4
20250508111100,33.22600173950195,61.0,0.0,0.3,7.4,31.7
20250508111200,33.22600173950195,61.0,0.0,1.2,6.4,35.8
20250508111300,33.22600173950195,61.0,0.0,1.3,6.2,32.8
20250508111400,33.22600173950195,61.0,0.0,0.7,7.2,23.7
20250508111500,33.22600173950195,61.0,0.0,0.9,6.5,16.3
20250508111600,33.22600173950195,61.0,0.0,0.8,6.1,39.2
20250508111700,33.22600173950195,61.0,0.0,0.9,6.1,15.9
20250508111800,33.22600173950195,61.0,0.0,0.3,6.8,16.2
20250508111900,33.22600173950195,61.0,0.0,1.6,6.6,35.4
20250508112000,33.22600173950195,61.0,0.0,0.0,6.6,24.9
20250508112100,33.22600173950195,61.0,0.0,1.9,7.1,21.6
20250508112200,33.22600173950195,61.0,0.0,1.2,6.1,26.6
20250508112300,33.22600173950195,61.0,0.0,0.1,7.4,36.4
20250508112400,33.22600173950195,61.0,0.0,1.4,7.3,25.2
20250508112500,33.22600173950195,61.0,0.0,0.6,6.8,38.4
20250508112600,33.22600173950195,61.0,0.0,0.9,7.1,16.1
20250508112700,33.22600173950195,61.0,0.0,1.4,7.3,30.7
20250508112800,33.22600173950195,61.0,0.0,1.2,6.7,34.9
20250508112900,33.22600173950195,61.0,0.0,1.8,6.8,19.5
20250508113000,33.22600173950195,61.0,0.0,0.7,7.2,37.9
20250508113100,33.22600173950195,61.0,0.0,0.2,6.4,24.5
20250508113200,33.22600173950195,61.0,0.0,0.5,6.4,27.9
20250508113300,33.22600173950195,61.0,0.0,1.2,7.2,38.8
20250508113400,33.22600173950195,61.0,0.0,0.6,6.5,18.4
20250508113500,33.22600173950195,61.0,0.0,1.3,6.8,19.6
20250508113600,33.22600173950195,61.0,0.0,1.7,6.4,34.4
20250508113700,33.22600173950195,61.0,0.0,0.5,6.8,37.8
20250508113800,33.22600173950195,61.0,0.0,0.5,7.0,32.8
20250508113900,33.22600173950195,61.0,0.0,0.2,6.5,26.6
20250508114000,33.22600173950195,61.0,0.0,1.4,7.4,27.0
20250508114100,33.22600173950195,61.0,0.0,1.6,6.7,35.3
20250508114200,33.22600173950195,61.0,0.0,0.5,6.8,29.3
20250508114300,33.22600173950195,61.0,0.0,0.2,7.2,25.0
20250508114400,33.22600173950195,61.0,0.0,1.6,6.3,36.6
20250508114500,33.22600173950195,61.0,0.0,0.9,7.4,36.4
20250508114600,33.22600173950195,61.0,0.0,0.9,6.6,35.2
20250508114700,33.22600173950195,61.0,0.0,2.0,7.3,25.5
20250508114800,33.22600173950195,61.0,0.0,0.4,7.4,28.6
20250508114900,33.22600173950195,61.0,0.0,1.0,6.4,21.4
20250508115000,33.22600173950195,61.0,0.0,1.3,6.7,27.3
20250508115100,33.22600173950195,61.0,0.0,0.8,7.2,21.9
20250508115200,33.22600173950195,61.0,0.0,0.3,6.3,17.4
20250508115300,33.22600173950195,61.0,0.0,0.3,6.1,24.4
20250508115400,33.22600173950195,61.0,0.0,1.2,7.2,20.2
20250508115500,33.22600173950195,61.0,0.0,0.7,7.1,20.2
20250508115600,33.22600173950195,61.0,0.0,0.7,7.0,27.3
20250508115700,33.22600173950195,61.0,0.0,0.5,6.5,35.9
20250508115800,33.22600173950195,61.0,0.0,0.8,6.5,35.5
20250508115900,33.22600173950195,61.0,0.0,1.2,6.5,20.4
20250508120000,34.47600173950195,55.0,0.0,0.5,7.3,19.2
20250508120100,34.47600173950195,55.0,0.0,1.8,7.4,37.2
20250508120200,34.47600173950195,55.0,0.0,0.1,6.7,21.8
20250508120300,34.47600173950195,55.0,0.0,1.1,7.5,20.3
20250508120400,34.47600173950195,55.0,0.0,0.3,6.8,35.7
20250508120500,34.47600173950195,55.0,0.0,1.2,6.6,17.3
20250508120600,34.47600173950195,55.0,0.0,1.5,7.0,19.3
20250508120700,34.47600173950195,55.0,0.0,0.2,6.3,39.9
20250508120800,34.47600173950195,55.0,0.0,1.0,7.1,24.9
20250508120900,34.47600173950195,55.0,0.0,0.9,6.3,33.0
20250508121000,34.47600173950195,55.0,0.0,1.0,6.0,26.2
20250508121100,34.47600173950195,55.0,0.0,0.8,7.4,36.6
20250508121200,34.47600173950195,55.0,0.0,0.6,7.3,37.3
20250508121300,34.47600173950195,55.0,0.0,0.1,6.6,30.3
20250508121400,34.47600173950195,55.0,0.0,1.7,6.8,22.8
20250508121500,34.47600173950195,55.0,0.0,0.9,7.2,37.4
20250508121600,34.47600173950195,55.0,0.0,0.9,7.0,32.6
20250508121700,34.47600173950195,55.0,0.0,1.8,7.0,18.9
20250508121800,34.47600173950195,55.0,0.0,0.2,6.9,25.9
20250508121900,34.47600173950195,55.0,0.0,0.3,6.9,24.8
20250508122000,34.47600173950195,55.0,0.0,1.9,6.7,24.7
20250508122100,34.47600173950195,55.0,0.0,0.7,7.4,34.3
20250508122200,34.47600173950195,55.0,0.0,0.2,7.4,22.9
20250508122300,34.47600173950195,55.0,0.0,0.3,7.5,33.4
20250508122400,34.47600173950195,55.0,0.0,0.1,6.7,33.6
20250508122500,34.47600173950195,55.0,0.0,0.0,7.1,37.4
20250508122600,34.47600173950195,55.0,0.0,0.0,6.9,16.9
20250508122700,34.47600173950195,55.0,0.0,1.1,6.6,34.3
20250508122800,34.47600173950195,55.0,0.0,1.7,7.5,33.7
20250508122900,34.47600173950195,55.0,0.0,1.3,6.4,36.4
20250508123000,34.47600173950195,55.0,0.0,1.2,6.4,16.6
20250508123100,34.47600173950195,55.0,0.0,0.6,6.9,16.1
20250508123200,34.47600173950195,55.0,0.0,0.6,6.1,29.4
20250508123300,34.47600173950195,55.0,0.0,1.2,6.3,21.8
20250508123400,34.47600173950195,55.0,0.0,0.8,7.4,15.6
20250508123500,34.47600173950195,55.0,0.0,1.0,6.0,26.2
20250508123600,34.47600173950195,55.0,0.0,0.7,6.6,29.1
20250508123700,34.47600173950195,55.0,0.0,0.5,6.3,38.7
20250508123800,34.47600173950195,55.0,0.0,1.3,6.5,32.1
20250508123900,34.47600173950195,55.0,0.0,0.5,7.2,16.6
20250508124000,34.47600173950195,55.0,0.0,1.4,6.3,35.6
20250508124100,34.47600173950195,55.0,0.0,1.9,7.0,39.3
20250508124200,34.47600173950195,55.0,0.0,0.6,7.2,19.4
20250508124300,34.47600173950195,55.0,0.0,0.2,6.9,34.5
20250508124400,34.47600173950195,55.0,0.0,1.9,6.2,19.9
20250508124500,34.47600173950195,55.0,0.0,1.0,6.7,25.1
20250508124600,34.47600173950195,55.0,0.0,1.8,7.5,30.2
20250508124700,34.47600173950195,55.0,0.0,0.4,6.1,19.4
20250508124800,34.47600173950195,55.0,0.0,0.6,6.1,20.9
20250508124900,34.47600173950195,55.0,0.0,1.8,6.4,16.2
20250508125000,34.47600173950195,55.0,0.0,1.6,7.0,25.6
20250508125100,34.47600173950195,55.0,0.0,0.9,7.0,15.4
20250508125200,34.47600173950195,55.0,0.0,1.3,7.2,28.1
20250508125300,34.47600173950195,55.0,0.0,1.6,7.2,28.5
20250508125400,34.47600173950195,55.0,0.0,1.1,7.1,16.0
20250508125500,34.47600173950195,55.0,0.0,1.6,6.6,22.9
20250508125600,34.47600173950195,55.0,0.0,1.9,6.8,37.5
20250508125700,34.47600173950195,55.0,0.0,1.4,6.8,36.0
20250508125800,34.47600173950195,55.0,0.0,0.3,6.6,17.1
20250508125900,34.47600173950195,55.0,0.0,0.9,6.4,34.6
20250508130000,35.32600021362305,51.0,0.0,0.6,6.8,29.5
20250508130100,35.32600021362305,51.0,0.0,1.1,6.8,31.0
20250508130200,35.32600021362305,51.0,0.0,0.8,7.4,16.1
20250508130300,35.32600021362305,51.0,0.0,1.4,6.8,35.1
20250508130400,35.32600021362305,51.0,0.0,1.8,7.5,19.6
20250508130500,35.32600021362305,51.0,0.0,0.2,7.2,24.4
20250508130600,35.32600021362305,51.0,0.0,1.4,7.2,37.6
20250508130700,35.32600021362305,51.0,0.0,1.3,7.4,17.8
20250508130800,35.32600021362305,51.0,0.0,1.9,6.1,34.9
20250508130900,35.32600021362305,51.0,0.0,1.7,7.2,15.5
20250508131000,35.32600021362305,51.0,0.0,0.1,6.9,15.0
20250508131100,35.32600021362305,51.0,0.0,0.7,6.7,34.2
20250508131200,35.32600021362305,51.0,0.0,1.7,7.5,26.2
20250508131300,35.32600021362305,51.0,0.0,1.7,6.8,31.4
20250508131400,35.32600021362305,51.0,0.0,0.3,7.2,27.2
20250508131500,35.32600021362305,51.0,0.0,1.8,6.7,31.7
20250508131600,35.32600021362305,51.0,0.0,0.8,6.5,30.0
20250508131700,35.32600021362305,51.0,0.0,0.7,7.3,37.9
20250508131800,35.32600021362305,51.0,0.0,1.2,7.4,29.1
20250508131900,35.32600021362305,51.0,0.0,0.5,7.1,22.7
20250508132000,35.32600021362305,51.0,0.0,1.8,6.2,19.0
20250508132100,35.32600021362305,51.0,0.0,0.4,6.7,24.7
20250508132200,35.32600021362305,51.0,0.0,0.1,7.1,20.9
20250508132300,35.32600021362305,51.0,0.0,0.3,6.5,19.4
20250508132400,35.32600021362305,51.0,0.0,1.7,7.3,31.4
20250508132500,35.32600021362305,51.0,0.0,1.7,7.1,36.6
20250508132600,35.32600021362305,51.0,0.0,1.9,6.0,39.9
20250508132700,35.32600021362305,51.0,0.0,0.6,6.6,23.1
20250508132800,35.32600021362305,51.0,0.0,1.8,6.5,25.6
20250508132900,35.32600021362305,51.0,0.0,0.8,7.2,33.8
20250508133000,35.32600021362305,51.0,0.0,1.4,7.3,28.3
20250508133100,35.32600021362305,51.0,0.0,1.8,6.5,25.3
20250508133200,35.32600021362305,51.0,0.0,0.1,6.7,38.5
20250508133300,35.32600021362305,51.0,0.0,0.0,6.2,18.3
20250508133400,35.32600021362305,51.0,0.0,1.6,6.3,33.2
20250508133500,35.32600021362305,51.0,0.0,2.0,6.7,25.4
20250508133600,35.32600021362305,51.0,0.0,0.4,6.1,18.8
20250508133700,35.32600021362305,51.0,0.0,1.2,6.6,34.5
20250508133800,35.32600021362305,51.0,0.0,0.1,6.4,35.1
20250508133900,35.32600021362305,51.0,0.0,0.2,6.6,23.8
20250508134000,35.32600021362305,51.0,0.0,1.4,6.0,22.4
20250508134100,35.32600021362305,51.0,0.0,1.8,7.1,33.6
20250508134200,35.32600021362305,51.0,0.0,1.9,7.3,31.5
20250508134300,35.32600021362305,51.0,0.0,0.4,6.4,28.0
20250508134400,35.32600021362305,51.0,0.0,0.6,6.9,29.9
20250508134500,35.32600021362305,51.0,0.0,1.8,6.4,15.1
20250508134600,35.32600021362305,51.0,0.0,1.2,7.0,27.2
20250508134700,35.32600021362305,51.0,0.0,0.2,6.3,32.6
20250508134800,35.32600021362305,51.0,0.0,1.7,7.0,31.1
20250508134900,35.32600021362305,51.0,0.0,1.4,6.5,39.0
20250508135000,35.32600021362305,51.0,0.0,1.9,6.4,33.3
20250508135100,35.32600021362305,51.0,0.0,1.7,7.2,16.6
20250508135200,35.32600021362305,51.0,0.0,1.6,6.7,36.0
20250508135300,35.32600021362305,51.0,0.0,1.3,7.4,29.6
20250508135400,35.32600021362305,51.0,0.0,1.9,7.2,32.8
20250508135500,35.32600021362305,51.0,0.0,1.2,7.4,34.0
20250508135600,35.32600021362305,51.0,0.0,1.6,7.3,36.2
20250508135700,35.32600021362305,51.0,0.0,0.9,6.9,32.1
20250508135800,35.32600021362305,51.0,0.0,0.8,6.6,36.5
20250508135900,35.32600021362305,51.0,0.0,0.6,7.5,37.6
20250508140000,35.7760009765625,48.0,0.0,0.4,6.1,21.1
20250508140100,35.7760009765625,48.0,0.0,1.3,7.3,25.5
20250508140200,35.7760009765625,48.0,0.0,0.1,6.3,29.2
20250508140300,35.7760009765625,48.0,0.0,0.2,6.4,18.5
20250508140400,35.7760009765625,48.0,0.0,1.5,7.0,17.2
20250508140500,35.7760009765625,48.0,0.0,1.8,6.8,19.9
20250508140600,35.7760009765625,48.0,0.0,0.6,6.5,21.5
20250508140700,35.7760009765625,48.0,0.0,2.0,7.1,32.0
20250508140800,35.7760009765625,48.0,0.0,0.1,6.8,27.5
20250508140900,35.7760009765625,48.0,0.0,1.4,6.9,37.4
20250508141000,35.7760009765625,48.0,0.0,1.8,6.0,32.5
20250508141100,35.7760009765625,48.0,0.0,1.8,6.9,39.9
20250508141200,35.7760009765625,48.0,0.0,0.4,6.8,38.1
20250508141300,35.7760009765625,48.0,0.0,0.2,6.6,23.7
20250508141400,35.7760009765625,48.0,0.0,0.4,7.2,18.2
20250508141500,35.7760009765625,48.0,0.0,1.8,7.2,35.8
20250508141600,35.7760009765625,48.0,0.0,1.5,6.7,30.3
20250508141700,35.7760009765625,48.0,0.0,0.8,7.3,32.6
20250508141800,35.7760009765625,48.0,0.0,1.9,7.5,25.7
20250508141900,35.7760009765625,48.0,0.0,1.6,7.0,23.5
20250508142000,35.7760009765625,48.0,0.0,0.2,6.6,32.8
20250508142100,35.7760009765625,48.0,0.0,0.8,6.2,23.4
20250508142200,35.7760009765625,48.0,0.0,0.6,6.6,18.1
20250508142300,35.7760009765625,48.0,0.0,0.5,7.2,25.1
20250508142400,35.7760009765625,48.0,0.0,0.5,6.4,30.5
20250508142500,35.7760009765625,48.0,0.0,1.1,7.0,20.2
20250508142600,35.7760009765625,48.0,0.0,1.4,6.3,20.4
20250508142700,35.7760009765625,48.0,0.0,1.8,6.2,25.3
20250508142800,35.7760009765625,48.0,0.0,0.5,6.1,15.1
20250508142900,35.7760009765625,48.0,0.0,0.1,6.2,23.0
20250508143000,35.7760009765625,48.0,0.0,1.7,6.8,18.6
20250508143100,35.7760009765625,48.0,0.0,0.9,6.8,17.7
20250508143200,35.7760009765625,48.0,0.0,0.4,7.1,20.3
20250508143300,35.7760009765625,48.0,0.0,1.4,6.6,28.7
20250508143400,35.7760009765625,48.0,0.0,1.9,7.3,24.3
20250508143500,35.7760009765625,48.0,0.0,0.6,6.8,18.7
20250508143600,35.7760009765625,48.0,0.0,1.0,6.7,29.9
20250508143700,35.7760009765625,48.0,0.0,0.2,7.0,31.3
20250508143800,35.7760009765625,48.0,0.0,0.2,7.1,18.8
20250508143900,35.7760009765625,48.0,0.0,1.7,6.8,27.0
20250508144000,35.7760009765625,48.0,0.0,0.1,6.5,19.4
20250508144100,35.7760009765625,48.0,0.0,0.8,7.0,31.6
20250508144200,35.7760009765625,48.0,0.0,1.6,6.8,23.0
20250508144300,35.7760009765625,48.0,0.0,1.7,6.9,24.8
20250508144400,35.7760009765625,48.0,0.0,1.9,7.0,16.2
20250508144500,35.7760009765625,48.0,0.0,1.0,6.8,22.7
20250508144600,35.7760009765625,48.0,0.0,0.6,6.1,21.8
20250508144700,35.7760009765625,48.0,0.0,0.9,7.2,20.4
20250508144800,35.7760009765625,48.0,0.0,1.9,6.1,23.9
20250508144900,35.7760009765625,48.0,0.0,1.7,6.0,31.0
20250508145000,35.7760009765625,48.0,0.0,0.9,6.7,27.6
20250508145100,35.7760009765625,48.0,0.0,0.1,6.8,33.7
20250508145200,35.7760009765625,48.0,0.0,0.3,6.2,29.2
20250508145300,35.7760009765625,48.0,0.0,0.4,6.7,24.5
20250508145400,35.7760009765625,48.0,0.0,1.5,7.3,29.7
20250508145500,35.7760009765625,48.0,0.0,0.9,6.2,29.1
20250508145600,35.7760009765625,48.0,0.0,1.8,6.6,18.1
20250508145700,35.7760009765625,48.0,0.0,0.3,6.7,33.7
20250508145800,35.7760009765625,48.0,0.0,0.9,7.2,38.7
20250508145900,35.7760009765625,48.0,0.0,1.7,6.7,27.6
20250508150000,35.875999450683594,47.0,0.0,0.9,6.7,38.5
20250508150100,35.875999450683594,47.0,0.0,1.3,6.8,27.6
20250508150200,35.875999450683594,47.0,0.0,0.5,6.1,20.2
20250508150300,35.875999450683594,47.0,0.0,1.7,6.9,18.3
20250508150400,35.875999450683594,47.0,0.0,1.5,7.0,18.2
20250508150500,35.875999450683594,47.0,0.0,1.9,6.9,19.7
20250508150600,35.875999450683594,47.0,0.0,1.3,6.8,35.0
20250508150700,35.875999450683594,47.0,0.0,1.9,7.1,16.0
20250508150800,35.875999450683594,47.0,0.0,0.2,7.4,31.3
20250508150900,35.875999450683594,47.0,0.0,1.3,7.4,25.9
20250508151000,35.875999450683594,47.0,0.0,0.3,6.9,17.4
20250508151100,35.875999450683594,47.0,0.0,0.5,7.4,29.8
20250508151200,35.875999450683594,47.0,0.0,0.1,7.3,27.6
20250508151300,35.875999450683594,47.0,0.0,1.0,7.0,22.9
20250508151400,35.875999450683594,47.0,0.0,0.1,6.1,35.3
20250508151500,35.875999450683594,47.0,0.0,0.7,7.2,18.4
20250508151600,35.875999450683594,47.0,0.0,1.8,7.1,38.8
20250508151700,35.875999450683594,47.0,0.0,1.5,7.0,26.4
20250508151800,35.875999450683594,47.0,0.0,0.6,6.1,19.4
20250508151900,35.875999450683594,47.0,0.0,0.5,7.1,27.8
20250508152000,35.875999450683594,47.0,0.0,1.6,7.0,22.1
20250508152100,35.875999450683594,47.0,0.0,1.5,6.9,36.6
20250508152200,35.875999450683594,47.0,0.0,1.9,6.4,29.9
20250508152300,35.875999450683594,47.0,0.0,1.2,6.7,18.1
20250508152400,35.875999450683594,47.0,0.0,1.4,6.7,29.8
20250508152500,35.875999450683594,47.0,0.0,1.5,6.4,15.0
20250508152600,35.875999450683594,47.0,0.0,1.5,7.0,39.1
20250508152700,35.875999450683594,47.0,0.0,0.5,6.3,21.7
20250508152800,35.875999450683594,47.0,0.0,0.3,7.2,23.0
20250508152900,35.875999450683594,47.0,0.0,1.8,7.1,35.7
20250508153000,35.875999450683594,47.0,0.0,1.6,7.1,36.6
20250508153100,35.875999450683594,47.0,0.0,1.0,6.6,39.3
20250508153200,35.875999450683594,47.0,0.0,1.5,6.2,25.1
20250508153300,35.875999450683594,47.0,0.0,1.4,6.1,20.1
20250508153400,35.875999450683594,47.0,0.0,0.2,6.2,39.6
20250508153500,35.875999450683594,47.0,0.0,2.0,6.4,21.4
20250508153600,35.875999450683594,47.0,0.0,1.2,7.3,15.3
20250508153700,35.875999450683594,47.0,0.0,1.6,7.4,22.1
20250508153800,35.875999450683594,47.0,0.0,1.9,6.4,24.7
20250508153900,35.875999450683594,47.0,0.0,0.7,6.8,26.4
20250508154000,35.875999450683594,47.0,0.0,1.4,7.1,32.3
20250508154100,35.875999450683594,47.0,0.0,0.9,6.6,26.5
20250508154200,35.875999450683594,47.0,0.0,1.2,6.6,21.6
20250508154300,35.875999450683594,47.0,0.0,1.6,6.5,21.4
20250508154400,35.875999450683594,47.0,0.0,0.5,6.9,29.9
20250508154500,35.875999450683594,47.0,0.0,1.9,6.2,36.4
20250508154600,35.875999450683594,47.0,0.0,1.6,7.3,26.4
20250508154700,35.875999450683594,47.0,0.0,1.7,7.0,28.5
20250508154800,35.875999450683594,47.0,0.0,1.0,7.2,33.7
20250508154900,35.875999450683594,47.0,0.0,1.7,6.2,17.0
20250508155000,35.875999450683594,47.0,0.0,0.8,6.7,33.6
20250508155100,35.875999450683594,47.0,0.0,0.2,6.5,35.7
20250508155200,35.875999450683594,47.0,0.0,0.4,7.5,29.9
20250508155300,35.875999450683594,47.0,0.0,1.4,6.1,37.2
20250508155400,35.875999450683594,47.0,0.0,0.8,7.3,22.9
20250508155500,35.875999450683594,47.0,0.0,1.6,7.2,16.5
20250508155600,35.875999450683594,47.0,0.0,1.4,7.3,29.0
20250508155700,35.875999450683594,47.0,0.0,1.3,6.9,32.0
20250508155800,35.875999450683594,47.0,0.0,0.2,7.3,39.4
20250508155900,35.875999450683594,47.0,0.0,1.1,7.2,34.9
20250508160000,35.676002502441406,47.0,0.0,0.7,7.2,15.6
20250508160100,35.676002502441406,47.0,0.0,1.7,6.3,25.3
20250508160200,35.676002502441406,47.0,0.0,0.3,7.1,32.8
20250508160300,35.676002502441406,47.0,0.0,1.5,6.1,27.9
20250508160400,35.676002502441406,47.0,0.0,1.3,6.6,35.7
20250508160500,35.676002502441406,47.0,0.0,1.8,6.1,20.1
20250508160600,35.676002502441406,47.0,0.0,1.4,6.3,19.4
20250508160700,35.676002502441406,47.0,0.0,0.5,7.5,27.7
20250508160800,35.676002502441406,47.0,0.0,1.0,6.5,35.8
20250508160900,35.676002502441406,47.0,0.0,0.4,6.2,20.5
20250508161000,35.676002502441406,47.0,0.0,1.2,7.4,28.7
20250508161100,35.676002502441406,47.0,0.0,0.2,6.2,24.8
20250508161200,35.676002502441406,47.0,0.0,1.4,6.2,31.0
20250508161300,35.676002502441406,47.0,0.0,0.8,7.5,22.4
20250508161400,35.676002502441406,47.0,0.0,1.4,6.7,26.4
20250508161500,35.676002502441406,47.0,0.0,1.1,6.8,25.0
20250508161600,35.676002502441406,47.0,0.0,0.9,6.5,27.4
20250508161700,35.676002502441406,47.0,0.0,1.2,6.6,16.4
20250508161800,35.676002502441406,47.0,0.0,0.4,6.8,32.9
20250508161900,35.676002502441406,47.0,0.0,1.5,6.8,34.2
20250508162000,35.676002502441406,47.0,0.0,0.0,6.1,24.4
20250508162100,35.676002502441406,47.0,0.0,0.7,6.1,28.5
20250508162200,35.676002502441406,47.0,0.0,1.4,6.8,21.3
20250508162300,35.676002502441406,47.0,0.0,1.1,7.1,26.4
20250508162400,35.676002502441406,47.0,0.0,1.8,7.0,24.6
20250508162500,35.676002502441406,47.0,0.0,1.5,6.3,39.9
20250508162600,35.676002502441406,47.0,0.0,1.6,7.0,15.3
20250508162700,35.676002502441406,47.0,0.0,1.4,6.8,25.2
20250508162800,35.676002502441406,47.0,0.0,0.9,7.1,28.9
20250508162900,35.676002502441406,47.0,0.0,0.6,6.6,36.7
20250508163000,35.676002502441406,47.0,0.0,0.6,6.9,34.8
20250508163100,35.676002502441406,47.0,0.0,0.7,7.1,38.8
20250508163200,35.676002502441406,47.0,0.0,1.5,6.3,16.8
20250508163300,35.676002502441406,47.0,0.0,2.0,6.1,16.7
20250508163400,35.676002502441406,47.0,0.0,1.0,7.4,15.2
20250508163500,35.676002502441406,47.0,0.0,0.7,6.7,33.7
20250508163600,35.676002502441406,47.0,0.0,0.4,6.8,31.8
20250508163700,35.676002502441406,47.0,0.0,0.7,6.4,16.1
20250508163800,35.676002502441406,47.0,0.0,0.3,6.6,36.5
20250508163900,35.676002502441406,47.0,0.0,0.5,6.5,33.7
20250508164000,35.676002502441406,47.0,0.0,1.6,7.4,19.2
20250508164100,35.676002502441406,47.0,0.0,0.1,7.3,31.3
20250508164200,35.676002502441406,47.0,0.0,1.8,6.8,38.2
20250508164300,35.676002502441406,47.0,0.0,1.1,7.0,22.5
20250508164400,35.676002502441406,47.0,0.0,1.4,6.5,22.5
20250508164500,35.676002502441406,47.0,0.0,1.0,6.9,24.9
20250508164600,35.676002502441406,47.0,0.0,1.9,6.3,32.3
20250508164700,35.676002502441406,47.0,0.0,0.9,6.7,33.3
20250508164800,35.676002502441406,47.0,0.0,0.8,6.2,21.9
20250508164900,35.676002502441406,47.0,0.0,0.4,7.3,38.1
20250508165000,35.676002502441406,47.0,0.0,1.1,6.7,34.9
20250508165100,35.676002502441406,47.0,0.0,1.4,6.1,16.1
20250508165200,35.676002502441406,47.0,0.0,1.8,6.3,20.1
20250508165300,35.676002502441406,47.0,0.0,1.2,6.5,29.5
20250508165400,35.676002502441406,47.0,0.0,1.1,7.4,36.3
20250508165500,35.676002502441406,47.0,0.0,2.0,6.1,31.1
20250508165600,35.676002502441406,47.0,0.0,0.9,7.3,23.0
20250508165700,35.676002502441406,47.0,0.0,0.5,7.3,31.8
20250508165800,35.676002502441406,47.0,0.0,1.7,6.7,38.3
20250508165900,35.676002502441406,47.0,0.0,1.5,7.4,24.7
20250508170000,35.07600021362305,50.0,0.0,0.4,7.3,15.3
20250508170100,35.07600021362305,50.0,0.0,1.1,6.8,36.1
20250508170200,35.07600021362305,50.0,0.0,1.3,7.3,25.9
20250508170300,35.07600021362305,50.0,0.0,2.0,6.9,27.3
20250508170400,35.07600021362305,50.0,0.0,1.7,6.9,28.9
20250508170500,35.07600021362305,50.0,0.0,1.4,7.3,27.4
20250508170600,35.07600021362305,50.0,0.0,0.1,6.5,30.9
20250508170700,35.07600021362305,50.0,0.0,0.4,7.5,21.5
20250508170800,35.07600021362305,50.0,0.0,0.0,6.4,27.2
20250508170900,35.07600021362305,50.0,0.0,1.2,6.9,28.5
20250508171000,35.07600021362305,50.0,0.0,1.8,6.3,21.2
20250508171100,35.07600021362305,50.0,0.0,1.7,7.4,16.4
20250508171200,35.07600021362305,50.0,0.0,1.5,7.3,28.4
20250508171300,35.07600021362305,50.0,0.0,1.4,6.6,22.2
20250508171400,35.07600021362305,50.0,0.0,0.4,7.2,32.7
20250508171500,35.07600021362305,50.0,0.0,1.2,6.7,18.5
20250508171600,35.07600021362305,50.0,0.0,1.3,7.5,28.2
20250508171700,35.07600021362305,50.0,0.0,0.3,7.1,29.9
20250508171800,35.07600021362305,50.0,0.0,0.1,6.1,26.7
20250508171900,35.07600021362305,50.0,0.0,0.1,7.4,32.9
20250508172000,35.07600021362305,50.0,0.0,1.0,6.4,23.5
20250508172100,35.07600021362305,50.0,0.0,1.0,6.2,32.0
20250508172200,35.07600021362305,50.0,0.0,1.3,7.2,30.0
20250508172300,35.07600021362305,50.0,0.0,0.8,6.9,19.6
20250508172400,35.07600021362305,50.0,0.0,0.1,6.3,37.7
20250508172500,35.07600021362305,50.0,0.0,1.5,6.8,34.6
20250508172600,35.07600021362305,50.0,0.0,1.3,6.0,36.3
20250508172700,35.07600021362305,50.0,0.0,1.7,6.7,22.7
20250508172800,35.07600021362305,50.0,0.0,0.9,6.1,32.0
20250508172900,35.07600021362305,50.0,0.0,1.9,7.1,38.3
20250508173000,35.07600021362305,50.0,0.0,1.5,6.5,16.1
20250508173100,35.07600021362305,50.0,0.0,0.4,7.0,38.2
20250508173200,35.07600021362305,50.0,0.0,1.4,6.7,29.8
20250508173300,35.07600021362305,50.0,0.0,1.2,6.5,26.2
20250508173400,35.07600021362305,50.0,0.0,0.1,7.1,30.1
20250508173500,35.07600021362305,50.0,0.0,0.4,7.0,35.3
20250508173600,35.07600021362305,50.0,0.0,0.4,6.9,32.2
20250508173700,35.07600021362305,50.0,0.0,1.5,6.6,31.8
20250508173800,35.07600021362305,50.0,0.0,1.8,7.0,18.7
20250508173900,35.07600021362305,50.0,0.0,0.6,6.5,33.5
20250508174000,35.07600021362305,50.0,0.0,1.7,7.5,28.7
20250508174100,35.07600021362305,50.0,0.0,0.7,6.9,19.6
20250508174200,35.07600021362305,50.0,0.0,1.3,6.3,26.3
20250508174300,35.07600021362305,50.0,0.0,0.9,7.1,38.7
20250508174400,35.07600021362305,50.0,0.0,0.3,7.1,22.2
20250508174500,35.07600021362305,50.0,0.0,1.7,6.4,35.9
20250508174600,35.07600021362305,50.0,0.0,0.1,6.3,26.1
20250508174700,35.07600021362305,50.0,0.0,1.2,7.0,21.0
20250508174800,35.07600021362305,50.0,0.0,0.5,6.9,21.6
20250508174900,35.07600021362305,50.0,0.0,0.6,6.9,34.9
20250508175000,35.07600021362305,50.0,0.0,1.2,6.9,39.6
20250508175100,35.07600021362305,50.0,0.0,1.3,6.8,16.0
20250508175200,35.07600021362305,50.0,0.0,0.4,6.0,30.6
20250508175300,35.07600021362305,50.0,0.0,0.5,6.9,39.6
20250508175400,35.07600021362305,50.0,0.0,1.6,6.1,34.6
20250508175500,35.07600021362305,50.0,0.0,1.4,7.1,34.4
20250508175600,35.07600021362305,50.0,0.0,0.7,6.8,20.4
20250508175700,35.07600021362305,50.0,0.0,0.2,6.3,21.9
20250508175800,35.07600021362305,50.0,0.0,0.1,6.6,22.0
20250508175900,35.07600021362305,50.0,0.0,1.1,6.4,38.1
20250508180000,34.176002502441406,56.0,0.0,0.5,7.5,17.2
20250508180100,34.176002502441406,56.0,0.0,1.9,7.4,27.7
20250508180200,34.176002502441406,56.0,0.0,1.0,6.9,18.1
20250508180300,34.176002502441406,56.0,0.0,0.8,6.6,29.0
20250508180400,34.176002502441406,56.0,0.0,1.1,6.9,38.4
20250508180500,34.176002502441406,56.0,0.0,1.5,6.3,20.8
20250508180600,34.176002502441406,56.0,0.0,0.7,7.1,38.8
20250508180700,34.176002502441406,56.0,0.0,0.3,6.1,24.4
20250508180800,34.176002502441406,56.0,0.0,1.7,7.0,36.9
20250508180900,34.176002502441406,56.0,0.0,0.3,6.9,28.7
20250508181000,34.176002502441406,56.0,0.0,0.3,7.3,18.6
20250508181100,34.176002502441406,56.0,0.0,0.8,6.2,37.7
20250508181200,34.176002502441406,56.0,0.0,2.0,7.1,29.8
20250508181300,34.176002502441406,56.0,0.0,1.8,7.2,38.8
20250508181400,34.176002502441406,56.0,0.0,0.5,6.4,27.5
20250508181500,34.176002502441406,56.0,0.0,0.8,6.2,36.3
20250508181600,34.176002502441406,56.0,0.0,1.7,6.2,35.8
20250508181700,34.176002502441406,56.0,0.0,0.6,7.4,37.2
20250508181800,34.176002502441406,56.0,0.0,1.6,7.4,39.1
20250508181900,34.176002502441406,56.0,0.0,1.4,6.7,16.0
20250508182000,34.176002502441406,56.0,0.0,1.6,7.1,21.9
20250508182100,34.176002502441406,56.0,0.0,0.6,7.1,20.6
20250508182200,34.176002502441406,56.0,0.0,0.6,7.1,28.0
20250508182300,34.176002502441406,56.0,0.0,1.6,6.2,18.3
20250508182400,34.176002502441406,56.0,0.0,0.7,7.2,25.4
20250508182500,34.176002502441406,56.0,0.0,0.3,6.0,35.6
20250508182600,34.176002502441406,56.0,0.0,0.7,6.7,26.6
20250508182700,34.176002502441406,56.0,0.0,0.9,6.9,15.8
20250508182800,34.176002502441406,56.0,0.0,1.7,6.7,22.7
20250508182900,34.176002502441406,56.0,0.0,0.1,6.2,16.4
20250508183000,34.176002502441406,56.0,0.0,0.1,7.2,37.8
20250508183100,34.176002502441406,56.0,0.0,1.6,6.6,15.3
20250508183200,34.176002502441406,56.0,0.0,0.3,7.2,23.6
20250508183300,34.176002502441406,56.0,0.0,0.6,7.3,29.7
20250508183400,34.176002502441406,56.0,0.0,0.6,6.8,38.1
20250508183500,34.176002502441406,56.0,0.0,0.2,6.9,18.6
20250508183600,34.176002502441406,56.0,0.0,0.1,6.2,36.1
20250508183700,34.176002502441406,56.0,0.0,1.3,7.1,26.0
20250508183800,34.176002502441406,56.0,0.0,0.4,7.3,26.3
20250508183900,34.176002502441406,56.0,0.0,1.3,6.2,23.0
20250508184000,34.176002502441406,56.0,0.0,0.5,7.1,38.5
20250508184100,34.176002502441406,56.0,0.0,0.1,6.8,30.2
20250508184200,34.176002502441406,56.0,0.0,0.4,6.8,36.9
20250508184300,34.176002502441406,56.0,0.0,1.2,7.4,15.8
20250508184400,34.176002502441406,56.0,0.0,1.0,6.8,30.9
20250508184500,34.176002502441406,56.0,0.0,1.1,6.2,25.1
20250508184600,34.176002502441406,56.0,0.0,1.9,6.7,36.2
20250508184700,34.176002502441406,56.0,0.0,1.7,6.9,28.3
20250508184800,34.176002502441406,56.0,0.0,0.9,7.0,31.4
20250508184900,34.176002502441406,56.0,0.0,1.0,6.8,27.9
20250508185000,34.176002502441406,56.0,0.0,1.5,6.6,25.4
20250508185100,34.176002502441406,56.0,0.0,1.6,7.2,26.9
20250508185200,34.176002502441406,56.0,0.0,1.1,7.5,35.6
20250508185300,34.176002502441406,56.0,0.0,1.6,6.1,31.9
20250508185400,34.176002502441406,56.0,0.0,1.9,6.4,33.7
20250508185500,34.176002502441406,56.0,0.0,1.9,6.4,34.1
20250508185600,34.176002502441406,56.0,0.0,0.4,7.3,34.6
20250508185700,34.176002502441406,56.0,0.0,0.7,6.1,15.9
20250508185800,34.176002502441406,56.0,0.0,1.7,6.1,38.9
20250508185900,34.176002502441406,56.0,0.0,0.5,6.4,33.6
20250508190000,33.176002502441406,61.0,0.0,0.9,6.8,34.3
20250508190100,33.176002502441406,61.0,0.0,1.4,6.6,27.0
20250508190200,33.176002502441406,61.0,0.0,0.3,6.4,15.3
20250508190300,33.176002502441406,61.0,0.0,0.7,6.4,17.6
20250508190400,33.176002502441406,61.0,0.0,1.9,6.0,15.7
20250508190500,33.176002502441406,61.0,0.0,0.9,6.1,31.3
20250508190600,33.176002502441406,61.0,0.0,1.8,6.9,15.5
20250508190700,33.176002502441406,61.0,0.0,0.8,6.8,23.5
20250508190800,33.176002502441406,61.0,0.0,1.2,7.4,28.7
20250508190900,33.176002502441406,61.0,0.0,1.8,6.1,20.5
20250508191000,33.176002502441406,61.0,0.0,1.4,6.1,36.1
20250508191100,33.176002502441406,61.0,0.0,0.5,6.4,25.0
20250508191200,33.176002502441406,61.0,0.0,1.3,7.4,38.0
20250508191300,33.176002502441406,61.0,0.0,1.8,6.9,22.0
20250508191400,33.176002502441406,61.0,0.0,0.9,6.1,19.3
20250508191500,33.176002502441406,61.0,0.0,1.4,7.4,18.9
20250508191600,33.176002502441406,61.0,0.0,1.3,6.6,22.4
20250508191700,33.176002502441406,61.0,0.0,1.2,7.4,27.5
20250508191800,33.176002502441406,61.0,0.0,0.9,6.3,30.2
20250508191900,33.176002502441406,61.0,0.0,0.9,6.2,32.0
20250508192000,33.176002502441406,61.0,0.0,1.3,7.0,16.9
20250508192100,33.176002502441406,61.0,0.0,1.0,6.2,22.4
20250508192200,33.176002502441406,61.0,0.0,0.1,7.3,37.0
20250508192300,33.176002502441406,61.0,0.0,1.3,6.1,34.5
20250508192400,33.176002502441406,61.0,0.0,1.0,6.7,39.8
20250508192500,33.176002502441406,61.0,0.0,0.2,6.4,30.0
20250508192600,33.176002502441406,61.0,0.0,1.8,6.4,25.7
20250508192700,33.176002502441406,61.0,0.0,1.5,6.4,18.2
20250508192800,33.176002502441406,61.0,0.0,1.8,6.7,31.1
20250508192900,33.176002502441406,61.0,0.0,1.0,6.3,23.2
20250508193000,33.176002502441406,61.0,0.0,1.0,6.7,35.4
20250508193100,33.176002502441406,61.0,0.0,1.0,6.1,18.5
20250508193200,33.176002502441406,61.0,0.0,1.0,6.2,35.8
20250508193300,33.176002502441406,61.0,0.0,0.1,7.0,39.6
20250508193400,33.176002502441406,61.0,0.0,0.0,6.2,24.0
20250508193500,33.176002502441406,61.0,0.0,0.7,6.4,36.3
20250508193600,33.176002502441406,61.0,0.0,1.8,6.9,24.6
20250508193700,33.176002502441406,61.0,0.0,0.9,6.5,31.6
20250508193800,33.176002502441406,61.0,0.0,1.6,6.4,30.4
20250508193900,33.176002502441406,61.0,0.0,1.6,6.4,36.6
20250508194000,33.176002502441406,61.0,0.0,1.7,6.4,28.7
20250508194100,33.176002502441406,61.0,0.0,1.9,6.4,33.7
20250508194200,33.176002502441406,61.0,0.0,0.9,6.6,22.9
20250508194300,33.176002502441406,61.0,0.0,0.9,7.1,23.8
20250508194400,33.176002502441406,61.0,0.0,2.0,7.2,39.7
20250508194500,33.176002502441406,61.0,0.0,1.5,6.4,37.0
20250508194600,33.176002502441406,61.0,0.0,0.5,6.0,26.3
20250508194700,33.176002502441406,61.0,0.0,0.6,6.6,39.0
20250508194800,33.176002502441406,61.0,0.0,0.2,7.5,21.8
20250508194900,33.176002502441406,61.0,0.0,0.4,7.0,20.4
20250508195000,33.176002502441406,61.0,0.0,1.6,7.1,21.2
20250508195100,33.176002502441406,61.0,0.0,1.2,7.5,15.7
20250508195200,33.176002502441406,61.0,0.0,0.6,6.1,22.2
20250508195300,33.176002502441406,61.0,0.0,1.5,7.0,27.1
20250508195400,33.176002502441406,61.0,0.0,1.8,6.9,22.2
20250508195500,33.176002502441406,61.0,0.0,0.9,7.1,36.7
20250508195600,33.176002502441406,61.0,0.0,1.4,6.7,17.7
20250508195700,33.176002502441406,61.0,0.0,1.3,7.3,28.2
20250508195800,33.176002502441406,61.0,0.0,0.5,6.3,31.8
20250508195900,33.176002502441406,61.0,0.0,1.9,6.4,20.8
20250508200000,32.0260009765625,66.0,0.0,1.9,7.3,25.6
20250508200100,32.0260009765625,66.0,0.0,1.3,7.0,15.8
20250508200200,32.0260009765625,66.0,0.0,0.1,7.0,16.1
20250508200300,32.0260009765625,66.0,0.0,1.9,6.7,23.7
20250508200400,32.0260009765625,66.0,0.0,1.8,6.4,39.1
20250508200500,32.0260009765625,66.0,0.0,0.8,6.5,21.9
20250508200600,32.0260009765625,66.0,0.0,1.7,7.3,18.5
20250508200700,32.0260009765625,66.0,0.0,2.0,6.2,29.4
20250508200800,32.0260009765625,66.0,0.0,0.2,6.3,39.5
20250508200900,32.0260009765625,66.0,0.0,1.1,6.4,15.1
20250508201000,32.0260009765625,66.0,0.0,1.4,7.1,24.1
20250508201100,32.0260009765625,66.0,0.0,1.0,6.5,28.2
20250508201200,32.0260009765625,66.0,0.0,0.5,6.1,30.7
20250508201300,32.0260009765625,66.0,0.0,1.6,7.1,26.3
20250508201400,32.0260009765625,66.0,0.0,0.9,6.4,31.5
20250508201500,32.0260009765625,66.0,0.0,0.5,7.3,30.8
20250508201600,32.0260009765625,66.0,0.0,1.4,6.4,32.8
20250508201700,32.0260009765625,66.0,0.0,0.6,7.4,38.2
20250508201800,32.0260009765625,66.0,0.0,0.6,7.5,25.1
20250508201900,32.0260009765625,66.0,0.0,0.8,7.4,18.3
20250508202000,32.0260009765625,66.0,0.0,0.3,7.1,37.1
20250508202100,32.0260009765625,66.0,0.0,0.9,6.7,18.9
20250508202200,32.0260009765625,66.0,0.0,1.7,6.1,22.6
20250508202300,32.0260009765625,66.0,0.0,0.8,6.3,23.5
20250508202400,32.0260009765625,66.0,0.0,1.4,6.5,38.5
20250508202500,32.0260009765625,66.0,0.0,0.9,6.4,37.2
20250508202600,32.0260009765625,66.0,0.0,1.1,7.1,36.7
20250508202700,32.0260009765625,66.0,0.0,0.3,7.4,26.3
20250508202800,32.0260009765625,66.0,0.0,0.4,6.9,37.2
20250508202900,32.0260009765625,66.0,0.0,2.0,6.0,26.5
20250508203000,32.0260009765625,66.0,0.0,0.9,6.6,37.5
20250508203100,32.0260009765625,66.0,0.0,0.8,6.5,24.5
20250508203200,32.0260009765625,66.0,0.0,0.2,6.3,27.0
20250508203300,32.0260009765625,66.0,0.0,0.3,7.3,19.2
20250508203400,32.0260009765625,66.0,0.0,0.8,6.0,30.0
20250508203500,32.0260009765625,66.0,0.0,1.4,6.3,16.6
20250508203600,32.0260009765625,66.0,0.0,1.6,6.1,28.1
20250508203700,32.0260009765625,66.0,0.0,0.7,6.0,37.6
20250508203800,32.0260009765625,66.0,0.0,1.2,6.6,28.4
20250508203900,32.0260009765625,66.0,0.0,0.9,6.1,35.5
20250508204000,32.0260009765625,66.0,0.0,1.1,6.5,17.8
20250508204100,32.0260009765625,66.0,0.0,0.3,6.7,32.3
20250508204200,32.0260009765625,66.0,0.0,0.9,7.1,18.7
20250508204300,32.0260009765625,66.0,0.0,0.8,6.7,35.9
20250508204400,32.0260009765625,66.0,0.0,1.5,6.4,16.7
20250508204500,32.0260009765625,66.0,0.0,1.5,7.2,28.7
20250508204600,32.0260009765625,66.0,0.0,0.2,7.1,29.9
20250508204700,32.0260009765625,66.0,0.0,1.9,6.1,30.8
20250508204800,32.0260009765625,66.0,0.0,1.3,6.9,39.7
20250508204900,32.0260009765625,66.0,0.0,1.6,7.4,22.2
20250508205000,32.0260009765625,66.0,0.0,0.1,6.1,24.1
20250508205100,32.0260009765625,66.0,0.0,1.6,7.4,15.9
20250508205200,32.0260009765625,66.0,0.0,1.4,6.0,24.0
20250508205300,32.0260009765625,66.0,0.0,0.8,7.4,29.7
20250508205400,32.0260009765625,66.0,0.0,0.0,6.4,36.6
20250508205500,32.0260009765625,66.0,0.0,0.5,6.1,27.4
20250508205600,32.0260009765625,66.0,0.0,0.1,6.7,32.8
20250508205700,32.0260009765625,66.0,0.0,1.5,6.9,28.2
20250508205800,32.0260009765625,66.0,0.0,1.6,7.5,39.1
20250508205900,32.0260009765625,66.0,0.0,1.2,7.4,19.1
20250508210000,30.72599983215332,71.0,0.0,0.9,6.3,33.8
20250508210100,30.72599983215332,71.0,0.0,1.1,6.0,33.7
20250508210200,30.72599983215332,71.0,0.0,1.8,7.4,37.9
20250508210300,30.72599983215332,71.0,0.0,0.7,6.6,24.1
20250508210400,30.72599983215332,71.0,0.0,1.4,7.5,26.0
20250508210500,30.72599983215332,71.0,0.0,1.6,7.4,17.3
20250508210600,30.72599983215332,71.0,0.0,1.1,7.5,22.1
20250508210700,30.72599983215332,71.0,0.0,0.9,6.5,36.3
20250508210800,30.72599983215332,71.0,0.0,0.6,6.9,16.2
20250508210900,30.72599983215332,71.0,0.0,1.7,7.0,24.3
20250508211000,30.72599983215332,71.0,0.0,0.4,6.7,15.4
20250508211100,30.72599983215332,71.0,0.0,1.3,6.7,19.9
20250508211200,30.72599983215332,71.0,0.0,2.0,7.0,16.0
20250508211300,30.72599983215332,71.0,0.0,0.8,6.2,19.2
20250508211400,30.72599983215332,71.0,0.0,0.7,7.3,35.9
20250508211500,30.72599983215332,71.0,0.0,1.0,6.1,34.7
20250508211600,30.72599983215332,71.0,0.0,0.1,6.1,16.4
20250508211700,30.72599983215332,71.0,0.0,0.4,7.3,29.0
20250508211800,30.72599983215332,71.0,0.0,0.8,6.2,28.8
20250508211900,30.72599983215332,71.0,0.0,0.1,6.4,24.2
20250508212000,30.72599983215332,71.0,0.0,1.4,7.1,39.0
20250508212100,30.72599983215332,71.0,0.0,1.2,7.3,39.1
20250508212200,30.72599983215332,71.0,0.0,1.0,6.9,30.9
20250508212300,30.72599983215332,71.0,0.0,1.6,7.2,37.9
20250508212400,30.72599983215332,71.0,0.0,1.8,6.9,27.0
20250508212500,30.72599983215332,71.0,0.0,0.0,7.3,33.2
20250508212600,30.72599983215332,71.0,0.0,0.5,6.3,34.7
20250508212700,30.72599983215332,71.0,0.0,1.2,7.1,21.7
20250508212800,30.72599983215332,71.0,0.0,1.3,6.9,21.7
20250508212900,30.72599983215332,71.0,0.0,1.8,7.0,35.7
20250508213000,30.72599983215332,71.0,0.0,0.8,6.0,20.5
20250508213100,30.72599983215332,71.0,0.0,0.7,7.2,37.4
20250508213200,30.72599983215332,71.0,0.0,1.4,6.4,34.7
20250508213300,30.72599983215332,71.0,0.0,0.1,6.1,35.9
20250508213400,30.72599983215332,71.0,0.0,1.4,7.5,35.8
20250508213500,30.72599983215332,71.0,0.0,1.9,6.1,35.5
20250508213600,30.72599983215332,71.0,0.0,0.0,7.2,36.1
20250508213700,30.72599983215332,71.0,0.0,1.4,6.5,26.3
20250508213800,30.72599983215332,71.0,0.0,0.2,6.2,26.5
20250508213900,30.72599983215332,71.0,0.0,1.8,6.1,36.2
20250508214000,30.72599983215332,71.0,0.0,0.4,6.2,37.6
20250508214100,30.72599983215332,71.0,0.0,0.7,6.2,17.1
20250508214200,30.72599983215332,71.0,0.0,1.2,7.4,33.2
20250508214300,30.72599983215332,71.0,0.0,0.0,7.3,26.0
20250508214400,30.72599983215332,71.0,0.0,1.0,7.3,39.3
20250508214500,30.72599983215332,71.0,0.0,1.7,6.7,20.7
20250508214600,30.72599983215332,71.0,0.0,0.8,6.5,31.2
20250508214700,30.72599983215332,71.0,0.0,1.1,7.5,29.5
20250508214800,30.72599983215332,71.0,0.0,1.8,6.3,33.4
20250508214900,30.72599983215332,71.0,0.0,1.6,6.7,31.0
20250508215000,30.72599983215332,71.0,0.0,0.3,6.3,35.8
20250508215100,30.72599983215332,71.0,0.0,0.3,6.7,34.4
20250508215200,30.72599983215332,71.0,0.0,2.0,6.7,30.1
20250508215300,30.72599983215332,71.0,0.0,1.0,6.8,24.9
20250508215400,30.72599983215332,71.0,0.0,1.2,7.3,25.5
20250508215500,30.72599983215332,71.0,0.0,0.7,6.5,15.7
20250508215600,30.72599983215332,71.0,0.0,1.5,6.6,29.5
20250508215700,30.72599983215332,71.0,0.0,1.8,7.4,18.6
20250508215800,30.72599983215332,71.0,0.0,0.7,6.9,19.7
20250508215900,30.72599983215332,71.0,0.0,1.6,6.9,20.5
20250508220000,29.67599868774414,75.0,0.0,0.7,7.2,23.3
20250508220100,29.67599868774414,75.0,0.0,0.8,7.2,28.0
20250508220200,29.67599868774414,75.0,0.0,1.6,7.0,25.7
20250508220300,29.67599868774414,75.0,0.0,0.6,6.3,15.3
20250508220400,29.67599868774414,75.0,0.0,0.2,7.1,17.0
20250508220500,29.67599868774414,75.0,0.0,0.9,6.3,18.2
20250508220600,29.67599868774414,75.0,0.0,0.5,7.1,36.3
20250508220700,29.67599868774414,75.0,0.0,0.6,6.3,18.2
20250508220800,29.67599868774414,75.0,0.0,0.6,7.4,27.4
20250508220900,29.67599868774414,75.0,0.0,0.9,6.1,27.9
20250508221000,29.67599868774414,75.0,0.0,0.0,6.8,17.5
20250508221100,29.67599868774414,75.0,0.0,1.3,7.5,19.9
20250508221200,29.67599868774414,75.0,0.0,0.9,7.3,38.1
20250508221300,29.67599868774414,75.0,0.0,1.0,6.6,33.4
20250508221400,29.67599868774414,75.0,0.0,0.7,7.5,18.2
20250508221500,29.67599868774414,75.0,0.0,1.0,6.7,27.5
20250508221600,29.67599868774414,75.0,0.0,0.0,7.2,37.8
20250508221700,29.67599868774414,75.0,0.0,1.4,6.8,30.3
20250508221800,29.67599868774414,75.0,0.0,0.2,6.6,39.1
20250508221900,29.67599868774414,75.0,0.0,1.5,6.4,28.6
20250508222000,29.67599868774414,75.0,0.0,0.3,7.5,20.7
20250508222100,29.67599868774414,75.0,0.0,1.6,6.9,35.5
20250508222200,29.67599868774414,75.0,0.0,0.7,7.3,15.9
20250508222300,29.67599868774414,75.0,0.0,1.4,6.6,23.2
20250508222400,29.67599868774414,75.0,0.0,1.2,7.2,24.1
20250508222500,29.67599868774414,75.0,0.0,1.3,6.3,25.8
20250508222600,29.67599868774414,75.0,0.0,1.0,7.1,33.3
20250508222700,29.67599868774414,75.0,0.0,0.1,6.2,28.4
20250508222800,29.67599868774414,75.0,0.0,1.9,6.0,35.1
20250508222900,29.67599868774414,75.0,0.0,0.4,7.0,29.2
20250508223000,29.67599868774414,75.0,0.0,0.2,7.0,28.8
20250508223100,29.67599868774414,75.0,0.0,1.7,6.6,27.2
20250508223200,29.67599868774414,75.0,0.0,1.7,7.0,15.7
20250508223300,29.67599868774414,75.0,0.0,1.5,6.7,37.4
20250508223400,29.67599868774414,75.0,0.0,1.8,6.6,29.9
20250508223500,29.67599868774414,75.0,0.0,0.0,7.0,35.9
20250508223600,29.67599868774414,75.0,0.0,1.3,6.9,39.7
20250508223700,29.67599868774414,75.0,0.0,1.7,6.8,15.3
20250508223800,29.67599868774414,75.0,0.0,1.5,6.4,31.4
20250508223900,29.67599868774414,75.0,0.0,0.8,7.3,30.2
20250508224000,29.67599868774414,75.0,0.0,0.8,6.7,37.7
20250508224100,29.67599868774414,75.0,0.0,0.6,6.0,28.0
20250508224200,29.67599868774414,75.0,0.0,0.5,7.4,15.9
20250508224300,29.67599868774414,75.0,0.0,0.4,7.1,15.5
20250508224400,29.67599868774414,75.0,0.0,1.9,6.1,33.4
20250508224500,29.67599868774414,75.0,0.0,0.3,6.9,33.5
20250508224600,29.67599868774414,75.0,0.0,0.6,6.1,36.9
20250508224700,29.67599868774414,75.0,0.0,1.1,6.3,17.3
20250508224800,29.67599868774414,75.0,0.0,1.0,6.3,29.3
20250508224900,29.67599868774414,75.0,0.0,1.6,7.2,23.9
20250508225000,29.67599868774414,75.0,0.0,0.3,6.2,37.6
20250508225100,29.67599868774414,75.0,0.0,0.8,7.0,33.7
20250508225200,29.67599868774414,75.0,0.0,1.9,6.8,34.4
20250508225300,29.67599868774414,75.0,0.0,1.8,7.2,19.0
20250508225400,29.67599868774414,75.0,0.0,1.4,6.2,15.8
20250508225500,29.67599868774414,75.0,0.0,1.1,7.5,25.4
20250508225600,29.67599868774414,75.0,0.0,0.2,6.3,31.7
20250508225700,29.67599868774414,75.0,0.0,1.2,6.2,39.1
20250508225800,29.67599868774414,75.0,0.0,1.2,7.0,18.7
20250508225900,29.67599868774414,75.0,0.0,1.7,7.1,32.1
20250508230000,29.025999069213867,78.0,0.0,0.4,6.5,19.3
20250508230100,29.025999069213867,78.0,0.0,1.6,6.2,34.1
20250508230200,29.025999069213867,78.0,0.0,0.7,7.2,20.9
20250508230300,29.025999069213867,78.0,0.0,1.0,7.2,30.8
20250508230400,29.025999069213867,78.0,0.0,1.2,7.2,38.1
20250508230500,29.025999069213867,78.0,0.0,1.9,6.3,32.6
20250508230600,29.025999069213867,78.0,0.0,0.3,7.3,38.8
20250508230700,29.025999069213867,78.0,0.0,1.3,7.4,35.5
20250508230800,29.025999069213867,78.0,0.0,1.5,6.1,19.0
20250508230900,29.025999069213867,78.0,0.0,0.1,6.9,39.1
20250508231000,29.025999069213867,78.0,0.0,2.0,6.1,32.6
20250508231100,29.025999069213867,78.0,0.0,1.9,6.0,35.2
20250508231200,29.025999069213867,78.0,0.0,1.7,6.3,28.8
20250508231300,29.025999069213867,78.0,0.0,0.8,7.4,24.7
20250508231400,29.025999069213867,78.0,0.0,1.5,6.6,37.1
20250508231500,29.025999069213867,78.0,0.0,0.7,6.5,29.0
20250508231600,29.025999069213867,78.0,0.0,1.8,7.3,26.0
20250508231700,29.025999069213867,78.0,0.0,1.5,6.1,19.8
20250508231800,29.025999069213867,78.0,0.0,0.1,7.0,35.8
20250508231900,29.025999069213867,78.0,0.0,1.8,6.3,31.0
20250508232000,29.025999069213867,78.0,0.0,0.5,7.1,15.5
20250508232100,29.025999069213867,78.0,0.0,0.4,7.1,34.4
20250508232200,29.025999069213867,78.0,0.0,1.6,6.8,30.7
20250508232300,29.025999069213867,78.0,0.0,1.2,6.5,29.1
20250508232400,29.025999069213867,78.0,0.0,0.4,7.3,30.3
20250508232500,29.025999069213867,78.0,0.0,0.4,6.5,38.4
20250508232600,29.025999069213867,78.0,0.0,0.1,7.1,22.6
20250508232700,29.025999069213867,78.0,0.0,0.8,6.5,24.4
20250508232800,29.025999069213867,78.0,0.0,1.1,7.4,26.8
20250508232900,29.025999069213867,78.0,0.0,1.7,7.0,37.2
20250508233000,29.025999069213867,78.0,0.0,0.9,7.1,34.4
20250508233100,29.025999069213867,78.0,0.0,1.7,6.0,17.6
20250508233200,29.025999069213867,78.0,0.0,1.0,6.8,20.4
20250508233300,29.025999069213867,78.0,0.0,1.3,6.6,33.9
20250508233400,29.025999069213867,78.0,0.0,1.2,7.0,36.2
20250508233500,29.025999069213867,78.0,0.0,1.7,7.0,32.0
20250508233600,29.025999069213867,78.0,0.0,1.6,6.3,19.4
20250508233700,29.025999069213867,78.0,0.0,1.1,6.0,25.5
20250508233800,29.025999069213867,78.0,0.0,0.7,6.9,19.5
20250508233900,29.025999069213867,78.0,0.0,0.3,7.2,37.5
20250508234000,29.025999069213867,78.0,0.0,1.5,6.0,24.7
20250508234100,29.025999069213867,78.0,0.0,1.9,6.2,17.7
20250508234200,29.025999069213867,78.0,0.0,1.0,6.3,29.2
20250508234300,29.025999069213867,78.0,0.0,0.4,6.5,29.6
20250508234400,29.025999069213867,78.0,0.0,0.5,6.2,18.7
20250508234500,29.025999069213867,78.0,0.0,2.0,6.3,24.0
20250508234600,29.025999069213867,78.0,0.0,1.1,7.2,26.2
20250508234700,29.025999069213867,78.0,0.0,0.4,7.3,28.5
20250508234800,29.025999069213867,78.0,0.0,0.5,6.0,18.3
20250508234900,29.025999069213867,78.0,0.0,1.4,6.8,27.8
20250508235000,29.025999069213867,78.0,0.0,0.8,7.1,22.1
20250508235100,29.025999069213867,78.0,0.0,1.7,7.2,30.4
20250508235200,29.025999069213867,78.0,0.0,0.8,6.3,25.0
20250508235300,29.025999069213867,78.0,0.0,1.8,7.3,19.1
20250508235400,29.025999069213867,78.0,0.0,0.2,6.6,22.2
20250508235500,29.025999069213867,78.0,0.0,1.4,7.3,27.9
20250508235600,29.025999069213867,78.0,0.0,0.8,7.3,24.3
20250508235700,29.025999069213867,78.0,0.0,0.2,6.7,33.6
20250508235800,29.025999069213867,78.0,0.0,0.1,6.8,24.7
20250508235900,29.025999069213867,78.0,0.0,0.4,6.8,38.3
